session,flight,bin,T_ms,status,airborne,n_detected,n_ideal_cadence,position_error_mm,velocity_error_mm_s,hit_miss_match,latency_ms,latency_feasible,last_pair_detect_ms,triangulate_ms,ransac_ms,predict_ms
2026_07_15_gym,flight_11,LOB,150,ok,True,10,9.0,281.06567501784946,252.94643908653373,True,139.07196266731867,True,14.883278000168502,0.05162900034338236,85.88487000018358,21.585518999956548
2026_07_15_gym,flight_11,LOB,200,ok,True,13,12.0,517.4444805725651,381.7650117368319,True,152.03751866860935,True,14.938463000580668,0.0837780013680458,96.83896300010383,23.50964799989015
2026_07_15_gym,flight_11,LOB,250,ok,True,16,14.999999999999998,634.8467340395267,466.2604068729317,True,157.77379766634354,True,14.82057400047779,0.08861200045794249,105.35424099955708,20.843703999184072
2026_07_15_gym,flight_11,LOB,300,ok,True,19,18.0,418.504476870672,337.3726834139691,True,171.32322266666839,True,14.855610999278724,0.09694500081241131,117.10672200005502,22.597277999855578
2026_07_15_gym,flight_11,LOB,350,ok,True,22,21.0,432.381883507743,308.86857728668963,True,228.93692566516498,True,14.811258998699486,0.10207400005310774,179.98007399961352,17.376852000132203
2026_07_15_gym,flight_11,LOB,400,ok,True,24,24.0,475.8059699258787,337.9704730885317,True,181.44755466437587,True,14.92990699969232,0.11029599979519844,129.86462999973446,19.876054998487234
2026_07_15_gym,flight_11,LOB,450,ok,True,26,26.999999999999996,347.610891531915,253.64757328780422,True,193.5148156673337,True,14.931166999973357,0.11163000017404556,140.61396300047636,21.191389000043273
2026_07_15_gym,flight_11,LOB,490,ok,True,27,29.4,96.80852222191234,132.6481819594528,True,194.2197956663246,True,14.80870399903506,0.11166600044816732,141.14825899992138,21.48450000025332
2026_07_15_gym,flight_11,LOB,500,ok,True,28,29.999999999999996,395.670810344766,277.16200539423613,True,201.37829666646817,True,14.826555999927223,0.11601899936795235,148.88399999961257,20.88505500089377
2026_07_15_gym,flight_11,LOB,550,ok,True,29,33.0,302.7425136433336,204.43061256723624,True,211.44240766732642,True,15.316389000043273,0.1168150007724762,157.80333299934864,21.539204000495374
2026_07_15_gym,flight_11,LOB,600,ok,True,31,36.0,233.36909979686834,245.16882397592062,True,234.42659366565445,True,14.915074000135064,0.12146299984306097,180.13151899911463,22.591870999895036
2026_07_15_gym,flight_11,LOB,650,ok,True,34,39.0,147.3501884798454,204.26573048786963,True,227.7511476666356,True,14.800665999762714,0.12998099997639656,178.4617230007425,17.69211099948734
2026_07_15_gym,flight_11,LOB,700,ok,True,37,42.0,166.61972014600377,202.9200327211747,True,233.9925566666449,True,14.680908000096679,0.13487099949270487,183.00929600000381,19.500815000385046
2026_07_15_gym,flight_11,LOB,750,ok,True,40,45.0,178.17339630042835,207.32130800691505,True,229.7619626658658,True,14.967240000143647,0.13914799969643354,178.07757399976254,19.911333999596536
2026_07_15_gym,flight_11,LOB,800,ok,True,43,48.0,168.72363406538724,196.74776544392859,True,255.48475766616562,True,14.9512959998101,0.15731399971991777,203.4102590000257,20.299221999943256
2026_07_15_gym,flight_11,LOB,850,ok,True,45,50.99999999999999,159.06926164022346,169.70238031414402,True,247.93833366750428,True,14.626443999819458,0.1495559997856617,196.30364800058305,20.192019000649452
2026_07_15_gym,flight_11,LOB,900,ok,True,47,53.99999999999999,169.67786756634356,176.9440279058832,True,260.8236676656331,True,14.846222999505699,0.1552590001374483,208.54855599999428,20.60696299932897
2026_07_15_gym,flight_11,LOB,950,ok,True,48,56.99999999999999,130.78789906763507,155.24779667408885,True,255.17005666686842,True,14.751036999747157,0.15557400044053793,202.76694499980658,20.829834000207484
2026_07_15_gym,flight_11,LOB,1000,ok,True,49,59.99999999999999,166.3699533546066,174.48763897764866,True,291.9303896666194,True,15.026112000457942,0.1588340001180768,239.05977699998766,21.018999999389052
2026_07_15_gym,flight_11,LOB,1050,ok,True,52,62.99999999999999,189.58229881409937,212.15790390719033,True,359.58109266559285,True,15.106185000389814,0.165629998780787,306.4160920009017,21.226518998853862
2026_07_15_gym,flight_11,LOB,1100,ok,True,54,66.0,178.22895758335034,180.76378024097679,True,374.69842566518736,True,14.781592999584973,0.17055500019341707,319.6002959990874,23.47931499965489
2026_07_15_gym,flight_11,LOB,1150,ok,True,54,69.0,178.22895758335034,180.76378024097679,True,374.87822266543907,True,14.781592999584973,0.16942599974572659,319.785445000045,23.475091999396682
2026_07_15_gym,flight_11,LOB,1200,ok,True,54,72.0,178.22895758335034,180.76378024097679,True,374.2893506657953,True,14.781592999584973,0.16957399994134903,319.22474000044167,23.446776999160647
2026_07_15_gym,flight_11,LOB,1250,ok,False,56,75.0,190.90032122929097,180.68495051090505,True,295.25177866655093,True,14.880315000191331,0.1739259995520115,247.7270560003817,15.803814999759197
2026_07_15_gym,flight_12,LOB,150,ok,True,10,9.0,904.6946016998746,571.581427846345,True,149.04279566711435,True,14.805592000484467,0.04514800012111664,88.46474099997431,29.060647999867797
2026_07_15_gym,flight_12,LOB,200,ok,True,13,12.0,673.4954206243455,571.0098561370686,True,160.05762966598073,True,14.802426000125706,0.08346300013363361,102.02831499930471,26.476758999750018
2026_07_15_gym,flight_12,LOB,250,ok,True,15,14.999999999999998,936.1196194275327,578.2922761723494,True,160.65398266880462,True,14.784889000467956,0.08859300054609776,100.87044500093907,28.243389000184834
2026_07_15_gym,flight_12,LOB,300,ok,True,18,18.0,404.16828691996653,386.96077399503037,True,172.51638866743693,True,14.864444000646472,0.09638799913227558,115.71248200070113,25.176408000290394
2026_07_15_gym,flight_12,LOB,350,ok,True,21,21.0,430.8020011654779,429.12207469526464,True,188.87881466808417,True,15.0628890004009,0.10142599977552891,130.9514810005203,26.0963520007208
2026_07_15_gym,flight_12,LOB,400,ok,True,23,24.0,302.6759546341437,212.92841440450178,True,193.41255466702083,True,15.246573999524117,0.10394399985671043,134.08750000037253,27.307870000600815
2026_07_15_gym,flight_12,LOB,450,ok,True,26,26.999999999999996,618.0402463477477,695.0605914917,True,206.22598166732737,True,15.19827700033784,0.11024100054055452,150.51525999978185,23.735537000000477
2026_07_15_gym,flight_12,LOB,490,ok,True,28,29.4,1193.1703235055247,854.7974488631886,False,217.44601866758117,True,15.00831500068307,0.11266699898988008,160.7707960009575,24.887574000284076
2026_07_15_gym,flight_12,LOB,500,ok,True,29,29.999999999999996,207.7601224074395,168.41227210512275,True,212.70996166734645,True,14.835648000240326,0.11751800123602152,158.31961099989712,22.77051799930632
2026_07_15_gym,flight_12,LOB,550,ok,True,32,33.0,1004.2926588140838,1010.2847492245666,False,198.91533466490606,True,14.86401899997145,0.12468599993735552,142.8999999994412,24.359962998889387
2026_07_15_gym,flight_12,LOB,600,ok,True,35,36.0,121.91748263886753,88.73894444621152,True,253.00455466719964,True,14.782722000032663,0.13061099965125322,195.50453700032085,25.920018000528216
2026_07_15_gym,flight_12,LOB,650,ok,True,38,39.0,164.82007291209663,96.79144938630867,True,229.86261066577086,True,15.089499999769032,0.13464799989014864,171.5435370001942,26.42825899925083
2026_07_15_gym,flight_12,LOB,700,ok,True,41,42.0,189.7309099566257,127.45804849940649,True,245.40610966614136,True,14.733981000259519,0.1404619999229908,195.78942599985749,18.07557399943471
2026_07_15_gym,flight_12,LOB,750,ok,True,44,45.0,89.91664221690115,75.6078903864727,True,248.1486846661816,True,14.974758999422193,0.1472960002720356,195.6658330000937,20.69412999972701
2026_07_15_gym,flight_12,LOB,800,ok,True,47,48.0,76.3185557931061,65.16967913610415,True,249.2745366670812,True,14.742370000109076,0.15353700052946806,196.73422199953347,20.97774100024253
2026_07_15_gym,flight_12,LOB,850,ok,True,49,50.99999999999999,40.194300011494896,69.49314102276479,True,268.4363146663333,True,14.966962999664247,0.15853700041770935,215.300241000019,21.34390699956566
2026_07_15_gym,flight_12,LOB,900,fit_failed,True,52,53.99999999999999,,,,,,,,,
2026_07_15_gym,flight_12,LOB,950,ok,True,55,56.99999999999999,156.7931465507406,118.74549450868952,True,293.8932956677551,True,14.704537000507116,0.17036999948322773,240.6678880006075,21.683834000490606
2026_07_15_gym,flight_12,LOB,1000,ok,True,58,59.99999999999999,170.80643098160417,130.27159038328017,True,352.64401766533655,True,14.92918499931693,0.17546300031244755,299.00059199985117,21.872110999189317
2026_07_15_gym,flight_12,LOB,1050,ok,True,61,62.99999999999999,64.30696050316706,63.0667472619698,True,285.1333696662138,True,15.231277999468148,0.1827219994738698,228.45031500048935,24.602388000115752
2026_07_15_gym,flight_12,LOB,1100,fit_failed,True,64,66.0,,,,,,,,,
2026_07_15_gym,flight_12,LOB,1150,ok,True,67,69.0,35.156961907165396,61.90649077867016,True,299.15248066714656,True,14.869000000879169,0.19409199990332127,242.24090699944645,25.181815000250936
2026_07_15_gym,flight_12,LOB,1200,fit_failed,True,69,72.0,,,,,,,,,
2026_07_15_gym,flight_12,LOB,1250,ok,True,72,75.0,73.29283013208665,53.45919181067318,True,363.7375546662758,True,14.97611099947244,0.20596299972385168,306.14516599942,25.743648000992835
2026_07_15_gym,flight_14,LOB,150,ok,True,10,9.0,619.2483241057254,658.161712438879,False,143.97483466627696,True,15.151871000416577,0.04627799987792969,90.60751899983734,21.50249999947846
2026_07_15_gym,flight_14,LOB,200,ok,True,13,12.0,388.41370622317703,359.8332733490665,True,155.52496266613403,True,14.879462999291718,0.0844809990376234,100.61607400048524,23.27827800065279
2026_07_15_gym,flight_14,LOB,250,ok,True,15,14.999999999999998,388.4133193731148,359.8337391364038,True,159.25381366784373,True,15.045684999786317,0.08901800028979778,107.06675900053233,20.38568500056863
2026_07_15_gym,flight_14,LOB,300,ok,True,18,18.0,125.63768290405825,109.43846101465815,True,175.3532956658552,True,14.657518999651074,0.09612900018692017,121.47123999986798,22.461740999482572
2026_07_15_gym,flight_14,LOB,350,ok,True,21,21.0,159.56676082908058,165.45512953925467,True,180.92874066873142,True,14.895296000875533,0.10250000096857548,125.70388900022954,23.56038899999112
2026_07_15_gym,flight_14,LOB,400,ok,True,24,24.0,117.922526165536,128.89088829524547,True,177.1247966668258,True,14.799684999510646,0.10961100086569786,124.9444629997015,20.6043710000813
2026_07_15_gym,flight_14,LOB,450,ok,True,27,26.999999999999996,156.93481474188317,148.88649137417593,True,192.62109266749272,True,15.104203999973834,0.11327800061553717,139.71657400019467,21.02037000004202
2026_07_15_gym,flight_14,LOB,490,ok,True,29,29.4,168.13316922405312,155.4212819920215,True,245.6383506671215,True,14.785741000436246,0.11736999917775393,192.58544400054961,21.48312900029123
2026_07_15_gym,flight_14,LOB,500,ok,True,30,29.999999999999996,157.0694106130196,147.6473211938442,True,202.2204796678076,True,15.078370000235736,0.12051799986511469,148.96748100034893,21.387444000691175
2026_07_15_gym,flight_14,LOB,550,ok,True,33,33.0,156.93872210879135,150.3404766167941,True,212.74959266620377,True,14.837555999867618,0.1289079999551177,159.01840700022876,22.098054999485612
2026_07_15_gym,flight_14,LOB,600,ok,True,36,36.0,134.61750561271444,134.07570372183275,True,224.97320266688862,True,14.775315000675619,0.1319439997896552,169.08792500011623,24.311351999640465
2026_07_15_gym,flight_14,LOB,650,ok,True,39,39.0,106.00517773107836,108.17897539384816,True,227.69672266642252,True,15.151796999387443,0.1381669994443655,178.66585200000554,17.074240000918508
2026_07_15_gym,flight_14,LOB,700,ok,True,42,42.0,179.15931117358951,167.00000001508442,True,271.5420746651168,True,15.063408000394702,0.14472199883311987,220.36286999937147,19.30440799985081
2026_07_15_gym,flight_14,LOB,750,ok,True,45,45.0,123.63444414499264,127.29782148711772,True,234.86286866633841,True,14.926443999633193,0.14896300062537193,183.6047399993986,19.516055000014603
2026_07_15_gym,flight_14,LOB,800,ok,True,48,48.0,105.06155661151196,114.32272935184199,True,255.9044236668075,True,14.947703001089394,0.15562899969518185,204.3837589994073,19.75066599994898
2026_07_15_gym,flight_14,LOB,850,ok,True,51,50.99999999999999,101.20059791376005,110.39084102924917,True,293.83396366766345,True,14.696445001289248,0.16220400016754866,242.11614800058305,20.19249999895692
2026_07_15_gym,flight_14,LOB,900,ok,True,54,53.99999999999999,95.59002617635316,110.33284267084915,True,275.939907667848,True,14.854260000400245,0.16638900060206652,223.69609200023115,20.556499999947846
2026_07_15_gym,flight_14,LOB,950,ok,True,57,56.99999999999999,103.44433017459752,121.05523059636103,True,307.24059266845387,True,14.65894400049001,0.17344400007277727,254.96879700105637,20.772741000168025
2026_07_15_gym,flight_14,LOB,1000,ok,True,59,59.99999999999999,121.94558402652923,133.60090379846034,True,299.70740566464764,True,14.656832999549806,0.17753699980676174,247.17105499934405,21.035313999280334
2026_07_15_gym,flight_14,LOB,1050,ok,True,60,62.99999999999999,73.75680402567549,98.57892364067436,True,280.3790926669414,True,15.208463000133634,0.18081500008702278,225.39451800007373,22.92862999998033
2026_07_15_gym,flight_14,LOB,1100,ok,True,63,66.0,79.38798604791012,100.3530275956996,True,283.6366296686853,True,14.850871000438929,0.18614799994975328,228.5378890009597,23.395055000670254
2026_07_15_gym,flight_14,LOB,1150,ok,True,66,69.0,79.38798599240711,100.35302752930399,True,321.0393136662121,True,14.992463001050055,0.19323999993503094,265.30194399971515,23.88499999884516
2026_07_15_gym,flight_14,LOB,1200,ok,True,69,72.0,82.99886492331345,106.31510082339,True,293.55548066521686,True,15.062128999270499,0.20868500042706728,237.3379069995135,24.280092999339104
2026_07_15_gym,flight_14,LOB,1250,ok,True,72,75.0,37.77870171546364,71.51610418210933,True,305.20922366591793,True,14.947851999662817,0.20422299951314926,248.94511099997908,24.445371000096202
2026_07_15_gym,flight_15,LOB,150,fit_failed,True,10,9.0,,,,,,,,,
2026_07_15_gym,flight_15,LOB,200,fit_failed,True,13,12.0,,,,,,,,,
2026_07_15_gym,flight_15,LOB,250,ok,True,16,14.999999999999998,453.024696387481,415.6169896225403,True,170.1150726682196,True,15.120462000370026,0.09637000039219856,104.9585000006482,33.273074000142515
2026_07_15_gym,flight_15,LOB,300,ok,True,19,18.0,342.39414368482636,240.90671937294348,True,173.8487596657748,True,14.647555999457836,0.09438899997621775,117.73142599966377,24.70872200001031
2026_07_15_gym,flight_15,LOB,350,ok,True,22,21.0,311.176746764799,200.9844668525202,True,182.85679566736022,True,14.833630001172423,0.10075899958610535,124.68814800027758,26.567591999657452
2026_07_15_gym,flight_15,LOB,400,ok,True,23,24.0,266.92363696453987,179.13854792364071,True,185.64472166790316,True,14.97374000120908,0.10807400103658438,127.58153699990362,26.314703999087214
2026_07_15_gym,flight_15,LOB,450,ok,True,24,26.999999999999996,396.81510392976855,284.86754290786956,True,199.14326066585878,True,14.77027800027281,0.10555600002408028,137.80512999929488,29.79562999960035
2026_07_15_gym,flight_15,LOB,490,ok,True,26,29.4,481.65442647711956,335.4908474456372,True,196.2870356660957,True,15.056369999423623,0.10925900004804134,140.7810920001939,23.67364799976349
2026_07_15_gym,flight_15,LOB,500,ok,True,27,29.999999999999996,535.2537408788205,377.952802432747,True,202.841165666158,True,14.758443999104202,0.11314800009131432,147.48624000046402,23.816666999831796
2026_07_15_gym,flight_15,LOB,550,ok,True,28,33.0,278.0204431426643,264.41389497194103,True,194.8550726675118,True,14.685833000577986,0.11407400015741587,138.2452400000766,25.14325900003314
2026_07_15_gym,flight_15,LOB,600,ok,True,29,36.0,523.6280812355025,358.52932713857336,True,249.92242666582266,True,15.469463000074029,0.11614799965173006,192.62301899958402,25.04712999984622
2026_07_15_gym,flight_15,LOB,650,ok,True,31,39.0,130.0944996830253,99.42703180392729,True,247.0347026667247,True,14.810054999776185,0.12350000068545341,187.74746300000697,27.687017999589443
2026_07_15_gym,flight_15,LOB,700,ok,True,34,42.0,576.6562184814311,431.5517599130749,True,292.45405466544133,True,14.76463000010699,0.1271110000088811,231.24573999922723,29.64990699943155
2026_07_15_gym,flight_15,LOB,750,ok,True,37,45.0,182.7151158553878,138.397137028953,True,262.21525966438156,True,14.968277999199927,0.1342039993032813,201.91646299883723,28.529648000374436
2026_07_15_gym,flight_15,LOB,800,fit_failed,True,40,48.0,,,,,,,,,
2026_07_15_gym,flight_15,LOB,850,ok,True,43,50.99999999999999,210.31161349224672,146.65533828731117,True,254.28999966445068,True,14.820239999331534,0.14537099935114384,200.2864629998803,22.371258999221027
2026_07_15_gym,flight_15,LOB,900,ok,True,46,53.99999999999999,156.4773020907203,111.25341167926992,True,276.46068466609967,True,14.963111000135541,0.1513889990746975,221.88994400016963,22.789574000053108
2026_07_15_gym,flight_15,LOB,950,ok,True,46,56.99999999999999,156.4773020907203,111.25341167926992,True,276.20551966658485,True,14.963111000135541,0.161981999874115,221.7214820003137,22.692277999594808
2026_07_15_gym,flight_15,LOB,1000,ok,True,48,59.99999999999999,208.34559379769624,145.66724584154724,True,288.52118466670316,True,14.955315000377595,0.15829599928110838,233.32605500053614,23.41485199984163
2026_07_15_gym,flight_15,LOB,1050,ok,True,51,62.99999999999999,65.70164517742647,55.23347551310338,True,326.07201866588247,True,14.780926000326872,0.16055599879473448,270.71072200033814,23.753147999756038
2026_07_15_gym,flight_15,LOB,1100,ok,True,54,66.0,192.8787088456072,141.3654551160971,True,317.05322366642457,True,15.023444999940693,0.1668149996548891,259.06444500014186,26.131852000020444
2026_07_15_gym,flight_15,LOB,1150,ok,True,57,69.0,88.33716000180928,59.247258092858374,True,302.5646656655396,True,14.857832999899983,0.1735000004991889,244.18386999890208,26.68279599957168
2026_07_15_gym,flight_15,LOB,1200,ok,True,60,72.0,143.15719349778047,111.97586214769431,True,355.03153866591555,True,14.793926000595093,0.1789079997688532,296.5293889986351,26.862649000249803
2026_07_15_gym,flight_15,LOB,1250,ok,True,63,75.0,60.84595065904165,13.458686578798206,True,376.508979667599,True,14.907665999606252,0.18433300033211708,317.7278140000999,27.02250000089407
2026_07_15_gym,flight_17,MID,150,ok,True,10,9.0,170.8680020357907,132.36950905382025,True,142.98492566651353,True,14.87387099955231,0.0443139998242259,89.87033300008625,21.529741000384092
2026_07_15_gym,flight_17,MID,200,ok,True,13,12.0,621.8989997079091,473.1997044853373,True,154.18788866574565,True,15.090574000030756,0.0841669999063015,99.27199999988079,23.07448099926114
2026_07_15_gym,flight_17,MID,250,ok,True,15,14.999999999999998,235.16127843172964,133.21026909027725,True,153.69718566692123,True,15.205240999348462,0.08616700023412704,100.99383299984038,20.745278000831604
2026_07_15_gym,flight_17,MID,300,ok,True,18,18.0,185.06809727188863,117.30946662929335,True,167.74359266708294,True,14.762777999974787,0.09313000086694956,114.28292599972337,21.938091999851167
2026_07_15_gym,flight_17,MID,350,ok,True,19,21.0,206.77843520859173,147.09793188840757,True,169.0522596683974,True,15.27914800029248,0.09381500072777271,120.0542040001601,16.95842600055039
2026_07_15_gym,flight_17,MID,400,ok,True,20,24.0,181.81050629367047,128.72540375486287,True,172.8124626657615,True,14.977574000135064,0.09505599923431873,121.24001799989492,19.833147999830544
2026_07_15_gym,flight_17,MID,450,ok,True,21,26.999999999999996,181.81049323863138,128.7254511249433,True,228.47683466846743,True,15.007852000184357,0.09933399967849255,176.0625370014459,20.640445000492036
2026_07_15_gym,flight_17,MID,490,ok,True,21,29.4,181.81049323863138,128.7254511249433,True,228.6040196676428,True,15.007852000184357,0.10251900088042021,176.2032599998638,20.623722000047565
2026_07_15_gym,flight_17,MID,500,ok,True,21,29.999999999999996,181.81049323863138,128.7254511249433,True,228.35877766708532,True,15.007852000184357,0.1014630002900958,176.00988900009543,20.572906999848783
2026_07_15_gym,flight_17,MID,550,ok,True,23,33.0,206.77865262300503,147.09700537309485,True,242.01405466596285,True,15.138221999630332,0.1055739987641573,188.5402400009334,21.56335199996829
2026_07_15_gym,flight_17,MID,600,ok,True,26,36.0,117.27774760616444,162.65116586972448,True,225.47429566613087,True,14.77929599955678,0.11122199986129999,177.74209200032055,16.17501899972558
2026_07_15_gym,flight_17,MID,650,ok,True,26,39.0,117.27774760616444,162.65116586972448,True,225.87588866489628,True,14.77929599955678,0.1109259994700551,178.18881499953568,16.130184999667108
2026_07_15_gym,flight_17,MID,700,ok,True,29,42.0,386.7090475599677,346.500192926057,True,253.32290766822794,True,15.022741001099348,0.11777800042182207,202.73099999967963,18.78472200036049
2026_07_15_gym,flight_17,MID,750,ok,True,32,45.0,134.24787008147135,149.80221115917388,True,294.25224066867185,True,15.186241000890732,0.12253700010478497,243.26435100007802,19.01244500093162
2026_07_15_gym,flight_17,MID,800,ok,True,34,48.0,365.212042423455,346.06369397361897,True,262.9120916683848,True,14.777537000365555,0.12796200066804886,212.03388900030404,19.306037000380456
2026_07_15_gym,flight_17,MID,850,ok,True,35,50.99999999999999,72.05984042451873,135.89994018014036,True,264.5506656660388,True,15.031128999777138,0.13096299953758717,213.32294400036335,19.39896299969405
2026_07_15_gym,flight_17,MID,900,ok,True,38,53.99999999999999,68.4244045373818,56.9442687645621,True,264.50235166649026,True,15.089444000273943,0.13622299954295158,212.57448100019246,20.035536999814212
2026_07_15_gym,flight_17,MID,950,ok,True,41,56.99999999999999,160.59674254182744,162.06046662320935,True,334.1662406685452,True,14.714370000176132,0.14235199987888336,282.4828330008313,20.16001900099218
2026_07_15_gym,flight_17,MID,1000,ok,True,44,59.99999999999999,30.406692751270956,49.07719062793688,True,306.64633366713923,True,15.094426000490785,0.1488699996843934,254.49709300044924,20.239277999848127
2026_07_15_gym,flight_17,MID,1050,ok,True,46,62.99999999999999,60.140275072411924,126.20655584751144,True,343.4790366670738,True,15.036926000379026,0.15236999932676554,289.3383150007576,22.284758999943733
2026_07_15_gym,flight_17,MID,1100,ok,True,47,66.0,59.010623313374886,63.495297782723945,True,293.5416486669953,True,15.185370000079274,0.15503699984401464,238.8560370001942,22.67853800021112
2026_07_15_gym,flight_17,MID,1150,ok,False,50,69.0,55.922034832455495,70.04919714160518,True,343.3137036661307,True,14.805499999783933,0.16135199926793575,296.7543150000274,14.925870000384748
2026_07_15_gym,flight_17,MID,1200,fit_failed,False,53,72.0,,,,,,,,,
2026_07_15_gym,flight_17,MID,1250,ok,False,55,75.0,71.9559076247729,113.35932611673745,True,335.4767036677028,True,15.03846300020814,0.1699449997395277,288.48022200074047,15.121407000347972
2026_07_15_gym,flight_19,LOB,150,ok,True,10,9.0,363.43600773674575,474.4840667357626,True,149.76577666743347,True,14.616573999635875,0.045055000111460686,95.5447960011661,22.892684999853373
2026_07_15_gym,flight_19,LOB,200,ok,True,13,12.0,279.86798640154825,406.83814304507524,True,164.15125966692963,True,15.284481999464333,0.08568500075489283,113.0858890004456,19.028536999598145
2026_07_15_gym,flight_19,LOB,250,ok,True,16,14.999999999999998,216.51460448919045,330.29634606797345,True,162.95975866696486,True,15.21390699967742,0.09107400011271238,108.69183300063014,22.29627799987793
2026_07_15_gym,flight_19,LOB,300,ok,True,19,18.0,318.8586656040132,395.8130751801556,True,185.62185266489783,True,15.048055998980999,0.09853699989616871,130.62799999956042,23.18059299979359
2026_07_15_gym,flight_19,LOB,350,ok,True,22,21.0,57.221367004051785,145.58139306940933,True,193.85200066740313,True,15.006018999963999,0.10414799954742193,141.69764800090343,20.377519000321627
2026_07_15_gym,flight_19,LOB,400,ok,True,25,24.0,42.28938136590197,64.72712822602634,True,199.3284076663355,True,15.265999999828637,0.10996299982070923,146.35772200021893,20.928055999800563
2026_07_15_gym,flight_19,LOB,450,ok,True,28,26.999999999999996,14.020809256622396,36.74076479235152,True,209.65916666636863,True,14.753982000052929,0.11618500016629696,155.74979599937797,22.372537000104785
2026_07_15_gym,flight_19,LOB,490,ok,True,30,29.4,76.5229852285083,64.12440132831895,True,213.36573966654638,True,15.011258999817073,0.11927799973636866,159.4375179996714,22.131018000654876
2026_07_15_gym,flight_19,LOB,500,ok,True,31,29.999999999999996,50.92800248115037,46.146452811530914,True,222.65977666682252,True,14.666702999733388,0.12090699933469296,169.02646300010383,22.179037000983953
2026_07_15_gym,flight_19,LOB,550,ok,True,34,33.0,31.063686876287328,27.97000846198703,True,217.71764766673246,True,14.755222000181675,0.12879600003361702,171.00383300054818,15.163129999302328
2026_07_15_gym,flight_19,LOB,600,ok,True,37,36.0,37.24603009334389,28.577537388226947,True,233.3149266677598,True,14.764259999617934,0.13522300031036139,184.4589250003919,17.289852000772953
2026_07_15_gym,flight_19,LOB,650,ok,True,40,39.0,44.45210017871854,30.38017609286462,True,231.98325966733196,True,15.038685000501573,0.14061200059950352,180.84138899948448,19.29590700007975
2026_07_15_gym,flight_19,LOB,700,ok,True,43,42.0,52.09742056457551,39.976533023022114,True,254.29466566598663,True,14.607703999616206,0.14525900036096573,203.0126289986074,19.862407000735402
2026_07_15_gym,flight_19,LOB,750,ok,True,46,45.0,47.63161553173006,35.743346264237466,True,258.2860546677063,True,14.891889000311494,0.15218500047922134,206.46731400024146,20.10800000000745
2026_07_15_gym,flight_19,LOB,800,ok,True,49,48.0,51.32019924459437,38.56380810704065,True,259.77472066661966,True,14.698184999637306,0.16973999980837107,207.70296300016344,20.53716600034386
2026_07_15_gym,flight_19,LOB,850,ok,True,52,50.99999999999999,31.626673798741198,23.10039669365398,True,281.78298266759765,True,14.78655599988997,0.16577800083905458,229.33785200025886,20.826129999943078
2026_07_15_gym,flight_19,LOB,900,ok,True,55,53.99999999999999,37.39428958123846,27.577437346424947,True,333.133944666634,True,15.13633400015533,0.17166699934750795,280.13399900030345,21.02527800016105
2026_07_15_gym,flight_19,LOB,950,ok,True,58,56.99999999999999,31.60128546459497,22.58190230210281,True,296.6107776683445,True,14.70490700006485,0.17627800069749355,243.6996850008145,21.36324100010097
2026_07_15_gym,flight_19,LOB,1000,ok,True,60,59.99999999999999,70.92744716241143,61.96090798727412,True,344.6025556676711,True,14.98363000061363,0.18070400040596724,291.1867220001295,21.58483299985528
2026_07_15_gym,flight_19,LOB,1050,ok,True,63,62.99999999999999,20.394652495478226,26.934759303491923,True,341.9674626669536,True,14.633814999833703,0.18681499920785427,286.6925550000742,23.78761100117117
2026_07_15_gym,flight_19,LOB,1100,fit_failed,False,66,66.0,,,,,,,,,
2026_07_15_gym,flight_19,LOB,1150,ok,False,68,69.0,6.011719877679084,6.319949624348458,True,333.7519076668347,True,15.024721999652684,0.19725900050252676,286.192908000201,15.670351999811828
2026_07_15_gym,flight_19,LOB,1200,ok,False,70,72.0,379.3079205452066,468.80334928173073,True,279.8349626657243,True,14.714851999655366,0.20161099918186665,232.242314000614,16.00951899960637
2026_07_15_gym,flight_19,LOB,1250,ok,False,72,75.0,39.317102157668785,61.892768051824135,True,334.9242406661312,True,14.900462999939919,0.20631499961018562,286.1373150004074,17.01348099950701
2026_07_15_gym,flight_20,LOB,150,fit_failed,True,10,9.0,,,,,,,,,
2026_07_15_gym,flight_20,LOB,200,fit_failed,True,13,12.0,,,,,,,,,
2026_07_15_gym,flight_20,LOB,250,ok,True,16,14.999999999999998,122.36821431296529,165.51896399054678,True,154.63901866755137,True,14.778389000333846,0.08757400047034025,102.34390700049698,20.762481999583542
2026_07_15_gym,flight_20,LOB,300,ok,True,19,18.0,117.4612098721635,296.24326055548767,True,172.75194466734925,True,15.174389000050724,0.09605500008910894,118.79779700003564,22.017037000507116
2026_07_15_gym,flight_20,LOB,350,ok,True,22,21.0,26.934222341412546,124.03356912593812,True,175.8803876672561,True,14.999240000732243,0.10305599961429834,126.62564799934626,17.485777000896633
2026_07_15_gym,flight_20,LOB,400,ok,True,25,24.0,141.22814819593972,137.77961892057468,True,190.9027236678327,True,14.849666999652982,0.10896300058811903,139.51451900042593,19.76290800049901
2026_07_15_gym,flight_20,LOB,450,ok,True,28,26.999999999999996,160.58993573357455,158.58371151429742,True,192.75907566553602,True,15.089166999794543,0.1156669994816184,140.30398199986666,20.583592999726534
2026_07_15_gym,flight_20,LOB,490,ok,True,30,29.4,103.80332906385564,120.33310394757684,True,200.34505566737303,True,14.949426000006497,0.11881500110030174,147.71624100022018,20.893906999379396
2026_07_15_gym,flight_20,LOB,500,ok,True,31,29.999999999999996,126.20028619840758,132.6281587769649,True,202.75061166627953,True,14.847019000910223,0.12188899889588356,150.14822199940681,20.966815000399947
2026_07_15_gym,flight_20,LOB,550,ok,True,34,33.0,93.78367565386269,122.11641362046842,True,208.72679766795287,True,15.012871000915766,0.1263150004670024,155.25612999964505,21.664815000258386
2026_07_15_gym,flight_20,LOB,600,ok,True,37,36.0,56.02840394310412,171.05625154948544,True,221.7468706673632,True,15.052130000665784,0.14322199951857328,173.48246300034225,16.402389000169933
2026_07_15_gym,flight_20,LOB,650,ok,True,40,39.0,56.470489551959766,82.65588361637434,True,216.1739256667594,True,14.898241000249982,0.1392780002206564,165.53151799924672,18.93822200037539
2026_07_15_gym,flight_20,LOB,700,ok,True,43,42.0,71.60663438794381,165.12774982774866,True,237.30840666561076,True,14.829147999174893,0.1454069996252656,186.86066600028425,18.80651899985969
2026_07_15_gym,flight_20,LOB,750,ok,True,46,45.0,45.6849231166412,63.783601978690704,True,235.65249966612706,True,15.031795999966562,0.1524629993364215,184.8275370001793,18.974036999978125
2026_07_15_gym,flight_20,LOB,800,ok,True,48,48.0,25.746727152290653,84.69232524371826,True,245.01488966650018,True,15.001296000555158,0.15679699927568436,193.72507399972528,19.4650560002774
2026_07_15_gym,flight_20,LOB,850,ok,True,50,50.99999999999999,35.626033384335564,59.6032562870603,True,271.32046266427886,True,14.922777999192476,0.16123999934643507,220.1025369996205,19.46724099945277
2026_07_15_gym,flight_20,LOB,900,ok,True,52,53.99999999999999,29.271438040278237,68.07694568638678,True,335.0817586655418,True,15.07768499944359,0.1641299994662404,283.1413879999891,20.031888999976218
2026_07_15_gym,flight_20,LOB,950,ok,True,55,56.99999999999999,46.48794626249005,123.39582333509475,True,306.4933896676327,True,15.137185000814497,0.17068600095808506,254.21025899983943,20.308592999354005
2026_07_15_gym,flight_20,LOB,1000,ok,True,58,59.99999999999999,10.960223405091359,76.02635471290502,True,271.042518666635,True,14.733222000300884,0.17620400059968233,218.86409300006926,20.602332998998463
2026_07_15_gym,flight_20,LOB,1050,ok,True,61,62.99999999999999,43.81634143851624,75.46612204764644,True,280.0651306665192,True,15.04305600002408,0.18148200027644634,225.88027799967676,22.293647999875247
2026_07_15_gym,flight_20,LOB,1100,ok,True,64,66.0,104.41997272776247,107.26644091943172,True,322.23992466616136,True,14.783869999460876,0.1941660000011325,267.74174099974334,22.85348100028932
2026_07_15_gym,flight_20,LOB,1150,ok,False,67,69.0,22.513827609477406,55.078589960453726,True,325.2201676682259,True,14.915333999320865,0.19400000013411045,280.3292590007186,13.11490800138563
2026_07_15_gym,flight_20,LOB,1200,ok,False,70,72.0,44.10221958682957,84.67676115077165,True,288.0162776686872,True,14.642611000686884,0.1998510006815195,241.382945000194,15.124204000458121
2026_07_15_gym,flight_20,LOB,1250,ok,False,72,75.0,53.857216876940676,101.70065607534349,True,385.02375866627943,True,14.834091999568045,0.20377800054848194,338.21711099985987,15.102110999636352
2026_07_15_gym,flight_21,LOB,150,ok,True,10,9.0,477.73809575534995,380.08756511780956,True,141.46527866615602,True,15.138407999649644,0.04475900065153837,88.09027799963951,21.525166999548674
2026_07_15_gym,flight_21,LOB,200,ok,True,13,12.0,251.69152558640275,218.24581174873532,True,157.1136106668661,True,14.916963000781834,0.0828519994392991,102.18281499948353,23.264314000494778
2026_07_15_gym,flight_21,LOB,250,ok,True,16,14.999999999999998,82.507295336962,129.99130843931465,True,156.5388336662824,True,15.145314999856055,0.08796299993991852,103.84335200022906,20.795536999590695
2026_07_15_gym,flight_21,LOB,300,ok,True,19,18.0,178.09924386242395,184.63372725383726,True,171.42174066479006,True,15.12124100048095,0.09455599915236235,117.5721849994734,21.967091999016702
2026_07_15_gym,flight_21,LOB,350,ok,True,22,21.0,99.0420571612425,109.27672774352115,True,175.24861066571125,True,15.043573999777436,0.10138899926096201,126.00448100082576,17.432499999180436
2026_07_15_gym,flight_21,LOB,400,ok,True,25,24.0,41.407096128955835,39.38133464138456,True,185.74296266740808,True,14.950741001404822,0.10946299973875284,134.1953330002725,19.820758999325335
2026_07_15_gym,flight_21,LOB,450,ok,True,28,26.999999999999996,47.527207881590186,42.458372099934365,True,192.45487166723856,True,14.848760000430048,0.11462999880313873,140.3045370010659,20.52027800027281
2026_07_15_gym,flight_21,LOB,490,ok,True,30,29.4,45.51205849100186,35.5708321418315,True,211.19286966572204,True,14.824165999889374,0.11925899982452393,158.735814999789,20.84696299955249
2026_07_15_gym,flight_21,LOB,500,ok,True,31,29.999999999999996,51.5889789894905,43.04472759060897,True,202.03924166659513,True,14.939371000044048,0.12077799998223782,149.4939630003646,20.818462999537587
2026_07_15_gym,flight_21,LOB,550,ok,True,34,33.0,62.99969331531523,53.47106085775826,True,209.0069626669089,True,15.087536999955773,0.1284630000591278,154.79277800023556,22.331517999991775
2026_07_15_gym,flight_21,LOB,600,ok,True,36,36.0,75.72317095746122,70.31919687968661,True,217.35811166620502,True,14.746759999543428,0.14231500029563904,169.3838329995051,16.418537000194192
2026_07_15_gym,flight_21,LOB,650,ok,True,39,39.0,58.47357148037437,46.990394399073026,True,227.1439996647338,True,14.665073999203742,0.1404069997370243,177.4821849996224,18.18966699950397
2026_07_15_gym,flight_21,LOB,700,ok,True,42,42.0,52.63697650568931,41.445398965610515,True,243.29966666704664,True,14.793278000317514,0.1432779999449849,187.92822199966758,23.768222000449896
2026_07_15_gym,flight_21,LOB,750,ok,True,45,45.0,52.87232686705465,42.69677762620944,True,252.8263516674439,True,14.795629000291228,0.473517999984324,201.89342600107193,18.997111999429762
2026_07_15_gym,flight_21,LOB,800,ok,True,48,48.0,49.17516470404465,39.15984082702594,True,245.91149966573963,True,15.219980999827385,0.15725999884307384,194.44079599995166,19.42679600045085
2026_07_15_gym,flight_21,LOB,850,ok,True,51,50.99999999999999,45.57908017165788,38.25675835691373,True,256.74370166628313,True,15.04990699980408,0.1615920001640916,205.14705500006676,19.718480999581516
2026_07_15_gym,flight_21,LOB,900,ok,True,54,53.99999999999999,41.4459910350033,33.337686369993584,True,263.242184665675,True,14.884962999261916,0.16822199989110231,211.59435199946165,19.92798100039363
2026_07_15_gym,flight_21,LOB,950,ok,True,57,56.99999999999999,17.494795938755132,27.782882312290397,True,276.4639066659535,True,14.865147999487817,0.1759069999679923,224.55361100006849,20.202573999762535
2026_07_15_gym,flight_21,LOB,1000,ok,True,60,59.99999999999999,20.991673164082833,23.160979118656257,True,278.1522046659763,True,15.124018999747932,0.17916699964553118,224.78522199951112,21.397130000405014
2026_07_15_gym,flight_21,LOB,1050,ok,True,63,62.99999999999999,48.14067780211093,50.06879832449398,True,280.71646266865235,True,15.279759000055492,0.18674100004136562,225.97824000101537,22.605056000873446
2026_07_15_gym,flight_21,LOB,1100,ok,True,66,66.0,31.66421915291534,35.70456056278836,True,294.32255666765076,True,14.99014800041914,0.19318599998950958,239.63966699969023,22.83288900088519
2026_07_15_gym,flight_21,LOB,1150,ok,False,68,69.0,37.6288210052526,43.572775482966655,True,293.7550936654831,True,15.220184999518096,0.19679700024425983,238.65957399923354,23.01187099982053
2026_07_15_gym,flight_21,LOB,1200,ok,False,70,72.0,47.09527083390565,56.236072375392396,True,287.74364866564673,True,14.912259999662638,0.20111100003123283,241.1441109990701,14.819500000216067
2026_07_15_gym,flight_21,LOB,1250,ok,False,72,75.0,42.94890340642972,42.73520913247707,True,285.0774256649117,True,14.86511099897325,0.2057779999449849,238.20161099918187,15.138259000144899
2026_07_15_gym,flight_22,LOB,150,fit_failed,True,10,9.0,,,,,,,,,
2026_07_15_gym,flight_22,LOB,200,ok,True,13,12.0,30.279227121850205,8.916977881456637,True,160.2879996659855,True,15.10846299957484,0.0823340006172657,103.03986999951303,25.390665999613702
2026_07_15_gym,flight_22,LOB,250,ok,True,16,14.999999999999998,186.64787863254156,159.35959781105626,False,157.62009266453484,True,15.30175899900496,0.0936669996008277,104.62575899902731,20.93224100023508
2026_07_15_gym,flight_22,LOB,300,ok,True,19,18.0,341.170807636129,312.70904604059723,True,174.33379566824684,True,14.775907000526786,0.09722200129181147,116.81372199952602,25.980278000235558
2026_07_15_gym,flight_22,LOB,350,ok,True,21,21.0,245.39492654848678,218.16500772464266,True,175.53335166505227,True,14.961647999472916,0.10135199967771769,119.1288519995287,24.67483299970627
2026_07_15_gym,flight_22,LOB,400,ok,True,23,24.0,254.962106144426,221.6393173126711,True,189.70199766537795,True,14.7853330001235,0.10568499937653542,129.82346199918538,28.32085100002587
2026_07_15_gym,flight_22,LOB,450,ok,True,26,26.999999999999996,222.113577483539,193.84958342108303,True,193.86283366723606,True,14.92633300088346,0.11251900065690279,139.6071849996224,22.550129999406636
2026_07_15_gym,flight_22,LOB,490,ok,True,28,29.4,116.5917728375971,84.57839564761845,True,199.41840766618648,True,15.098314999602735,0.12472200021147728,144.64649999979883,22.88220399990678
2026_07_15_gym,flight_22,LOB,500,ok,True,29,29.999999999999996,177.66585879146848,143.10111691305124,True,200.92059166791537,True,15.256943999789655,0.11850000079721212,145.7632590001449,23.11522200051695
2026_07_15_gym,flight_22,LOB,550,ok,True,32,33.0,148.87878827593056,111.25391091871369,True,218.54364766708264,True,15.299073999747634,0.12403700035065413,162.7903519999236,23.663518000394106
2026_07_15_gym,flight_22,LOB,600,ok,True,35,36.0,130.00436706962589,96.15023853080032,True,231.35090666698912,True,15.122332999482751,0.13016699999570847,172.97009200043976,26.46164800040424
2026_07_15_gym,flight_22,LOB,650,ok,True,36,39.0,88.42589521240605,57.51286956384592,True,225.87916466562697,True,14.866202999837697,0.13212899956852198,167.4184810006991,26.795684998854995
2026_07_15_gym,flight_22,LOB,700,ok,True,38,42.0,126.95657948503137,96.10999014763759,True,253.55285266476372,True,15.065204000100493,0.13720399979501963,194.28536999877542,27.398407999426126
2026_07_15_gym,flight_22,LOB,750,ok,True,40,45.0,127.3722393701432,95.3217291654035,True,265.5456836667533,True,15.010000000707805,0.14105500001460314,212.01316599920392,21.714796000160277
2026_07_15_gym,flight_22,LOB,800,ok,True,42,48.0,247.9157612877278,202.08747083618002,True,269.09198066561174,True,14.864889000542462,0.1451479997485876,216.03386999946088,21.381406999193132
2026_07_15_gym,flight_22,LOB,850,ok,True,44,50.99999999999999,86.60834204808273,54.101061250995755,True,274.28203666737926,True,14.824019000865519,0.1488890005275607,220.97751799970865,21.66494399961084
2026_07_15_gym,flight_22,LOB,900,ok,True,47,53.99999999999999,228.24540948931596,154.08432888255984,True,284.77237066595507,True,14.955129999667406,0.1552219996228814,228.78714799974114,24.208204000256956
2026_07_15_gym,flight_22,LOB,950,ok,True,50,56.99999999999999,82.03436359894191,55.51201507489613,False,322.0262776684637,True,15.131722000427544,0.16174100060015917,266.59911100100726,23.46703699976206
2026_07_15_gym,flight_22,LOB,1000,ok,True,52,59.99999999999999,44.67089321658831,24.995908468753054,True,332.9741476668666,True,15.030647999607027,0.1654820004478097,276.39916600007564,24.71218500006944
2026_07_15_gym,flight_22,LOB,1050,ok,True,55,62.99999999999999,86.72591659907346,69.77282879556459,True,329.3697016655157,True,15.019369999878109,0.17081400007009506,270.22936999890953,27.283480999991298
2026_07_15_gym,flight_22,LOB,1100,ok,True,58,66.0,19.273159955650037,9.546102234617626,True,346.4219256664316,True,15.140111000277102,0.18733299989253283,286.90842599980533,27.519388999789953
2026_07_15_gym,flight_22,LOB,1150,ok,True,61,69.0,96.74446995268438,74.66130718094112,True,316.00336966632557,True,15.041926000267267,0.18285099882632494,257.317908000201,26.794018000364304
2026_07_15_gym,flight_22,LOB,1200,ok,True,64,72.0,47.078397770890604,41.224023026290965,True,336.82222166626406,True,15.432999999262393,0.1890739994123578,277.6013890001923,26.932092000730336
2026_07_15_gym,flight_22,LOB,1250,ok,True,66,75.0,63.2416499092654,52.12973503159139,True,358.99840666602057,True,15.126702999696136,0.193851999938488,298.4389070002362,28.57227799948305
2026_07_15_gym,flight_23,LOB,150,ok,True,10,9.0,1253.2493335230854,1178.9108220817493,True,150.68574066801617,True,14.941037000156939,0.04414800088852644,95.60820399969816,23.42568500060588
2026_07_15_gym,flight_23,LOB,200,ok,True,13,12.0,374.49828583569035,305.43006222701837,True,168.69401766794422,True,14.820796000771224,0.0829440001398325,112.62207399960607,24.501537000760436
2026_07_15_gym,flight_23,LOB,250,ok,True,16,14.999999999999998,175.50533742853852,157.2543787358219,True,171.6916856660197,True,15.458592999726534,0.08929699938744307,117.20636999979615,22.270759000442922
2026_07_15_gym,flight_23,LOB,300,ok,True,19,18.0,97.32132662199336,99.60390387370907,True,186.48738866734007,True,14.845037000253797,0.09518499951809645,131.60468500014395,23.275815000757575
2026_07_15_gym,flight_23,LOB,350,ok,True,22,21.0,46.73622338126597,75.48464603676796,True,189.43523966676244,True,15.105406999588013,0.10153700038790703,139.04540700092912,18.516221999190748
2026_07_15_gym,flight_23,LOB,400,ok,True,25,24.0,50.894979041408874,86.0146401458351,True,194.43218366863826,True,14.826314000412822,0.10807400103658438,141.6482590008527,21.182869999669492
2026_07_15_gym,flight_23,LOB,450,ok,True,28,26.999999999999996,96.51049502625062,122.00797928173013,True,206.55140866773823,True,14.964073999784887,0.11779700126498938,153.21026000007987,21.592610999941826
2026_07_15_gym,flight_23,LOB,490,ok,True,28,29.4,96.51049502625062,122.00797928173013,True,205.82555666627982,True,14.964073999784887,0.11537100002169609,152.3847230002284,21.694721999578178
2026_07_15_gym,flight_23,LOB,500,ok,True,29,29.999999999999996,55.06269492345381,69.11102925600426,True,216.00046266677478,True,14.939388999715447,0.11783300060778856,162.16959199961275,22.106982000172138
2026_07_15_gym,flight_23,LOB,550,ok,True,32,33.0,137.4428179265398,158.09277039669428,True,226.18901866550246,True,15.066611000336707,0.12435199972242117,171.69118499942124,22.640203999355435
2026_07_15_gym,flight_23,LOB,600,ok,True,33,36.0,84.62666114932227,87.43856114939149,True,230.65446266594031,True,15.28320400044322,0.12631499953567982,181.22562899906188,17.352648000232875
2026_07_15_gym,flight_23,LOB,650,ok,True,36,39.0,101.46180185024339,109.69825397242704,True,243.33472266575941,True,15.048352000303566,0.13277800008654594,191.54031499940902,19.946610999293625
2026_07_15_gym,flight_23,LOB,700,ok,True,39,42.0,76.74514922357777,109.75186087493839,True,245.29474066539356,True,14.738869999535382,0.13848199974745512,193.95009300019592,19.800628999248147
2026_07_15_gym,flight_23,LOB,750,ok,True,42,45.0,47.12592404420418,62.602711819368736,True,252.99429666592428,True,15.040036999620497,0.14396300073713064,200.90951899904758,20.23411099985242
2026_07_15_gym,flight_23,LOB,800,ok,True,44,48.0,54.081290846981,59.887021469755375,True,297.55646366688114,True,14.776554999873042,0.14812999963760376,245.55842600110918,20.40668599959463
2026_07_15_gym,flight_23,LOB,850,ok,True,47,50.99999999999999,44.583734742896524,41.920855225560025,True,273.51838866683346,True,15.04622200038284,0.1555000003427267,221.9088700003922,19.741129999049008
2026_07_15_gym,flight_23,LOB,900,ok,True,50,53.99999999999999,31.574246528690615,31.50084588561302,True,309.5085556643705,True,14.908277999609709,0.16059199906885624,256.8885929994285,20.884425999596715
2026_07_15_gym,flight_23,LOB,950,ok,True,53,56.99999999999999,27.2538742137625,20.18264279217278,True,288.1306296667705,True,15.054518999531865,0.16787000000476837,235.9469070006162,20.294666999951005
2026_07_15_gym,flight_23,LOB,1000,ok,True,56,59.99999999999999,25.23665776097142,16.336995348075945,True,315.13148066649836,True,14.997795999981463,0.17335200030356646,260.9500740002841,22.34359199926257
2026_07_15_gym,flight_23,LOB,1050,ok,True,59,62.99999999999999,20.726186325050122,18.644610547231864,True,291.34688966690254,True,14.903370999731123,0.1800930006429553,236.87875900045037,22.717999999411404
2026_07_15_gym,flight_23,LOB,1100,ok,True,62,66.0,19.35120139386251,14.959380786464546,True,303.84331366575014,True,15.498925999738276,0.18596300017088652,248.1663879994303,23.325369999743998
2026_07_15_gym,flight_23,LOB,1150,ok,True,65,69.0,25.35000776284054,38.749244602698944,True,319.5995006679247,True,14.846741000190377,0.19324100110679865,274.13031500019133,13.762536999769509
2026_07_15_gym,flight_23,LOB,1200,ok,False,68,72.0,27.823397985639215,45.79301557285837,True,334.913687667499,True,14.953481999225914,0.19914900045841932,287.10822299961,15.986167001537979
2026_07_15_gym,flight_23,LOB,1250,ok,False,71,75.0,19.262974829296514,14.459603104665234,True,351.5426656675215,True,15.093796000815928,0.2066110000014305,304.42222199961543,15.153370000422
2026_07_15_gym,flight_24,LOB,150,ok,True,10,9.0,365.2498936608713,409.5596700360985,True,140.56988966713348,True,15.002185000106692,0.044703999534249306,86.5385560002178,22.317778000608087
2026_07_15_gym,flight_24,LOB,200,ok,True,13,12.0,316.24299836432635,297.9754369138485,True,156.34253666518876,True,14.909425999037921,0.08229599986225367,100.77325899899006,23.91088900063187
2026_07_15_gym,flight_24,LOB,250,ok,True,16,14.999999999999998,231.70948601757186,199.66763228349376,True,157.49022066841522,True,14.871870000846684,0.08783300034701824,104.7724630003795,21.091388000175357
2026_07_15_gym,flight_24,LOB,300,ok,True,19,18.0,233.95352991317174,203.7426048028168,True,171.59861166744182,True,15.191370000131428,0.09426000062376261,117.74416700005531,21.902147999964654
2026_07_15_gym,flight_24,LOB,350,ok,True,22,21.0,253.8163861971013,218.2969966220623,True,177.16040666836003,True,15.008833999745548,0.10066600050777197,127.95081400126219,17.43342600017786
2026_07_15_gym,flight_24,LOB,400,ok,True,25,24.0,239.54175358436063,206.16407465336366,True,185.42718666574606,True,15.228184999898076,0.10618600063025951,133.4790739994496,19.94707499910146
2026_07_15_gym,flight_24,LOB,450,ok,True,28,26.999999999999996,156.55322490226365,136.8420288510465,True,193.05520466777185,True,14.764537001028657,0.11714799981564283,140.92137099988759,20.585482000373304
2026_07_15_gym,flight_24,LOB,490,ok,True,30,29.4,141.9784824069716,123.89242677940705,True,202.25629466834167,True,14.74798099976033,0.11900000087916851,149.7811660002917,20.941481000743806
2026_07_15_gym,flight_24,LOB,500,ok,True,31,29.999999999999996,108.1281271838066,94.38352307880344,True,200.75759166727462,True,14.947443999350071,0.12118500005453825,148.20035200100392,20.821944000199437
2026_07_15_gym,flight_24,LOB,550,ok,True,34,33.0,78.9089578995133,67.57806689809252,True,216.3123336682717,True,15.495741000398993,0.12714799959212542,161.77433300111443,22.248445000499487
2026_07_15_gym,flight_24,LOB,600,ok,True,37,36.0,93.3622542135347,87.96610767073965,True,218.09118566444764,True,15.058185999281704,0.13481499906629324,169.8379069995135,16.393610999919474
2026_07_15_gym,flight_24,LOB,650,ok,True,40,39.0,96.73044993634535,95.69607827064058,True,215.67251866466054,True,14.953314999118447,0.13875999953597784,165.70383299980313,18.209943999536335
2026_07_15_gym,flight_24,LOB,700,ok,True,43,42.0,74.4913057602895,77.39555316170869,True,266.91670466555905,True,15.029666000045836,0.1455749999731779,216.16881499998271,18.90598199889064
2026_07_15_gym,flight_24,LOB,750,ok,True,46,45.0,54.13546571646858,59.32065256508146,True,237.50964866733798,True,14.896370001137257,0.15255599934607744,186.81088900007308,18.983167000114918
2026_07_15_gym,flight_24,LOB,800,ok,True,49,48.0,43.29110159721698,50.62254206975679,True,245.04355566545078,True,15.184832999482751,0.15888899937272072,193.5751669993624,19.458000000566244
2026_07_15_gym,flight_24,LOB,850,ok,True,52,50.99999999999999,9.8398003948759,13.509619243526476,True,255.02990766769895,True,15.116963000036776,0.16364800091832876,203.36514799948782,19.71748200058937
2026_07_15_gym,flight_24,LOB,900,ok,True,55,53.99999999999999,10.257433486010903,19.183951189857236,True,263.29338766696554,True,14.97125899977982,0.1702039996162057,211.51733300089836,19.96792500000447
2026_07_15_gym,flight_24,LOB,950,ok,True,58,56.99999999999999,7.8313981055882875,20.299105172734926,True,272.4038706679518,True,15.313611000776291,0.17666699923574924,219.9295370001346,20.31738900113851
2026_07_15_gym,flight_24,LOB,1000,ok,True,61,59.99999999999999,19.516351906186756,35.67721653304391,True,276.6287206678341,True,15.105204000137746,0.18398100044578314,224.12601800076663,20.546850999817252
2026_07_15_gym,flight_24,LOB,1050,ok,True,64,62.99999999999999,3.21828695943232,16.576197269419875,True,283.08253666634363,True,15.323222000151873,0.18842600006610155,228.15737000014633,22.74685199931264
2026_07_15_gym,flight_24,LOB,1100,ok,True,67,66.0,16.66541409022703,25.285900824484546,True,308.6955926657344,True,15.099537000991404,0.197091999463737,240.51137099973857,36.22092599887401
2026_07_15_gym,flight_24,LOB,1150,ok,True,69,69.0,18.93633286420818,19.776822703262823,True,295.9143136671434,True,14.839555000886321,0.5500369993969798,240.8703519999981,22.987703000195324
2026_07_15_gym,flight_24,LOB,1200,ok,False,72,72.0,4.692111764749205,14.386873553563932,True,284.8632596662889,True,15.143667000345886,0.20670400001108646,237.83881399966776,15.00740799959749
2026_07_15_gym,flight_24,LOB,1250,ok,False,75,75.0,21.666688267235102,30.607734372420854,True,298.5325186668585,True,14.832981999963522,0.21107400115579367,251.65514799859375,15.166648000478745
2026_07_15_gym,flight_25,LOB,150,ok,True,10,9.0,159.39485671832955,172.72719861621306,True,139.6481286684672,True,15.062722000293434,0.04466600064188242,85.53407400008291,22.34000000078231
2026_07_15_gym,flight_25,LOB,200,ok,True,13,12.0,296.76553050932176,327.18087432675947,True,154.75453666752824,True,14.87892600055784,0.08509299997240305,99.39264800120145,23.73120299912989
2026_07_15_gym,flight_25,LOB,250,ok,True,16,14.999999999999998,585.2010726929248,555.6256152487881,True,156.1286856640751,True,15.021962999366224,0.08824099879711866,103.08796299993992,21.26385199930519
2026_07_15_gym,flight_25,LOB,300,ok,True,19,18.0,340.78865412011527,308.2097038723266,True,172.91094466733435,True,15.427832999266684,0.09413000103086233,118.30588900018483,22.41642600018531
2026_07_15_gym,flight_25,LOB,350,ok,True,22,21.0,330.59188074930546,271.42928840704263,True,185.79861166669676,True,14.916222999803722,0.10070400033146143,136.0409629996866,18.07405500020832
2026_07_15_gym,flight_25,LOB,400,ok,True,25,24.0,119.5468137149961,98.0569427899726,True,183.9193886683012,True,15.93938900064677,0.10809200070798397,131.3134260000661,19.891815000213683
2026_07_15_gym,flight_25,LOB,450,ok,True,28,26.999999999999996,110.90314788712172,91.55253514637907,True,192.72094366668412,True,14.882665999233723,0.11420400068163872,140.51216599997133,20.545241000130773
2026_07_15_gym,flight_25,LOB,490,ok,True,30,29.4,104.59838350869462,84.11352210442945,True,202.04550166769573,True,15.130537000484765,0.1169819999486208,149.30383400060236,20.827481999993324
2026_07_15_gym,flight_25,LOB,500,ok,True,31,29.999999999999996,102.38550424439664,82.19574479467472,True,201.41733266754696,True,15.306111000478268,0.11957400105893612,148.4412399996072,20.883740999735892
2026_07_15_gym,flight_25,LOB,550,ok,True,34,33.0,96.08427111134714,77.68176926439602,True,207.14131466733912,True,14.934795999899507,0.1270559998229146,153.81079600099474,21.601999999955297
2026_07_15_gym,flight_25,LOB,600,ok,True,37,36.0,111.56191705716914,97.05975063803226,True,211.68692666633675,True,14.824259999208152,0.1334259994328022,165.79775900021195,14.26481500081718
2026_07_15_gym,flight_25,LOB,650,ok,True,40,39.0,121.79427861410652,110.29383139576314,True,217.069684666271,True,14.851813999004662,0.13827800005674362,168.90051900036633,16.51240700017661
2026_07_15_gym,flight_25,LOB,700,ok,True,43,42.0,112.67391488175659,96.02245209425922,True,235.36336766617993,True,15.348906999453902,0.14523999951779842,184.3410919997841,18.861462000757456
2026_07_15_gym,flight_25,LOB,750,ok,True,46,45.0,103.05574147870524,89.29832470276783,True,233.2502216665695,True,14.92529600020498,0.15133299957960844,182.511593000032,18.995333000086248
2026_07_15_gym,flight_25,LOB,800,ok,True,48,48.0,85.48364120925162,70.9854779634659,True,241.40418566732356,True,15.101834000088274,0.15488900057971478,189.98855500016361,19.4922409998253
2026_07_15_gym,flight_25,LOB,850,ok,True,51,50.99999999999999,94.75830832958962,78.43363232491824,True,273.3383886671315,True,14.9229079997167,0.1610740004107356,221.93338800035417,19.65435199998319
2026_07_15_gym,flight_25,LOB,900,ok,True,53,53.99999999999999,94.72421089829749,75.97710400065392,True,302.14114766630036,True,14.889055999927223,0.1655369997024536,250.45281399972737,19.967074000276625
2026_07_15_gym,flight_25,LOB,950,ok,True,53,56.99999999999999,94.72421089829749,75.97710400065392,True,302.5826306656624,True,14.889055999927223,0.16612999886274338,250.87999999988824,19.980778000317514
2026_07_15_gym,flight_25,LOB,1000,ok,True,56,59.99999999999999,41.31013209372658,29.65923537512461,True,274.01920366442454,True,14.796869999729097,0.1725559988990426,221.71109199989587,20.672018999233842
2026_07_15_gym,flight_25,LOB,1050,ok,True,59,62.99999999999999,24.534142239684613,34.26530594131189,True,311.67955566725385,True,14.768741000443697,0.1784629998728633,257.55953700002283,22.506148000247777
2026_07_15_gym,flight_25,LOB,1100,fit_failed,True,62,66.0,,,,,,,,,
2026_07_15_gym,flight_25,LOB,1150,ok,True,65,69.0,17.98615080969505,19.76493172545564,True,327.5043146653722,True,14.79711200017482,0.19187000021338463,272.73679599910975,23.111869999207556
2026_07_15_gym,flight_25,LOB,1200,ok,False,68,72.0,23.10112212768223,34.13202548725069,True,295.1577766664947,True,14.887111000716686,0.19690699968487024,250.0572219993919,13.34987000003457
2026_07_15_gym,flight_25,LOB,1250,ok,False,70,75.0,51.197665326176285,69.75735815683959,True,333.34214666547877,True,14.767610999755561,0.2014999995008111,286.47307300008833,15.233295999467373
2026_07_15_gym,flight_26,LOB,150,ok,True,10,9.0,371.3704715934291,235.27460429572153,False,141.99729666641602,True,14.641073999926448,0.04470400046557188,88.57251799944788,22.07233399990946
2026_07_15_gym,flight_26,LOB,200,ok,True,13,12.0,150.73026672909322,81.29769985216981,False,156.7510736665378,True,15.077647999860346,0.08220299985259771,100.38868500012904,24.535871000029147
2026_07_15_gym,flight_26,LOB,250,ok,True,16,14.999999999999998,32.9895316146291,39.75648572484287,True,156.44875866516182,True,14.744536999613047,0.08911099936813116,103.26436999998987,21.684073999524117
2026_07_15_gym,flight_26,LOB,300,ok,True,19,18.0,167.49034219472813,161.62300019322254,True,172.0641286658744,True,15.066869999282062,0.0955189997330308,117.64744400046766,22.587628999724984
2026_07_15_gym,flight_26,LOB,350,ok,True,22,21.0,124.31488679062637,118.98747369000066,True,181.59157366647074,True,14.798204000107944,0.10288899950683117,126.30133299995214,23.722481000237167
2026_07_15_gym,flight_26,LOB,400,ok,True,25,24.0,251.3090610512199,226.9020119799351,True,186.09853766641268,True,15.075203999876976,0.10738900024443865,133.80662999954075,20.442648000083864
2026_07_15_gym,flight_26,LOB,450,ok,True,28,26.999999999999996,309.0325699813071,282.54244411497245,True,193.53305466628322,True,14.856480999849737,0.12479599937796593,140.12349999975413,21.76161100063473
2026_07_15_gym,flight_26,LOB,490,ok,True,30,29.4,161.48179583272017,153.3378001887994,True,202.26700066557774,True,15.251481000334024,0.11890799924731255,148.76131499931216,21.468630000017583
2026_07_15_gym,flight_26,LOB,500,ok,True,30,29.999999999999996,161.48179583272017,153.3378001887994,True,201.8726466667528,True,15.251481000334024,0.12083299923688173,148.37464800011367,21.459018000401556
2026_07_15_gym,flight_26,LOB,550,ok,True,33,33.0,253.50384209951048,222.49393498983903,True,214.65640666770437,True,14.893018000759184,0.1265930011868477,160.89892599917948,22.071202999912202
2026_07_15_gym,flight_26,LOB,600,ok,True,36,36.0,166.94420460292807,155.95447467093507,True,233.89829466833422,True,14.989926000125706,0.13292500004172325,177.43107400089502,24.677703000605106
2026_07_15_gym,flight_26,LOB,650,ok,True,39,39.0,200.478594778056,181.3056654473126,True,224.8686296675975,True,15.082110999152064,0.13820400089025497,175.6332220006734,17.348426000215113
2026_07_15_gym,flight_26,LOB,700,ok,True,41,42.0,159.18762955933823,141.75025110804356,True,250.24801866772273,True,14.973833000287414,0.14229599945247173,199.05624100007117,19.408982001245022
2026_07_15_gym,flight_26,LOB,750,ok,True,44,45.0,115.10012662482538,109.05435965097371,True,251.12788966639587,True,14.933612000197172,0.14879599958658218,199.64451800007373,19.73429699987173
2026_07_15_gym,flight_26,LOB,800,ok,True,47,48.0,165.62456934428909,150.10891803713238,True,248.0060746675978,True,14.973093001171947,0.15561100002378225,196.25653699971735,19.95416700001806
2026_07_15_gym,flight_26,LOB,850,ok,True,50,50.99999999999999,93.50442797962276,90.0442509196052,True,259.94272166645777,True,15.053352000191808,0.16051900014281273,207.02648099977523,21.035702999681234
2026_07_15_gym,flight_26,LOB,900,ok,True,53,53.99999999999999,89.09056551793745,85.99561674777632,True,262.31231266601634,True,15.174018000252545,0.17727699968963861,209.79227699991316,20.502073999494314
2026_07_15_gym,flight_26,LOB,950,ok,True,56,56.99999999999999,79.526245528803,75.48046437106495,True,278.38240666656446,True,14.823610999621451,0.17624099925160408,225.8177960002795,20.898092000745237
2026_07_15_gym,flight_26,LOB,1000,ok,True,58,59.99999999999999,133.64054814425006,121.96826008483299,True,314.1482966669525,True,14.821054998785257,0.17803800012916327,261.39457400050014,21.08796300087124
2026_07_15_gym,flight_26,LOB,1050,ok,True,61,62.99999999999999,69.82045509123799,70.55779841764047,True,291.47894266496104,True,14.898610999807715,0.19435099977999926,236.33190699946135,23.387406999245286
2026_07_15_gym,flight_26,LOB,1100,ok,True,62,66.0,67.31578239059046,66.17198126134403,True,296.0819076659779,True,15.262443999759853,0.19466699939221144,239.5078149996698,24.450315000489354
2026_07_15_gym,flight_26,LOB,1150,ok,True,65,69.0,103.23166646852512,92.10011153679542,True,365.5752416669081,True,15.018610999919474,0.19409299921244383,309.8006850006059,23.8951860005036
2026_07_15_gym,flight_26,LOB,1200,ok,True,68,72.0,80.56737905645303,82.94451790828903,True,374.59862966338795,True,14.856721999123693,0.1996659990400076,318.871092999354,24.004481999203563
2026_07_15_gym,flight_26,LOB,1250,fit_failed,True,71,75.0,,,,,,,,,
2026_07_15_gym,flight_28,LOB,150,ok,True,10,9.0,523.3559778828494,507.39090581670854,True,147.8630186660836,True,14.9724260000512,0.04544499982148409,85.22733299899846,30.9511480005458
2026_07_15_gym,flight_28,LOB,200,ok,True,13,12.0,391.5251457854763,408.12011477509844,True,159.27792566517988,True,15.06094399932772,0.08401800040155649,100.74470399878919,26.721592999994755
2026_07_15_gym,flight_28,LOB,250,ok,True,16,14.999999999999998,283.18660718250044,311.4345292275034,True,155.05912866598615,True,14.750684999860823,0.08938799984753132,103.91635199915618,19.636037000454962
2026_07_15_gym,flight_28,LOB,300,ok,True,19,18.0,170.94191898906274,162.7573591478686,True,173.3942586655418,True,15.01903699990362,0.09496299922466278,117.6014809999615,24.012110999785364
2026_07_15_gym,flight_28,LOB,350,ok,True,22,21.0,123.8233148506692,108.02230012832845,True,183.61464866778502,True,15.066223001107574,0.10240800026804209,126.88623999990523,24.893110999837518
2026_07_15_gym,flight_28,LOB,400,ok,True,25,24.0,137.3776728104368,114.78748760451748,True,193.11755366499224,True,14.884703000076115,0.1074999999254942,133.35951799992472,28.099165998399258
2026_07_15_gym,flight_28,LOB,450,ok,True,28,26.999999999999996,68.04647009141773,40.6717747951935,True,194.54812966721752,True,15.045333999209106,0.12566700018942356,140.80935100093484,21.901111000217497
2026_07_15_gym,flight_28,LOB,490,ok,True,30,29.4,72.96918098699881,43.61927440177483,True,202.18112866642574,True,14.919906999915838,0.11968499980866909,148.2750550005585,22.199814999476075
2026_07_15_gym,flight_28,LOB,500,ok,True,31,29.999999999999996,32.59725596616397,28.720543566939835,True,202.72351766719171,True,14.691296000033617,0.12220400013029575,148.55020300019532,22.69314800016582
2026_07_15_gym,flight_28,LOB,550,ok,True,34,33.0,39.02194724354152,32.45488796889282,True,221.39303566577533,True,15.130333000794053,0.12859199941158295,165.84090699907392,23.626536999829113
2026_07_15_gym,flight_28,LOB,600,ok,True,37,36.0,9.285668552090922,53.85681783905251,True,228.14135166599104,True,15.108906999230385,0.13425900042057037,170.24901899974793,25.982499999925494
2026_07_15_gym,flight_28,LOB,650,ok,True,40,39.0,6.026933594316357,50.45611595676584,True,224.61072266536453,True,14.848185000009835,0.13875899836421013,166.42220399994403,26.5349080003798
2026_07_15_gym,flight_28,LOB,700,ok,True,43,42.0,38.76440048824728,50.621741269944756,True,237.8532576660315,True,14.798980999737978,0.14620300009846687,187.81192599982023,18.429480999708176
2026_07_15_gym,flight_28,LOB,750,ok,True,46,45.0,52.48674204573918,53.732375087108004,True,234.6942586681495,True,15.07957400009036,0.15272200014442205,182.16357400082052,20.631722000427544
2026_07_15_gym,flight_28,LOB,800,ok,True,49,48.0,63.82269025087452,55.28552668745359,True,248.3999266658599,True,14.757055999711156,0.15781399980187416,195.74674099963158,21.071649000048637
2026_07_15_gym,flight_28,LOB,850,ok,True,52,50.99999999999999,70.91422184650807,54.40514706555441,True,259.48713066677254,True,15.198223000392318,0.16381500102579594,206.13351899944246,21.324906999245286
2026_07_15_gym,flight_28,LOB,900,ok,True,55,53.99999999999999,65.05891701943668,47.18218108039773,True,265.3656296671058,True,14.960128999315202,0.17072199936956167,212.00585200078785,21.56226000096649
2026_07_15_gym,flight_28,LOB,950,ok,True,58,56.99999999999999,59.06421698284388,40.428374823182175,True,275.3874256654332,True,14.943074000068009,0.18735199887305498,221.69540700037032,21.894925999455154
2026_07_15_gym,flight_28,LOB,1000,ok,True,61,59.99999999999999,50.843532583603746,35.0353090784848,True,279.60751666563255,True,14.798665999434888,0.18344400078058243,225.73772199917585,22.221017999574542
2026_07_15_gym,flight_28,LOB,1050,ok,True,62,62.99999999999999,50.84390526715479,35.03544865185231,True,284.40699966593337,True,14.80811099987477,0.19350000005215406,230.10522199980915,22.633499999530613
2026_07_15_gym,flight_28,LOB,1100,ok,True,65,66.0,56.402783676258224,38.659487178093954,True,293.4274066674213,True,15.00853700004518,0.1917780004441738,236.76866599917412,24.791759001091123
2026_07_15_gym,flight_28,LOB,1150,ok,True,68,69.0,45.28939081211475,28.844166889017927,True,308.02414766668034,True,15.017537000589073,0.19851899985224009,251.318740000017,24.82268499955535
2026_07_15_gym,flight_28,LOB,1200,ok,True,71,72.0,39.21229112066629,26.328645776402137,True,309.22462866424274,True,14.521647999063134,0.20448099914938211,252.88796299975365,24.943869999609888
2026_07_15_gym,flight_28,LOB,1250,ok,True,74,75.0,27.899615172320065,15.072913915431654,True,305.87994466504705,True,14.979333000257611,0.20999999903142452,248.53203699924052,25.49190799985081
2026_07_15_gym,flight_29,LOB,150,ok,True,9,9.0,554.036868502744,484.7896194158977,False,165.14631466815868,True,14.920665999874473,0.04274100065231323,103.89038900099695,29.62585199996829
2026_07_15_gym,flight_29,LOB,200,ok,True,12,12.0,383.9642485921216,347.6777515095459,False,173.27977766717473,True,14.982704000547528,0.08214799966663122,113.88344400003552,27.664815000258386
2026_07_15_gym,flight_29,LOB,250,ok,True,15,14.999999999999998,355.72234456582476,318.8973533607218,False,181.3165556664268,True,15.014369999058545,0.0886669997125864,117.89557400066406,31.651278000324965
2026_07_15_gym,flight_29,LOB,300,ok,True,18,18.0,261.38142125606674,226.18610559844726,True,187.2710186668361,True,15.176907000131905,0.09544499963521957,129.0629070000723,26.26909300033003
2026_07_15_gym,flight_29,LOB,350,ok,True,21,21.0,223.96805090463303,181.5560808624091,True,193.13360966617861,True,14.913925999775529,0.10157399997115135,133.37938799988478,28.072054999880493
2026_07_15_gym,flight_29,LOB,400,ok,True,24,24.0,226.84020742657253,210.6993912828112,True,208.21092466792712,True,14.757850999943912,0.1064259996637702,146.3066660007462,30.373315000906587
2026_07_15_gym,flight_29,LOB,450,ok,True,27,26.999999999999996,173.07697686028712,125.75984166352903,True,213.12112866869816,True,15.025574000552297,0.11338900029659271,155.86120300088078,25.454296000301838
2026_07_15_gym,flight_29,LOB,490,ok,True,29,29.4,159.14193436737284,95.62288348276347,True,213.85685266616443,True,15.26305599976331,0.11718499939888716,156.80051900073886,25.009425999596715
2026_07_15_gym,flight_29,LOB,500,ok,True,30,29.999999999999996,150.23521639940438,85.39714823848402,True,218.04942366636047,True,14.857795999385417,0.11835100036114454,161.16083300020546,25.245776999741793
2026_07_15_gym,flight_29,LOB,550,ok,True,33,33.0,111.1163822184004,63.369764690078995,True,229.60240866585323,True,15.224685999564826,0.12503699958324432,172.0689260000363,25.517093000002205
2026_07_15_gym,flight_29,LOB,600,ok,True,36,36.0,93.06697401657719,50.86666840187713,True,238.58496266479293,True,14.889702999033034,0.13248199969530106,180.4066289998591,26.48948199953884
2026_07_15_gym,flight_29,LOB,650,ok,True,39,39.0,69.62793661128818,35.14482612625809,True,250.87911066661277,True,15.346425999887288,0.13964799977838993,189.27946300059557,29.44690699968487
2026_07_15_gym,flight_29,LOB,700,ok,True,42,42.0,67.29421458302764,35.20175227724128,True,259.3729066659386,True,14.857315000146627,0.14416599925607443,197.51690699905157,30.187852000817657
2026_07_15_gym,flight_29,LOB,750,ok,True,45,45.0,66.02850598401577,34.46143523726628,True,247.2803156680117,True,14.703166001476347,0.14983399957418442,194.92594499979168,20.834704000502825
2026_07_15_gym,flight_29,LOB,800,ok,True,48,48.0,61.5262349254554,29.66378902439568,True,261.20761066737276,True,14.862926000729203,0.15540799964219332,206.09037000034004,23.432239999994636
2026_07_15_gym,flight_29,LOB,850,ok,True,51,50.99999999999999,45.66229965692566,18.887012875566285,True,275.95561066704494,True,15.174167000688612,0.16244400013238192,220.1297959992662,23.82253700029105
2026_07_15_gym,flight_29,LOB,900,ok,True,54,53.99999999999999,47.51158838989559,20.4135625731569,True,279.4204616673912,True,14.846092000603676,0.16870399937033653,223.76198100019246,23.97701800055802
2026_07_15_gym,flight_29,LOB,950,ok,True,57,56.99999999999999,45.949764043415016,20.87630834768645,True,291.8981486648942,True,14.932092999108136,0.17468500044196844,235.87001799885184,24.254685999825597
2026_07_15_gym,flight_29,LOB,1000,ok,True,60,59.99999999999999,29.949704142572678,13.156400840759215,True,292.4952786664168,True,14.675370999611914,0.1809440003708005,236.51055600028485,24.461740999482572
2026_07_15_gym,flight_29,LOB,1050,ok,True,63,62.99999999999999,22.96521430034335,8.747416091675095,True,301.4434446670736,True,15.317519000731409,0.18540799990296364,244.3335920004174,24.940258999355137
2026_07_15_gym,flight_29,LOB,1100,ok,True,66,66.0,36.97659855642451,16.271498707493695,True,391.53159166748327,True,14.645963000133634,0.19375900086015463,332.4387590000406,27.586443999782205
2026_07_15_gym,flight_29,LOB,1150,ok,True,69,69.0,22.965214212847048,8.747416047685972,True,327.85016666601103,True,15.264758999459445,0.20088899973779917,267.78211100026965,27.935740999877453
2026_07_15_gym,flight_29,LOB,1200,ok,True,71,72.0,25.21855747494613,9.474276501489548,True,344.64368566746515,True,14.942223000340164,0.2033710004761815,284.6907590003684,28.140665999613702
2026_07_15_gym,flight_29,LOB,1250,ok,True,73,75.0,25.312613195307627,10.67230697244588,True,330.73701866685104,True,14.824481000192463,0.20888900011777878,270.45212999917567,28.584852000698447
2026_07_15_gym,flight_33,MID,150,ok,True,10,9.0,432.7994095973982,441.7337350373856,True,138.29240666671345,True,14.868387999944389,0.046833000145852566,85.45001900009811,21.26049999985844
2026_07_15_gym,flight_33,MID,200,ok,True,13,12.0,327.8846159370049,302.13914255450993,True,136.82813066678742,True,14.781963000074029,0.08603700064122677,87.4160929992795,17.877371000126004
2026_07_15_gym,flight_33,MID,250,ok,True,16,14.999999999999998,285.5324900493738,250.6046909328239,True,156.58783266848573,True,14.965926000848413,0.08864800073206425,104.05536999925971,20.811222000978887
2026_07_15_gym,flight_33,MID,300,ok,True,19,18.0,355.27618207412496,309.8941781328866,True,172.5045746654893,True,14.810407999902964,0.09435199946165085,119.1074999999255,21.82564799953252
2026_07_15_gym,flight_33,MID,350,ok,True,22,21.0,211.2077559169483,188.00119589099282,True,172.08251966691265,True,14.933092999272048,0.10037000011652708,122.88094500079751,17.501445000059903
2026_07_15_gym,flight_33,MID,400,ok,True,25,24.0,226.28863572744922,223.5813558432186,True,183.42883366687843,True,14.915148000232875,0.10677799955010414,131.63811099994928,20.10213000047952
2026_07_15_gym,flight_33,MID,450,ok,True,27,26.999999999999996,84.71642835001776,98.96239632026678,True,229.14766666634628,True,15.11633300036192,0.11209299881011248,176.35912999976426,20.89344400074333
2026_07_15_gym,flight_33,MID,490,ok,True,29,29.4,171.58985804980128,177.1571509707997,True,193.45220466858396,True,15.079111000522971,0.12142600025981665,140.7228710008785,20.862130000256002
2026_07_15_gym,flight_33,MID,500,ok,True,30,29.999999999999996,73.1977595471979,86.30569869431956,True,271.53322266663116,True,14.792981999926269,0.11846300028264523,218.7017409997061,21.253370000049472
2026_07_15_gym,flight_33,MID,550,ok,True,31,33.0,85.04656021103091,101.7022172575891,True,210.8866846660773,True,14.9518149998039,0.12138900067657232,157.73616599850357,21.41064800042659
2026_07_15_gym,flight_33,MID,600,ok,True,34,36.0,61.84540211393171,64.57145189490599,True,215.86633266477534,True,15.026591998524964,0.1279440000653267,167.6356849996373,16.40944499988109
2026_07_15_gym,flight_33,MID,650,ok,True,37,39.0,31.141495925531018,44.18452005003349,True,233.38998066696027,True,14.911241000518203,0.13431400060653687,182.9251290000975,18.75262999907136
2026_07_15_gym,flight_33,MID,700,ok,True,40,42.0,52.198495604059055,30.50461388600591,True,242.14313066812852,True,14.800241000019014,0.13940800074487925,191.84857400041074,18.688241000287235
2026_07_15_gym,flight_33,MID,750,ok,True,43,45.0,51.57790366468588,28.004749688851867,True,253.24199966962138,True,14.875555999577045,0.1465370012447238,202.3227590015158,19.230481000617146
2026_07_15_gym,flight_33,MID,800,ok,True,46,48.0,21.69343632544776,19.58940883733616,True,277.18859166714054,True,15.03838900104165,0.16251799929887056,225.88475900050253,19.43625899963081
2026_07_15_gym,flight_33,MID,850,ok,True,49,50.99999999999999,27.188567532263214,16.973787958505675,True,258.7651286662246,True,15.032648000866175,0.15923999901860952,207.21040700003505,19.69616699963808
2026_07_15_gym,flight_33,MID,900,ok,True,52,53.99999999999999,37.04012435248906,24.224127676058206,True,298.62762866696966,True,14.79723999928683,0.1639630002900958,247.04872200079262,19.95103699993342
2026_07_15_gym,flight_33,MID,950,ok,True,55,56.99999999999999,53.85708584877204,38.78016073406923,True,306.03831466442597,True,14.937740999273956,0.17133300006389618,254.00038899946958,20.262184998951852
2026_07_15_gym,flight_33,MID,1000,ok,True,58,59.99999999999999,41.3374240500845,33.76114550505055,True,308.0277596662442,True,15.051907999441028,0.17677799984812737,253.78457400016487,22.3478330001235
2026_07_15_gym,flight_33,MID,1050,ok,True,60,62.99999999999999,44.572622091138555,38.10826302999498,True,289.7664436657603,True,15.131795999594033,0.18161099962890148,234.91633300017565,22.870036999695003
2026_07_15_gym,flight_33,MID,1100,ok,True,62,66.0,40.392313031406786,34.33722855170737,True,324.79396266738576,True,14.954463000409305,0.18587000109255314,269.9774069990963,23.009556000120938
2026_07_15_gym,flight_33,MID,1150,ok,False,65,69.0,28.00908502119354,24.35428811121778,True,349.8379626652847,True,15.090425999835134,0.19272199925035238,302.99648099951446,14.89166700001806
2026_07_15_gym,flight_33,MID,1200,ok,False,68,72.0,60.148914346915625,71.95319350189034,True,296.9269086678202,True,14.696426000446081,0.20737100020051003,249.4612040007487,15.895240999758244
2026_07_15_gym,flight_33,MID,1250,ok,False,71,75.0,43.59142126708029,43.16007761681517,True,302.51724066740525,True,14.832888999953866,0.20479700062423944,253.84933300036937,16.963554999791086
2026_07_15_gym,flight_36,LOB,150,fit_failed,True,10,9.0,,,,,,,,,
2026_07_15_gym,flight_36,LOB,200,ok,True,13,12.0,1404.4067875902615,1122.8123025244256,False,164.59390866632262,True,15.142018999904394,0.08257499989122152,105.10164800006896,27.600999999791384
2026_07_15_gym,flight_36,LOB,250,ok,True,16,14.999999999999998,656.2313907095032,558.3453758521447,False,163.63233266646662,True,14.812610999681056,0.09048100002110004,112.23557400051504,19.826999999582767
2026_07_15_gym,flight_36,LOB,300,ok,True,19,18.0,117.25178747303667,98.50484008916642,True,183.3216646645839,True,15.13133299909532,0.09540699888020754,126.54020300041884,24.888054999522865
2026_07_15_gym,flight_36,LOB,350,ok,True,22,21.0,165.71084310374204,130.96245381814327,True,192.8616296655188,True,14.91227800026536,0.10155599936842918,135.49548099935055,25.685647999867797
2026_07_15_gym,flight_36,LOB,400,ok,True,25,24.0,190.10503067699258,172.6763564847744,True,241.33392666621754,True,14.828351999633014,0.10861100070178509,189.26637099962682,20.463925999589264
2026_07_15_gym,flight_36,LOB,450,ok,True,27,26.999999999999996,236.08447696864766,224.0520836157607,True,317.2694256665806,True,15.107425999827683,0.11144400015473366,261.6992779998109,23.68461100012064
2026_07_15_gym,flight_36,LOB,490,fit_failed,True,28,29.4,,,,,,,,,
2026_07_15_gym,flight_36,LOB,500,fit_failed,True,29,29.999999999999996,,,,,,,,,
2026_07_15_gym,flight_36,LOB,550,fit_failed,True,32,33.0,,,,,,,,,
2026_07_15_gym,flight_36,LOB,600,ok,True,34,36.0,111.69627009790212,91.49961143617885,True,332.5052786671246,True,15.03550000116229,0.1267779991030693,273.69977799989283,26.97655600029975
2026_07_15_gym,flight_36,LOB,650,ok,True,35,39.0,121.0324242629987,89.02733986395909,True,268.5110736663143,True,14.78681500069797,0.12933299969881773,209.62011099979281,27.308147999458015
2026_07_15_gym,flight_36,LOB,700,ok,True,36,42.0,69.35935193858127,44.32088121961173,True,274.4351106664787,True,15.079740999266505,0.13175900001078844,214.78570399992168,27.771240000613034
2026_07_15_gym,flight_36,LOB,750,ok,True,38,45.0,135.66870043354282,93.96818048022813,True,259.08727766821784,True,14.957240000367165,0.13611100055277348,205.81942600104958,21.507833999581635
2026_07_15_gym,flight_36,LOB,800,ok,True,41,48.0,143.16868775941776,105.6405725746831,True,304.45779666646075,True,14.959906999953091,0.1418339991942048,250.9104070002213,21.778982000425458
2026_07_15_gym,flight_36,LOB,850,ok,True,44,50.99999999999999,34.90986678891699,35.555037862797995,True,299.6987036659072,True,14.831629999913275,0.14820399973541498,246.01105500012636,22.041147999465466
2026_07_15_gym,flight_36,LOB,900,ok,True,47,53.99999999999999,62.92048457960416,55.86273542284327,True,319.65101766741526,True,14.889073999598622,0.1544810002669692,264.9121290007606,23.02866700012237
2026_07_15_gym,flight_36,LOB,950,ok,True,50,56.99999999999999,78.34231800645641,75.37428124500786,True,375.5752966652314,True,14.822037000209093,0.16112999990582466,321.306221999228,22.6192409992218
2026_07_15_gym,flight_36,LOB,1000,ok,True,53,59.99999999999999,42.23736003522559,41.56702441970451,True,341.729925665694,True,14.985111000016332,0.16655599977821112,287.0437029991299,22.867889000102878
2026_07_15_gym,flight_36,LOB,1050,ok,True,56,62.99999999999999,104.90170493200819,100.13382604237793,True,342.61131366683793,True,14.877666001208127,0.17325899936258793,285.30533299967647,25.588388999924064
2026_07_15_gym,flight_36,LOB,1100,fit_failed,True,59,66.0,,,,,,,,,
2026_07_15_gym,flight_36,LOB,1150,ok,True,61,69.0,151.27262968601823,150.962288698532,True,378.71255566800636,True,14.91287000104785,0.1835190001875162,320.93005599919707,26.019444000907242
2026_07_15_gym,flight_36,LOB,1200,ok,True,64,72.0,110.34910135027307,106.08029614231482,True,373.02372266786796,True,14.822556001134217,0.1897779991850257,315.1361850006506,26.208537000231445
2026_07_15_gym,flight_36,LOB,1250,ok,True,67,75.0,157.21097669275326,136.9168447550959,True,348.2995376667629,True,15.018056000582874,0.19624099973589182,289.7368700001389,26.681703999638557
2026_07_15_gym,flight_48,LOB,150,fit_failed,True,10,9.0,,,,,,,,,
2026_07_15_gym,flight_48,LOB,200,ok,True,13,12.0,239.8386393497055,298.4963317490193,True,145.43116566880295,True,15.4864810006693,0.08470400050282478,87.42377700097859,25.769536999985576
2026_07_15_gym,flight_48,LOB,250,ok,True,16,14.999999999999998,195.87199640910677,255.48344519591467,True,166.6957956670473,True,15.078517999500036,0.09003700036555529,111.13992600049824,23.72064800001681
2026_07_15_gym,flight_48,LOB,300,ok,True,19,18.0,184.14545254405837,228.03898808548678,True,186.71235066621253,True,14.810906999744475,0.09620399959385395,130.57527700066566,24.56329599954188
2026_07_15_gym,flight_48,LOB,350,ok,True,22,21.0,88.52149025982486,69.67284458795636,True,191.39588966841498,True,15.017778000794351,0.10290800034999847,133.99811100121588,25.6104259993881
2026_07_15_gym,flight_48,LOB,400,ok,True,25,24.0,48.46416809960051,32.981593970340725,True,197.5431836672748,True,15.004703000187874,0.11031399946659803,143.32962900120765,22.431870999746025
2026_07_15_gym,flight_48,LOB,450,ok,True,28,26.999999999999996,61.97218810512124,76.72804102409468,True,206.37518466698626,True,14.934852000325918,0.11462900042533875,151.81016699969769,22.848869999870658
2026_07_15_gym,flight_48,LOB,490,ok,True,30,29.4,43.311401602146304,79.53128176493631,True,215.54179566788176,True,14.952074000611901,0.11855500005185604,161.05112900026143,22.753371000289917
2026_07_15_gym,flight_48,LOB,500,ok,True,31,29.999999999999996,42.02039088427544,83.14813784941991,True,233.23716566866884,True,14.825111000798643,0.12153699994087219,178.6728510009125,22.951000000350177
2026_07_15_gym,flight_48,LOB,550,ok,True,33,33.0,71.3292713507307,74.34596072697033,True,225.84416666595885,True,15.157666998915374,0.12725900020450354,170.2457769997418,23.646797000430524
2026_07_15_gym,flight_48,LOB,600,ok,True,36,36.0,46.24705159053119,54.51357293937988,True,252.3184056651468,True,15.346165999770164,0.13125899992883205,195.56518499925733,24.60912899952382
2026_07_15_gym,flight_48,LOB,650,ok,True,39,39.0,78.89390212362848,104.31117012064959,True,237.29138766850033,True,14.880704000592232,0.1385920001193881,186.91540700010955,18.690018001012504
2026_07_15_gym,flight_48,LOB,700,ok,True,41,42.0,118.01764810035625,117.11460983963636,True,248.8619256640474,True,14.989833999425173,0.1417029993608594,195.7930369991809,21.27068499941379
2026_07_15_gym,flight_48,LOB,750,ok,True,44,45.0,26.794169652401898,58.21708060606969,True,255.1710176669682,True,14.763148000463843,0.14757400006055832,202.2246289998293,21.368999999947846
2026_07_15_gym,flight_48,LOB,800,ok,True,47,48.0,85.44561860056491,89.81004322472343,True,262.67325866470736,True,14.869925999082625,0.15435199905186892,209.29829599987715,21.684018000029027
2026_07_15_gym,flight_48,LOB,850,ok,True,48,50.99999999999999,117.4193264301012,102.21864735905157,True,262.0711296653996,True,14.835129999555647,0.15677799936383963,208.4257770003751,21.986777999438345
2026_07_15_gym,flight_48,LOB,900,ok,True,49,53.99999999999999,123.58258248501011,102.84622241056444,True,268.3793136669944,True,14.979074000380933,0.15792600065469742,214.54001799970865,22.035628999583423
2026_07_15_gym,flight_48,LOB,950,ok,True,52,56.99999999999999,41.756444230660016,53.008446445610296,True,284.85203666581464,True,14.864499999210238,0.17922200076282024,230.65668499935418,22.48496299982071
2026_07_15_gym,flight_48,LOB,1000,ok,True,55,59.99999999999999,59.65779319309578,72.94648235435696,True,286.9792966662596,True,15.015610999427736,0.17366700060665607,231.53951899986714,23.583832999691367
2026_07_15_gym,flight_48,LOB,1050,ok,True,57,62.99999999999999,34.9645551627707,36.306700671844894,True,327.6825356675933,True,14.904203001409769,0.17462899908423424,272.8101850003004,23.126852000132203
2026_07_15_gym,flight_48,LOB,1100,ok,True,60,66.0,11.597393176560008,32.296795603340975,True,306.6596106660242,True,14.839092000387609,0.18122199922800064,249.48946300055832,25.483166999183595
2026_07_15_gym,flight_48,LOB,1150,ok,True,63,69.0,36.46966508304405,61.68429041380003,True,318.04888766786706,True,15.413832999765873,0.18687000032514334,260.0337960002944,25.747722000814974
2026_07_15_gym,flight_48,LOB,1200,ok,True,66,72.0,47.745603898118105,38.861080340918235,True,317.8785726676385,True,15.164258999750018,0.19272200018167496,260.00137000065297,25.853555000387132
2026_07_15_gym,flight_48,LOB,1250,ok,True,67,75.0,21.73076723022783,41.9732761823519,True,317.6476666663463,True,14.746054999530315,0.194518999196589,259.9557960005477,26.084630000405014
2026_07_15_gym,flight_52,MID,150,fit_failed,True,10,9.0,,,,,,,,,
2026_07_15_gym,flight_52,MID,200,ok,True,13,12.0,19.79753545312472,28.607236077984947,True,136.34190766482303,True,15.20623999927193,0.0814819997176528,88.02670399937779,16.360814999789
2026_07_15_gym,flight_52,MID,250,ok,True,16,14.999999999999998,144.31813787699053,192.84411631723023,True,141.1238146663333,True,14.852647999301553,0.08677799999713898,96.15572200063616,13.361999999731779
2026_07_15_gym,flight_52,MID,300,ok,True,19,18.0,44.50315963012085,85.18585234064712,True,157.7882026672984,True,14.89487100020051,0.09451800025999546,110.13298100046813,15.99916599970311
2026_07_15_gym,flight_52,MID,350,ok,True,22,21.0,56.86364137302447,88.85386717104026,True,166.47059366727868,True,15.164185999892652,0.10255600046366453,118.60685199964792,15.930333000607789
2026_07_15_gym,flight_52,MID,400,ok,True,25,24.0,97.93070341797741,135.9807041118628,True,168.9756666679556,True,15.074222999624908,0.11027700081467628,126.16546300053596,10.959037000313401
2026_07_15_gym,flight_52,MID,450,ok,True,28,26.999999999999996,67.7204268196332,116.14388962811039,True,184.62370466689268,True,14.988297000527382,0.11553699988871813,140.17268500011414,12.680518999695778
2026_07_15_gym,flight_52,MID,490,ok,True,29,29.4,43.595545523382114,76.65447084387074,True,187.76783566611508,True,15.06129700038582,0.11764899920672178,141.95244499947876,13.969778000377119
2026_07_15_gym,flight_52,MID,500,ok,True,30,29.999999999999996,52.45667601822611,95.77189725305819,True,191.81025966784605,True,15.131203999742866,0.11777800042182207,145.58453700039536,14.310074000619352
2026_07_15_gym,flight_52,MID,550,ok,True,33,33.0,41.09838320496104,74.26521001128084,True,206.83407466641316,True,15.074389000423253,0.12594499997794628,160.60049999970943,14.366573999635875
2026_07_15_gym,flight_52,MID,600,ok,True,36,36.0,28.04280299672546,55.41055237155977,True,202.106406666028,True,15.019333000294864,0.131610999815166,155.68853699974716,14.600258999504149
2026_07_15_gym,flight_52,MID,650,ok,True,39,39.0,23.78182231628761,53.667801904088165,True,217.35775966538736,True,15.101055999286473,0.1379079995676875,170.41377700027078,15.038351999595761
2026_07_15_gym,flight_52,MID,700,ok,True,42,42.0,23.781790486509152,53.667720713465336,True,220.20596266599992,True,15.094314999878407,0.14442600030452013,173.0263889990747,15.274166000075638
2026_07_15_gym,flight_52,MID,750,ok,True,45,45.0,9.840869428110873,27.975403567439226,True,230.1819996672372,True,15.108148000203073,0.1642040004953742,182.59090700000525,15.652073999866843
2026_07_15_gym,flight_52,MID,800,ok,False,48,48.0,32.2146151624417,65.35748055438962,True,225.22514866540828,True,14.87718499917537,0.1588519997894764,182.0933149997145,11.429130000062287
2026_07_15_gym,flight_52,MID,850,ok,False,51,50.99999999999999,24.904191628209354,52.93545936716534,True,232.441036666433,True,14.882277000695467,0.16316699981689453,189.12068499904126,11.608241000212729
2026_07_15_gym,flight_52,MID,900,ok,False,53,53.99999999999999,4.923219115980933,21.949036556476344,True,239.97327766629556,True,15.107519000768661,0.16909199953079224,195.55625899974257,12.47374099958688
2026_07_15_gym,flight_52,MID,950,ok,False,53,56.99999999999999,4.923219115980933,21.949036556476344,True,238.95979766796032,True,15.107519000768661,0.168592999689281,195.35820400062948,11.658815000206232
2026_07_15_gym,flight_52,MID,1000,ok,False,53,59.99999999999999,4.923219115980933,21.949036556476344,True,239.96783266744265,True,15.107519000768661,0.16785200033336878,196.390202999115,11.635592000558972
2026_07_15_gym,flight_52,MID,1050,ok,False,53,62.99999999999999,4.923219115980933,21.949036556476344,True,239.68816666832814,True,15.107519000768661,0.16764800064265728,196.10588899999857,11.640444000251591
2026_07_15_gym,flight_52,MID,1100,ok,False,53,66.0,4.923219115980933,21.949036556476344,True,240.1310376652206,True,15.107519000768661,0.1682969992980361,195.7064069993794,12.482147999107838
2026_07_15_gym,flight_52,MID,1150,ok,False,53,69.0,4.923219115980933,21.949036556476344,True,239.0495016692827,True,15.107519000768661,0.16792600043118,195.42079700063914,11.686593000777066
2026_07_15_gym,flight_52,MID,1200,ok,False,53,72.0,4.923219115980933,21.949036556476344,True,239.97235366671035,True,15.107519000768661,0.16701900027692318,196.38587099965662,11.645277999341488
2026_07_15_gym,flight_52,MID,1250,ok,False,53,75.0,4.923219115980933,21.949036556476344,True,239.80168466611454,True,15.107519000768661,0.1681109992787242,196.26175899989903,11.597628999501467
2026_07_15_gym,flight_53,FLAT,150,ok,True,10,9.0,144.21452293994275,243.00233605349877,True,122.22110966655116,True,14.798870000056922,0.042906999588012695,77.89155500009656,12.821111000142992
2026_07_15_gym,flight_53,FLAT,200,ok,True,13,12.0,56.98820020138033,121.30345522719793,True,129.4869076653073,True,15.155759000219405,0.08140699937939644,87.15574099961668,10.427333999425173
2026_07_15_gym,flight_53,FLAT,250,ok,True,16,14.999999999999998,46.601806835266345,102.0363178869552,True,132.7282216657574,True,15.076795999892056,0.08572200033813715,88.52590699866414,12.373130000196397
2026_07_15_gym,flight_53,FLAT,300,ok,True,19,18.0,77.25337502437779,129.4745742507144,True,143.30314866515496,True,15.463536999188364,0.09322199877351522,102.6319450000301,8.447778000496328
2026_07_15_gym,flight_53,FLAT,350,ok,True,22,21.0,24.26582416418708,92.94064170919559,True,155.73288766636202,True,14.993981000036001,0.10220300033688545,114.17746299970895,9.792573999613523
2026_07_15_gym,flight_53,FLAT,400,ok,True,25,24.0,81.38895226006402,129.48426285750048,True,162.9226106662924,True,14.954648001119494,0.10838899947702885,119.19151799939573,12.001388999633491
2026_07_15_gym,flight_53,FLAT,450,ok,True,28,26.999999999999996,30.880470595822768,63.75252569410547,True,165.91690666849414,True,15.304074000567198,0.11407400015741587,122.31022200081497,11.52187000028789
2026_07_15_gym,flight_53,FLAT,490,ok,True,30,29.4,17.303050831242615,41.02341382028531,True,176.03994366868088,True,14.591667000204325,0.11805500090122223,133.1405920004472,11.52296300046146
2026_07_15_gym,flight_53,FLAT,500,ok,True,31,29.999999999999996,46.27219217566626,95.93940637416436,True,179.6972586667786,True,14.826778000220656,0.12094399984925985,136.19761100038886,11.88525899965316
2026_07_15_gym,flight_53,FLAT,550,ok,True,34,33.0,10.357683775043764,16.11264966153657,True,188.57811166687557,True,15.024519000202417,0.12759199924767017,144.7486110003665,12.010723000392318
2026_07_15_gym,flight_53,FLAT,600,ok,False,37,36.0,10.327655796043755,24.685114809154697,True,187.7094826667259,True,15.23333299998194,0.13357499986886978,146.89135199971497,8.784556000493467
2026_07_15_gym,flight_53,FLAT,650,ok,False,40,39.0,25.33332294347598,57.103071304745015,True,195.43038966848204,True,14.952519000507891,0.14053700119256973,154.70596300065517,8.964703999459743
2026_07_15_gym,flight_53,FLAT,700,ok,False,40,42.0,25.33332294347598,57.103071304745015,True,195.3570006682227,True,14.952519000507891,0.14083299972116947,154.63414800073951,8.962834000587463
2026_07_15_gym,flight_53,FLAT,750,ok,False,40,45.0,25.33332294347598,57.103071304745015,True,195.27220466701934,True,14.952519000507891,0.13985199946910143,154.58761100005358,8.925556000322104
2026_07_15_gym,flight_53,FLAT,800,ok,False,40,48.0,25.33332294347598,57.103071304745015,True,194.6253896669174,True,14.952519000507891,0.14127800054848194,153.83474100008607,9.030184999108315
2026_07_15_gym,flight_53,FLAT,850,ok,False,40,50.99999999999999,25.33332294347598,57.103071304745015,True,195.60999966661134,True,14.952519000507891,0.14722200017422438,154.86979599948972,8.973795999772847
2026_07_15_gym,flight_53,FLAT,900,ok,False,40,53.99999999999999,25.33332294347598,57.103071304745015,True,195.59025866600373,True,14.952519000507891,0.15114799980074167,154.8196660000831,9.000258998945355
2026_07_15_gym,flight_53,FLAT,950,ok,False,40,56.99999999999999,25.33332294347598,57.103071304745015,True,195.26453766754517,True,14.952519000507891,0.15048200078308582,154.54955599922687,8.945314000360668
2026_07_15_gym,flight_53,FLAT,1000,ok,False,40,59.99999999999999,25.33332294347598,57.103071304745015,True,194.60003666734943,True,14.952519000507891,0.14083300065249205,153.84490699972957,8.995110999792814
2026_07_15_gym,flight_53,FLAT,1050,ok,False,40,62.99999999999999,25.33332294347598,57.103071304745015,True,195.47940666570017,True,14.952519000507891,0.14057399984449148,154.67498099897057,9.04466599971056
2026_07_15_gym,flight_53,FLAT,1100,ok,False,40,66.0,25.33332294347598,57.103071304745015,True,195.15846366776773,True,14.952519000507891,0.14101900067180395,154.43446299992502,8.963795999996364
2026_07_15_gym,flight_53,FLAT,1150,ok,False,40,69.0,25.33332294347598,57.103071304745015,True,195.4965756672124,True,14.952519000507891,0.1401300011202693,154.75911199953407,8.97814799938351
2026_07_15_gym,flight_53,FLAT,1200,ok,False,40,72.0,25.33332294347598,57.103071304745015,True,194.59603666855642,True,14.952519000507891,0.14012900087982416,153.81577800028026,9.020944000221789
2026_07_15_gym,flight_53,FLAT,1250,ok,False,40,75.0,25.33332294347598,57.103071304745015,True,195.44142566776523,True,14.952519000507891,0.14268500078469515,154.69948100019246,8.980073999613523
2026_07_15_gym,flight_56,FLAT,150,ok,True,10,9.0,37.32823499881318,153.31243826174784,True,141.62268566867957,True,15.07357400096953,0.043573999777436256,100.65164800081402,9.187223000451922
2026_07_15_gym,flight_56,FLAT,200,ok,True,13,12.0,151.07983176468716,336.858278738417,True,132.59890766690174,True,14.842610999941826,0.0860560005530715,89.4370929999277,11.566480999812484
2026_07_15_gym,flight_56,FLAT,250,ok,True,16,14.999999999999998,121.30120526683811,270.4625182252817,True,155.2666296676422,True,15.277240000665188,0.09083299990743399,111.0064080003649,12.225482000038028
2026_07_15_gym,flight_56,FLAT,300,ok,True,19,18.0,144.1647759333845,310.32192893238846,True,147.5516466681535,True,14.942518000490963,0.09714800026267767,106.03420300036669,9.811111000366509
2026_07_15_gym,flight_56,FLAT,350,ok,True,22,21.0,52.72728164812531,131.77121169353296,True,168.20422166741142,True,15.169758999720216,0.10433300025761127,125.15537000074983,11.108093000017107
2026_07_15_gym,flight_56,FLAT,400,ok,True,24,24.0,16.95169200825784,57.452851480463956,True,172.98694566699365,True,15.215815000236034,0.10774099919945002,129.7579260012135,11.238796999678016
2026_07_15_gym,flight_56,FLAT,450,ok,True,27,26.999999999999996,21.319289519061034,62.07989270766146,True,176.69301766591767,True,15.227703999727964,0.11299999989569187,133.18673999980092,11.498906999826431
2026_07_15_gym,flight_56,FLAT,490,ok,True,29,29.4,15.733445012709208,29.689289064243457,True,192.42253466478238,True,15.01466599944979,0.11701799929141998,148.90812900010496,11.716054999269545
2026_07_15_gym,flight_56,FLAT,500,ok,True,30,29.999999999999996,11.963735421047831,32.30180659365544,True,189.62262866615006,True,15.453573998995125,0.12062900047749281,145.6250740000978,11.756684999912977
2026_07_15_gym,flight_56,FLAT,550,ok,False,33,33.0,8.611189861155808,37.2190275465965,True,190.4539996680493,True,15.15327800065279,0.12798199988901615,149.64985100086778,8.856221999973059
2026_07_15_gym,flight_56,FLAT,600,ok,False,36,36.0,4.969055808964209,29.681057424307838,True,189.92374066698054,True,15.01840699929744,0.1342409998178482,149.11248200014234,8.991944001056254
2026_07_15_gym,flight_56,FLAT,650,ok,False,37,39.0,8.027376461368059,12.910935580361876,True,195.24666666767249,True,15.491963000036776,0.13594499975442886,153.9883330008015,8.96375900041312
2026_07_15_gym,flight_56,FLAT,700,ok,False,37,42.0,8.027376461368059,12.910935580361876,True,194.8037216660256,True,15.491963000036776,0.13675899989902973,153.5280369995162,8.980295999906957
2026_07_15_gym,flight_56,FLAT,750,ok,False,37,45.0,8.027376461368059,12.910935580361876,True,195.76198066646853,True,15.491963000036776,0.13442599959671497,154.43483299948275,9.034092000685632
2026_07_15_gym,flight_56,FLAT,800,ok,False,37,48.0,8.027376461368059,12.910935580361876,True,195.71629666785398,True,15.491963000036776,0.13611100055277348,154.39477800019085,9.026778000406921
2026_07_15_gym,flight_56,FLAT,850,ok,False,37,50.99999999999999,8.027376461368059,12.910935580361876,True,195.41314766711244,True,15.491963000036776,0.13474000059068203,154.13627800066024,8.983499999158084
2026_07_15_gym,flight_56,FLAT,900,ok,False,37,53.99999999999999,8.027376461368059,12.910935580361876,True,195.5348886658127,True,15.491963000036776,0.13596300035715103,153.50722199957818,9.73307399917394
2026_07_15_gym,flight_56,FLAT,950,ok,False,37,56.99999999999999,8.027376461368059,12.910935580361876,True,194.75238866514215,True,15.491963000036776,0.13596299942582846,153.4518329994753,9.005962999537587
2026_07_15_gym,flight_56,FLAT,1000,ok,False,37,59.99999999999999,8.027376461368059,12.910935580361876,True,195.33518566812077,True,15.491963000036776,0.13440800085663795,154.0463150003925,8.995833000168204
2026_07_15_gym,flight_56,FLAT,1050,ok,False,37,62.99999999999999,8.027376461368059,12.910935580361876,True,195.70429666681835,True,15.491963000036776,0.13492599967867136,154.3968520006165,9.013888999819756
2026_07_15_gym,flight_56,FLAT,1100,ok,False,37,66.0,8.027376461368059,12.910935580361876,True,195.20320366664478,True,15.491963000036776,0.1451850002631545,154.00127799995244,8.898110999725759
2026_07_15_gym,flight_56,FLAT,1150,ok,False,37,69.0,8.027376461368059,12.910935580361876,True,194.79229666727284,True,15.491963000036776,0.13587100058794022,153.50131499953568,8.996481000445783
2026_07_15_gym,flight_56,FLAT,1200,ok,False,37,72.0,8.027376461368059,12.910935580361876,True,195.319332667316,True,15.491963000036776,0.13572199922055006,154.0324630010873,8.992518000304699
2026_07_15_gym,flight_56,FLAT,1250,ok,False,37,75.0,8.027376461368059,12.910935580361876,True,195.18507366689542,True,15.491963000036776,0.1351480009034276,153.90438899956644,8.986906999722123
2026_07_15_gym,flight_60,FLAT,150,ok,True,10,9.0,157.25621203593565,364.7460125837364,True,119.23535166649769,True,15.256370999850333,0.04283300042152405,74.52474099956453,12.744739999994636
2026_07_15_gym,flight_60,FLAT,200,ok,True,13,12.0,79.51952009582445,225.5676823370008,True,131.1768906690801,True,14.686130000278354,0.08263000100851059,88.55398200079799,11.1874820003286
2026_07_15_gym,flight_60,FLAT,250,ok,True,16,14.999999999999998,31.864732920118858,107.61506682519634,True,135.57709366797158,True,14.90490800049156,0.08931499999016523,91.64681500010192,12.269389000721276
2026_07_15_gym,flight_60,FLAT,300,ok,True,19,18.0,17.48913407746042,80.45544394398458,True,143.66612966793278,True,14.736648000776768,0.0940920002758503,102.69455599971116,9.474167000502348
2026_07_15_gym,flight_60,FLAT,350,ok,True,22,21.0,18.971089757415395,62.829226277605365,True,155.59461066840836,True,14.957018999382854,0.10116600058972836,114.04459200054407,9.825167001225054
2026_07_15_gym,flight_60,FLAT,400,ok,True,25,24.0,16.998963991081105,85.6957191770998,True,161.71031466467926,True,14.702628999948502,0.10794499982148409,119.21112899854779,11.021944999694824
2026_07_15_gym,flight_60,FLAT,450,ok,True,28,26.999999999999996,14.054485708648286,77.06177376777156,True,167.76994366633394,True,15.06729600019753,0.11542599927634001,124.48783299978822,11.432722000405192
2026_07_15_gym,flight_60,FLAT,490,ok,True,30,29.4,17.577518685669954,74.09725496417991,True,176.26490566755334,True,15.041648000478745,0.11983300000429153,132.87287000007927,11.563888000324368
2026_07_15_gym,flight_60,FLAT,500,ok,True,31,29.999999999999996,49.405586933773534,144.31180410352837,True,182.80218466526517,True,15.127925999462605,0.12198100052773952,139.01459199935198,11.871018999256194
2026_07_15_gym,flight_60,FLAT,550,ok,True,34,33.0,54.817296981197494,148.54402069228308,True,188.67316666680077,True,15.136017999611795,0.12709299940615892,144.6197590008378,12.123630000278354
2026_07_15_gym,flight_60,FLAT,600,ok,False,37,36.0,1.300180179479588,44.4128551090507,True,188.656350664484,True,14.948499999009073,0.13518499955534935,148.12242500018328,8.783573999069631
2026_07_15_gym,flight_60,FLAT,650,ok,False,40,39.0,6.870287913709747,26.890870195793887,True,195.57422166566053,True,15.179796000011265,0.14018499944359064,154.56864800024778,9.018925999291241
2026_07_15_gym,flight_60,FLAT,700,ok,False,41,42.0,21.676143219798874,85.21849872303886,True,203.0518146685014,True,15.012241000309587,0.14346300065517426,162.2862590001896,8.943185000680387
2026_07_15_gym,flight_60,FLAT,750,ok,False,41,45.0,21.676143219798874,85.21849872303886,True,203.4889266664783,True,15.012241000309587,0.1434079995378852,162.68762899935246,8.978982000611722
2026_07_15_gym,flight_60,FLAT,800,ok,False,41,48.0,21.676143219798874,85.21849872303886,True,202.29324266562858,True,15.012241000309587,0.14353800006210804,161.45605599880219,9.014740999788046
2026_07_15_gym,flight_60,FLAT,850,ok,False,41,50.99999999999999,21.676143219798874,85.21849872303886,True,203.3144456675897,True,15.012241000309587,0.14312999974936247,162.4635190004483,9.028889000415802
2026_07_15_gym,flight_60,FLAT,900,ok,False,41,53.99999999999999,21.676143219798874,85.21849872303886,True,203.24433366737017,True,15.012241000309587,0.14194400049746037,162.44257399998605,8.980907999910414
2026_07_15_gym,flight_60,FLAT,950,ok,False,41,56.99999999999999,21.676143219798874,85.21849872303886,True,203.60816766663143,True,15.012241000309587,0.14987100008875132,162.80498099979013,8.974407999776304
2026_07_15_gym,flight_60,FLAT,1000,ok,False,41,59.99999999999999,21.676143219798874,85.21849872303886,True,202.6659456665317,True,15.012241000309587,0.14276000019162893,161.83809199929237,9.006186000071466
2026_07_15_gym,flight_60,FLAT,1050,ok,False,41,62.99999999999999,21.676143219798874,85.21849872303886,True,203.24242566774288,True,15.012241000309587,0.14374000020325184,162.4452230008319,8.974554999731481
2026_07_15_gym,flight_60,FLAT,1100,ok,False,41,66.0,21.676143219798874,85.21849872303886,True,202.92486966742823,True,15.012241000309587,0.14179599937051535,162.13144400063902,8.972722000442445
2026_07_15_gym,flight_60,FLAT,1150,ok,False,41,69.0,21.676143219798874,85.21849872303886,True,203.42976066718498,True,15.012241000309587,0.14238899946212769,162.60887099988759,8.999593000859022
2026_07_15_gym,flight_60,FLAT,1200,ok,False,41,72.0,21.676143219798874,85.21849872303886,True,202.3986866675938,True,15.012241000309587,0.1425749994814396,161.56946300063282,9.007741000503302
2026_07_15_gym,flight_60,FLAT,1250,ok,False,41,75.0,21.676143219798874,85.21849872303886,True,203.65948166760305,True,15.012241000309587,0.14251899998635054,162.80964799970388,9.028407000936568
2026_07_21_gym,flight_1,LOB,150,fit_failed,True,10,9.0,,,,,,,,,
2026_07_21_gym,flight_1,LOB,200,ok,True,13,12.0,660.2187904032573,732.2416781239516,True,143.9792776663477,True,14.812593000009656,0.08503699954599142,87.68901799991727,24.72596300020814
2026_07_21_gym,flight_1,LOB,250,ok,True,16,14.999999999999998,370.14082399449484,429.13617477775193,True,150.01451766646156,True,14.807611000724137,0.09185199998319149,96.11585099995136,22.33253699913621
2026_07_21_gym,flight_1,LOB,300,ok,True,19,18.0,280.3003700731813,282.44414702425814,True,164.16718366617957,True,14.963907999917865,0.0975179998204112,108.97420299984515,23.464887999929488
2026_07_21_gym,flight_1,LOB,350,ok,True,21,21.0,241.45691105839435,172.69204119727652,False,171.06238966776678,True,14.918019000440836,0.10290700010955334,121.11579700000584,18.259000000543892
2026_07_21_gym,flight_1,LOB,400,ok,True,24,24.0,178.82643707262386,128.39659436796077,False,184.62327666549632,True,15.136017999611795,0.10822199936956167,132.07222199998796,20.640147999860346
2026_07_21_gym,flight_1,LOB,450,ok,True,26,26.999999999999996,169.41471622750083,152.10770457106477,False,189.21237066636482,True,14.832167000509799,0.11229599919170141,135.73218500055373,21.869055999442935
2026_07_21_gym,flight_1,LOB,490,ok,True,28,29.4,106.41798779164958,88.10138509607563,True,191.34185166625926,True,14.736463000066578,0.1167780002579093,137.9242030000314,21.897740999236703
2026_07_21_gym,flight_1,LOB,500,ok,True,29,29.999999999999996,137.30290843820637,78.72544162069995,True,196.08703766825298,True,14.920167000032961,0.11875900067389011,142.6029260000214,21.77851900085807
2026_07_21_gym,flight_1,LOB,550,ok,True,32,33.0,57.93459416142718,39.6354579393414,True,212.3711486669878,True,14.779277000576258,0.12403699941933155,158.53929700050503,22.26187099982053
2026_07_21_gym,flight_1,LOB,600,ok,True,35,36.0,39.50552973245853,24.68388041739392,True,227.4108516673247,True,14.667147999629378,0.1315930001437664,173.09248100034893,22.852963000535965
2026_07_21_gym,flight_1,LOB,650,ok,True,38,39.0,52.55769746674193,46.83332132624074,True,215.3306846662114,True,14.641444999724627,0.13698099926114082,166.4062959998846,17.479296000674367
2026_07_21_gym,flight_1,LOB,700,ok,True,41,42.0,63.87959734061711,55.40575972957426,True,248.37962966474393,True,14.865221999585629,0.1463709995150566,196.43233299907297,20.26903699990362
2026_07_21_gym,flight_1,LOB,750,ok,True,44,45.0,74.59850263348174,79.63724769460211,True,266.02351966655505,True,15.156870999373496,0.1503889998421073,213.45064800046384,20.598945000208914
2026_07_21_gym,flight_1,LOB,800,ok,True,47,48.0,6.743117321209539,25.466099562594625,True,247.18729666589448,True,14.80599999986589,0.1590929999947548,195.54638899955899,20.009147999808192
2026_07_21_gym,flight_1,LOB,850,ok,True,49,50.99999999999999,28.477399748980385,39.734222831018556,True,253.64135166599104,True,14.741666999645531,0.1604259992018342,201.8617589995265,20.210833000950515
2026_07_21_gym,flight_1,LOB,900,ok,True,52,53.99999999999999,63.56464081633558,138.31737494468095,True,266.1322216658543,True,15.205370000563562,0.16555599961429834,213.5680919997394,20.52653699927032
2026_07_21_gym,flight_1,LOB,950,ok,True,55,56.99999999999999,39.0375506188329,41.48641312014424,True,285.8632416666175,True,14.844407999888062,0.1728339996188879,233.3405370004475,20.838795999996364
2026_07_21_gym,flight_1,LOB,1000,ok,True,58,59.99999999999999,31.255308218196205,68.96128533810675,True,285.0246096678699,True,14.977074000053108,0.17794399987906218,231.99688800051808,21.206037000752985
2026_07_21_gym,flight_1,LOB,1050,ok,True,61,62.99999999999999,7.567901090783209,13.023116656597058,True,290.39124066631,True,15.088278000243008,0.18299999926239252,236.8950740005821,21.558221999555826
2026_07_21_gym,flight_1,LOB,1100,ok,True,64,66.0,49.88400714197026,38.86232403137723,True,299.87311066656065,True,14.90548099949956,0.1903710002079606,244.36818500049412,23.74240699969232
2026_07_21_gym,flight_1,LOB,1150,ok,True,67,69.0,14.640571847641207,32.862172219752985,True,324.2489626655976,True,14.900165999308228,0.19577800016850233,263.009832999669,29.476518999785185
2026_07_21_gym,flight_1,LOB,1200,ok,True,70,72.0,17.143437717536802,4.825641061499491,True,310.22124066731584,True,14.891499999910593,0.211111000739038,254.17225900013,24.279703999869525
2026_07_21_gym,flight_1,LOB,1250,ok,False,71,75.0,41.84914840857294,53.81712542999804,True,299.79998166641843,True,14.793999999761581,0.2039259998127818,254.2355550006032,13.899833999574184
2026_07_21_gym,flight_100,LOB,150,fit_failed,True,10,9.0,,,,,,,,,
2026_07_21_gym,flight_100,LOB,200,ok,True,13,12.0,639.6304391160473,855.3421367306315,True,143.40659266679236,True,14.930278000421822,0.08457399997860193,87.52001900039613,24.20505499932915
2026_07_21_gym,flight_100,LOB,250,ok,True,16,14.999999999999998,481.0536425660726,680.5251790156035,True,150.0243326673905,True,14.980463000014424,0.0932410005480051,96.39462899975479,21.889333000406623
2026_07_21_gym,flight_100,LOB,300,ok,True,18,18.0,412.91144488240553,578.8262046099832,True,157.4077786669756,True,14.727444999851286,0.0963340001180768,103.36692600138485,22.550406998954713
2026_07_21_gym,flight_100,LOB,350,ok,True,21,21.0,267.06615837602567,342.3911664846515,True,166.50690566810468,True,14.928796000778675,0.10240700095891953,116.86429599951953,17.9447400001809
2026_07_21_gym,flight_100,LOB,400,ok,True,24,24.0,275.88215392757,415.3595729778805,True,181.97548166724542,True,15.188815000467002,0.10755599942058325,129.11940700002015,20.89303700067103
2026_07_21_gym,flight_100,LOB,450,ok,True,26,26.999999999999996,256.38339359621546,383.5894206390212,True,195.04259366604188,True,14.80435200035572,0.11259299889206886,142.1609079996124,21.298074000515044
2026_07_21_gym,flight_100,LOB,490,ok,True,28,29.4,210.17234546677795,319.2837419446932,True,192.7762226682777,True,14.813055001199245,0.11638900078833103,139.4156299997121,21.764481999911368
2026_07_21_gym,flight_100,LOB,500,ok,True,29,29.999999999999996,176.00709765772913,286.1904236747337,True,200.4475726649786,True,14.691296000033617,0.11942599900066853,146.90309199970216,22.067091999575496
2026_07_21_gym,flight_100,LOB,550,ok,True,32,33.0,158.26744828555005,238.47784519443243,True,216.96262866600105,True,14.818184999749064,0.12388900015503168,161.90107399970293,23.45281399972737
2026_07_21_gym,flight_100,LOB,600,ok,True,34,36.0,97.32346211581934,157.20821143391592,True,214.20586966599026,True,14.925722000189126,0.13064799923449755,165.44459199998528,17.038240999914706
2026_07_21_gym,flight_100,LOB,650,ok,True,37,39.0,108.06856952699027,153.18044882001175,True,236.0462406684334,True,14.953796000219882,0.1351480009034276,184.88422300014645,19.406407000496984
2026_07_21_gym,flight_100,LOB,700,ok,True,40,42.0,88.7501890975711,134.12316440424064,True,228.04507266699025,True,15.00259300135076,0.14088799990713596,176.5000739991665,19.73485099989921
2026_07_21_gym,flight_100,LOB,750,ok,True,42,45.0,106.28869575323736,153.7575443704096,True,238.7778156666706,True,14.596555999480188,0.1454260004684329,187.59335200022906,19.775814999826252
2026_07_21_gym,flight_100,LOB,800,ok,True,44,48.0,62.17726386054344,94.98395622969193,True,250.2904446662093,True,14.720980999991298,0.1511119995266199,198.41068500094116,20.34099999908358
2026_07_21_gym,flight_100,LOB,850,ok,True,47,50.99999999999999,40.699265997321206,63.22249768803625,True,262.5932406677554,True,14.78033300023526,0.15622300002723932,210.21255499962717,20.777463001199067
2026_07_21_gym,flight_100,LOB,900,ok,True,50,53.99999999999999,31.493466623365666,42.7601974611396,True,273.1426286675657,True,14.539296000264585,0.16116700042039156,220.95935099944472,20.816148000769317
2026_07_21_gym,flight_100,LOB,950,ok,True,53,56.99999999999999,46.51986159505428,65.43548976474386,True,277.24485166619223,True,15.064592999406159,0.16701800003647804,224.29138900060207,21.055184999480844
2026_07_21_gym,flight_100,LOB,1000,ok,True,56,59.99999999999999,28.550164475667394,44.42770662320552,True,288.7889066680024,True,15.044944001361728,0.17331499978899956,235.5492030000314,21.3547780001536
2026_07_21_gym,flight_100,LOB,1050,ok,True,58,62.99999999999999,40.138789033536135,57.744330436707344,True,293.5687596673767,True,14.984741000458598,0.17761099990457296,238.14161099959165,23.59813000075519
2026_07_21_gym,flight_100,LOB,1100,ok,True,60,66.0,27.219899602028274,36.07182100884843,True,365.1953706663723,True,15.054889000020921,0.18057399988174438,309.42366699967533,23.869574000127614
2026_07_21_gym,flight_100,LOB,1150,ok,False,63,69.0,26.14690803355382,33.894154495517306,True,300.688537667195,True,14.837908000685275,0.18761099968105555,253.2602039994672,15.736148000694811
2026_07_21_gym,flight_100,LOB,1200,ok,False,66,72.0,32.970214389029024,41.47068989532623,True,298.81846366698545,True,14.931111000478268,0.19392600003629923,250.4094449998811,16.61731499992311
2026_07_21_gym,flight_100,LOB,1250,ok,False,69,75.0,15.784339404506882,25.17845036958715,True,313.17550066734356,True,14.90168600063771,0.20233300048857927,265.3695000000298,16.03531499952078
2026_07_21_gym,flight_103,LOB,150,fit_failed,True,10,9.0,,,,,,,,,
2026_07_21_gym,flight_103,LOB,200,ok,True,13,12.0,424.78972225022454,532.3464592311478,True,150.68624166647592,True,14.742184999398887,0.08476000092923641,92.77144499961287,26.421184999868274
2026_07_21_gym,flight_103,LOB,250,ok,True,16,14.999999999999998,412.5698765789657,545.1829242325396,True,159.3383166665832,True,15.036926000379026,0.09162999875843525,102.61983400024474,24.923260000534356
2026_07_21_gym,flight_103,LOB,300,ok,True,19,18.0,480.21920790071937,594.1287176927053,True,158.51623966606954,True,14.78814799990505,0.09740700013935566,101.84549999982119,25.11851799953729
2026_07_21_gym,flight_103,LOB,350,ok,True,22,21.0,435.8581596780255,547.9936646605591,True,177.22546366757402,True,14.795537000522017,0.10412999987602234,125.61551799997687,20.04361200053245
2026_07_21_gym,flight_103,LOB,400,ok,True,25,24.0,289.6433608792209,372.22791733423446,True,192.15851666840413,True,14.778110999614,0.11020300071686506,137.7222400009632,22.8812960004434
2026_07_21_gym,flight_103,LOB,450,ok,True,28,26.999999999999996,197.10042013597754,205.5488896053169,True,204.991591667446,True,14.770426000468433,0.11564800050109625,150.63742500077933,22.80142599903047
2026_07_21_gym,flight_103,LOB,490,ok,True,30,29.4,148.0756345359553,156.38894643337707,True,212.21903766846904,True,14.824982000514865,0.12364799994975328,157.47529600095004,23.128445000387728
2026_07_21_gym,flight_103,LOB,500,ok,True,31,29.999999999999996,106.42673431246283,132.78547345575225,True,221.63050066741803,True,14.672592000104487,0.12413000036031008,166.9230930004269,23.24401899985969
2026_07_21_gym,flight_103,LOB,550,ok,True,34,33.0,164.9093077586991,234.05021616785504,True,223.92683466585973,True,14.706295999698341,0.12972299940884113,168.45394499972463,23.970204000361264
2026_07_21_gym,flight_103,LOB,600,ok,True,37,36.0,170.58414929557958,247.76273926816538,True,232.86098266641298,True,14.669389000162482,0.13557399902492762,182.49737100023776,18.89198200032115
2026_07_21_gym,flight_103,LOB,650,ok,True,38,39.0,164.73914839850963,236.69751486722987,True,229.12840666497746,True,14.560184999369085,0.13666599988937378,179.2374999988824,18.527389000169933
2026_07_21_gym,flight_103,LOB,700,ok,True,40,42.0,48.222424564298244,80.80671225403567,True,247.3025186654801,True,14.946907998993993,0.14292600005865097,194.48553599976003,21.060482000000775
2026_07_21_gym,flight_103,LOB,750,ok,True,42,45.0,133.5178770488799,199.29109343211474,True,261.7603706667821,True,14.774852000176907,0.1478329999372363,208.94487100001425,21.226147999987006
2026_07_21_gym,flight_103,LOB,800,ok,True,45,48.0,140.87381787939455,222.1842172359744,True,270.95357366620254,True,15.039499999955297,0.1526110004633665,217.50703599955887,21.58775999955833
2026_07_21_gym,flight_103,LOB,850,ok,True,48,50.99999999999999,88.0370885134677,136.90311920693955,True,279.91175866654766,True,14.739795999601483,0.15914800018072128,225.73286999948323,22.613278000615537
2026_07_21_gym,flight_103,LOB,900,ok,True,51,53.99999999999999,72.73305543651746,113.75246067141691,True,301.9979616679872,True,15.186092000454664,0.16490700002759695,247.89859300013632,22.081703000701964
2026_07_21_gym,flight_103,LOB,950,ok,True,53,56.99999999999999,64.81717064464478,103.35445315794709,True,298.20416566791636,True,14.844703000038862,0.1676850002259016,244.06485200114548,22.460258999839425
2026_07_21_gym,flight_103,LOB,1000,ok,True,56,59.99999999999999,22.813261949900138,19.434894919952796,True,304.98327766607207,True,15.115258999168873,0.17483300063759089,250.11961100064218,22.90690799895674
2026_07_21_gym,flight_103,LOB,1050,ok,True,58,62.99999999999999,38.86828561075032,63.53789834897395,True,309.1849456668521,True,14.927352000027895,0.17851899936795235,252.50338900089264,24.909018999896944
2026_07_21_gym,flight_103,LOB,1100,ok,True,61,66.0,25.598904642894524,42.30148238002156,True,321.3665926658238,True,14.65761199966073,0.19607399869710207,264.41201800014824,25.43422200065106
2026_07_21_gym,flight_103,LOB,1150,ok,True,64,69.0,16.687965740850426,22.261483535508656,True,335.06792566521716,True,14.608962999656796,0.19120399933308363,277.948443999514,25.65264800004661
2026_07_21_gym,flight_103,LOB,1200,ok,False,65,72.0,25.663751466960296,33.750973570029096,True,324.2675366677965,True,15.00127699971199,0.19263000041246414,275.8092410005629,16.597722000442445
2026_07_21_gym,flight_103,LOB,1250,ok,False,68,75.0,18.84386294265158,43.397933514572145,True,326.8170726678024,True,14.886759000830352,0.1988890003412962,278.20074000023305,16.864017999731004
2026_07_21_gym,flight_104,LOB,150,fit_failed,True,9,9.0,,,,,,,,,
2026_07_21_gym,flight_104,LOB,200,ok,True,12,12.0,899.3839983211748,800.7786594430507,False,147.7347966680924,True,14.728056000545621,0.08257399965077639,88.64046300016344,27.61703700106591
2026_07_21_gym,flight_104,LOB,250,ok,True,15,14.999999999999998,999.634677811386,912.9040960537028,False,162.71772266707072,True,14.762408000417054,0.090315000154078,99.1227409997955,32.07559200003743
2026_07_21_gym,flight_104,LOB,300,ok,True,18,18.0,889.36236027997,830.5112310696599,False,159.26766766576716,True,15.015296999365091,0.09649999998509884,102.34096300043166,25.14824099931866
2026_07_21_gym,flight_104,LOB,350,ok,True,21,21.0,712.9920840851358,676.0906594589153,False,178.6768326681728,True,14.706462999805808,0.10322200041264296,120.3078140001744,26.892667001113296
2026_07_21_gym,flight_104,LOB,400,ok,True,24,24.0,318.91271483742383,214.9822313888611,True,182.28809266692647,True,14.631148000247777,0.109073999337852,130.71007400099188,20.171129999682307
2026_07_21_gym,flight_104,LOB,450,ok,True,27,26.999999999999996,275.13587117327535,213.09311148461748,True,195.78324166468033,True,14.855740999802947,0.11490799952298403,141.3056849995628,22.840240999124944
2026_07_21_gym,flight_104,LOB,490,ok,True,29,29.4,554.6295721493426,543.6040497429052,False,199.12607466584691,True,14.551296999678016,0.11885199975222349,143.81683399993926,23.972424999810755
2026_07_21_gym,flight_104,LOB,500,ok,True,30,29.999999999999996,517.2052149810982,505.711622444293,False,204.29133366482952,True,14.577462999150157,0.12127799913287163,148.96724099945277,23.958685000427067
2026_07_21_gym,flight_104,LOB,550,ok,True,31,33.0,325.411224509462,218.9700815479365,True,210.490628665934,True,15.220980999991298,0.12273999955505133,154.4744259994477,24.005815000273287
2026_07_21_gym,flight_104,LOB,600,ok,True,34,36.0,314.7074736176648,293.9060998632014,True,230.68577766573677,True,14.786944000050426,0.12924099899828434,172.18707400094718,26.91585199907422
2026_07_21_gym,flight_104,LOB,650,ok,True,37,39.0,210.10603930588965,160.7939649751825,True,244.060907666261,True,15.119926000013947,0.1366849998012185,184.90081499982625,27.236814999952912
2026_07_21_gym,flight_104,LOB,700,ok,True,40,42.0,53.889971371687224,46.14889694949088,True,240.9758896684895,True,14.685463001020253,0.1412220010533929,190.60924099944532,18.873297000303864
2026_07_21_gym,flight_104,LOB,750,ok,True,43,45.0,73.31332305110925,74.4495105728296,True,258.53144466659677,True,14.88518499955535,0.14796300046145916,204.64746299944818,22.184167000465095
2026_07_21_gym,flight_104,LOB,800,ok,True,46,48.0,74.08285054865136,60.39755366384261,True,261.3735926679025,True,14.932074000127614,0.15561100002378225,207.8808890003711,21.73835200071335
2026_07_21_gym,flight_104,LOB,850,ok,True,49,50.99999999999999,65.25727115472941,54.513647970813,True,266.2528346680726,True,15.153648000210524,0.15927799977362156,212.21713000070304,22.056112000718713
2026_07_21_gym,flight_104,LOB,900,ok,True,52,53.99999999999999,46.10049293901968,29.113062745671275,True,280.63487066763145,True,14.674185999669135,0.16592600103467703,226.6941290004179,22.43396299984306
2026_07_21_gym,flight_104,LOB,950,ok,True,55,56.99999999999999,20.823275478425263,21.77024927328447,True,291.5466846662263,True,14.751463000662625,0.171314999461174,236.31594400014728,23.64129599928856
2026_07_21_gym,flight_104,LOB,1000,ok,True,58,59.99999999999999,20.77646810079468,16.858282822431633,True,295.3494066667433,True,14.88227800000459,0.17757400032132864,240.5846659997478,23.03822200000286
2026_07_21_gym,flight_104,LOB,1050,ok,True,61,62.99999999999999,32.915831448283576,14.926846522492458,True,303.2941106647874,True,14.889369999058545,0.1843520002439618,246.42031499929726,25.133406999520957
2026_07_21_gym,flight_104,LOB,1100,ok,True,64,66.0,44.74831049164921,41.85514929264416,True,312.8476676649104,True,14.922685999423265,0.18918500002473593,255.59288899973035,25.47624099906534
2026_07_21_gym,flight_104,LOB,1150,ok,True,67,69.0,20.925512397416007,7.676513165511989,True,316.3888516665126,True,14.451073999516666,0.1954260002821684,259.3061480000615,25.769536999985576
2026_07_21_gym,flight_104,LOB,1200,ok,True,70,72.0,46.37134414605101,62.75081857300954,True,325.5869256674002,True,14.788704000413418,0.20249999966472387,267.88992600049824,26.039129000157118
2026_07_21_gym,flight_104,LOB,1250,ok,True,73,75.0,35.65519440607298,49.940771313980925,True,325.94301866615814,True,14.610889000818133,0.2083699991926551,267.00142600014806,27.455666999332607
2026_07_21_gym,flight_106,LOB,150,fit_failed,True,10,9.0,,,,,,,,,
2026_07_21_gym,flight_106,LOB,200,fit_failed,True,13,12.0,,,,,,,,,
2026_07_21_gym,flight_106,LOB,250,fit_failed,True,16,14.999999999999998,,,,,,,,,
2026_07_21_gym,flight_106,LOB,300,ok,True,19,18.0,725.3781234371012,500.4542970985792,True,162.93518566867957,True,14.752945001237094,0.10316700115799904,107.75036999955773,23.66203700006008
2026_07_21_gym,flight_106,LOB,350,ok,True,22,21.0,590.5600434925176,650.0894054129981,True,174.07648166610548,True,14.679702999070287,0.10453800112009048,117.50427799951285,25.121295999735594
2026_07_21_gym,flight_106,LOB,400,ok,True,25,24.0,314.89615193933685,357.4488176212047,True,175.0177596664677,True,14.825296999886632,0.10927799995988607,124.11733299959451,19.299185000360012
2026_07_21_gym,flight_106,LOB,450,ok,True,28,26.999999999999996,278.1524165662275,305.95180328146745,True,187.54646166569242,True,14.785777000710368,0.11620399914681911,133.98892499972135,21.988888999447227
2026_07_21_gym,flight_106,LOB,490,ok,True,30,29.4,461.15877420123604,533.6368670413667,True,201.0245566672335,True,14.603575000539422,0.1196670001372695,146.75038899946958,22.88425900042057
2026_07_21_gym,flight_106,LOB,500,ok,True,31,29.999999999999996,479.87181434209117,558.1867919046408,True,202.05192466514805,True,14.712888999842107,0.12309200037270784,147.3130549993366,23.236221998929977
2026_07_21_gym,flight_106,LOB,550,ok,True,34,33.0,424.2462308472641,499.9263250280976,True,210.66777866582075,True,15.298777999356389,0.12918500043451786,154.78535199910402,23.78779700025916
2026_07_21_gym,flight_106,LOB,600,ok,True,36,36.0,379.87121300806507,450.2548682580256,True,212.91772166794786,True,14.700907999649644,0.13290700037032366,157.8804440004751,23.536796000786126
2026_07_21_gym,flight_106,LOB,650,ok,True,39,39.0,401.6471577692075,475.23258007099554,True,223.27244466698417,True,14.60407399944961,0.13992599956691265,165.63216700032353,26.229611000977457
2026_07_21_gym,flight_106,LOB,700,ok,True,42,42.0,163.41608863837172,169.60619155614035,True,240.3829806667442,True,14.813648000359535,0.1452029999345541,190.61574099957943,18.141722000204027
2026_07_21_gym,flight_106,LOB,750,ok,True,45,45.0,127.02367728175226,142.31199900399508,True,240.3922576677675,True,14.89720300026238,0.15211100038141012,187.99170299991965,20.684574000537395
2026_07_21_gym,flight_106,LOB,800,ok,True,48,48.0,110.84726749101455,122.23911613968484,True,261.63855566612136,True,14.791758999228477,0.15816700085997581,209.41474099922925,20.60722200013697
2026_07_21_gym,flight_106,LOB,850,ok,True,50,50.99999999999999,100.93128873643397,105.93535793048673,True,258.44166566586745,True,14.561981000006199,0.17646299954503775,205.9329439997673,21.10361099988222
2026_07_21_gym,flight_106,LOB,900,ok,True,53,53.99999999999999,162.13039658635543,195.79452278864835,True,262.4117776655282,True,14.764110999181867,0.16703699994832277,209.47253699973226,21.341425999999046
2026_07_21_gym,flight_106,LOB,950,ok,True,55,56.99999999999999,49.697139826354196,53.498922290283595,True,272.9085746655862,True,14.79581500031054,0.1716109998524189,219.55861099995673,21.7158709987998
2026_07_21_gym,flight_106,LOB,1000,ok,True,58,59.99999999999999,36.56453824778215,27.19451202975761,True,283.53259166671586,True,14.789425999857485,0.1782960006967187,229.96961099933833,21.92859200015664
2026_07_21_gym,flight_106,LOB,1050,ok,True,61,62.99999999999999,48.57517418473133,57.757316120435625,True,285.73522266621393,True,14.72118499968201,0.18329699989408255,230.02933300100267,24.134740998968482
2026_07_21_gym,flight_106,LOB,1100,ok,True,64,66.0,14.748971122298908,11.471861845036573,True,301.7896106677751,True,14.79601800069213,0.18916700035333633,245.52301800064743,24.614740999415517
2026_07_21_gym,flight_106,LOB,1150,ok,True,67,69.0,26.33815513950798,24.3203254997689,True,307.45427866528433,True,14.915518999099731,0.19501900020986795,250.05340699944645,25.623666999861598
2026_07_21_gym,flight_106,LOB,1200,ok,True,70,72.0,9.725919201837758,18.000029887252122,True,307.22896266604465,True,14.72307400032878,0.2017219988629222,250.56688900012523,25.070611000061035
2026_07_21_gym,flight_106,LOB,1250,ok,True,73,75.0,4.915002119110768,24.066331358018363,True,311.2743706662829,True,14.572296999394894,0.20703699998557568,254.44155600015074,25.386814000084996
2026_07_21_gym,flight_107,LOB,150,ok,True,10,9.0,1393.2388460700806,1402.1537262780423,False,137.71925966689983,True,14.865462999790907,0.04487000033259392,73.99794500041753,32.14431499969214
2026_07_21_gym,flight_107,LOB,200,ok,True,13,12.0,1438.6775045211214,1393.8899527374097,False,147.14014766799906,True,14.728426000103354,0.08494400046765804,87.71033300086856,27.94977799989283
2026_07_21_gym,flight_107,LOB,250,ok,True,16,14.999999999999998,727.8456792429919,781.1349529979731,False,144.74748166433224,True,14.90194399934262,0.08996299933642149,87.52083399984986,25.568073999136686
2026_07_21_gym,flight_107,LOB,300,ok,True,19,18.0,1341.0416537879742,1261.5849531188653,False,160.53446266675988,True,14.853073999285698,0.09559299983084202,102.51979600079358,26.399333000183105
2026_07_21_gym,flight_107,LOB,350,ok,True,22,21.0,502.90746574081953,537.0774658070161,False,182.96305466877917,True,14.917815000750124,0.10196200013160706,123.6601670011878,27.616444000042975
2026_07_21_gym,flight_107,LOB,400,ok,True,25,24.0,269.54278498805974,284.2534506051683,True,192.84590766734132,True,14.69622200075537,0.10857400018721819,136.78172199986875,24.592722999863327
2026_07_21_gym,flight_107,LOB,450,ok,True,28,26.999999999999996,313.04493687115695,334.8443192183972,True,207.0354806665952,True,14.706036999821663,0.12342599965631962,150.6811659997329,24.85818500071764
2026_07_21_gym,flight_107,LOB,490,ok,True,30,29.4,243.3380489314801,250.41418633737257,True,216.73055566723147,True,14.911241000518203,0.1196299996227026,159.793166000396,25.239852000027895
2026_07_21_gym,flight_107,LOB,500,ok,True,31,29.999999999999996,148.741196638756,151.94744724001805,True,224.06783466568837,True,14.722814999520779,0.12183399964123964,168.19055599998683,24.365962999872863
2026_07_21_gym,flight_107,LOB,550,ok,True,34,33.0,229.61040545761242,239.9103812214136,True,230.4367766647289,True,15.017129000276327,0.12770399916917086,173.53349999897182,25.091776999644935
2026_07_21_gym,flight_107,LOB,600,ok,True,37,36.0,185.21156297509745,196.34350300718302,True,245.55918466734389,True,14.802591999992728,0.1338330004364252,186.2992970002815,27.656795999966562
2026_07_21_gym,flight_107,LOB,650,ok,True,40,39.0,332.440118070719,371.30993427281203,True,233.0875196677322,True,14.796814000234008,0.13937100023031235,183.1644820002839,18.320186000317335
2026_07_21_gym,flight_107,LOB,700,ok,True,43,42.0,350.4393094659161,389.85783518759524,True,263.44572266718995,True,14.5418889997527,0.1462969994172454,208.64525900036097,23.445611000992358
2026_07_21_gym,flight_107,LOB,750,ok,True,46,45.0,224.10766622808703,251.30319470098723,True,320.0007046653579,True,14.79455600026995,0.15294399950653315,264.96462999936193,23.421907999552786
2026_07_21_gym,flight_107,LOB,800,ok,True,49,48.0,196.95751570340093,219.35359156181042,True,272.2910726654033,True,14.856537000276148,0.15907400008291006,218.12123999930918,22.48755499906838
2026_07_21_gym,flight_107,LOB,850,ok,True,52,50.99999999999999,115.7148798385169,132.54688689948784,True,285.52292666646343,True,14.757018999196589,0.16481500025838614,231.33166700042784,22.60275899991393
2026_07_21_gym,flight_107,LOB,900,ok,True,55,53.99999999999999,107.0035032148881,120.55941729467297,True,292.43259066684794,True,14.857444000430405,0.17996300011873245,237.7563140001148,22.97220299951732
2026_07_21_gym,flight_107,LOB,950,ok,True,58,56.99999999999999,71.74832127747757,79.65416662608799,True,300.4204636650781,True,14.642907999455929,0.17611199989914894,245.59909199923277,23.33568499982357
2026_07_21_gym,flight_107,LOB,1000,ok,True,61,59.99999999999999,52.93529345253443,55.87702623901666,True,306.3790006681035,True,14.646260000765324,0.18255599960684776,251.292555000633,23.590963000431657
2026_07_21_gym,flight_107,LOB,1050,ok,True,64,62.99999999999999,49.98953639537,55.19061336877386,True,321.28135166751844,True,14.68563000112772,0.1880369996652007,263.52846299950033,26.212555000558496
2026_07_21_gym,flight_107,LOB,1100,ok,True,67,66.0,36.749042611475794,41.203455111263395,True,321.0586666647966,True,14.690666999667883,0.1964259995147586,263.0848699994385,26.42003699950874
2026_07_21_gym,flight_107,LOB,1150,ok,True,70,69.0,81.12878022731044,76.0113097130908,True,327.2272216665248,True,15.401499999687076,0.20150000043213367,268.3392399996519,26.618315000087023
2026_07_21_gym,flight_107,LOB,1200,ok,True,73,72.0,47.618278796804056,87.92213672442979,True,333.3347216645877,True,14.615443999879062,0.20768499933183193,274.7585549997166,27.086370998993516
2026_07_21_gym,flight_107,LOB,1250,ok,True,76,75.0,54.86014199838482,72.54939811712804,True,340.73877766604227,True,14.740147999487817,0.2151480009779334,282.0222959993407,27.094518999569118
2026_07_21_gym,flight_108,LOB,150,fit_failed,True,9,9.0,,,,,,,,,
2026_07_21_gym,flight_108,LOB,200,fit_failed,True,12,12.0,,,,,,,,,
2026_07_21_gym,flight_108,LOB,250,fit_failed,True,15,14.999999999999998,,,,,,,,,
2026_07_21_gym,flight_108,LOB,300,ok,True,16,18.0,478.3241570134634,499.57258136289056,True,159.85029466791698,True,14.72518500033766,0.09096199925988913,102.49192600045353,25.875555001199245
2026_07_21_gym,flight_108,LOB,350,ok,True,19,21.0,161.37620208630045,155.66933690994915,True,186.25201766813794,True,15.053648000583053,0.09816600102931261,128.21333299949765,26.220204000361264
2026_07_21_gym,flight_108,LOB,400,ok,True,22,24.0,51.52489244174805,63.12766052278842,True,202.70007366656014,True,14.730537000112236,0.10540700051933527,148.413388999179,22.78407400008291
2026_07_21_gym,flight_108,LOB,450,ok,True,25,26.999999999999996,651.0689219625523,535.6941969945251,True,215.70270266632238,True,14.945000000298023,0.11286999937146902,160.02450000029057,23.95366599969566
2026_07_21_gym,flight_108,LOB,490,ok,True,27,29.4,199.14942335806765,223.63461777899337,True,211.9779806646208,True,14.722295999526978,0.11492599919438362,156.3142959997058,24.159795999526978
2026_07_21_gym,flight_108,LOB,500,ok,True,28,29.999999999999996,199.14950294004805,223.63471682110352,True,217.53596366631487,True,15.219814999960363,0.11931499931961298,161.14105600025505,24.38911100011319
2026_07_21_gym,flight_108,LOB,550,ok,True,30,33.0,216.86993983190698,209.98140700293226,True,234.69861066589752,True,14.760221999138594,0.12048100028187037,178.33327799942344,24.817963000386953
2026_07_21_gym,flight_108,LOB,600,ok,True,33,36.0,333.94625565167837,359.09383258534217,True,229.44162866814682,True,14.753073999658227,0.12701799999922514,169.11029600072652,28.78457400109619
2026_07_21_gym,flight_108,LOB,650,ok,True,36,39.0,134.99679950583976,157.61091084131985,True,237.3771676669518,True,15.015111000277102,0.132833999581635,186.5606479998678,19.001908000558615
2026_07_21_gym,flight_108,LOB,700,ok,True,39,42.0,46.42241968152034,63.4923609250675,True,263.4877966657902,True,15.004739999771118,0.1388709992170334,209.97153700049967,21.705981999635696
2026_07_21_gym,flight_108,LOB,750,ok,True,42,45.0,224.22072051274324,194.54335879678524,True,262.2408686668302,True,14.538128999993205,0.14512899983674288,208.75029600039124,22.140647999942303
2026_07_21_gym,flight_108,LOB,800,ok,True,45,48.0,38.273771972214014,55.695043567651204,True,272.3570006682227,True,14.752667000517249,0.15179700031876564,218.40922200027853,22.37664800044149
2026_07_21_gym,flight_108,LOB,850,ok,True,47,50.99999999999999,8.89809573839398,20.70195568405035,True,281.1750366666044,True,14.649888999760151,0.1551299998536706,226.21901800017804,23.484333000145853
2026_07_21_gym,flight_108,LOB,900,ok,True,50,53.99999999999999,39.96054126526035,52.99366436749374,True,289.10049966784817,True,14.747666999697685,0.16270400024950504,234.43644400127232,23.087017999961972
2026_07_21_gym,flight_108,LOB,950,ok,True,53,56.99999999999999,9.963931891891256,32.90033934278983,True,301.4058516646425,True,14.81453699991107,0.16848199907690287,246.42620299942791,23.32996299955994
2026_07_21_gym,flight_108,LOB,1000,ok,True,56,59.99999999999999,30.208609015022816,52.743440737616474,True,313.9308876671518,True,14.588740000501275,0.17385199945420027,258.8852220000699,23.61640700045973
2026_07_21_gym,flight_108,LOB,1050,ok,True,59,62.99999999999999,29.95966250258099,44.9744195022391,True,315.74872266749543,True,14.703925999812782,0.1787040000781417,258.21124100033194,25.98818500060588
2026_07_21_gym,flight_108,LOB,1100,ok,True,62,66.0,8.475555153606642,14.38474210224796,True,320.92335166564834,True,14.650073999539018,0.18486999906599522,263.1381850000471,26.283556000329554
2026_07_21_gym,flight_108,LOB,1150,ok,True,65,69.0,16.904396869989785,37.62625979811032,True,322.0464806665356,True,14.727870000526309,0.1908140005543828,263.83288899902254,26.628240999765694
2026_07_21_gym,flight_108,LOB,1200,ok,True,68,72.0,66.9132247893644,81.37939700746612,True,336.37564666724455,True,15.218165999278426,0.208147999830544,277.40783300064504,26.874833000823855
2026_07_21_gym,flight_108,LOB,1250,ok,True,70,75.0,31.932177669779477,48.97579836815964,True,337.0644626670207,True,14.930370000191033,0.20518500078469515,278.06924099940807,27.192999999970198
2026_07_21_gym,flight_109,LOB,150,ok,True,10,9.0,356.77546417342586,427.60784618653867,True,125.34724166772018,True,14.82383400015533,0.0474630007520318,70.1614069994539,23.64787100069225
2026_07_21_gym,flight_109,LOB,200,ok,True,13,12.0,448.1267729306604,452.4126871492725,True,138.62257366689542,True,14.73944399971515,0.08396300021559,87.189871000126,19.94262900017202
2026_07_21_gym,flight_109,LOB,250,ok,True,16,14.999999999999998,373.8779620568085,379.4489404325623,True,150.153517667825,True,14.660500000230968,0.09336999990046024,95.4335920009762,23.299389000050724
2026_07_21_gym,flight_109,LOB,300,ok,True,19,18.0,266.2592295383553,292.23055390070687,True,168.7638696671153,True,14.863722000271082,0.09831500053405762,112.68292499985546,24.452240999788046
2026_07_21_gym,flight_109,LOB,350,ok,True,22,21.0,251.52946638990133,289.2835591531874,True,177.29948166726777,True,14.52192599978298,0.10527800023555756,126.65490700025111,19.35070400033146
2026_07_21_gym,flight_109,LOB,400,ok,True,25,24.0,187.72046970688874,292.4404589019274,True,179.99514766751477,True,14.986258999444544,0.111778000369668,127.34157400019467,20.888870000839233
2026_07_21_gym,flight_109,LOB,450,ok,True,28,26.999999999999996,139.03435471376142,197.6386767343222,True,196.59812966703126,True,14.88761099986732,0.11740799993276596,143.30844400078058,21.617999999783933
2026_07_21_gym,flight_109,LOB,490,ok,True,30,29.4,148.22983178482355,197.90056928702407,True,207.57099966487536,True,14.764814999885857,0.12086999882012606,154.10442599933594,21.914222000166774
2026_07_21_gym,flight_109,LOB,500,ok,True,31,29.999999999999996,134.0549898746021,210.05370895282837,True,212.69398066742966,True,14.881277999840677,0.12385200057178736,158.9815180003643,22.04066599998623
2026_07_21_gym,flight_109,LOB,550,ok,True,34,33.0,110.63097547616078,177.0267619428594,True,205.93398066392788,True,14.94416599906981,0.12988899927586317,159.25261099915951,14.940647999756038
2026_07_21_gym,flight_109,LOB,600,ok,True,36,36.0,98.6016927689146,153.17284916923808,True,217.71564866664508,True,14.662463000044227,0.13398199994117022,168.97099999990314,17.281537000089884
2026_07_21_gym,flight_109,LOB,650,ok,True,39,39.0,85.79024841605982,130.56942486934642,True,234.17657266712436,True,14.890221999958158,0.13868500012904406,183.14951799996197,19.33148100040853
2026_07_21_gym,flight_109,LOB,700,ok,True,42,42.0,63.65434729262092,98.1378497864059,True,238.20237066658834,True,14.78046299982816,0.14424100052565336,186.79211100004613,19.818888999521732
2026_07_21_gym,flight_109,LOB,750,ok,True,45,45.0,49.266138018154116,78.24990185547628,True,253.48461166551957,True,14.822832999750972,0.15175999887287617,201.84687000047415,19.996481999754906
2026_07_21_gym,flight_109,LOB,800,ok,True,48,48.0,43.98844009940157,68.15243287798951,True,258.38681466660154,True,14.9586300002411,0.15877799969166517,206.1717960005626,20.430943999439478
2026_07_21_gym,flight_109,LOB,850,ok,True,51,50.99999999999999,47.661368475820844,77.40260652600944,True,265.6232406670849,True,14.8331110002473,0.1646299995481968,213.29568499978632,20.663148000836372
2026_07_21_gym,flight_109,LOB,900,ok,True,54,53.99999999999999,42.295947287436185,61.73738619875694,True,274.47327766815823,True,14.453537000343204,0.16931500006467104,222.08453700039536,21.099222000688314
2026_07_21_gym,flight_109,LOB,950,ok,True,57,56.99999999999999,27.881653732583615,44.20388410165604,True,285.2045546664546,True,14.619814000092447,0.17649999912828207,232.39522200077772,21.346351999789476
2026_07_21_gym,flight_109,LOB,1000,ok,True,60,59.99999999999999,15.70694654624063,25.924441440888007,True,297.00472266568494,True,14.714925999753177,0.1818889994174242,243.78290800005198,21.658332999795675
2026_07_21_gym,flight_109,LOB,1050,ok,True,63,62.99999999999999,15.695607020185651,20.578351331684264,True,298.3849256668861,True,14.796037000603974,0.1879629995673895,243.18470399919897,23.549555000849068
2026_07_21_gym,flight_109,LOB,1100,ok,False,66,66.0,109.8827021294776,131.59454761330463,True,327.78779566815746,True,14.785315000452101,0.1959259994328022,280.32564800046384,15.814240001142025
2026_07_21_gym,flight_109,LOB,1150,ok,False,69,69.0,19.198920949595117,17.804109055830054,True,305.46175966660184,True,14.879758999682963,0.19985199999064207,257.97198200039566,15.74349999986589
2026_07_21_gym,flight_109,LOB,1200,ok,False,71,72.0,49.70334915271372,47.760174268727695,True,304.366204667526,True,14.996186000294983,0.2044630004093051,256.54377800039947,15.955110999755561
2026_07_21_gym,flight_109,LOB,1250,ok,False,74,75.0,8.575939438419194,15.1749762346566,True,312.05370366635424,True,14.656795999966562,0.21088899951428175,262.55105599947274,17.96829600073397
2026_07_21_gym,flight_11,MID,150,ok,True,10,9.0,57.4799951345673,71.75472344868837,True,136.138389665323,True,14.728240999393165,0.0449449997395277,85.63372199982405,19.064814999699593
2026_07_21_gym,flight_11,MID,200,ok,True,13,12.0,85.45701049872693,114.64481757648804,True,138.1437216658766,True,14.528203999623656,0.0862030005082488,89.46299999859184,17.399648000486195
2026_07_21_gym,flight_11,MID,250,ok,True,16,14.999999999999998,76.06751696047412,99.78726957725213,True,135.9698336670796,True,14.95581499952823,0.09096300043165684,91.60944500099868,12.646943999454379
2026_07_21_gym,flight_11,MID,300,ok,True,19,18.0,4.131337556882383,66.69916991195848,True,158.84705566770086,True,14.6871109995991,0.09716700110584497,110.87905600015074,16.517055000178516
2026_07_21_gym,flight_11,MID,350,ok,True,22,21.0,67.8386105888676,113.16619292968355,True,167.63760966590294,True,14.69348100014031,0.10479599889367819,119.45999999996275,16.71266600023955
2026_07_21_gym,flight_11,MID,400,ok,True,25,24.0,121.70692007211261,164.48195804315645,True,181.92012966672579,True,14.750295999459922,0.10901799984276295,133.0155560001731,17.37859300058335
2026_07_21_gym,flight_11,MID,450,ok,True,28,26.999999999999996,148.5007620836571,190.48196482203065,True,188.17101766883084,True,14.74855500087142,0.11537000071257353,143.08066700026393,13.559759000316262
2026_07_21_gym,flight_11,MID,490,ok,True,30,29.4,132.41040958606203,169.62142625035955,True,193.32403666588166,True,14.799407999962568,0.11933299992233515,148.0644439999014,13.67418499942869
2026_07_21_gym,flight_11,MID,500,ok,True,31,29.999999999999996,119.58306033755879,155.72000589888853,True,201.46409166573235,True,14.853610999882221,0.12261099927127361,156.0446849996224,13.776518000289798
2026_07_21_gym,flight_11,MID,550,ok,True,34,33.0,80.59658286408488,102.94320541449547,True,201.5286656670893,True,14.739629999734461,0.1289809998124838,154.56683299969882,15.426555001176894
2026_07_21_gym,flight_11,MID,600,ok,True,37,36.0,54.805045150830864,47.20913002598968,True,220.95618466629335,True,19.223703000694513,0.1342970011755824,169.1517399987206,15.779777999036014
2026_07_21_gym,flight_11,MID,650,ok,True,40,39.0,54.01764309412133,63.53661045612881,True,242.48677666547397,True,14.702091999351978,0.1402400005608797,194.92714799940586,16.050629999488592
2026_07_21_gym,flight_11,MID,700,ok,True,43,42.0,43.3504162222504,42.62782050638161,True,232.98524066867927,True,14.752537000924349,0.14698100090026855,185.08461099956185,16.334445000626147
2026_07_21_gym,flight_11,MID,750,ok,True,46,45.0,12.209818092983438,20.283436070774975,True,233.52859266816327,True,14.958944000303745,0.15292599983513355,185.15174100082368,16.598315000534058
2026_07_21_gym,flight_11,MID,800,ok,True,49,48.0,11.797925901739488,11.731058692807109,True,240.95329666665444,True,14.680166999809444,0.15998100023716688,192.5213519996032,16.92513000033796
2026_07_21_gym,flight_11,MID,850,ok,True,51,50.99999999999999,7.863531720701217,16.021727345603377,True,244.62535066592196,True,14.870795999653637,0.1633339999243617,196.06385100074112,16.860702998936176
2026_07_21_gym,flight_11,MID,900,ok,False,54,53.99999999999999,35.42744178049521,35.57918233450782,True,248.03944366487363,True,14.83612999971956,0.16961099952459335,203.87520299945027,12.491832999512553
2026_07_21_gym,flight_11,MID,950,ok,False,55,56.99999999999999,25.91218583091446,35.157187778812784,True,249.54401766570905,True,15.061037000268698,0.1740370001643896,205.1261479994282,12.516128999181092
2026_07_21_gym,flight_11,MID,1000,ok,False,55,59.99999999999999,25.91218583091446,35.157187778812784,True,250.3103146671007,True,15.061037000268698,0.17251800000667572,205.95655599981546,12.453537000343204
2026_07_21_gym,flight_11,MID,1050,ok,False,55,62.99999999999999,25.91218583091446,35.157187778812784,True,250.29636966685453,True,15.061037000268698,0.1724439999088645,205.9291479997337,12.467074000276625
2026_07_21_gym,flight_11,MID,1100,ok,False,55,66.0,25.91218583091446,35.157187778812784,True,250.16003766624877,True,15.061037000268698,0.17270400002598763,205.84707400016487,12.41255599912256
2026_07_21_gym,flight_11,MID,1150,ok,False,55,69.0,25.91218583091446,35.157187778812784,True,249.7146116659666,True,15.061037000268698,0.17335199937224388,205.28159299958497,12.531963000074029
2026_07_21_gym,flight_11,MID,1200,ok,False,55,72.0,25.91218583091446,35.157187778812784,True,250.37333366895714,True,15.061037000268698,0.17337000090628862,205.986519000493,12.485741000622511
2026_07_21_gym,flight_11,MID,1250,ok,False,55,75.0,25.91218583091446,35.157187778812784,True,250.33514766829708,True,15.061037000268698,0.1727220006287098,205.94301800057292,12.491704000160098
2026_07_21_gym,flight_114,LOB,150,fit_failed,True,8,9.0,,,,,,,,,
2026_07_21_gym,flight_114,LOB,200,fit_failed,True,11,12.0,,,,,,,,,
2026_07_21_gym,flight_114,LOB,250,fit_failed,True,14,14.999999999999998,,,,,,,,,
2026_07_21_gym,flight_114,LOB,300,ok,True,17,18.0,406.9377887613337,478.9944995171348,True,165.97722166559348,True,14.576906999573112,0.09274100046604872,111.48833299987018,23.152573999017477
2026_07_21_gym,flight_114,LOB,350,ok,True,20,21.0,415.25713641254663,488.74451601493087,True,180.95283366708705,True,14.642610999755561,0.09835200011730194,123.62238899990916,25.922815000638366
2026_07_21_gym,flight_114,LOB,400,ok,True,23,24.0,436.1573832420058,528.6122322464448,True,184.56329566581795,True,15.045074000023305,0.104611000046134,131.76931499969214,20.977628999389708
2026_07_21_gym,flight_114,LOB,450,ok,True,26,26.999999999999996,237.7394331564854,295.7949308546218,True,193.66870466588685,True,14.784944999963045,0.11168499942868948,139.64570400025696,22.459703999571502
2026_07_21_gym,flight_114,LOB,490,ok,True,28,29.4,163.93684896277153,203.68035312839444,True,199.95781366402903,True,14.772110999561846,0.1194069990888238,146.60420399997383,21.79542499873787
2026_07_21_gym,flight_114,LOB,500,ok,True,29,29.999999999999996,259.5235402427232,332.67622059488247,True,204.14214766646424,True,14.664037000387907,0.12007400020956993,150.45801899954677,22.23335099965334
2026_07_21_gym,flight_114,LOB,550,ok,True,32,33.0,248.85718867954887,315.693162811591,True,212.83648266705373,True,14.64253699965775,0.1254449998959899,158.90950000099838,22.492333999834955
2026_07_21_gym,flight_114,LOB,600,ok,True,35,36.0,180.26538041888622,217.8819434527548,True,227.85694366662452,True,14.792833000421524,0.13100000005215406,171.28440699912608,24.982037000358105
2026_07_21_gym,flight_114,LOB,650,ok,True,38,39.0,87.34714426210196,117.81459804552979,True,219.1941096667821,True,14.70694399997592,0.1383509999141097,168.2545560002327,19.42759199999273
2026_07_21_gym,flight_114,LOB,700,ok,True,41,42.0,66.97048911896246,66.59625654054668,True,284.3025186673428,True,15.08264800067991,0.14564800076186657,192.02177799958736,60.38577799964696
2026_07_21_gym,flight_114,LOB,750,ok,True,44,45.0,124.77619666469674,149.21969702439313,True,243.0498336671541,True,14.779518999159336,0.16007399931550026,191.34413000103086,20.099444000981748
2026_07_21_gym,flight_114,LOB,800,ok,True,46,48.0,59.61871126167585,88.90274137931438,True,247.77562866887698,True,14.784315000288188,0.15651800017803907,196.10740700084716,20.06072200089693
2026_07_21_gym,flight_114,LOB,850,ok,True,49,50.99999999999999,96.3987668719016,114.96949583324131,True,255.97362966431925,True,14.91294499952346,0.1606849990785122,203.5430369991809,20.690295999869704
2026_07_21_gym,flight_114,LOB,900,ok,True,52,53.99999999999999,60.26434667916837,64.99992718352998,True,268.48275966725004,True,14.843388999812305,0.1665190001949668,215.83177699986845,20.974408000707626
2026_07_21_gym,flight_114,LOB,950,ok,True,55,56.99999999999999,37.21032974178297,34.39600482581312,True,276.97638966764015,True,14.946833999827504,0.1730000004172325,223.94938900042325,21.240500000305474
2026_07_21_gym,flight_114,LOB,1000,ok,True,57,59.99999999999999,98.61687875822356,114.05383275375755,True,275.58244366540265,True,14.821388999931514,0.1766300005838275,222.57359199877828,21.34416599944234
2026_07_21_gym,flight_114,LOB,1050,ok,True,60,62.99999999999999,40.20376113066017,59.355565342546484,True,292.31168466589105,True,14.613332999870181,0.18342599924653769,236.31609299965203,24.532166000455618
2026_07_21_gym,flight_114,LOB,1100,ok,True,62,66.0,28.854837359161024,27.21881808270019,True,292.6947786683838,True,14.949519000016153,0.18711100053042173,236.96411100029945,23.927371000871062
2026_07_21_gym,flight_114,LOB,1150,ok,True,65,69.0,45.37138353214982,59.48391110935556,True,300.25364766797674,True,14.877943999134004,0.19433300010859966,244.23985200095922,24.27485200110823
2026_07_21_gym,flight_114,LOB,1200,ok,False,68,72.0,2.2441661699831523,4.947567690953302,True,296.52679666659486,True,14.782925999723375,0.2000929992645979,251.04357400070876,13.833537000231445
2026_07_21_gym,flight_114,LOB,1250,ok,False,71,75.0,25.65291174968205,43.53857689892961,True,298.6847406678523,True,14.872167000547051,0.2066480005159974,251.1737219998613,15.765537000261247
2026_07_21_gym,flight_115,MID,150,fit_failed,True,9,9.0,,,,,,,,,
2026_07_21_gym,flight_115,MID,200,fit_failed,True,12,12.0,,,,,,,,,
2026_07_21_gym,flight_115,MID,250,fit_failed,True,15,14.999999999999998,,,,,,,,,
2026_07_21_gym,flight_115,MID,300,ok,True,18,18.0,443.74176891943773,658.281408525287,True,168.48342666743943,True,14.872834000736475,0.09485200047492981,119.82016699947417,17.0289070000872
2026_07_21_gym,flight_115,MID,350,ok,True,21,21.0,111.21068176249845,132.13122245178587,True,183.8824986681963,True,15.01898100040853,0.10177800059318542,132.8182770004496,19.27679600007832
2026_07_21_gym,flight_115,MID,400,ok,True,24,24.0,163.71517521471446,215.18227605437616,True,190.4172026660914,True,14.729980999603868,0.10712899919599295,138.89768500067294,20.01574099995196
2026_07_21_gym,flight_115,MID,450,ok,True,27,26.999999999999996,114.73267888523374,97.03879445404482,True,190.92853566507497,True,14.658962999470532,0.11562899965792894,138.99894399940968,20.48833299987018
2026_07_21_gym,flight_115,MID,490,ok,True,29,29.4,94.98384410673857,79.4478472735823,True,197.87125966573754,True,14.890630000270903,0.12094399984925985,145.51012999936938,20.682888999581337
2026_07_21_gym,flight_115,MID,500,ok,True,30,29.999999999999996,261.3697410016936,374.0106971718927,True,208.03294566708306,True,14.796463000588119,0.12157499976456165,155.09574100002646,21.352500000037253
2026_07_21_gym,flight_115,MID,550,ok,True,33,33.0,150.47389847703877,209.08790118827815,True,210.25783266561726,True,14.912999999709427,0.1278149988502264,162.47048100084066,16.079869999550283
2026_07_21_gym,flight_115,MID,600,ok,True,36,36.0,127.77568084961825,184.34603224653793,True,215.94931466753283,True,14.79005500022322,0.1360929999500513,166.13472199998796,18.221778000704944
2026_07_21_gym,flight_115,MID,650,ok,True,39,39.0,85.77713503770825,133.92699631750762,True,232.7342776680986,True,15.155443999916315,0.14149999991059303,181.9833520008251,18.787315000779927
2026_07_21_gym,flight_115,MID,700,ok,True,42,42.0,115.43953037042971,167.79518355262698,True,233.95286866805205,True,14.65370300039649,0.1462590005248785,183.40886999946088,19.077370001003146
2026_07_21_gym,flight_115,MID,750,ok,True,45,45.0,20.32735346943409,25.002167195420505,True,245.53585166825602,True,14.858741000294685,0.1525370003655553,194.64281400013715,19.215093000791967
2026_07_21_gym,flight_115,MID,800,ok,True,48,48.0,29.378999115754652,32.634882579834645,True,255.4142796692128,True,14.882149000652134,0.15716700069606304,204.14918600022793,19.559111000970006
2026_07_21_gym,flight_115,MID,850,ok,True,51,50.99999999999999,51.499948245598695,92.9504415153715,True,261.4627226662512,True,14.680685999803245,0.16529599949717522,209.99831499997526,19.95175900030881
2026_07_21_gym,flight_115,MID,900,ok,True,54,53.99999999999999,49.5460626969083,90.09699827778533,True,285.4017776657517,True,15.111111000180244,0.17007400002330542,233.37338900007308,20.080536998808384
2026_07_21_gym,flight_115,MID,950,ok,True,56,56.99999999999999,39.46261216872098,81.63534712610976,True,276.01916666763526,True,14.851443999446929,0.17459300067275763,223.9797220006585,20.346741000190377
2026_07_21_gym,flight_115,MID,1000,ok,True,59,59.99999999999999,66.34986066467006,98.80691819182582,True,292.32244466679794,True,14.950889000669122,0.17999999970197678,238.11348199937493,22.411407000385225
2026_07_21_gym,flight_115,MID,1050,ok,True,62,62.99999999999999,8.569477465553291,23.609359006350886,True,294.18327766625833,True,14.829554999247193,0.1864630002528429,238.78083300031722,23.719759999774396
2026_07_21_gym,flight_115,MID,1100,ok,False,64,66.0,25.24936374915051,65.06617816546833,True,286.8294816647346,True,14.773203999735415,0.1914450004696846,240.26555499900132,14.932610998861492
2026_07_21_gym,flight_115,MID,1150,ok,False,66,69.0,39.08225970120032,76.33337540889094,True,292.3836486662428,True,14.73575900029391,0.1949439998716116,245.684907999821,15.101370999589562
2026_07_21_gym,flight_115,MID,1200,ok,False,69,72.0,50.57320058007757,94.49843204842823,True,295.10664666599286,True,14.87836999911815,0.2021289998665452,246.34351800009608,17.015963000245392
2026_07_21_gym,flight_115,MID,1250,ok,False,71,75.0,5.292759159768026,7.016224729035598,True,300.28072166598093,True,14.927962999790907,0.20600000023841858,251.62425899971277,16.855832999572158
2026_07_21_gym,flight_117,LOB,150,fit_failed,True,10,9.0,,,,,,,,,
2026_07_21_gym,flight_117,LOB,200,ok,True,13,12.0,122.5836354506975,123.14405765859865,True,142.75596266581366,True,14.798537000082433,0.08301799930632114,87.115518999286,24.092222000472248
2026_07_21_gym,flight_117,LOB,250,ok,True,16,14.999999999999998,185.44609039491505,134.41622648655618,True,157.0663156673933,True,14.895000000484288,0.08903700020164251,103.43116699997336,21.984445000067353
2026_07_21_gym,flight_117,LOB,300,ok,True,19,18.0,232.51674441653972,161.8792390536136,True,170.4554446671779,True,14.536944999359548,0.10203700046986341,115.2742410004139,23.875555000267923
2026_07_21_gym,flight_117,LOB,350,ok,True,22,21.0,227.65983949264418,157.62522977952523,True,182.6402596651266,True,14.613962999545038,0.10624099895358086,125.25511100050062,25.998277999460697
2026_07_21_gym,flight_117,LOB,400,ok,True,25,24.0,166.56551611711748,108.76061269562209,True,184.62861166583994,True,14.866351999342442,0.11170399934053421,132.0578699996695,20.926019000820816
2026_07_21_gym,flight_117,LOB,450,ok,True,28,26.999999999999996,163.56236110605883,119.95807723812402,True,193.97927866751948,True,14.980185999535024,0.11638900078833103,139.50011100061238,22.71592599991709
2026_07_21_gym,flight_117,LOB,490,ok,True,30,29.4,146.1856177333661,97.09472579337837,True,200.94714766616622,True,14.7981850001961,0.12042600009590387,147.60740699991584,21.754462999291718
2026_07_21_gym,flight_117,LOB,500,ok,True,31,29.999999999999996,133.02588187279645,96.02403348246438,True,201.11518566558757,True,14.861297000199556,0.12329599913209677,146.455073999241,23.00885200034827
2026_07_21_gym,flight_117,LOB,550,ok,True,34,33.0,156.82472947423966,134.37771385657396,True,209.72262966881195,True,14.86822299938649,0.12924000062048435,154.4575000014156,23.601000000722706
2026_07_21_gym,flight_117,LOB,600,ok,True,36,36.0,402.1255948521955,430.835288114106,True,221.08785266491273,True,14.904536999762058,0.13314899895340204,162.80048099998385,26.583018999546766
2026_07_21_gym,flight_117,LOB,650,ok,True,38,39.0,121.43305133877402,117.38345158944097,True,214.39422266806164,True,14.950056000612676,0.13759300019592047,163.83586999960244,18.804037000983953
2026_07_21_gym,flight_117,LOB,700,ok,True,40,42.0,102.53507011768446,96.79358744894415,True,224.33038966699192,True,14.788833000697196,0.14227799978107214,170.75805599987507,21.974555999971926
2026_07_21_gym,flight_117,LOB,750,ok,True,43,45.0,119.03271797340439,98.8001995628523,True,246.0040176656718,True,15.019407000392675,0.16012899950146675,192.53603699896485,21.62177800014615
2026_07_21_gym,flight_117,LOB,800,ok,True,45,48.0,70.07479832782661,63.64018059200686,True,245.45359366449216,True,14.613444999791682,0.15355599950999022,192.41738899890333,21.602536999620497
2026_07_21_gym,flight_117,LOB,850,ok,True,47,50.99999999999999,60.45570093290905,46.05233971112348,True,253.8714256674672,True,15.020240999758244,0.1568150008097291,200.40555499959737,21.622148000635207
2026_07_21_gym,flight_117,LOB,900,ok,True,50,53.99999999999999,31.382723495385914,23.776956900760656,True,265.78092566567165,True,14.771408000029624,0.16220299992710352,212.4308889992535,21.74975899979472
2026_07_21_gym,flight_117,LOB,950,ok,True,53,56.99999999999999,47.25303979315415,44.2170284104638,True,271.2334256662677,True,14.656888999976218,0.16692600026726723,217.39973999932408,22.343204000033438
2026_07_21_gym,flight_117,LOB,1000,ok,True,56,59.99999999999999,79.94398177000612,64.3606399713665,True,278.8582956666748,True,14.842425999231637,0.17279599979519844,224.59437000006437,22.5820370009169
2026_07_21_gym,flight_117,LOB,1050,ok,True,59,62.99999999999999,64.91934188778113,55.20660756162968,True,295.0079816669847,True,14.923314998857677,0.1791110010817647,238.15320400055498,25.08568499982357
2026_07_21_gym,flight_117,LOB,1100,ok,True,62,66.0,61.85767224997353,52.73310138292909,True,293.91905466622364,True,14.637869998812675,0.1905180001631379,237.2643149998039,25.159685000777245
2026_07_21_gym,flight_117,LOB,1150,ok,True,65,69.0,72.99059051190407,62.66884817739811,True,303.0548706666256,True,14.873889000155032,0.19113000016659498,245.70000000018626,25.62318499945104
2026_07_21_gym,flight_117,LOB,1200,ok,True,68,72.0,43.79205333925549,33.46291784488082,True,309.74042566648376,True,14.810871000401676,0.19568500015884638,252.12944399937987,25.937758999876678
2026_07_21_gym,flight_117,LOB,1250,ok,True,71,75.0,39.444619465031835,27.673927296629827,True,312.5354626669238,True,14.864945000968874,0.20268499944359064,254.6806849995628,26.12048100028187
2026_07_21_gym,flight_118,MID,150,fit_failed,True,9,9.0,,,,,,,,,
2026_07_21_gym,flight_118,MID,200,ok,True,12,12.0,851.3885833482226,842.7359816521931,False,139.25829666728774,True,14.63533299881965,0.08101900108158588,87.80750000011176,20.067778000608087
2026_07_21_gym,flight_118,MID,250,ok,True,15,14.999999999999998,918.8998919110824,911.6366702533717,False,151.92035066584745,True,14.989017999731004,0.09150000009685755,96.95711100008339,23.216054999269545
2026_07_21_gym,flight_118,MID,300,ok,True,18,18.0,587.500609114568,629.5039925231689,False,172.17979866514602,True,14.835259999148548,0.09674099925905466,116.10248200036585,24.47864899970591
2026_07_21_gym,flight_118,MID,350,ok,True,21,21.0,169.4565976847792,169.19726527726004,True,188.0366306665043,True,14.576778000220656,0.10438899975270033,135.0051669999957,21.68362999986857
2026_07_21_gym,flight_118,MID,400,ok,True,24,24.0,276.78586804627787,322.2558191282376,True,202.6714636661733,True,14.751648999750614,0.109888999722898,148.75023999996483,22.393019000068307
2026_07_21_gym,flight_118,MID,450,ok,True,27,26.999999999999996,287.5725939487317,350.45834678766437,True,210.79598166576275,True,14.851925999857485,0.11542600020766258,156.26018499955535,22.9017779994756
2026_07_21_gym,flight_118,MID,490,ok,True,29,29.4,182.2580784610199,207.40486038830346,True,229.22774166675904,True,14.935537000186741,0.11994499992579222,174.09077799972147,23.414815000258386
2026_07_21_gym,flight_118,MID,500,ok,True,30,29.999999999999996,139.61508491103794,152.78092120328415,True,225.1622776656101,True,14.873999999836087,0.12259199935942888,169.87018499989063,23.628833999857306
2026_07_21_gym,flight_118,MID,550,ok,True,33,33.0,115.86847700449101,136.08845733174758,True,232.1053506673003,True,14.733258999884129,0.127148000523448,182.73644400015473,17.841833000071347
2026_07_21_gym,flight_118,MID,600,ok,True,36,36.0,104.91786951578713,132.40829391909455,True,236.8050716674576,True,14.83609199989587,0.1335920002311468,186.59781400021166,18.57090700045228
2026_07_21_gym,flight_118,MID,650,ok,True,39,39.0,89.04798270474846,110.33605853298778,True,275.98592566574615,True,14.89268499892205,0.13890699949115515,223.51300000026822,20.77466700039804
2026_07_21_gym,flight_118,MID,700,ok,True,42,42.0,93.79253470593041,123.69411860715917,True,260.45514766747755,True,14.55305500049144,0.14761100057512522,208.19103700015694,20.896777999587357
2026_07_21_gym,flight_118,MID,750,ok,True,45,45.0,214.13256480003392,250.06334207443172,True,269.6327786666031,True,14.953741000033915,0.1511669997125864,216.6546299997717,21.206574000418186
2026_07_21_gym,flight_118,MID,800,ok,True,48,48.0,110.88669622810279,118.28016190368797,True,269.881573666508,True,14.449741000309587,0.15748099982738495,217.1957219997421,21.41196299996227
2026_07_21_gym,flight_118,MID,850,ok,True,51,50.99999999999999,104.62144790688181,128.21628809262458,True,282.12703566687804,True,14.641185000538826,0.16399999987334013,228.6867770003155,21.968406999483705
2026_07_21_gym,flight_118,MID,900,ok,True,54,53.99999999999999,80.47574450666478,87.74255049546393,True,289.45764666671556,True,14.747462999075651,0.1703700004145503,235.9672590000555,21.905888000503182
2026_07_21_gym,flight_118,MID,950,ok,True,57,56.99999999999999,57.44296193838107,55.52277557155107,True,298.69249966616434,True,14.885463000275195,0.17574100010097027,244.78062899969518,22.183999999426305
2026_07_21_gym,flight_118,MID,1000,ok,True,60,59.99999999999999,99.09127397781576,87.8221023106299,True,304.96253866671276,True,14.855259999632835,0.18057400081306696,248.07155599910766,25.188482000492513
2026_07_21_gym,flight_118,MID,1050,ok,True,63,62.99999999999999,50.95074772629531,75.83741712749764,True,306.4153136673073,True,14.803926000371575,0.1889249999076128,249.95018499996513,24.80561100039631
2026_07_21_gym,flight_118,MID,1100,ok,False,66,66.0,8.067565297481194,54.665914791687605,True,309.02077666825306,True,14.630537000484765,0.1952220005914569,260.9165000002831,16.611851000227034
2026_07_21_gym,flight_118,MID,1150,ok,False,69,69.0,13.614488824006896,75.34187548097104,True,312.45096266704303,True,15.095388999208808,0.2012959998100996,263.82788900099695,16.65972200036049
2026_07_21_gym,flight_118,MID,1200,ok,False,72,72.0,24.68861324397804,48.073268443281634,True,311.932759666505,True,14.782593000680208,0.20688899978995323,263.5094259995967,16.767184999771416
2026_07_21_gym,flight_118,MID,1250,ok,False,72,75.0,24.68861324397804,48.073268443281634,True,311.7607416675116,True,14.782593000680208,0.20724099967628717,263.32624100055546,16.777999999932945
2026_07_21_gym,flight_119,MID,150,ok,True,10,9.0,569.9123981380975,505.345911646985,True,125.4992426649357,True,14.773852000012994,0.04448199924081564,73.45129700005054,20.562944998964667
2026_07_21_gym,flight_119,MID,200,ok,True,12,12.0,127.38497414306494,188.57756409647135,True,139.22142566616336,True,14.608610999770463,0.0826659994199872,88.95594500098377,18.907536999322474
2026_07_21_gym,flight_119,MID,250,ok,True,15,14.999999999999998,186.43499113308985,245.82844009408726,True,151.84672066631416,True,14.901832999661565,0.08938900008797646,100.0719990003854,20.116832999512553
2026_07_21_gym,flight_119,MID,300,ok,True,18,18.0,162.74949797173207,180.59911173402807,True,157.72592666621009,True,15.11049999948591,0.09520399942994118,109.68857400026172,16.164982000365853
2026_07_21_gym,flight_119,MID,350,ok,True,21,21.0,54.64381540220108,77.05674134718316,True,168.63140766477832,True,14.990721998736262,0.10355599969625473,118.39059299975634,18.479869999922812
2026_07_21_gym,flight_119,MID,400,ok,True,24,24.0,55.5528654207957,77.88492251922197,True,180.3412406683589,True,14.937406999990344,0.10714800003916025,129.79357400070876,18.836445000953972
2026_07_21_gym,flight_119,MID,450,ok,True,27,26.999999999999996,26.547335422059223,34.1913361758668,True,191.12883366985866,True,14.683852001093328,0.11320400051772594,140.2309810006991,19.43413000088185
2026_07_21_gym,flight_119,MID,490,ok,True,29,29.4,5.986480552837218,25.96899943205724,True,195.86307366533825,True,15.02842599991709,0.1183519996702671,144.15105499885976,19.89857400022447
2026_07_21_gym,flight_119,MID,500,ok,True,30,29.999999999999996,27.09586717626174,12.719761398993155,True,203.43348066757122,True,14.794721999205649,0.1194259999319911,156.62477700132877,15.227889000438154
2026_07_21_gym,flight_119,MID,550,ok,True,33,33.0,33.32532926754295,22.991801172875398,True,209.12909166483828,True,14.840980999171734,0.12622199952602386,162.12381500005722,15.37140699941665
2026_07_21_gym,flight_119,MID,600,ok,True,36,36.0,33.14955281089066,65.21938873222149,True,213.82294566618899,True,13.73922299966216,0.13211100082844496,166.0474450001493,17.237499998882413
2026_07_21_gym,flight_119,MID,650,ok,True,39,39.0,25.710841958903092,41.97817266784631,True,233.1065556683267,True,13.999259000644088,0.1380190011113882,184.71585199981928,17.586759000085294
2026_07_21_gym,flight_119,MID,700,ok,True,42,42.0,30.436556058566918,60.48599543957458,True,231.7266286664332,True,13.66244399920106,0.14477800112217665,183.42390699964017,17.828832999803126
2026_07_21_gym,flight_119,MID,750,ok,True,45,45.0,23.045079718648797,28.866982996143054,True,280.9459256666402,True,13.591314999386668,0.15022199973464012,232.45218500029296,18.08553700055927
2026_07_21_gym,flight_119,MID,800,ok,True,48,48.0,39.667156586477766,69.71921229666913,True,244.60253666496524,True,13.855054999701679,0.15709299966692924,195.5933329993859,18.330388999544084
2026_07_21_gym,flight_119,MID,850,ok,True,51,50.99999999999999,24.573886484006657,37.16935250165114,True,254.43616666613767,True,13.882037000730634,0.1642029993236065,204.87138899974525,18.85187099967152
2026_07_21_gym,flight_119,MID,900,ok,True,54,53.99999999999999,36.55375876984124,69.49354448812716,True,258.88638966778916,True,13.729537000879645,0.1692040003836155,208.5707959998399,19.750186000019312
2026_07_21_gym,flight_119,MID,950,ok,True,55,56.99999999999999,43.70345417899186,79.13490721766398,True,259.209832667994,True,13.624519000761211,0.1720739994198084,209.6998880011961,19.04668499995023
2026_07_21_gym,flight_119,MID,1000,ok,False,58,59.99999999999999,16.58875926878766,37.683894646314826,True,267.12996366682154,True,13.81570400018245,0.18148200027644634,222.4283699998632,14.03774099983275
2026_07_21_gym,flight_119,MID,1050,ok,False,61,62.99999999999999,26.60945149407827,33.88182626808555,True,334.3679606659959,True,14.055647999979556,0.18501800019294024,289.406924999319,14.053702999837697
2026_07_21_gym,flight_119,MID,1100,ok,False,61,66.0,26.60945149407827,33.88182626808555,True,334.6163886661331,True,14.055647999979556,0.18429599981755018,289.6623149998486,14.04746299982071
2026_07_21_gym,flight_119,MID,1150,ok,False,61,69.0,26.60945149407827,33.88182626808555,True,334.2927586656685,True,14.055647999979556,0.18348100036382675,289.37318499945104,14.013777999207377
2026_07_21_gym,flight_119,MID,1200,ok,False,61,72.0,26.60945149407827,33.88182626808555,True,334.58203666533035,True,14.055647999979556,0.18533299956470728,289.6173700001091,14.057018999010324
2026_07_21_gym,flight_119,MID,1250,ok,False,61,75.0,26.60945149407827,33.88182626808555,True,334.0805556677903,True,14.055647999979556,0.1846480006352067,289.1343330005184,14.039259999990463
2026_07_21_gym,flight_12,FLAT,150,ok,True,10,9.0,254.77260763232871,613.4484620512939,True,116.69829666769753,True,13.965889000333846,0.04531500115990639,72.49759299959987,13.522832999937236
2026_07_21_gym,flight_12,FLAT,200,ok,True,13,12.0,156.08416479245324,370.5788649022396,True,130.86657366498062,True,14.094111000187695,0.08583299908787012,88.92687099985778,11.093091999180615
2026_07_21_gym,flight_12,FLAT,250,ok,True,16,14.999999999999998,127.77112437559691,281.6704540860172,True,136.13477766575912,True,13.793129999190569,0.09227799996733665,92.55153600033373,13.031166999600828
2026_07_21_gym,flight_12,FLAT,300,ok,True,19,18.0,62.95362374151913,150.2475205159272,True,146.85874166494855,True,13.963462999090552,0.09750000014901161,102.76553699932992,13.365574999712408
2026_07_21_gym,flight_12,FLAT,350,ok,True,22,21.0,59.22158370812844,150.31034669138603,True,155.44633266857514,True,14.1869450006634,0.10448100045323372,114.02272200025618,10.465518000535667
2026_07_21_gym,flight_12,FLAT,400,ok,True,25,24.0,56.89365344924266,142.31129938905417,True,160.1004636666427,True,13.6460180003196,0.11135200038552284,117.77190799918026,11.904519000090659
2026_07_21_gym,flight_12,FLAT,450,ok,True,28,26.999999999999996,50.117368872410715,111.01780048825569,True,168.29711066714177,True,14.105278000235558,0.11770299915224314,125.2030180003494,12.204445000737906
2026_07_21_gym,flight_12,FLAT,490,ok,True,30,29.4,34.435781004721356,93.16744984451546,True,175.85318566548327,True,13.54338899999857,0.12086999975144863,133.04779699910432,12.47446299996227
2026_07_21_gym,flight_12,FLAT,500,ok,True,31,29.999999999999996,47.48019171549989,110.52978597805291,True,183.18629666573057,True,13.620148000307381,0.12411099951714277,140.22922199964523,12.546148999594152
2026_07_21_gym,flight_12,FLAT,550,ok,True,34,33.0,21.236502831888686,56.22331981432488,True,186.67159066504487,True,13.772628999315202,0.13088900037109852,143.31409199908376,12.787313999608159
2026_07_21_gym,flight_12,FLAT,600,ok,True,37,36.0,24.317722994093923,46.69987748678078,True,198.5149086654807,True,13.946907998993993,0.13698199950158596,154.694129999727,13.070222000591457
2026_07_21_gym,flight_12,FLAT,650,ok,False,40,39.0,29.38433278682337,49.623343000279,True,195.26023966508606,True,13.923943999223411,0.14301799982786179,154.9104629997164,9.61614799965173
2026_07_21_gym,flight_12,FLAT,700,ok,False,40,42.0,29.38433278682337,49.623343000279,True,195.15581366575012,True,13.923943999223411,0.14227799884974957,154.78901800047606,9.633907000534236
2026_07_21_gym,flight_12,FLAT,750,ok,False,40,45.0,29.38433278682337,49.623343000279,True,194.35507266564915,True,13.923943999223411,0.143091999925673,153.97537000011653,9.645999999716878
2026_07_21_gym,flight_12,FLAT,800,ok,False,40,48.0,29.38433278682337,49.623343000279,True,195.48237066591778,True,13.923943999223411,0.1433330001309514,155.105851999484,9.642575000412762
2026_07_21_gym,flight_12,FLAT,850,ok,False,40,50.99999999999999,29.38433278682337,49.623343000279,True,195.47646266656616,True,13.923943999223411,0.14231400098651648,155.04081499949098,9.702723000198603
2026_07_21_gym,flight_12,FLAT,900,ok,False,40,53.99999999999999,29.38433278682337,49.623343000279,True,195.30770366607854,True,13.923943999223411,0.14227799978107214,154.9433329999447,9.63148200046271
2026_07_21_gym,flight_12,FLAT,950,ok,False,40,56.99999999999999,29.38433278682337,49.623343000279,True,194.44290566413352,True,13.923943999223411,0.14275899901986122,154.06085099931806,9.648684999905527
2026_07_21_gym,flight_12,FLAT,1000,ok,False,40,59.99999999999999,29.38433278682337,49.623343000279,True,195.3541656664262,True,13.923943999223411,0.14322200044989586,154.94868499971926,9.671648000366986
2026_07_21_gym,flight_12,FLAT,1050,ok,False,40,62.99999999999999,29.38433278682337,49.623343000279,True,195.20968566524485,True,13.923943999223411,0.1440190002322197,154.81405599974096,9.660999999381602
2026_07_21_gym,flight_12,FLAT,1100,ok,False,40,66.0,29.38433278682337,49.623343000279,True,195.4810366683329,True,13.923943999223411,0.1428330009803176,155.0898700002581,9.657723001204431
2026_07_21_gym,flight_12,FLAT,1150,ok,False,40,69.0,29.38433278682337,49.623343000279,True,195.41107366575548,True,13.923943999223411,0.14316599909216166,154.08850000053644,10.58879700023681
2026_07_21_gym,flight_12,FLAT,1200,ok,False,40,72.0,29.38433278682337,49.623343000279,True,194.8661296662564,True,13.923943999223411,0.1421670001000166,154.5026480006054,9.63070399966091
2026_07_21_gym,flight_12,FLAT,1250,ok,False,40,75.0,29.38433278682337,49.623343000279,True,195.20155466503152,True,13.923943999223411,0.14170399960130453,154.82968499977142,9.639554999768734
2026_07_21_gym,flight_121,LOB,150,fit_failed,True,10,9.0,,,,,,,,,
2026_07_21_gym,flight_121,LOB,200,fit_failed,True,13,12.0,,,,,,,,,
2026_07_21_gym,flight_121,LOB,250,fit_failed,True,16,14.999999999999998,,,,,,,,,
2026_07_21_gym,flight_121,LOB,300,ok,True,17,18.0,354.76454188454,484.4750365342856,True,158.34668466604003,True,13.969128999859095,0.09233300015330315,104.63442599959671,22.984129999764264
2026_07_21_gym,flight_121,LOB,350,ok,True,17,21.0,354.76454188454,484.4750365342856,True,159.52162866635868,True,13.969128999859095,0.09499999973922968,105.67200000025332,23.11883299984038
2026_07_21_gym,flight_121,LOB,400,ok,True,18,24.0,354.7647091402506,484.47525685497845,True,167.74622166684517,True,13.831036999821663,0.0960559993982315,118.07757400069386,19.074888000264764
2026_07_21_gym,flight_121,LOB,450,fit_failed,True,21,26.999999999999996,,,,,,,,,
2026_07_21_gym,flight_121,LOB,490,ok,True,23,29.4,498.5663087303162,447.3892988526338,True,206.98331566682705,True,13.825703999958932,0.10605599917471409,153.9508889997378,22.43400000128895
2026_07_21_gym,flight_121,LOB,500,ok,True,24,29.999999999999996,306.8324149432357,289.3904701358795,True,197.9645186678196,True,13.861111999489367,0.10842599999159575,145.45548100117594,21.87283300049603
2026_07_21_gym,flight_121,LOB,550,ok,True,27,33.0,91.92268141291575,108.27620218438895,True,215.5938526658962,True,14.324945000000298,0.11627799924463034,162.3551670005545,22.13079599943012
2026_07_21_gym,flight_121,LOB,600,ok,True,30,36.0,443.4962153541901,388.29620117243644,True,222.06405566694835,True,13.896204000338912,0.12051900010555983,165.70398099999875,25.67668499983847
2026_07_21_gym,flight_121,LOB,650,ok,True,33,39.0,196.88047223922848,245.93778324294416,True,220.96809166731933,True,13.961518000811338,0.13907399959862232,172.13079600036144,18.070036999881268
2026_07_21_gym,flight_121,LOB,700,ok,True,36,42.0,61.9062048566543,102.3826888995195,True,225.35922166674086,True,13.969204000197351,0.1350739998742938,174.89420299977064,19.69407400023192
2026_07_21_gym,flight_121,LOB,750,ok,True,39,45.0,117.79679039948964,134.24146991579414,True,240.40046366831908,True,13.986018999479711,0.14129700139164925,189.818333000876,19.78814799990505
2026_07_21_gym,flight_121,LOB,800,ok,True,42,48.0,134.41306711403323,142.58403723071882,True,247.54298166713366,True,13.777925000526011,0.14561199955642223,197.0114450007677,19.94133299961686
2026_07_21_gym,flight_121,LOB,850,ok,True,45,50.99999999999999,57.22609758489813,114.23855936467456,True,258.80064766729873,True,13.975147999823093,0.15320399962365627,207.45835200045258,20.54727700073272
2026_07_21_gym,flight_121,LOB,900,ok,True,48,53.99999999999999,71.80118166971042,78.76306604280278,True,258.725666666093,True,13.98838899936527,0.15844499971717596,207.38448099978268,20.527685000561178
2026_07_21_gym,flight_121,LOB,950,ok,True,51,56.99999999999999,87.2202304173185,110.59199915175218,True,272.5343526673193,True,14.112945000641048,0.16588899958878756,220.68774100020528,20.901111000217497
2026_07_21_gym,flight_121,LOB,1000,ok,True,54,59.99999999999999,73.47348065911103,92.98224689600015,True,275.35070366660756,True,13.96607399918139,0.17044400051236153,223.44920399971306,21.098315000534058
2026_07_21_gym,flight_121,LOB,1050,ok,True,57,62.99999999999999,49.385977671270716,59.73705359935629,True,290.8318876658256,True,13.946202999912202,0.17575899977236986,236.6516479998827,23.39161099959165
2026_07_21_gym,flight_121,LOB,1100,ok,True,60,66.0,27.81532743944763,36.87191180597354,True,290.02861066597205,True,14.035426000133157,0.18190700002014637,235.47035199962556,23.6742589995265
2026_07_21_gym,flight_121,LOB,1150,ok,True,63,69.0,34.55146772481297,54.02664653172473,True,301.73614766510826,True,13.697832999750972,0.18942600023001432,247.1135549992323,24.0686669992283
2026_07_21_gym,flight_121,LOB,1200,ok,True,66,72.0,32.04155031263697,37.93007334802969,True,305.0100556674103,True,13.60014799889177,0.19535200111567974,250.43459300044924,24.113296000286937
2026_07_21_gym,flight_121,LOB,1250,ok,False,69,75.0,46.70135032784222,53.60031709160889,True,297.9332966671015,True,13.885036999359727,0.20183399971574545,251.37714800052345,15.802611000835896
2026_07_21_gym,flight_122,LOB,150,ok,True,10,9.0,764.1972548805021,688.2186076058133,True,141.6645556675891,True,13.933703999966383,0.045018999837338924,82.88946300093085,28.129703000187874
2026_07_21_gym,flight_122,LOB,200,ok,True,13,12.0,971.2696640388929,727.6990620969759,False,159.06675966611752,True,13.947277998551726,0.08811099920421839,100.79535200074315,27.569352000951767
2026_07_21_gym,flight_122,LOB,250,ok,True,16,14.999999999999998,627.2637950411073,548.9010688377675,True,163.4904256655524,True,13.825554999522865,0.0939999995753169,102.80170399975032,30.102500000037253
2026_07_21_gym,flight_122,LOB,300,ok,True,19,18.0,730.101784871719,466.204499755763,True,178.97355466677496,True,13.888129000551999,0.09920299984514713,121.82744499947876,26.4921110002324
2026_07_21_gym,flight_122,LOB,350,ok,True,21,21.0,1081.9773531121634,816.8822626228399,False,191.89172266672054,True,13.867204000242054,0.10387099999934435,135.3815000001341,25.872480999678373
2026_07_21_gym,flight_122,LOB,400,ok,True,24,24.0,738.5973950602765,649.8703662243236,True,191.97005566737303,True,14.011463000439107,0.10809300094842911,131.96548099908978,29.21835200022906
2026_07_21_gym,flight_122,LOB,450,ok,True,27,26.999999999999996,810.7293861596575,820.3203683048696,True,200.29751866559187,True,13.70403700042516,0.11388899944722652,139.63857399951667,30.174351999536157
2026_07_21_gym,flight_122,LOB,490,ok,True,29,29.4,454.76935828811844,301.68786189041816,True,204.03096266898015,True,13.794944000430405,0.11951800063252449,149.5632780008018,23.886556000448763
2026_07_21_gym,flight_122,LOB,500,ok,True,30,29.999999999999996,369.8651521017737,340.2259879619454,True,201.583482666562,True,13.846889000386,0.12114900071173906,147.6637779995799,23.28499999921769
2026_07_21_gym,flight_122,LOB,550,ok,True,33,33.0,347.6847009201408,279.0841276507068,True,217.44796266748259,True,14.066666999831796,0.12722299993038177,161.9997400008142,24.58766600023955
2026_07_21_gym,flight_122,LOB,600,ok,True,36,36.0,308.57690584632286,255.98159324013503,True,250.92781466587135,True,13.855407999828458,0.1337589994072914,195.15457400027663,25.11740699969232
2026_07_21_gym,flight_122,LOB,650,ok,True,39,39.0,263.09278570591306,192.24456195546642,True,229.29403566538045,True,13.731203000061214,0.15083299949765205,170.63373999949545,28.11159299965948
2026_07_21_gym,flight_122,LOB,700,ok,True,42,42.0,211.00652011968623,171.86914556598563,True,241.55198166674623,True,14.085555999539793,0.14864800032228231,181.4122409997508,29.238870000466704
2026_07_21_gym,flight_122,LOB,750,ok,True,44,45.0,284.0902273714508,240.76128396321468,True,231.9080746664355,True,13.751648000441492,0.14975899923592806,184.5427410006523,16.79725999943912
2026_07_21_gym,flight_122,LOB,800,ok,True,47,48.0,270.8764668404063,232.76169477553842,True,247.3875176652024,True,13.788832999765873,0.15661099925637245,195.3630179995671,21.412388999946415
2026_07_21_gym,flight_122,LOB,850,ok,True,50,50.99999999999999,223.26894782087592,181.1442130709008,True,249.1915926678727,True,13.784519000910223,0.16216700058430433,195.94403699971735,22.63420299999416
2026_07_21_gym,flight_122,LOB,900,ok,True,53,53.99999999999999,139.6499587774779,138.39018290214787,True,266.5438166658084,True,13.651870999485254,0.16794499941170216,212.95901899971068,23.098315000534058
2026_07_21_gym,flight_122,LOB,950,ok,True,56,56.99999999999999,207.94689368115652,185.2455097670038,True,278.333889665703,True,13.898481999523938,0.17542599979788065,225.16783300042152,22.42548199929297
2026_07_21_gym,flight_122,LOB,1000,ok,True,59,59.99999999999999,179.793816506162,158.0044226793577,True,281.4019266680504,True,13.927593000233173,0.1805930007249117,227.04955499991775,23.57751900050789
2026_07_21_gym,flight_122,LOB,1050,ok,True,62,62.99999999999999,142.79590721226265,129.2732605553446,True,314.70751866667223,True,13.503444000147283,0.18729700054973364,260.42164799943566,23.928462999872863
2026_07_21_gym,flight_122,LOB,1100,ok,True,65,66.0,113.40909988265611,102.99646979301615,True,296.73148066705716,True,13.970591999590397,0.19425900001078844,239.32685200031847,26.573111000470817
2026_07_21_gym,flight_122,LOB,1150,ok,True,68,69.0,115.46859640749548,90.59974880668884,True,312.1471486675243,True,13.932684999890625,0.19892599992454052,254.55722200032324,26.79164900071919
2026_07_21_gym,flight_122,LOB,1200,ok,True,71,72.0,77.82577440078443,77.33433741459949,True,316.1330576675634,True,13.895408000797033,0.20587099995464087,258.2942040003836,27.070907999761403
2026_07_21_gym,flight_122,LOB,1250,ok,True,74,75.0,73.01466838364526,68.59177511353067,True,316.2785196673746,True,13.63561199977994,0.21040800027549267,258.34718500077724,27.418647999875247
2026_07_21_gym,flight_123,LOB,150,ok,True,10,9.0,910.1174991935744,847.2306265124009,False,131.33227766646692,True,13.207240999676287,0.04451899975538254,80.56925900001079,20.844592000357807
2026_07_21_gym,flight_123,LOB,200,ok,True,13,12.0,17.78504097374396,42.28633374715501,True,142.6882026667396,True,13.744870000518858,0.0829630009829998,88.15748099982738,24.036221998743713
2026_07_21_gym,flight_123,LOB,250,ok,True,16,14.999999999999998,329.12373465027963,288.8486643808868,True,155.71907366501787,True,13.48377799987793,0.08813000004738569,103.95429599937052,21.526202999055386
2026_07_21_gym,flight_123,LOB,300,ok,True,19,18.0,72.67774680847171,88.65633978636433,True,171.28761066651592,True,13.387147999368608,0.09335200022906065,118.06170400045812,23.07873999979347
2026_07_21_gym,flight_123,LOB,350,ok,True,22,21.0,91.80998052552677,85.24239432715665,True,168.03024166698256,True,13.307018999941647,0.10479599982500076,118.93327799998224,19.01848200056702
2026_07_21_gym,flight_123,LOB,400,ok,True,25,24.0,142.75807657075984,145.2483706674921,True,184.27461166648814,True,13.407221999019384,0.1090930001810193,133.57703700009733,20.514593000523746
2026_07_21_gym,flight_123,LOB,450,ok,True,28,26.999999999999996,126.87020854890729,134.3465346117222,True,185.21724166783193,True,13.396482000127435,0.11438900046050549,133.81990700028837,21.219797000288963
2026_07_21_gym,flight_123,LOB,490,ok,True,30,29.4,124.24500679845937,136.96375744314136,True,202.40886966573694,True,13.578629000112414,0.11783300060778856,150.25072199851274,21.79501899983734
2026_07_21_gym,flight_123,LOB,500,ok,True,31,29.999999999999996,123.01155335658382,131.04279790042165,True,199.68179666592428,True,13.532740999944508,0.12261099927127361,147.55757400020957,21.802203999832273
2026_07_21_gym,flight_123,LOB,550,ok,True,34,33.0,91.22255451227201,99.30126346642199,True,210.93733266709992,True,13.531611000187695,0.12772199977189302,158.148407000117,22.462926000356674
2026_07_21_gym,flight_123,LOB,600,ok,True,37,36.0,75.24279611584082,82.63109687094433,True,224.19890766466656,True,13.413740999996662,0.13379699923098087,169.02781399991363,24.95688899885863
2026_07_21_gym,flight_123,LOB,650,ok,True,39,39.0,93.17112841706602,104.43038096467541,True,212.7912036689619,True,13.530019001103938,0.13777799997478724,164.95009199995548,17.506648001261055
2026_07_21_gym,flight_123,LOB,700,ok,True,41,42.0,74.78394667814693,81.29170985961197,True,227.36005466493467,True,13.611406999640167,0.1527589987963438,177.34170299954712,19.587519000284374
2026_07_21_gym,flight_123,LOB,750,ok,True,42,45.0,107.63719909579603,125.29796802370754,True,226.4305936663101,True,13.28825999982655,0.14362999983131886,175.78322200011462,20.548814999870956
2026_07_21_gym,flight_123,LOB,800,ok,True,45,48.0,126.83643734064758,138.31452818930322,True,241.65901866803566,True,13.35307400021702,0.1519820000976324,191.34805500041693,20.139241000637412
2026_07_21_gym,flight_123,LOB,850,ok,True,46,50.99999999999999,68.01094290163702,64.66010655746231,True,250.98398066932955,True,13.330148000270128,0.15340700093656778,200.36631500069052,20.46744400076568
2026_07_21_gym,flight_123,LOB,900,ok,True,48,53.99999999999999,20.340884123150776,14.935816131809469,True,251.7603716670225,True,13.077647999860346,0.15892599988728762,201.0977230006829,20.759407999925315
2026_07_21_gym,flight_123,LOB,950,ok,True,51,56.99999999999999,82.13868740899201,68.06710017330484,True,260.5017036662127,True,13.47472299914807,0.16133399959653616,209.19177700020373,21.007203000597656
2026_07_21_gym,flight_123,LOB,1000,ok,True,54,59.99999999999999,71.99405218465476,84.12943605352086,True,312.5641096668939,True,13.489629000425339,0.16801899950951338,260.8635550001636,21.376240000128746
2026_07_21_gym,flight_123,LOB,1050,ok,True,57,62.99999999999999,50.7178578613276,62.28408081250143,True,287.1858516667659,True,13.43448100052774,0.17427799943834543,233.24057400040329,23.66985199972987
2026_07_21_gym,flight_123,LOB,1100,ok,True,60,66.0,70.7472749442749,87.02913318347696,True,291.14410966510576,True,13.45268499944359,0.17959200032055378,236.7910369997844,24.05412899889052
2026_07_21_gym,flight_123,LOB,1150,ok,True,63,69.0,59.28465972920217,72.02507949735075,True,293.9268886667366,True,13.31755599938333,0.18624099995940924,239.63475900050253,24.12166600022465
2026_07_21_gym,flight_123,LOB,1200,ok,True,66,72.0,30.69339467337781,24.464620670194726,True,304.608535664777,True,13.523073999211192,0.19325900077819824,249.68416599929333,24.541369998827577
2026_07_21_gym,flight_123,LOB,1250,ok,False,69,75.0,107.49857162742379,123.77194367088605,True,297.2046836667384,True,13.332313999533653,0.19955500029027462,251.24066700041294,15.765480999834836
2026_07_21_gym,flight_124,LOB,150,ok,True,10,9.0,356.6057205540766,246.366194285689,False,137.9144826658691,True,13.51463000010699,0.044629999436438084,85.37801899947226,22.31053700018674
2026_07_21_gym,flight_124,LOB,200,ok,True,13,12.0,793.09117691229,759.2080182250444,True,143.0083336678023,True,13.32411100063473,0.08707400038838387,88.22475999966264,24.705722000449896
2026_07_21_gym,flight_124,LOB,250,ok,True,16,14.999999999999998,414.58047237926456,449.2640234888108,True,156.44420466820398,True,13.4378890004009,0.10638900008052588,103.93405600078404,22.299204000271857
2026_07_21_gym,flight_124,LOB,300,ok,True,18,18.0,414.58064502788807,449.2642708790477,True,160.79568366582194,True,13.671017999760807,0.09733300004154444,106.91036999877542,23.45029600057751
2026_07_21_gym,flight_124,LOB,350,ok,True,20,21.0,82.90654140762739,28.763550915945782,False,171.978020666788,True,13.824741000309587,0.0992039991542697,117.79475999996066,23.592649000696838
2026_07_21_gym,flight_124,LOB,400,ok,True,22,24.0,129.58591229275945,61.125713041997905,False,177.16351866784194,True,13.441648000851274,0.10570400021970272,126.2328890003264,20.716610999777913
2026_07_21_gym,flight_124,LOB,450,ok,True,25,26.999999999999996,276.79778335939113,248.1124115918139,True,191.8646116654078,True,13.439499999396503,0.1106849992647767,140.18403699994087,21.463723000138998
2026_07_21_gym,flight_124,LOB,490,ok,True,27,29.4,243.06866413100522,249.80897992553523,True,197.18785166709372,True,13.49475899990648,0.11296299938112497,145.14205600041896,21.7714070007205
2026_07_21_gym,flight_124,LOB,500,ok,True,28,29.999999999999996,214.96181417034725,231.8933673951084,True,211.12635266563544,True,13.529334000311792,0.11529599875211716,158.57435199990869,22.240703999996185
2026_07_21_gym,flight_124,LOB,550,ok,True,31,33.0,134.00661993066757,142.22956152558712,True,215.96662966596583,True,13.680906999856234,0.12257399968802929,162.8478709999472,22.648610999807715
2026_07_21_gym,flight_124,LOB,600,ok,True,34,36.0,152.80939243284513,163.70199997819438,True,224.40305666873851,True,13.474704000167549,0.12892600055783987,169.08700000029057,25.045760001055896
2026_07_21_gym,flight_124,LOB,650,ok,True,37,39.0,135.3578189262932,178.88022078496905,True,225.75068366589645,True,13.696091999299824,0.13442599959671497,177.88251799996942,17.370981000363827
2026_07_21_gym,flight_124,LOB,700,ok,True,40,42.0,107.51664723443923,98.17336697384404,True,228.11946366696307,True,13.41446299944073,0.142149000428617,178.1356109995395,19.760574000887573
2026_07_21_gym,flight_124,LOB,750,ok,True,43,45.0,141.23177426380371,175.74041235580026,True,248.99661166562387,True,13.49061099998653,0.14518499933183193,198.41366699989885,20.280481999740005
2026_07_21_gym,flight_124,LOB,800,ok,True,45,48.0,107.25333678385104,121.7412294638041,True,245.41757366775224,True,13.418037000112236,0.1509630000218749,194.6791300009936,20.50277699995786
2026_07_21_gym,flight_124,LOB,850,ok,True,48,50.99999999999999,106.5406878474411,120.78680224409608,True,255.14811166437963,True,13.354869999922812,0.15657399874180555,204.42077799979597,20.54922299925238
2026_07_21_gym,flight_124,LOB,900,ok,True,51,53.99999999999999,43.60407240390549,60.41406229013813,True,269.2873706665511,True,13.45190800074488,0.1618699999526143,218.06462999992073,20.942295999266207
2026_07_21_gym,flight_124,LOB,950,ok,True,54,56.99999999999999,42.66374366245527,41.47541598621661,True,275.1417036668087,True,13.56014799978584,0.16864799987524748,223.52714799996465,21.219093000516295
2026_07_21_gym,flight_124,LOB,1000,ok,True,57,59.99999999999999,40.70422249901639,44.35326394856355,True,287.2164066672946,True,13.51537000015378,0.17359300050884485,235.38570300024003,21.475073999725282
2026_07_21_gym,flight_124,LOB,1050,ok,True,60,62.99999999999999,43.675388024839336,57.1322938052335,True,294.4617406676213,True,13.714704000391066,0.18059200048446655,240.11975899990648,23.780019000172615
2026_07_21_gym,flight_124,LOB,1100,ok,True,63,66.0,59.57624957160252,66.22244742902824,False,291.92036966762197,True,13.430925999768078,0.18701899982988834,236.97285100072622,24.662907000631094
2026_07_21_gym,flight_124,LOB,1150,ok,True,66,69.0,44.59120441514877,57.272321648276346,True,307.08249966862303,True,13.234260000288486,0.19346200115978718,252.65461099985987,24.3335000006482
2026_07_21_gym,flight_124,LOB,1200,ok,True,69,72.0,37.665121700883084,58.059845195334866,True,307.52020266621065,True,13.637852000072598,0.19907400012016296,252.43873999919742,24.57787000015378
2026_07_21_gym,flight_124,LOB,1250,ok,False,71,75.0,22.539951354483847,41.06862969769768,True,303.45051866645616,True,13.474314999766648,0.20129600074142218,257.2816849993542,15.826555999927223
2026_07_21_gym,flight_125,LOB,150,fit_failed,True,10,9.0,,,,,,,,,
2026_07_21_gym,flight_125,LOB,200,fit_failed,True,13,12.0,,,,,,,,,
2026_07_21_gym,flight_125,LOB,250,ok,True,16,14.999999999999998,198.57153276583819,220.10601112966856,True,155.9080916677291,True,13.467722000554204,0.08798099961131811,103.78888900112361,21.896832999773324
2026_07_21_gym,flight_125,LOB,300,ok,True,19,18.0,184.847039272101,214.63487641876077,True,169.59900066784272,True,13.430685000494123,0.09713000059127808,115.30531500093639,24.09920399915427
2026_07_21_gym,flight_125,LOB,350,ok,True,22,21.0,422.9376184904184,528.7921735269636,True,174.5858356670166,True,13.767093000002205,0.10437100008130074,125.91416699998081,18.133538000285625
2026_07_21_gym,flight_125,LOB,400,ok,True,25,24.0,294.8564878819317,220.62351365044142,True,185.5789806653435,True,13.341202999465168,0.1101109990850091,133.1915370002389,22.269462999887764
2026_07_21_gym,flight_125,LOB,450,ok,True,28,26.999999999999996,509.34710925479845,389.5414842251416,True,192.4364816645781,True,13.514499999582767,0.11507399939000607,139.35522199887782,22.785019000060856
2026_07_21_gym,flight_125,LOB,490,ok,True,30,29.4,155.46343382238544,131.69451411841197,True,200.39214766646424,True,13.887924999929965,0.1210369998589158,147.7940000006929,21.9225189993158
2026_07_21_gym,flight_125,LOB,500,ok,True,31,29.999999999999996,222.29623058269718,158.335243101699,True,196.70874066712955,True,13.432777999900281,0.12381500005722046,143.17401800025254,23.311463000252843
2026_07_21_gym,flight_125,LOB,550,ok,True,34,33.0,164.127275721482,156.77814309222933,True,209.58785266677538,True,13.46474099997431,0.1307229995727539,155.66137000080198,23.664351999759674
2026_07_21_gym,flight_125,LOB,600,ok,True,37,36.0,112.0850733062463,160.06168273888292,True,225.58914666591832,True,13.473684999160469,0.1349070006981492,169.9600549992174,25.353833000175655
2026_07_21_gym,flight_125,LOB,650,ok,True,40,39.0,165.11054657275227,161.98313316430182,True,212.1295006663228,True,13.543852000497282,0.14179699961096048,165.1104259993881,16.6667590001598
2026_07_21_gym,flight_125,LOB,700,ok,True,43,42.0,152.60394192423297,136.8131706391251,True,238.74877766675004,True,13.330926000140607,0.1483150003477931,186.62844399921596,21.974426000379026
2026_07_21_gym,flight_125,LOB,750,ok,True,46,45.0,132.58720142659934,128.16308985171167,True,238.16825966692218,True,13.473999999463558,0.15357400011271238,186.5426670005545,21.331352000124753
2026_07_21_gym,flight_125,LOB,800,ok,True,49,48.0,96.54240757532625,84.57029400658567,True,257.70296366574865,True,13.272204000502825,0.15866699907928705,205.97887099906802,21.626555000431836
2026_07_21_gym,flight_125,LOB,850,ok,True,52,50.99999999999999,91.30809776959778,89.5698368925707,True,263.0563706678028,True,13.660222999751568,0.16485199984163046,210.89744400046766,21.667185001075268
2026_07_21_gym,flight_125,LOB,900,ok,True,55,53.99999999999999,77.31594740215888,70.19560272981218,True,264.8700556649516,True,13.530313999392092,0.1700370004400611,212.42501899972558,22.078018998727202
2026_07_21_gym,flight_125,LOB,950,ok,True,57,56.99999999999999,96.74397072974136,109.39141342455285,True,275.05025966620695,True,13.689851999282837,0.17672199942171574,222.17801900021732,22.339000000618398
2026_07_21_gym,flight_125,LOB,1000,ok,True,60,59.99999999999999,52.52492968970464,55.75257027845931,True,276.00140766582143,True,13.840758999809623,0.18011199962347746,222.73446299973875,22.579406999982893
2026_07_21_gym,flight_125,LOB,1050,ok,True,63,62.99999999999999,14.856293937614089,25.081547549595967,True,289.2312586667637,True,13.400667000561953,0.18657399900257587,233.83062900044024,25.146722000092268
2026_07_21_gym,flight_125,LOB,1100,ok,True,66,66.0,35.748011474476584,35.65787107883379,True,294.41368366746855,True,13.438703000545502,0.19961099978536367,238.82350000087172,25.285202999599278
2026_07_21_gym,flight_125,LOB,1150,ok,True,69,69.0,21.115079091036062,23.689793349928433,True,302.9273316661517,True,13.574129001237452,0.19981399923563004,245.96146299969405,26.525258999317884
2026_07_21_gym,flight_125,LOB,1200,ok,True,72,72.0,18.250724669198483,24.186771295338104,True,302.98824066544574,True,13.38766699936241,0.2065739994868636,246.81770399957895,25.909629000350833
2026_07_21_gym,flight_125,LOB,1250,ok,True,75,75.0,31.786417814719456,37.465755844842235,True,309.03490666641545,True,13.553259000182152,0.21107400115579367,252.494591999799,26.109314998611808
2026_07_21_gym,flight_126,LOB,150,fit_failed,True,10,9.0,,,,,,,,,
2026_07_21_gym,flight_126,LOB,200,ok,True,13,12.0,462.6483328952462,610.8353635471552,True,143.67486966742823,True,14.621536999940872,0.0877220006659627,87.22087000031024,25.07807399984449
2026_07_21_gym,flight_126,LOB,250,ok,True,16,14.999999999999998,589.2627549073802,441.72162313236913,False,157.0495186659197,True,14.664277999661863,0.09042599983513355,103.48112999927253,22.147018000483513
2026_07_21_gym,flight_126,LOB,300,ok,True,19,18.0,352.93786930193716,284.45947069000397,False,196.23968466712782,True,14.922093000262976,0.09794400073587894,139.5092779994011,25.043703000061214
2026_07_21_gym,flight_126,LOB,350,ok,True,22,21.0,491.41245084647653,416.88411234514894,False,181.46916666595885,True,14.667795998975635,0.11164799984544516,125.94824100006372,24.074815000407398
2026_07_21_gym,flight_126,LOB,400,ok,True,25,24.0,374.5744911519533,341.4620187229684,False,184.96162966607758,True,15.166055999696255,0.11146300006657839,131.21614800021052,21.80129599943757
2026_07_21_gym,flight_126,LOB,450,ok,True,28,26.999999999999996,44.08634556718013,42.451614315040125,True,199.3909076663355,True,14.92096299957484,0.11675899941474199,145.88779699988663,21.798722000792623
2026_07_21_gym,flight_126,LOB,490,ok,True,30,29.4,24.952709997096473,46.196759111429614,True,198.97922266616175,True,13.26666700001806,0.12083299923688173,146.82046300079674,22.104592999443412
2026_07_21_gym,flight_126,LOB,500,ok,True,31,29.999999999999996,129.97207575123787,123.98009053074786,True,199.98655566728362,True,13.28774099983275,0.12368500046432018,147.4392960006371,22.469166999682784
2026_07_21_gym,flight_126,LOB,550,ok,True,34,33.0,118.90552456214432,85.98556676478172,False,216.54405566553274,True,13.642611000686884,0.1291669998317957,163.2284069992602,22.877203999087214
2026_07_21_gym,flight_126,LOB,600,ok,True,37,36.0,72.01076319075032,64.41421360714295,True,226.88890766507635,True,13.420795999467373,0.1358519997447729,170.23561099916697,26.429982000030577
2026_07_21_gym,flight_126,LOB,650,ok,True,40,39.0,17.80498424553941,35.42070434107531,True,212.81218466783562,True,13.4856850001961,0.14257400017231703,164.62481500022113,17.892444000579417
2026_07_21_gym,flight_126,LOB,700,ok,True,43,42.0,24.860800770831577,29.750870130340907,True,235.560369668218,True,13.355944000184536,0.1480740001425147,184.97587000019848,20.413815001025796
2026_07_21_gym,flight_126,LOB,750,ok,True,46,45.0,51.95389792757265,55.60152742159217,True,245.11507266542563,True,13.636647999286652,0.1544810002669692,194.2675179997459,20.389758999459445
2026_07_21_gym,flight_126,LOB,800,ok,True,49,48.0,61.979313172463414,63.120039179671835,True,263.30849866724265,True,13.380296000279486,0.15961099974811077,203.804554999806,29.297370000742376
2026_07_21_gym,flight_126,LOB,850,ok,True,52,50.99999999999999,42.80325250802257,38.50323188005232,True,260.1533696676294,True,13.749277000315487,0.1780920010060072,208.5828339997679,20.97649999987334
2026_07_21_gym,flight_126,LOB,900,ok,True,55,53.99999999999999,52.79397059675627,46.78688730070684,True,262.4354616670559,True,13.45457400009036,0.17116700019687414,210.92403599992394,21.21901800017804
2026_07_21_gym,flight_126,LOB,950,ok,True,58,56.99999999999999,29.074902879848192,18.52580242971607,True,275.20335366452736,True,13.399796999059618,0.17775999940931797,223.3158149998635,21.64331499952823
2026_07_21_gym,flight_126,LOB,1000,ok,True,61,59.99999999999999,49.666264595119934,46.65979034743639,True,282.18590766719234,True,13.444018000736833,0.18381499964743853,229.96866699960083,21.922741000540555
2026_07_21_gym,flight_126,LOB,1050,ok,True,64,62.99999999999999,21.951132612219567,25.17673965738384,True,291.9759816673274,True,13.453518999740481,0.18957400042563677,237.4208700004965,24.245351999998093
2026_07_21_gym,flight_126,LOB,1100,ok,True,67,66.0,26.80291798961395,43.378934391625506,True,292.70924066441756,True,13.326796999201179,0.1943329991772771,238.08970399945974,24.43173999991268
2026_07_21_gym,flight_126,LOB,1150,ok,True,70,69.0,17.377684156855135,36.9168713607588,True,307.2517576661582,True,13.405850999988616,0.20146299991756678,252.30694399867207,24.670833000913262
2026_07_21_gym,flight_126,LOB,1200,ok,True,72,72.0,18.66388779946663,19.299746525528516,True,303.6166836653526,True,13.641611000522971,0.20540700014680624,248.15151799935848,24.951480998657644
2026_07_21_gym,flight_126,LOB,1250,ok,True,75,75.0,17.304060242114726,15.23546189170916,True,307.6270546667899,True,13.794184999540448,0.21172199957072735,251.83837000094354,25.116111000068486
2026_07_21_gym,flight_13,FLAT,150,fit_failed,True,10,9.0,,,,,,,,,
2026_07_21_gym,flight_13,FLAT,200,ok,True,13,12.0,216.18075157936343,553.5610563733458,True,128.65275966810682,True,13.43531500082463,0.0830929996445775,87.03142600040883,11.436259000562131
2026_07_21_gym,flight_13,FLAT,250,ok,True,16,14.999999999999998,59.738413345943115,185.92541387337954,True,138.28129666640112,True,13.640851999633014,0.08996299933642149,94.73414899967611,13.149666001088917
2026_07_21_gym,flight_13,FLAT,300,ok,True,19,18.0,63.1169961204185,242.57532347560036,True,144.03938766537854,True,13.353036999702454,0.09811099991202354,100.24283299967647,13.67873999942094
2026_07_21_gym,flight_13,FLAT,350,ok,True,22,21.0,34.65092188879801,115.4108955901344,True,154.24918566613147,True,13.626259999349713,0.11720300000160933,113.12948200013489,10.709573999978602
2026_07_21_gym,flight_13,FLAT,400,ok,True,25,24.0,63.17480297769221,204.45573660883866,True,163.68853766533235,True,13.511721999384463,0.12209299951791763,121.18585199955851,12.202204000204802
2026_07_21_gym,flight_13,FLAT,450,ok,True,28,26.999999999999996,41.06598219757856,149.38770546567645,True,173.48436966600516,True,13.538371000438929,0.1165549997240305,130.9041289994493,12.258647999726236
2026_07_21_gym,flight_13,FLAT,490,ok,True,30,29.4,26.563342693982722,79.06192174308319,True,183.5056856671969,True,13.413500000722706,0.12085200008004904,139.89801899995655,13.40664799977094
2026_07_21_gym,flight_13,FLAT,500,ok,True,31,29.999999999999996,13.187130047326722,60.36253802290978,True,186.25946266918132,True,13.5342590007931,0.12462900020182133,143.2536300001666,12.680278001353145
2026_07_21_gym,flight_13,FLAT,550,ok,True,34,33.0,21.189489400713445,55.4546261498052,True,187.12988866648325,True,13.453870000317693,0.12962900009006262,144.0112599991262,12.868463000282645
2026_07_21_gym,flight_13,FLAT,600,ok,True,37,36.0,16.87003239979603,49.43204621513291,True,198.182518667231,True,13.663352000527084,0.13625900074839592,154.5958890002221,13.12035199906677
2026_07_21_gym,flight_13,FLAT,650,ok,True,40,39.0,11.30327036472305,47.37591986854513,True,197.8780916656057,True,13.464536999352276,0.1417220002040267,154.2459629997611,13.35920299962163
2026_07_21_gym,flight_13,FLAT,700,ok,False,43,42.0,8.798695730012065,36.842647383803296,True,211.5777406670774,True,13.588519000448287,0.149834000505507,171.28942499961704,9.883295999839902
2026_07_21_gym,flight_13,FLAT,750,ok,False,45,45.0,8.236382151980276,42.71079071178956,True,207.37375966614732,True,13.53524100035429,0.15264800004661083,167.14377799909562,9.875425999984145
2026_07_21_gym,flight_13,FLAT,800,ok,False,46,48.0,0.4867449023658082,19.19233256941269,True,210.7682956677551,True,13.421407000161707,0.15553699992597103,170.68513000011444,9.839555000886321
2026_07_21_gym,flight_13,FLAT,850,ok,False,46,50.99999999999999,0.4867449023658082,19.19233256941269,True,210.97174066646645,True,13.421407000161707,0.1565740006044507,170.8325189994648,9.89457399956882
2026_07_21_gym,flight_13,FLAT,900,ok,False,46,53.99999999999999,0.4867449023658082,19.19233256941269,True,210.20835166579732,True,13.421407000161707,0.15425899997353554,170.09168499987572,9.874333999119699
2026_07_21_gym,flight_13,FLAT,950,ok,False,46,56.99999999999999,0.4867449023658082,19.19233256941269,True,210.82785166582713,True,13.421407000161707,0.1556849991902709,170.71231499966234,9.87177800014615
2026_07_21_gym,flight_13,FLAT,1000,ok,False,46,59.99999999999999,0.4867449023658082,19.19233256941269,True,210.77566666683802,True,13.421407000161707,0.15774100087583065,170.6295739999041,9.90027799922973
2026_07_21_gym,flight_13,FLAT,1050,ok,False,46,62.99999999999999,0.4867449023658082,19.19233256941269,True,210.6956846655036,True,13.421407000161707,0.15496299974620342,170.6067219991237,9.845925999805331
2026_07_21_gym,flight_13,FLAT,1100,ok,False,46,66.0,0.4867449023658082,19.19233256941269,True,209.97457266661027,True,13.421407000161707,0.1565549997612834,169.854185000062,9.875758999958634
2026_07_21_gym,flight_13,FLAT,1150,ok,False,46,69.0,0.4867449023658082,19.19233256941269,True,211.32716566665718,True,13.421407000161707,0.15624099969863892,171.19116600044072,9.89168499968946
2026_07_21_gym,flight_13,FLAT,1200,ok,False,46,72.0,0.4867449023658082,19.19233256941269,True,211.00538866749653,True,13.421407000161707,0.15627800021320581,170.89235199987888,9.868685000576079
2026_07_21_gym,flight_13,FLAT,1250,ok,False,46,75.0,0.4867449023658082,19.19233256941269,True,250.03949966623136,True,13.421407000161707,0.15557399857789278,170.72622200101614,49.06962999980897
2026_07_21_gym,flight_14,FLAT,150,ok,True,10,9.0,108.43361376202974,213.7920958428873,True,115.88418566683929,True,13.337536999955773,0.044888999313116074,72.4011110002175,13.433982000686228
2026_07_21_gym,flight_14,FLAT,200,ok,True,13,12.0,105.20808287136265,265.2000013258154,True,127.87018466709803,True,13.26409300044179,0.08466699998825788,87.31512899976224,10.539629000239074
2026_07_21_gym,flight_14,FLAT,250,ok,True,16,14.999999999999998,59.18237359350224,144.29098592803956,True,135.15651766738543,True,13.69753700029105,0.08927700016647577,92.4337220005691,12.269314999692142
2026_07_21_gym,flight_14,FLAT,300,ok,True,19,18.0,16.26429689652172,26.978809501017967,True,145.13974166537324,True,13.278703999705613,0.09620399959385395,102.52194499969482,12.576221999712288
2026_07_21_gym,flight_14,FLAT,350,ok,True,22,21.0,19.71969635086823,41.177496227777524,True,149.88183366755644,True,13.3539999993518,0.10124100092798471,109.98218500055373,9.777741000056267
2026_07_21_gym,flight_14,FLAT,400,ok,True,25,24.0,11.02318056598985,32.084209051669035,True,159.44872266675034,True,13.500055999495089,0.10785199981182814,117.98946300055832,11.184685000218451
2026_07_21_gym,flight_14,FLAT,450,ok,True,28,26.999999999999996,16.10029059649077,40.59915394500086,True,167.39146366777518,True,13.494722000323236,0.11431500036269426,125.58994500059634,11.525814999826252
2026_07_21_gym,flight_14,FLAT,490,ok,True,30,29.4,43.90960722432528,94.59111234168053,True,174.52325966830054,True,13.294555000960827,0.11900000087916851,132.923314999789,11.519723000004888
2026_07_21_gym,flight_14,FLAT,500,ok,True,31,29.999999999999996,64.89665739695053,143.66250519122363,True,175.2341866667072,True,13.728647999465466,0.12144500110298395,132.9724819995463,11.744944999925792
2026_07_21_gym,flight_14,FLAT,550,ok,True,34,33.0,25.168916278292407,61.10145076534207,True,181.91153766742596,True,13.317222000099719,0.12885199952870607,139.99077800102532,11.80801900010556
2026_07_21_gym,flight_14,FLAT,600,ok,True,37,36.0,7.254609738381844,25.705176421277226,True,191.04463066595295,True,13.503073999658227,0.13562999945133924,148.635277999565,12.103982000611722
2026_07_21_gym,flight_14,FLAT,650,ok,False,39,39.0,8.389198746789685,11.819014423163258,True,194.73049966587374,True,13.492147999815643,0.1395369991660118,155.41650000028312,9.015647999942303
2026_07_21_gym,flight_14,FLAT,700,ok,False,39,42.0,8.389198746789685,11.819014423163258,True,194.4416106675441,True,13.492147999815643,0.13994500041007996,155.18301799986511,8.959833000786602
2026_07_21_gym,flight_14,FLAT,750,ok,False,39,45.0,8.389198746789685,11.819014423163258,True,195.10485166559616,True,13.492147999815643,0.13968499936163425,154.98122199997306,9.825129999779165
2026_07_21_gym,flight_14,FLAT,800,ok,False,39,48.0,8.389198746789685,11.819014423163258,True,194.16774066506574,True,13.492147999815643,0.1406479999423027,154.8598329992965,9.008444999344647
2026_07_21_gym,flight_14,FLAT,850,ok,False,39,50.99999999999999,8.389198746789685,11.819014423163258,True,194.59024066633233,True,13.492147999815643,0.14020400028675795,155.32068499922752,8.970537000335753
2026_07_21_gym,flight_14,FLAT,900,ok,False,39,53.99999999999999,8.389198746789685,11.819014423163258,True,194.81946166573712,True,13.492147999815643,0.14027699921280146,155.52529600076377,8.995073999278247
2026_07_21_gym,flight_14,FLAT,950,ok,False,39,56.99999999999999,8.389198746789685,11.819014423163258,True,194.42670266578594,True,13.492147999815643,0.13992499932646751,155.22377800010145,8.904184999875724
2026_07_21_gym,flight_14,FLAT,1000,ok,False,39,59.99999999999999,8.389198746789685,11.819014423163258,True,193.89177866807827,True,13.492147999815643,0.13963000010699034,154.61776000075042,8.975574000738561
2026_07_21_gym,flight_14,FLAT,1050,ok,False,39,62.99999999999999,8.389198746789685,11.819014423163258,True,195.30375966864327,True,13.492147999815643,0.13977800123393536,155.96157400123775,9.043592999689281
2026_07_21_gym,flight_14,FLAT,1100,ok,False,39,66.0,8.389198746789685,11.819014423163258,True,194.49807366604605,True,13.492147999815643,0.14100000075995922,155.21964799892157,8.978610999882221
2026_07_21_gym,flight_14,FLAT,1150,ok,False,39,69.0,8.389198746789685,11.819014423163258,True,194.64794366496304,True,13.492147999815643,0.14064799901098013,155.40325899980962,8.945221999660134
2026_07_21_gym,flight_14,FLAT,1200,ok,False,39,72.0,8.389198746789685,11.819014423163258,True,194.1527226657296,True,13.492147999815643,0.14066699985414743,154.8856849996373,8.96755599975586
2026_07_21_gym,flight_14,FLAT,1250,ok,False,39,75.0,8.389198746789685,11.819014423163258,True,194.65690766616413,True,13.492147999815643,0.13909299951046705,155.3344999998808,9.024500000290573
2026_07_21_gym,flight_15,MID,150,ok,True,10,9.0,50.024652875180045,93.98651690917282,True,125.02746466795604,True,13.333352000452578,0.04470400046557188,80.13401900045574,14.84872299991548
2026_07_21_gym,flight_15,MID,200,ok,True,13,12.0,61.49043040128423,110.85087601256919,True,131.21316566473493,True,13.563795998692513,0.08662899862974882,88.81007400061935,12.08600000012666
2026_07_21_gym,flight_15,MID,250,ok,True,16,14.999999999999998,93.09826268895131,163.3452603597623,True,142.73442566643158,True,13.420315000228584,0.09153700061142445,97.7700920002535,14.785814998671412
2026_07_21_gym,flight_15,MID,300,ok,True,19,18.0,75.19583883392191,149.8165673460795,True,155.71366666598865,True,13.356166999787092,0.09664799924939871,111.05348100047559,14.54070399980992
2026_07_21_gym,flight_15,MID,350,ok,True,22,21.0,53.059501607641906,116.0009157353372,True,162.2094646670545,True,13.497314999811351,0.10257500037550926,120.63031500019133,11.312593000009656
2026_07_21_gym,flight_15,MID,400,ok,True,25,24.0,35.59689258855117,82.86171744657922,True,167.2929626662905,True,13.537130000069737,0.10764800012111664,125.33733299933374,11.644185000099242
2026_07_21_gym,flight_15,MID,450,ok,True,28,26.999999999999996,33.518113135460084,76.30067714345205,True,185.52436866580197,True,13.667647999711335,0.11370299942791462,141.82200000062585,13.254350999370217
2026_07_21_gym,flight_15,MID,490,ok,True,30,29.4,45.63904000907909,97.01808623379432,True,188.20211166764298,True,13.457926000468433,0.12922300025820732,144.44733300060034,13.500962999649346
2026_07_21_gym,flight_15,MID,500,ok,True,31,29.999999999999996,45.63903912105066,97.01808450123264,True,191.86335066581765,True,13.19649999961257,0.12494399957358837,148.3321850001812,13.543054999783635
2026_07_21_gym,flight_15,MID,550,ok,True,34,33.0,20.437561807944284,52.621416133770914,True,200.32790766532221,True,13.358555999584496,0.128388999029994,156.20933299977332,13.964963000267744
2026_07_21_gym,flight_15,MID,600,ok,True,37,36.0,29.994254334917056,67.14810348036474,True,206.23390766667822,True,13.27131500095129,0.1342589994892478,162.0332039995119,14.128463000059128
2026_07_21_gym,flight_15,MID,650,ok,True,40,39.0,13.079512373432259,35.541982679869065,True,209.8987576679016,True,13.494665999896824,0.14055499993264675,165.3100550007075,14.28681500069797
2026_07_21_gym,flight_15,MID,700,ok,False,43,42.0,36.64105458275584,82.24071062896874,True,217.67046166832247,True,13.326129000633955,0.14666599966585636,177.00651900097728,10.524481000378728
2026_07_21_gym,flight_15,MID,750,ok,False,46,45.0,63.127299174807156,138.096514098367,True,218.79968366834024,True,13.471481000073254,0.15437000058591366,177.75829600077122,10.748870000243187
2026_07_21_gym,flight_15,MID,800,ok,False,49,48.0,71.1747838411765,157.5798060399326,True,226.4774426675091,True,13.337017999961972,0.1605179999023676,185.5280370004475,10.7852030005306
2026_07_21_gym,flight_15,MID,850,ok,False,52,50.99999999999999,8.811926996806493,20.825564919718552,True,237.89692666723082,True,13.436889000236988,0.16620399989187717,195.3923700004816,12.234796999953687
2026_07_21_gym,flight_15,MID,900,ok,False,54,53.99999999999999,16.49209239763954,28.47218216752361,True,239.09470366655538,True,13.538722000084817,0.17090700007975101,196.45611099898815,12.262297000735998
2026_07_21_gym,flight_15,MID,950,ok,False,54,56.99999999999999,16.49209239763954,28.47218216752361,True,240.01520266911635,True,13.538722000084817,0.17112900130450726,197.36150000058115,12.277185000479221
2026_07_21_gym,flight_15,MID,1000,ok,False,54,59.99999999999999,16.49209239763954,28.47218216752361,True,239.1715926664571,True,13.538722000084817,0.17153700068593025,196.60142599977553,12.193240999244153
2026_07_21_gym,flight_15,MID,1050,ok,False,54,62.99999999999999,16.49209239763954,28.47218216752361,True,239.07701866577068,True,13.538722000084817,0.17048099916428328,195.6195740001276,13.081574999727309
2026_07_21_gym,flight_15,MID,1100,ok,False,54,66.0,16.49209239763954,28.47218216752361,True,238.74659266664335,True,13.538722000084817,0.18274099938571453,196.03414800018072,12.324315000325441
2026_07_21_gym,flight_15,MID,1150,ok,False,54,69.0,16.49209239763954,28.47218216752361,True,239.10377866836885,True,13.538722000084817,0.17088900040835142,196.45248200092465,12.275019000284374
2026_07_21_gym,flight_15,MID,1200,ok,False,54,72.0,16.49209239763954,28.47218216752361,True,239.9253326660643,True,13.538722000084817,0.17072200030088425,197.30540699884295,12.24381500016898
2026_07_21_gym,flight_15,MID,1250,ok,False,54,75.0,16.49209239763954,28.47218216752361,True,239.04922266645977,True,13.538722000084817,0.17192600015550852,196.4733340004459,12.198573999106884
2026_07_21_gym,flight_16,FLAT,150,fit_failed,True,10,9.0,,,,,,,,,
2026_07_21_gym,flight_16,FLAT,200,ok,True,13,12.0,106.31675758799923,218.48845249831626,True,130.20477766605714,True,13.712351999245584,0.08520400058478117,89.17996300011873,10.560591999441385
2026_07_21_gym,flight_16,FLAT,250,ok,True,16,14.999999999999998,23.809719038703665,78.88556476031698,True,140.17299966576198,True,13.819647999480367,0.09103699959814548,97.32744500041008,12.268202999606729
2026_07_21_gym,flight_16,FLAT,300,ok,True,19,18.0,97.98482571604059,214.70785009701405,True,141.92885266679028,True,13.245980999432504,0.09705599956214428,101.3584080003202,10.560741000808775
2026_07_21_gym,flight_16,FLAT,350,ok,True,22,21.0,112.04793634361654,221.75878823963177,True,153.6847596677641,True,13.575167000293732,0.10431500058621168,113.50150000024587,9.837110999971628
2026_07_21_gym,flight_16,FLAT,400,ok,True,24,24.0,90.75098002234596,175.64694320952316,True,160.2414076651136,True,13.515389000065625,0.10699999984353781,118.84396299906075,11.108388999477029
2026_07_21_gym,flight_16,FLAT,450,ok,True,27,26.999999999999996,117.8653448706209,234.28465579914325,True,166.02651866401234,True,13.640204000286758,0.1119629992172122,124.20023999921978,11.40744499862194
2026_07_21_gym,flight_16,FLAT,490,ok,True,29,29.4,67.32151586560174,137.95857597798806,True,187.22385266671577,True,13.670907000079751,0.12529699970036745,145.06051899958402,11.700463000684977
2026_07_21_gym,flight_16,FLAT,500,ok,True,30,29.999999999999996,68.25782592621576,120.48213816171922,True,190.84281366846213,True,13.540833000093699,0.12044400069862604,148.64562900085002,11.869241000153124
2026_07_21_gym,flight_16,FLAT,550,ok,False,33,33.0,4.812832893528514,33.66617263360584,True,188.7136476651455,True,13.42692600004375,0.12668500002473593,150.7640179991722,7.729351999238133
2026_07_21_gym,flight_16,FLAT,600,ok,False,34,36.0,35.71987838946097,55.797903684176646,True,183.90737066666284,True,13.738925999961793,0.1297039994969964,144.57472199946642,8.797352001070976
2026_07_21_gym,flight_16,FLAT,650,ok,False,34,39.0,35.71987838946097,55.797903684176646,True,183.71122166576484,True,13.738925999961793,0.12899999972432852,144.402054999955,8.774573999457061
2026_07_21_gym,flight_16,FLAT,700,ok,False,34,42.0,35.71987838946097,55.797903684176646,True,183.91229566807547,True,13.738925999961793,0.12894400116056204,143.76111099962145,9.616648000665009
2026_07_21_gym,flight_16,FLAT,750,ok,False,34,45.0,35.71987838946097,55.797903684176646,True,182.8862586679558,True,13.738925999961793,0.12903700023889542,143.540629000403,8.811000000685453
2026_07_21_gym,flight_16,FLAT,800,ok,False,34,48.0,35.71987838946097,55.797903684176646,True,184.0407216666887,True,13.738925999961793,0.12890699971467257,144.68920399993658,8.817018000409007
2026_07_21_gym,flight_16,FLAT,850,ok,False,34,50.99999999999999,35.71987838946097,55.797903684176646,True,184.404759666572,True,13.738925999961793,0.12803700007498264,145.11842599976808,8.752704000100493
2026_07_21_gym,flight_16,FLAT,900,ok,False,34,53.99999999999999,35.71987838946097,55.797903684176646,True,183.64418566568443,True,13.738925999961793,0.1281109992414713,143.5242410004139,9.586240999400616
2026_07_21_gym,flight_16,FLAT,950,ok,False,34,56.99999999999999,35.71987838946097,55.797903684176646,True,183.27461166648814,True,13.738925999961793,0.13009299989789724,143.92957399971783,8.809352000243962
2026_07_21_gym,flight_16,FLAT,1000,ok,False,34,59.99999999999999,35.71987838946097,55.797903684176646,True,183.65514766673246,True,13.738925999961793,0.12831499986350536,144.29912900086492,8.822110999375582
2026_07_21_gym,flight_16,FLAT,1050,ok,False,34,62.99999999999999,35.71987838946097,55.797903684176646,True,183.95220566603044,True,13.738925999961793,0.12859299965202808,144.6399079998955,8.778111999854445
2026_07_21_gym,flight_16,FLAT,1100,ok,False,34,66.0,35.71987838946097,55.797903684176646,True,183.45487066699812,True,13.738925999961793,0.12913000024855137,144.21683300007135,8.70331500004977
2026_07_21_gym,flight_16,FLAT,1150,ok,False,34,69.0,35.71987838946097,55.797903684176646,True,183.32009266658375,True,13.738925999961793,0.12825999967753887,144.01103699952364,8.775203000754118
2026_07_21_gym,flight_16,FLAT,1200,ok,False,34,72.0,35.71987838946097,55.797903684176646,True,184.02422266701856,True,13.738925999961793,0.12953699938952923,144.67451900057495,8.814574000425637
2026_07_21_gym,flight_16,FLAT,1250,ok,False,34,75.0,35.71987838946097,55.797903684176646,True,183.64407366669425,True,13.738925999961793,0.12907399982213974,144.3519999999553,8.757407000288367
2026_07_21_gym,flight_18,MID,150,fit_failed,True,10,9.0,,,,,,,,,
2026_07_21_gym,flight_18,MID,200,fit_failed,True,13,12.0,,,,,,,,,
2026_07_21_gym,flight_18,MID,250,fit_failed,True,16,14.999999999999998,,,,,,,,,
2026_07_21_gym,flight_18,MID,300,ok,True,19,18.0,682.468495742101,834.4958994152335,False,155.7432966666917,True,13.68151899985969,0.0990369999781251,109.15507400035858,16.140999999828637
2026_07_21_gym,flight_18,MID,350,ok,True,22,21.0,669.1666763315332,792.8618699223132,False,169.6620006651307,True,13.31059299968183,0.10548199899494648,121.10012899991125,18.479129999876022
2026_07_21_gym,flight_18,MID,400,ok,True,25,24.0,198.21773209266885,227.5270993888751,True,179.24998166660467,True,13.462222999893129,0.11012999899685383,130.0543510010466,18.95661100000143
2026_07_21_gym,flight_18,MID,450,ok,True,28,26.999999999999996,85.2319534878353,104.12406110808939,True,189.62627666691938,True,13.746981999836862,0.11620300076901913,139.39779599942267,19.698629000224173
2026_07_21_gym,flight_18,MID,490,ok,True,30,29.4,102.84392963503085,124.55276583354868,True,205.4741296681265,True,13.703666999936104,0.12187100108712912,154.41190700046718,20.570017999969423
2026_07_21_gym,flight_18,MID,500,ok,True,31,29.999999999999996,127.69844391606443,178.01203301850194,True,210.47861166639873,True,13.91201899945736,0.1245550001040101,158.68738899938762,21.087982000783086
2026_07_21_gym,flight_18,MID,550,ok,True,34,33.0,97.35109824318009,111.52627010752076,True,202.3876666665698,True,13.363889000378549,0.12988900020718575,156.7851479994133,15.442073999904096
2026_07_21_gym,flight_18,MID,600,ok,True,37,36.0,121.2633967342606,154.57088607862644,True,212.85694466593364,True,13.56729600019753,0.13592599984258413,164.3573149992153,18.129741000011563
2026_07_21_gym,flight_18,MID,650,ok,True,40,39.0,111.63335806735503,152.4370992189414,True,222.8097046657155,True,13.753111000172794,0.14168599899858236,173.9057590002194,18.342481999658048
2026_07_21_gym,flight_18,MID,700,ok,True,43,42.0,87.43826433679817,116.20219493372876,True,239.69001766635725,True,13.712110999971628,0.1472410000860691,190.60931399930269,18.55468500033021
2026_07_21_gym,flight_18,MID,750,ok,True,46,45.0,60.427255007030205,80.97254492198472,True,244.588221667024,True,14.067592000588775,0.15490700025111437,194.91474099922925,18.78431500028819
2026_07_21_gym,flight_18,MID,800,ok,True,48,48.0,80.3783645024893,132.0998338853368,True,243.50901966697225,True,13.507259999401867,0.15855600032955408,194.02257400006056,19.153963000513613
2026_07_21_gym,flight_18,MID,850,ok,True,50,50.99999999999999,59.91661445495777,83.22333983911423,True,257.3132216675828,True,14.296536999754608,0.16183400060981512,206.10640699975193,20.081777000799775
2026_07_21_gym,flight_18,MID,900,ok,True,52,53.99999999999999,60.9232982277695,96.29545985764433,True,270.4448876657213,True,13.70740699954331,0.1665369998663664,220.15472199954093,19.74955500010401
2026_07_21_gym,flight_18,MID,950,ok,True,55,56.99999999999999,64.23871469781533,70.71907490946235,True,270.65975866621983,True,13.279017999768257,0.17361100018024445,218.75431500002742,21.786147999577224
2026_07_21_gym,flight_18,MID,1000,ok,True,58,59.99999999999999,89.517811673107,93.74690236231636,True,275.49062866779667,True,13.680277000181377,0.17959300056099892,222.97535200044513,21.98873999994248
2026_07_21_gym,flight_18,MID,1050,ok,True,61,62.99999999999999,47.695521467721754,62.63655944689224,True,277.4714626648153,True,13.722684998996556,0.18420299980789423,224.78462999965996,22.113277999684215
2026_07_21_gym,flight_18,MID,1100,ok,False,62,66.0,57.67142093976965,61.303792045730326,True,273.8621856660272,True,13.712222000584006,0.18644499965012074,230.52514899894595,12.771703000180423
2026_07_21_gym,flight_18,MID,1150,ok,False,62,69.0,57.67142093976965,61.303792045730326,True,274.98324066835147,True,13.712222000584006,0.1967409998178482,231.63842600025237,12.769185001030564
2026_07_21_gym,flight_18,MID,1200,ok,False,62,72.0,57.67142093976965,61.303792045730326,True,274.2237596657748,True,13.712222000584006,0.18781500030308962,230.89466699864715,12.762388999573886
2026_07_21_gym,flight_18,MID,1250,ok,False,62,75.0,57.67142093976965,61.303792045730326,True,274.17736866666627,True,13.712222000584006,0.18966600019484758,230.91168500017375,12.697128999046981
2026_07_21_gym,flight_19,MID,150,fit_failed,True,10,9.0,,,,,,,,,
2026_07_21_gym,flight_19,MID,200,ok,True,13,12.0,78.62669615966453,107.64523700419856,True,135.5876656655843,True,13.675093000754714,0.08557399921119213,88.08549899980426,17.074832999147475
2026_07_21_gym,flight_19,MID,250,ok,True,16,14.999999999999998,189.2438925281559,313.73105502410203,True,140.57203566717604,True,13.731887999922037,0.09131500031799078,96.04757400043309,14.034591999836266
2026_07_21_gym,flight_19,MID,300,ok,True,19,18.0,47.65125219614911,164.69787209889105,True,154.3072966688002,True,13.430574000813067,0.09763000067323446,108.3075190000236,15.804907000623643
2026_07_21_gym,flight_19,MID,350,ok,True,22,21.0,263.29933396682054,287.69514607925794,True,159.13655666510263,True,13.300981999374926,0.10396299976855516,112.53842599969357,16.52651899959892
2026_07_21_gym,flight_19,MID,400,ok,True,25,24.0,80.87229570036233,89.54818787526867,True,172.33055566406497,True,13.290054999291897,0.11024099960923195,125.19474099949002,17.068851999007165
2026_07_21_gym,flight_19,MID,450,ok,True,28,26.999999999999996,46.3250367539137,151.03711921079423,True,176.48487066632757,True,13.654314999468625,0.11701800022274256,132.86759299971163,13.17927800025791
2026_07_21_gym,flight_19,MID,490,ok,True,30,29.4,76.10487253361228,145.42652847167585,True,187.9727216667185,True,13.327573999762535,0.12009300012141466,144.38001800049096,13.478369999676943
2026_07_21_gym,flight_19,MID,500,ok,True,31,29.999999999999996,32.803208251686875,34.520312060328756,True,187.49172266727933,True,13.69101900048554,0.12274099979549646,143.37287000007927,13.638426000252366
2026_07_21_gym,flight_19,MID,550,ok,True,34,33.0,42.38623214273684,107.63097934859026,True,201.84331366575012,True,13.550925999879837,0.1284259995445609,156.0719250002876,15.425369999371469
2026_07_21_gym,flight_19,MID,600,ok,True,37,36.0,48.0170571027764,129.51383674101172,True,207.05418466652432,True,13.42064799927175,0.13422200083732605,161.19905500020832,15.63359299954027
2026_07_21_gym,flight_19,MID,650,ok,True,40,39.0,32.47490009207181,56.58635717787555,True,210.19868466599533,True,13.214925999753177,0.14070399943739176,164.44742600061,15.72896199952811
2026_07_21_gym,flight_19,MID,700,ok,True,43,42.0,9.332014721261906,34.638630273453415,True,220.44301866708943,True,13.455128999426961,0.146204000338912,174.13074099924415,16.04427800141275
2026_07_21_gym,flight_19,MID,750,ok,True,46,45.0,57.38650459068983,78.37220453537684,True,228.36788866637895,True,13.34814800042659,0.1536480002105236,181.8832219997421,16.316203999333084
2026_07_21_gym,flight_19,MID,800,ok,True,49,48.0,5.259822962248123,28.176052781515683,True,230.97253666600832,True,13.23096300009638,0.15851800050586462,184.29124099947512,16.6251479992643
2026_07_21_gym,flight_19,MID,850,ok,True,51,50.99999999999999,37.326972266073525,78.17703410534305,True,234.61348166844496,True,13.201796000823379,0.1631300002336502,187.73450000025332,16.847389000467956
2026_07_21_gym,flight_19,MID,900,ok,False,54,53.99999999999999,8.192555460481632,42.21888977599313,True,238.05837066626796,True,13.587833000347018,0.16948199924081564,195.35892600007355,12.275462999939919
2026_07_21_gym,flight_19,MID,950,ok,False,57,56.99999999999999,12.787777227288748,62.94466015530204,True,249.94903566750386,True,13.480721999891102,0.1774439997971058,207.1477220011875,12.476480999961495
2026_07_21_gym,flight_19,MID,1000,ok,False,58,59.99999999999999,50.265010662700405,68.09570604351028,True,250.60864866587022,True,13.393926000222564,0.1784629998728633,207.88538900017738,12.484203998930752
2026_07_21_gym,flight_19,MID,1050,ok,False,58,62.99999999999999,50.265010662700405,68.09570604351028,True,250.8810366668428,True,13.393926000222564,0.17888899985700846,208.13344400003552,12.508111000061035
2026_07_21_gym,flight_19,MID,1100,ok,False,58,66.0,50.265010662700405,68.09570604351028,True,250.7623526683698,True,13.393926000222564,0.17859200108796358,208.0869450001046,12.43622300028801
2026_07_21_gym,flight_19,MID,1150,ok,False,58,69.0,50.265010662700405,68.09570604351028,True,250.0272776695589,True,13.393926000222564,0.17966700065881014,207.25331400055438,12.533704001456499
2026_07_21_gym,flight_19,MID,1200,ok,False,58,72.0,50.265010662700405,68.09570604351028,True,250.73811166609326,True,13.393926000222564,0.17848100047558546,208.01694499980658,12.482092998921871
2026_07_21_gym,flight_19,MID,1250,ok,False,58,75.0,50.265010662700405,68.09570604351028,True,250.57242666619518,True,13.393926000222564,0.17701900005340576,207.84283299930394,12.49198199994862
2026_07_21_gym,flight_2,FLAT,150,ok,True,10,9.0,127.44667341444887,365.4354315103771,True,113.48281466836731,True,13.690093000419438,0.04703700076788664,73.96885200031102,9.110166000202298
2026_07_21_gym,flight_2,FLAT,200,ok,True,13,12.0,174.92936573643107,436.58886160314984,True,128.13320366541544,True,13.325499999336898,0.08446299936622381,87.33144400082529,10.725129999220371
2026_07_21_gym,flight_2,FLAT,250,ok,True,16,14.999999999999998,130.55473614756423,325.7205999251014,True,157.5071856683741,True,13.658482000231743,0.08998200111091137,115.91316599957645,11.178889000788331
2026_07_21_gym,flight_2,FLAT,300,ok,True,19,18.0,89.25005834104334,221.12313421001008,True,141.516054667222,True,13.343944000080228,0.0994070004671812,102.54696300067008,8.859073999337852
2026_07_21_gym,flight_2,FLAT,350,ok,True,21,21.0,51.12629845111752,130.50798449243138,True,142.54318466751525,True,13.331648000515997,0.1016669999808073,102.45477799978107,9.988425000570714
2026_07_21_gym,flight_2,FLAT,400,ok,True,23,24.0,18.32554046657041,46.06547194892102,True,153.795221666495,True,13.47112900018692,0.10546299908310175,112.62253700010478,10.929426000453532
2026_07_21_gym,flight_2,FLAT,450,ok,True,26,26.999999999999996,24.300404142288514,73.6380004407935,True,167.0397596663485,True,13.353110999800265,0.1128700003027916,126.12166699953377,10.785445000045002
2026_07_21_gym,flight_2,FLAT,490,ok,True,27,29.4,24.30040607375521,73.63800155728666,True,166.54394566609213,True,13.576297000050545,0.11442600004374981,125.43236999958754,10.75418599974364
2026_07_21_gym,flight_2,FLAT,500,ok,False,27,29.999999999999996,24.30040607375521,73.63800155728666,True,167.2279456683124,True,13.576297000050545,0.11474100034683943,126.0972780007869,10.77296300046146
2026_07_21_gym,flight_2,FLAT,550,ok,False,27,33.0,24.30040607375521,73.63800155728666,True,166.69796466703215,True,13.576297000050545,0.1159450002014637,125.65172199998051,10.687334000132978
2026_07_21_gym,flight_2,FLAT,600,ok,False,27,36.0,24.30040607375521,73.63800155728666,True,165.9181106655548,True,13.576297000050545,0.11525899916887283,124.7645920002833,10.795295999385417
2026_07_21_gym,flight_2,FLAT,650,ok,False,27,39.0,24.30040607375521,73.63800155728666,True,166.65694566598782,True,13.576297000050545,0.11533299926668406,125.51200000010431,10.786648999899626
2026_07_21_gym,flight_2,FLAT,700,ok,False,27,42.0,24.30040607375521,73.63800155728666,True,166.77944566557804,True,13.576297000050545,0.11453699972480536,125.6220189994201,10.799925999715924
2026_07_21_gym,flight_2,FLAT,750,ok,False,27,45.0,24.30040607375521,73.63800155728666,True,166.45646366632232,True,13.576297000050545,0.11431499943137169,125.34525900054723,10.753925999626517
2026_07_21_gym,flight_2,FLAT,800,ok,False,27,48.0,24.30040607375521,73.63800155728666,True,166.02557366682836,True,13.576297000050545,0.11455499939620495,124.86927700042725,10.798778000287712
2026_07_21_gym,flight_2,FLAT,850,ok,False,27,50.99999999999999,24.30040607375521,73.63800155728666,True,166.90794466777393,True,13.576297000050545,0.11464800033718348,125.75735200103372,10.792980999685824
2026_07_21_gym,flight_2,FLAT,900,ok,False,27,53.99999999999999,24.30040607375521,73.63800155728666,True,167.26127766786763,True,13.576297000050545,0.11542600020766258,126.09253700077534,10.81035100016743
2026_07_21_gym,flight_2,FLAT,950,ok,False,27,56.99999999999999,24.30040607375521,73.63800155728666,True,166.27153766682991,True,13.576297000050545,0.1157039999961853,125.20322200004011,10.709648000076413
2026_07_21_gym,flight_2,FLAT,1000,ok,False,27,59.99999999999999,24.30040607375521,73.63800155728666,True,166.50879666550705,True,13.576297000050545,0.11416599899530411,124.61755600012839,11.534110999666154
2026_07_21_gym,flight_2,FLAT,1050,ok,False,27,62.99999999999999,24.30040607375521,73.63800155728666,True,165.73929666510472,True,13.576297000050545,0.11559200007468462,124.64890699926764,10.731833999045193
2026_07_21_gym,flight_2,FLAT,1100,ok,False,27,66.0,24.30040607375521,73.63800155728666,True,166.48111066656807,True,13.576297000050545,0.11474000010639429,125.34957399964333,10.773833000101149
2026_07_21_gym,flight_2,FLAT,1150,ok,False,27,69.0,24.30040607375521,73.63800155728666,True,166.61738966746876,True,13.576297000050545,0.1153510008007288,125.50501899980009,10.75405600015074
2026_07_21_gym,flight_2,FLAT,1200,ok,False,27,72.0,24.30040607375521,73.63800155728666,True,166.55729766624668,True,13.576297000050545,0.12609300017356873,125.48429599963129,10.703944999724627
2026_07_21_gym,flight_2,FLAT,1250,ok,False,27,75.0,24.30040607375521,73.63800155728666,True,166.26381466692933,True,13.576297000050545,0.11485200095921755,125.13838799949735,10.767610999755561
2026_07_21_gym,flight_20,FLAT,150,ok,True,10,9.0,705.1464490435728,1058.5734316673484,False,118.76649966618668,True,13.25781499966979,0.04342600051313639,74.47144399955869,14.32714799977839
2026_07_21_gym,flight_20,FLAT,200,ok,True,13,12.0,39.98733292808537,59.74469819126078,True,129.12301866772273,True,13.674425999633968,0.0850740009918809,87.26035200059414,11.436499999836087
2026_07_21_gym,flight_20,FLAT,250,ok,True,16,14.999999999999998,91.72771372446412,152.26380124703317,True,137.85774066733816,True,13.471926000900567,0.09164800029247999,94.43679600022733,13.190703999251127
2026_07_21_gym,flight_20,FLAT,300,ok,True,19,18.0,28.668746780908215,38.63411087588312,True,159.44818466591337,True,13.462573999539018,0.09735199995338917,115.51040699984878,13.711184999905527
2026_07_21_gym,flight_20,FLAT,350,ok,True,22,21.0,12.55834172875358,33.43116339904837,True,155.4321476665015,True,13.261832999996841,0.10312999971210957,114.76853699982166,10.631981000304222
2026_07_21_gym,flight_20,FLAT,400,ok,True,25,24.0,25.66081591774389,63.931555815861195,True,163.5530546667675,True,14.76825900003314,0.10918499995023012,120.89162900019437,11.11731499992311
2026_07_21_gym,flight_20,FLAT,450,ok,True,28,26.999999999999996,42.73234919917539,84.89008390501567,True,174.0691496670867,True,13.70157500077039,0.11544500011950731,131.29509299900383,12.290370000526309
2026_07_21_gym,flight_20,FLAT,490,ok,True,29,29.4,23.153183731185333,53.774598102893925,True,173.19314766551057,True,13.3897399995476,0.1181659996509552,130.49583400040865,12.522740999236703
2026_07_21_gym,flight_20,FLAT,500,ok,True,30,29.999999999999996,30.384359498907074,62.5253533883605,True,180.33361166591445,True,13.38792600017041,0.11927799973636866,137.5387039994821,12.621036999858916
2026_07_21_gym,flight_20,FLAT,550,ok,True,33,33.0,8.01722493990448,41.82054956733464,True,191.86481466765204,True,13.730574000626802,0.12731400039047003,148.50683400034904,12.833425999619067
2026_07_21_gym,flight_20,FLAT,600,ok,True,36,36.0,23.50456880225539,41.30245986740856,True,193.43327666601786,True,13.374184999614954,0.13299999944865704,150.04914799984545,13.210277000442147
2026_07_21_gym,flight_20,FLAT,650,ok,True,38,39.0,55.93120549307246,108.80752723298514,True,194.08587166542807,True,13.304573999717832,0.13687099982053041,150.5565369995311,13.421222999691963
2026_07_21_gym,flight_20,FLAT,700,ok,False,41,42.0,24.056064212050924,58.39368107051225,True,212.67038966777423,True,13.283963000401855,0.14366700034588575,172.71425900049508,9.861833999864757
2026_07_21_gym,flight_20,FLAT,750,ok,False,44,45.0,40.720919137306225,101.247735381278,True,210.96037066696832,True,13.384296999312937,0.15007400047034025,169.98711100034416,10.772222000174224
2026_07_21_gym,flight_20,FLAT,800,ok,False,47,48.0,22.93698264194407,44.22059918236647,True,211.6173526669542,True,13.419278000481427,0.15849999990314245,171.19983400031924,10.173073999583721
2026_07_21_gym,flight_20,FLAT,850,ok,False,48,50.99999999999999,9.272300300512027,25.116938882289844,True,220.643035664844,True,13.801258998923004,0.15855500008910894,179.79736999887973,10.219185000285506
2026_07_21_gym,flight_20,FLAT,900,ok,False,48,53.99999999999999,9.272300300512027,25.116938882289844,True,220.872258665661,True,13.801258998923004,0.15868499968200922,180.0327409999445,10.21290700044483
2026_07_21_gym,flight_20,FLAT,950,ok,False,48,56.99999999999999,9.272300300512027,25.116938882289844,True,220.5408706643308,True,13.801258998923004,0.15766700077801943,179.77238899935037,10.142888998612761
2026_07_21_gym,flight_20,FLAT,1000,ok,False,48,59.99999999999999,9.272300300512027,25.116938882289844,True,220.0298336657385,True,13.801258998923004,0.15898199938237667,179.18759200070053,10.215334000065923
2026_07_21_gym,flight_20,FLAT,1050,ok,False,48,62.99999999999999,9.272300300512027,25.116938882289844,True,220.65086966442564,True,13.801258998923004,0.1591659989207983,179.840165999718,10.183612000197172
2026_07_21_gym,flight_20,FLAT,1100,ok,False,48,66.0,9.272300300512027,25.116938882289844,True,220.32596166587123,True,13.801258998923004,0.15796299930661917,179.5439440002665,10.15612900070846
2026_07_21_gym,flight_20,FLAT,1150,ok,False,48,69.0,9.272300300512027,25.116938882289844,True,220.5327956645439,True,13.801258998923004,0.1591849997639656,179.73188900016248,10.173795999027789
2026_07_21_gym,flight_20,FLAT,1200,ok,False,48,72.0,9.272300300512027,25.116938882289844,True,220.1926476644973,True,13.801258998923004,0.15896299947053194,179.3225180003792,10.243240999057889
2026_07_21_gym,flight_20,FLAT,1250,ok,False,48,75.0,9.272300300512027,25.116938882289844,True,220.64957466597357,True,13.801258998923004,0.15827799960970879,179.8012780006975,10.222093000076711
2026_07_21_gym,flight_21,LOB,150,fit_failed,True,9,9.0,,,,,,,,,
2026_07_21_gym,flight_21,LOB,200,fit_failed,True,11,12.0,,,,,,,,,
2026_07_21_gym,flight_21,LOB,250,ok,True,14,14.999999999999998,711.0242174598094,937.247422968405,True,151.84162766734758,True,13.660647999495268,0.08912899997085333,97.57083300035447,23.854351000860333
2026_07_21_gym,flight_21,LOB,300,ok,True,17,18.0,871.5441627217102,1143.6372403648838,False,163.9583146671454,True,13.75083400029689,0.09500000067055225,108.48931399919093,24.956500000320375
2026_07_21_gym,flight_21,LOB,350,ok,True,20,21.0,394.8578371311941,568.9461605147017,True,184.0872206656883,True,13.71461100038141,0.10135099943727255,133.63268499914557,19.9719070000574
2026_07_21_gym,flight_21,LOB,400,ok,True,23,24.0,221.90338090484647,334.7536414778589,True,195.095037665839,True,13.698610999621451,0.10698200017213821,141.838944000192,22.783833999186754
2026_07_21_gym,flight_21,LOB,450,ok,True,26,26.999999999999996,195.1429824527624,294.0593398098708,True,203.9940726670126,True,13.482813999988139,0.11268599983304739,150.91138800047338,22.82051800005138
2026_07_21_gym,flight_21,LOB,490,ok,True,28,29.4,265.3038439529726,413.06676182469045,True,216.31429766646275,True,13.766296999529004,0.11705600004643202,161.9160929992795,23.848185000941157
2026_07_21_gym,flight_21,LOB,500,ok,True,29,29.999999999999996,238.69832776651924,369.3136729251143,True,220.65788866734752,True,13.732758999802172,0.11937100067734718,166.4514810005203,23.687610999681056
2026_07_21_gym,flight_21,LOB,550,ok,True,32,33.0,163.30960328884805,259.89740795460875,True,225.29864866721132,True,13.543406999669969,0.12533400021493435,171.1993700005114,23.763871000148356
2026_07_21_gym,flight_21,LOB,600,ok,True,35,36.0,67.28686210839632,100.70784741279813,True,232.7052396663154,True,13.481906999833882,0.13159199990332127,184.26383300032467,18.16124099958688
2026_07_21_gym,flight_21,LOB,650,ok,True,38,39.0,112.18719133516339,181.32485289215205,True,238.20479566572854,True,13.796036998741329,0.13827800005674362,186.77735099941492,20.82646300084889
2026_07_21_gym,flight_21,LOB,700,ok,True,41,42.0,64.16821682102709,93.62348705551841,True,253.94188866733262,True,13.338630000129342,0.14364799950271845,202.92336999997497,20.869574001058936
2026_07_21_gym,flight_21,LOB,750,ok,True,44,45.0,58.26118166300856,83.75196112673211,True,259.8111666661377,True,13.261889000423253,0.15314799919724464,207.75674000009894,21.972722999751568
2026_07_21_gym,flight_21,LOB,800,ok,True,45,48.0,102.99599223271801,167.38776914779584,True,258.657351669545,True,13.464240000583231,0.1516860006377101,206.9795180009678,21.395241000689566
2026_07_21_gym,flight_21,LOB,850,ok,True,48,50.99999999999999,33.20710877563831,45.909902139229615,True,273.1762776669736,True,13.484223000705242,0.15748099982738495,221.37196299992502,21.49594399984926
2026_07_21_gym,flight_21,LOB,900,ok,True,51,53.99999999999999,32.682627750938174,21.71464184523026,True,281.7540926678727,True,13.398871000856161,0.16379700042307377,229.70901800040156,21.81573999952525
2026_07_21_gym,flight_21,LOB,950,ok,True,54,56.99999999999999,39.87375696528911,50.50516118963967,True,297.00177766537917,True,13.456889000721276,0.16964799910783768,244.4699819991365,22.23859199974686
2026_07_21_gym,flight_21,LOB,1000,ok,True,57,59.99999999999999,53.26806087429964,65.85195839556509,True,298.4892606685559,True,13.04331500083208,0.17727799993008375,246.20248199999332,22.39951900113374
2026_07_21_gym,flight_21,LOB,1050,ok,True,59,62.99999999999999,47.30753544396582,57.741213390480574,True,313.78799966784817,True,13.59290700033307,0.17866600025445223,258.7165190000087,24.633241000585258
2026_07_21_gym,flight_21,LOB,1100,ok,True,62,66.0,62.66533364495809,73.05345552889138,True,317.3670926659058,True,13.541351999156177,0.18418499920517206,261.8381480006501,25.13674100022763
2026_07_21_gym,flight_21,LOB,1150,ok,False,65,69.0,56.288361975866735,70.85103881712003,True,310.79107466774684,True,13.370686000213027,0.19303700048476458,263.8204070003703,16.74027800001204
2026_07_21_gym,flight_21,LOB,1200,ok,False,68,72.0,25.940647683782498,31.25393807640663,True,323.60864866587025,True,13.382259000092745,0.19785199966281652,276.4357040002942,16.926166999153793
2026_07_21_gym,flight_21,LOB,1250,ok,False,71,75.0,41.90724699039489,56.14413565594204,True,320.974907667997,True,13.54411100037396,0.20392600074410439,273.7049259999767,16.855278000235558
2026_07_21_gym,flight_23,LOB,150,ok,True,10,9.0,347.2600962887081,599.0863776278585,True,129.08133266555765,True,13.549462999217212,0.0445179995149374,73.08157399948686,25.739111000671983
2026_07_21_gym,flight_23,LOB,200,ok,True,13,12.0,263.0835777715711,378.0816027695285,True,138.46368666707227,True,13.5492589995265,0.08464900031685829,88.1529630003497,20.01014900021255
2026_07_21_gym,flight_23,LOB,250,ok,True,16,14.999999999999998,306.73049895719305,506.221188950944,True,146.1008526670436,True,13.328741000965238,0.09159299917519093,91.4140550000593,24.599797000177205
2026_07_21_gym,flight_23,LOB,300,ok,True,19,18.0,246.3092134165916,380.26494557211964,True,156.36072266722718,True,13.358704000711441,0.09888899978250265,101.5630369996652,24.673426000401378
2026_07_21_gym,flight_23,LOB,350,ok,True,22,21.0,200.0637631622566,304.90592357866734,True,165.70983266520003,True,13.449074000120163,0.10379599966108799,114.1002219999209,21.390073998831213
2026_07_21_gym,flight_23,LOB,400,ok,True,25,24.0,171.63633523823833,246.6119675915767,True,179.03801766658822,True,13.773870000615716,0.1107590002939105,126.36125899944454,22.12546299956739
2026_07_21_gym,flight_23,LOB,450,ok,True,28,26.999999999999996,178.45633018386926,274.1729919271914,True,195.28374266593406,True,13.602425999939442,0.11770399939268827,142.18079700041562,22.716148999519646
2026_07_21_gym,flight_23,LOB,490,ok,True,30,29.4,131.0800323801986,206.24478065608164,True,202.11507466776916,True,13.334389000199735,0.12111099995672703,149.05992600042373,22.932982000522316
2026_07_21_gym,flight_23,LOB,500,ok,True,31,29.999999999999996,160.87670795223016,237.46237749358795,True,210.01525966605791,True,13.728240999393165,0.1221480006352067,156.09116699919105,23.40703700017184
2026_07_21_gym,flight_23,LOB,550,ok,True,34,33.0,113.98937131213899,159.10555925297624,True,234.93868466528752,True,13.4725739993155,0.12883400078862906,186.57805499900132,18.092554999515414
2026_07_21_gym,flight_23,LOB,600,ok,True,37,36.0,104.96199064520422,160.1885013100412,True,230.09996366656074,True,13.837906999513507,0.1356110004708171,181.3250189991668,18.134760000742972
2026_07_21_gym,flight_23,LOB,650,ok,True,40,39.0,95.3411782653265,150.26651148919478,True,238.51783166608462,True,13.686962000094354,0.1411480000242591,187.39218499977142,20.63086999952793
2026_07_21_gym,flight_23,LOB,700,ok,True,43,42.0,67.8116239672689,102.27398533206092,True,262.3198156661044,True,13.704556000418961,0.1466849995777011,210.7931479997933,21.008759999647737
2026_07_21_gym,flight_23,LOB,750,ok,True,46,45.0,50.978878840378044,74.8581500397357,True,265.77599966774386,True,13.663630000315607,0.15414800029248,213.96968500036746,21.321870000101626
2026_07_21_gym,flight_23,LOB,800,ok,True,49,48.0,63.309165686169095,86.5193257453848,True,274.0915186672161,True,13.642111000604928,0.15805499907582998,222.1801300002262,21.44455600064248
2026_07_21_gym,flight_23,LOB,850,ok,True,52,50.99999999999999,51.900438822866334,68.09732461753786,True,278.88723966634524,True,13.519758999347687,0.165370000526309,226.98959199991077,21.545851999893785
2026_07_21_gym,flight_23,LOB,900,ok,True,55,53.99999999999999,34.42426368753719,47.69157772511848,True,287.0514256671692,True,13.847962998785079,0.17157400026917458,234.26361100096256,22.10161100048572
2026_07_21_gym,flight_23,LOB,950,ok,True,58,56.99999999999999,34.59776762365517,42.383163850639804,True,297.77255566573393,True,13.42340699955821,0.1774260001257062,245.28240699972957,22.222648999653757
2026_07_21_gym,flight_23,LOB,1000,ok,True,61,59.99999999999999,43.07006528496748,60.322683983033,True,322.34109166699153,True,13.50564800016582,0.18285199999809265,269.4367399998009,22.549185000360012
2026_07_21_gym,flight_23,LOB,1050,ok,True,63,62.99999999999999,38.131484075544286,49.7443996618673,True,313.8952956662203,True,13.24444399960339,0.18651799950748682,258.9817960001528,24.815871000289917
2026_07_21_gym,flight_23,LOB,1100,ok,False,66,66.0,22.073554476161437,27.299152785351446,True,310.8243706660966,True,13.331778000108898,0.19427799992263317,263.79279599990696,16.838851999491453
2026_07_21_gym,flight_23,LOB,1150,ok,False,69,69.0,19.670827452109847,25.816996056341637,True,317.9718136653925,True,13.597276999615133,0.20014899969100952,270.652054999955,16.85566599946469
2026_07_21_gym,flight_23,LOB,1200,ok,False,72,72.0,64.10927869065858,85.50645503431397,True,332.6185006654511,True,13.603352000005543,0.20474099926650524,285.33977799955755,16.80396299995482
2026_07_21_gym,flight_23,LOB,1250,ok,False,74,75.0,10.670846578254029,10.724402449551741,True,322.9053156661491,True,13.657260000705719,0.21057399921119213,273.57877799961716,18.792036999948323
2026_07_21_gym,flight_24,LOB,150,fit_failed,True,10,9.0,,,,,,,,,
2026_07_21_gym,flight_24,LOB,200,fit_failed,True,13,12.0,,,,,,,,,
2026_07_21_gym,flight_24,LOB,250,ok,True,16,14.999999999999998,470.38744182115823,579.4811440456596,True,146.59822166680047,True,13.530444000847638,0.09253699984401464,92.42581499926746,23.8827590001747
2026_07_21_gym,flight_24,LOB,300,ok,True,19,18.0,272.34909638968315,342.40655627927197,True,158.9892046653355,True,13.421795999631286,0.09833399951457977,103.49470399972051,25.30770399980247
2026_07_21_gym,flight_24,LOB,350,ok,True,22,21.0,425.43520909360836,531.738480593702,True,165.09364766596505,True,13.426389000378549,0.1061849994584918,114.98748099990189,19.906925999559462
2026_07_21_gym,flight_24,LOB,400,ok,True,23,24.0,266.5301362235442,346.0634818590574,True,169.10979566692063,True,13.343204000033438,0.10746300034224987,118.54937000013888,20.44309199973941
2026_07_21_gym,flight_24,LOB,450,ok,True,26,26.999999999999996,259.3541891131145,325.88306964921287,True,193.69887066601464,True,13.537666999734938,0.11398200038820505,139.97696299944073,23.403591999784112
2026_07_21_gym,flight_24,LOB,490,ok,True,28,29.4,203.87178466717552,268.91703180748516,True,210.2505366678039,True,13.519295999780297,0.1157410005107522,155.20675900019705,24.742074000649154
2026_07_21_gym,flight_24,LOB,500,ok,True,29,29.999999999999996,218.02758730559884,280.10116770142236,True,216.04753766736636,True,13.465408000163734,0.11979700066149235,161.61373999994248,24.18192599993199
2026_07_21_gym,flight_24,LOB,550,ok,True,32,33.0,143.47588696329674,180.2332793740947,True,232.71920366647342,True,13.351092000491917,0.12612999975681305,177.54899999964982,25.02631499990821
2026_07_21_gym,flight_24,LOB,600,ok,True,35,36.0,121.5506636491949,155.9938725292246,True,236.31151966626445,True,13.2498520007357,0.1318329991772771,187.3802969995886,18.882871000096202
2026_07_21_gym,flight_24,LOB,650,ok,True,38,39.0,97.95922185767775,120.93875211796792,True,238.32085066630194,True,13.41559199988842,0.1375179998576641,186.6621110001579,21.438962999731302
2026_07_21_gym,flight_24,LOB,700,ok,True,41,42.0,95.52720160681145,124.22233786253976,True,263.9038526664178,True,13.459519000723958,0.14318500086665154,211.74579599872231,21.888685999438167
2026_07_21_gym,flight_24,LOB,750,ok,True,44,45.0,88.62359649791529,91.39629095733665,True,269.30666666726273,True,13.737685000523925,0.15022299997508526,216.57327700033784,22.178814999759197
2026_07_21_gym,flight_24,LOB,800,ok,True,46,48.0,92.40798931725158,107.96371719362288,True,275.90894366769743,True,13.328741000033915,0.16022200044244528,223.2425920004025,22.510722000151873
2026_07_21_gym,flight_24,LOB,850,ok,True,49,50.99999999999999,97.93332831930321,140.3029882997325,True,282.26383366777253,True,13.356482000090182,0.15857400000095367,229.38022200018167,22.701889000833035
2026_07_21_gym,flight_24,LOB,900,ok,True,52,53.99999999999999,90.47547246112201,132.0393770196287,True,296.4975366673122,True,13.526500000618398,0.16461100056767464,243.05083299987018,23.088925999589264
2026_07_21_gym,flight_24,LOB,950,ok,True,55,56.99999999999999,56.112216000977014,78.30792861879071,True,348.04083366754156,True,13.454814999364316,0.17148200049996376,294.4195740008727,23.328296000137925
2026_07_21_gym,flight_24,LOB,1000,ok,True,58,59.99999999999999,46.52219472816946,56.64337484054539,True,309.9651856670777,True,13.21650000102818,0.1763149993494153,256.3232220001519,23.582481999881566
2026_07_21_gym,flight_24,LOB,1050,ok,True,61,62.99999999999999,47.76799994742608,54.16309076947156,True,314.6240926651905,True,13.2293710000813,0.18225899897515774,258.5062959995121,26.039499999955297
2026_07_21_gym,flight_24,LOB,1100,ok,True,64,66.0,36.80941762277228,77.02360070349893,True,318.73646266448003,True,13.233202999457717,0.18918499909341335,261.666370999068,26.981037000194192
2026_07_21_gym,flight_24,LOB,1150,ok,True,67,69.0,26.31705979645878,66.85533715395961,True,328.86205466619384,True,13.195685000158846,0.19581499975174665,272.11325899977237,26.690628999844193
2026_07_21_gym,flight_24,LOB,1200,ok,False,70,72.0,34.558555168698824,74.47508584173198,True,320.60496266620856,True,13.504741000011563,0.20187100023031235,272.6650729998946,17.566610999405384
2026_07_21_gym,flight_24,LOB,1250,ok,False,73,75.0,9.169724134651604,38.848525004577894,True,321.3214266651,True,13.178352000191808,0.20853699930012226,273.81855599954724,17.44931499939412
2026_07_21_gym,flight_25,LOB,150,fit_failed,True,10,9.0,,,,,,,,,
2026_07_21_gym,flight_25,LOB,200,ok,True,13,12.0,208.176410357162,210.9254823743194,True,147.50098166676858,True,13.663369999267161,0.08561099972575903,97.28420400060713,19.80113000050187
2026_07_21_gym,flight_25,LOB,250,fit_failed,True,16,14.999999999999998,,,,,,,,,
2026_07_21_gym,flight_25,LOB,300,ok,True,18,18.0,343.1339393305739,411.89735359528373,True,155.46603766704598,True,13.547296000644565,0.09631500020623207,101.62168599944562,23.53407400008291
2026_07_21_gym,flight_25,LOB,350,ok,True,21,21.0,172.50382811649115,166.77983378716405,True,184.36116666688272,True,13.73764800094068,0.10307399928569794,132.44959300011396,21.404184999875724
2026_07_21_gym,flight_25,LOB,400,ok,True,24,24.0,167.22571489054806,228.95997169416353,True,198.4920936670775,True,13.474888999946415,0.10944400075823069,146.37575999926776,21.86533400043845
2026_07_21_gym,flight_25,LOB,450,ok,True,27,26.999999999999996,147.94306515015128,186.4030009932513,True,205.72301866548756,True,13.744332998991013,0.11557399854063988,152.7370560001582,22.459389001131058
2026_07_21_gym,flight_25,LOB,490,ok,True,29,29.4,102.80464376415041,141.36656856799777,True,208.20994466698417,True,13.91309200040996,0.11903700046241283,154.66003699973226,22.851111999712884
2026_07_21_gym,flight_25,LOB,500,ok,True,30,29.999999999999996,85.63224970165759,102.18588149928654,True,220.0185176661859,True,13.512815000489354,0.12135099899023771,166.74144500028342,22.976239999756217
2026_07_21_gym,flight_25,LOB,550,ok,True,33,33.0,134.8652891829743,182.63684894476978,True,221.0966656670595,True,13.537554999813437,0.1279069995507598,172.89025900047272,17.874278000555933
2026_07_21_gym,flight_25,LOB,600,ok,True,36,36.0,43.551728364696736,51.69706451850037,True,227.2021666659663,True,13.743684999644756,0.13431499898433685,176.32455500029027,20.332945000380278
2026_07_21_gym,flight_25,LOB,650,ok,True,39,39.0,56.676279103777986,104.21452493004175,True,244.594313668708,True,13.808350999839604,0.1388700008392334,193.4450370008126,20.535389000549912
2026_07_21_gym,flight_25,LOB,700,ok,True,42,42.0,107.71411471718483,148.99564611849257,True,247.1489256673182,True,14.286259000189602,0.1461300002411008,195.53737000003457,20.512500000186265
2026_07_21_gym,flight_25,LOB,750,ok,True,45,45.0,50.32319088316451,48.139588348413945,True,257.16627666602534,True,13.432221999391913,0.15350000001490116,205.95292499940842,20.960963000543416
2026_07_21_gym,flight_25,LOB,800,ok,True,48,48.0,24.341763484670917,65.05086787447031,True,265.47655566657585,True,13.579815000295639,0.15775900054723024,213.85888899955899,21.213425999507308
2026_07_21_gym,flight_25,LOB,850,ok,True,51,50.99999999999999,11.946576211082837,64.73696882477803,True,272.0900186679016,True,13.955537000671029,0.16296300012618303,219.8448890009895,21.45996299944818
2026_07_21_gym,flight_25,LOB,900,ok,True,53,53.99999999999999,21.056727143832926,37.93571620776372,True,282.7501846669863,True,13.58061100076884,0.1773889996111393,230.56088899914175,21.764629000797868
2026_07_21_gym,flight_25,LOB,950,ok,True,55,56.99999999999999,19.416955836074724,28.117298302408916,True,287.0189456675823,True,13.548056000843644,0.17226000037044287,234.76633299980313,21.865629999898374
2026_07_21_gym,flight_25,LOB,1000,ok,True,58,59.99999999999999,48.092049218503185,58.1611493414087,True,297.8956116686265,True,13.627630000002682,0.17705500032752752,245.17692600097507,22.24733400065452
2026_07_21_gym,flight_25,LOB,1050,ok,True,61,62.99999999999999,34.85803195388139,46.8573843903628,True,297.23638866624486,True,13.391703999601305,0.18255499936640263,252.4581850003451,14.53727800026536
2026_07_21_gym,flight_25,LOB,1100,ok,False,63,66.0,8.863077725309846,41.48175068544404,True,303.15407366647077,True,13.443814000114799,0.18674100004136562,256.2969810003415,16.55987099930644
2026_07_21_gym,flight_25,LOB,1150,ok,False,65,69.0,7.642061519806454,41.61647054527052,True,303.73940666454536,True,13.462276998907328,0.1908149989321828,256.8062220001593,16.613425999879837
2026_07_21_gym,flight_25,LOB,1200,ok,False,68,72.0,38.598646025502966,60.524897090881566,True,322.0492036674793,True,13.52199999988079,0.19846299942582846,272.72396300081164,18.938111000694335
2026_07_21_gym,flight_25,LOB,1250,ok,False,71,75.0,24.680253864410506,49.49795710022567,True,324.56066666698706,True,13.775963000021875,0.20429599937051535,275.0553150009364,18.858425999991596
2026_07_21_gym,flight_29,LOB,150,fit_failed,True,10,9.0,,,,,,,,,
2026_07_21_gym,flight_29,LOB,200,ok,True,13,12.0,1325.6003642237802,1287.7628049585494,True,143.89862866575518,True,13.36936999950558,0.08340699970722198,87.16787100024521,26.61131399963051
2026_07_21_gym,flight_29,LOB,250,ok,True,16,14.999999999999998,618.1288560285404,676.1161181815246,True,146.58022266595313,True,13.201351999305189,0.0913149993866682,95.1425000000745,21.47838900052011
2026_07_21_gym,flight_29,LOB,300,ok,True,19,18.0,186.88308500182256,215.41659909269382,True,155.8947966682414,True,13.654703000560403,0.09744499996304512,100.97511100023985,24.500871000811458
2026_07_21_gym,flight_29,LOB,350,ok,True,22,21.0,565.2426563071444,618.7445452045569,True,169.8979636679093,True,13.696500000543892,0.10205600038170815,113.84413000009954,25.588611000217497
2026_07_21_gym,flight_29,LOB,400,ok,True,25,24.0,275.6311518327384,325.6582565103762,True,175.55668466879675,True,13.293407000601292,0.10901900008320808,125.45468500070274,20.032907000742853
2026_07_21_gym,flight_29,LOB,450,ok,True,28,26.999999999999996,199.50281366560722,180.49161070040083,True,193.56661166778454,True,13.26333300024271,0.11629700008779764,140.32066700048745,23.19964800029993
2026_07_21_gym,flight_29,LOB,490,ok,True,30,29.4,174.1244383978639,170.9895857712822,True,198.00437066579858,True,13.466833000071347,0.12077799998223782,144.28548199962825,23.464610999450088
2026_07_21_gym,flight_29,LOB,500,ok,True,31,29.999999999999996,171.84896572592095,167.40765920476886,True,202.23049966773638,True,13.429537000134587,0.12305500078946352,148.38525899965316,23.625982000492513
2026_07_21_gym,flight_29,LOB,550,ok,True,34,33.0,199.15491405171838,246.09383117616113,True,210.5839076663057,True,13.522518999874592,0.12972200009971857,155.2554999999702,25.009499999694526
2026_07_21_gym,flight_29,LOB,600,ok,True,37,36.0,165.65872413091228,210.6870683344792,True,227.8095366662989,True,13.424852000549436,0.136332998983562,170.512518000789,27.069166999310255
2026_07_21_gym,flight_29,LOB,650,ok,True,40,39.0,144.52438632473095,183.18710824370942,True,228.01318466539183,True,13.831573999486864,0.14162899926304817,169.82050000037998,27.552814999595284
2026_07_21_gym,flight_29,LOB,700,ok,True,42,42.0,105.70885542260946,119.7246207324956,True,233.85155466819802,True,13.557555000297725,0.1454080007970333,184.5409070001915,18.941018000245094
2026_07_21_gym,flight_29,LOB,750,ok,True,45,45.0,55.667420095474256,61.907703548550224,True,244.3835176664094,True,13.626258999109268,0.15081499982625246,192.42703600041568,21.512741000391543
2026_07_21_gym,flight_29,LOB,800,ok,True,48,48.0,88.33301120247224,106.3517996393374,True,255.16288766699532,True,13.394110999070108,0.1589260008186102,203.02535100001842,21.917833000421524
2026_07_21_gym,flight_29,LOB,850,ok,True,51,50.99999999999999,60.18170752587885,63.917611901269005,True,265.038166666093,True,13.467759000137448,0.1631479999050498,212.52683299966156,22.213759999722242
2026_07_21_gym,flight_29,LOB,900,ok,True,54,53.99999999999999,52.57082108233855,52.609590781582,True,276.7067976674686,True,13.655556000769138,0.1689079999923706,223.7878339998424,22.427833000198007
2026_07_21_gym,flight_29,LOB,950,ok,True,57,56.99999999999999,51.158246680382646,62.86063335132126,True,290.7335006684686,True,13.229056000709534,0.17481500003486872,237.9135000007227,22.7494630003348
2026_07_21_gym,flight_29,LOB,1000,ok,True,60,59.99999999999999,33.47520925397948,30.77663250246508,True,295.0041676691423,True,13.568129999563098,0.183037000708282,241.42685200087726,23.159482001326978
2026_07_21_gym,flight_29,LOB,1050,ok,True,63,62.99999999999999,37.57611145866983,37.07108287018654,True,305.32146266816807,True,13.714093000628054,0.19629600085318089,249.13048100005835,25.613925999961793
2026_07_21_gym,flight_29,LOB,1100,ok,True,66,66.0,26.49454609119935,30.25615273225359,True,312.3935736666123,True,13.275703000836074,0.19342599995434284,256.34316699951887,25.914610999636352
2026_07_21_gym,flight_29,LOB,1150,ok,True,69,69.0,22.887550895488282,31.042802525987316,True,320.4683686659361,True,13.559165999293327,0.198981000110507,263.8755729999393,26.16798199992627
2026_07_21_gym,flight_29,LOB,1200,ok,True,72,72.0,28.811360709770174,33.52998679349416,True,321.5712766653548,True,13.376147999428213,0.20531500037759542,264.93496199976653,26.388184999115765
2026_07_21_gym,flight_29,LOB,1250,ok,True,75,75.0,36.00856168682856,42.024396972040705,True,328.1515196670468,True,13.375629999674857,0.21170399989932775,271.36301899980754,26.534500000998378
2026_07_21_gym,flight_3,FLAT,150,ok,True,10,9.0,202.98611378245894,415.5918392402311,True,116.84690666540216,True,13.862795999273658,0.04394499957561493,77.30040699988604,8.973092000000179
2026_07_21_gym,flight_3,FLAT,200,ok,True,13,12.0,135.11540202908654,289.0296237732299,True,130.48873966714987,True,13.85209200065583,0.0940549997612834,88.07666699960828,11.799259000457823
2026_07_21_gym,flight_3,FLAT,250,ok,True,16,14.999999999999998,107.29918554602332,238.98217058339955,True,139.09292566652098,True,13.71172200050205,0.09988899994641542,96.39350000023842,12.221147999167442
2026_07_21_gym,flight_3,FLAT,300,ok,True,19,18.0,70.57072664324247,170.79763608426867,True,142.22531566644707,True,13.73720399942249,0.09651899989694357,102.00677799992263,9.71814800053835
2026_07_21_gym,flight_3,FLAT,350,ok,True,22,21.0,55.99372194428915,141.9050004733218,True,155.72842466800162,True,13.739185000769794,0.10468500014394522,114.08575899992138,11.132129000499845
2026_07_21_gym,flight_3,FLAT,400,ok,True,25,24.0,46.99689961370585,121.74910666133404,True,167.83390666699657,True,13.538555000908673,0.10835199989378452,126.12405500002205,11.3962779995054
2026_07_21_gym,flight_3,FLAT,450,ok,True,28,26.999999999999996,65.7739424639432,163.09969621982853,True,174.84249966653684,True,13.755889000371099,0.11405499931424856,132.8054810008034,11.500407999381423
2026_07_21_gym,flight_3,FLAT,490,ok,True,29,29.4,82.82800108580972,241.01488150982334,True,175.10579666743675,True,13.749648000113666,0.11764799989759922,132.6925189998001,11.87931500095874
2026_07_21_gym,flight_3,FLAT,500,ok,True,30,29.999999999999996,63.5992031519192,178.88094123724215,True,215.63713066714504,True,13.299926000647247,0.12014899961650372,173.6726480005309,11.877740999683738
2026_07_21_gym,flight_3,FLAT,550,ok,False,33,33.0,66.89286392201235,162.63265613916965,True,239.651777666683,True,13.714722000062466,0.12612999975681305,200.34666700009257,8.797592000104487
2026_07_21_gym,flight_3,FLAT,600,ok,False,36,36.0,116.6103258184108,329.4659314835694,True,227.53016666571298,True,13.33890699967742,0.13288899883627892,188.40844400040805,8.983260000124574
2026_07_21_gym,flight_3,FLAT,650,ok,False,39,39.0,43.825729038277196,117.41491702828897,True,200.95001766799638,True,13.803741000592709,0.1404440002515912,161.36727800033987,8.971888000145555
2026_07_21_gym,flight_3,FLAT,700,ok,False,40,42.0,20.349454189574157,33.14615978998372,True,239.40007366767773,True,13.601722000166774,0.15381500031799078,199.76712900027633,9.210741000249982
2026_07_21_gym,flight_3,FLAT,750,ok,False,40,45.0,20.349454189574157,33.14615978998372,True,244.68742666828135,True,13.601722000166774,0.1435560006648302,202.68468500021845,11.590797000564635
2026_07_21_gym,flight_3,FLAT,800,ok,False,40,48.0,20.349454189574157,33.14615978998372,True,254.81573966673264,True,13.601722000166774,0.17044400051236153,215.19274100009352,9.184165999293327
2026_07_21_gym,flight_3,FLAT,850,ok,False,40,50.99999999999999,20.349454189574157,33.14615978998372,True,238.43151866520444,True,13.601722000166774,0.14398099947720766,198.77412999980152,9.24501899909228
2026_07_21_gym,flight_3,FLAT,900,ok,False,40,53.99999999999999,20.349454189574157,33.14615978998372,True,239.52322066637376,True,13.601722000166774,0.14233299903571606,199.8699810001999,9.242518000304699
2026_07_21_gym,flight_3,FLAT,950,ok,False,40,56.99999999999999,20.349454189574157,33.14615978998372,True,239.52157366710404,True,13.601722000166774,0.1417590007185936,199.9274260001257,9.183999999426305
2026_07_21_gym,flight_3,FLAT,1000,ok,False,40,59.99999999999999,20.349454189574157,33.14615978998372,True,239.50781366663674,True,13.601722000166774,0.14214800018817186,199.83255499973893,9.264721999876201
2026_07_21_gym,flight_3,FLAT,1050,ok,False,40,62.99999999999999,20.349454189574157,33.14615978998372,True,239.4410536677266,True,13.601722000166774,0.14266599994152784,199.82862900011241,9.201370000839233
2026_07_21_gym,flight_3,FLAT,1100,ok,False,40,66.0,20.349454189574157,33.14615978998372,True,254.55835066611567,True,13.601722000166774,0.14159199967980385,214.93551799934357,9.212852000258863
2026_07_21_gym,flight_3,FLAT,1150,ok,False,40,69.0,20.349454189574157,33.14615978998372,True,239.59655566575626,True,13.601722000166774,0.14024099987000227,199.92281499970704,9.26511099934578
2026_07_21_gym,flight_3,FLAT,1200,ok,False,40,72.0,20.349454189574157,33.14615978998372,True,239.48285166795054,True,13.601722000166774,0.1417590007185936,199.89935200009495,9.173352000303566
2026_07_21_gym,flight_3,FLAT,1250,ok,False,40,75.0,20.349454189574157,33.14615978998372,True,239.35601766655842,True,13.601722000166774,0.1434250008314848,199.7985929986462,9.1456110002473
2026_07_21_gym,flight_35,LOB,150,fit_failed,True,10,9.0,,,,,,,,,
2026_07_21_gym,flight_35,LOB,200,ok,True,13,12.0,1763.920410307775,2065.7626568424616,True,143.76857466592142,True,13.426554999314249,0.0831670006737113,88.03963000047952,25.552555998787284
2026_07_21_gym,flight_35,LOB,250,ok,True,15,14.999999999999998,1234.4261282174932,1522.5314210419056,True,152.02566766521582,True,13.48031499888748,0.09024100005626678,100.86355600040406,20.924888999201357
2026_07_21_gym,flight_35,LOB,300,ok,True,18,18.0,817.6111434328401,1055.1632734783109,False,168.32088966636607,True,13.616407999768853,0.09607400000095367,113.7142779994756,24.22746300045401
2026_07_21_gym,flight_35,LOB,350,ok,True,21,21.0,554.3807851303753,757.4214204017572,False,177.8133526664848,True,13.499740999192,0.10207400005310774,123.0528150005266,24.492056000046432
2026_07_21_gym,flight_35,LOB,400,ok,True,24,24.0,213.47863452009207,339.54515584325725,True,183.6976486655573,True,13.369703999720514,0.10920400079339743,132.8421479994431,20.709925998933613
2026_07_21_gym,flight_35,LOB,450,ok,True,27,26.999999999999996,299.8670542630907,463.38018562951254,True,196.03400066836426,True,13.460778000764549,0.11446299962699413,142.73342600092292,23.05866700038314
2026_07_21_gym,flight_35,LOB,490,ok,True,29,29.4,284.7528707320821,440.50351833050416,True,199.32311066488424,True,13.384203999303281,0.11840799916535616,146.0755550004542,23.078276999294758
2026_07_21_gym,flight_35,LOB,500,ok,True,30,29.999999999999996,191.941737814428,225.1830541973586,True,201.223240665781,True,13.371926000341773,0.1205000001937151,148.91675899922848,22.14738899935037
2026_07_21_gym,flight_35,LOB,550,ok,True,31,33.0,265.3149212388429,412.9289638098214,True,214.25051766789207,True,13.480332999490201,0.12414800003170967,160.23777700122446,23.741593000479043
2026_07_21_gym,flight_35,LOB,600,ok,True,34,36.0,256.426188191634,398.21222775367613,True,221.74255366592357,True,13.638999999500811,0.1298330007120967,168.2642769999802,23.04277699906379
2026_07_21_gym,flight_35,LOB,650,ok,True,37,39.0,178.00652652603958,269.72014676291883,True,233.97848166401187,True,13.505314999260008,0.13927799928933382,186.40996299870312,17.257259000092745
2026_07_21_gym,flight_35,LOB,700,ok,True,40,42.0,137.100447696959,208.7108168442948,True,228.80183266631016,True,13.732166000641882,0.1421849997714162,178.6671109991148,19.593704000115395
2026_07_21_gym,flight_35,LOB,750,ok,True,43,45.0,55.106841137794405,73.4500553776226,True,245.27883366743723,True,13.378167000599205,0.14814800024032593,194.88842600025237,20.19742599967867
2026_07_21_gym,flight_35,LOB,800,ok,True,46,48.0,104.20115592663278,162.23790665757934,True,245.9375176678101,True,13.398017999716103,0.16513000056147575,195.52062900085002,20.187074000015855
2026_07_21_gym,flight_35,LOB,850,ok,True,49,50.99999999999999,70.68987429705649,101.12328956437989,True,255.99605566697815,True,13.646944000385702,0.16327799949795008,205.0120559995994,20.507111000828445
2026_07_21_gym,flight_35,LOB,900,ok,True,49,53.99999999999999,70.68987429705649,101.12328956437989,True,255.55414666763195,True,13.646944000385702,0.1617780001834035,204.60916600003839,20.469592000357807
2026_07_21_gym,flight_35,LOB,950,ok,True,52,56.99999999999999,73.1903996612398,133.10553039394557,True,272.2476466658215,True,13.355906999669969,0.16618499998003244,220.9559260001406,21.102961999364197
2026_07_21_gym,flight_35,LOB,1000,ok,True,55,59.99999999999999,54.33547489795357,84.7908853933488,True,326.9313706678028,True,13.79942600056529,0.1728519992902875,264.7903140010312,31.502112000249326
2026_07_21_gym,flight_35,LOB,1050,ok,True,58,62.99999999999999,60.33613659935341,113.22141347204642,True,284.7814256666849,True,13.17198200058192,0.18933300022035837,233.15905499923974,21.594388999976218
2026_07_21_gym,flight_35,LOB,1100,ok,True,61,66.0,69.11647097006937,135.75344849822702,True,294.1748886664088,True,13.458314999938011,0.18468500021845102,239.8749439995736,23.99027800001204
2026_07_21_gym,flight_35,LOB,1150,ok,True,64,69.0,31.11128896176285,37.00744234587088,True,306.7898336664463,True,13.526147999800742,0.19138900004327297,251.2552960002795,25.15033399965614
2026_07_21_gym,flight_35,LOB,1200,ok,False,66,72.0,26.90235161260956,48.12980916082596,True,306.30050066641223,True,13.439666000194848,0.19587100017815828,251.5032409997657,24.495055999606848
2026_07_21_gym,flight_35,LOB,1250,ok,False,69,75.0,34.168471762992496,44.24829795893826,True,310.7866836652781,True,13.487647999078035,0.19957399927079678,264.43523999955505,15.997555000707507
2026_07_21_gym,flight_36,LOB,150,ok,True,10,9.0,1408.441731329876,1338.9781009345952,False,133.005555667604,True,13.13996300008148,0.044852000661194324,73.3340370003134,29.820036999881268
2026_07_21_gym,flight_36,LOB,200,ok,True,13,12.0,1246.1558270482951,1254.455393677511,True,143.28996366697052,True,13.671815000474453,0.08453699946403503,87.45927800051868,25.407666999846697
2026_07_21_gym,flight_36,LOB,250,ok,True,16,14.999999999999998,332.2334640457461,281.2631762643752,True,146.84264866790423,True,13.154852000065148,0.09350000135600567,94.48799999989569,22.439629999920726
2026_07_21_gym,flight_36,LOB,300,ok,True,19,18.0,500.59044637153687,562.554975296653,True,162.1695926679919,True,13.322147999890149,0.09801900014281273,108.11175900045782,23.971000000834465
2026_07_21_gym,flight_36,LOB,350,ok,True,22,21.0,401.83059176173174,464.40779654423346,True,172.90492566830167,True,13.538259000517428,0.10613000020384789,117.65201800037175,24.941852000541985
2026_07_21_gym,flight_36,LOB,400,ok,True,25,24.0,247.7642332810894,272.01548587770236,True,178.84766766584167,True,13.792203999124467,0.11249999981373549,126.77370399981737,21.502593000419438
2026_07_21_gym,flight_36,LOB,450,ok,True,28,26.999999999999996,253.05787441548398,286.9352916472431,True,192.76990666581938,True,13.406554999761283,0.11749999970197678,139.4897960005328,23.089388999156654
2026_07_21_gym,flight_36,LOB,490,ok,True,30,29.4,240.13837497748844,280.7669309562055,True,200.22188766828427,True,14.12009199988097,0.12127800099551678,146.54344400018454,22.770407000556588
2026_07_21_gym,flight_36,LOB,500,ok,True,31,29.999999999999996,236.67967305519514,274.23173336074865,True,201.91222266728678,True,13.566592999733984,0.12314800079911947,148.72657399997115,22.82924100011587
2026_07_21_gym,flight_36,LOB,550,ok,True,34,33.0,226.94952548975579,262.15105208777675,True,218.5694266675661,True,13.53755599912256,0.12909300066530704,164.73990700114518,23.496203999966383
2026_07_21_gym,flight_36,LOB,600,ok,True,37,36.0,154.89824257862745,177.607306623818,True,226.43203666588911,True,13.826869999989867,0.13564799912273884,170.00096300058067,25.801888999529183
2026_07_21_gym,flight_36,LOB,650,ok,True,40,39.0,138.05983708185974,142.3870280893414,True,216.09599966711053,True,13.700333000160754,0.1433330001309514,167.51118499971926,18.07448200043291
2026_07_21_gym,flight_36,LOB,700,ok,True,43,42.0,151.6332305468962,179.25669040677283,True,236.93524066607156,True,13.28231499902904,0.14805599953979254,186.28544400073588,20.552759000100195
2026_07_21_gym,flight_36,LOB,750,ok,True,46,45.0,134.09185669077647,162.2808799591833,True,248.06186966753253,True,13.76687000039965,0.15501799993216991,196.69520399998873,20.778111000545323
2026_07_21_gym,flight_36,LOB,800,ok,True,49,48.0,103.65043340970773,119.75519535273914,True,249.2727226667727,True,13.493259000591934,0.16066700033843517,197.96881499979645,20.983314999379218
2026_07_21_gym,flight_36,LOB,850,ok,True,52,50.99999999999999,42.105899234783806,42.21025412990884,True,261.6858516667659,True,13.64890700019896,0.16674099955707788,209.06770400051028,22.135832999832928
2026_07_21_gym,flight_36,LOB,900,ok,True,55,53.99999999999999,21.566372104529197,34.261543384383366,True,268.3002036648492,True,13.553573999553919,0.17299999948590994,216.02288899943233,21.88407399971038
2026_07_21_gym,flight_36,LOB,950,ok,True,58,56.99999999999999,33.47173678838034,31.347700166422985,True,280.58046366615844,True,13.664666999131441,0.17905599996447563,227.85688900016248,22.213185000233352
2026_07_21_gym,flight_36,LOB,1000,ok,True,61,59.99999999999999,14.299771489980213,14.992815715724197,True,288.2397406684856,True,13.556111000478268,0.18409300036728382,235.64275899995118,22.19011100102216
2026_07_21_gym,flight_36,LOB,1050,ok,True,64,62.99999999999999,6.96762509091434,23.029465751804608,True,294.47560966635746,True,13.699369999580085,0.19003699999302626,239.54281399957836,24.376722000539303
2026_07_21_gym,flight_36,LOB,1100,ok,True,67,66.0,8.825693677940286,17.506278748576616,True,305.0009636661659,True,13.371944999322295,0.19561099912971258,249.89550000056624,24.87124100048095
2026_07_21_gym,flight_36,LOB,1150,ok,True,69,69.0,42.219352690880356,52.857632895036964,True,309.18311166732263,True,13.792889000847936,0.20059300027787685,253.32107399962842,25.201888999901712
2026_07_21_gym,flight_36,LOB,1200,ok,True,72,72.0,6.407792332775849,14.256502095660034,True,306.8599056672926,True,13.556777000427246,0.20659200008958578,251.05292499996722,25.37694500014186
2026_07_21_gym,flight_36,LOB,1250,ok,True,75,75.0,8.799833228094693,17.42615410971979,True,324.29098166680586,True,13.294222000055015,0.21094499994069338,268.47757400013506,25.641574000008404
2026_07_21_gym,flight_39,LOB,150,fit_failed,True,10,9.0,,,,,,,,,
2026_07_21_gym,flight_39,LOB,200,ok,True,13,12.0,265.0344109246749,202.04830750139064,True,143.69472366726646,True,13.182500000111759,0.08226000051945448,88.59624100010842,25.167055999860168
2026_07_21_gym,flight_39,LOB,250,ok,True,16,14.999999999999998,649.826408600381,710.9170529897654,False,149.5772786658878,True,13.264258999377489,0.08903799951076508,96.14555600006133,23.41175900027156
2026_07_21_gym,flight_39,LOB,300,ok,True,19,18.0,645.4776001619434,692.4195474785242,False,171.75927766660848,True,13.450295999646187,0.09770399983972311,117.27322200033814,24.27138900011778
2026_07_21_gym,flight_39,LOB,350,ok,True,22,21.0,126.51788828604194,114.84330594157825,True,172.53137066743025,True,13.495037000626326,0.1027410002425313,117.30125899985433,24.965667000040412
2026_07_21_gym,flight_39,LOB,400,ok,True,25,24.0,125.27522540707128,126.53774713471253,True,178.3157966636742,True,13.477759999223053,0.11416599992662668,126.41407399903983,21.64312999881804
2026_07_21_gym,flight_39,LOB,450,ok,True,28,26.999999999999996,133.46457157307947,171.06266155896682,True,194.20522366619358,True,13.37820400018245,0.11701899953186512,141.76620399951935,22.277130000293255
2026_07_21_gym,flight_39,LOB,490,ok,True,30,29.4,299.68781277882664,358.3006715270531,True,201.94225866595903,True,13.509388999082148,0.12061099987477064,149.11740699969232,22.528185000643134
2026_07_21_gym,flight_39,LOB,500,ok,True,31,29.999999999999996,236.4672443454252,301.54276573823523,True,201.68322066559145,True,13.616758999414742,0.12357399985194206,148.46392499934882,22.81229600030929
2026_07_21_gym,flight_39,LOB,550,ok,True,34,33.0,138.34428319764237,177.8189656020078,True,209.92742566640177,True,13.502111000008881,0.12864799983799458,156.06442600023001,23.565573999658227
2026_07_21_gym,flight_39,LOB,600,ok,True,36,36.0,93.75285851757937,118.7060879744604,True,224.63555566656092,True,14.07753700017929,0.13377799931913614,167.59874099958688,26.158833000808954
2026_07_21_gym,flight_39,LOB,650,ok,True,39,39.0,18.733700575613412,30.79842322561667,True,229.15331466930607,True,13.501963000744581,0.140259001404047,180.90455500036478,17.939871000126004
2026_07_21_gym,flight_39,LOB,700,ok,True,42,42.0,42.609125007241765,24.472332853553063,True,234.72185266638795,True,13.777629999443889,0.14416700042784214,183.73459300026298,20.398795999586582
2026_07_21_gym,flight_39,LOB,750,ok,True,45,45.0,17.54329568491422,29.726305257330353,True,244.31255566577116,True,13.507147999480367,0.1522409999743104,193.16235199943185,20.824148000217974
2026_07_21_gym,flight_39,LOB,800,ok,True,48,48.0,25.204316342330007,61.756130201988334,True,254.31227766691396,True,13.53946299944073,0.15903700049966574,202.70609300024807,21.24101800005883
2026_07_21_gym,flight_39,LOB,850,ok,True,51,50.99999999999999,32.07898175053215,69.11674747135856,True,260.5346666664506,True,13.510925999842584,0.1644259998574853,208.7517959997058,21.440852000378072
2026_07_21_gym,flight_39,LOB,900,ok,True,54,53.99999999999999,28.45377904894214,55.10762609281361,True,275.0475736667092,True,13.407611000351608,0.1697039995342493,222.87109200004488,21.93250000011176
2026_07_21_gym,flight_39,LOB,950,ok,True,56,56.99999999999999,14.598515809409982,36.19902025100214,True,278.2203696665044,True,13.644610999152064,0.17361100111156702,224.9452029997483,22.790277999825776
2026_07_21_gym,flight_39,LOB,1000,ok,True,59,59.99999999999999,52.36641863968049,63.85660838336167,True,290.3223716688032,True,13.397278000600636,0.1806670008227229,237.77666699979454,22.301093000918627
2026_07_21_gym,flight_39,LOB,1050,ok,True,62,62.99999999999999,37.57743460091476,49.977421936613695,True,299.68674166748923,True,13.650686000473797,0.18518600054085255,244.6254989998415,24.558703999966383
2026_07_21_gym,flight_39,LOB,1100,ok,True,65,66.0,24.331044725437135,22.873339078917745,True,301.47744366588694,True,13.538073999807239,0.19299999997019768,246.28892599977553,24.790776999667287
2026_07_21_gym,flight_39,LOB,1150,ok,True,68,69.0,71.0328280541172,70.0534334736063,True,311.5693326663847,True,13.47059200052172,0.19927799981087446,256.1361479992047,25.09664800018072
2026_07_21_gym,flight_39,LOB,1200,ok,True,71,72.0,34.35048696573446,50.8429706540208,True,318.68146366688114,True,13.6043889997527,0.21542599983513355,262.64929600059986,25.545686000026762
2026_07_21_gym,flight_39,LOB,1250,ok,False,74,75.0,67.8494283516193,74.97057573613716,True,312.1451476660247,True,13.593221999704838,0.20990699995309114,265.0559259997681,16.61942599993199
2026_07_21_gym,flight_40,LOB,150,fit_failed,True,10,9.0,,,,,,,,,
2026_07_21_gym,flight_40,LOB,200,fit_failed,True,12,12.0,,,,,,,,,
2026_07_21_gym,flight_40,LOB,250,ok,True,15,14.999999999999998,367.50448716289804,508.2952755693079,True,151.66303666556874,True,13.524628999643028,0.08827800024300814,97.26349999941885,24.119962999597192
2026_07_21_gym,flight_40,LOB,300,ok,True,18,18.0,281.753293222094,384.08155275238454,True,158.4168546690295,True,13.662834000773728,0.09561199974268675,102.93014900106937,25.061593000777066
2026_07_21_gym,flight_40,LOB,350,ok,True,21,21.0,235.40708027963404,334.7361477574289,True,167.88083366739252,True,13.529556000605226,0.10140700079500675,117.80090800020844,19.782295999117196
2026_07_21_gym,flight_40,LOB,400,ok,True,24,24.0,165.48922439594156,170.64577201003766,True,186.81994466731945,True,13.618834001012146,0.10853699967265129,133.99616600107402,22.429740998893976
2026_07_21_gym,flight_40,LOB,450,ok,True,27,26.999999999999996,175.30925027277462,143.85026020924303,True,203.41966566598663,True,13.403387999162078,0.11461099982261658,150.35268500074744,22.882314999587834
2026_07_21_gym,flight_40,LOB,490,ok,True,29,29.4,156.31315769249494,199.67523823104375,True,204.11929666499296,True,13.030499999411404,0.11977799888700247,151.15824100002646,23.14411100000143
2026_07_21_gym,flight_40,LOB,500,ok,True,30,29.999999999999996,327.40552711486436,266.88609768647285,True,213.91968466589847,True,13.540869999676943,0.12138899974524975,160.22214799933136,23.368611000478268
2026_07_21_gym,flight_40,LOB,550,ok,True,33,33.0,125.38208603521379,139.14365601536971,True,226.46966666697213,True,13.687295999377966,0.12775999959558249,172.10661100037396,23.881333000957966
2026_07_21_gym,flight_40,LOB,600,ok,True,36,36.0,108.53634924496285,136.3346959450809,True,226.37903566627452,True,13.537332999520004,0.13424000050872564,177.81827799975872,18.22251799982041
2026_07_21_gym,flight_40,LOB,650,ok,True,39,39.0,134.0226142433624,207.7677119587487,True,244.61457466675589,True,13.376425999216735,0.1406300002709031,193.56801899988204,20.862833000719547
2026_07_21_gym,flight_40,LOB,700,ok,True,41,42.0,111.31391139010829,200.4471656896781,True,259.31627766850096,True,13.071295999921858,0.14368500094860792,208.3605930004269,21.07403700053692
2026_07_21_gym,flight_40,LOB,750,ok,True,44,45.0,89.68124836463308,135.91187446872104,True,264.0829996696363,True,13.611815000884235,0.1500180009752512,212.09705500118434,21.557444999925792
2026_07_21_gym,flight_40,LOB,800,ok,True,46,48.0,51.5190904272097,45.53231208907355,True,267.2892766684915,True,13.225685000419617,0.15374100022017956,215.67627700045705,21.56690700072795
2026_07_21_gym,flight_40,LOB,850,ok,True,49,50.99999999999999,78.43965993543127,89.94796048428813,True,293.9209996672968,True,13.882795999757946,0.15981499943882227,241.39064800087363,21.821074000559747
2026_07_21_gym,flight_40,LOB,900,ok,True,52,53.99999999999999,60.253381135996484,130.78647700247296,True,292.950720665666,True,13.412185000255704,0.16859199944883585,240.58288799971342,22.120388999581337
2026_07_21_gym,flight_40,LOB,950,ok,True,55,56.99999999999999,66.1515607111641,73.407175662798,True,297.977406667235,True,13.510092000477016,0.17090700007975101,245.3148889997974,22.31485200021416
2026_07_21_gym,flight_40,LOB,1000,ok,True,57,59.99999999999999,36.28759786193728,97.3683196098905,True,308.21666766672087,True,13.556445000693202,0.17707399930804968,254.8521850006655,22.964296999387443
2026_07_21_gym,flight_40,LOB,1050,ok,True,60,62.99999999999999,23.968110458737282,55.12469397899406,True,315.13964866722625,True,13.203647999092937,0.18214800022542477,259.88703699968755,25.200149001553655
2026_07_21_gym,flight_40,LOB,1100,ok,True,63,66.0,14.173188752225034,63.64512612074427,True,315.72696266664815,True,13.843036999925971,0.18696299940347672,259.5714260004461,25.458870000205934
2026_07_21_gym,flight_40,LOB,1150,ok,False,66,69.0,15.061877434958841,73.63283250463762,True,318.52188966485363,True,13.522129999473691,0.19625999964773655,271.3158700000495,16.820962999016047
2026_07_21_gym,flight_40,LOB,1200,ok,False,69,72.0,2.417346309270737,47.97719985037726,True,318.05474066796404,True,13.550334000959992,0.2027400005608797,270.7960740001872,16.838925999589264
2026_07_21_gym,flight_40,LOB,1250,ok,False,72,75.0,29.068232810473344,85.09765364840008,True,324.09638766820234,True,13.251166999340057,0.20659200102090836,275.02527700085193,18.94668500032276
2026_07_21_gym,flight_43,LOB,150,ok,True,10,9.0,2039.810214876664,1771.0515878438403,False,139.7044816656659,True,13.66224000044167,0.04605599958449602,81.16161099914461,28.167907999828458
2026_07_21_gym,flight_43,LOB,200,ok,True,13,12.0,639.3383960249986,658.8327538399177,True,151.00046266584346,True,13.707314999774098,0.08218500018119812,95.13218499999493,25.41211099922657
2026_07_21_gym,flight_43,LOB,250,ok,True,16,14.999999999999998,461.6158353720713,482.6582066508065,True,154.9357236676539,True,13.446537000127137,0.08905600011348724,103.83470400050282,20.898760000243783
2026_07_21_gym,flight_43,LOB,300,ok,True,18,18.0,670.1344295061333,651.1810940926439,True,169.96566566700736,True,13.556110999546945,0.09194400068372488,115.43755499925464,24.213389000855386
2026_07_21_gym,flight_43,LOB,350,ok,True,21,21.0,662.2500619549508,621.3964298090975,True,178.196258667546,True,13.444944000802934,0.10348099935799837,122.01685200072825,25.964314999990165
2026_07_21_gym,flight_43,LOB,400,ok,True,24,24.0,348.20046559478646,308.30508549656906,True,180.63346166505167,True,13.551461999304593,0.10723999980837107,130.96887099929154,19.33922199998051
2026_07_21_gym,flight_43,LOB,450,ok,True,27,26.999999999999996,143.98968911536335,133.59336356223855,True,191.29709266747037,True,13.355537000112236,0.11309299990534782,139.33800000045449,21.82379600033164
2026_07_21_gym,flight_43,LOB,490,ok,True,29,29.4,111.20992962883449,95.57796290096127,True,197.51540766718486,True,13.881315000355244,0.1189810000360012,144.5899260006845,22.258518999442458
2026_07_21_gym,flight_43,LOB,500,ok,True,30,29.999999999999996,131.57802026250724,104.4965975115007,True,199.6580736671264,True,13.436537000350654,0.1194259999319911,147.0799259999767,22.35551800020039
2026_07_21_gym,flight_43,LOB,550,ok,True,33,33.0,140.66486207239376,111.20779592545001,True,209.93905666532615,True,13.436333999969065,0.1254259990528226,156.86970400065184,22.840925998985767
2026_07_21_gym,flight_43,LOB,600,ok,True,36,36.0,143.49462850546792,113.17203733092934,True,222.06390666651228,True,13.686906999908388,0.13285200018435717,165.9352409997955,25.642239999957383
2026_07_21_gym,flight_43,LOB,650,ok,True,39,39.0,113.57160157769935,91.68917173473808,True,231.25355666565397,True,13.509962999261916,0.13885199930518866,174.76440799981356,26.173667000606656
2026_07_21_gym,flight_43,LOB,700,ok,True,42,42.0,45.776527437505806,35.61706490390573,True,284.207944668519,True,13.613777999766171,0.1446300009265542,235.74133300036192,18.04153700079769
2026_07_21_gym,flight_43,LOB,750,ok,True,45,45.0,52.95111137591094,39.40529347319768,True,233.2511476666356,True,13.41323999967426,0.15225999988615513,181.92170300055295,21.097277999855578
2026_07_21_gym,flight_43,LOB,800,ok,True,48,48.0,71.44946247642412,60.44588043892807,True,243.70740766699114,True,13.746759000234306,0.1598889995366335,192.45550000015646,20.678593000397086
2026_07_21_gym,flight_43,LOB,850,ok,True,51,50.99999999999999,87.81102001720387,73.16569343886516,True,255.50403766768673,True,13.4857970001176,0.16459299996495247,204.16051799990237,21.026463001035154
2026_07_21_gym,flight_43,LOB,900,ok,True,54,53.99999999999999,65.12482096795006,55.96571923269404,True,262.500740665632,True,13.765852000564337,0.16994499880820513,210.65440699923784,21.243870000354946
2026_07_21_gym,flight_43,LOB,950,ok,True,57,56.99999999999999,77.54366191401286,66.55047336953194,True,272.2635186665381,True,13.48983300011605,0.1754449987784028,220.40964800026268,21.521926000714302
2026_07_21_gym,flight_43,LOB,1000,ok,True,60,59.99999999999999,65.45815026815194,61.68311708750219,True,276.9070566647376,True,13.766314999200404,0.18074099998921156,224.38888899888843,21.904444999992847
2026_07_21_gym,flight_43,LOB,1050,ok,True,63,62.99999999999999,31.045000320101824,32.0236896484877,True,287.3454266690339,True,13.314945000223815,0.19009300041943789,232.95648100040853,24.217241001315415
2026_07_21_gym,flight_43,LOB,1100,ok,True,66,66.0,52.287109244883816,48.47846492081685,True,293.6758516688521,True,13.67007500026375,0.19459199998527765,238.68101800139993,24.463500000536442
2026_07_21_gym,flight_43,LOB,1150,ok,True,69,69.0,98.02964243790491,82.60512144755529,True,296.61547966549796,True,13.677721999585629,0.19900000002235174,241.30977699905634,24.762314000166953
2026_07_21_gym,flight_43,LOB,1200,ok,True,72,72.0,38.02651694905863,21.917289462020438,True,304.2818516676004,True,13.868500000797212,0.20418500062078238,248.46385199949145,25.07864800002426
2026_07_21_gym,flight_43,LOB,1250,ok,True,74,75.0,34.310766658904676,32.70522273372461,True,302.9867966665576,True,13.238389000296593,0.2094999998807907,247.877332999371,24.994908000342548
2026_07_21_gym,flight_45,LOB,150,fit_failed,True,9,9.0,,,,,,,,,
2026_07_21_gym,flight_45,LOB,200,fit_failed,True,12,12.0,,,,,,,,,
2026_07_21_gym,flight_45,LOB,250,fit_failed,True,15,14.999999999999998,,,,,,,,,
2026_07_21_gym,flight_45,LOB,300,fit_failed,True,18,18.0,,,,,,,,,
2026_07_21_gym,flight_45,LOB,350,ok,True,21,21.0,65.81132548523655,141.69051186882922,True,180.9696666660408,True,13.183185000903904,0.10257399920374155,125.06437100004405,25.952869999222457
2026_07_21_gym,flight_45,LOB,400,ok,True,24,24.0,423.8313012584812,381.0881309140805,True,184.57087166669467,True,13.450667000375688,0.10840800032019615,132.03959299996495,22.305536999367177
2026_07_21_gym,flight_45,LOB,450,ok,True,27,26.999999999999996,348.71474118448884,337.2330155766652,True,201.7290376673142,True,13.540056000463665,0.11620400007814169,148.71853700000793,22.68757400009781
2026_07_21_gym,flight_45,LOB,490,ok,True,29,29.4,211.97749472094088,234.8259000688101,True,197.73599966677526,True,13.427591999992728,0.11933299992233515,144.49696300085634,23.025444999337196
2026_07_21_gym,flight_45,LOB,500,ok,True,30,29.999999999999996,95.56997251915331,85.97956984944116,True,198.63253666708866,True,13.355666999705136,0.12159200012683868,146.5292960004881,21.959315000101924
2026_07_21_gym,flight_45,LOB,550,ok,True,33,33.0,191.90650449158196,224.7064010776128,True,212.09475966605046,True,13.677721999585629,0.13890700042247772,157.99440799932927,23.617056000046432
2026_07_21_gym,flight_45,LOB,600,ok,True,36,36.0,120.3812954046842,88.37052198998215,True,220.85838966599354,True,13.457740999758244,0.13624100014567375,165.43348199967295,25.164258999750018
2026_07_21_gym,flight_45,LOB,650,ok,True,39,39.0,77.33092677496491,93.97187989544179,True,211.48637066750476,True,13.395814999938011,0.1432779999449849,163.8296660007909,17.45094500016421
2026_07_21_gym,flight_45,LOB,700,ok,True,42,42.0,89.96095040846907,86.42532544013235,True,231.3310746649901,True,13.425721999257803,0.1487409994006157,181.3658520001918,19.724092999473214
2026_07_21_gym,flight_45,LOB,750,ok,True,45,45.0,72.58866830469367,38.884273864387076,True,243.96318466650942,True,13.328629999421537,0.1550000011920929,193.5100919995457,20.30279599968344
2026_07_21_gym,flight_45,LOB,800,ok,True,48,48.0,72.03018649020534,39.84732561817404,True,247.39544366548458,True,13.397203999571502,0.16133299935609102,196.90531400032341,20.264925999566913
2026_07_21_gym,flight_45,LOB,850,ok,True,51,50.99999999999999,61.31390231724453,33.96469441734015,True,258.3153326675917,True,13.427722000516951,0.16705600079149008,207.5359619995579,20.51792600005865
2026_07_21_gym,flight_45,LOB,900,ok,True,54,53.99999999999999,86.363950685202,82.79850397486103,True,262.0334446669246,True,13.39816700015217,0.17351899947971106,210.96172200050205,20.833370000123978
2026_07_21_gym,flight_45,LOB,950,ok,True,57,56.99999999999999,10.01828201331888,25.25115668738646,True,276.04557366545004,True,13.474350999109447,0.17849999945610762,224.53144500032067,21.194610999897122
2026_07_21_gym,flight_45,LOB,1000,ok,True,60,59.99999999999999,49.94768633902808,27.332066861675916,True,278.4638336679588,True,13.692537000402808,0.18490799982100725,224.40583300031722,23.513889000751078
2026_07_21_gym,flight_45,LOB,1050,ok,True,63,62.99999999999999,5.683517421449704,19.14836120594084,True,290.8750566697369,True,13.604000001214445,0.1906490009278059,236.6737040001899,23.740037000738084
2026_07_21_gym,flight_45,LOB,1100,ok,True,65,66.0,17.950829342090895,29.401906809218787,True,287.4293896655242,True,13.403777999803424,0.195333999581635,233.329628999345,23.833982000127435
2026_07_21_gym,flight_45,LOB,1150,ok,True,68,69.0,10.285088724536825,10.77870603073254,True,296.98955466753495,True,13.462000001221895,0.2017589993774891,242.29749900009483,24.361630000174046
2026_07_21_gym,flight_45,LOB,1200,ok,True,71,72.0,29.707988667826452,44.97980891180422,True,307.8131286685045,True,13.784907000139356,0.2077220007777214,252.5192220006138,24.634611000306904
2026_07_21_gym,flight_45,LOB,1250,ok,False,74,75.0,64.33090688948751,38.5405923147665,True,291.4954256654407,True,13.602591999806464,0.2131109992042184,247.1709259999916,13.842129999771714
2026_07_21_gym,flight_47,LOB,150,fit_failed,True,8,9.0,,,,,,,,,
2026_07_21_gym,flight_47,LOB,200,ok,True,11,12.0,493.63693103244003,428.0905949006048,False,172.67866766514877,True,13.287388999015093,0.08009299915283918,114.80640699993819,27.838112000375986
2026_07_21_gym,flight_47,LOB,250,ok,True,14,14.999999999999998,789.2501482447939,721.4073298087571,False,178.06009166749814,True,13.572019000537694,0.08709200005978346,116.83353700023144,30.900777000002563
2026_07_21_gym,flight_47,LOB,300,ok,True,17,18.0,806.8222237792735,743.3768426811796,False,182.44101866489896,True,13.840981999412179,0.09298199974000454,126.26161099970341,25.578776999376714
2026_07_21_gym,flight_47,LOB,350,ok,True,20,21.0,188.79430658406102,170.33379709795636,True,209.41888866728792,True,13.545074000023305,0.09922199975699186,152.10787000041455,27.00005600042641
2026_07_21_gym,flight_47,LOB,400,ok,True,22,24.0,188.10015685559165,188.81926877062855,True,195.23353666781136,True,13.425184999592602,0.10379600059241056,143.19638900086284,21.841500000096858
2026_07_21_gym,flight_47,LOB,450,ok,True,25,26.999999999999996,94.45799373855782,134.55745363367356,True,207.0337586660559,True,13.95557399932295,0.10974100045859814,151.67564799916,24.62612900044769
2026_07_21_gym,flight_47,LOB,490,ok,True,27,29.4,72.05300262264119,97.81532189760334,True,214.35562966546664,True,13.727518999949098,0.11388899944722652,160.0891659995541,23.758388999849558
2026_07_21_gym,flight_47,LOB,500,ok,True,28,29.999999999999996,72.81025982969152,109.26148285390222,True,220.77903666595617,True,13.63096300046891,0.1176110003143549,165.03490699920803,25.328888999298215
2026_07_21_gym,flight_47,LOB,550,ok,True,30,33.0,49.647728021531506,68.70864409598352,True,225.00886966536441,True,13.67055599950254,0.1198339993134141,169.92938799969852,24.622425000183284
2026_07_21_gym,flight_47,LOB,600,ok,True,30,36.0,49.647728021531506,68.70864409598352,True,224.32929566750923,True,13.67055599950254,0.12072200048714876,169.1764439996332,24.69490700121969
2026_07_21_gym,flight_47,LOB,650,ok,True,32,39.0,75.33848442761436,81.61349303848768,True,242.50051866813251,True,13.293722000904381,0.12516700010746717,184.60572200082242,27.809240999631584
2026_07_21_gym,flight_47,LOB,700,ok,True,35,42.0,119.14545245626653,125.81345051298716,True,249.4961666666592,True,13.42403700016439,0.14135200064629316,198.61861099954695,20.64549999963492
2026_07_21_gym,flight_47,LOB,750,ok,True,38,45.0,81.86598273298279,86.69651236599773,True,246.9120196669052,True,13.657148999162018,0.13779600150883198,194.59227799996734,21.85812999960035
2026_07_21_gym,flight_47,LOB,800,ok,True,41,48.0,103.22746095762689,106.34365133914018,True,278.7486116659517,True,13.354536999948323,0.16199999954551458,226.24616699945182,22.31924100033939
2026_07_21_gym,flight_47,LOB,850,ok,True,44,50.99999999999999,90.13123019374359,92.82055464080065,True,275.36435166715336,True,13.432610999792814,0.15183299966156483,222.3570929998532,22.7561480011791
2026_07_21_gym,flight_47,LOB,900,ok,True,47,53.99999999999999,80.09728683762208,83.29537488814782,True,277.661278666618,True,13.514722999185324,0.15500000026077032,224.63453700114042,22.690351999364793
2026_07_21_gym,flight_47,LOB,950,ok,True,50,56.99999999999999,69.49366021525752,72.24813314560501,True,290.30279566595954,True,13.751110999844968,0.1625739997252822,236.78318499960005,22.939259000122547
2026_07_21_gym,flight_47,LOB,1000,ok,True,53,59.99999999999999,55.015139064076635,59.45878479454427,True,288.85722166548175,True,13.316037000156939,0.1679069995880127,235.51466700062156,23.19194399844855
2026_07_21_gym,flight_47,LOB,1050,ok,True,56,62.99999999999999,70.60159368183135,76.71280407261062,True,305.7620346682767,True,13.716926000081003,0.1743510002270341,249.47027700021863,25.733814001083374
2026_07_21_gym,flight_47,LOB,1100,ok,True,59,66.0,47.42069118791842,53.142630504818634,True,305.88944366543245,True,13.717851999215782,0.1852779993787408,249.37238799966872,25.947259000502527
2026_07_21_gym,flight_47,LOB,1150,ok,True,62,69.0,54.54662551020197,56.321483423384464,True,320.30364766685915,True,13.559813999570906,0.18577800039201975,263.4956110008061,26.395777999423444
2026_07_21_gym,flight_47,LOB,1200,ok,True,65,72.0,65.8383920634554,65.38329813069913,True,316.7914986663188,True,13.501795999705791,0.19451799988746643,259.89464799966663,26.5338700003922
2026_07_21_gym,flight_47,LOB,1250,ok,True,68,75.0,52.199821184949776,53.22765629288199,True,331.3811296687151,True,13.618463000282645,0.19742600060999393,273.99492600094527,26.903648000210524
2026_07_21_gym,flight_48,LOB,150,ok,True,10,9.0,556.7489043694578,667.4668060600128,True,137.00772166779885,True,13.57420300040394,0.05092600081115961,85.97999999951571,20.735926000401378
2026_07_21_gym,flight_48,LOB,200,ok,True,12,12.0,221.50707104573172,299.70153410310235,True,137.18857466677824,True,13.248629999347031,0.08177800010889769,89.17581500019878,18.01568500045687
2026_07_21_gym,flight_48,LOB,250,ok,True,15,14.999999999999998,281.20662202897,360.93968056880743,True,151.76472266732404,True,13.320795999839902,0.08879600092768669,100.82777799945325,20.860686000436544
2026_07_21_gym,flight_48,LOB,300,ok,True,18,18.0,60.79553799486724,53.31367130765218,True,159.83438866740713,True,13.771110999397933,0.10364800039678812,114.12418500054628,15.16877800039947
2026_07_21_gym,flight_48,LOB,350,ok,True,21,21.0,11.6719383418657,72.24687285323016,True,175.71796266424158,True,13.703184999525547,0.10207399912178516,126.114462999627,19.1315739993006
2026_07_21_gym,flight_48,LOB,400,ok,True,24,24.0,90.43926339742185,91.66570229656017,True,183.07396266671518,True,13.46796299982816,0.10796300042420626,132.75572200026363,20.07564799953252
2026_07_21_gym,flight_48,LOB,450,ok,True,25,26.999999999999996,107.63257090280246,141.8901838370978,True,214.25863066750267,True,13.368870000354946,0.11014899984002113,163.377630000934,20.735314999707043
2026_07_21_gym,flight_48,LOB,490,ok,True,27,29.4,131.57819467498365,149.92161131576663,True,194.33816566566625,True,13.53344399947673,0.11701899953186512,143.16412900015712,20.856906999833882
2026_07_21_gym,flight_48,LOB,500,ok,True,28,29.999999999999996,205.39685690363962,217.6936737589328,True,208.03407366635898,True,13.675963000394404,0.11829600110650063,156.2584999985993,21.314647999592125
2026_07_21_gym,flight_48,LOB,550,ok,True,31,33.0,145.73058482678027,165.83839984015341,True,207.68183366643885,True,13.734277999959886,0.12449999991804361,161.10296300053596,16.053425999358296
2026_07_21_gym,flight_48,LOB,600,ok,True,34,36.0,29.642903473267932,43.82483264680937,True,218.91033366757134,True,13.491222999989986,0.13144499994814396,170.369851000607,18.251148000359535
2026_07_21_gym,flight_48,LOB,650,ok,True,37,39.0,72.66681319314854,59.253942067728005,True,228.55627766593048,True,13.463111000135541,0.13783300016075373,179.50196299981326,18.78670399915427
2026_07_21_gym,flight_48,LOB,700,ok,True,40,42.0,41.87504435059974,47.93421292647794,True,228.30892566653588,True,13.436036999337375,0.14224100019782782,179.05883300025016,19.005148000083864
2026_07_21_gym,flight_48,LOB,750,ok,True,43,45.0,37.22041660339632,36.53429406545934,True,263.163425666901,True,13.828258999623358,0.1488520000129938,213.17853699997067,19.34111100062728
2026_07_21_gym,flight_48,LOB,800,ok,True,46,48.0,28.41213239079834,25.6285152594325,True,246.47333166530976,True,13.50205499958247,0.15442599914968014,196.52855500020087,19.621628999710083
2026_07_21_gym,flight_48,LOB,850,ok,True,49,50.99999999999999,30.980634895051573,38.77982199660618,True,257.5759826653327,True,13.5068150004372,0.16148199886083603,207.4584449995309,19.78257399983704
2026_07_21_gym,flight_48,LOB,900,ok,True,52,53.99999999999999,64.49965169547461,70.44887263566564,True,269.6359456672023,True,13.24335200060159,0.16685199923813343,219.48538900073618,20.073685999959707
2026_07_21_gym,flight_48,LOB,950,ok,True,55,56.99999999999999,17.13024277194096,41.74728719103344,True,274.60733266795677,True,13.478889000602067,0.17331499978899956,224.02098099980503,20.267481001093984
2026_07_21_gym,flight_48,LOB,1000,ok,True,58,59.99999999999999,51.64818711928685,37.42654866379405,True,282.88418566497666,True,13.736981999129057,0.18053700029850006,231.58670399989933,20.713295998983085
2026_07_21_gym,flight_48,LOB,1050,ok,False,61,62.99999999999999,15.713740263989774,3.862628411226183,True,282.937184668767,True,13.710481000132859,0.1856850003823638,239.1947040008381,13.179648000746965
2026_07_21_gym,flight_48,LOB,1100,ok,False,63,66.0,18.679907284124543,48.786453130623784,True,283.7155006673808,True,13.32529600057751,0.18938899971544743,238.6413520006463,14.892796999774873
2026_07_21_gym,flight_48,LOB,1150,ok,False,66,69.0,20.352213774793366,14.290942141014986,True,297.3438716667394,True,13.59529700037092,0.19548199977725744,251.83942599967122,15.04700000025332
2026_07_21_gym,flight_48,LOB,1200,ok,False,69,72.0,23.542944365192362,48.26512298661913,True,298.78909166684997,True,13.754444000311196,0.2007039999589324,251.2228509997949,16.944426000118256
2026_07_21_gym,flight_48,LOB,1250,ok,False,72,75.0,10.021313282138358,32.700978809373844,True,300.34799866812926,True,13.37205500062555,0.21792500000447035,253.07966700010002,17.01168500073254
2026_07_21_gym,flight_49,LOB,150,fit_failed,True,10,9.0,,,,,,,,,
2026_07_21_gym,flight_49,LOB,200,ok,True,13,12.0,546.7799358897811,492.35889713863895,False,141.68662866732726,True,13.151463000103831,0.10114799998700619,88.11675900034606,23.650592000223696
2026_07_21_gym,flight_49,LOB,250,ok,True,16,14.999999999999998,317.70527804166767,287.27346404332326,True,161.66557466673353,True,13.65413000062108,0.09266699943691492,109.70816599950194,21.543945000506938
2026_07_21_gym,flight_49,LOB,300,ok,True,19,18.0,555.9014936169534,465.74748753485966,False,170.87409266705313,True,13.389851000159979,0.10100000072270632,118.03711199946702,22.679463000036776
2026_07_21_gym,flight_49,LOB,350,ok,True,22,21.0,350.84890851832387,286.7993060373197,True,240.94838966770718,True,13.320982000790536,0.10575900040566921,188.62766699958593,22.227315000258386
2026_07_21_gym,flight_49,LOB,400,ok,True,25,24.0,338.1289863230918,324.6342673282653,True,184.95596266693124,True,13.688889000564814,0.11268500052392483,133.9369069999084,20.55081499926746
2026_07_21_gym,flight_49,LOB,450,ok,True,28,26.999999999999996,281.53102927646654,288.38569942252195,True,191.5212966656933,True,13.531130000017583,0.1175549989566207,139.47850000020117,21.727444999851286
2026_07_21_gym,flight_49,LOB,490,ok,True,30,29.4,213.41082235613888,206.2287906437458,True,199.8792026673133,True,13.602370000444353,0.12157399952411652,147.7038700003177,21.78472200036049
2026_07_21_gym,flight_49,LOB,500,ok,True,31,29.999999999999996,100.04654726172907,128.32084810057614,True,201.1049256666253,True,13.45081500057131,0.12544399965554476,148.86507400032133,21.99692599941045
2026_07_21_gym,flight_49,LOB,550,ok,True,34,33.0,110.01316933260154,151.88621426331594,True,208.39196166737625,True,13.397536999545991,0.13125899992883205,155.7873700009659,22.409129000268877
2026_07_21_gym,flight_49,LOB,600,ok,True,37,36.0,40.161494124341274,66.72000394701521,True,217.49742666600892,True,13.756925999186933,0.13746299967169762,169.9306669998914,17.00570400059223
2026_07_21_gym,flight_49,LOB,650,ok,True,40,39.0,113.53641395429591,146.5732862887105,True,213.3785736678789,True,13.563610999844968,0.14190700091421604,165.48911100067198,17.517277999781072
2026_07_21_gym,flight_49,LOB,700,ok,True,43,42.0,87.58485301496164,122.88930536132773,True,236.75425866494575,True,13.643536999821663,0.14868499897420406,186.47472199983895,19.82064799964428
2026_07_21_gym,flight_49,LOB,750,ok,True,46,45.0,61.38718896805872,78.98364507248182,True,241.86990766848126,True,13.590667000971735,0.15605600085109472,191.61272200010717,19.843795999884605
2026_07_21_gym,flight_49,LOB,800,ok,True,49,48.0,74.2297542744032,105.88028639087776,True,245.8681486674274,True,13.319259000010788,0.16083399951457977,195.69246300123632,20.028925999999046
2026_07_21_gym,flight_49,LOB,850,ok,True,52,50.99999999999999,38.31188529107457,48.29447895330408,True,259.4339626689131,True,13.738796000368893,0.16535200085490942,208.42187000066042,20.441278000362217
2026_07_21_gym,flight_49,LOB,900,ok,True,55,53.99999999999999,35.78953998549786,50.066673768832715,True,261.6564456659059,True,13.451333999633789,0.1713519999757409,210.48142599966377,20.885666999965906
2026_07_21_gym,flight_49,LOB,950,ok,True,58,56.99999999999999,44.694466669292495,55.75357858398752,True,275.7547236659254,True,13.322314999066293,0.17776000034064054,224.32701900042593,21.26096299942583
2026_07_21_gym,flight_49,LOB,1000,ok,True,61,59.99999999999999,36.09946656689092,47.038191168860386,True,277.84720466720563,True,13.193018999882042,0.1859260005876422,226.29529600031674,21.50629699975252
2026_07_21_gym,flight_49,LOB,1050,ok,True,64,62.99999999999999,48.759468195170165,103.29811797582424,True,292.4436836658667,True,13.352722000330687,0.19240699987858534,237.84429599903524,24.387591999955475
2026_07_21_gym,flight_49,LOB,1100,ok,True,67,66.0,69.96221033297692,92.61133623291921,True,291.8567406681056,True,13.599926000460982,0.19835200067609549,237.43594399932772,23.95585200097412
2026_07_21_gym,flight_49,LOB,1150,ok,True,70,69.0,49.04567828332126,69.73594429384292,True,306.53581466587883,True,13.60746300034225,0.20407400000840425,251.7185369990766,24.339073999784887
2026_07_21_gym,flight_49,LOB,1200,ok,False,73,72.0,25.103930722629915,33.896683500155625,True,293.5963876663397,True,13.581833000294864,0.20768499933183193,247.37325900048018,15.766943999566138
2026_07_21_gym,flight_49,LOB,1250,ok,False,76,75.0,21.315002134132463,25.029531728253804,True,298.74151666617644,True,13.179407000541687,0.21366600040346384,252.94773999881,15.734036999754608
2026_07_21_gym,flight_51,LOB,150,ok,True,10,9.0,321.4565923041776,394.21427444579973,False,139.50731466865787,True,13.437148001044989,0.045185000635683537,88.44492600020021,20.913389000110328
2026_07_21_gym,flight_51,LOB,200,ok,True,13,12.0,215.16206540355805,137.9871965884578,False,156.19899866605797,True,13.609425999224186,0.08527700044214725,100.17399999964982,25.66362900007516
2026_07_21_gym,flight_51,LOB,250,ok,True,16,14.999999999999998,644.62051501275,653.122946219555,True,156.52285266729692,True,13.694203999824822,0.08951800037175417,103.56605600006878,22.5064080003649
2026_07_21_gym,flight_51,LOB,300,ok,True,17,18.0,215.1621975316935,137.9873597958651,False,158.88574166658023,True,13.310777000151575,0.0946489991620183,104.20962999947369,24.60401900112629
2026_07_21_gym,flight_51,LOB,350,ok,True,19,21.0,587.4437898593278,627.6889735615465,False,171.21496266747513,True,13.281388998962939,0.09900000132620335,117.31107400078326,23.85683299973607
2026_07_21_gym,flight_51,LOB,400,ok,True,22,24.0,539.6140028422902,434.3422366318937,False,192.6504256647701,True,13.080833999440074,0.1040919991210103,134.4786480003968,28.320184999145567
2026_07_21_gym,flight_51,LOB,450,ok,True,25,26.999999999999996,104.34581084302128,67.3590636937193,True,194.28286966557303,True,13.69709200039506,0.11011100001633167,140.8554629990831,22.95353699941188
2026_07_21_gym,flight_51,LOB,490,ok,True,27,29.4,149.6312231309849,93.36139780671529,True,192.93918466536948,True,13.512185999192297,0.11450000014156103,139.37412900011986,23.2717029992491
2026_07_21_gym,flight_51,LOB,500,ok,True,28,29.999999999999996,228.2155217567811,142.02249481316179,False,201.70044566659877,True,13.401018999516964,0.11600000038743019,147.5709819998592,23.945778000168502
2026_07_21_gym,flight_51,LOB,550,ok,True,31,33.0,156.05656692709638,118.05023516514832,True,213.5287956657509,True,13.224111000075936,0.12340699881315231,158.35357400029898,25.16103699989617
2026_07_21_gym,flight_51,LOB,600,ok,True,34,36.0,108.75880526633065,63.498338806528906,True,221.43303666698435,True,13.253000000491738,0.13009200058877468,164.56094399932772,26.82233399990946
2026_07_21_gym,flight_51,LOB,650,ok,True,37,39.0,113.5971190940948,69.58455365403184,True,230.9653896667684,True,13.507314998656511,0.13457400072366,173.27631500083953,27.380518999882042
2026_07_21_gym,flight_51,LOB,700,ok,True,40,42.0,60.79819787016989,37.12763209070025,True,224.82151966697225,True,13.037574000656605,0.1418709997087717,175.89505599997938,19.08035199996084
2026_07_21_gym,flight_51,LOB,750,ok,True,43,45.0,74.564280231645,47.48569391132824,True,249.92042666642615,True,13.606945000588894,0.14594400022178888,198.02512999996543,21.475740998983383
2026_07_21_gym,flight_51,LOB,800,ok,True,46,48.0,45.7552642343217,50.73706372330195,True,252.7069436671833,True,13.552222000434995,0.15351800061762333,200.70874099992216,21.62579599954188
2026_07_21_gym,flight_51,LOB,850,ok,True,49,50.99999999999999,64.16393931496731,51.79731431242107,True,261.71177766627324,True,13.372074000537395,0.16061099991202354,209.61086999904364,21.901556000113487
2026_07_21_gym,flight_51,LOB,900,ok,True,52,53.99999999999999,65.47172090008043,47.097780588672656,True,269.5956856651853,True,13.420222000218928,0.16725899931043386,217.01837099902332,22.323166999965906
2026_07_21_gym,flight_51,LOB,950,ok,True,53,56.99999999999999,139.5582490021407,165.94146429101505,True,267.62885266697657,True,13.186870998702943,0.1771849999204278,214.4378330009058,23.1602970007807
2026_07_21_gym,flight_51,LOB,1000,ok,True,56,59.99999999999999,77.43333714819501,53.57391786426065,True,277.07435266735655,True,13.326815000735223,0.17398199997842312,224.18718500062823,22.719703999347985
2026_07_21_gym,flight_51,LOB,1050,ok,True,58,62.99999999999999,22.870033244339428,27.337908173833977,True,285.95344466591877,True,13.384425999596715,0.17859299946576357,232.38233300019056,23.341425999999046
2026_07_21_gym,flight_51,LOB,1100,ok,True,61,66.0,58.143257662650925,43.51531531378522,True,306.4811666660632,True,13.326666999608278,0.18411100003868341,250.56477800011635,25.738943999633193
2026_07_21_gym,flight_51,LOB,1150,ok,True,64,69.0,49.871496830234655,66.8064123545579,True,310.211944667312,True,13.555889000184834,0.1890190001577139,253.81372199952602,25.986648000776768
2026_07_21_gym,flight_51,LOB,1200,ok,True,67,72.0,15.252566713528793,36.71290434946557,True,311.2509636670972,True,13.46138900052756,0.19568500015884638,254.7712779995054,26.155945000238717
2026_07_21_gym,flight_51,LOB,1250,ok,True,69,75.0,4.5460174607865005,31.709765862010055,True,312.8386116658027,True,13.723554998636246,0.1996299996972084,255.9328340003267,26.315926000475883
2026_07_21_gym,flight_52,LOB,150,fit_failed,True,9,9.0,,,,,,,,,
2026_07_21_gym,flight_52,LOB,200,ok,True,12,12.0,194.8648842007901,192.34120001994972,True,165.5818336677427,True,13.727611000649631,0.08037100080400705,108.605851999484,26.501333000138402
2026_07_21_gym,flight_52,LOB,250,ok,True,15,14.999999999999998,189.02330054644753,201.41554551121013,True,171.8413696658487,True,13.733832999132574,0.08929600100964308,116.5460739992559,24.805499999783933
2026_07_21_gym,flight_52,LOB,300,ok,True,18,18.0,156.43545143454517,134.05918427569972,True,183.7303896655018,True,13.40490800049156,0.09492599964141846,127.60842599906027,25.955462999641895
2026_07_21_gym,flight_52,LOB,350,ok,True,21,21.0,209.9510388083757,195.3765428516924,False,199.21720366707692,True,13.515889001078904,0.1128329997882247,142.91624099947512,26.00557400006801
2026_07_21_gym,flight_52,LOB,400,ok,True,24,24.0,175.5139503780183,159.41463835673392,True,195.89948166782656,True,13.281128999777138,0.10822300054132938,145.34388899989426,20.499574000947177
2026_07_21_gym,flight_52,LOB,450,ok,True,27,26.999999999999996,197.47840669875058,179.58235584953297,True,207.68251766699055,True,13.284833000972867,0.11459199991077185,154.27116699982435,23.345258999615908
2026_07_21_gym,flight_52,LOB,490,ok,True,29,29.4,188.98442822923883,167.44325609540604,True,213.20894266633937,True,13.68940700031817,0.11811099946498871,159.2215919997543,23.513166000135243
2026_07_21_gym,flight_52,LOB,500,ok,True,30,29.999999999999996,183.21790212096906,163.01555331981405,True,231.39942566740015,True,13.838185000233352,0.1193889994174242,176.66400000080466,24.111185000278056
2026_07_21_gym,flight_52,LOB,550,ok,True,33,33.0,190.42805721903446,174.80081368356963,True,229.84110966759422,True,13.642981000244617,0.12862899992614985,174.74572200048715,24.65711100026965
2026_07_21_gym,flight_52,LOB,600,ok,True,36,36.0,174.4840807916444,158.9458327603868,True,234.78498166582236,True,13.444073999300599,0.13405600003898144,177.2778890002519,27.26229599956423
2026_07_21_gym,flight_52,LOB,650,ok,True,39,39.0,171.2834559764669,158.00263778734595,True,247.43896366717914,True,13.457426000386477,0.13963000010699034,189.39698199927807,27.778259000740945
2026_07_21_gym,flight_52,LOB,700,ok,True,42,42.0,164.81769055493018,153.50091906959534,True,244.6461836664627,True,13.618536999449134,0.14527700003236532,194.96842600032687,19.247276999987662
2026_07_21_gym,flight_52,LOB,750,ok,True,45,45.0,126.55479405380719,111.30447126593835,True,257.7419256667296,True,13.684630000963807,0.15286999940872192,205.14272200036794,22.095036999322474
2026_07_21_gym,flight_52,LOB,800,ok,True,48,48.0,146.18057345271592,142.77230218869425,True,263.5606126661102,True,13.41318599972874,0.15914900042116642,211.00018499884754,22.32142600044608
2026_07_21_gym,flight_52,LOB,850,ok,True,51,50.99999999999999,144.15794222906962,145.13547406076952,True,271.24194466571015,True,13.713611998595297,0.16437000036239624,218.09800000023097,22.599295999854803
2026_07_21_gym,flight_52,LOB,900,ok,True,54,53.99999999999999,131.98035370645806,138.24229377125232,True,275.42100066660595,True,13.466555999591947,0.17083400022238493,222.59546300023794,22.52148099988699
2026_07_21_gym,flight_52,LOB,950,ok,True,57,56.99999999999999,124.31199336618074,124.16261375506895,True,285.63494466679794,True,13.433389000594616,0.18735199980437756,232.37372200004756,22.97381499968469
2026_07_21_gym,flight_52,LOB,1000,ok,True,60,59.99999999999999,94.07571713011191,93.26207411696578,True,292.4966116665552,True,13.53827799949795,0.18120400048792362,238.82187000010163,23.28859299980104
2026_07_21_gym,flight_52,LOB,1050,ok,True,63,62.99999999999999,82.44433807227259,78.76607529011622,True,300.63214866785955,True,13.38746300060302,0.18840799946337938,244.6426290012896,25.746981999836862
2026_07_21_gym,flight_52,LOB,1100,ok,True,66,66.0,68.79056196153812,66.28532911891992,True,302.28274166646105,True,13.12105599977076,0.194110999815166,246.4545189999044,25.846389000304043
2026_07_21_gym,flight_52,LOB,1150,ok,True,69,69.0,36.175291739772206,27.583143842711923,True,316.9984256650011,True,13.62120399903506,0.2007590001448989,259.417906999588,27.091888999566436
2026_07_21_gym,flight_52,LOB,1200,ok,True,72,72.0,42.50130037963143,27.53619642067952,True,315.7341486668835,True,13.376593000255525,0.20681500062346458,258.9620740003884,26.521999998949468
2026_07_21_gym,flight_52,LOB,1250,ok,True,75,75.0,38.410220590552846,32.93032928161457,True,327.24894566616666,True,13.72116700001061,0.21175900008529425,269.72398199979216,26.925370999611914
2026_07_21_gym,flight_53,LOB,150,ok,True,10,9.0,585.4124272526644,361.3884575915214,True,148.4833136682088,True,13.478870000690222,0.04531500115990639,89.66642499901354,28.62603700067848
2026_07_21_gym,flight_53,LOB,200,ok,True,13,12.0,368.3916140043056,267.8769727273697,True,155.393870667244,True,13.196926000528038,0.08642600011080503,100.21661099977791,25.227241000160575
2026_07_21_gym,flight_53,LOB,250,ok,True,16,14.999999999999998,374.98288629100614,386.5145187117568,True,164.70740766605982,True,13.22675999905914,0.09233300015330315,103.44253699947149,31.279111000709236
2026_07_21_gym,flight_53,LOB,300,ok,True,19,18.0,87.36695888071954,118.62202571469433,True,181.04385166584203,True,13.644499999471009,0.10050000064074993,125.71981499996036,24.912369999103248
2026_07_21_gym,flight_53,LOB,350,ok,True,22,21.0,93.46485509399606,63.77675813844824,True,182.16014866592982,True,13.274629999883473,0.10385200008749962,126.03057400044054,26.084425998851657
2026_07_21_gym,flight_53,LOB,400,ok,True,25,24.0,90.00380170354416,63.12261943517593,True,190.7961306689928,True,13.663259000517428,0.11185200046747923,132.01776000019163,28.336593001149595
2026_07_21_gym,flight_53,LOB,450,ok,True,28,26.999999999999996,75.29644120271237,55.91442745686127,True,193.12692566650608,True,13.466888999566436,0.11640700045973063,140.43225899990648,22.44470399990678
2026_07_21_gym,flight_53,LOB,490,ok,True,30,29.4,83.5405633229025,59.10213326798036,True,197.36907466563085,True,13.34946299996227,0.12031500041484833,144.34525999892503,22.88736999966204
2026_07_21_gym,flight_53,LOB,500,ok,True,31,29.999999999999996,78.84489193965553,55.179932537889556,True,201.72155566668758,True,13.19533299934119,0.12163000088185072,148.5529629997909,23.184963000006974
2026_07_21_gym,flight_53,LOB,550,ok,True,34,33.0,61.51515855840625,34.900623453257026,True,208.38773966549584,True,13.539888999424875,0.13129599951207638,154.22499999962747,23.824888000264764
2026_07_21_gym,flight_53,LOB,600,ok,True,37,36.0,70.2209563898052,37.47388300078384,True,219.2637016676987,True,13.53462899941951,0.13662900123745203,162.57937000039965,26.346406999975443
2026_07_21_gym,flight_53,LOB,650,ok,True,40,39.0,85.31400283577428,54.58760095417122,True,223.7657406652967,True,13.887981999665499,0.14257400017231703,166.10646299924701,26.962054999545217
2026_07_21_gym,flight_53,LOB,700,ok,True,43,42.0,85.61395341697549,57.15365178115021,True,241.07059266573438,True,13.746685000136495,0.14805599953979254,183.18881499953568,27.320369999855757
2026_07_21_gym,flight_53,LOB,750,ok,True,46,45.0,92.82271396521584,66.00710000778415,True,234.0320006671051,True,13.769445000216365,0.1542590009048581,184.46875899937004,18.97287099994719
2026_07_21_gym,flight_53,LOB,800,ok,True,47,48.0,92.82195079530379,66.00634769241752,True,237.5042966666321,True,13.751519000157714,0.1554259993135929,185.51261099986732,21.418074000626802
2026_07_21_gym,flight_53,LOB,850,ok,True,50,50.99999999999999,49.612537140222955,32.00634751079602,True,250.15038966635862,True,13.327019000425935,0.16138899978250265,198.51507399976254,21.48024099972099
2026_07_21_gym,flight_53,LOB,900,ok,True,53,53.99999999999999,57.367844389221325,42.22400259127236,True,260.9932966666917,True,13.47983399964869,0.16925999987870455,208.73944400064647,21.938091999851167
2026_07_21_gym,flight_53,LOB,950,ok,True,56,56.99999999999999,63.24776119126562,51.75417868713236,True,268.40277766777825,True,13.315055000595748,0.17490800004452467,215.74159300047904,22.50455499999225
2026_07_21_gym,flight_53,LOB,1000,ok,True,56,59.99999999999999,63.24776119126562,51.75417868713236,True,268.0668886664013,True,13.315055000595748,0.17422299925237894,215.54475900065154,22.366184999234974
2026_07_21_gym,flight_53,LOB,1050,ok,True,59,62.99999999999999,55.35864616696228,43.9595412720249,True,284.2244806677724,True,13.899628999643028,0.18001800030469894,228.48213000036776,24.99603700079024
2026_07_21_gym,flight_53,LOB,1100,ok,True,62,66.0,52.5941830874241,40.52463346415005,True,292.7094246686126,True,13.669870000332594,0.19562899973243475,235.24477800074965,26.932481001131237
2026_07_21_gym,flight_53,LOB,1150,ok,True,65,69.0,37.52025866865398,29.074577586873495,True,293.9305186659719,True,13.295167000964284,0.19970399979501963,238.13472199905664,25.634258999489248
2026_07_21_gym,flight_53,LOB,1200,ok,True,68,72.0,38.26924333838924,30.607223209249206,True,307.3232606655608,True,13.608740999363363,0.19783399999141693,249.8676859997213,26.982332999818027
2026_07_21_gym,flight_53,LOB,1250,ok,True,70,75.0,34.47580554741505,28.287302661733214,True,310.39040766532224,True,13.486925999633968,0.20237099938094616,253.0496659995988,26.984778000041842
2026_07_21_gym,flight_54,MID,150,ok,True,9,9.0,270.41584388856523,324.07837420373403,True,128.1382766670237,True,13.482240000739694,0.041999999433755875,76.47394399996847,21.473426000215113
2026_07_21_gym,flight_54,MID,200,ok,True,12,12.0,171.00859728081215,202.6048247345742,True,138.28103766652444,True,13.534760000184178,0.08285200037062168,88.0374809987843,19.95927800051868
2026_07_21_gym,flight_54,MID,250,ok,True,15,14.999999999999998,169.23851420499815,182.96240912031695,True,152.3515736653159,True,13.746518000029027,0.08896299917250872,100.65287000034004,21.19655599910766
2026_07_21_gym,flight_54,MID,300,ok,True,18,18.0,53.205515164480325,58.83433370879996,True,160.17020266565183,True,13.443480999208987,0.09544400032609701,112.84635199978948,17.11825899966061
2026_07_21_gym,flight_54,MID,350,ok,True,21,21.0,57.87808093610105,71.63687763746965,True,180.3536486669133,True,13.533925999887288,0.10325900092720985,130.4866669997573,19.563129999674857
2026_07_21_gym,flight_54,MID,400,ok,True,24,24.0,45.8118798482539,55.31821107354408,True,186.0827226663629,True,13.652908000163734,0.10922199953347445,134.95498100016266,20.698944999836385
2026_07_21_gym,flight_54,MID,450,ok,True,27,26.999999999999996,55.61662265023016,65.01594656223666,True,200.25137066623816,True,13.459834000095725,0.11536999978125095,149.48462899960577,20.52487100008875
2026_07_21_gym,flight_54,MID,490,ok,True,29,29.4,55.0896074286031,64.39562019513163,True,203.37812966542938,True,13.537684999406338,0.1202410003170371,158.7960739992559,14.257462999783456
2026_07_21_gym,flight_54,MID,500,ok,True,30,29.999999999999996,48.01529548636205,59.846228395657015,True,210.40716666790345,True,13.916833000257611,0.12183300033211708,163.66027799993753,16.041556000709534
2026_07_21_gym,flight_54,MID,550,ok,True,33,33.0,53.52865384653235,53.178735777532566,True,226.3957226673762,True,13.785945000126958,0.12635200005024672,177.60296300053596,18.213795999996364
2026_07_21_gym,flight_54,MID,600,ok,True,36,36.0,54.94688853633577,72.9737488153042,True,229.09975866662958,True,13.701352000236511,0.13329599983990192,180.2407220005989,18.357721999287605
2026_07_21_gym,flight_54,MID,650,ok,True,39,39.0,41.77178790515543,36.69688160255268,True,241.92733266732344,True,13.760593000799417,0.13855500053614378,192.81779599934816,18.54372199997306
2026_07_21_gym,flight_54,MID,700,ok,True,42,42.0,43.3604829898886,46.093799349712086,True,249.15214866648117,True,13.499443999491632,0.14366700034588575,199.95203700009733,18.890333999879658
2026_07_21_gym,flight_54,MID,750,ok,True,45,45.0,62.09012586947522,70.88700608011776,True,260.14920466548455,True,13.502740999683738,0.15107399970293045,210.68562999926507,19.143093000166118
2026_07_21_gym,flight_54,MID,800,ok,True,48,48.0,15.268399115226442,17.22610972226618,True,261.8825356659169,True,13.564980999566615,0.15746300015598536,212.12357399985194,19.36985099967569
2026_07_21_gym,flight_54,MID,850,ok,True,51,50.99999999999999,12.404979390814413,28.900194245594456,True,275.918740666161,True,13.918296000920236,0.1628699991852045,225.36518500000238,19.80572299938649
2026_07_21_gym,flight_54,MID,900,ok,True,54,53.99999999999999,12.497260859921486,11.897962395819667,True,279.4679636663447,True,13.645721999928355,0.16951899975538254,228.86070400010794,20.125351999886334
2026_07_21_gym,flight_54,MID,950,ok,True,57,56.99999999999999,11.380469687245917,15.430937717438058,True,293.3710556669782,True,13.381148000247777,0.17570400051772594,242.81462999992073,20.332906999625266
2026_07_21_gym,flight_54,MID,1000,ok,False,60,59.99999999999999,10.211236194535028,25.885314259140177,True,287.0747416658948,True,13.665648999623954,0.18098200019448996,240.79192599933594,15.769518000073731
2026_07_21_gym,flight_54,MID,1050,ok,False,63,62.99999999999999,35.23235749445326,64.43472727761257,True,288.91053666702163,True,13.29712999984622,0.18868499901145697,243.86853700131178,14.88951800018549
2026_07_21_gym,flight_54,MID,1100,ok,False,66,66.0,13.839425128015575,29.894836674264077,True,301.41235266781104,True,13.44666700065136,0.19490799959748983,254.13470400124788,16.969406999647617
2026_07_21_gym,flight_54,MID,1150,ok,False,69,69.0,8.531692759447088,28.79903552374983,True,297.8664256685103,True,13.414463000372052,0.20161100011318922,250.6996850008145,16.884000000543892
2026_07_21_gym,flight_54,MID,1200,ok,False,69,72.0,8.531692759447088,28.79903552374983,True,298.71138866680366,True,13.414463000372052,0.21059300005435944,251.4830549992621,16.936611000448465
2026_07_21_gym,flight_54,MID,1250,ok,False,69,75.0,8.531692759447088,28.79903552374983,True,297.11166666789603,True,13.414463000372052,0.20150000043213367,249.8802960002795,16.948741000145674
2026_07_21_gym,flight_55,LOB,150,fit_failed,True,10,9.0,,,,,,,,,
2026_07_21_gym,flight_55,LOB,200,ok,True,13,12.0,899.4176819283348,911.614727256239,False,145.3798146682481,True,13.191500000655651,0.08220400009304285,91.66511100064963,23.774333000183105
2026_07_21_gym,flight_55,LOB,250,fit_failed,True,16,14.999999999999998,,,,,,,,,
2026_07_21_gym,flight_55,LOB,300,ok,True,19,18.0,132.4609562313445,176.18099782301337,True,166.0882396666954,True,13.390870000235736,0.09618499968200922,112.76885200012475,23.16566599998623
2026_07_21_gym,flight_55,LOB,350,ok,True,22,21.0,155.35143993639392,199.09112251956225,True,174.64627666647235,True,13.461573999375105,0.10303700063377619,126.3229250004515,18.092073999345303
2026_07_21_gym,flight_55,LOB,400,ok,True,25,24.0,200.26392355395677,267.1413099920373,True,181.96201866834113,True,13.456055000424385,0.1108330013230443,130.9242969993502,20.804167000576854
2026_07_21_gym,flight_55,LOB,450,ok,True,28,26.999999999999996,207.17736333804106,271.6067428222296,True,190.8379636655251,True,13.48300000000745,0.11555599886924028,138.55794500000775,22.014795999974012
2026_07_21_gym,flight_55,LOB,490,ok,True,30,29.4,272.4783905927275,349.8123035807606,True,198.708610665674,True,13.630851998925209,0.1383330002427101,146.53338899929076,21.73937000054866
2026_07_21_gym,flight_55,LOB,500,ok,True,31,29.999999999999996,265.52465594803994,337.4817046989251,True,198.22501966791847,True,13.230167000554502,0.12359299976378679,146.16772199980915,22.036871001124382
2026_07_21_gym,flight_55,LOB,550,ok,True,34,33.0,177.37769575518678,228.54923484530852,True,205.39868666479984,True,13.474814998917282,0.13035199977457523,152.66651900019497,22.46033399924636
2026_07_21_gym,flight_55,LOB,600,ok,True,37,36.0,155.48374752595325,210.14323925294312,True,215.43166666633138,True,13.333666000515223,0.13674099929630756,168.34233400039375,16.952258999459445
2026_07_21_gym,flight_55,LOB,650,ok,True,40,39.0,142.3000810983407,194.4926366454825,True,212.57368466692665,True,13.546481000259519,0.14114799909293652,162.8055190006271,19.41387000028044
2026_07_21_gym,flight_55,LOB,700,ok,True,43,42.0,97.85129612394927,123.82052401997127,True,236.81366566537568,True,13.350610999390483,0.15692599955946207,186.93412899971008,19.705333000048995
2026_07_21_gym,flight_55,LOB,750,ok,True,46,45.0,120.9987237458676,168.73529217859846,True,243.45975866603354,True,13.829129999503493,0.15590699948370457,192.9722220003605,19.835833000019193
2026_07_21_gym,flight_55,LOB,800,ok,True,49,48.0,76.67311600654273,100.76339137670132,True,265.8662226671974,True,13.832555999979377,0.16129600070416927,215.22012999933213,19.985574000515044
2026_07_21_gym,flight_55,LOB,850,ok,True,52,50.99999999999999,63.83518728205464,84.28834941840091,True,260.6051666677619,True,13.414832999929786,0.16740700043737888,209.92314799968153,20.43311200104654
2026_07_21_gym,flight_55,LOB,900,ok,True,55,53.99999999999999,57.79055357132686,74.53449467312299,True,262.861869666415,True,13.262684999965131,0.1719439998269081,211.7785740001127,20.981999999843538
2026_07_21_gym,flight_55,LOB,950,ok,True,58,56.99999999999999,54.105644226379695,70.04984413560284,True,276.0011666665475,True,13.454537000507116,0.18064800091087818,224.57298199925572,21.12633299920708
2026_07_21_gym,flight_55,LOB,1000,ok,True,61,59.99999999999999,76.21121348970756,113.18011186831748,True,275.899499667498,True,13.693241000175476,0.18416700046509504,223.94368499983102,21.411740000359714
2026_07_21_gym,flight_55,LOB,1050,ok,True,62,62.99999999999999,76.21121348651687,113.18011186487811,True,281.9234086653839,True,13.46022200025618,0.18516699876636267,228.13194499909878,23.479408000595868
2026_07_21_gym,flight_55,LOB,1100,ok,True,65,66.0,59.44487712047457,106.83985950934589,True,286.03938966585946,True,13.133686000481248,0.19268499966710806,232.16333399992436,23.883017999120057
2026_07_21_gym,flight_55,LOB,1150,ok,True,68,69.0,57.16807604018425,73.44187971712907,True,294.95325966800254,True,13.663167000748217,0.2012780001387,240.07064799964428,24.351500000804663
2026_07_21_gym,flight_55,LOB,1200,ok,False,71,72.0,46.964474201616525,40.203834489709834,True,298.33036966683966,True,13.622980998829007,0.20433300081640482,252.06533300038427,15.77105600014329
2026_07_21_gym,flight_55,LOB,1250,ok,False,74,75.0,58.08926550368492,64.4213167247065,True,293.8111116650204,True,13.525073999539018,0.21036999952048063,247.6407779995352,15.768222999759018
2026_07_21_gym,flight_56,LOB,150,fit_failed,True,9,9.0,,,,,,,,,
2026_07_21_gym,flight_56,LOB,200,fit_failed,True,12,12.0,,,,,,,,,
2026_07_21_gym,flight_56,LOB,250,fit_failed,True,15,14.999999999999998,,,,,,,,,
2026_07_21_gym,flight_56,LOB,300,ok,True,18,18.0,561.652743125617,599.5798702251939,True,182.35340666646758,True,13.631628999486566,0.09651899989694357,127.69774099998176,24.26085100043565
2026_07_21_gym,flight_56,LOB,350,ok,True,20,21.0,558.4372234339114,459.9156280336868,True,177.70957366625467,True,13.318500000052154,0.0998520003631711,130.56253699958324,17.062017999589443
2026_07_21_gym,flight_56,LOB,400,ok,True,23,24.0,338.05543202453464,261.7809749884478,True,203.45103766738126,True,13.479741000570357,0.10699999984353781,151.37331499997526,21.82431500032544
2026_07_21_gym,flight_56,LOB,450,ok,True,26,26.999999999999996,350.6384076272299,273.1064060817056,True,203.84735166529813,True,13.632147999480367,0.11425899993628263,150.90137000009418,22.532907999120653
2026_07_21_gym,flight_56,LOB,490,ok,True,28,29.4,280.1086076086669,242.4777162447414,True,212.73888966782638,True,13.320278000086546,0.11874100100249052,159.7173889996484,22.9158150004223
2026_07_21_gym,flight_56,LOB,500,ok,True,29,29.999999999999996,284.1914792810153,245.2891484751908,True,220.89129766697684,True,13.452388999983668,0.12087099999189377,167.43661100044847,23.214759999886155
2026_07_21_gym,flight_56,LOB,550,ok,True,32,33.0,238.77067165019062,209.36700316714177,True,228.21157366844514,True,13.670426000840962,0.12692600023001432,174.1079069999978,23.639648000709713
2026_07_21_gym,flight_56,LOB,600,ok,True,35,36.0,219.32295089118847,221.39671953458986,True,239.83422166823098,True,13.422444000840187,0.13361100014299154,183.36292599979788,26.248574000783265
2026_07_21_gym,flight_56,LOB,650,ok,True,38,39.0,166.63186905884626,143.11900696462632,True,226.78455666700998,True,13.277073999866843,0.14016699977219105,178.26640800014138,18.434241000562906
2026_07_21_gym,flight_56,LOB,700,ok,True,41,42.0,148.57038831002373,148.24232684307026,True,247.80162966592857,True,13.528370000422,0.14490799885243177,196.39223999995738,21.0694450000301
2026_07_21_gym,flight_56,LOB,750,ok,True,44,45.0,136.11631345386056,133.03723129503592,True,252.80427766560265,True,13.556815000250936,0.15125899948179722,201.12498100008816,21.30455599911511
2026_07_21_gym,flight_56,LOB,800,ok,True,45,48.0,143.06857845626772,185.45157982033598,True,258.7055376653249,True,13.73838899936527,0.15427799988538027,206.85861099977046,21.287592999637127
2026_07_21_gym,flight_56,LOB,850,ok,True,47,50.99999999999999,140.1149598262232,130.16667815009075,True,263.78253666839254,True,13.938740000128746,0.1580930007621646,211.39983300026506,21.61920400056988
2026_07_21_gym,flight_56,LOB,900,ok,True,50,53.99999999999999,102.46795770268908,98.70646123782883,True,277.93657466738176,True,13.72072200011462,0.1635929998010397,225.48168500047177,21.903908000327647
2026_07_21_gym,flight_56,LOB,950,ok,True,53,56.99999999999999,119.0031118150953,147.5619159668976,True,285.43909266746294,True,13.83888900000602,0.170223000459373,232.46901799924672,22.29429600108415
2026_07_21_gym,flight_56,LOB,1000,ok,True,56,59.99999999999999,88.36124636464382,125.8013735654055,True,288.2884436675037,True,13.675629001110792,0.17572200018912554,235.35251899901778,22.417907000519335
2026_07_21_gym,flight_56,LOB,1050,ok,True,59,62.99999999999999,57.10096611706459,57.04834307346823,True,305.6738886671762,True,13.562593000009656,0.18149999994784594,249.55937000084668,25.703758999705315
2026_07_21_gym,flight_56,LOB,1100,ok,True,61,66.0,47.747614526260165,45.94719705533205,True,303.8593706690396,True,13.408444000408053,0.18622200097888708,248.55316700041294,25.04487100057304
2026_07_21_gym,flight_56,LOB,1150,ok,True,64,69.0,30.262577158994468,26.083592883761387,True,314.5136296662192,True,13.691536999307573,0.1905929995700717,258.5698699997738,25.394963000901043
2026_07_21_gym,flight_56,LOB,1200,ok,True,67,72.0,35.57377962147916,90.78332773157294,True,319.47446266623837,True,13.429778000339866,0.1988149993121624,263.041685000062,26.137517999857664
2026_07_21_gym,flight_56,LOB,1250,ok,True,70,75.0,55.9857964172115,102.70800957963826,True,320.6522766655932,True,13.421573999337852,0.2052589999511838,264.58309200033545,25.77568499930203
2026_07_21_gym,flight_57,LOB,150,fit_failed,True,8,9.0,,,,,,,,,
2026_07_21_gym,flight_57,LOB,200,fit_failed,True,11,12.0,,,,,,,,,
2026_07_21_gym,flight_57,LOB,250,fit_failed,True,14,14.999999999999998,,,,,,,,,
2026_07_21_gym,flight_57,LOB,300,ok,True,17,18.0,141.23163377697776,121.16658566734027,True,168.91811166672656,True,13.291500000283122,0.0932040000334382,115.91911099944264,22.947630000300705
2026_07_21_gym,flight_57,LOB,350,ok,True,20,21.0,210.8837551138037,235.72538517858362,True,187.80785166627416,True,13.502332999370992,0.09879700001329184,131.76816700026393,25.77188799995929
2026_07_21_gym,flight_57,LOB,400,ok,True,23,24.0,131.41940522923971,161.93035690763148,True,185.58098066660264,True,13.401444000191987,0.1060180002823472,134.79583299998194,20.61101899947971
2026_07_21_gym,flight_57,LOB,450,ok,True,26,26.999999999999996,15.180965976208494,43.535217344132334,True,195.44197966686139,True,13.409776999615133,0.1118330005556345,143.79909199941903,21.454611000604928
2026_07_21_gym,flight_57,LOB,490,ok,True,28,29.4,57.01012689122578,72.53213764125323,True,205.23613066567728,True,13.198481999337673,0.11522199958562851,153.50327800028026,21.75248199980706
2026_07_21_gym,flight_57,LOB,500,ok,True,29,29.999999999999996,111.3152807329312,121.0629932731703,True,202.28846266741553,True,13.04568500071764,0.12840699963271618,150.4683149997145,21.979389000684023
2026_07_21_gym,flight_57,LOB,550,ok,True,32,33.0,22.153124877034024,29.21594948962067,True,214.7688886669154,True,13.512648000381887,0.12518499977886677,161.96664800029248,22.497740999795496
2026_07_21_gym,flight_57,LOB,600,ok,True,35,36.0,47.741647493636,55.73395900704534,True,230.46137066713223,True,13.202704000286758,0.1310189999639988,174.1322780000046,26.328703000210226
2026_07_21_gym,flight_57,LOB,650,ok,True,38,39.0,30.659778662494794,35.51601057995361,True,219.94209166864553,True,13.374704000540078,0.13655500020831823,171.08011100068688,18.684055000543594
2026_07_21_gym,flight_57,LOB,700,ok,True,41,42.0,20.1013334051616,21.93502554590709,True,243.48638866624484,True,13.797666000202298,0.14231499936431646,192.89485199935734,19.98488900065422
2026_07_21_gym,flight_57,LOB,750,ok,True,44,45.0,17.645275816778543,16.06178116774134,True,242.80503666742393,True,13.309481999836862,0.15025900024920702,192.67625900078565,20.00236999988556
2026_07_21_gym,flight_57,LOB,800,ok,True,47,48.0,1.2773437181326834,5.347382520534052,True,249.05264666738609,True,13.532128999941051,0.15651800017803907,197.62355600018054,21.073777000419796
2026_07_21_gym,flight_57,LOB,850,ok,True,50,50.99999999999999,44.98664403404276,39.52499316899778,True,269.5878516683976,True,13.584870000369847,0.16307400073856115,218.54025900084525,20.632981999777257
2026_07_21_gym,flight_57,LOB,900,ok,True,53,53.99999999999999,27.747597338513042,27.975513370468853,True,268.88972166428965,True,13.181870999746025,0.17688799928873777,218.08303699921817,20.78125899937004
2026_07_21_gym,flight_57,LOB,950,ok,True,56,56.99999999999999,20.375453981628482,14.719278458038692,True,280.7717606655012,True,13.489834000356495,0.1740929987281561,229.21796299982816,21.22320399992168
2026_07_21_gym,flight_57,LOB,1000,ok,True,59,59.99999999999999,49.55054453876103,37.57202251814326,True,278.7391846670459,True,13.313850999809802,0.1781860003247857,227.19264800008386,21.387833000160754
2026_07_21_gym,flight_57,LOB,1050,ok,True,62,62.99999999999999,32.08968705386337,33.97500501661321,True,293.1500186646978,True,13.294518999755383,0.18774099927395582,239.23077700007707,23.770314998924732
2026_07_21_gym,flight_57,LOB,1100,ok,True,65,66.0,18.11459280177375,18.694619479372317,True,288.7764256667967,True,13.58181400038302,0.1908519994467497,234.36227800045162,23.974814999848604
2026_07_21_gym,flight_57,LOB,1150,ok,True,68,69.0,23.51916773730613,32.69849236884194,True,303.06490666760754,True,13.64981499966234,0.19698200095444918,248.27444399893284,24.276999001391232
2026_07_21_gym,flight_57,LOB,1200,ok,True,71,72.0,30.81133462511385,55.84555010548199,True,305.45974066636217,True,13.483388999477029,0.203685000538826,250.58925899956375,24.51674100011587
2026_07_21_gym,flight_57,LOB,1250,ok,True,74,75.0,22.2955028701387,35.939779804279176,True,302.61031566529226,True,13.520000000484288,0.21040699910372496,246.55233399942517,25.66090799961239
2026_07_21_gym,flight_58,LOB,150,fit_failed,True,9,9.0,,,,,,,,,
2026_07_21_gym,flight_58,LOB,200,fit_failed,True,12,12.0,,,,,,,,,
2026_07_21_gym,flight_58,LOB,250,ok,True,14,14.999999999999998,245.24648954191832,311.93390438850605,True,155.24329766693214,True,13.394056000746787,0.08768499922007322,103.83783399965614,21.25705600064248
2026_07_21_gym,flight_58,LOB,300,ok,True,17,18.0,499.788759645703,407.99246981920777,True,167.69099966498712,True,13.654721999540925,0.0929439989849925,114.61455599963665,22.662111000157893
2026_07_21_gym,flight_58,LOB,350,ok,True,20,21.0,283.6155197946827,237.9609096559698,True,177.57036966613182,True,13.40383299998939,0.0994070004671812,123.37575999926776,24.02470299974084
2026_07_21_gym,flight_58,LOB,400,ok,True,22,24.0,231.89171489991554,196.0847266887157,True,185.87299866663912,True,13.594870001077652,0.10399999935179949,136.68996199965477,18.81749999988824
2026_07_21_gym,flight_58,LOB,450,ok,True,24,26.999999999999996,120.19504545571047,115.23348447312522,True,195.85749966433892,True,13.514980998821557,0.10690699983388186,144.5175559995696,21.051388999447227
2026_07_21_gym,flight_58,LOB,490,ok,True,26,29.4,54.96885928735751,76.6861059613889,True,193.80035266621658,True,13.601834000088274,0.112185999751091,141.3345179995522,22.08514800015837
2026_07_21_gym,flight_58,LOB,500,ok,True,27,29.999999999999996,204.3175588994131,208.16637830301093,True,199.2883506665627,True,13.857406998984516,0.11448100116103888,146.50977799948305,22.140018000267446
2026_07_21_gym,flight_58,LOB,550,ok,True,30,33.0,58.61989874210207,72.63930177891123,True,211.2836106667916,True,13.504944999702275,0.11994399968534708,158.90272200107574,22.089332999661565
2026_07_21_gym,flight_58,LOB,600,ok,True,33,36.0,106.8032591644777,109.72139036849258,True,232.57922266672054,True,13.627704000100493,0.1262779999524355,171.0786849996075,31.07988900039345
2026_07_21_gym,flight_58,LOB,650,ok,True,36,39.0,90.46809269814082,97.03837897374356,True,227.90468366506198,True,13.140018000267446,0.16066600009799004,173.03942599892616,24.897906999103725
2026_07_21_gym,flight_58,LOB,700,ok,True,39,42.0,117.27318799514163,112.12438463102083,True,233.39505366577455,True,13.706350999884307,0.14049999974668026,184.76264799945056,18.118888000026345
2026_07_21_gym,flight_58,LOB,750,ok,True,42,45.0,120.07892014079127,112.45359414627644,True,242.17588666609177,True,13.379851000383496,0.14422199968248606,192.25344399921596,19.73170300014317
2026_07_21_gym,flight_58,LOB,800,ok,True,45,48.0,137.34015319798348,129.98362787018303,True,251.75557266703495,True,13.461110999807715,0.1516290009021759,201.5104809999466,19.96568499971181
2026_07_21_gym,flight_58,LOB,850,ok,True,48,50.99999999999999,110.15089111706286,105.0139544459539,True,251.26707366729775,True,13.58546300046146,0.15642599947750568,200.69681499991566,20.16170300077647
2026_07_21_gym,flight_58,LOB,900,ok,True,51,53.99999999999999,114.22834105045932,106.24471509988246,True,260.53213066669804,True,13.460536999627948,0.1625930005684495,208.84522200003266,21.39711199980229
2026_07_21_gym,flight_58,LOB,950,ok,True,54,56.99999999999999,104.34656077489718,99.58081905781589,True,269.22777866727364,True,13.74294500052929,0.17063000053167343,217.63240699935704,21.015130000188947
2026_07_21_gym,flight_58,LOB,1000,ok,True,57,59.99999999999999,114.62849375269948,107.58781516670156,True,278.07051866749924,True,13.359462999738753,0.1763519998639822,226.69850000087172,21.169537000358105
2026_07_21_gym,flight_58,LOB,1050,ok,True,60,62.99999999999999,81.40727979285134,93.35182839872361,True,285.5362226680542,True,13.720482000149786,0.1824629995971918,230.89062900003046,24.0759820016101
2026_07_21_gym,flight_58,LOB,1100,ok,True,63,66.0,63.20725587853243,75.81166170581683,True,292.1365536671753,True,13.516574000008404,0.1865550009533763,237.6057399995625,24.161017999984324
2026_07_21_gym,flight_58,LOB,1150,ok,True,66,69.0,42.53549983300455,38.091594696858685,True,289.3966846658538,True,13.753797000274062,0.1951659992337227,234.28868499957025,24.492370000109076
2026_07_21_gym,flight_58,LOB,1200,ok,True,69,72.0,17.647239216035718,15.584623563043904,True,302.12029566864175,True,13.541574001312256,0.19998100027441978,246.94970299955457,24.76237100083381
2026_07_21_gym,flight_58,LOB,1250,ok,True,72,75.0,34.136299983880214,43.86804825764227,True,301.4608716654281,True,13.653574999421835,0.20587100088596344,246.04318499937654,24.89157399907708
2026_07_21_gym,flight_59,LOB,150,fit_failed,True,9,9.0,,,,,,,,,
2026_07_21_gym,flight_59,LOB,200,ok,True,12,12.0,962.4301548211916,921.8441685413027,True,156.60196166640768,True,13.602850999683142,0.08235100004822016,100.30537000019103,25.944722999818623
2026_07_21_gym,flight_59,LOB,250,ok,True,15,14.999999999999998,1061.2441684405944,1011.1841244695634,True,186.45662866688022,True,13.608647999353707,0.090574000030756,125.50116600096226,30.589573999866843
2026_07_21_gym,flight_59,LOB,300,ok,True,18,18.0,695.6001432373197,621.3515026553059,True,170.36549966565022,True,13.493610999546945,0.09848199971020222,115.52312900032848,24.583610999397933
2026_07_21_gym,flight_59,LOB,350,ok,True,20,21.0,638.4334726680305,562.3685977628946,True,176.51399966577688,True,13.548722000792623,0.1014439994469285,120.57418499980122,25.622981999069452
2026_07_21_gym,flight_59,LOB,400,ok,True,23,24.0,484.5045625477581,452.1730610462392,True,190.25253766557822,True,13.517537000589073,0.10748100001364946,131.38151899911463,28.579333999194205
2026_07_21_gym,flight_59,LOB,450,ok,True,26,26.999999999999996,458.9646063886135,452.53672449454064,True,187.2108896660308,True,13.479667000472546,0.11231499910354614,135.87122199963778,21.081019000150263
2026_07_21_gym,flight_59,LOB,490,ok,True,28,29.4,419.48323540731235,406.2254788843778,True,193.24227866685638,True,13.53629600070417,0.11749999970197678,139.40148200001568,23.5203339997679
2026_07_21_gym,flight_59,LOB,500,ok,True,29,29.999999999999996,578.5903476460985,566.0546128916186,True,198.54929666842023,True,13.496611000038683,0.1196490004658699,144.60661100037396,23.659759000875056
2026_07_21_gym,flight_59,LOB,550,ok,True,32,33.0,635.0222353185308,623.3768169161942,True,216.96818466732898,True,13.623463000170887,0.12509199976921082,162.21535200066864,24.337611000053585
2026_07_21_gym,flight_59,LOB,600,ok,True,35,36.0,649.8354624505463,614.7306872562791,True,226.60814766554782,True,13.416962999850512,0.13162900041788816,171.45312999933958,24.93975899927318
2026_07_21_gym,flight_59,LOB,650,ok,True,38,39.0,70.58056217892121,67.4232835198205,True,222.0106846668447,True,13.366352000273764,0.13761099986732006,163.88574100006372,27.954313999973238
2026_07_21_gym,flight_59,LOB,700,ok,True,41,42.0,182.3699299552582,199.7872196237315,True,233.15735166488835,True,13.534444999881089,0.14392599929124117,175.43862899951637,27.373684999532998
2026_07_21_gym,flight_59,LOB,750,ok,True,44,45.0,185.60065680758387,193.5359518493438,True,242.57146366654584,True,13.295295999385417,0.15063000097870827,184.5898889992386,27.868982000276446
2026_07_21_gym,flight_59,LOB,800,ok,True,47,48.0,190.68649100134607,194.80530975545295,True,242.15612966629365,True,13.161536999978125,0.15651800017803907,189.98451899923384,22.186889000236988
2026_07_21_gym,flight_59,LOB,850,ok,True,49,50.99999999999999,188.8772629392177,187.19120241082084,True,245.0464436650897,True,13.535740999504924,0.16181499976664782,193.00457299966365,21.677647999487817
2026_07_21_gym,flight_59,LOB,900,ok,True,50,53.99999999999999,182.85505867453526,187.0119704979068,True,256.09820266782,True,13.411611000075936,0.1626850003376603,203.8299619993195,22.0272780014202
2026_07_21_gym,flight_59,LOB,950,ok,True,53,56.99999999999999,162.42375321875608,170.17240455946737,True,262.2066676678757,True,13.460351999849081,0.16909300070255995,209.62162999995053,22.28892600070685
2026_07_21_gym,flight_59,LOB,1000,ok,True,56,59.99999999999999,134.44812069434835,133.6187653220244,True,274.29888866624486,True,13.508092999458313,0.1747409999370575,220.5330919995904,23.41629600059241
2026_07_21_gym,flight_59,LOB,1050,ok,True,59,62.99999999999999,125.3072285606633,119.96853965147831,True,295.0432776656623,True,13.359722000546753,0.17985199950635433,240.87224099971354,23.964795999228954
2026_07_21_gym,flight_59,LOB,1100,ok,True,61,66.0,89.74000503189716,87.7923772185212,True,290.49538866678876,True,13.115036999806762,0.18346300069242716,234.33896300010383,26.19125899951905
2026_07_21_gym,flight_59,LOB,1150,ok,True,64,69.0,98.69467008092238,100.7737900509101,True,310.6845006650935,True,13.44083399977535,0.18940799962729216,254.66748099960387,25.720110999420285
2026_07_21_gym,flight_59,LOB,1200,ok,True,67,72.0,61.119811613469196,49.86481136594308,True,306.61557366574806,True,13.700184999033809,0.1969629991799593,249.02625900041312,27.025500000454485
2026_07_21_gym,flight_59,LOB,1250,ok,True,70,75.0,33.42105196985287,42.31700448794896,True,321.5243146677191,True,13.650371000170708,0.20399999991059303,263.7795370006934,27.223740000277758
2026_07_21_gym,flight_6,FLAT,150,ok,True,10,9.0,180.26337570018816,387.0859317517375,True,116.6038886687408,True,13.843278001062572,0.04394400026649237,72.56938900053501,13.480611000210047
2026_07_21_gym,flight_6,FLAT,200,ok,True,13,12.0,245.96697591594602,434.209170843367,True,129.7839826658989,True,13.67922299914062,0.08635200001299381,88.25863000005484,11.093111000023782
2026_07_21_gym,flight_6,FLAT,250,ok,True,16,14.999999999999998,171.42776681385084,305.33211075599587,True,135.22488966739425,True,13.473833999596536,0.08920400030910969,92.61683300044388,12.378352000378072
2026_07_21_gym,flight_6,FLAT,300,ok,True,19,18.0,164.5791177455378,292.4920675452369,True,140.8359076657022,True,13.088555999100208,0.096518000587821,102.5492409998551,8.434925999492407
2026_07_21_gym,flight_6,FLAT,350,ok,True,22,21.0,77.27714866679173,133.78793453061357,True,154.6311846661071,True,13.614906999282539,0.1045559998601675,113.39805500023067,10.847000000067055
2026_07_21_gym,flight_6,FLAT,400,ok,True,25,24.0,12.105135906673583,24.753774103144966,True,159.01594466498742,True,13.315370999276638,0.11186999920755625,117.68201899901032,11.24001800082624
2026_07_21_gym,flight_6,FLAT,450,ok,True,28,26.999999999999996,29.045365613695754,37.725969423020786,True,167.39870366609344,True,13.94972199946642,0.11520399991422892,125.14083299972117,11.526278000324965
2026_07_21_gym,flight_6,FLAT,490,ok,True,30,29.4,25.83282474491256,30.87503920609613,True,175.3533516662816,True,13.96783300023526,0.11961099971085787,132.85038900002837,11.748851999640465
2026_07_21_gym,flight_6,FLAT,500,ok,True,31,29.999999999999996,19.640004729730478,38.1594744226561,True,178.07011066718647,True,13.520315000787377,0.12183300033211708,135.997980998829,11.76331500057131
2026_07_21_gym,flight_6,FLAT,550,ok,True,34,33.0,6.558109860014655,21.267333595445162,True,186.35512966724733,True,13.47892600018531,0.12911100033670664,143.98379599954933,12.096630000509322
2026_07_21_gym,flight_6,FLAT,600,ok,False,37,36.0,10.717925276986916,8.700744862158126,True,189.5172226668025,True,13.21248200070113,0.13546300027519464,151.74981500022113,7.752795998938382
2026_07_21_gym,flight_6,FLAT,650,ok,False,40,39.0,20.04941045759851,20.151232638447347,True,194.12194466652969,True,13.400241000577807,0.14024099987000227,154.95072199963033,8.964073999784887
2026_07_21_gym,flight_6,FLAT,700,ok,False,41,42.0,13.304119331010147,33.14564244891907,True,201.71803666806468,True,13.455370000563562,0.1429820004850626,162.3740739999339,9.078944000415504
2026_07_21_gym,flight_6,FLAT,750,ok,False,41,45.0,13.304119331010147,33.14564244891907,True,200.79498166653016,True,13.455370000563562,0.14283399935811758,161.42329599987715,9.106815000064671
2026_07_21_gym,flight_6,FLAT,800,ok,False,41,48.0,13.304119331010147,33.14564244891907,True,201.33914766988406,True,13.455370000563562,0.14203700050711632,162.03801900148392,9.037055000662804
2026_07_21_gym,flight_6,FLAT,850,ok,False,41,50.99999999999999,13.304119331010147,33.14564244891907,True,201.81398066754141,True,13.455370000563562,0.15285199973732233,162.45518499985337,9.083907000720501
2026_07_21_gym,flight_6,FLAT,900,ok,False,41,53.99999999999999,13.304119331010147,33.14564244891907,True,201.8801656688253,True,13.455370000563562,0.14175899978727102,162.58279600087553,9.033574000932276
2026_07_21_gym,flight_6,FLAT,950,ok,False,41,56.99999999999999,13.304119331010147,33.14564244891907,True,201.3984986670936,True,13.455370000563562,0.1430000001564622,161.9930549999699,9.140406999737024
2026_07_21_gym,flight_6,FLAT,1000,ok,False,41,59.99999999999999,13.304119331010147,33.14564244891907,True,201.78290666795024,True,13.455370000563562,0.14279599953442812,162.38972200080752,9.128352000378072
2026_07_21_gym,flight_6,FLAT,1050,ok,False,41,62.99999999999999,13.304119331010147,33.14564244891907,True,201.81050066712,True,13.455370000563562,0.1434819996356964,162.46601899992675,9.078963000327349
2026_07_21_gym,flight_6,FLAT,1100,ok,False,41,66.0,13.304119331010147,33.14564244891907,True,201.34885066902885,True,13.455370000563562,0.14305500034242868,162.04755500145257,9.036204000003636
2026_07_21_gym,flight_6,FLAT,1150,ok,False,41,69.0,13.304119331010147,33.14564244891907,True,200.93103566827872,True,13.455370000563562,0.14472199976444244,161.56359199993312,9.10068500135094
2026_07_21_gym,flight_6,FLAT,1200,ok,False,41,72.0,13.304119331010147,33.14564244891907,True,201.91627766533443,True,13.455370000563562,0.14309299923479557,162.53581499960274,9.115332999266684
2026_07_21_gym,flight_6,FLAT,1250,ok,False,41,75.0,13.304119331010147,33.14564244891907,True,201.75548066819707,True,13.455370000563562,0.14477699995040894,162.39300000015646,9.095667000859976
2026_07_21_gym,flight_61,FLAT,150,ok,True,10,9.0,155.73565675166782,310.53687211894356,True,116.75627766611676,True,13.42503699939698,0.04437000025063753,73.35551899950951,13.264685000292957
2026_07_21_gym,flight_61,FLAT,200,ok,True,13,12.0,36.509426719151946,217.2391696096693,True,133.23526066883156,True,13.17703700158745,0.08390800002962351,92.28163000009954,11.026019000448287
2026_07_21_gym,flight_61,FLAT,250,ok,True,16,14.999999999999998,124.54085614431602,250.00087374913952,True,139.993444665956,True,13.495907999575138,0.09022199921309948,96.84390700049698,12.896741000004113
2026_07_21_gym,flight_61,FLAT,300,ok,True,19,18.0,7.236664277692824,179.33278882144728,True,182.67444566699365,True,13.372407999821007,0.09587100055068731,139.3008890002966,13.238610999658704
2026_07_21_gym,flight_61,FLAT,350,ok,True,22,21.0,59.89399392359138,124.9952532920398,True,161.61664766694108,True,13.584074000827968,0.1041480004787445,120.75794399995357,10.50381499901414
2026_07_21_gym,flight_61,FLAT,400,ok,True,25,24.0,59.89393474600956,124.99510458107918,True,168.2449636661137,True,13.41601900011301,0.10975900012999773,126.13781499955803,11.914703999646008
2026_07_21_gym,flight_61,FLAT,450,ok,True,28,26.999999999999996,63.59456386982716,108.33453879463937,True,167.24687066643187,True,13.101518999785185,0.11574000027030706,125.20742599945515,12.155519000254571
2026_07_21_gym,flight_61,FLAT,490,ok,True,30,29.4,72.99909723636874,124.93162941810289,True,175.25679666517922,True,13.711352000012994,0.12096299976110458,132.52935199905187,12.228462999686599
2026_07_21_gym,flight_61,FLAT,500,ok,True,31,29.999999999999996,37.974623236249734,73.50479145672293,True,176.60155466633537,True,13.32277699932456,0.12303699925541878,134.05987100023776,12.429203000850976
2026_07_21_gym,flight_61,FLAT,550,ok,True,34,33.0,16.1726208780123,33.90779335922798,True,188.0474246662731,True,13.38118499983102,0.13975900039076805,145.1012959992513,12.758518000133336
2026_07_21_gym,flight_61,FLAT,600,ok,True,37,36.0,20.114658361254214,35.23781952977085,True,190.64690766731897,True,13.554573999717832,0.135648000985384,147.5562039995566,12.733815000392497
2026_07_21_gym,flight_61,FLAT,650,ok,False,40,39.0,22.752829827511874,42.96087648579949,True,191.39422166595855,True,13.968277999199927,0.14233299996703863,150.17970400024205,10.437239999882877
2026_07_21_gym,flight_61,FLAT,700,ok,False,41,42.0,67.25203965065329,133.35103464566797,True,200.79024166675904,True,13.561425999738276,0.14677799958735704,160.78279700037092,9.632574000395834
2026_07_21_gym,flight_61,FLAT,750,ok,False,41,45.0,67.25203965065329,133.35103464566797,True,201.41009266736606,True,13.561425999738276,0.14479599986225367,161.2793340003118,9.75787000078708
2026_07_21_gym,flight_61,FLAT,800,ok,False,41,48.0,67.25203965065329,133.35103464566797,True,201.93564966662476,True,13.561425999738276,0.1472410000860691,161.88694499991834,9.673371000215411
2026_07_21_gym,flight_61,FLAT,850,ok,False,41,50.99999999999999,67.25203965065329,133.35103464566797,True,201.48568566764393,True,13.561425999738276,0.1448890008032322,161.53914800006896,9.573556000366807
2026_07_21_gym,flight_61,FLAT,900,ok,False,41,53.99999999999999,67.25203965065329,133.35103464566797,True,200.78662966533253,True,13.561425999738276,0.14550000056624413,160.71549999900162,9.697536999359727
2026_07_21_gym,flight_61,FLAT,950,ok,False,41,56.99999999999999,67.25203965065329,133.35103464566797,True,201.64392666860172,True,13.561425999738276,0.1440190002322197,161.6406850013882,9.631130000576377
2026_07_21_gym,flight_61,FLAT,1000,ok,False,41,59.99999999999999,67.25203965065329,133.35103464566797,True,201.33405566836396,True,13.561425999738276,0.14683400094509125,161.30868500005454,9.650444000959396
2026_07_21_gym,flight_61,FLAT,1050,ok,False,41,62.99999999999999,67.25203965065329,133.35103464566797,True,201.92529566554973,True,13.561425999738276,0.14498099964112043,161.87403699941933,9.67818500008434
2026_07_21_gym,flight_61,FLAT,1100,ok,False,41,66.0,67.25203965065329,133.35103464566797,True,200.86144366456816,True,13.561425999738276,0.14686999842524529,160.83533299993724,9.651147999800742
2026_07_21_gym,flight_61,FLAT,1150,ok,False,41,69.0,67.25203965065329,133.35103464566797,True,201.39335266749063,True,13.561425999738276,0.14487100020051003,161.3791110003367,9.641278000548482
2026_07_21_gym,flight_61,FLAT,1200,ok,False,41,72.0,67.25203965065329,133.35103464566797,True,201.9819076663504,True,13.561425999738276,0.14625999983400106,161.94785199966282,9.659703000448644
2026_07_21_gym,flight_61,FLAT,1250,ok,False,41,75.0,67.25203965065329,133.35103464566797,True,201.40844366854677,True,13.561425999738276,0.1438330002129078,161.43177700042725,9.60474100150168
2026_07_21_gym,flight_62,FLAT,150,ok,True,10,9.0,112.16439755693519,275.90294116552536,True,120.12805466695379,True,13.253425999544561,0.04448099993169308,77.12979600019753,13.033685000613332
2026_07_21_gym,flight_62,FLAT,200,ok,True,13,12.0,92.56318330562496,222.78931300246344,True,124.02440666562568,True,13.29766699951142,0.08272199984639883,83.04527699947357,10.932074000127614
2026_07_21_gym,flight_62,FLAT,250,ok,True,16,14.999999999999998,83.66120406547277,203.37461667910884,True,138.88370366736004,True,13.242499999701977,0.0901850014925003,96.53575899917632,12.34859300032258
2026_07_21_gym,flight_62,FLAT,300,ok,True,19,18.0,136.1112977852287,284.6750739015397,True,141.81733466840038,True,13.182945000007749,0.09766700025647879,102.1657970007509,9.704259000718594
2026_07_21_gym,flight_62,FLAT,350,ok,True,22,21.0,134.40726088696283,284.7414053886611,True,155.83555566674718,True,13.379889000207186,0.10285199992358685,114.6902040001005,10.99594399984926
2026_07_21_gym,flight_62,FLAT,400,ok,True,25,24.0,23.137845337600965,100.07568539230843,True,169.47720266661295,True,13.046091999858618,0.10974099952727556,127.42975900042802,12.224944000132382
2026_07_21_gym,flight_62,FLAT,450,ok,True,28,26.999999999999996,33.30043489938732,128.40966654539235,True,184.04473966608444,True,13.424647999927402,0.11648199893534184,141.35481400042772,12.482129000127316
2026_07_21_gym,flight_62,FLAT,490,ok,True,30,29.4,38.75388244376335,116.85408089622672,True,185.21700066669533,True,13.645591999404132,0.12190800067037344,142.25381499994546,12.529019000008702
2026_07_21_gym,flight_62,FLAT,500,ok,True,31,29.999999999999996,54.78358363677389,141.9103872639277,True,189.2700016691039,True,13.54355600103736,0.12207400053739548,146.4134080009535,12.524296999908984
2026_07_21_gym,flight_62,FLAT,550,ok,True,34,33.0,22.583268855565024,139.9923374981029,True,186.6459996641303,True,13.305054999887943,0.12962999939918518,144.45133399870247,12.093313999474049
2026_07_21_gym,flight_62,FLAT,600,ok,False,37,36.0,30.971074082669677,72.62262506457462,True,194.97692566613355,True,13.516815000213683,0.13662999961525202,154.99042499996722,9.666388999670744
2026_07_21_gym,flight_62,FLAT,650,ok,False,39,39.0,50.73367161753308,126.13915395622938,True,197.72251866633692,True,13.577777999453247,0.14153699949383736,158.14398100040853,9.192556000314653
2026_07_21_gym,flight_62,FLAT,700,ok,False,41,42.0,51.26092802410223,114.0486590827468,True,222.29064866683134,True,13.255610999651253,0.14355599973350763,182.3843890009448,9.840425999835134
2026_07_21_gym,flight_62,FLAT,750,ok,False,43,45.0,14.443043621762776,90.18346178839268,True,215.49324066812792,True,13.402221999131143,0.14850000105798244,173.984148000367,11.291704000905156
2026_07_21_gym,flight_62,FLAT,800,ok,False,43,48.0,14.443043621762776,90.18346178839268,True,214.8329816662396,True,13.402221999131143,0.16346300020813942,174.21681500039995,10.383814999833703
2026_07_21_gym,flight_62,FLAT,850,ok,False,43,50.99999999999999,14.443043621762776,90.18346178839268,True,215.3887966653953,True,13.402221999131143,0.1476669991388917,174.7604630002752,10.411778000183403
2026_07_21_gym,flight_62,FLAT,900,ok,False,43,53.99999999999999,14.443043621762776,90.18346178839268,True,215.21003866723427,True,13.402221999131143,0.1522409999743104,174.62364900112152,10.36526000034064
2026_07_21_gym,flight_62,FLAT,950,ok,False,43,56.99999999999999,14.443043621762776,90.18346178839268,True,215.33064766569683,True,13.402221999131143,0.14863000065088272,174.825110998936,10.28801800031215
2026_07_21_gym,flight_62,FLAT,1000,ok,False,43,59.99999999999999,14.443043621762776,90.18346178839268,True,245.1566306647534,True,13.402221999131143,0.14751899987459183,204.54696299880743,10.393260000273585
2026_07_21_gym,flight_62,FLAT,1050,ok,False,43,62.99999999999999,14.443043621762776,90.18346178839268,True,215.72188766362765,True,13.402221999131143,0.15136999916285276,175.0874999994412,10.414128999225795
2026_07_21_gym,flight_62,FLAT,1100,ok,False,43,66.0,14.443043621762776,90.18346178839268,True,215.74081366571286,True,13.402221999131143,0.14825899992138147,175.1432400001213,10.380425999872386
2026_07_21_gym,flight_62,FLAT,1150,ok,False,43,69.0,14.443043621762776,90.18346178839268,True,215.28972166466215,True,13.402221999131143,0.14779600035399199,174.77416599914432,10.298870999366045
2026_07_21_gym,flight_62,FLAT,1200,ok,False,43,72.0,14.443043621762776,90.18346178839268,True,214.30459166473398,True,13.402221999131143,0.14798100013285875,173.6979259988293,10.389795999974012
2026_07_21_gym,flight_62,FLAT,1250,ok,False,43,75.0,14.443043621762776,90.18346178839268,True,215.19635166569302,True,13.402221999131143,0.14909299928694963,174.6249440005049,10.353426000103354
2026_07_21_gym,flight_63,FLAT,150,ok,True,9,9.0,362.1135703565231,640.2755736190238,True,116.99479666600625,True,13.16183300036937,0.04190799966454506,73.56061099935323,13.563777999952435
2026_07_21_gym,flight_63,FLAT,200,ok,True,12,12.0,239.30461442192458,441.02515302352924,True,130.1839436671386,True,13.43651800043881,0.08164799958467484,88.86237000022084,11.13674100022763
2026_07_21_gym,flight_63,FLAT,250,ok,True,15,14.999999999999998,118.47497829843324,251.62489947880496,True,144.27448166596392,True,13.064647999592125,0.08879599999636412,100.61088899988681,13.843481999821961
2026_07_21_gym,flight_63,FLAT,300,ok,True,18,18.0,65.12467864548627,192.11419098996603,True,157.32844366660962,True,13.72057400085032,0.09420299995690584,113.47505599912256,13.371944000013173
2026_07_21_gym,flight_63,FLAT,350,ok,True,21,21.0,124.51573904896817,262.13609518387256,True,174.21059166515866,True,13.397518999874592,0.10320299956947565,133.5737219993025,10.469480999745429
2026_07_21_gym,flight_63,FLAT,400,ok,True,24,24.0,125.63730407357646,254.59790964060826,True,167.52877866725126,True,13.212185001000762,0.10759299900382757,125.71183400042355,11.830500000156462
2026_07_21_gym,flight_63,FLAT,450,ok,True,27,26.999999999999996,125.63730433547087,254.59791038674157,True,162.48642566582808,True,13.244129000231624,0.11316700000315905,120.27583299949765,12.186629999428988
2026_07_21_gym,flight_63,FLAT,490,ok,True,28,29.4,48.425502224208664,108.39082199923848,True,174.44564766592035,True,13.25664799939841,0.1148519990965724,132.24822200089693,12.159258999861777
2026_07_21_gym,flight_63,FLAT,500,ok,True,29,29.999999999999996,47.35750378876651,104.50609421964505,True,174.2275916651512,True,13.067573999986053,0.11812999937683344,131.8548879995942,12.520332999527454
2026_07_21_gym,flight_63,FLAT,550,ok,True,31,33.0,28.71009413324955,70.8936093397664,True,186.84368566672006,True,13.149277999997139,0.1223520003259182,144.15114799980074,12.754240999929607
2026_07_21_gym,flight_63,FLAT,600,ok,True,34,36.0,13.385068557486042,43.38885290410859,True,194.6787586674715,True,13.544944000430405,0.13044499978423119,151.21570300031453,13.121000000275671
2026_07_21_gym,flight_63,FLAT,650,ok,False,37,39.0,4.60057611627882,18.350110671427128,True,199.5574826678882,True,13.257759000174701,0.13557500019669533,159.89098200015724,9.606500000692904
2026_07_21_gym,flight_63,FLAT,700,ok,False,40,42.0,4.417807609486601,29.009996555132542,True,192.98940866688886,True,13.935055999085307,0.14394500013440847,152.6064080009237,9.637333000078797
2026_07_21_gym,flight_63,FLAT,750,ok,False,40,45.0,4.417807609486601,29.009996555132542,True,193.9009256667147,True,13.935055999085307,0.14294399973005056,153.4874810008332,9.66877800039947
2026_07_21_gym,flight_63,FLAT,800,ok,False,40,48.0,4.417807609486601,29.009996555132542,True,193.4625746651242,True,13.935055999085307,0.14259199984371662,153.0479259993881,9.670334000140429
2026_07_21_gym,flight_63,FLAT,850,ok,False,40,50.99999999999999,4.417807609486601,29.009996555132542,True,193.57348166468242,True,13.935055999085307,0.1427589999511838,153.22911099903286,9.599888999946415
2026_07_21_gym,flight_63,FLAT,900,ok,False,40,53.99999999999999,4.417807609486601,29.009996555132542,True,193.2074256647999,True,13.935055999085307,0.1433139992877841,152.79636999964714,9.66601900011301
2026_07_21_gym,flight_63,FLAT,950,ok,False,40,56.99999999999999,4.417807609486601,29.009996555132542,True,194.02983366480717,True,13.935055999085307,0.14262999966740608,153.61694400012493,9.66853699926287
2026_07_21_gym,flight_63,FLAT,1000,ok,False,40,59.99999999999999,4.417807609486601,29.009996555132542,True,193.8885376645873,True,13.935055999085307,0.14355599973350763,153.4288149997592,9.71444399934262
2026_07_21_gym,flight_63,FLAT,1050,ok,False,40,62.99999999999999,4.417807609486601,29.009996555132542,True,193.47787166542062,True,13.935055999085307,0.14285199996083975,153.05170399975032,9.681592999957502
2026_07_21_gym,flight_63,FLAT,1100,ok,False,40,66.0,4.417807609486601,29.009996555132542,True,193.06637066571662,True,13.935055999085307,0.14372199960052967,152.6800739997998,9.640852000564337
2026_07_21_gym,flight_63,FLAT,1150,ok,False,40,69.0,4.417807609486601,29.009996555132542,True,194.0190196658174,True,13.935055999085307,0.14266700018197298,153.60096300020814,9.673666999675333
2026_07_21_gym,flight_63,FLAT,1200,ok,False,40,72.0,4.417807609486601,29.009996555132542,True,193.66266666694233,True,13.935055999085307,0.1425000000745058,153.23353700060397,9.684907000511885
2026_07_21_gym,flight_63,FLAT,1250,ok,False,40,75.0,4.417807609486601,29.009996555132542,True,193.97896266604462,True,13.935055999085307,0.14437000080943108,153.59155599959195,9.641313999891281
2026_07_21_gym,flight_64,FLAT,150,ok,True,10,9.0,143.53589493828377,296.66254621695276,True,116.95475966731708,True,13.426278000697494,0.06592500023543835,73.35472299996763,13.44116699974984
2026_07_21_gym,flight_64,FLAT,200,ok,True,13,12.0,157.01797119232018,316.2209893458483,True,128.88892566474775,True,13.426684999838471,0.0855549992993474,87.27144499961287,11.438573999330401
2026_07_21_gym,flight_64,FLAT,250,ok,True,16,14.999999999999998,263.7468368126131,488.4035428987181,False,138.80733366558948,True,13.367573999799788,0.09094499982893467,95.57466599997133,13.107481999322772
2026_07_21_gym,flight_64,FLAT,300,ok,True,19,18.0,180.14694622898597,355.04281799039563,True,145.60074066619077,True,13.134480999782681,0.09638899937272072,102.01642599981278,13.686778000555933
2026_07_21_gym,flight_64,FLAT,350,ok,True,22,21.0,93.11354499015927,207.82453877025273,True,154.7005916663135,True,13.263240000233054,0.10392599925398827,114.0045919995755,10.662167000584304
2026_07_21_gym,flight_64,FLAT,400,ok,True,25,24.0,93.11349566683135,207.82444061866113,True,163.35983366674432,True,12.94314800016582,0.1080369995906949,121.42024100013077,12.221741000190377
2026_07_21_gym,flight_64,FLAT,450,ok,True,28,26.999999999999996,30.881357599280342,120.60118943156048,True,176.11975966549167,True,13.706759000197053,0.11525999940931797,133.30396299995482,12.327110999263823
2026_07_21_gym,flight_64,FLAT,490,ok,True,30,29.4,31.37811309179534,98.29292224650551,True,184.06096366575608,True,13.210518999956548,0.11862999945878983,141.40135199949145,12.663796000182629
2026_07_21_gym,flight_64,FLAT,500,ok,True,31,29.999999999999996,28.324273225254814,100.00972868163119,True,183.64738866562644,True,13.664037000387907,0.12112999986857176,140.52920299954712,12.666351999156177
2026_07_21_gym,flight_64,FLAT,550,ok,True,34,33.0,86.9804098519715,142.6100768132016,True,188.25672066553184,True,13.544202999211848,0.12918500043451786,144.24051799904555,13.67614800017327
2026_07_21_gym,flight_64,FLAT,600,ok,True,37,36.0,76.57816863968847,122.42363433782666,True,198.1466846667851,True,13.650518000125885,0.1350190006196499,154.49888799898326,13.195593000389636
2026_07_21_gym,flight_64,FLAT,650,ok,False,40,39.0,24.4509751732583,31.751965407769642,True,194.337776667128,True,13.17890700045973,0.14103700034320354,154.69716599956155,9.654000000096858
2026_07_21_gym,flight_64,FLAT,700,ok,False,43,42.0,19.050821814173528,32.63580612469622,True,213.36461066703,True,13.367961999960244,0.14575900044292212,173.30131500028074,9.882907999679446
2026_07_21_gym,flight_64,FLAT,750,ok,False,46,45.0,75.37431813671834,131.09970820371979,True,211.12588966699937,True,13.10338900052011,0.1538519999012351,171.42103700060397,9.780944999307394
2026_07_21_gym,flight_64,FLAT,800,ok,False,48,48.0,21.923207059647357,33.38734323569137,True,217.13561066581556,True,13.213092000223696,0.15840800013393164,177.000351998955,10.097091999836266
2026_07_21_gym,flight_64,FLAT,850,ok,False,48,50.99999999999999,21.923207059647357,33.38734323569137,True,218.43134966834137,True,13.213092000223696,0.1586850006133318,178.30335099995136,10.089555000886321
2026_07_21_gym,flight_64,FLAT,900,ok,False,48,53.99999999999999,21.923207059647357,33.38734323569137,True,217.38098066641638,True,13.213092000223696,0.15803700033575296,177.28436999954283,10.058814999647439
2026_07_21_gym,flight_64,FLAT,950,ok,False,48,56.99999999999999,21.923207059647357,33.38734323569137,True,218.26640566873053,True,13.213092000223696,0.15748100075870752,178.20181400049478,10.027352000586689
2026_07_21_gym,flight_64,FLAT,1000,ok,False,48,59.99999999999999,21.923207059647357,33.38734323569137,True,217.12127666703114,True,13.213092000223696,0.1586850006133318,177.00859200023115,10.074240999296308
2026_07_21_gym,flight_64,FLAT,1050,ok,False,48,62.99999999999999,21.923207059647357,33.38734323569137,True,224.34135166803995,True,13.213092000223696,0.15866700001060963,184.22798100020736,10.07494500093162
2026_07_21_gym,flight_64,FLAT,1100,ok,False,48,66.0,21.923207059647357,33.38734323569137,True,218.05818466717997,True,13.213092000223696,0.1576110003516078,177.9577959999442,10.063018999993801
2026_07_21_gym,flight_64,FLAT,1150,ok,False,48,69.0,21.923207059647357,33.38734323569137,True,217.6356656687955,True,13.213092000223696,0.1584810009226203,177.58314800076187,10.014278000220656
2026_07_21_gym,flight_64,FLAT,1200,ok,False,48,72.0,21.923207059647357,33.38734323569137,True,217.20070166668543,True,13.213092000223696,0.15785100031644106,177.0593149997294,10.103776999749243
2026_07_21_gym,flight_64,FLAT,1250,ok,False,48,75.0,21.923207059647357,33.38734323569137,True,218.2768336671094,True,13.213092000223696,0.15842599980533123,178.15238900016993,10.086260000243783
2026_07_21_gym,flight_65,FLAT,150,ok,True,10,9.0,341.868129905117,604.6739992768088,True,117.69825966532032,True,13.481445000506938,0.044036999344825745,73.91575899906456,13.590351999737322
2026_07_21_gym,flight_65,FLAT,200,ok,True,13,12.0,168.51025490108645,359.1541224192938,True,129.1812786652396,True,13.441407999955118,0.08592599909752607,87.90825899969786,11.079018999822438
2026_07_21_gym,flight_65,FLAT,250,ok,True,16,14.999999999999998,233.08360462365823,445.6767449054447,True,135.693369665804,True,13.291869999840856,0.10203699953854084,91.77746299933642,13.855333000421524
2026_07_21_gym,flight_65,FLAT,300,ok,True,19,18.0,263.87190653713907,478.19847581197837,True,144.48661166771004,True,13.23481500055641,0.09894500020891428,101.06187000032514,13.424314999952912
2026_07_21_gym,flight_65,FLAT,350,ok,True,22,21.0,196.62506921464643,373.76346707812297,True,150.42674066654095,True,13.425555000081658,0.10492600034922361,109.72570399940014,10.503889000043273
2026_07_21_gym,flight_65,FLAT,400,ok,True,25,24.0,44.24926056087861,96.11644613550123,True,158.34981366681555,True,13.448833000846207,0.11040700040757656,117.42783299926668,10.696073999628425
2026_07_21_gym,flight_65,FLAT,450,ok,True,28,26.999999999999996,33.59865267012392,107.5911545638433,True,167.44761066666493,True,13.423128999769688,0.11527800001204014,124.99222200084478,12.250314999371767
2026_07_21_gym,flight_65,FLAT,490,ok,True,30,29.4,77.39095089821647,159.2131556772346,True,174.15411266653487,True,13.313203999772668,0.12303700018674135,131.8318340005353,12.219370999373496
2026_07_21_gym,flight_65,FLAT,500,ok,True,30,29.999999999999996,77.39095089821647,159.2131556772346,True,174.70148266727725,True,13.313203999772668,0.12200000043958426,132.37714899983257,12.222463000565767
2026_07_21_gym,flight_65,FLAT,550,ok,True,33,33.0,52.651217091229114,63.029539588246166,True,187.32914866848537,True,13.32542600017041,0.1295190006494522,144.31396300066262,12.89357400033623
2026_07_21_gym,flight_65,FLAT,600,ok,True,36,36.0,29.00427126874861,97.70732919423013,True,189.48400066855052,True,13.392889000475407,0.13435200043022633,146.4917780002579,12.798315000720322
2026_07_21_gym,flight_65,FLAT,650,ok,True,39,39.0,35.58031441000412,32.4944262111972,True,202.4762036676208,True,13.23033400066197,0.14183299988508224,159.18400000035763,13.253370000049472
2026_07_21_gym,flight_65,FLAT,700,ok,False,42,42.0,0.8963125373268858,43.05547113178177,True,198.06266766662398,True,13.31005600001663,0.14740699995309114,158.26659299992025,9.671945000067353
2026_07_21_gym,flight_65,FLAT,750,ok,False,43,45.0,53.68529418208556,105.87560449819608,True,207.58781466508904,True,13.49490699917078,0.15088899992406368,167.41157399956137,9.863777999766171
2026_07_21_gym,flight_65,FLAT,800,ok,False,43,48.0,53.68529418208556,105.87560449819608,True,207.60492566569397,True,13.49490699917078,0.14942599926143885,167.45703699998558,9.836889000609517
2026_07_21_gym,flight_65,FLAT,850,ok,False,43,50.99999999999999,53.68529418208556,105.87560449819608,True,207.86427666588375,True,13.49490699917078,0.16118499916046858,166.85161100048572,10.689907000400126
2026_07_21_gym,flight_65,FLAT,900,ok,False,43,53.99999999999999,53.68529418208556,105.87560449819608,True,206.7575356668482,True,13.49490699917078,0.14979600068181753,166.57299999985844,9.873166000470519
2026_07_21_gym,flight_65,FLAT,950,ok,False,43,56.99999999999999,53.68529418208556,105.87560449819608,True,207.62625866631666,True,13.49490699917078,0.15050000045448542,167.4544630004093,9.85972199961543
2026_07_21_gym,flight_65,FLAT,1000,ok,False,43,59.99999999999999,53.68529418208556,105.87560449819608,True,207.55348166512945,True,13.49490699917078,0.14900000020861626,167.3675739997998,9.875333999283612
2026_07_21_gym,flight_65,FLAT,1050,ok,False,43,62.99999999999999,53.68529418208556,105.87560449819608,True,207.94509266658375,True,13.49490699917078,0.15109300054609776,167.8204629998654,9.8119630003348
2026_07_21_gym,flight_65,FLAT,1100,ok,False,43,66.0,53.68529418208556,105.87560449819608,True,207.0550376639391,True,13.49490699917078,0.15090799890458584,166.87172199971974,9.870833999477327
2026_07_21_gym,flight_65,FLAT,1150,ok,False,43,69.0,53.68529418208556,105.87560449819608,True,207.62068566555777,True,13.49490699917078,0.1592220002785325,167.4287970000878,9.871092999354005
2026_07_21_gym,flight_65,FLAT,1200,ok,False,43,72.0,53.68529418208556,105.87560449819608,True,207.3671106674398,True,13.49490699917078,0.15001900028437376,167.21200000029057,9.843518001027405
2026_07_21_gym,flight_65,FLAT,1250,ok,False,43,75.0,53.68529418208556,105.87560449819608,True,207.35475766441473,True,13.49490699917078,0.15031399950385094,167.1965369991958,9.846332999877632
2026_07_21_gym,flight_66,FLAT,150,ok,True,10,9.0,235.54295319391477,396.6260224874904,True,107.20262866529326,True,13.055184999480844,0.043777999468147755,64.87477699946612,12.562222000211477
2026_07_21_gym,flight_66,FLAT,200,ok,True,13,12.0,122.54256869839315,223.01910666196534,True,129.39016466556737,True,13.262480999343097,0.08198100049048662,88.93459199927747,10.444443999789655
2026_07_21_gym,flight_66,FLAT,250,ok,True,16,14.999999999999998,78.57941426823504,163.9232805269084,True,134.02018466840187,True,12.983870000578463,0.08968499954789877,92.24629600066692,12.033667000941932
2026_07_21_gym,flight_66,FLAT,300,ok,True,19,18.0,68.26888437527474,144.66846439018195,True,143.23027766651163,True,13.440000000409782,0.09533299971371889,103.55659199971706,9.47168600000441
2026_07_21_gym,flight_66,FLAT,350,ok,True,22,21.0,50.49953255783706,108.58350078271862,True,153.17407466626415,True,13.713778000324965,0.1029820004478097,111.9830369995907,10.70761099923402
2026_07_21_gym,flight_66,FLAT,400,ok,True,25,24.0,42.178565777414114,84.5566119941442,True,158.62359066555896,True,12.780776998959482,0.10986999981105328,117.9697399996221,11.096537000499666
2026_07_21_gym,flight_66,FLAT,450,ok,True,28,26.999999999999996,20.80014067661722,40.976583956927584,True,167.02900066661337,True,13.391073998995125,0.11648200079798698,125.40920399967581,11.44557400047779
2026_07_21_gym,flight_66,FLAT,490,ok,True,30,29.4,59.41265992879211,103.96795065157794,True,174.1515726648892,True,13.212240999564528,0.12077699974179268,132.72686999943107,11.425017999485135
2026_07_21_gym,flight_66,FLAT,500,ok,True,31,29.999999999999996,25.96924843103692,45.19427835515963,True,175.2094636686767,True,13.574184999801219,0.12279700115323067,133.14385200012475,11.701963000930846
2026_07_21_gym,flight_66,FLAT,550,ok,True,34,33.0,39.19714997814081,91.73194969676408,True,185.43664666792998,True,13.325814000330865,0.12861100025475025,143.44544399995357,11.870111000724137
2026_07_21_gym,flight_66,FLAT,600,ok,False,36,36.0,55.82253457101831,131.08147432891687,True,183.60074166456857,True,13.855666999705136,0.1343709984794259,145.22859300021082,7.715443999506533
2026_07_21_gym,flight_66,FLAT,650,ok,False,36,39.0,55.82253457101831,131.08147432891687,True,183.90374066649625,True,13.855666999705136,0.14288899954408407,145.5432959999889,7.695222000591457
2026_07_21_gym,flight_66,FLAT,700,ok,False,36,42.0,55.82253457101831,131.08147432891687,True,183.35124066627273,True,13.855666999705136,0.13709300104528666,145.04651799891144,7.64529599994421
2026_07_21_gym,flight_66,FLAT,750,ok,False,36,45.0,55.82253457101831,131.08147432891687,True,182.79875966596106,True,13.855666999705136,0.13390700053423643,144.3897779993713,7.752740999683738
2026_07_21_gym,flight_66,FLAT,800,ok,False,36,48.0,55.82253457101831,131.08147432891687,True,183.5816106662775,True,13.855666999705136,0.13368500024080276,145.20703699998558,7.718554999679327
2026_07_21_gym,flight_66,FLAT,850,ok,False,36,50.99999999999999,55.82253457101831,131.08147432891687,True,183.114796666118,True,13.855666999705136,0.13544399943202734,144.75692600011826,7.7000930001959205
2026_07_21_gym,flight_66,FLAT,900,ok,False,36,53.99999999999999,55.82253457101831,131.08147432891687,True,183.3470546665291,True,13.855666999705136,0.13227699976414442,145.00109199993312,7.691352000460029
2026_07_21_gym,flight_66,FLAT,950,ok,False,36,56.99999999999999,55.82253457101831,131.08147432891687,True,183.0300746668751,True,13.855666999705136,0.13377800025045872,144.63548200018704,7.7384810000658035
2026_07_21_gym,flight_66,FLAT,1000,ok,False,36,59.99999999999999,55.82253457101831,131.08147432891687,True,183.2516496653358,True,13.855666999705136,0.1349449995905161,144.8871299996972,7.707240999676287
2026_07_21_gym,flight_66,FLAT,1050,ok,False,36,62.99999999999999,55.82253457101831,131.08147432891687,True,183.2534446666638,True,13.855666999705136,0.13414800073951483,144.9137779995799,7.683184999972582
2026_07_21_gym,flight_66,FLAT,1100,ok,False,36,66.0,55.82253457101831,131.08147432891687,True,183.09144366687784,True,13.855666999705136,0.13498099986463785,144.7908330000937,7.643296000547707
2026_07_21_gym,flight_66,FLAT,1150,ok,False,36,69.0,55.82253457101831,131.08147432891687,True,182.58405666581044,True,13.855666999705136,0.1344999996945262,144.19455599971116,7.732667000032961
2026_07_21_gym,flight_66,FLAT,1200,ok,False,36,72.0,55.82253457101831,131.08147432891687,True,183.38727866640934,True,13.855666999705136,0.14049999974668026,145.01242600008845,7.712019000202417
2026_07_21_gym,flight_66,FLAT,1250,ok,False,36,75.0,55.82253457101831,131.08147432891687,True,183.18798166668662,True,13.855666999705136,0.13329599983990192,144.82612999994308,7.706222000531852
2026_07_21_gym,flight_68,FLAT,150,ok,True,10,9.0,126.58375151622643,244.5404571975524,True,119.57890666710834,True,13.644776999950409,0.0462030004709959,74.96916699968278,14.252093000337481
2026_07_21_gym,flight_68,FLAT,200,ok,True,13,12.0,112.55794761095088,200.37740657446673,True,128.01179666506746,True,13.266870999708772,0.08922299928963184,87.1908329995349,10.798202999867499
2026_07_21_gym,flight_68,FLAT,250,ok,True,16,14.999999999999998,128.66331508224246,209.47686722073738,True,140.07220266635218,True,13.0900560002774,0.09409199934452772,96.16524000000209,14.056148000061512
2026_07_21_gym,flight_68,FLAT,300,ok,True,19,18.0,78.42555066973998,154.69207520168115,True,148.03885166502246,True,13.748036999255419,0.09968500025570393,103.18920399993658,14.335258998908103
2026_07_21_gym,flight_68,FLAT,350,ok,True,22,21.0,88.18148998545752,170.1391017619716,True,153.54403466700265,True,13.062406999990344,0.1068510003387928,113.64848100021482,10.05962899979204
2026_07_21_gym,flight_68,FLAT,400,ok,True,25,24.0,66.26335580372195,131.23213313982794,True,168.38073966527978,True,13.580795999616385,0.1119820000603795,126.37416599970311,11.647128999233246
2026_07_21_gym,flight_68,FLAT,450,ok,True,28,26.999999999999996,60.665821511025094,119.10223875661498,True,175.38627766786763,True,13.075944000855088,0.117573999799788,132.35618500038981,13.169908000156283
2026_07_21_gym,flight_68,FLAT,490,ok,True,30,29.4,55.814355714408954,115.93203483105525,True,187.15472266698876,True,13.258649000898004,0.12075900007039309,143.8144079996273,13.294239999726415
2026_07_21_gym,flight_68,FLAT,500,ok,True,31,29.999999999999996,52.32249598241725,106.04508626027615,True,188.76816666747132,True,13.334665999747813,0.1239630002528429,145.09890800062567,13.543963000178337
2026_07_21_gym,flight_68,FLAT,550,ok,True,34,33.0,68.94333545524412,118.38683600438628,True,194.2769076672072,True,13.12718499917537,0.12974100094288588,150.83925899956375,13.514056000858545
2026_07_21_gym,flight_68,FLAT,600,ok,True,37,36.0,72.14139194871132,122.47001959887632,True,203.23840766741583,True,13.17864799965173,0.1355560002848506,159.29146299976856,13.966074001044035
2026_07_21_gym,flight_68,FLAT,650,ok,True,40,39.0,50.17194120977492,70.44221644759851,True,206.18322166769454,True,13.576129999943078,0.14190699998289347,161.40950000006706,14.389018001034856
2026_07_21_gym,flight_68,FLAT,700,ok,False,43,42.0,9.729180588757453,21.45286893975503,True,214.45759366607913,True,13.57148199994117,0.14868499897420406,174.85381500050426,9.216944999992847
2026_07_21_gym,flight_68,FLAT,750,ok,False,46,45.0,10.03347576641387,15.597148478202001,True,215.92133266540864,True,13.342314000241458,0.15411099884659052,174.9778519999236,10.780388999730349
2026_07_21_gym,flight_68,FLAT,800,ok,False,47,48.0,6.118556931407092,11.169808384424202,True,220.57757266672948,True,13.143276998773217,0.15846300031989813,179.87433299981058,10.734833001159132
2026_07_21_gym,flight_68,FLAT,850,ok,False,49,50.99999999999999,21.639341440096164,24.237325634412098,True,221.97579566823939,True,13.148888999596238,0.16200000047683716,181.25290700048208,10.74533300101757
2026_07_21_gym,flight_68,FLAT,900,ok,False,49,53.99999999999999,21.639341440096164,24.237325634412098,True,222.326000667798,True,13.148888999596238,0.17116700019687414,181.56966700032353,10.76961100101471
2026_07_21_gym,flight_68,FLAT,950,ok,False,49,56.99999999999999,21.639341440096164,24.237325634412098,True,221.78874166558185,True,13.148888999596238,0.16325999982655048,181.11133299954236,10.698592999950051
2026_07_21_gym,flight_68,FLAT,1000,ok,False,49,59.99999999999999,21.639341440096164,24.237325634412098,True,221.89714866659293,True,13.148888999596238,0.16248199995607138,181.11409199982882,10.805019000545144
2026_07_21_gym,flight_68,FLAT,1050,ok,False,49,62.99999999999999,21.639341440096164,24.237325634412098,True,222.28007366663465,True,13.148888999596238,0.16120299976319075,181.55268500000238,10.75063000060618
2026_07_21_gym,flight_68,FLAT,1100,ok,False,49,66.0,21.639341440096164,24.237325634412098,True,221.9522406651328,True,13.148888999596238,0.16311100032180548,181.2762589994818,10.697314999066293
2026_07_21_gym,flight_68,FLAT,1150,ok,False,49,69.0,21.639341440096164,24.237325634412098,True,222.138907666939,True,13.148888999596238,0.16129700001329184,181.42368500027806,10.738370000384748
2026_07_21_gym,flight_68,FLAT,1200,ok,False,49,72.0,21.639341440096164,24.237325634412098,True,221.42562966576466,True,13.148888999596238,0.16283299960196018,180.68961100000888,10.757629999890924
2026_07_21_gym,flight_68,FLAT,1250,ok,False,49,75.0,21.639341440096164,24.237325634412098,True,222.52105566641936,True,13.148888999596238,0.16207400057464838,181.77290700003505,10.770518999546766
2026_07_21_gym,flight_69,FLAT,150,ok,True,10,9.0,90.5600748358158,146.6401205499846,True,119.30799966740112,True,13.321111000142992,0.044722000136971474,75.65322200022638,13.622278000228107
2026_07_21_gym,flight_69,FLAT,200,ok,True,13,12.0,99.0955306753496,211.45772984756596,True,129.51755466653654,True,13.505517999641597,0.08551899995654821,87.7397400001064,11.520111000165343
2026_07_21_gym,flight_69,FLAT,250,ok,True,16,14.999999999999998,257.2608256917576,456.6077555026171,True,139.70659266753742,True,13.45594400074333,0.09177799988538027,96.42807400040329,13.06412999983877
2026_07_21_gym,flight_69,FLAT,300,ok,True,19,18.0,347.03258963057056,608.0041418338036,True,144.83090766581395,True,13.301259999163449,0.09762999974191189,101.08446300029755,13.680887999944389
2026_07_21_gym,flight_69,FLAT,350,ok,True,22,21.0,185.12556834567624,323.7254706785119,True,156.03681466790536,True,13.54325900040567,0.10979600064456463,114.9204450007528,10.796647999435663
2026_07_21_gym,flight_69,FLAT,400,ok,True,25,24.0,155.82356303485398,264.3875697536684,True,168.6180556664864,True,13.375815000385046,0.1090930001810193,126.26953699905425,12.196944000199437
2026_07_21_gym,flight_69,FLAT,450,ok,True,28,26.999999999999996,146.80834743724554,248.99921003750916,True,175.72609066652754,True,13.603610999882221,0.1157590001821518,132.89581399969757,12.444240000098944
2026_07_21_gym,flight_69,FLAT,490,ok,True,30,29.4,148.11242303436677,263.5520180478366,True,195.38516566778222,True,13.534222000278533,0.11983300000429153,143.3895000005141,21.674944000318646
2026_07_21_gym,flight_69,FLAT,500,ok,True,31,29.999999999999996,41.29660418187628,76.56320948519935,True,213.05149866702655,True,13.326444000937045,0.45098100043833256,169.99572199955583,12.61168499942869
2026_07_21_gym,flight_69,FLAT,550,ok,True,33,33.0,39.467792975744885,71.48996456229052,True,191.67972266642997,True,13.623647999949753,0.12711199931800365,148.40000000037253,12.862296000123024
2026_07_21_gym,flight_69,FLAT,600,ok,True,36,36.0,28.831656015608214,51.456420728794654,True,195.09011166604856,True,13.35524099972099,0.13953700009733438,151.6686669997871,13.259999999776483
2026_07_21_gym,flight_69,FLAT,650,ok,False,39,39.0,21.290900028546886,40.28564250597379,True,207.91359066652754,True,13.528277000412345,0.14049999881535769,166.89783299993724,10.680314000695944
2026_07_21_gym,flight_69,FLAT,700,ok,False,42,42.0,33.011591128024904,62.91964149467604,True,207.4382406665633,True,13.383592000231147,0.14800000004470348,167.35814799927175,9.881834000349045
2026_07_21_gym,flight_69,FLAT,750,ok,False,45,45.0,22.30942308579807,41.178498076294545,True,211.519868666927,True,13.175185000523925,0.15427699964493513,171.68516600038856,9.83857399970293
2026_07_21_gym,flight_69,FLAT,800,ok,False,48,48.0,40.39783970678443,86.50220296587871,True,216.36772166627148,True,13.426054999232292,0.16031499952077866,174.8531110007316,11.261574000120163
2026_07_21_gym,flight_69,FLAT,850,ok,False,49,50.99999999999999,4.219955306334042,9.252447795786974,True,232.81209166782597,True,13.250963000580668,0.15994399972259998,191.53394400049,11.200574000366032
2026_07_21_gym,flight_69,FLAT,900,ok,False,49,53.99999999999999,4.219955306334042,9.252447795786974,True,232.3517396679769,True,13.250963000580668,0.15988900046795607,190.8939809994772,11.380240000784397
2026_07_21_gym,flight_69,FLAT,950,ok,False,49,56.99999999999999,4.219955306334042,9.252447795786974,True,232.9346106663967,True,13.250963000580668,0.16333300061523914,191.58622199948877,11.267425999045372
2026_07_21_gym,flight_69,FLAT,1000,ok,False,49,59.99999999999999,4.219955306334042,9.252447795786974,True,232.6894996666039,True,13.250963000580668,0.1615190003067255,191.36427699960768,11.24607399944216
2026_07_21_gym,flight_69,FLAT,1050,ok,False,49,62.99999999999999,4.219955306334042,9.252447795786974,True,232.67225766802827,True,13.250963000580668,0.16070299968123436,191.34881400037557,11.245111000724137
2026_07_21_gym,flight_69,FLAT,1100,ok,False,49,66.0,4.219955306334042,9.252447795786974,True,232.79455566840866,True,13.250963000580668,0.16075900103896856,191.498944000341,11.21722299978137
2026_07_21_gym,flight_69,FLAT,1150,ok,False,49,69.0,4.219955306334042,9.252447795786974,True,232.12729666630426,True,13.250963000580668,0.16142599936574697,190.81588899996132,11.232351999729872
2026_07_21_gym,flight_69,FLAT,1200,ok,False,49,72.0,4.219955306334042,9.252447795786974,True,233.01838866683343,True,13.250963000580668,0.1625189995393157,191.64246300049126,11.295776999555528
2026_07_21_gym,flight_69,FLAT,1250,ok,False,49,75.0,4.219955306334042,9.252447795786974,True,232.7522596657897,True,13.250963000580668,0.16146299988031387,191.4168889997527,11.256277998909354
2026_07_21_gym,flight_70,FLAT,150,ok,True,10,9.0,396.0674541356842,828.4377088340285,True,127.44546566500019,True,13.16937099955976,0.044981999322772026,83.91575999930501,13.648686000145972
2026_07_21_gym,flight_70,FLAT,200,ok,True,13,12.0,215.89245570456376,485.71130776422535,True,128.79133166807392,True,13.319092000834644,0.08464800007641315,88.1556850001216,10.565240000374615
2026_07_21_gym,flight_70,FLAT,250,ok,True,16,14.999999999999998,76.8407248260533,222.98679534817285,True,138.381573666508,True,13.559185001067817,0.08996299933642149,95.70822199992836,12.357536999508739
2026_07_21_gym,flight_70,FLAT,300,ok,True,19,18.0,69.2266728650672,179.9979551632974,True,142.17809266472855,True,13.699869999662042,0.09561099950224161,101.96594499982893,9.749999999068677
2026_07_21_gym,flight_70,FLAT,350,ok,True,22,21.0,53.34367010615146,150.1129481289054,True,154.57903666856387,True,13.207702999934554,0.10231500118970871,114.79481500014663,9.807537000626326
2026_07_21_gym,flight_70,FLAT,400,ok,True,25,24.0,30.477365604978047,115.0561473320608,True,162.0108526662613,True,13.788203999400139,0.10764800012111664,120.30594499967992,11.14238900039345
2026_07_21_gym,flight_70,FLAT,450,ok,True,28,26.999999999999996,43.81827577998502,144.70378801588814,True,173.52885366572687,True,13.628722999244928,0.11283400002866983,130.68568499945104,12.434945000335574
2026_07_21_gym,flight_70,FLAT,490,ok,True,30,29.4,21.43485323408115,67.50374531597008,True,179.19800066730627,True,13.514871000312269,0.12048100028187037,137.13696299958974,11.759019000455737
2026_07_21_gym,flight_70,FLAT,500,ok,True,31,29.999999999999996,20.554403201957015,86.37171800361709,True,183.59870366534838,True,13.323334000073373,0.12262899987399578,141.57999999914318,11.906073999591172
2026_07_21_gym,flight_70,FLAT,550,ok,True,34,33.0,29.1625490159077,58.789333870117005,True,187.17888766589263,True,13.374499999918044,0.12912900000810623,144.95001799985766,12.05857399944216
2026_07_21_gym,flight_70,FLAT,600,ok,False,37,36.0,24.68079709882883,42.62812475520745,True,189.69175866773972,True,13.220129000023007,0.13572200015187263,150.74338900018483,8.925852000713348
2026_07_21_gym,flight_70,FLAT,650,ok,False,40,39.0,28.260910834950803,44.71572012191173,True,192.77205466634283,True,13.556037000380456,0.14212899934500456,153.41825900040567,8.988962999545038
2026_07_21_gym,flight_70,FLAT,700,ok,False,41,42.0,49.2435980617126,92.74172589657239,True,201.9899076676617,True,13.523778000846505,0.15353700052946806,162.64075899962336,9.005166999995708
2026_07_21_gym,flight_70,FLAT,750,ok,False,41,45.0,49.2435980617126,92.74172589657239,True,201.42861166751632,True,13.523778000846505,0.14427800010889769,162.11588899977505,8.97800000011921
2026_07_21_gym,flight_70,FLAT,800,ok,False,41,48.0,49.2435980617126,92.74172589657239,True,201.77083366612592,True,13.523778000846505,0.14359199907630682,162.456388999708,8.980407999828458
2026_07_21_gym,flight_70,FLAT,850,ok,False,41,50.99999999999999,49.2435980617126,92.74172589657239,True,200.93803666594127,True,13.523778000846505,0.14361099898815155,161.62525899987668,8.978721999563277
2026_07_21_gym,flight_70,FLAT,900,ok,False,41,53.99999999999999,49.2435980617126,92.74172589657239,True,201.83170366721848,True,13.523778000846505,0.1437780000269413,162.4336660001427,9.06381499953568
2026_07_21_gym,flight_70,FLAT,950,ok,False,41,56.99999999999999,49.2435980617126,92.74172589657239,True,201.88029666772732,True,13.523778000846505,0.14213000051677227,162.54670299962163,9.001019000075758
2026_07_21_gym,flight_70,FLAT,1000,ok,False,41,59.99999999999999,49.2435980617126,92.74172589657239,True,201.772370668749,True,13.523778000846505,0.14511100016534328,162.47524099983275,8.96157400123775
2026_07_21_gym,flight_70,FLAT,1050,ok,False,41,62.99999999999999,49.2435980617126,92.74172589657239,True,201.2238336658726,True,13.523778000846505,0.14485199935734272,161.89279599953443,8.995740999467671
2026_07_21_gym,flight_70,FLAT,1100,ok,False,41,66.0,49.2435980617126,92.74172589657239,True,201.80268566931287,True,13.523778000846505,0.14392600115388632,162.49438900034875,8.97392600029707
2026_07_21_gym,flight_70,FLAT,1150,ok,False,41,69.0,49.2435980617126,92.74172589657239,True,201.3189446662242,True,13.523778000846505,0.14574099984019995,162.0102219991386,8.972536999732256
2026_07_21_gym,flight_70,FLAT,1200,ok,False,41,72.0,49.2435980617126,92.74172589657239,True,201.5636856664593,True,13.523778000846505,0.1434450000524521,162.2851659990847,8.944629999808967
2026_07_21_gym,flight_70,FLAT,1250,ok,False,41,75.0,49.2435980617126,92.74172589657239,True,200.99120366821685,True,13.523778000846505,0.1440740004181862,161.61266600061208,9.044018999673426
2026_07_21_gym,flight_72,FLAT,150,fit_failed,True,9,9.0,,,,,,,,,
2026_07_21_gym,flight_72,FLAT,200,ok,True,12,12.0,262.97698786911076,423.38386039346926,True,129.74425966727236,True,13.074593000113964,0.08292599953711033,88.78577800095081,11.134296000003815
2026_07_21_gym,flight_72,FLAT,250,ok,True,15,14.999999999999998,54.979424858311525,137.32952704258585,True,157.26911066720882,True,13.361962999217212,0.0914070000872016,114.14675900060683,13.002315000630915
2026_07_21_gym,flight_72,FLAT,300,ok,True,18,18.0,118.86596182729525,293.2848023031098,True,152.79405566739538,True,13.410463000647724,0.09640699997544289,109.35625999979675,13.264259000308812
2026_07_21_gym,flight_72,FLAT,350,ok,True,21,21.0,137.26251569964634,323.5654639494561,True,164.43838766651848,True,13.799944000318646,0.10272200033068657,123.40905500017107,10.459999999031425
2026_07_21_gym,flight_72,FLAT,400,ok,True,24,24.0,37.98046864822989,116.66117695114231,True,160.2348696651558,True,13.157129999250174,0.10905499942600727,118.46001799963415,11.842000000178814
2026_07_21_gym,flight_72,FLAT,450,ok,True,27,26.999999999999996,105.72269645428938,270.9840349192735,True,166.89083466740945,True,13.433129999786615,0.11331500019878149,124.46124100033194,12.216482000425458
2026_07_21_gym,flight_72,FLAT,490,ok,True,29,29.4,39.926285241528056,129.98731073208756,True,171.7837756673495,True,13.289629000239074,0.11825899966061115,129.33466600067914,12.37455500010401
2026_07_21_gym,flight_72,FLAT,500,ok,True,30,29.999999999999996,70.65164045331481,121.59529938579502,True,177.2952416675786,True,13.205963000655174,0.11813000030815601,134.9590929998085,12.34538900014013
2026_07_21_gym,flight_72,FLAT,550,ok,True,33,33.0,20.945274398446987,64.99143821192288,True,190.049128667141,True,13.684036999940872,0.12872200086712837,146.84625899977982,12.723443999886513
2026_07_21_gym,flight_72,FLAT,600,ok,True,36,36.0,33.85190351882321,42.54674816836618,True,193.01024066625783,True,13.476943999528885,0.13342600036412477,149.91349999979138,12.819703999906778
2026_07_21_gym,flight_72,FLAT,650,ok,False,39,39.0,28.02603971315323,30.186030539543435,True,196.6769626677657,True,13.256017999723554,0.13905599992722273,156.8675180003047,9.747704001143575
2026_07_21_gym,flight_72,FLAT,700,ok,False,41,42.0,37.32997964814395,60.19167170712392,True,201.48742466668287,True,13.526833000592887,0.1445919992402196,161.57968499977142,9.56964800041169
2026_07_21_gym,flight_72,FLAT,750,ok,False,41,45.0,37.32997964814395,60.19167170712392,True,218.75953666648516,True,13.526833000592887,0.14449999947100878,178.77959199994802,9.641944999806583
2026_07_21_gym,flight_72,FLAT,800,ok,False,41,48.0,37.32997964814395,60.19167170712392,True,201.65305366801718,True,13.526833000592887,0.14453699998557568,161.671814000234,9.643203000538051
2026_07_21_gym,flight_72,FLAT,850,ok,False,41,50.99999999999999,37.32997964814395,60.19167170712392,True,201.607721666495,True,13.526833000592887,0.1443329993635416,161.63353700004518,9.63635199982673
2026_07_21_gym,flight_72,FLAT,900,ok,False,41,53.99999999999999,37.32997964814395,60.19167170712392,True,201.76422166793296,True,13.526833000592887,0.14364800043404102,161.8335000006482,9.593573999591172
2026_07_21_gym,flight_72,FLAT,950,ok,False,41,56.99999999999999,37.32997964814395,60.19167170712392,True,200.98022166701654,True,13.526833000592887,0.1430000001564622,160.98733299970627,9.656388999894261
2026_07_21_gym,flight_72,FLAT,1000,ok,False,41,59.99999999999999,37.32997964814395,60.19167170712392,True,201.50338866810003,True,13.526833000592887,0.14425900019705296,161.5091300001368,9.65650000050664
2026_07_21_gym,flight_72,FLAT,1050,ok,False,41,62.99999999999999,37.32997964814395,60.19167170712392,True,201.6194256680707,True,13.526833000592887,0.14409300033003092,161.62405500002205,9.657778000459075
2026_07_21_gym,flight_72,FLAT,1100,ok,False,41,66.0,37.32997964814395,60.19167170712392,True,201.55725866618255,True,13.526833000592887,0.1424629995599389,161.5964999999851,9.624795999377966
2026_07_21_gym,flight_72,FLAT,1150,ok,False,41,69.0,37.32997964814395,60.19167170712392,True,201.04349966781834,True,13.526833000592887,0.14496299996972084,161.07472200039774,9.630315000191331
2026_07_21_gym,flight_72,FLAT,1200,ok,False,41,72.0,37.32997964814395,60.19167170712392,True,201.70159266671786,True,13.526833000592887,0.14326000027358532,161.6885179998353,9.676314999349415
2026_07_21_gym,flight_72,FLAT,1250,ok,False,41,75.0,37.32997964814395,60.19167170712392,True,201.54488866745183,True,13.526833000592887,0.14475900027900934,161.5809260001406,9.625703999772668
2026_07_21_gym,flight_73,MID,150,ok,True,10,9.0,117.55617641404847,205.87431632266765,True,119.13066566704462,True,13.094111000187695,0.046296000480651855,75.44770400039852,13.87588799931109
2026_07_21_gym,flight_73,MID,200,ok,True,13,12.0,116.92107074872423,267.05531536129286,True,134.21583366642395,True,13.193758999928832,0.08642600011080503,88.09788900054991,16.17109299916774
2026_07_21_gym,flight_73,MID,250,ok,True,16,14.999999999999998,121.29515320581436,278.10142126114846,True,140.20148266727725,True,13.538075000979006,0.0934450002387166,96.52779599931091,13.375500000081956
2026_07_21_gym,flight_73,MID,300,ok,True,19,18.0,95.14593615251417,183.97692885228562,True,147.33931466626623,True,13.320963000878692,0.09987100027501583,102.11711099930108,15.134702999144793
2026_07_21_gym,flight_73,MID,350,ok,True,22,21.0,78.9212387274505,175.13340597302806,True,160.7167956676955,True,13.26301799993962,0.10468600038439035,114.77388800028712,15.90853700041771
2026_07_21_gym,flight_73,MID,400,ok,True,25,24.0,74.3454639946844,156.19946561489604,True,168.73707566938052,True,13.60948200058192,0.11083400063216686,126.04264800064266,12.307445000857115
2026_07_21_gym,flight_73,MID,450,ok,True,28,26.999999999999996,70.85184681954397,139.46231971526186,True,183.6234616652752,True,13.48985099978745,0.11787000019103289,140.63020399864763,12.718869999982417
2026_07_21_gym,flight_73,MID,490,ok,True,30,29.4,66.95491936676014,130.45964894194924,True,189.32088866612563,True,13.20949999988079,0.12279599998146296,145.05344399996102,14.268481999635696
2026_07_21_gym,flight_73,MID,500,ok,True,31,29.999999999999996,57.754247088879204,107.8902493010634,True,192.2629266657556,True,13.556610999628901,0.12314900010824203,147.56625899951905,14.35024099983275
2026_07_21_gym,flight_73,MID,550,ok,True,34,33.0,45.22079920560949,88.13312954303123,True,201.32844366660962,True,13.21592599991709,0.13066599983721972,156.66385199967772,14.651333000510931
2026_07_21_gym,flight_73,MID,600,ok,True,37,36.0,49.68647528429711,96.50428744277508,True,207.31424066672722,True,13.687851999886334,0.13777799997478724,161.19553699996322,15.626407000236213
2026_07_21_gym,flight_73,MID,650,ok,True,40,39.0,33.47938091754395,57.32439809916404,True,209.49622266801694,True,13.010593000799417,0.143907000310719,164.56649999972433,15.108556000515819
2026_07_21_gym,flight_73,MID,700,ok,True,43,42.0,31.256168203688638,66.85266410204984,True,221.8042026652644,True,13.354944000020623,0.14961099904030561,176.29190700035542,15.34107399918139
2026_07_21_gym,flight_73,MID,750,ok,False,46,45.0,19.80362246098232,44.40655973181237,True,227.8128326681132,True,13.326666000299156,0.15483300015330315,182.12124100048095,15.543426000513136
2026_07_21_gym,flight_73,MID,800,ok,False,49,48.0,16.737089159318607,24.346946493104234,True,227.1516096672664,True,13.590406999923289,0.1618890007957816,185.41268500033766,11.319961999543011
2026_07_21_gym,flight_73,MID,850,ok,False,51,50.99999999999999,42.95025601659989,97.83351124495648,True,233.2960746648411,True,13.6462779995054,0.16666699945926666,191.17599999904633,11.640463000163436
2026_07_21_gym,flight_73,MID,900,ok,False,54,53.99999999999999,24.6508299845484,28.45205649725389,True,236.12492666735002,True,13.848110999912024,0.17283400055021048,192.41301899962127,13.024296000599861
2026_07_21_gym,flight_73,MID,950,ok,False,55,56.99999999999999,50.77413537995543,122.7548406004909,True,238.95285166768977,True,13.431000000797212,0.17387000005692244,195.66783399973065,13.013481000438333
2026_07_21_gym,flight_73,MID,1000,ok,False,55,59.99999999999999,50.77413537995543,122.7548406004909,True,239.7962416668112,True,13.431000000797212,0.17407399974763393,196.5819819997996,12.942518999800086
2026_07_21_gym,flight_73,MID,1050,ok,False,55,62.99999999999999,50.77413537995543,122.7548406004909,True,238.58131466681758,True,13.431000000797212,0.17483399901539087,195.28912900015712,13.019685000181198
2026_07_21_gym,flight_73,MID,1100,ok,False,55,66.0,50.77413537995543,122.7548406004909,True,239.56435166640827,True,13.431000000797212,0.17438900005072355,196.26331399939954,13.028981999494135
2026_07_21_gym,flight_73,MID,1150,ok,False,55,69.0,50.77413537995543,122.7548406004909,True,241.393870667244,True,13.431000000797212,0.17442600056529045,198.07970399968326,13.042073999531567
2026_07_21_gym,flight_73,MID,1200,ok,False,55,72.0,50.77413537995543,122.7548406004909,True,239.08514866853753,True,13.431000000797212,0.17570400051772594,195.8494079997763,12.962370000779629
2026_07_21_gym,flight_73,MID,1250,ok,False,55,75.0,50.77413537995543,122.7548406004909,True,239.08977766676495,True,13.431000000797212,0.1739999996498227,195.8042959999293,13.013814999721944
2026_07_21_gym,flight_74,FLAT,150,fit_failed,True,10,9.0,,,,,,,,,
2026_07_21_gym,flight_74,FLAT,200,ok,True,13,12.0,445.12033272036905,894.6585142550152,True,129.31833466577032,True,13.170444999821484,0.08307399973273277,87.87748199980706,11.520666999742389
2026_07_21_gym,flight_74,FLAT,250,ok,True,16,14.999999999999998,190.50623935800746,428.11649524662647,True,139.7562956685821,True,13.28105500061065,0.09072200022637844,96.40340800024569,13.314444000832736
2026_07_21_gym,flight_74,FLAT,300,ok,True,19,18.0,148.8538961690979,383.17933737917417,True,148.89705566565195,True,13.228148999623954,0.09896299988031387,105.10005499981344,13.803221999667585
2026_07_21_gym,flight_74,FLAT,350,ok,True,22,21.0,68.43199055592927,175.86475420125092,True,154.33475966627398,True,13.30337000079453,0.10559199936687946,113.45075999945402,10.808370999991894
2026_07_21_gym,flight_74,FLAT,400,ok,True,25,24.0,125.12459719198267,361.6231222346595,True,168.38440766620138,True,13.000055999495089,0.11163000017404556,126.28490699920803,12.321148000657558
2026_07_21_gym,flight_74,FLAT,450,ok,True,28,26.999999999999996,87.88954424851607,262.77145218461743,True,181.67383366605887,True,13.178017999976873,0.12798199988901615,139.09222299978137,12.608943999744952
2026_07_21_gym,flight_74,FLAT,490,ok,True,30,29.4,94.38457052747893,307.1100760946458,True,188.60014766609916,True,13.679573999717832,0.12074000015854836,145.3437780002132,12.789388999342918
2026_07_21_gym,flight_74,FLAT,500,ok,True,31,29.999999999999996,55.66315934892664,120.20979136392401,True,188.72425966492543,True,13.211777999997139,0.12274099886417389,145.82594399992377,12.897129999473691
2026_07_21_gym,flight_74,FLAT,550,ok,True,34,33.0,62.70785748305258,197.7932307234556,True,194.2405556651453,True,13.342573999427259,0.1282219998538494,150.88346299901605,13.219630000181496
2026_07_21_gym,flight_74,FLAT,600,ok,True,36,36.0,31.353414471974176,65.96095818882425,True,197.55370266611376,True,13.565036999993026,0.13414799980819225,153.95735100004822,13.230499999597669
2026_07_21_gym,flight_74,FLAT,650,ok,False,38,39.0,29.32372026699503,91.3828634845827,True,211.73390766760954,True,13.33920400030911,0.13892600033432245,162.76970400009304,18.81940700020641
2026_07_21_gym,flight_74,FLAT,700,ok,False,41,42.0,12.6412650403165,47.55904259623361,True,222.51233466776708,True,13.445426000282168,0.49851900059729815,181.90703700017184,9.994686000049114
2026_07_21_gym,flight_74,FLAT,750,ok,False,44,45.0,7.176449509744118,95.58769015944901,True,217.25074066935727,True,13.53118500020355,0.15057400055229664,176.73135200049728,10.170963001437485
2026_07_21_gym,flight_74,FLAT,800,ok,False,45,48.0,20.38274467013559,91.87152107737897,True,220.85642666524896,True,13.135240999981761,0.1536109996959567,180.6903339996934,10.210573999211192
2026_07_21_gym,flight_74,FLAT,850,ok,False,45,50.99999999999999,20.38274467013559,91.87152107737897,True,220.99168466652432,True,13.135240999981761,0.15277699939906597,180.91220400109887,10.124795999377966
2026_07_21_gym,flight_74,FLAT,900,ok,False,45,53.99999999999999,20.38274467013559,91.87152107737897,True,220.59103666680554,True,13.135240999981761,0.15346300043165684,180.43507399968803,10.200592000037432
2026_07_21_gym,flight_74,FLAT,950,ok,False,45,56.99999999999999,20.38274467013559,91.87152107737897,True,221.53261166686812,True,13.135240999981761,0.15357400011271238,181.36090799979866,10.216222000308335
2026_07_21_gym,flight_74,FLAT,1000,ok,False,45,59.99999999999999,20.38274467013559,91.87152107737897,True,221.35503666630635,True,13.135240999981761,0.1545930001884699,181.18398099951446,10.214554999954998
2026_07_21_gym,flight_74,FLAT,1050,ok,False,45,62.99999999999999,20.38274467013559,91.87152107737897,True,220.78718566770354,True,13.135240999981761,0.1538149993866682,180.6397780003026,10.19168500136584
2026_07_21_gym,flight_74,FLAT,1100,ok,False,45,66.0,20.38274467013559,91.87152107737897,True,220.55981466608742,True,13.135240999981761,0.15387099981307983,180.42066599987447,10.183369999751449
2026_07_21_gym,flight_74,FLAT,1150,ok,False,45,69.0,20.38274467013559,91.87152107737897,True,221.37809366608658,True,13.135240999981761,0.15486999973654747,181.16448199935257,10.256834000349045
2026_07_21_gym,flight_74,FLAT,1200,ok,False,45,72.0,20.38274467013559,91.87152107737897,True,221.1938886657978,True,13.135240999981761,0.16266700066626072,181.03199899941683,10.197314999066293
2026_07_21_gym,flight_74,FLAT,1250,ok,False,45,75.0,20.38274467013559,91.87152107737897,True,221.25979666567096,True,13.135240999981761,0.1530930008739233,181.08294499944896,10.221850998699665
2026_07_21_gym,flight_75,FLAT,150,ok,True,10,9.0,391.68675530153854,761.2175694533285,True,117.1956486661608,True,13.308981999754906,0.045944999903440475,72.83990699984133,14.334147999994457
2026_07_21_gym,flight_75,FLAT,200,ok,True,13,12.0,387.67608028013774,727.7105694717152,True,129.35770366775492,True,13.696945000439882,0.08640700113028288,87.48907400015742,11.41861099936068
2026_07_21_gym,flight_75,FLAT,250,ok,True,16,14.999999999999998,303.53121761830675,569.9728218200486,True,135.73659366524467,True,13.159129999578,0.09098200034350157,92.73446299973875,13.085351998917758
2026_07_21_gym,flight_75,FLAT,300,ok,True,19,18.0,125.44983058323969,250.51686841605866,True,145.5883336669455,True,13.383686000481248,0.09725899994373322,101.70279600005597,13.73792599979788
2026_07_21_gym,flight_75,FLAT,350,ok,True,22,21.0,185.23975787193243,347.9836867417448,True,155.02088866817454,True,13.986444000154734,0.10285199992358685,113.592185000889,10.672741000540555
2026_07_21_gym,flight_75,FLAT,400,ok,True,25,24.0,132.52873690899125,262.45573744981897,True,162.49585166728744,True,13.794852000661194,0.10924099944531918,120.79205500055104,11.133036999963224
2026_07_21_gym,flight_75,FLAT,450,ok,True,28,26.999999999999996,62.05700004971193,144.2907510630757,True,175.30740666637817,True,13.580000000074506,0.11868500057607889,132.70768499933183,12.234369999729097
2026_07_21_gym,flight_75,FLAT,490,ok,True,30,29.4,36.28131137527503,87.55983931546659,True,183.30955566527942,True,13.56914799939841,0.12244400009512901,140.32261100038886,12.628685998730361
2026_07_21_gym,flight_75,FLAT,500,ok,True,31,29.999999999999996,40.36177572248019,96.30004238166983,True,186.25548066633442,True,13.422369999811053,0.12340799998492002,143.47805500030518,12.564980999566615
2026_07_21_gym,flight_75,FLAT,550,ok,True,34,33.0,19.740620066480048,56.21891582476565,True,186.69533266654858,True,13.315795999020338,0.1297960001975298,143.7266669999808,12.856407000683248
2026_07_21_gym,flight_75,FLAT,600,ok,True,37,36.0,18.597272218314213,63.66170500549548,True,198.68942566650608,True,13.477370000444353,0.1358519997447729,155.16149999946356,13.248037000186741
2026_07_21_gym,flight_75,FLAT,650,ok,False,40,39.0,10.125837566815868,36.96299872567031,True,193.7432036657507,True,13.361536999233067,0.1427219994366169,155.064871000126,8.507407000288367
2026_07_21_gym,flight_75,FLAT,700,ok,False,42,42.0,11.503174081367558,39.04323931571111,True,217.96437066762397,True,13.382889000698924,0.14625899959355593,177.91216699965298,9.856389001011848
2026_07_21_gym,flight_75,FLAT,750,ok,False,45,45.0,19.52260159749885,36.95779792645166,True,207.6105556661884,True,13.547092999331653,0.15438800025731325,167.45198199991137,9.790426000021398
2026_07_21_gym,flight_75,FLAT,800,ok,False,45,48.0,19.52260159749885,36.95779792645166,True,206.76827866553018,True,13.547092999331653,0.1551670003682375,166.53849999979138,9.860851999372244
2026_07_21_gym,flight_75,FLAT,850,ok,False,45,50.99999999999999,19.52260159749885,36.95779792645166,True,207.73548066585013,True,13.547092999331653,0.15503699984401464,167.51422199979424,9.852462000213563
2026_07_21_gym,flight_75,FLAT,900,ok,False,45,53.99999999999999,19.52260159749885,36.95779792645166,True,207.5270936662952,True,13.547092999331653,0.15409299917519093,167.28488900046796,9.874352000653744
2026_07_21_gym,flight_75,FLAT,950,ok,False,45,56.99999999999999,19.52260159749885,36.95779792645166,True,207.96477766676495,True,13.547092999331653,0.15348100010305643,167.7590000005439,9.838537000119686
2026_07_21_gym,flight_75,FLAT,1000,ok,False,45,59.99999999999999,19.52260159749885,36.95779792645166,True,206.9549446661646,True,13.547092999331653,0.155222000554204,166.70353699941188,9.882426000200212
2026_07_21_gym,flight_75,FLAT,1050,ok,False,45,62.99999999999999,19.52260159749885,36.95779792645166,True,207.78777866500118,True,13.547092999331653,0.15622199978679419,167.51211099978536,9.905685999430716
2026_07_21_gym,flight_75,FLAT,1100,ok,False,45,66.0,19.52260159749885,36.95779792645166,True,207.40457566517094,True,13.547092999331653,0.155371000058949,167.19046299904585,9.84498200006783
2026_07_21_gym,flight_75,FLAT,1150,ok,False,45,69.0,19.52260159749885,36.95779792645166,True,207.78785266603032,True,13.547092999331653,0.15499999932944775,167.54414800088853,9.874944999814034
2026_07_21_gym,flight_75,FLAT,1200,ok,False,45,72.0,19.52260159749885,36.95779792645166,True,206.8377606679375,True,13.547092999331653,0.15472300071269274,166.52675900049508,9.942519000731409
2026_07_21_gym,flight_75,FLAT,1250,ok,False,45,75.0,19.52260159749885,36.95779792645166,True,208.13046466528127,True,13.547092999331653,0.1553339995443821,167.8667219998315,9.894648999907076
2026_07_21_gym,flight_76,FLAT,150,ok,True,10,9.0,771.952980271502,1209.59096020283,True,116.66974166749667,True,13.583815000019968,0.046093001030385494,73.32927799969912,13.043889000080526
2026_07_21_gym,flight_76,FLAT,200,ok,True,13,12.0,365.0458668028574,604.1172191373759,True,132.317537665988,True,13.127740999683738,0.0847589997574687,87.29238899983466,15.145982000045478
2026_07_21_gym,flight_76,FLAT,250,ok,True,16,14.999999999999998,218.86160458581782,387.88977490281985,True,136.14424066866437,True,13.794555000960827,0.08992599975317717,90.97564800083637,14.617445000447333
2026_07_21_gym,flight_76,FLAT,300,ok,True,19,18.0,158.96811692958437,286.9416821171553,True,145.3493706655378,True,13.7366289999336,0.09705600049346685,100.48657399974763,14.362444998696446
2026_07_21_gym,flight_76,FLAT,350,ok,True,22,21.0,111.59536640189836,187.81614019109327,True,158.5908696685607,True,13.325259000062943,0.10340800043195486,113.59279600065202,14.902740000747144
2026_07_21_gym,flight_76,FLAT,400,ok,True,25,24.0,69.01378922550477,161.29735850543116,True,158.72020266546556,True,13.147980999201536,0.10901799984276295,117.23264800012112,11.563888999633491
2026_07_21_gym,flight_76,FLAT,450,ok,True,28,26.999999999999996,103.85364473909065,173.11818334789277,True,168.38514666693905,True,13.352018000558019,0.11562899965792894,125.30105500016361,12.94977799989283
2026_07_21_gym,flight_76,FLAT,490,ok,True,30,29.4,128.601266139083,214.28580701441842,True,182.87523966717222,True,13.496647999621928,0.12101799994707108,139.28963000047952,13.301277000457048
2026_07_21_gym,flight_76,FLAT,500,ok,True,31,29.999999999999996,34.149915023187695,89.16121306530559,True,186.2437036676953,True,13.040481000207365,0.12281500082463026,143.1393889999017,13.27435200009495
2026_07_21_gym,flight_76,FLAT,550,ok,True,34,33.0,42.90235444367674,95.92309887113191,True,187.91446266757944,True,13.543906999751925,0.12827800028026104,144.04750000033528,13.528111000545323
2026_07_21_gym,flight_76,FLAT,600,ok,True,37,36.0,18.957284405832745,54.67826085414029,True,199.19257266788432,True,13.841685000807047,0.13533300068229437,154.7836109995842,13.765277000144124
2026_07_21_gym,flight_76,FLAT,650,ok,True,39,39.0,12.05947643482635,69.99166648182293,True,205.0616106657932,True,13.395889000035822,0.1472589997574687,160.6191109996289,14.232684999704361
2026_07_21_gym,flight_76,FLAT,700,ok,True,42,42.0,42.59900984134516,101.95062190216218,True,213.34624166662493,True,13.114648999646306,0.1454810006543994,168.91366699896753,14.505778000690043
2026_07_21_gym,flight_76,FLAT,750,ok,False,45,45.0,39.96184107553358,96.48099989353815,True,208.46568566715965,True,13.429999999701977,0.15238900016993284,167.69514800049365,10.521482000127435
2026_07_21_gym,flight_76,FLAT,800,ok,False,48,48.0,62.32412176380501,148.14187823287892,True,218.1942206673945,True,13.228907001204789,0.1587399998679757,177.41686999984086,10.723036999814212
2026_07_21_gym,flight_76,FLAT,850,ok,False,48,50.99999999999999,62.32412176380501,148.14187823287892,True,217.40136866706112,True,13.228907001204789,0.16020299959927797,176.58338900003582,10.762202999554574
2026_07_21_gym,flight_76,FLAT,900,ok,False,48,53.99999999999999,62.32412176380501,148.14187823287892,True,218.3394256668786,True,13.228907001204789,0.15916699916124344,177.49925899971277,10.785426000133157
2026_07_21_gym,flight_76,FLAT,950,ok,False,48,56.99999999999999,62.32412176380501,148.14187823287892,True,218.54866566664228,True,13.228907001204789,0.16044399980455637,177.7082589995116,10.784388999454677
2026_07_21_gym,flight_76,FLAT,1000,ok,False,48,59.99999999999999,62.32412176380501,148.14187823287892,True,218.0366856685529,True,13.228907001204789,0.15963000059127808,177.25499999895692,10.726482001133263
2026_07_21_gym,flight_76,FLAT,1050,ok,False,48,62.99999999999999,62.32412176380501,148.14187823287892,True,218.51711166805276,True,13.228907001204789,0.15926000010222197,176.8783149998635,11.58396300021559
2026_07_21_gym,flight_76,FLAT,1100,ok,False,48,66.0,62.32412176380501,148.14187823287892,True,217.46703566579768,True,13.228907001204789,0.15990699920803308,176.68136999942362,10.730184999294579
2026_07_21_gym,flight_76,FLAT,1150,ok,False,48,69.0,62.32412176380501,148.14187823287892,True,217.7175366670514,True,13.228907001204789,0.15974100027233362,176.8857409991324,10.77648099977523
2026_07_21_gym,flight_76,FLAT,1200,ok,False,48,72.0,62.32412176380501,148.14187823287892,True,218.372258665661,True,13.228907001204789,0.16001799888908863,177.57522199954838,10.741444999352098
2026_07_21_gym,flight_76,FLAT,1250,ok,False,48,75.0,62.32412176380501,148.14187823287892,True,218.4133316685135,True,13.228907001204789,0.1602590000256896,176.78624000027776,11.571259000338614
2026_07_21_gym,flight_77,FLAT,150,ok,True,10,9.0,561.789837195309,962.2828499120542,True,116.89264666723709,True,13.217054999433458,0.04431400075554848,72.6331480005756,14.331462999805808
2026_07_21_gym,flight_77,FLAT,200,ok,True,13,12.0,232.2298868641134,436.29143787407753,True,127.26674166756372,True,13.287833999842405,0.08435199968516827,87.27681500092149,9.951074000447989
2026_07_21_gym,flight_77,FLAT,250,ok,True,16,14.999999999999998,212.24202992179616,430.0755458430151,True,135.67373966580877,True,13.29072199948132,0.09138800110667944,92.43977799918503,13.185184999369085
2026_07_21_gym,flight_77,FLAT,300,ok,True,19,18.0,109.20077360480622,208.80691158423,True,145.10012866804996,True,13.051611000671983,0.096777000464499,101.8709629997611,13.414111000485718
2026_07_21_gym,flight_77,FLAT,350,ok,True,22,21.0,95.39768709991631,181.01076684617408,True,153.34416566478708,True,13.348462999798357,0.10357399936765432,112.53411099873483,10.691351000219584
2026_07_21_gym,flight_77,FLAT,400,ok,True,25,24.0,90.69893273273803,162.32090716164902,True,159.52661066657552,True,13.178334000520408,0.10955500043928623,118.84437000006437,10.727684998884797
2026_07_21_gym,flight_77,FLAT,450,ok,True,28,26.999999999999996,64.5837385640997,123.13814354513893,True,168.4266476665313,True,13.34631499927491,0.11559300031512976,125.83294400013983,12.465129000134766
2026_07_21_gym,flight_77,FLAT,490,ok,True,30,29.4,63.66822374407234,171.8298977822587,True,175.83399966328093,True,13.414277999661863,0.1212589992210269,133.15496299881488,12.476832998916507
2026_07_21_gym,flight_77,FLAT,500,ok,True,31,29.999999999999996,50.18245153353055,124.13914894894549,True,183.23074066421637,True,13.276295999065042,0.12233299948275089,140.57590799964964,12.589536999352276
2026_07_21_gym,flight_77,FLAT,550,ok,True,34,33.0,48.162016351890415,103.58896373221047,True,186.83842566764602,True,13.910852000117302,0.12964800000190735,143.29064800124615,12.840610999614
2026_07_21_gym,flight_77,FLAT,600,ok,True,37,36.0,17.822870576906695,37.92286241093902,True,197.46059066678086,True,13.272221999242902,0.13498099986463785,154.19681400060654,13.189907000400126
2026_07_21_gym,flight_77,FLAT,650,ok,True,40,39.0,12.059514637579557,26.697347506664162,True,197.51307366571078,True,13.201499000191689,0.14040799904614687,154.07861100044101,13.42588899936527
2026_07_21_gym,flight_77,FLAT,700,ok,False,41,42.0,12.744950770463253,58.35840033487256,True,200.4686836671705,True,13.17766600009054,0.14305500034242868,162.01101800054312,8.470277999527752
2026_07_21_gym,flight_77,FLAT,750,ok,False,44,45.0,0.6554653821666242,11.576507421187102,True,208.70607466592142,True,13.751555999740958,0.16153699904680252,168.18420400004834,9.942111000418663
2026_07_21_gym,flight_77,FLAT,800,ok,False,44,48.0,0.6554653821666242,11.576507421187102,True,209.4272406666229,True,13.751555999740958,0.1503519993275404,168.99864800088108,9.860018000006676
2026_07_21_gym,flight_77,FLAT,850,ok,False,44,50.99999999999999,0.6554653821666242,11.576507421187102,True,208.8737786669905,True,13.751555999740958,0.14935099985450506,168.47283400036395,9.833371000364423
2026_07_21_gym,flight_77,FLAT,900,ok,False,44,53.99999999999999,0.6554653821666242,11.576507421187102,True,209.17209366584817,True,13.751555999740958,0.14966700039803982,168.75283299945295,9.851370999589562
2026_07_21_gym,flight_77,FLAT,950,ok,False,44,56.99999999999999,0.6554653821666242,11.576507421187102,True,208.23614866628,True,13.751555999740958,0.15135200042277575,167.78968499973416,9.876888999715447
2026_07_21_gym,flight_77,FLAT,1000,ok,False,44,59.99999999999999,0.6554653821666242,11.576507421187102,True,209.5937586656461,True,13.751555999740958,0.1536659998819232,169.13831399939954,9.883555999957025
2026_07_21_gym,flight_77,FLAT,1050,ok,False,44,62.99999999999999,0.6554653821666242,11.576507421187102,True,209.58114866695055,True,13.751555999740958,0.15151899959892035,169.0976670011878,9.913739999756217
2026_07_21_gym,flight_77,FLAT,1100,ok,False,44,66.0,0.6554653821666242,11.576507421187102,True,208.95061066529402,True,13.751555999740958,0.15000000037252903,168.54486999940127,9.837517999112606
2026_07_21_gym,flight_77,FLAT,1150,ok,False,44,69.0,0.6554653821666242,11.576507421187102,True,208.27985266751298,True,13.751555999740958,0.1515000006183982,167.83757400047034,9.87255600001663
2026_07_21_gym,flight_77,FLAT,1200,ok,False,44,72.0,0.6554653821666242,11.576507421187102,True,209.32599966569492,True,13.751555999740958,0.15148099977523088,168.9145740000531,9.841721999458969
2026_07_21_gym,flight_77,FLAT,1250,ok,False,44,75.0,0.6554653821666242,11.576507421187102,True,209.11007366670916,True,13.751555999740958,0.15029600076377392,168.64844399970025,9.893110999837518
2026_07_21_gym,flight_78,FLAT,150,ok,True,10,9.0,186.5014906800545,481.17272066341076,True,117.46927766563992,True,13.303610999137163,0.044482000172138214,73.96751799900085,13.487000000663102
2026_07_21_gym,flight_78,FLAT,200,ok,True,13,12.0,162.45007688793171,349.22752608119725,True,129.60875866624215,True,13.149980999529362,0.08585199993103743,88.45059200003743,11.255667000077665
2026_07_21_gym,flight_78,FLAT,250,ok,True,16,14.999999999999998,131.1142945151539,279.54337596959493,True,130.14142566702017,True,13.420480999164283,0.09222300071269274,87.61038900073618,12.351665999740362
2026_07_21_gym,flight_78,FLAT,300,ok,True,19,18.0,86.27001061823819,181.55842443483442,True,142.2499246659378,True,13.226630000397563,0.09675899893045425,102.59846200048923,9.661406999453902
2026_07_21_gym,flight_78,FLAT,350,ok,True,22,21.0,93.6939198033062,180.61464597007972,True,154.19335266637304,True,13.55685199983418,0.10346300061792135,113.74205599911511,10.124315000139177
2026_07_21_gym,flight_78,FLAT,400,ok,True,25,24.0,64.74641824576406,114.79522463405536,True,167.0070176652322,True,13.165258998982608,0.10914799943566322,125.79020299948752,11.275741000659764
2026_07_21_gym,flight_78,FLAT,450,ok,True,28,26.999999999999996,37.04111430761238,96.17674255961627,True,168.82336966662356,True,13.096610999666154,0.1149260001257062,127.41894399933517,11.526222000829875
2026_07_21_gym,flight_78,FLAT,490,ok,True,30,29.4,37.54672447671797,98.90975268999692,True,174.98159266697863,True,13.385666999965906,0.11899999994784594,133.0224630003795,11.787796000018716
2026_07_21_gym,flight_78,FLAT,500,ok,True,31,29.999999999999996,27.77691337798492,82.22239949960138,True,182.97225966366628,True,13.840536999516189,0.12285199947655201,140.4833889985457,11.858814999461174
2026_07_21_gym,flight_78,FLAT,550,ok,True,33,33.0,27.926874036819807,83.88293887911637,True,187.24731466608742,True,13.268258999101818,0.12696300074458122,145.14761100057513,12.037814998999238
2026_07_21_gym,flight_78,FLAT,600,ok,False,36,36.0,21.873927404939558,72.85661094457652,True,190.4019076662759,True,13.40853700041771,0.13496299926191568,151.20194500032812,8.989795999601483
2026_07_21_gym,flight_78,FLAT,650,ok,False,39,39.0,24.48799328200543,60.902477995316964,True,201.64964766769359,True,13.220611000433564,0.13963000010699034,162.49083300027996,9.13190700020641
2026_07_21_gym,flight_78,FLAT,700,ok,False,42,42.0,0.9620656978626277,61.76852704740404,True,203.4680556670452,True,13.491574000567198,0.14670300018042326,163.82933400012553,9.3337779995054
2026_07_21_gym,flight_78,FLAT,750,ok,False,42,45.0,0.9620656978626277,61.76852704740404,True,203.4381666673968,True,13.491574000567198,0.14564799889922142,163.8352780006826,9.299000000581145
2026_07_21_gym,flight_78,FLAT,800,ok,False,42,48.0,0.9620656978626277,61.76852704740404,True,202.84625966629633,True,13.491574000567198,0.1482229996472597,163.2225179998204,9.317277999594808
2026_07_21_gym,flight_78,FLAT,850,ok,False,42,50.99999999999999,0.9620656978626277,61.76852704740404,True,204.09044466695437,True,13.491574000567198,0.1460000006482005,164.46772199962288,9.318481999449432
2026_07_21_gym,flight_78,FLAT,900,ok,False,42,53.99999999999999,0.9620656978626277,61.76852704740404,True,203.4099636680136,True,13.491574000567198,0.14514800067991018,163.8226300003007,9.283944999799132
2026_07_21_gym,flight_78,FLAT,950,ok,False,42,56.99999999999999,0.9620656978626277,61.76852704740404,True,203.55446266631284,True,13.491574000567198,0.14485199935734272,163.93435200024396,9.317017999477684
2026_07_21_gym,flight_78,FLAT,1000,ok,False,42,59.99999999999999,0.9620656978626277,61.76852704740404,True,203.33136966607222,True,13.491574000567198,0.14590699970722198,162.85701799951494,10.170203999616206
2026_07_21_gym,flight_78,FLAT,1050,ok,False,42,62.99999999999999,0.9620656978626277,61.76852704740404,True,202.68864866780737,True,13.491574000567198,0.1465000007301569,163.07435199990869,9.309555999934673
2026_07_21_gym,flight_78,FLAT,1100,ok,False,42,66.0,0.9620656978626277,61.76852704740404,True,203.26453666823605,True,13.491574000567198,0.14635100029408932,163.6084259999916,9.351519000716507
2026_07_21_gym,flight_78,FLAT,1150,ok,False,42,69.0,0.9620656978626277,61.76852704740404,True,203.6533696685607,True,13.491574000567198,0.1552590001374483,164.03824100084603,9.301629000343382
2026_07_21_gym,flight_78,FLAT,1200,ok,False,42,72.0,0.9620656978626277,61.76852704740404,True,203.50914866818735,True,13.491574000567198,0.14546300005167723,163.06207400094718,10.14337099995464
2026_07_21_gym,flight_78,FLAT,1250,ok,False,42,75.0,0.9620656978626277,61.76852704740404,True,202.80924066870162,True,13.491574000567198,0.14609300065785646,163.1837220005691,9.321185000240803
2026_07_21_gym,flight_79,FLAT,150,ok,True,10,9.0,298.6230187312566,685.7259082163415,True,125.8603316663454,True,13.170369999483228,0.04422200005501509,85.81166599970311,10.167407000437379
2026_07_21_gym,flight_79,FLAT,200,ok,True,13,12.0,84.3819678938688,230.4418243177819,True,129.4761836665372,True,13.537980999797583,0.08564799930900335,87.32914800010622,11.856740000657737
2026_07_21_gym,flight_79,FLAT,250,ok,True,16,14.999999999999998,84.6649735992173,252.33956257759166,True,138.02948066654304,True,13.046240999363363,0.09079600032418966,95.97668500058353,12.249091999605298
2026_07_21_gym,flight_79,FLAT,300,ok,True,19,18.0,66.69608834005484,211.77362003602636,True,140.25985066468516,True,13.284647999331355,0.0978889986872673,100.50690700020641,9.70373999979347
2026_07_21_gym,flight_79,FLAT,350,ok,True,22,21.0,55.7117024666907,177.69019999972784,True,158.4714066662515,True,13.422518000006676,0.103944999165833,117.17675899993628,11.101518000476062
2026_07_21_gym,flight_79,FLAT,400,ok,True,24,24.0,53.7971122562972,165.0100554781795,True,168.32033366678903,True,13.8681849995628,0.10685199964791536,126.45481500029564,11.223815000616014
2026_07_21_gym,flight_79,FLAT,450,ok,True,27,26.999999999999996,59.32499138613228,176.1090631975076,True,174.45953666667143,True,13.787536999210715,0.11411100067198277,132.51214800029993,11.37907399982214
2026_07_21_gym,flight_79,FLAT,490,ok,True,29,29.4,52.90063377895966,161.6166952508028,True,183.70475966731706,True,13.80914800055325,0.11831500008702278,140.36011100001633,12.750518999993801
2026_07_21_gym,flight_79,FLAT,500,ok,False,30,29.999999999999996,9.11532800438786,39.77694340304426,True,186.63114766652384,True,14.117536999285221,0.13340700045228004,143.82827800046653,11.88525899965316
2026_07_21_gym,flight_79,FLAT,550,ok,False,32,33.0,17.85894151532379,51.9450696148305,True,187.69066866735616,True,13.438186000101268,0.12398200016468763,148.6778150005266,8.784018999896944
2026_07_21_gym,flight_79,FLAT,600,ok,False,32,36.0,17.85894151532379,51.9450696148305,True,187.05990866820017,True,13.438186000101268,0.12468499969691038,148.0922970008105,8.738074000924826
2026_07_21_gym,flight_79,FLAT,650,ok,False,32,39.0,17.85894151532379,51.9450696148305,True,188.04981566655138,True,13.438186000101268,0.12516700010746717,149.04092600010335,8.778869999572635
2026_07_21_gym,flight_79,FLAT,700,ok,False,32,42.0,17.85894151532379,51.9450696148305,True,186.86914966876307,True,13.438186000101268,0.12801900040358305,147.8369450001046,8.799333001486957
2026_07_21_gym,flight_79,FLAT,750,ok,False,32,45.0,17.85894151532379,51.9450696148305,True,188.11789066685984,True,13.438186000101268,0.12516700010746717,149.12740800064057,8.760462999343872
2026_07_21_gym,flight_79,FLAT,800,ok,False,32,48.0,17.85894151532379,51.9450696148305,True,187.44855666781464,True,13.438186000101268,0.12507400009781122,148.42672200035304,8.791908000595868
2026_07_21_gym,flight_79,FLAT,850,ok,False,32,50.99999999999999,17.85894151532379,51.9450696148305,True,187.36800066536912,True,13.438186000101268,0.12588899955153465,148.41883299965411,8.71842599939555
2026_07_21_gym,flight_79,FLAT,900,ok,False,32,53.99999999999999,17.85894151532379,51.9450696148305,True,186.74092766704658,True,13.438186000101268,0.12585199996829033,147.73220400046557,8.77801899984479
2026_07_21_gym,flight_79,FLAT,950,ok,False,32,56.99999999999999,17.85894151532379,51.9450696148305,True,187.36624066593745,True,13.438186000101268,0.12598099932074547,148.35707399994135,8.778332999907434
2026_07_21_gym,flight_79,FLAT,1000,ok,False,32,59.99999999999999,17.85894151532379,51.9450696148305,True,187.50840866627792,True,13.438186000101268,0.1369260000064969,148.49346299935132,8.77316700015217
2026_07_21_gym,flight_79,FLAT,1050,ok,False,32,62.99999999999999,17.85894151532379,51.9450696148305,True,187.6314446662242,True,13.438186000101268,0.1255919998511672,148.6604629997164,8.740536999888718
2026_07_21_gym,flight_79,FLAT,1100,ok,False,32,66.0,17.85894151532379,51.9450696148305,True,186.79027866541097,True,13.438186000101268,0.12607399933040142,147.7523889997974,8.806962999515235
2026_07_21_gym,flight_79,FLAT,1150,ok,False,32,69.0,17.85894151532379,51.9450696148305,True,187.80644566720972,True,13.438186000101268,0.12498100008815527,148.78131500072777,8.795296999625862
2026_07_21_gym,flight_79,FLAT,1200,ok,False,32,72.0,17.85894151532379,51.9450696148305,True,187.37920266638199,True,13.438186000101268,0.1258330000564456,148.36927699949592,8.77924000006169
2026_07_21_gym,flight_79,FLAT,1250,ok,False,32,75.0,17.85894151532379,51.9450696148305,True,187.35170366677144,True,13.438186000101268,0.12462900020182133,148.40440700016916,8.717814999632537
2026_07_21_gym,flight_82,FLAT,150,ok,True,10,9.0,292.08138475219334,785.9295498425782,True,130.51564666690925,True,12.986980999819934,0.04542599990963936,87.8860919997096,12.930481000803411
2026_07_21_gym,flight_82,FLAT,200,ok,True,13,12.0,209.43168893538643,585.538590195812,True,128.76492666701475,True,13.14796300046146,0.08572299964725971,87.98485200013965,10.879722000099719
2026_07_21_gym,flight_82,FLAT,250,ok,True,16,14.999999999999998,82.62366711144055,269.8149045864702,True,139.07825766565898,True,13.201924999244511,0.09055500011891127,96.73085200041533,12.388258999213576
2026_07_21_gym,flight_82,FLAT,300,ok,True,19,18.0,92.31945902768061,252.86571285506076,True,145.21607466662923,True,13.459944000467658,0.0962969996035099,105.14488899987191,9.84827800001949
2026_07_21_gym,flight_82,FLAT,350,ok,True,22,21.0,63.8768837668463,177.57260088993834,True,173.12372166818628,True,13.289832999929786,0.10179600026458502,131.8688150011003,11.196611000224948
2026_07_21_gym,flight_82,FLAT,400,ok,True,25,24.0,48.67351837195135,127.67979228531286,True,166.78136966812113,True,13.744315000250936,0.1102220006287098,123.87561099976301,12.384555000811815
2026_07_21_gym,flight_82,FLAT,450,ok,True,28,26.999999999999996,27.91105765582976,71.56885928450973,True,176.27633366609612,True,13.494628999382257,0.11766699980944395,134.46324099972844,11.534130000509322
2026_07_21_gym,flight_82,FLAT,490,ok,True,30,29.4,22.954277395222714,56.36287788878623,True,184.84761266472438,True,13.31724099908024,0.12277799937874079,142.85488899983466,11.886037999764085
2026_07_21_gym,flight_82,FLAT,500,ok,True,31,29.999999999999996,11.745245789933655,27.16648399872598,True,185.10455566613624,True,13.291685000061989,0.12463000044226646,143.16938899923116,11.852184999734163
2026_07_21_gym,flight_82,FLAT,550,ok,False,34,33.0,5.670834415571868,10.820945675008383,True,181.8471486677105,True,13.442591999657452,0.1404260005801916,143.93305600062013,7.664408000186086
2026_07_21_gym,flight_82,FLAT,600,ok,False,35,36.0,5.933860963840012,26.073469096721038,True,188.29622366434583,True,13.118112000636756,0.13361099921166897,149.40633399877697,8.971499999053776
2026_07_21_gym,flight_82,FLAT,650,ok,False,35,39.0,5.933860963840012,26.073469096721038,True,188.99172366658846,True,13.118112000636756,0.1323889996856451,150.07977799978107,8.994777999818325
2026_07_21_gym,flight_82,FLAT,700,ok,False,35,42.0,5.933860963840012,26.073469096721038,True,189.4705376677836,True,13.118112000636756,0.13625899981707335,150.5384080009535,9.011091999709606
2026_07_21_gym,flight_82,FLAT,750,ok,False,35,45.0,5.933860963840012,26.073469096721038,True,189.04379666565606,True,13.118112000636756,0.13092599902302027,150.18037000019103,8.947721999138594
2026_07_21_gym,flight_82,FLAT,800,ok,False,35,48.0,5.933860963840012,26.073469096721038,True,188.44303866537908,True,13.118112000636756,0.1318149995058775,149.4968149997294,9.029629998840392
2026_07_21_gym,flight_82,FLAT,850,ok,False,35,50.99999999999999,5.933860963840012,26.073469096721038,True,189.39129666580507,True,13.118112000636756,0.13140799943357706,150.47718499973416,8.997924999333918
2026_07_21_gym,flight_82,FLAT,900,ok,False,35,53.99999999999999,5.933860963840012,26.073469096721038,True,188.66735266676793,True,13.118112000636756,0.13236999977380037,149.7378520006314,9.01235199905932
2026_07_21_gym,flight_82,FLAT,950,ok,False,35,56.99999999999999,5.933860963840012,26.073469096721038,True,188.92457466820875,True,13.118112000636756,0.1321849999949336,150.096184999682,8.911426001228392
2026_07_21_gym,flight_82,FLAT,1000,ok,False,35,59.99999999999999,5.933860963840012,26.073469096721038,True,188.49427966742465,True,13.118112000636756,0.13326000049710274,149.45325899962336,9.122982000000775
2026_07_21_gym,flight_82,FLAT,1050,ok,False,35,62.99999999999999,5.933860963840012,26.073469096721038,True,189.46042766763517,True,13.118112000636756,0.1334079997614026,150.49527799990028,9.046963000670075
2026_07_21_gym,flight_82,FLAT,1100,ok,False,35,66.0,5.933860963840012,26.073469096721038,True,189.22918666775027,True,13.118112000636756,0.13361100014299154,150.25227800011635,9.058519000187516
2026_07_21_gym,flight_82,FLAT,1150,ok,False,35,69.0,5.933860963840012,26.073469096721038,True,188.8822236654038,True,13.118112000636756,0.13366699870675802,150.02642599958926,8.937351999804378
2026_07_21_gym,flight_82,FLAT,1200,ok,False,35,72.0,5.933860963840012,26.073469096721038,True,188.45157466704646,True,13.118112000636756,0.13253699894994497,149.5106669999659,9.023592000827193
2026_07_21_gym,flight_82,FLAT,1250,ok,False,35,75.0,5.933860963840012,26.073469096721038,True,189.25018466698626,True,13.118112000636756,0.13250000029802322,150.33049899991602,9.002406999468803
2026_07_21_gym,flight_83,FLAT,150,ok,True,10,9.0,288.3357798300155,616.6102763153507,True,121.4161306663106,True,14.217148000374436,0.044278000481426716,77.54659300018102,12.94144499860704
2026_07_21_gym,flight_83,FLAT,200,ok,True,13,12.0,96.64024762624904,251.54111575270375,True,131.639073666806,True,14.650241000577807,0.08492599986493587,89.45233299955726,10.784907000139356
2026_07_21_gym,flight_83,FLAT,250,ok,True,16,14.999999999999998,80.03906765467848,201.36744087136162,True,135.6764616674433,True,14.186054999940097,0.09079600032418966,92.45437000039965,12.278574000112712
2026_07_21_gym,flight_83,FLAT,300,ok,True,19,18.0,80.47811049792786,196.19737986541693,True,143.11462966787317,True,14.452019000425935,0.0977960005402565,102.16535199992359,9.732796000316739
2026_07_21_gym,flight_83,FLAT,350,ok,True,22,21.0,55.809868371989396,158.2642172812996,True,155.229387664857,True,14.366592000238597,0.10331499855965376,114.05386999901384,10.038944000378251
2026_07_21_gym,flight_83,FLAT,400,ok,True,25,24.0,46.98081128259953,125.66822226763963,True,166.5920936676363,True,14.360666999593377,0.11029700003564358,124.18427700083703,11.2701860005036
2026_07_21_gym,flight_83,FLAT,450,ok,True,28,26.999999999999996,28.7383317743913,88.94210375122375,True,173.7473336678619,True,14.256776999682188,0.11555600073188543,131.20292599964887,11.50540800113231
2026_07_21_gym,flight_83,FLAT,490,ok,True,30,29.4,27.46157343577351,76.91359677069786,True,175.32174166540304,True,14.453092999756336,0.1196670001372695,132.3446479998529,11.73766699898988
2026_07_21_gym,flight_83,FLAT,500,ok,True,31,29.999999999999996,22.23771200450454,65.96303025158387,True,184.71931566825756,True,14.446666999720037,0.12392600066959858,141.5960370004177,11.886019000783563
2026_07_21_gym,flight_83,FLAT,550,ok,True,33,33.0,19.4334890024048,50.27139764387252,True,189.47936866494516,True,14.370240999385715,0.12679599970579147,146.2235359987244,12.092129000462592
2026_07_21_gym,flight_83,FLAT,600,ok,False,36,36.0,10.973023196228747,14.699853130221829,True,192.02185166596124,True,14.214869999326766,0.1326120002195239,152.0509630003944,8.956739999353886
2026_07_21_gym,flight_83,FLAT,650,ok,False,39,39.0,7.065386690524959,11.753312250202622,True,202.95411166703948,True,14.567760000936687,0.14038900006562471,161.6198330000043,9.959462999366224
2026_07_21_gym,flight_83,FLAT,700,ok,False,40,42.0,19.093663300684796,35.005409715529765,True,193.88937066557506,True,14.147258999757469,0.14296300057321787,153.92909299954772,9.003388999029994
2026_07_21_gym,flight_83,FLAT,750,ok,False,40,45.0,19.093663300684796,35.005409715529765,True,194.55048166650036,True,14.147258999757469,0.14314799942076206,154.61688899993896,8.976519000716507
2026_07_21_gym,flight_83,FLAT,800,ok,False,40,48.0,19.093663300684796,35.005409715529765,True,235.4148696657891,True,14.147258999757469,0.14079599920660257,193.20800000056624,11.252147999592125
2026_07_21_gym,flight_83,FLAT,850,ok,False,40,50.99999999999999,19.093663300684796,35.005409715529765,True,195.82314866657057,True,14.147258999757469,0.17407399974763393,155.00451900064945,9.830629999749362
2026_07_21_gym,flight_83,FLAT,900,ok,False,40,53.99999999999999,19.093663300684796,35.005409715529765,True,194.26999966582903,True,14.147258999757469,0.14301799982786179,154.28163000009954,9.031425999477506
2026_07_21_gym,flight_83,FLAT,950,ok,False,40,56.99999999999999,19.093663300684796,35.005409715529765,True,194.5995176664243,True,14.147258999757469,0.14174099918454885,154.63325900025666,9.010592000558972
2026_07_21_gym,flight_83,FLAT,1000,ok,False,40,59.99999999999999,19.093663300684796,35.005409715529765,True,194.54964766527215,True,14.147258999757469,0.14116699993610382,154.6292029991746,8.965351999737322
2026_07_21_gym,flight_83,FLAT,1050,ok,False,40,62.99999999999999,19.093663300684796,35.005409715529765,True,194.79216566650817,True,14.147258999757469,0.14261099882423878,154.9285550005734,8.907074000686407
2026_07_21_gym,flight_83,FLAT,1100,ok,False,40,66.0,19.093663300684796,35.005409715529765,True,194.07727666633824,True,14.147258999757469,0.14181499928236008,154.12492500059307,8.996611000038683
2026_07_21_gym,flight_83,FLAT,1150,ok,False,40,69.0,19.093663300684796,35.005409715529765,True,217.37226066521058,True,14.147258999757469,0.1429079994559288,177.42859299946576,8.986833999864757
2026_07_21_gym,flight_83,FLAT,1200,ok,False,40,72.0,19.093663300684796,35.005409715529765,True,194.93966666764268,True,14.147258999757469,0.15242600068449974,154.97370400000364,8.999611000530422
2026_07_21_gym,flight_83,FLAT,1250,ok,False,40,75.0,19.093663300684796,35.005409715529765,True,194.85244366681823,True,14.147258999757469,0.14223999995738268,154.92474099993706,8.971537000499666
2026_07_21_gym,flight_85,FLAT,150,ok,True,10,9.0,75.22292808219878,363.76882351716506,True,115.74362866549443,True,13.250962998718023,0.04449999984353781,72.93081399984658,12.850685000419617
2026_07_21_gym,flight_85,FLAT,200,ok,True,13,12.0,141.04671628050318,447.1407666041191,True,133.81309166705856,True,13.202907000668347,0.09175899997353554,93.13133300002664,10.720425999723375
2026_07_21_gym,flight_85,FLAT,250,ok,True,16,14.999999999999998,155.21342998854442,458.8159042246062,True,138.79548066637167,True,13.40157400071621,0.10083299968391657,96.22686999943107,12.399536999873817
2026_07_21_gym,flight_85,FLAT,300,ok,True,19,18.0,102.39394444227972,368.86972391151716,True,141.74659366781512,True,13.385240999981761,0.09766700025647879,101.89074099995196,9.706278000958264
2026_07_21_gym,flight_85,FLAT,350,ok,True,22,21.0,90.95501082214047,321.72346910955014,True,154.3180736672754,True,13.379074000753462,0.1019259998574853,114.21790700033307,9.952499999664724
2026_07_21_gym,flight_85,FLAT,400,ok,True,25,24.0,93.70208332610716,313.31455834007505,True,166.67998166630665,True,13.194334000349045,0.10777799971401691,125.15548099949956,11.555722000077367
2026_07_21_gym,flight_85,FLAT,450,ok,True,28,26.999999999999996,100.77599159201752,310.6735592160091,True,174.51638866743693,True,13.248074000701308,0.11387000046670437,132.92118499986827,11.566592999733984
2026_07_21_gym,flight_85,FLAT,490,ok,True,30,29.4,74.7340166447646,215.38499072394845,True,179.64394566758224,True,13.572500000707805,0.11770400032401085,137.43159299902618,11.855482000857592
2026_07_21_gym,flight_85,FLAT,500,ok,True,31,29.999999999999996,79.50855989807233,257.4209070747486,True,182.42588866750398,True,13.077833000570536,0.12159200012683868,140.76049999985844,11.799297000281513
2026_07_21_gym,flight_85,FLAT,550,ok,False,34,33.0,36.71124378183402,166.83285777907045,True,182.40120166602233,True,13.817129000090063,0.12868500035256147,144.08431399986148,7.704406999051571
2026_07_21_gym,flight_85,FLAT,600,ok,False,37,36.0,22.607736417692827,63.07850189757361,True,194.47424066687623,True,13.158185000531375,0.13529699947685003,155.50062900036573,9.01346299983561
2026_07_21_gym,flight_85,FLAT,650,ok,False,39,39.0,17.395254203505573,80.39900951473652,True,201.2053156668941,True,13.720685999840498,0.13894500024616718,161.7126850001514,8.96633299998939
2026_07_21_gym,flight_85,FLAT,700,ok,False,40,42.0,20.366012790231146,55.63288974193579,True,193.0966106687362,True,13.296333000995219,0.15209300071001053,154.04977700021118,8.931741000153124
2026_07_21_gym,flight_85,FLAT,750,ok,False,40,45.0,20.366012790231146,55.63288974193579,True,192.4702586668233,True,13.296333000995219,0.14227799978107214,153.38161099981517,8.983369999565184
2026_07_21_gym,flight_85,FLAT,800,ok,False,40,48.0,20.366012790231146,55.63288974193579,True,193.2289816678191,True,13.296333000995219,0.14168599992990494,154.10359199997038,9.020704000256956
2026_07_21_gym,flight_85,FLAT,850,ok,False,40,50.99999999999999,20.366012790231146,55.63288974193579,True,192.84375866844007,True,13.296333000995219,0.14422199968248606,153.7761110002175,8.960426000878215
2026_07_21_gym,flight_85,FLAT,900,ok,False,40,53.99999999999999,20.366012790231146,55.63288974193579,True,192.97257366838554,True,13.296333000995219,0.1488699996843934,153.88424100074917,8.976463000290096
2026_07_21_gym,flight_85,FLAT,950,ok,False,40,56.99999999999999,20.366012790231146,55.63288974193579,True,192.3123336682717,True,13.296333000995219,0.1426489995792508,153.2231300007552,8.983555000275373
2026_07_21_gym,flight_85,FLAT,1000,ok,False,40,59.99999999999999,20.366012790231146,55.63288974193579,True,193.31105366597572,True,13.296333000995219,0.14129599928855896,154.21505499910563,8.991702999919653
2026_07_21_gym,flight_85,FLAT,1050,ok,False,40,62.99999999999999,20.366012790231146,55.63288974193579,True,193.30114766831198,True,13.296333000995219,0.14149999991059303,154.19022200070322,9.0064260000363
2026_07_21_gym,flight_85,FLAT,1100,ok,False,40,66.0,20.366012790231146,55.63288974193579,True,192.75638866766045,True,13.296333000995219,0.14125899970531464,153.70418500062078,8.947944999672472
2026_07_21_gym,flight_85,FLAT,1150,ok,False,40,69.0,20.366012790231146,55.63288974193579,True,192.25201866837838,True,13.296333000995219,0.1425370005890727,153.19209299981594,8.954389000311494
2026_07_21_gym,flight_85,FLAT,1200,ok,False,40,72.0,20.366012790231146,55.63288974193579,True,193.03681466697404,True,13.296333000995219,0.14211100060492754,153.94357400014997,8.98812999855727
2026_07_21_gym,flight_85,FLAT,1250,ok,False,40,75.0,20.366012790231146,55.63288974193579,True,192.8596846681709,True,13.296333000995219,0.14199999999254942,153.78574100043625,8.968944000080228
2026_07_21_gym,flight_86,FLAT,150,ok,True,10,9.0,147.78426730593907,452.78575078589535,True,115.214591664883,True,13.61612999998033,0.04379599913954735,75.23620299994946,9.651795999146998
2026_07_21_gym,flight_86,FLAT,200,ok,True,13,12.0,111.26782824942953,357.1972357650505,True,130.83474066729346,True,13.321204000152647,0.08377799950540066,88.03874100092798,12.72435100004077
2026_07_21_gym,flight_86,FLAT,250,ok,True,16,14.999999999999998,50.789425350892316,226.51038714111954,True,135.20696266616383,True,13.428221999667585,0.08892599958926439,91.70366600062698,13.319481999613345
2026_07_21_gym,flight_86,FLAT,300,ok,True,19,18.0,26.96827339327663,116.67149166109542,True,142.51762966594347,True,13.24561099987477,0.09557399991899729,101.99083300027996,10.518944999203086
2026_07_21_gym,flight_86,FLAT,350,ok,True,22,21.0,16.45658543946471,82.5804842519353,True,162.15846267032126,True,13.307945000939071,0.10201800055801868,119.93807400111109,12.14375900104642
2026_07_21_gym,flight_86,FLAT,400,ok,True,25,24.0,7.217886388262025,68.69272062896486,True,175.37299966501692,True,13.494943999685347,0.10801899898797274,132.91662899963558,12.186741000041366
2026_07_21_gym,flight_86,FLAT,450,ok,True,28,26.999999999999996,18.778281154425894,54.86238731253067,True,183.5290196655939,True,13.292481999844313,0.11398199945688248,140.99466700013727,12.461221999488771
2026_07_21_gym,flight_86,FLAT,490,ok,True,30,29.4,41.689548821215034,117.39695638996795,True,197.5877036663393,True,13.601166000589728,0.1212780000641942,154.40524099953473,12.793351999484003
2026_07_21_gym,flight_86,FLAT,500,ok,True,31,29.999999999999996,30.812686084784385,78.88917188927633,True,196.83564766744772,True,13.175574000924826,0.12246299907565117,153.9517590003088,12.91918500047177
2026_07_21_gym,flight_86,FLAT,550,ok,False,32,33.0,17.114892308502,54.71911209067545,True,196.5469056662793,True,13.386202999390662,0.12277700006961823,157.96888900082558,8.402369999326766
2026_07_21_gym,flight_86,FLAT,600,ok,False,32,36.0,17.114892308502,54.71911209067545,True,196.24142366709808,True,13.386202999390662,0.12379600014537573,157.6307770004496,8.433981000445783
2026_07_21_gym,flight_86,FLAT,650,ok,False,32,39.0,17.114892308502,54.71911209067545,True,197.3431666685889,True,13.386202999390662,0.12470400054007769,158.72290800139308,8.44268500059843
2026_07_21_gym,flight_86,FLAT,700,ok,False,32,42.0,17.114892308502,54.71911209067545,True,197.16173866546401,True,13.386202999390662,0.12407399993389845,158.5340179996565,8.450776999816298
2026_07_21_gym,flight_86,FLAT,750,ok,False,32,45.0,17.114892308502,54.71911209067545,True,196.92988766698787,True,13.386202999390662,0.12474099919199944,158.33759200107306,8.414685000665486
2026_07_21_gym,flight_86,FLAT,800,ok,False,32,48.0,17.114892308502,54.71911209067545,True,196.15316566607603,True,13.386202999390662,0.1253329999744892,157.52372199948877,8.451241000555456
2026_07_21_gym,flight_86,FLAT,850,ok,False,32,50.99999999999999,17.114892308502,54.71911209067545,True,197.37010966489711,True,13.386202999390662,0.12479599937796593,158.6742409998551,8.518202999606729
2026_07_21_gym,flight_86,FLAT,900,ok,False,32,53.99999999999999,17.114892308502,54.71911209067545,True,197.06259266721705,True,13.386202999390662,0.12444499973207712,158.42313000094146,8.462148000486195
2026_07_21_gym,flight_86,FLAT,950,ok,False,32,56.99999999999999,17.114892308502,54.71911209067545,True,196.90996266684184,True,13.386202999390662,0.1230929996818304,158.2967220004648,8.437278000637889
2026_07_21_gym,flight_86,FLAT,1000,ok,False,32,59.99999999999999,17.114892308502,54.71911209067545,True,196.64477666529515,True,13.386202999390662,0.12407399900257587,158.0052960002795,8.462536999955773
2026_07_21_gym,flight_86,FLAT,1050,ok,False,32,62.99999999999999,17.114892308502,54.71911209067545,True,197.37507366637388,True,13.386202999390662,0.12453700043261051,158.70235200040042,8.495314999483526
2026_07_21_gym,flight_86,FLAT,1100,ok,False,32,66.0,17.114892308502,54.71911209067545,True,196.8919816656659,True,13.386202999390662,0.12451899982988834,158.27270399965346,8.44188900012523
2026_07_21_gym,flight_86,FLAT,1150,ok,False,32,69.0,17.114892308502,54.71911209067545,True,196.9014076652626,True,13.386202999390662,0.12331499997526407,158.32353699952364,8.401685999706388
2026_07_21_gym,flight_86,FLAT,1200,ok,False,32,72.0,17.114892308502,54.71911209067545,True,196.35933266642192,True,13.386202999390662,0.12466700002551079,157.66911099944264,8.512685000896454
2026_07_21_gym,flight_86,FLAT,1250,ok,False,32,75.0,17.114892308502,54.71911209067545,True,197.46394366553673,True,13.386202999390662,0.1255369996652007,158.7306479997933,8.554889000020921
2026_07_21_gym,flight_87,FLAT,150,ok,True,10,9.0,289.5476358315248,612.1515784843451,True,116.21611066783468,True,13.21835200022906,0.04414799902588129,73.41644400078803,12.870500001125038
2026_07_21_gym,flight_87,FLAT,200,ok,True,13,12.0,44.592687901338316,167.9727579031335,True,129.89325866724053,True,13.162075000815094,0.08620299957692623,89.25801800005138,10.720296000130475
2026_07_21_gym,flight_87,FLAT,250,ok,True,16,14.999999999999998,75.7414616498283,249.74455056265225,True,137.1866296675677,True,13.482352000661194,0.09038900025188923,94.634221999906,12.313000000081956
2026_07_21_gym,flight_87,FLAT,300,ok,True,19,18.0,37.90777436996516,125.85045335818906,True,141.13436966730902,True,13.127092000097036,0.09822199959307909,101.54796299990267,9.694426001049578
2026_07_21_gym,flight_87,FLAT,350,ok,True,22,21.0,50.17083341151205,186.6138225674416,True,153.91892566687116,True,13.108629999682307,0.10429600067436695,114.00757399946451,10.031759000383317
2026_07_21_gym,flight_87,FLAT,400,ok,True,25,24.0,32.45355123410217,145.13346974027974,True,167.69661066836366,True,13.24824000056833,0.1110000004991889,126.17744500003755,11.493259000591934
2026_07_21_gym,flight_87,FLAT,450,ok,True,28,26.999999999999996,33.06510972831085,146.96483218877475,True,175.58490566692004,True,13.50205499958247,0.11720300000160933,133.8093149997294,11.489666000939906
2026_07_21_gym,flight_87,FLAT,490,ok,True,30,29.4,34.304419934982434,147.30940865908204,True,182.44472266795734,True,13.589889000169933,0.12137000076472759,140.20662999991328,11.860167000442743
2026_07_21_gym,flight_87,FLAT,500,ok,True,31,29.999999999999996,35.096955931099906,145.03028503159837,True,186.5043706667299,True,13.454593000002205,0.12349999975413084,144.43392600025982,11.825685000047088
2026_07_21_gym,flight_87,FLAT,550,ok,False,34,33.0,19.896638013196608,109.34206198494543,True,182.83172166688988,True,13.37211100012064,0.1307400008663535,144.9588519996032,7.703351999633014
2026_07_21_gym,flight_87,FLAT,600,ok,False,36,36.0,24.79491188914715,92.62700793730743,True,190.89083366623768,True,13.25288899987936,0.13625900074839592,151.87099999934435,8.96401899959892
2026_07_21_gym,flight_87,FLAT,650,ok,False,38,39.0,29.654537452815905,61.066111817087666,True,189.6833686667184,True,12.91979599930346,0.15046299993991852,150.9801290007308,8.966314000077546
2026_07_21_gym,flight_87,FLAT,700,ok,False,40,42.0,11.34114364939321,56.88361953623881,True,199.73316566708186,True,13.026313999667764,0.1437780000269413,160.6998890005052,9.196518000215292
2026_07_21_gym,flight_87,FLAT,750,ok,False,40,45.0,11.34114364939321,56.88361953623881,True,199.7205716666455,True,13.026313999667764,0.1432410003617406,160.68842499982566,9.19592500012368
2026_07_21_gym,flight_87,FLAT,800,ok,False,40,48.0,11.34114364939321,56.88361953623881,True,199.67133266633996,True,13.026313999667764,0.1432039998471737,160.6780929993838,9.157055000774562
2026_07_21_gym,flight_87,FLAT,850,ok,False,40,50.99999999999999,11.34114364939321,56.88361953623881,True,199.9863516675929,True,13.026313999667764,0.14346300065517426,160.0657970001921,10.084111000411212
2026_07_21_gym,flight_87,FLAT,900,ok,False,40,53.99999999999999,11.34114364939321,56.88361953623881,True,199.19829566559443,True,13.026313999667764,0.14375900011509657,160.13253699988127,9.229018999263644
2026_07_21_gym,flight_87,FLAT,950,ok,False,40,56.99999999999999,11.34114364939321,56.88361953623881,True,199.72029566547522,True,13.026313999667764,0.14488899987190962,160.67655499931425,9.20587099995464
2026_07_21_gym,flight_87,FLAT,1000,ok,False,40,59.99999999999999,11.34114364939321,56.88361953623881,True,199.81153666662672,True,13.026313999667764,0.14207400009036064,160.79251900035888,9.183962999843061
2026_07_21_gym,flight_87,FLAT,1050,ok,False,40,62.99999999999999,11.34114364939321,56.88361953623881,True,199.87649866721281,True,13.026313999667764,0.1441480005159974,160.88279599975795,9.15657400060445
2026_07_21_gym,flight_87,FLAT,1100,ok,False,40,66.0,11.34114364939321,56.88361953623881,True,198.98520266699293,True,13.026313999667764,0.1432959996163845,159.93129600025713,9.217630000784993
2026_07_21_gym,flight_87,FLAT,1150,ok,False,40,69.0,11.34114364939321,56.88361953623881,True,200.12831366589913,True,13.026313999667764,0.14259299915283918,161.01912899967283,9.273611000739038
2026_07_21_gym,flight_87,FLAT,1200,ok,False,40,72.0,11.34114364939321,56.88361953623881,True,199.72605366415033,True,13.026313999667764,0.14112899918109179,160.69870299939066,9.193240999244153
2026_07_21_gym,flight_87,FLAT,1250,ok,False,40,75.0,11.34114364939321,56.88361953623881,True,200.0337776650364,True,13.026313999667764,0.14227799978107214,161.01912999898195,9.179388999938965
2026_07_21_gym,flight_88,FLAT,150,fit_failed,True,10,9.0,,,,,,,,,
2026_07_21_gym,flight_88,FLAT,200,ok,True,13,12.0,109.74407428968462,231.27765005535585,True,135.6291466668869,True,13.21009200066328,0.08290700055658817,93.5934069994837,12.076073999516666
2026_07_21_gym,flight_88,FLAT,250,ok,True,16,14.999999999999998,134.60646250142537,426.4396480183086,True,148.73425866725543,True,13.095592999830842,0.08987000025808811,104.8781850002706,14.00394400022924
2026_07_21_gym,flight_88,FLAT,300,ok,True,19,18.0,157.25078627268687,442.1765027391142,True,155.38062966490784,True,13.323259999975562,0.0968889994546771,110.97433299943805,14.3194809993729
2026_07_21_gym,flight_88,FLAT,350,ok,True,22,21.0,115.18333309909866,359.6856467069388,True,159.5344996654118,True,13.423037000000477,0.11337000038474798,117.97290699928999,11.35851899906993
2026_07_21_gym,flight_88,FLAT,400,ok,True,25,24.0,136.62521178034353,440.37588800729156,True,167.68029666660973,True,13.107091999612749,0.11057399958372116,124.82987100072205,12.966093000024557
2026_07_21_gym,flight_88,FLAT,450,ok,True,28,26.999999999999996,80.23981783442845,247.22300410776114,True,178.2202026663969,True,13.297739999368787,0.11579599976539612,134.8611860005185,13.278814000077546
2026_07_21_gym,flight_88,FLAT,490,ok,True,28,29.4,80.23981783442845,247.22300410776114,True,178.51792466609427,True,13.297739999368787,0.11579600069671869,135.18840699922293,13.249315000139177
2026_07_21_gym,flight_88,FLAT,500,ok,True,29,29.999999999999996,64.66551420330846,130.4674992048119,True,178.80875966666886,True,13.370444000698626,0.11881500016897917,135.1641109995544,13.488722999580204
2026_07_21_gym,flight_88,FLAT,550,ok,True,31,33.0,87.32751876103069,172.95198346847846,False,194.3156856658558,True,13.424537000246346,0.12309199944138527,150.2651669997722,13.836222999729216
2026_07_21_gym,flight_88,FLAT,600,ok,True,34,36.0,78.78826653020332,171.48186154351114,True,199.79564766554782,True,13.775258999317884,0.12944399937987328,155.26142599992454,13.962852000258863
2026_07_21_gym,flight_88,FLAT,650,ok,False,37,39.0,62.649931639588324,146.66706036719438,True,209.2295726655672,True,13.359128999523818,0.13559199962764978,168.5344810001552,10.533703999593854
2026_07_21_gym,flight_88,FLAT,700,ok,False,40,42.0,21.769009159732974,82.4222331517528,True,208.69085066827634,True,13.26135199982673,0.14262900035828352,167.31205500103533,11.308148000389338
2026_07_21_gym,flight_88,FLAT,750,ok,False,40,45.0,21.769009159732974,82.4222331517528,True,207.94287066782513,True,13.26135199982673,0.1432039998471737,167.33596300054342,10.535685000941157
2026_07_21_gym,flight_88,FLAT,800,ok,False,40,48.0,21.769009159732974,82.4222331517528,True,208.46066666642824,True,13.26135199982673,0.14196299947798252,167.88988899998367,10.500796000473201
2026_07_21_gym,flight_88,FLAT,850,ok,False,40,50.99999999999999,21.769009159732974,82.4222331517528,True,208.43811066510776,True,13.26135199982673,0.1419069990515709,167.8454440003261,10.522740999236703
2026_07_21_gym,flight_88,FLAT,900,ok,False,40,53.99999999999999,21.769009159732974,82.4222331517528,True,209.14477766646692,True,13.26135199982673,0.15485200006514788,167.71483299974352,11.347074000164866
2026_07_21_gym,flight_88,FLAT,950,ok,False,40,56.99999999999999,21.769009159732974,82.4222331517528,True,208.11581466688463,True,13.26135199982673,0.14270300045609474,167.52662999927998,10.518463000655174
2026_07_21_gym,flight_88,FLAT,1000,ok,False,40,59.99999999999999,21.769009159732974,82.4222331517528,True,208.6253516661624,True,13.26135199982673,0.14149999991059303,168.01062999945134,10.545203000307083
2026_07_21_gym,flight_88,FLAT,1050,ok,False,40,62.99999999999999,21.769009159732974,82.4222331517528,True,208.62029566677907,True,13.26135199982673,0.14342499990016222,167.98959300015122,10.559259000234306
2026_07_21_gym,flight_88,FLAT,1100,ok,False,40,66.0,21.769009159732974,82.4222331517528,True,208.62968666727343,True,13.26135199982673,0.1425000000745058,168.11579700000584,10.443371000699699
2026_07_21_gym,flight_88,FLAT,1150,ok,False,40,69.0,21.769009159732974,82.4222331517528,True,208.1008336652691,True,13.26135199982673,0.1437780000269413,167.501666999422,10.527369999326766
2026_07_21_gym,flight_88,FLAT,1200,ok,False,40,72.0,21.769009159732974,82.4222331517528,True,209.1429256654034,True,13.26135199982673,0.14166599977761507,168.5540369991213,10.519204000011086
2026_07_21_gym,flight_88,FLAT,1250,ok,False,40,75.0,21.769009159732974,82.4222331517528,True,208.62542666650066,True,13.26135199982673,0.14381499961018562,168.0355190001428,10.518074000254273
2026_07_21_gym,flight_9,FLAT,150,ok,True,10,9.0,75.54474959603205,199.25353117247224,True,116.40862966577212,True,13.06805600039661,0.04461099952459335,73.78668500017375,12.842610999010503
2026_07_21_gym,flight_9,FLAT,200,ok,True,13,12.0,40.00106369183038,73.7258041336472,True,128.3622216672326,True,13.239629000425339,0.08550000004470348,87.9570550005883,10.413370999507606
2026_07_21_gym,flight_9,FLAT,250,ok,True,16,14.999999999999998,54.960285672706036,107.40713459195013,True,135.856444666783,True,13.242111000232399,0.09277700074017048,93.5245929993689,12.330296999774873
2026_07_21_gym,flight_9,FLAT,300,ok,True,19,18.0,42.33876911401342,113.84614803892477,True,164.8921666673074,True,13.338037000969052,0.09720399975776672,125.07462999969721,9.715629000216722
2026_07_21_gym,flight_9,FLAT,350,ok,True,22,21.0,33.360112242347974,88.40078673423365,True,155.11746166615436,True,13.577091999351978,0.10459199920296669,114.93820300046355,9.830908000469208
2026_07_21_gym,flight_9,FLAT,400,ok,True,25,24.0,35.16681970810251,83.70509256452407,True,159.945129666167,True,13.229778000153601,0.11207399982959032,118.0309069994837,11.905704000033438
2026_07_21_gym,flight_9,FLAT,450,ok,True,28,26.999999999999996,39.424581452953426,88.90281849973476,True,167.22303766633073,True,13.522184999659657,0.11622299998998642,125.36127800028771,11.556684999726713
2026_07_21_gym,flight_9,FLAT,490,ok,True,30,29.4,22.044924694260942,51.64070021846465,True,175.72951766724387,True,13.418666999787092,0.12111099995672703,133.79177700076252,11.73129600007087
2026_07_21_gym,flight_9,FLAT,500,ok,True,31,29.999999999999996,16.777907942747866,39.77726581584206,True,183.72038966758797,True,13.95579699985683,0.12351900059729815,141.1418330008164,11.832573999650776
2026_07_21_gym,flight_9,FLAT,550,ok,True,34,33.0,53.527976600516894,122.85950440961882,True,187.452239666755,True,13.391165999695659,0.12940699979662895,145.20151800010353,12.063482000492513
2026_07_21_gym,flight_9,FLAT,600,ok,False,37,36.0,17.23734897524173,42.59580111060683,True,191.6439626670132,True,13.110500000417233,0.13520399946719408,152.74594399984926,8.985648000612855
2026_07_21_gym,flight_9,FLAT,650,ok,False,40,39.0,49.71779277916861,119.25499535957206,True,193.22429766754308,True,13.389462999999523,0.1429449999704957,154.0538149997592,8.97140800114721
2026_07_21_gym,flight_9,FLAT,700,ok,False,41,42.0,50.313847371515365,108.22052626338743,True,201.77492566655079,True,13.494203000329435,0.14390800055116415,162.50303699914366,8.96711099985987
2026_07_21_gym,flight_9,FLAT,750,ok,False,41,45.0,50.313847371515365,108.22052626338743,True,201.69644366732487,True,13.494203000329435,0.14359300024807453,162.4394439999014,8.95253700017929
2026_07_21_gym,flight_9,FLAT,800,ok,False,41,48.0,50.313847371515365,108.22052626338743,True,200.95364766723165,True,13.494203000329435,0.14559300057590008,161.59242599923164,9.054759000428021
2026_07_21_gym,flight_9,FLAT,850,ok,False,41,50.99999999999999,50.313847371515365,108.22052626338743,True,201.8890556671346,True,13.494203000329435,0.1454260004684329,162.59938899986446,8.98337099980563
2026_07_21_gym,flight_9,FLAT,900,ok,False,41,53.99999999999999,50.313847371515365,108.22052626338743,True,201.47481466612467,True,13.494203000329435,0.14401899930089712,162.18427800014615,8.985647999681532
2026_07_21_gym,flight_9,FLAT,950,ok,False,41,56.99999999999999,50.313847371515365,108.22052626338743,True,201.77301766599217,True,13.494203000329435,0.14292600005865097,162.52305599860847,8.946166000328958
2026_07_21_gym,flight_9,FLAT,1000,ok,False,41,59.99999999999999,50.313847371515365,108.22052626338743,True,201.03005366648236,True,13.494203000329435,0.14398099947720766,161.7020180001855,9.02318499982357
2026_07_21_gym,flight_9,FLAT,1050,ok,False,41,62.99999999999999,50.313847371515365,108.22052626338743,True,202.22479466783503,True,13.494203000329435,0.14511100016534328,162.89137000124902,9.027443999424577
2026_07_21_gym,flight_9,FLAT,1100,ok,False,41,66.0,50.313847371515365,108.22052626338743,True,201.76344366713116,True,13.494203000329435,0.14374100044369698,162.39911099988967,9.059721999801695
2026_07_21_gym,flight_9,FLAT,1150,ok,False,41,69.0,50.313847371515365,108.22052626338743,True,201.66699866733202,True,13.494203000329435,0.14425900019705296,162.40387000050396,8.957999999634922
2026_07_21_gym,flight_9,FLAT,1200,ok,False,41,72.0,50.313847371515365,108.22052626338743,True,200.82838766711453,True,13.494203000329435,0.143907000310719,161.5230559995398,9.000555000267923
2026_07_21_gym,flight_9,FLAT,1250,ok,False,41,75.0,50.313847371515365,108.22052626338743,True,201.6144246670107,True,13.494203000329435,0.1532779997214675,162.307536999695,8.992740000598133
2026_07_21_gym,flight_90,FLAT,150,ok,True,9,9.0,130.14394816398777,265.08365236425226,True,131.41564766565958,True,14.748185999691486,0.042369999922811985,86.37001799978316,13.588406999595463
2026_07_21_gym,flight_90,FLAT,200,ok,True,12,12.0,96.16143525921541,178.24915327958584,True,136.410906665648,True,14.393147999420762,0.08398200012743473,94.1560920001939,11.111017999239266
2026_07_21_gym,flight_90,FLAT,250,ok,True,15,14.999999999999998,83.65156162607782,161.64146769220756,True,141.46257366767773,True,14.438463000580668,0.08940699975937605,97.30009200051427,12.96794500015676
2026_07_21_gym,flight_90,FLAT,300,ok,True,18,18.0,63.779341631420735,119.93458714303742,True,148.40925766682872,True,14.80022200010717,0.09572200011461973,103.47587000019848,13.370776999741793
2026_07_21_gym,flight_90,FLAT,350,ok,True,21,21.0,65.71390898395985,114.2253950201841,True,160.7411666677023,True,14.460888999514282,0.10479599982500076,118.77303700055927,10.735778001137078
2026_07_21_gym,flight_90,FLAT,400,ok,True,24,24.0,22.226220734518392,31.646317960886314,True,161.7516866667817,True,14.484315000474453,0.10840800032019615,118.6468149991706,11.845482000149786
2026_07_21_gym,flight_90,FLAT,450,ok,True,27,26.999999999999996,12.460442546225943,12.482242713419256,True,168.96783266464868,True,14.658760000020266,0.11457399930804968,125.36612899880856,12.161702999845147
2026_07_21_gym,flight_90,FLAT,490,ok,True,29,29.4,15.239062505202753,28.625181936650755,True,173.38557366809496,True,14.697925999760628,0.11796300020068884,128.66820300091058,13.23481500055641
2026_07_21_gym,flight_90,FLAT,500,ok,True,30,29.999999999999996,31.742646152381976,56.23057759653263,True,184.44205566650876,True,14.728443999774754,0.121760000474751,140.35629599913955,12.568889000453055
2026_07_21_gym,flight_90,FLAT,550,ok,True,33,33.0,5.910500782212791,18.475290863181005,True,193.35270466810712,True,14.663832999765873,0.12637100089341402,149.17016700003296,12.725667000748217
2026_07_21_gym,flight_90,FLAT,600,ok,True,36,36.0,8.745629414987794,32.176944519987515,True,192.2545186659942,True,14.530203999951482,0.13333300035446882,147.7331289993599,13.191185999661684
2026_07_21_gym,flight_90,FLAT,650,ok,False,39,39.0,21.392964959553307,47.18930430733926,True,202.5819616668547,True,14.392740000039339,0.139295999892056,161.80816600006074,9.57509300019592
2026_07_21_gym,flight_90,FLAT,700,ok,False,42,42.0,28.14723790821347,66.46713400692161,True,203.6203146657596,True,14.650647999718785,0.1455929996445775,162.26629599928856,9.891111000441015
2026_07_21_gym,flight_90,FLAT,750,ok,False,45,45.0,15.858407272640346,46.21839739437737,True,209.7312576683859,True,14.71140700019896,0.1526290001347661,168.26887000072747,9.931685000658035
2026_07_21_gym,flight_90,FLAT,800,ok,False,45,48.0,15.858407272640346,46.21839739437737,True,209.92059266629317,True,14.71140700019896,0.15263000037521124,168.5373149998486,9.852573999203742
2026_07_21_gym,flight_90,FLAT,850,ok,False,45,50.99999999999999,15.858407272640346,46.21839739437737,True,209.7340926673884,True,14.71140700019896,0.15088899992406368,168.39370399992913,9.811426000669599
2026_07_21_gym,flight_90,FLAT,900,ok,False,45,53.99999999999999,15.858407272640346,46.21839739437737,True,209.09168466708311,True,14.71140700019896,0.15500000026077032,167.5575929991901,10.001018000766635
2026_07_21_gym,flight_90,FLAT,950,ok,False,45,56.99999999999999,15.858407272640346,46.21839739437737,True,209.69146266641715,True,14.71140700019896,0.1538519999012351,168.30168499983847,9.857851999811828
2026_07_21_gym,flight_90,FLAT,1000,ok,False,45,59.99999999999999,15.858407272640346,46.21839739437737,True,235.55981366584697,True,14.71140700019896,0.15266599971801043,194.17861100006849,9.85046299919486
2026_07_21_gym,flight_90,FLAT,1050,ok,False,45,62.99999999999999,15.858407272640346,46.21839739437737,True,209.7292776663477,True,14.71140700019896,0.15163000021129847,168.30679599940777,9.892777999863029
2026_07_21_gym,flight_90,FLAT,1100,ok,False,45,66.0,15.858407272640346,46.21839739437737,True,209.1241296675677,True,14.71140700019896,0.15635200031101704,167.71270400006324,9.877000000327826
2026_07_21_gym,flight_90,FLAT,1150,ok,False,45,69.0,15.858407272640346,46.21839739437737,True,209.81703666659692,True,14.71140700019896,0.15222200006246567,168.40550000034273,9.88124099932611
2026_07_21_gym,flight_90,FLAT,1200,ok,False,45,72.0,15.858407272640346,46.21839739437737,True,209.66731466787556,True,14.71140700019896,0.15198200102895498,168.28375899977982,9.853500000201166
2026_07_21_gym,flight_90,FLAT,1250,ok,False,45,75.0,15.858407272640346,46.21839739437737,True,209.52370366795608,True,14.71140700019896,0.1524999998509884,168.1422780007124,9.850852000527084
2026_07_21_gym,flight_92,LOB,150,fit_failed,True,10,9.0,,,,,,,,,
2026_07_21_gym,flight_92,LOB,200,ok,True,13,12.0,272.01455401877183,366.43231689562595,True,143.28040766591826,True,13.771537000313401,0.08375999983400106,87.25533299986273,25.50311099924147
2026_07_21_gym,flight_92,LOB,250,ok,True,16,14.999999999999998,234.5070488927279,284.96277075126744,True,148.9788696669663,True,13.32261100038886,0.09122200030833483,95.46631499938667,23.43205500021577
2026_07_21_gym,flight_92,LOB,300,ok,True,18,18.0,632.2286615258995,780.2624689869913,True,156.71172266608724,True,13.500741000287235,0.09518499951809645,101.98531499970704,24.46381499990821
2026_07_21_gym,flight_92,LOB,350,ok,True,21,21.0,150.80638915859262,171.01082484449134,True,177.56061166680107,True,13.457426000386477,0.10276000015437603,127.96314799971879,19.37061099987477
2026_07_21_gym,flight_92,LOB,400,ok,True,24,24.0,155.6901417757285,177.90509408571796,True,194.60003566617766,True,13.212906999513507,0.10770300030708313,142.4495000001043,22.163258999586105
2026_07_21_gym,flight_92,LOB,450,ok,True,27,26.999999999999996,146.63885109479804,179.29718283915264,True,212.019350665311,True,13.22664799913764,0.11522200051695108,159.25212899968028,22.75868499930948
2026_07_21_gym,flight_92,LOB,490,ok,True,28,29.4,137.00940269709432,170.03575701456023,True,202.9817046659688,True,13.302203999832273,0.11627800017595291,150.00781499873847,22.888741000555456
2026_07_21_gym,flight_92,LOB,500,ok,True,29,29.999999999999996,111.64157253853821,144.39883011533283,True,213.2933876660342,True,13.14466599933803,0.1184440003708005,160.21703699976206,23.146573999896646
2026_07_21_gym,flight_92,LOB,550,ok,True,32,33.0,119.82541308250659,140.48291690556854,True,227.18357566713044,True,13.192945000715554,0.13624100014567375,173.42114900052547,23.76657399907708
2026_07_21_gym,flight_92,LOB,600,ok,True,35,36.0,117.9367029983167,151.8390280858412,True,233.0798336646209,True,13.582128998823464,0.132167000323534,184.41392599977553,18.284944999031723
2026_07_21_gym,flight_92,LOB,650,ok,True,38,39.0,107.11754388545447,151.78934051988628,True,235.10768566622087,True,13.222962999716401,0.1379450000822544,184.67261100001633,20.40749999973923
2026_07_21_gym,flight_92,LOB,700,ok,True,41,42.0,95.74961228336316,136.56890424661756,True,258.24135066724074,True,13.490333000198007,0.14418500009924173,207.05433300044388,20.885832999832928
2026_07_21_gym,flight_92,LOB,750,ok,True,44,45.0,92.29963086099308,112.251585271596,True,256.50957266862196,True,13.266500000841916,0.15011100005358458,205.21194400079548,21.214351000264287
2026_07_21_gym,flight_92,LOB,800,ok,True,47,48.0,67.12898317139178,93.46350686686162,True,273.31007366689545,True,13.150797000154853,0.15614800062030554,221.76361100003123,21.57285099942237
2026_07_21_gym,flight_92,LOB,850,ok,True,50,50.99999999999999,56.06505282962223,72.40724139988616,True,278.73529766562086,True,13.087944999337196,0.16138899978250265,226.9798520002514,21.839444999583066
2026_07_21_gym,flight_92,LOB,900,ok,True,53,53.99999999999999,55.3723032376854,71.4501081437015,True,284.31162866639596,True,13.844184999354184,0.1668699998408556,231.587222000584,22.04668499995023
2026_07_21_gym,flight_92,LOB,950,ok,True,56,56.99999999999999,51.21926546002766,67.04586851303024,True,290.5258516694109,True,13.383445001207292,0.17388900090008974,237.08735099993646,23.214500000700355
2026_07_21_gym,flight_92,LOB,1000,ok,True,59,59.99999999999999,53.67381946493822,66.68246439377442,True,296.86524166787666,True,13.121593000367284,0.1785000003874302,244.24881500005722,22.64966700039804
2026_07_21_gym,flight_92,LOB,1050,ok,True,62,62.99999999999999,45.18080702733145,58.06756740431921,True,310.70455566576373,True,13.363555000163615,0.1845559999346733,255.1883699996397,25.30140799935907
2026_07_21_gym,flight_92,LOB,1100,ok,True,65,66.0,29.479007492764172,33.594585205875816,True,315.7697036682318,True,13.296351999975741,0.1930740000680089,260.2092960001901,25.40431500133127
2026_07_21_gym,flight_92,LOB,1150,ok,False,68,69.0,12.934724707939257,9.029853339374172,True,311.53037066726637,True,13.78392600081861,0.19783399999141693,264.3454999998212,16.53644399996847
2026_07_21_gym,flight_92,LOB,1200,ok,False,71,72.0,9.18150375375616,5.316558570495742,True,316.2805736657853,True,13.618425999768078,0.20505499932914972,268.9489070000127,16.841519000008702
2026_07_21_gym,flight_92,LOB,1250,ok,False,74,75.0,9.935688605234219,8.058463163502026,True,321.6836466655756,True,13.053758999332786,0.25444400031119585,274.8132959995419,16.895480999723077
2026_07_21_gym,flight_93,LOB,150,fit_failed,True,8,9.0,,,,,,,,,
2026_07_21_gym,flight_93,LOB,200,fit_failed,True,10,12.0,,,,,,,,,
2026_07_21_gym,flight_93,LOB,250,ok,True,13,14.999999999999998,240.95224501615405,201.17286280845144,False,157.79137066720673,True,14.40274100098759,0.08477799966931343,102.49861100036651,24.138573999516666
2026_07_21_gym,flight_93,LOB,300,ok,True,16,18.0,338.32631541952054,308.2553062602973,False,166.62963066498438,True,14.665297000668943,0.09374099969863892,110.2041479991749,24.999777998775244
2026_07_21_gym,flight_93,LOB,350,ok,True,18,21.0,326.1107281891241,280.4051791216047,False,178.94792566696802,True,15.045684999786317,0.09726000018417835,126.30837000068277,20.829943999648094
2026_07_21_gym,flight_93,LOB,400,ok,True,21,24.0,256.26503535845967,237.16799494095372,False,198.12668466536948,True,14.675906999967992,0.10501899942755699,143.589999999851,23.089091999456286
2026_07_21_gym,flight_93,LOB,450,ok,True,24,26.999999999999996,161.12050070500737,198.38980681869356,True,212.00870466760048,True,14.635222000069916,0.11044500023126602,157.11129700019956,23.485074000433087
2026_07_21_gym,flight_93,LOB,490,ok,True,26,29.4,237.30478181485947,308.823283620045,True,223.07410966760168,True,14.635685000568628,0.11351800058037043,167.58375899959356,24.074481000192463
2026_07_21_gym,flight_93,LOB,500,ok,True,27,29.999999999999996,243.20275319509685,309.5356371593741,True,224.3352966668705,True,15.230722000822425,0.11616699956357479,168.07331500016153,24.24842599965632
2026_07_21_gym,flight_93,LOB,550,ok,True,30,33.0,155.65971333672383,197.40199057932867,True,231.71068566634008,True,14.482981000095606,0.1231300001963973,175.63855599984527,24.799351999536157
2026_07_21_gym,flight_93,LOB,600,ok,True,30,36.0,155.65971333672383,197.40199057932867,True,232.7769426672409,True,14.482981000095606,0.12101800087839365,176.66196200065315,24.844314998947084
2026_07_21_gym,flight_93,LOB,650,ok,True,33,39.0,141.25810724643574,167.24127470562266,True,249.12187166667232,True,14.507019000127912,0.1291669998317957,196.31174100004137,21.50727800000459
2026_07_21_gym,flight_93,LOB,700,ok,True,36,42.0,91.3784307601888,113.96730362299296,True,256.3454076663281,True,14.743110999464989,0.13420400023460388,202.93196299951524,21.869463000446558
2026_07_21_gym,flight_93,LOB,750,ok,True,39,45.0,117.4821060294077,136.5595426208405,True,269.0088146651785,True,14.446851999498904,0.14018499944359064,215.81348099932075,21.94163000024855
2026_07_21_gym,flight_93,LOB,800,ok,True,42,48.0,115.49153618779903,125.4885277571817,True,276.0781116659443,True,14.790426000021398,0.14557400066405535,222.21133399941027,22.264110999181867
2026_07_21_gym,flight_93,LOB,850,ok,True,45,50.99999999999999,81.49474510227519,88.68043629464775,True,287.7770376658688,True,14.671406999230385,0.15242599975317717,233.70626000035554,22.58027799986303
2026_07_21_gym,flight_93,LOB,900,ok,True,48,53.99999999999999,84.83095747690983,97.01620214129481,True,304.6019456672172,True,14.5339820003137,0.1578890010714531,250.37074099946767,22.872666999697685
2026_07_21_gym,flight_93,LOB,950,ok,True,51,56.99999999999999,83.33806360087415,88.67550933611113,True,301.4257596662889,True,14.656777000054717,0.16390800010412931,246.73005599994212,23.208351999521255
2026_07_21_gym,flight_93,LOB,1000,ok,True,54,59.99999999999999,43.960797318858766,60.77885103219262,True,302.5442036666597,True,14.381296000443399,0.1699629994109273,247.78251899965107,23.543759000487626
2026_07_21_gym,flight_93,LOB,1050,ok,True,57,62.99999999999999,53.91702959617953,40.27390728698439,True,334.4137766684095,True,14.699481000192463,0.17568500060588121,276.89935200009495,25.972592000849545
2026_07_21_gym,flight_93,LOB,1100,ok,True,60,66.0,41.584349854569396,32.956254924624226,True,320.5266836655016,True,14.398684999905527,0.1843149997293949,263.0409249998629,26.236091999337077
2026_07_21_gym,flight_93,LOB,1150,ok,True,62,69.0,34.28759573076786,33.57325174550969,True,324.62540766658884,True,14.6880369996652,0.186684999614954,266.96277800016105,26.12124100048095
2026_07_21_gym,flight_93,LOB,1200,ok,False,65,72.0,25.730430649246145,37.12826546988135,True,321.16427666756016,True,14.917555000633001,0.19187000021338463,270.98135199956596,18.40683300048113
2026_07_21_gym,flight_93,LOB,1250,ok,False,68,75.0,21.03287346820753,8.156262056643094,True,324.20436966667575,True,14.38111099973321,0.20012900047004223,275.36946299951524,17.587000000290573
2026_07_21_gym,flight_94,LOB,150,ok,True,10,9.0,311.4203509727154,234.01008016799875,True,134.86957466757545,True,14.636203999631107,0.04496300034224987,81.4342410005629,22.08750000037253
2026_07_21_gym,flight_94,LOB,200,ok,True,13,12.0,345.95467186242115,253.12375649173816,True,143.75074066563198,True,14.357037000358105,0.08362999930977821,88.6172589994967,24.02614799980074
2026_07_21_gym,flight_94,LOB,250,ok,True,16,14.999999999999998,118.95883675754028,139.47210049308552,True,150.48079566533366,True,14.980611000210047,0.09248199965804815,96.97209199983627,21.76894399896264
2026_07_21_gym,flight_94,LOB,300,ok,True,19,18.0,74.78403912969195,84.58575774058178,True,169.50333466908583,True,14.746667000465095,0.09900000132620335,115.00216700043529,22.988834000192583
2026_07_21_gym,flight_94,LOB,350,ok,True,22,21.0,49.33662305477643,58.33251127887906,True,172.27588766502836,True,14.67837099917233,0.10425900015980005,121.92946199886501,18.89712900016457
2026_07_21_gym,flight_94,LOB,400,ok,True,25,24.0,50.27018783410156,74.6328925526058,True,176.52586966535696,True,14.377684999257326,0.11068500019609928,124.59122199937701,20.77961099985987
2026_07_21_gym,flight_94,LOB,450,ok,True,28,26.999999999999996,54.51002690443081,60.6434968177272,True,191.91546266774336,True,14.276037000119686,0.11666600033640862,139.5018520001322,21.3542410004884
2026_07_21_gym,flight_94,LOB,490,ok,True,30,29.4,34.63030926819191,50.27216948548431,True,202.58901866494367,True,14.695240999571979,0.12094499915838242,149.4801289997995,21.626036999747157
2026_07_21_gym,flight_94,LOB,500,ok,True,31,29.999999999999996,158.6575094964656,196.69048631386755,True,199.70731466511884,True,13.483814999461174,0.12364799901843071,147.57931500021368,21.8538699997589
2026_07_21_gym,flight_94,LOB,550,ok,True,34,33.0,20.496653722231923,38.73719860603502,True,206.4417786669607,True,13.444482000544667,0.1293150009587407,153.91199999954551,22.289314999245107
2026_07_21_gym,flight_94,LOB,600,ok,True,37,36.0,27.0022896411495,42.26848950841381,True,217.00472266661623,True,14.473258999176323,0.13526000082492828,170.62394399940968,15.105593000538647
2026_07_21_gym,flight_94,LOB,650,ok,True,40,39.0,21.37033124238621,30.329156964216125,True,212.8276656658078,True,13.367703999392688,0.1414439994841814,165.3804440004751,17.27140699978918
2026_07_21_gym,flight_94,LOB,700,ok,True,42,42.0,73.45083077192838,70.79540866591475,True,233.82233366618553,True,13.195092999376357,0.1446110000833869,184.05590800009668,19.76005499996245
2026_07_21_gym,flight_94,LOB,750,ok,True,45,45.0,69.0642286744457,75.53624324286304,True,241.98033266576627,True,13.494832999072969,0.1530919997021556,191.42322199977934,20.242519000545144
2026_07_21_gym,flight_94,LOB,800,ok,True,48,48.0,61.822807367732786,64.20861398784017,True,247.23124066522965,True,13.401258999481797,0.15925899986177683,196.79099999926984,20.213055999949574
2026_07_21_gym,flight_94,LOB,850,ok,True,50,50.99999999999999,65.19301075481214,72.88279488713587,True,283.7241846655185,True,13.330684999935329,0.16199999954551458,233.07012999989092,20.49470299948007
2026_07_21_gym,flight_94,LOB,900,ok,True,52,53.99999999999999,77.74160627097801,77.7329589275197,True,261.5816476667921,True,13.466777000576258,0.16600000020116568,210.52774100005627,20.754462999291718
2026_07_21_gym,flight_94,LOB,950,ok,True,54,56.99999999999999,55.18856416370005,62.56685496532989,True,273.2272776660199,True,13.357110999524593,0.17205600067973137,221.20929599925876,21.82214799989015
2026_07_21_gym,flight_94,LOB,1000,ok,True,56,59.99999999999999,17.741316462201098,23.575360569675876,True,273.0630176678921,True,13.701851000078022,0.17499999981373549,221.16438900120556,21.35511100012809
2026_07_21_gym,flight_94,LOB,1050,ok,True,59,62.99999999999999,34.77776153733594,40.83535407481547,True,288.4904266667242,True,13.255889000371099,0.1792409997433424,234.83107400033623,23.557555999606848
2026_07_21_gym,flight_94,LOB,1100,ok,True,62,66.0,31.16666746045881,40.46089065101848,True,292.5091296664129,True,13.121647999621928,0.18537000007927418,238.73872199933976,23.796723000705242
2026_07_21_gym,flight_94,LOB,1150,ok,True,65,69.0,14.722538357902856,4.354692180645903,True,301.2515366661052,True,13.46318499930203,0.19375900086015463,246.73501800000668,24.192907999269664
2026_07_21_gym,flight_94,LOB,1200,ok,False,68,72.0,7.029992347611273,10.641700450605772,True,298.0145366682361,True,13.042222000658512,0.19822200015187263,252.27261100057513,15.83481500018388
2026_07_21_gym,flight_94,LOB,1250,ok,False,71,75.0,29.248049342113735,37.11962613820699,True,306.83592566630495,True,13.407630000263453,0.20588899962604046,260.52429599966854,16.031444000080228
2026_07_21_gym,flight_95,LOB,150,ok,True,10,9.0,549.4608927686296,849.9663071438112,True,129.35279566670457,True,14.733443999662995,0.04537100065499544,73.55001799948514,24.357296000234783
2026_07_21_gym,flight_95,LOB,200,ok,True,13,12.0,410.11731763866277,606.8365529028782,False,145.73374066563943,True,14.496295999735594,0.08396300021559,88.65701899956912,25.82979599945247
2026_07_21_gym,flight_95,LOB,250,ok,True,16,14.999999999999998,385.1775882680145,613.7354319082579,True,151.16812866802016,True,14.271666999906301,0.09301800094544888,95.49657400045544,24.640203000046313
2026_07_21_gym,flight_95,LOB,300,ok,True,19,18.0,405.94393798521367,638.163147487527,True,170.88761166731516,True,14.575925999321043,0.09700000006705523,114.7237410005182,24.824278000742197
2026_07_21_gym,flight_95,LOB,350,ok,True,22,21.0,301.29918119428964,492.39203481476034,False,187.97314766670266,True,14.514814999885857,0.10344400070607662,136.63472199905664,20.05350000038743
2026_07_21_gym,flight_95,LOB,400,ok,True,25,24.0,271.7550899466729,413.4698954591923,False,194.5806466663877,True,14.611295999959111,0.11157399974763393,141.24553599953651,21.94557400047779
2026_07_21_gym,flight_95,LOB,450,ok,True,28,26.999999999999996,294.3589575919351,415.2479214573319,False,205.37294566600272,True,14.504666999913752,0.11720399931073189,151.52488899976015,22.55951900035143
2026_07_21_gym,flight_95,LOB,490,ok,True,30,29.4,215.19677007020596,336.0849709899702,False,214.00731466679522,True,14.497276999987662,0.12185200024396181,159.70448200032115,23.017036999575794
2026_07_21_gym,flight_95,LOB,500,ok,True,31,29.999999999999996,249.04903978284358,354.2697421112738,False,223.32770466494063,True,14.608277999795973,0.12236999999731779,168.818259999156,23.11212999932468
2026_07_21_gym,flight_95,LOB,550,ok,True,34,33.0,245.3652981782018,341.7953838032577,False,224.60051966520646,True,14.273926000110805,0.13035199977457523,169.9031669991091,23.626407999545336
2026_07_21_gym,flight_95,LOB,600,ok,True,35,36.0,206.07039416759062,297.0214894094554,False,232.13440766527006,True,14.691925999708474,0.13159299921244383,182.47122200019658,18.17299999948591
2026_07_21_gym,flight_95,LOB,650,ok,True,38,39.0,177.67248075976576,254.4524863770172,False,237.453295666414,True,14.745000001043081,0.1376849990338087,184.42283300030977,21.48111099936068
2026_07_21_gym,flight_95,LOB,700,ok,True,40,42.0,183.6744426002028,277.97634800132295,False,272.6883876655872,True,14.53005599975586,0.1427769996225834,220.647536999546,20.701350999996066
2026_07_21_gym,flight_95,LOB,750,ok,True,43,45.0,109.04402906109743,196.5095297434998,True,265.00398066422594,True,14.617573999799788,0.1463889991864562,212.5565549992025,21.016795999370515
2026_07_21_gym,flight_95,LOB,800,ok,True,46,48.0,138.13472548488068,201.91713257707437,True,273.1858136650796,True,14.559388999827206,0.1533329989761114,220.4725179998204,21.33390699978918
2026_07_21_gym,flight_95,LOB,850,ok,True,49,50.99999999999999,71.16062451414068,140.964578683629,True,276.56946366714936,True,14.447963000275195,0.16061099991202354,223.85951900016516,21.434704000130296
2026_07_21_gym,flight_95,LOB,900,ok,True,52,53.99999999999999,84.08703664425259,131.66167432827044,True,289.67018366760266,True,14.744740000925958,0.1668699998408556,236.17453700024635,21.917369999922812
2026_07_21_gym,flight_95,LOB,950,ok,True,55,56.99999999999999,74.98241501344468,123.81659026828328,True,292.55746166563284,True,14.560573999769986,0.16957399901002645,238.94298100005835,22.217666000127792
2026_07_21_gym,flight_95,LOB,1000,ok,True,58,59.99999999999999,54.66750052210311,96.52713931368868,True,302.6887776652972,True,14.504795999266207,0.1786669995635748,248.8635369995609,22.47511100023985
2026_07_21_gym,flight_95,LOB,1050,ok,True,61,62.99999999999999,66.13031222777477,110.05736837871444,True,318.40975966552895,True,14.583073999732733,0.18218599911779165,262.1057780003175,24.872054999694228
2026_07_21_gym,flight_95,LOB,1100,ok,True,63,66.0,78.83909583774202,124.56295753336951,True,320.42186866669607,True,14.623277000151575,0.18816599994897842,264.0429809996858,24.900778000243008
2026_07_21_gym,flight_95,LOB,1150,ok,False,66,69.0,64.96250899890713,106.97668653722543,True,316.91662966801476,True,14.549037001095712,0.19487100094556808,268.56912899948657,16.936925999820232
2026_07_21_gym,flight_95,LOB,1200,ok,False,69,72.0,59.42875679269183,109.63971150108414,True,325.15003666623187,True,14.436778000555933,0.20349999982863665,277.02522199973464,16.817869999445975
2026_07_21_gym,flight_95,LOB,1250,ok,False,72,75.0,84.42074047207018,126.84637317400217,True,321.15353666587424,True,14.747092000208795,0.20503699965775013,272.74261099938303,16.79212999995798
2026_07_21_gym,flight_96,LOB,150,ok,True,10,9.0,784.377987749353,734.7386536508883,False,129.32427766515562,True,14.47892600018531,0.05075899884104729,72.61501799989492,25.512907999567688
2026_07_21_gym,flight_96,LOB,200,ok,True,13,12.0,758.8854783570762,763.2184565399158,False,147.1597206663961,True,14.751296000555158,0.08605500031262636,87.5496659995988,28.10603699926287
2026_07_21_gym,flight_96,LOB,250,ok,True,16,14.999999999999998,556.2518595390541,584.1462370234839,False,149.44618566768864,True,14.518093000166118,0.0936660012230277,92.54749999940395,25.620260000228882
2026_07_21_gym,flight_96,LOB,300,ok,True,19,18.0,482.7775574013116,530.9923770876605,True,160.1243896667535,True,14.344278000295162,0.09942599944770336,102.41144500020891,26.602574000135064
2026_07_21_gym,flight_96,LOB,350,ok,True,21,21.0,435.50042053035094,482.0581726884131,True,187.85707566856095,True,14.953056000173092,0.10338900052011013,128.56309300102293,27.57087100017816
2026_07_21_gym,flight_96,LOB,400,ok,True,24,24.0,381.84723144526873,433.3082611902358,True,197.0755746650199,True,14.64818499982357,0.11022199876606464,141.0998709993437,24.550630000419915
2026_07_21_gym,flight_96,LOB,450,ok,True,27,26.999999999999996,276.2425978021047,322.7530766893171,True,210.28642666681358,True,14.52396299969405,0.11490799952298403,155.03363000042737,23.947259000502527
2026_07_21_gym,flight_96,LOB,490,ok,True,29,29.4,288.62526066494223,345.4944142306462,True,219.5122966679434,True,14.746259001083672,0.12055599968880415,162.79435200057924,25.184462999925017
2026_07_21_gym,flight_96,LOB,500,ok,True,30,29.999999999999996,274.26820300003556,329.5611212040511,True,228.9594246658186,True,14.454389000311494,0.12192600034177303,173.2483879989013,24.46805499959737
2026_07_21_gym,flight_96,LOB,550,ok,True,33,33.0,203.8882296065047,240.26593145908868,True,239.35029666653523,True,14.780906999483705,0.12920399941504002,182.11072200071067,25.66279700025916
2026_07_21_gym,flight_96,LOB,600,ok,True,36,36.0,183.8679818580961,217.37229318116172,True,244.56335266555348,True,14.455444999970496,0.13644499983638525,185.7491659997031,27.555629999376833
2026_07_21_gym,flight_96,LOB,650,ok,True,39,39.0,127.28655095531136,154.94919536156505,True,250.03790666783848,True,14.717295999638736,0.13992600049823523,199.0599810006097,19.45403700042516
2026_07_21_gym,flight_96,LOB,700,ok,True,42,42.0,131.95574335071638,162.80873101461685,True,262.7696836652855,True,14.739777998998761,0.14687000028789043,209.14673999976367,22.069628999568522
2026_07_21_gym,flight_96,LOB,750,ok,True,45,45.0,112.68343352367192,134.17630582927873,True,273.3553326666976,True,14.476815001107752,0.1530919997021556,219.72792599909008,22.33083300013095
2026_07_21_gym,flight_96,LOB,800,ok,True,47,48.0,101.8105072528331,121.47759833589615,True,279.3999636673058,True,14.572444000281394,0.15679700020700693,225.6109820008278,22.39307399932295
2026_07_21_gym,flight_96,LOB,850,ok,True,50,50.99999999999999,68.6983649216647,84.84935274368452,True,287.72603666658205,True,14.354369999840856,0.16194500029087067,233.80898100044578,22.734073999337852
2026_07_21_gym,flight_96,LOB,900,ok,True,53,53.99999999999999,71.9565202336741,86.97911327798674,True,301.05251766710234,True,14.405871000140905,0.1677029998973012,246.75383299961686,23.058444000780582
2026_07_21_gym,flight_96,LOB,950,ok,True,56,56.99999999999999,66.2257075607452,75.1699308202312,True,305.02283266714466,True,14.78881400078535,0.17464799992740154,250.2266669999808,23.16603699978441
2026_07_21_gym,flight_96,LOB,1000,ok,True,59,59.99999999999999,65.13370597175205,77.15388163951108,True,308.55009366633993,True,14.36370399966836,0.1796489991247654,253.65842600073665,23.68164800014347
2026_07_21_gym,flight_96,LOB,1050,ok,True,62,62.99999999999999,67.56323445480429,81.20246401197022,True,326.07701866763335,True,14.374556000344455,0.18422199971973896,268.75220400001854,26.099370000883937
2026_07_21_gym,flight_96,LOB,1100,ok,True,65,66.0,53.872061180373514,64.94496831191722,True,321.70086966610205,True,14.628426000475883,0.1919259987771511,263.82674000039697,26.387110999785364
2026_07_21_gym,flight_96,LOB,1150,ok,True,68,69.0,70.34690704759026,82.1880782813971,True,335.2135376647736,True,14.53905599936843,0.1964259995147586,277.16268499940634,26.64870399981737
2026_07_21_gym,flight_96,LOB,1200,ok,True,71,72.0,17.322172567891602,18.554175002829535,True,339.609091667148,True,14.57131400052458,0.2049629995599389,281.4097040006891,26.7564439997077
2026_07_21_gym,flight_96,LOB,1250,ok,False,73,75.0,44.42032776611202,46.392643049307004,True,320.7622766668598,True,14.70340699981898,0.20822199992835522,271.6909440001473,17.4930370002985
2026_07_21_gym,flight_98,LOB,150,fit_failed,True,9,9.0,,,,,,,,,
2026_07_21_gym,flight_98,LOB,200,ok,True,12,12.0,175.80508177444173,205.02405830720505,True,146.21498166738698,True,14.69400000013411,0.08427800051867962,88.52692600060254,26.24311099946499
2026_07_21_gym,flight_98,LOB,250,ok,True,15,14.999999999999998,94.86662380084,98.88009746688321,True,148.34188966608295,True,14.576333999633789,0.08916699979454279,93.14312999974936,23.866592000238597
2026_07_21_gym,flight_98,LOB,300,ok,True,18,18.0,139.74307190629872,118.95198150082392,True,159.62561066603908,True,14.739999999292195,0.09542600065469742,102.35822199936956,25.76529600005597
2026_07_21_gym,flight_98,LOB,350,ok,True,21,21.0,178.76966754555127,143.50114892673946,True,185.247962666365,True,14.795555000193417,0.10246300045400858,127.3497409997508,26.333536999300122
2026_07_21_gym,flight_98,LOB,400,ok,True,23,24.0,163.64650399940302,165.953312776674,True,191.94716766724983,True,14.571204000152647,0.10550000052899122,140.23112999927253,20.372667000629008
2026_07_21_gym,flight_98,LOB,450,ok,True,25,26.999999999999996,109.62759861114486,85.12888041450542,True,207.73861066779742,True,14.696537000127137,0.11170300003141165,152.51566699985415,23.748037001118064
2026_07_21_gym,flight_98,LOB,490,ok,True,27,29.4,107.62815208048734,80.36682486487987,True,206.64707266601422,True,14.668295999057591,0.11725900042802095,151.24944400042295,23.945406999439
2026_07_21_gym,flight_98,LOB,500,ok,True,28,29.999999999999996,107.62830634108659,80.36699846510592,True,216.6938506659741,True,14.593313998542726,0.11816700082272291,160.9735550004989,24.342147999443114
2026_07_21_gym,flight_98,LOB,550,ok,True,31,33.0,114.95620891214428,86.02709321450801,True,230.22692566520223,True,14.703610999509692,0.12474100012332201,174.10309299919754,24.628813999705017
2026_07_21_gym,flight_98,LOB,600,ok,True,34,36.0,48.69304527833398,58.96808981995464,True,238.827405666622,True,14.383906999602914,0.1304250005632639,180.3574999999255,27.288906999863684
2026_07_21_gym,flight_98,LOB,650,ok,True,37,39.0,60.482283492804406,67.31046653067801,True,247.58664866692075,True,14.653056000359356,0.1358699994161725,196.9131110003218,19.21794500015676
2026_07_21_gym,flight_98,LOB,700,ok,True,40,42.0,65.12384223639576,66.64865092929466,True,252.01946166778603,True,14.89424099959433,0.14429600071161985,197.93616599962115,22.37809200119227
2026_07_21_gym,flight_98,LOB,750,ok,True,43,45.0,50.811936343315395,45.310480923741174,True,267.110240667748,True,14.376426000148058,0.14746300037950277,214.10122200008482,21.81846300046891
2026_07_21_gym,flight_98,LOB,800,ok,True,45,48.0,46.76485160382947,51.34237618756675,True,273.41512966590625,True,14.653925999999046,0.15279699955135584,219.85279599949718,22.088944000191987
2026_07_21_gym,flight_98,LOB,850,ok,True,48,50.99999999999999,22.30826339752493,18.243877005969303,True,281.70560966494185,True,14.510999999009073,0.16901799943298101,227.93898100033402,22.419943999499083
2026_07_21_gym,flight_98,LOB,900,ok,True,51,53.99999999999999,18.43872308454332,11.257390137597591,True,294.3061656650777,True,14.75118499994278,0.16433299984782934,240.200110998936,22.523869999684393
2026_07_21_gym,flight_98,LOB,950,ok,True,54,56.99999999999999,14.571829859519772,12.643525458806856,True,300.3823336676384,True,14.455370000563562,0.16981500014662743,246.09737100079656,22.99311099946499
2026_07_21_gym,flight_98,LOB,1000,ok,True,57,59.99999999999999,9.917459118656666,1.9828291335712347,True,306.83461066676927,True,14.71272199973464,0.17724099941551685,252.01938900072128,23.258592000231147
2026_07_21_gym,flight_98,LOB,1050,ok,True,60,62.99999999999999,12.343898861199932,10.119283610185713,True,322.6971116658921,True,14.68927799910307,0.18099999986588955,265.4491849998012,25.71098200045526
2026_07_21_gym,flight_98,LOB,1100,ok,True,63,66.0,14.999489972736198,8.888816126487702,True,321.6521666661526,True,14.88911100011319,0.1877039996907115,264.0213519996032,25.887333000078797
2026_07_21_gym,flight_98,LOB,1150,ok,True,66,69.0,6.847344863603857,5.967730751462352,True,329.9987056680645,True,14.32194499950856,0.1946300007402897,272.49459300003946,26.32087100110948
2026_07_21_gym,flight_98,LOB,1200,ok,True,69,72.0,19.040794809752985,15.425852390274276,True,336.61164766705286,True,14.564240000210702,0.19957399927079678,278.6737040001899,26.50746300071478
2026_07_21_gym,flight_98,LOB,1250,ok,True,72,75.0,17.91947589965626,18.16492669567752,True,337.7918146668623,True,14.282463000155985,0.2058330001309514,279.9612780008465,26.67557399906218
