session,flight,W_ms,status,n_points,detect_sum_ms,triangulate_ms,ransac_ms,total_compute_ms,w_plus_compute_ms,position_error_mm,velocity_error_a_mm_s,velocity_error_b_mm_s,lead_time_ms,reason
2026_07_15_gym,flight_11,150.0,ok,10,192.35564498603344,0.09389699995517731,85.2625139951706,277.7120559811592,427.7120559811592,450.385768408148,511.6550892285252,12101.51521575455,1365.469,
2026_07_15_gym,flight_11,200.0,ok,13,250.00204499810934,0.10784200578927994,96.05985599756241,346.16974300146103,546.169743001461,724.9280854468714,423.98452607626274,11979.82348944836,1315.512,
2026_07_15_gym,flight_11,250.0,ok,16,307.0640419945121,0.11793600022792816,104.91647500544786,412.0984530001879,662.0984530001879,870.9800914125913,390.0508510683468,11930.416854290124,1265.5569999999998,
2026_07_15_gym,flight_11,300.0,ok,19,364.2355869933963,0.12719599902629852,116.78457800298929,481.1473609954119,781.1473609954119,554.9239664784457,417.6009594163984,12034.922871477911,1215.5995,
2026_07_15_gym,flight_11,350.0,ok,22,421.67541398108006,0.13599299639463425,129.16355700045824,550.9749639779329,900.9749639779329,596.6649687795666,411.31639504027413,12050.828385973002,1165.6425,
2026_07_15_gym,flight_11,400.0,ok,24,460.5370399951935,0.14247499406337738,129.0615109950304,589.7410259842873,989.7410259842873,688.2308005505685,396.02538570206946,12030.952083844382,1115.686,
2026_07_15_gym,flight_11,430.0,ok,24,460.5370399951935,0.14056700468063354,129.69413999468088,590.371746994555,1020.371746994555,688.2308005505685,396.02538570206946,12030.952083844382,1115.686,
2026_07_15_gym,flight_12,150.0,ok,10,189.88118700683117,0.09511899203062057,87.6070140004158,277.5833199992776,427.5833199992776,931.0498079675484,183.89270149542588,2543.322375688116,1365.467,
2026_07_15_gym,flight_12,200.0,ok,13,247.0242300182581,0.10599099844694138,102.22920598834753,349.35942700505257,549.3594270050526,523.1214060404282,181.70429646660955,2354.1683852721244,1315.5105,
2026_07_15_gym,flight_12,250.0,ok,15,284.5910940244794,0.1143990010023117,99.76480700075626,384.47030002623796,634.470300026238,1041.0422486096015,246.02497527148648,2590.6890930528557,1282.2085000000002,
2026_07_15_gym,flight_12,300.0,ok,18,341.4323110282421,0.13228900730609894,116.58861599862576,458.15321603417397,758.153216034174,212.3087081969651,305.2417707248155,2168.5019509362214,1215.5975,
2026_07_15_gym,flight_12,350.0,ok,21,398.7472560480237,0.13740000128746033,130.82794200628996,529.7125980556011,879.7125980556011,180.49808376105017,336.21623800008115,2134.66571215493,1165.6440000000002,
2026_07_15_gym,flight_12,400.0,ok,23,437.0714090541005,0.14129000157117844,133.63364799320698,570.8463470488787,970.8463470488787,278.0000282672577,271.21106078042624,2200.5004741711914,1132.3400000000001,
2026_07_15_gym,flight_12,430.0,ok,24,455.8525170534849,0.1431419998407364,133.00711199641228,589.0027710497379,1019.0027710497379,254.32319488939473,403.86129858428944,2088.7174524885463,1099.036,
2026_07_15_gym,flight_14,150.0,ok,10,193.6493619978428,0.09767500311136246,91.08135200291872,284.82838900387287,434.82838900387287,1126.4008078961167,463.6117595342857,231847.1441842821,1332.1654999999998,
2026_07_15_gym,flight_14,200.0,ok,13,251.09685500711203,0.1085280030965805,100.41265899688005,351.61804200708866,551.6180420070887,827.9211564439294,390.8327397466652,231733.90651927362,1282.211,
2026_07_15_gym,flight_14,250.0,ok,15,288.4898160174489,0.11549100279808044,106.64044000208378,395.24574702233076,645.2457470223308,827.9211564439294,390.8327397466652,231733.90651927362,1248.907,
2026_07_15_gym,flight_14,300.0,ok,18,345.3810580074787,0.12478800117969513,120.50401099771261,466.009857006371,766.009857006371,395.38145271531636,410.2505134269872,231539.9017024885,1182.2984999999999,
2026_07_15_gym,flight_14,350.0,ok,21,403.3278170004487,0.1375119984149933,125.48746100068092,528.9527899995446,878.9527899995446,326.8519120091059,467.6785527430054,231461.14376155724,1132.341,
2026_07_15_gym,flight_14,400.0,ok,24,460.4731570184231,0.14466000348329544,125.4252519980073,586.0430690199137,986.0430690199137,334.54990298704195,434.921208119575,231499.61192046598,1082.3864999999998,
2026_07_15_gym,flight_14,430.0,ok,25,478.96975802630186,0.15119799971580505,133.60042300075293,612.7213790267706,1042.7213790267706,336.7870912711922,433.3824710217239,231501.73424159485,1065.7329999999997,
2026_07_15_gym,flight_15,150.0,fit_failed,,,,,,,,,,,ransac_fit: no candidate model reached >= min_samples (8) inliers over 3 iterations
2026_07_15_gym,flight_15,200.0,fit_failed,,,,,,,,,,,ransac_fit: no candidate model reached >= min_samples (8) inliers over 3 iterations
2026_07_15_gym,flight_15,250.0,ok,16,309.2122090011835,0.11986199021339417,104.34064800292253,413.67271899431944,663.6727189943194,141.8110969009096,102.19698217687038,12074.149045645485,1348.818,
2026_07_15_gym,flight_15,300.0,ok,19,366.93300399929285,0.1282150074839592,116.55918800830841,483.6204070150852,783.6204070150852,328.45559551577395,235.9079364075299,12195.438837701338,1298.8619999999999,
2026_07_15_gym,flight_15,350.0,ok,22,425.1480449959636,0.14262299239635468,124.76247300207615,550.0531409904361,900.0531409904361,342.5288190049776,228.15409423870364,12171.181808263946,1248.9055,
2026_07_15_gym,flight_15,400.0,ok,23,444.4407349973917,0.14316099882125854,127.74547199904919,572.3293679952621,972.3293679952621,344.28664599635766,235.5441814742607,12170.082696041778,1232.252,
2026_07_15_gym,flight_15,430.0,ok,23,444.4407349973917,0.14167899638414383,127.32291699945927,571.9053309932351,1001.9053309932351,344.28664599635766,235.5441814742607,12170.082696041778,1232.252,
2026_07_15_gym,flight_17,150.0,ok,10,193.5032780021429,0.09574899822473526,89.87239500135183,283.4714220017195,433.4714220017195,236.15609171028535,241.4215701350765,9430.828041808589,1298.8580000000002,
2026_07_15_gym,flight_17,200.0,ok,13,252.07303699851036,0.10552700608968735,98.19065200537443,350.3692160099745,550.3692160099745,805.3372709923564,547.2190291298003,9194.004800984974,1248.903,
2026_07_15_gym,flight_17,250.0,ok,15,290.7194389998913,0.11641699820756912,100.60671299695969,391.44256899505854,641.4425689950585,279.19831362420314,286.19050548130053,9382.98083084028,1198.948,
2026_07_15_gym,flight_17,300.0,ok,18,348.4281779974699,0.13347499817609787,114.27087899297476,462.83253198862076,762.8325319886208,248.8592842736268,245.8484035686465,9427.25398060618,1148.992,
2026_07_15_gym,flight_17,350.0,ok,19,368.45726400613785,0.13232599943876266,119.13985599577427,487.7294460013509,837.7294460013509,280.94124204162404,266.35814040908775,9410.248216521613,1115.6875,
2026_07_15_gym,flight_17,400.0,ok,20,388.10768799483776,0.13717900216579437,121.21271999925375,509.4575869962573,909.4575869962573,253.2969614028998,251.64257797323668,9423.519112540362,1065.7320000000002,
2026_07_15_gym,flight_17,430.0,ok,20,388.10768799483776,0.13602999597787857,121.10008099675179,509.3437989875674,939.3437989875674,253.2969614028998,251.64257797323668,9423.519112540362,1065.7320000000002,
2026_07_15_gym,flight_19,150.0,ok,10,193.28574194014072,0.09734100103378296,94.82689799368382,288.2099809348583,438.2099809348583,629.7500694064063,433.67642785129675,8592.18031044548,1282.2085,
2026_07_15_gym,flight_19,200.0,ok,13,250.7127719372511,0.1078610047698021,112.58060299605131,363.4012359380722,563.4012359380722,503.53863983239216,483.76073389034514,8540.577617162304,1232.251,
2026_07_15_gym,flight_19,250.0,ok,16,307.88155695050955,0.11658400297164917,108.25204200297594,416.25018295645714,666.2501829564571,428.28144482406515,511.51598380661045,8511.877819809933,1182.2955,
2026_07_15_gym,flight_19,300.0,ok,19,364.84306395053864,0.1318259909749031,129.98970299214125,494.9645929336548,794.9645929336548,601.3748794637258,436.9625956996996,8579.500956807335,1132.3384999999998,
2026_07_15_gym,flight_19,350.0,ok,22,422.49976094812155,0.14740099757909775,141.2117120027542,563.8588739484549,913.8588739484549,193.0960940071565,620.1902891884982,8424.41437556438,1082.383,
2026_07_15_gym,flight_19,400.0,ok,25,480.0956949517131,0.15118000656366348,144.6880690008402,624.9349439591169,1024.934943959117,137.48537213073854,655.4975856818012,8400.775922569952,1032.427,
2026_07_15_gym,flight_19,430.0,ok,26,499.0168149471283,0.15710599720478058,150.97289001196623,650.1468109562993,1080.1468109562993,167.99798059027628,636.4855741283216,8413.787093157875,1015.7750000000001,
2026_07_15_gym,flight_20,150.0,fit_failed,,,,,,,,,,,ransac_fit: no candidate model reached >= min_samples (8) inliers over 3 iterations
2026_07_15_gym,flight_20,200.0,fit_failed,,,,,,,,,,,ransac_fit: no candidate model reached >= min_samples (8) inliers over 3 iterations
2026_07_15_gym,flight_20,250.0,ok,16,305.6931400001049,0.1235480010509491,102.78899500519037,408.6056830063462,658.6056830063462,306.04267125053076,336.48159956017383,971.3690896320901,1215.6,
2026_07_15_gym,flight_20,300.0,ok,19,362.54828798770905,0.13136299699544907,118.08387500047684,480.76352598518133,780.7635259851813,338.2075189508141,195.0172860441426,1085.2337236495257,1165.644,
2026_07_15_gym,flight_20,350.0,ok,22,420.4966589733958,0.13812299817800522,124.75463799387217,545.389419965446,895.389419965446,236.64251588426657,251.34406135206578,1012.1414570000089,1115.6875,
2026_07_15_gym,flight_20,400.0,ok,25,478.5577069669962,0.15251299738883972,139.25057899951935,617.9607989639044,1017.9607989639044,267.4455813828834,340.3908108118819,948.9736832793955,1065.7315,
2026_07_15_gym,flight_20,430.0,ok,26,497.032491967082,0.15653299540281296,131.06703700125217,628.256061963737,1058.256061963737,285.17147786208494,369.7909867873433,916.1879102760826,1049.0795,
2026_07_15_gym,flight_21,150.0,ok,10,190.30457400530577,0.09810099750757217,88.58639500290155,278.9890700057149,428.9890700057149,580.8023684217685,361.73389050693146,5106.401859586635,1282.2085000000002,
2026_07_15_gym,flight_21,200.0,ok,13,247.82151901721954,0.10945399850606918,102.2287800014019,350.1597530171275,550.1597530171275,275.2505152727814,197.5031752307511,5204.211374905314,1232.2520000000002,
2026_07_15_gym,flight_21,250.0,ok,16,305.33324103057384,0.12052900344133377,103.06788999587297,408.52166002988815,658.5216600298882,86.86320823545728,95.60615909794127,5285.743555154696,1182.296,
2026_07_15_gym,flight_21,300.0,ok,19,362.23628003150225,0.13176999986171722,117.37766599655151,479.7457160279155,779.7457160279155,181.58007707755584,134.09279793558647,5265.419727320836,1132.3395,
2026_07_15_gym,flight_21,350.0,ok,22,419.7360730394721,0.14369700103998184,125.68792299926281,545.5676930397749,895.5676930397749,136.79214847915756,81.7145049221052,5324.116721693778,1082.3835000000001,
2026_07_15_gym,flight_21,400.0,ok,25,477.09167005866766,0.14788299798965454,134.17019400000572,611.409747056663,1011.409747056663,149.91001134674175,54.11504672831305,5368.0720584917935,1032.4275,
2026_07_15_gym,flight_21,430.0,ok,26,495.84475806355476,0.15562500804662704,131.87577399611473,627.8761570677161,1057.8761570677161,189.53396489801756,75.39491087321821,5367.247586502531,1015.7755000000002,
2026_07_15_gym,flight_22,150.0,fit_failed,,,,,,,,,,,ransac_fit: no candidate model reached >= min_samples (8) inliers over 3 iterations
2026_07_15_gym,flight_22,200.0,ok,13,248.0415170043707,0.10769499838352203,101.72892199456692,349.87813399732113,549.8781339973211,104.40604755913148,83.85473924131777,9642.512881974097,1298.862,
2026_07_15_gym,flight_22,250.0,ok,16,304.2588850185275,0.11784400790929794,103.67664600163698,408.0533750280738,658.0533750280738,112.15869102432377,38.9530814376221,9607.343254670339,1248.9055000000003,
2026_07_15_gym,flight_22,300.0,ok,19,361.2736740335822,0.12875200062990189,117.62094699591398,479.0233730301261,779.0233730301261,154.3041455944958,86.8646585093458,9625.685047843905,1198.9495000000002,
2026_07_15_gym,flight_22,350.0,ok,21,400.2654200270772,0.1359570026397705,167.17544200271368,567.5768190324306,917.5768190324306,156.01692577962876,83.92137862637811,9644.582447099863,1165.6425000000002,
2026_07_15_gym,flight_22,400.0,ok,23,438.95525101572275,0.14738299697637558,129.39004000276327,568.4926740154624,968.4926740154624,222.7236098432223,144.84307084472536,9698.963245342487,1099.037,
2026_07_15_gym,flight_22,430.0,ok,24,457.47161401063204,0.14899500459432602,129.32308900356293,586.9436980187893,1016.9436980187893,201.8314690329046,129.0969559091504,9690.167652508693,1082.3850000000002,
2026_07_15_gym,flight_23,150.0,ok,10,190.66409000754356,0.09715700894594193,94.46038500219584,285.22163201868534,435.22163201868534,1475.1644178398396,1022.3665867915086,10655.91499987938,1148.9945000000002,
2026_07_15_gym,flight_23,200.0,ok,13,248.3234729990363,0.10599000006914139,112.07509600371122,360.5045590028167,560.5045590028167,415.6183327146265,304.1053059417565,10187.835868214022,1099.0385,
2026_07_15_gym,flight_23,250.0,ok,16,306.064343996346,0.11713899672031403,117.49026799947023,423.67175099253654,673.6717509925365,135.1675578433215,130.42279236278608,10082.187269344371,1049.082,
2026_07_15_gym,flight_23,300.0,ok,19,363.28393100202084,0.13036299496889114,130.23009499907494,493.64438899606466,793.6443889960647,85.46077512590695,90.47971105905685,10046.027434168012,999.1260000000002,
2026_07_15_gym,flight_23,350.0,ok,22,420.520959995687,0.14036399871110916,138.69449399411678,559.3558179885149,909.3558179885149,88.75503365111295,26.874391074673678,9980.7995574061,949.1700000000001,
2026_07_15_gym,flight_23,400.0,ok,25,477.67661299556494,0.15338299423456192,141.02465800195932,618.8546539917588,1018.8546539917588,68.77726326011667,53.96396510916257,10010.142950706282,899.2045,
2026_07_15_gym,flight_23,430.0,ok,26,496.5572669953108,0.1542540043592453,149.14556599408388,645.8570869937539,1075.857086993754,65.42238161052926,42.62205840319937,10003.556243505498,882.5615000000001,
2026_07_15_gym,flight_24,150.0,ok,10,189.54008102416992,0.09834199398756027,114.04213599860668,303.68055901676416,453.68055901676416,514.8630629807313,1385.727342963871,350481.68007980805,1232.2569999999998,
2026_07_15_gym,flight_24,200.0,ok,13,246.92779202759266,0.11182399839162827,100.59537899494171,347.634995020926,547.634995020926,480.56289516471946,1385.148834244659,350472.6701119865,1182.3,
2026_07_15_gym,flight_24,250.0,ok,16,303.3176760226488,0.11843600124120712,104.5276449918747,407.9637570157647,657.9637570157647,394.3418229763083,1345.6316924726095,350502.41955150897,1132.3439999999998,
2026_07_15_gym,flight_24,300.0,ok,19,359.84423803538084,0.13532600551843643,117.53053100407124,477.5100950449705,777.5100950449705,401.4620035673525,1350.1548597508051,350496.36904506566,1082.3874999999998,
2026_07_15_gym,flight_24,350.0,ok,22,417.92282304912806,0.13812300562858582,126.96219999343157,545.0231460481882,895.0231460481882,422.22738248775937,1362.3897452384956,350485.7969113086,1032.432,
2026_07_15_gym,flight_24,400.0,ok,25,475.46625304967165,0.15564299374818802,134.18465899676085,609.8065550401807,1009.8065550401807,406.6699601739913,1351.167993500961,350496.80166911724,982.4744999999999,
2026_07_15_gym,flight_24,430.0,ok,26,493.7245190516114,0.15727199614048004,134.05557300150394,627.9373640492558,1057.9373640492558,392.6438635148234,1341.3077127604215,350506.8832859805,965.8235,
2026_07_15_gym,flight_25,150.0,ok,10,190.55681700259447,0.09832299500703812,85.72168400138617,276.3768239989877,426.3768239989877,191.50376962880853,199.6181561800918,1068.865323343881,1332.1654999999998,
2026_07_15_gym,flight_25,200.0,ok,13,248.35152599960566,0.10791699588298798,98.6706749945879,347.13011799007654,547.1301179900765,321.1603308559037,364.61385585565165,971.1577184092799,1282.2085,
2026_07_15_gym,flight_25,250.0,ok,16,304.9104240015149,0.12088099867105484,102.86863200366497,407.89993700385094,657.8999370038509,706.8754758466782,601.8463350455427,882.5415064947715,1232.2530000000002,
2026_07_15_gym,flight_25,300.0,ok,19,361.80868500471115,0.13249299675226212,117.92984399199486,479.87102199345827,779.8710219934583,394.4020442887098,413.6913790976591,936.179397008866,1182.2955,
2026_07_15_gym,flight_25,350.0,ok,22,420.21894799917936,0.14153099805116653,135.79428000748158,556.1547590047121,906.1547590047121,382.2234615985452,408.36766885639145,940.2000434289199,1132.3405,
2026_07_15_gym,flight_25,400.0,ok,25,477.5611729994416,0.14925400912761688,130.8751679956913,608.5855950042605,1008.5855950042605,213.49787661091838,263.4855651912984,1031.2976808646797,1082.3835,
2026_07_15_gym,flight_25,430.0,ok,26,496.0200860053301,0.15712499618530273,131.95153899490833,628.1287499964237,1058.1287499964237,212.88532390195257,254.44480354959276,1038.0507552451759,1065.7329999999997,
2026_07_15_gym,flight_26,150.0,ok,10,190.8376409932971,0.09939700365066528,87.7415260002017,278.67856399714947,428.67856399714947,429.0944233258543,1113.2376411212242,5731.466205877414,1282.2075,
2026_07_15_gym,flight_26,200.0,ok,13,248.40327598154545,0.10947199910879135,100.94600199908018,349.4587499797344,549.4587499797344,172.35265746420012,1229.6175681082357,5834.371229885722,1232.251,
2026_07_15_gym,flight_26,250.0,ok,16,305.40617598593235,0.12086299806833267,103.08109500259161,408.6081339865923,658.6081339865923,135.76716128480516,1312.9976082193032,5918.5674571037125,1182.2949999999998,
2026_07_15_gym,flight_26,300.0,ok,19,362.25378696620464,0.12973400205373764,117.33429200202227,479.71781297028065,779.7178129702806,251.51018520182598,1383.6345586094292,5997.6156282398,1132.339,
2026_07_15_gym,flight_26,350.0,ok,22,419.96797197312117,0.14199399203062057,126.10097699612379,546.2109429612756,896.2109429612756,221.36742850220372,1377.3748991333275,5982.085038032755,1082.382,
2026_07_15_gym,flight_26,400.0,ok,25,477.34488497674465,0.15279100090265274,133.06045100092888,610.5581269785762,1010.5581269785762,340.3917216686534,1451.4164207711412,6048.278199333734,1032.427,
2026_07_15_gym,flight_26,430.0,ok,26,496.105509981513,0.15417999774217606,132.00411799550056,628.2638079747558,1058.2638079747558,293.09196729085266,1419.172786793352,6025.411483864711,1015.7745,
2026_07_15_gym,flight_27,150.0,ok,10,192.58082900196314,0.09615600109100342,80.885857000947,273.56284200400114,423.56284200400114,485.634599284563,1275.329503301605,8655.072864335556,1115.6889999999999,
2026_07_15_gym,flight_27,200.0,ok,13,250.56470300257206,0.10639899969100952,88.36433899402618,339.03544099628925,539.0354409962893,384.93690982822477,1440.6000981790407,8578.604087800282,1065.732,
2026_07_15_gym,flight_27,250.0,ok,16,308.54857701063156,0.12075100839138031,104.3884490057826,413.05777702480555,663.0577770248055,307.13039373600867,1407.3093112223794,8559.475349580944,1015.7760000000001,
2026_07_15_gym,flight_27,300.0,ok,19,365.903880007565,0.13617900013923645,115.35826899856329,481.39832800626755,781.3983280062675,295.82956821471294,1469.7587486318168,8513.89446619145,965.8199999999999,
2026_07_15_gym,flight_27,350.0,ok,22,424.4211900010705,0.14334500581026077,126.56357300281525,551.128108009696,901.128108009696,250.7039073097826,1417.528910591725,8521.036424251166,915.8634999999999,
2026_07_15_gym,flight_27,400.0,ok,25,485.7165919840336,0.15493899583816528,132.06828999519348,617.9398209750652,1017.9398209750652,243.11904611837207,1462.5829345394995,8484.556819772246,865.9075,
2026_07_15_gym,flight_27,430.0,ok,26,504.6298969835043,0.15318000316619873,133.151811003685,637.9348879903555,1067.9348879903555,219.13991043537612,1419.5437362134571,8500.909405163844,849.2555,
2026_07_15_gym,flight_28,150.0,ok,10,190.98815502226353,0.09586100280284882,84.74345099925995,275.8274670243263,425.8274670243263,362.7439761813292,243.05255609303077,1790.30147694794,1365.4825,
2026_07_15_gym,flight_28,200.0,ok,13,248.39038602262735,0.1104540005326271,100.66351500153542,349.1643550246954,549.1643550246954,283.574355930026,200.08217930991455,1755.141914386941,1315.527,
2026_07_15_gym,flight_28,250.0,ok,16,306.3742600157857,0.12169599533081055,103.63203199952841,410.1279880106449,660.1279880106449,169.42676660645336,135.28947411095334,1734.595353715593,1265.5705,
2026_07_15_gym,flight_28,300.0,ok,19,363.62430999428034,0.1322150006890297,116.86973299831152,480.6262579932809,780.6262579932809,157.2426503926731,130.7906467839322,1718.8574550586447,1215.6145000000001,
2026_07_15_gym,flight_28,350.0,ok,22,421.5233439877629,0.14414199441671371,126.52316199243069,548.1906479746103,898.1906479746103,128.55053730110237,95.47007949312736,1718.411567918395,1165.6580000000001,
2026_07_15_gym,flight_28,400.0,ok,25,479.24954599142075,0.15299400687217712,133.67141100019217,613.0739509984851,1013.0739509984851,146.46456321111833,107.67968635446344,1723.3199311722774,1115.702,
2026_07_15_gym,flight_28,430.0,ok,26,497.8123389929533,0.15379100292921066,131.85471700131893,629.8208469972014,1059.8208469972014,159.19131430173826,122.51633182660139,1725.650771045023,1099.049,
2026_07_15_gym,flight_29,150.0,ok,9,171.0655939951539,0.0921740010380745,103.83843798935413,274.9962059855461,424.9962059855461,351.05743696413145,638.6409351827624,10259.414017812189,1332.1644999999999,
2026_07_15_gym,flight_29,200.0,ok,12,228.608523003757,0.10180500149726868,112.77073000371456,341.48105800896883,541.4810580089688,170.5722305701221,534.2149413249412,10186.313258921165,1282.2089999999998,
2026_07_15_gym,flight_29,250.0,ok,15,284.9793870076537,0.11639899760484695,117.57144200056791,402.6672280058265,652.6672280058265,132.6935490844995,505.60803600673586,10166.40906567893,1232.2530000000002,
2026_07_15_gym,flight_29,300.0,ok,18,341.89746502041817,0.12719599902629852,128.8804769963026,470.90513801574707,770.9051380157471,93.3754138314534,469.43828218786604,10146.32782509537,1182.2965,
2026_07_15_gym,flight_29,350.0,ok,21,399.71688003093004,0.137364000082016,132.34731500595808,532.2015590369701,882.2015590369701,100.04872640150694,441.6020398940422,10128.374101244384,1132.3405,
2026_07_15_gym,flight_29,400.0,ok,24,457.60808204114437,0.14995699375867844,146.1840310022235,603.9420700371265,1003.9420700371265,152.58395184856158,545.0598305717518,10204.662406737225,1082.3835,
2026_07_15_gym,flight_29,430.0,ok,25,476.09468304365873,0.15069900453090668,144.94096100330353,621.1863430514932,1051.1863430514932,117.76444330294625,522.3959438120279,10189.001416554325,1065.732,
2026_07_15_gym,flight_31,150.0,ok,10,190.93123997747898,0.09897200763225555,95.09823700040579,286.128448985517,436.128448985517,719.0459365894977,369.57743835227035,3210.9314042929586,1282.2089999999998,
2026_07_15_gym,flight_31,200.0,ok,13,248.25161200016737,0.10967600345611572,102.17838601022959,350.5396740138531,550.5396740138531,94.86902302058924,34.628162862331074,3501.5976274622767,1232.252,
2026_07_15_gym,flight_31,250.0,ok,16,305.10059198737144,0.11804699897766113,113.65375100076199,418.8723899871111,668.8723899871111,827.4952919998972,421.426569086097,3184.5453693695295,1182.296,
2026_07_15_gym,flight_31,300.0,ok,19,361.6751219779253,0.13234499841928482,125.39097099751234,487.1984379738569,787.1984379738569,382.91279986628075,257.56295270177947,3692.5484194255077,1132.3394999999998,
2026_07_15_gym,flight_31,350.0,ok,22,419.09681798517704,0.1423639953136444,133.66905899345875,552.9082409739494,902.9082409739494,272.89379312206967,199.43364103950404,3650.8677360353367,1082.3839999999998,
2026_07_15_gym,flight_31,400.0,ok,25,476.49888299405575,0.14867901057004929,136.5495120063424,613.1970740109682,1013.1970740109682,258.86448430038666,189.11672690850537,3637.1204035203937,1032.4274999999998,
2026_07_15_gym,flight_31,430.0,ok,26,495.3869269937277,0.15862500667572021,136.04811700433493,631.5936690047383,1061.5936690047383,106.01341038747395,86.8622328998052,3559.2379036387542,1015.7755,
2026_07_15_gym,flight_33,150.0,ok,10,191.4568579941988,0.09561999142169952,84.77663799375296,276.32911597937346,426.32911597937346,549.340320588796,491.0588116267078,2646.862700827311,1132.3410000000001,
2026_07_15_gym,flight_33,200.0,ok,13,249.4778639897704,0.10643499344587326,87.92748600244522,337.5117849856615,537.5117849856615,413.0311931220879,401.5322403969437,2709.3283800774916,1082.3845000000001,
2026_07_15_gym,flight_33,250.0,ok,16,306.40335197746754,0.12149200588464737,102.96262100338936,409.48746498674154,659.4874649867415,365.77460474599815,366.4175593741849,2742.721124074115,1032.427,
2026_07_15_gym,flight_33,300.0,ok,19,363.4745529741049,0.12906700372695923,118.76737900823355,482.3709989860654,782.3709989860654,459.12806123535097,426.36899648960747,2705.6636336517663,982.4725000000001,
2026_07_15_gym,flight_33,350.0,ok,22,421.53695099055767,0.14295700937509537,122.80615399777889,544.4860619977117,894.4860619977117,276.21003795774214,305.9893534914745,2786.416857463787,932.516,
2026_07_15_gym,flight_33,400.0,ok,25,479.6000539883971,0.15349499881267548,132.18361500650644,611.9371639937162,1011.9371639937162,301.94592420441904,110.86901686220499,3091.5782527244974,882.5600000000001,
2026_07_15_gym,flight_33,430.0,ok,26,498.19181299209595,0.15505000203847885,130.4484279975295,628.7952909916639,1058.795290991664,145.35878045050126,62.88109513187243,2989.646108481382,865.9075,
2026_07_15_gym,flight_36,150.0,fit_failed,,,,,,,,,,,ransac_fit: no candidate model reached >= min_samples (8) inliers over 3 iterations
2026_07_15_gym,flight_36,200.0,ok,13,251.8518449962139,0.10810200124979019,104.64435999840498,356.6043069958687,556.6043069958687,1203.6444563091666,180.05192691617248,2422.53508317226,1165.6435,
2026_07_15_gym,flight_36,250.0,ok,16,308.97605200111866,0.11554799973964691,112.60275299102068,421.694352991879,671.694352991879,559.8009912575708,254.49286125587102,2128.39368013531,1115.687,
2026_07_15_gym,flight_36,300.0,ok,19,366.64625100046396,0.1263440027832985,125.61369399726391,492.38628900051117,792.3862890005112,108.14024135004371,558.3064010571071,1922.93967384236,1065.731,
2026_07_15_gym,flight_36,350.0,ok,22,426.03513699769974,0.13916099816560745,135.58516899496317,561.7594669908285,911.7594669908285,112.92049256260091,635.0800450549577,1864.575065060307,1015.7745,
2026_07_15_gym,flight_36,400.0,ok,25,484.89821799099445,0.15101300179958344,189.35434499382973,674.4035759866238,1074.4035759866238,92.60276125977852,582.9435883505867,1900.3804207173812,965.8184999999999,
2026_07_15_gym,flight_36,430.0,ok,26,503.68312299251556,0.15616200119256973,219.90841700136662,723.7477019950747,1153.7477019950747,94.5055174996953,590.9763434206166,1892.9520198693506,949.1684999999999,
2026_07_15_gym,flight_38,150.0,ok,10,193.32120603322983,0.09487800300121307,72.59026900678873,266.00635304301977,416.00635304301977,846.6266919468427,588.8306778821071,1057.628194590746,1115.686,
2026_07_15_gym,flight_38,200.0,ok,13,251.91885502636433,0.10300900042057037,88.18397099524736,340.20583502203226,540.2058350220323,1123.400599138788,775.0009306885541,1217.3482871977226,1065.733,
2026_07_15_gym,flight_38,250.0,ok,16,309.17964801192284,0.11700999736785889,98.00309900939465,407.29975701868534,657.2997570186853,263.0310625873117,187.3195458227335,661.3877680860667,1015.7775,
2026_07_15_gym,flight_38,300.0,ok,19,366.6565900146961,0.12839999794960022,102.99732799828053,469.78231801092625,769.7823180109262,247.4457773426989,155.56897532185656,652.2097631842597,965.8204999999999,
2026_07_15_gym,flight_38,350.0,ok,22,425.18034502863884,0.13908599317073822,123.48576900362968,548.8052000254393,898.8052000254393,355.9861626591493,258.8799959633098,737.2370713883922,915.8625000000001,
2026_07_15_gym,flight_38,400.0,ok,25,483.6364090144634,0.15086499601602554,127.22112999856472,611.0084040090442,1011.0084040090442,203.93965124503592,127.86530591445678,632.4767270766819,865.9095000000001,
2026_07_15_gym,flight_38,430.0,ok,26,502.5376390144229,0.1527170017361641,146.61588300019503,649.3062390163541,1079.306239016354,192.81462062786943,121.59734093219203,622.5145176890961,849.2570000000001,
2026_07_15_gym,flight_43,150.0,fit_failed,,,,,,,,,,,ransac_fit: no candidate model reached >= min_samples (8) inliers over 3 iterations
2026_07_15_gym,flight_43,200.0,ok,13,248.380129031837,0.10532400012016296,86.78621999919415,335.2716730311513,535.2716730311513,585.887755096106,330.9621450903828,4242.222731242039,1248.9025,
2026_07_15_gym,flight_43,250.0,ok,16,305.509187027812,0.11680599302053452,96.76162099838257,402.3876140192151,652.3876140192151,889.0702566148555,530.6649563998674,4086.350534061871,1198.9485,
2026_07_15_gym,flight_43,300.0,ok,19,362.6016690284014,0.12997400760650635,105.59636800736189,468.32801104336977,768.3280110433698,481.3565884004186,276.06433739739106,4296.492315854828,1148.9915,
2026_07_15_gym,flight_43,350.0,ok,22,420.8464910238981,0.1401600018143654,116.6447329968214,537.6313840225339,887.6313840225339,342.14440705012,184.89652382002498,4376.846901766166,1099.0359999999998,
2026_07_15_gym,flight_43,400.0,ok,23,439.85947002470493,0.1535869911313057,119.89673599600792,559.9097930118442,959.9097930118442,502.21676820135167,297.9831612659285,4267.01174666745,1082.3845000000001,
2026_07_15_gym,flight_43,430.0,ok,24,458.8017960265279,0.14760499447584152,130.3065079972148,589.2559090182185,1019.2559090182185,254.71854732654523,141.40917983031514,4481.075301515868,1032.4279999999999,
2026_07_15_gym,flight_45,150.0,ok,10,189.8348840251565,0.09658200293779373,73.6588239967823,263.5902900248766,413.5902900248766,1157.2526794128914,755.7533118448687,13938.232160308418,1232.2530000000002,
2026_07_15_gym,flight_45,200.0,ok,13,247.12944001704454,0.10608299821615219,87.78912199288607,335.02464500814676,535.0246450081468,266.54790343866034,180.6693123924075,13382.369053459255,1182.2965000000002,
2026_07_15_gym,flight_45,250.0,ok,16,304.5241320207715,0.11701000481843948,95.33542300015688,399.9765650257468,649.9765650257468,286.15886056912274,191.74941474199565,13387.216700743229,1132.339,
2026_07_15_gym,flight_45,300.0,ok,19,361.7288640215993,0.1281219944357872,105.75403000414371,467.6110160201788,767.6110160201788,390.39605509199623,279.850009722318,13494.104363098902,1082.384,
2026_07_15_gym,flight_45,350.0,ok,21,399.0912470072508,0.13752999901771545,118.09341299533844,517.3221900016069,867.3221900016069,436.4362136576437,321.76639109685584,13539.585011078325,1032.4189999999999,
2026_07_15_gym,flight_45,400.0,ok,23,437.0935750082135,0.1406790018081665,127.72971100360155,564.9639650136232,964.9639650136232,274.99569161538983,202.84788438825063,13432.050334763817,982.4705,
2026_07_15_gym,flight_45,430.0,ok,24,455.857107013464,0.14571600407361984,138.85024800896645,594.853071026504,1024.853071026504,253.94544724553344,185.80533758335724,13421.995653102915,965.8154999999999,
2026_07_15_gym,flight_47,150.0,ok,10,192.12436302006245,0.09560100734233856,84.81769800186157,277.03766202926636,427.03766202926636,431.5128039563431,186.32585627141427,2863.5131843732916,1415.4255,
2026_07_15_gym,flight_47,200.0,ok,13,250.3408120200038,0.10512000322341919,87.839644998312,338.2855770215392,538.2855770215392,328.0312586068727,138.97065794225682,2822.2430357557514,1365.4689999999998,
2026_07_15_gym,flight_47,250.0,ok,16,307.0530389919877,0.11736200749874115,111.93878699839115,419.1091879978776,669.1091879978776,298.3890440652936,134.67794878405445,2784.9942279461916,1315.5124999999998,
2026_07_15_gym,flight_47,300.0,ok,19,364.454531006515,0.13895700126886368,127.42025800794363,492.0137460157275,792.0137460157275,378.96606598394345,212.7979979820635,2691.3220461628066,1265.5559999999998,
2026_07_15_gym,flight_47,350.0,ok,22,423.12866801023483,0.13840100169181824,137.8378269970417,561.1048960089684,911.1048960089684,205.3060182617253,82.43657447145343,2779.3515839899123,1215.6004999999998,
2026_07_15_gym,flight_47,400.0,ok,25,481.6485320031643,0.14860600233078003,143.01142300665379,624.8085610121489,1024.8085610121489,222.70933971529752,96.94892099006597,2793.9256734319792,1165.644,
2026_07_15_gym,flight_47,430.0,ok,26,500.39597100019455,0.15049400180578232,143.19619900733232,643.7426640093327,1073.7426640093327,232.807336128232,99.76367976246013,2801.0715746707665,1148.9924999999998,
2026_07_15_gym,flight_48,150.0,fit_failed,,,,,,,,,,,ransac_fit: no candidate model reached >= min_samples (8) inliers over 3 iterations
2026_07_15_gym,flight_48,200.0,ok,13,247.30368001013994,0.10804600268602371,87.62803400307894,335.0397600159049,535.0397600159049,182.27380378819313,87.52703827692659,4596.149550254721,1282.2089999999998,
2026_07_15_gym,flight_48,250.0,ok,16,303.73064202070236,0.11660300195217133,110.04749400168657,413.8947390243411,663.8947390243411,171.75838445507463,91.27118693488377,4568.061771038699,1232.2525,
2026_07_15_gym,flight_48,300.0,ok,19,360.53939501941204,0.13921600580215454,130.28763599693775,490.96624702215195,790.966247022152,178.36014119516253,86.14060655601958,4577.8747079119685,1182.2965000000002,
2026_07_15_gym,flight_48,350.0,ok,22,418.51872999966145,0.13903100043535233,133.67172499746084,552.3294859975576,902.3294859975576,227.68196076136684,84.57895184692691,4655.053801822144,1132.3400000000001,
2026_07_15_gym,flight_48,400.0,ok,25,475.84730599820614,0.14916099607944489,143.99902699887753,619.9954939931631,1019.9954939931631,179.70262629804878,56.56285838079035,4582.250569748655,1082.3845000000001,
2026_07_15_gym,flight_48,430.0,ok,26,494.28299501538277,0.1526239961385727,167.18314599245787,661.6187650039792,1091.6187650039792,183.91686698413014,75.50523878371973,4561.328964680731,1065.7315,
2026_07_15_gym,flight_49,150.0,ok,10,193.9265759959817,0.09434100240468979,72.53796700388193,266.5588840022683,416.5588840022683,404.7233820042082,197.9672370790625,4501.1826780857,1282.2075000000002,
2026_07_15_gym,flight_49,200.0,ok,13,251.560752004385,0.10539800673723221,88.25864399969578,339.924794010818,539.924794010818,339.34974695456935,142.29035787826973,4458.900039189974,1232.2525,
2026_07_15_gym,flight_49,250.0,ok,16,308.7826889976859,0.1164730042219162,96.61114600300789,405.5103080049157,655.5103080049157,345.8486733711172,146.3301896124298,4457.367661718222,1182.2955,
2026_07_15_gym,flight_49,300.0,ok,19,365.6029419824481,0.12560300529003143,102.12169700115919,467.8502419888973,767.8502419888973,284.2477646482012,111.46250668210725,4492.593866933697,1132.339,
2026_07_15_gym,flight_49,350.0,ok,22,423.45576697587967,0.13873499631881714,113.987817004323,537.5823189765215,887.5823189765215,292.5234743936044,107.177063989673,4479.628034143399,1082.3825,
2026_07_15_gym,flight_49,400.0,ok,22,423.45576697587967,0.13786400109529495,114.0195420011878,537.6131729781628,937.6131729781628,292.5234743936044,107.177063989673,4479.628034143399,1082.3825,
2026_07_15_gym,flight_49,430.0,ok,22,423.45576697587967,0.14060500264167786,112.96811799705029,536.5644899755716,966.5644899755716,292.5234743936044,107.177063989673,4479.628034143399,1082.3825,
2026_07_15_gym,flight_50,150.0,fit_failed,,,,,,,,,,,ransac_fit: no candidate model reached >= min_samples (8) inliers over 3 iterations
2026_07_15_gym,flight_50,200.0,fit_failed,,,,,,,,,,,ransac_fit: no candidate model reached >= min_samples (8) inliers over 3 iterations
2026_07_15_gym,flight_50,250.0,ok,16,306.34779201447964,0.11695500463247299,91.36783900111914,397.83258602023125,647.8325860202312,161.20585297151172,80.6467064428556,2095.9760141861752,1132.3400000000001,
2026_07_15_gym,flight_50,300.0,ok,19,363.231682009995,0.12747400999069214,101.51301399618387,464.87217001616955,764.8721700161695,322.30277904794474,203.26929495472797,1970.2013090476012,1082.3835000000001,
2026_07_15_gym,flight_50,350.0,ok,22,421.27226500958204,0.14108599722385406,112.9456890001893,534.3590400069952,884.3590400069952,425.8469476031964,274.0261932767194,1915.2986800646854,1032.4275,
2026_07_15_gym,flight_50,400.0,ok,25,478.8271020054817,0.15117999911308289,125.78078299760818,604.759065002203,1004.759065002203,326.19610867671247,189.55859360694487,1965.7245661846675,982.4710000000001,
2026_07_15_gym,flight_50,430.0,ok,26,497.24656700342894,0.16394000500440598,126.25969500094652,623.6702020093799,1053.6702020093799,282.2398842568075,160.71659878686407,1982.7606790747657,965.8190000000001,
2026_07_15_gym,flight_52,150.0,fit_failed,,,,,,,,,,,ransac_fit: no candidate model reached >= min_samples (8) inliers over 3 iterations
2026_07_15_gym,flight_52,200.0,ok,13,249.33200000971556,0.10630600154399872,87.78865899890661,337.22696501016617,537.2269650101662,115.8812068614272,44.71580384074335,12491.280720990902,699.388,
2026_07_15_gym,flight_52,250.0,ok,16,306.3164170011878,0.11604700237512589,95.14977800101042,401.58224200457335,651.5822420045733,282.83374368142864,161.19231138664475,12341.450043037388,649.4315,
2026_07_15_gym,flight_52,300.0,ok,19,364.04380498826504,0.12971500307321548,110.85506400465965,475.0285839959979,775.0285839959979,180.15388419039206,35.542923156172456,12429.635572124074,599.4745,
2026_07_15_gym,flight_52,350.0,ok,22,422.08899799734354,0.13910400122404099,118.84203300625086,541.0701350048184,891.0701350048184,203.6895502683731,58.434212285422625,12393.790618426336,549.5190000000001,
2026_07_15_gym,flight_52,400.0,ok,25,480.1523230075836,0.14879100769758224,125.51231600344181,605.813430018723,1005.813430018723,246.03870694963769,102.3560235414999,12353.21842213384,499.56100000000004,
2026_07_15_gym,flight_52,430.0,ok,26,498.9071130156517,0.1529950052499771,125.02910700440407,624.0892150253057,1054.0892150253057,227.51009637063297,98.44485416607212,12358.63894290863,482.9105,
2026_07_15_gym,flight_53,150.0,ok,10,191.4275979846716,0.0941929966211319,76.61408000439405,268.1358709856868,418.1358709856868,392.37568740112727,262.73071352007867,3684.9168656503903,499.56149999999997,
2026_07_15_gym,flight_53,200.0,ok,13,249.60035799443722,0.10517600178718567,87.64546100050211,337.3509949967265,537.3509949967265,308.134319130198,158.91148008136253,3786.420872818331,449.6055,
2026_07_15_gym,flight_53,250.0,ok,16,307.2996520027518,0.11536198854446411,87.95230300724506,395.36731699854136,645.3673169985414,292.7612334679128,140.7507907440952,3809.7812351724097,399.6495,
2026_07_15_gym,flight_53,300.0,ok,19,364.57596599310637,0.12665899842977524,101.34531500190496,466.0479399934411,766.0479399934411,309.20106277496404,158.60033201054566,3813.386593095308,349.69300000000004,
2026_07_15_gym,flight_53,350.0,ok,22,422.20840299129486,0.1394750028848648,113.5726509988308,535.9205289930105,885.9205289930105,254.04481458018506,116.77251957989489,3858.0298834802043,299.737,
2026_07_15_gym,flight_53,400.0,ok,25,480.3273259848356,0.14738299697637558,120.22044899314642,600.6951579749584,1000.6951579749584,316.1513506565408,164.77171490296763,3801.385200883311,249.78100000000003,
2026_07_15_gym,flight_53,430.0,ok,26,499.28537499159575,0.15519800037145615,121.03679800778627,620.4773709997535,1050.4773709997535,221.54036459266987,18.91303146274784,3927.9426345205243,233.1285,
2026_07_15_gym,flight_54,150.0,ok,10,191.4055050164461,0.0941379964351654,89.06749200075865,280.5671350136399,430.5671350136399,204.74562234648945,293.3963047834422,2452.862094213595,416.303,
2026_07_15_gym,flight_54,200.0,ok,13,249.11809503287077,0.10910198837518692,88.57454200088978,337.80173902213573,537.8017390221357,218.33401636106294,254.76131019749758,2445.7766364252248,366.347,
2026_07_15_gym,flight_54,250.0,ok,16,306.1906120479107,0.11543600261211395,103.50138999521732,409.8074380457401,659.8074380457401,255.30785269288822,195.98019863067597,2451.396582866609,316.39099999999996,
2026_07_15_gym,flight_54,300.0,ok,19,363.2789280489087,0.129938006401062,108.49132300168276,471.90018905699253,771.9001890569925,315.2811242871937,133.6960543733365,2419.7497737797403,266.435,
2026_07_15_gym,flight_54,350.0,ok,22,421.05837704986334,0.13790100067853928,114.29532599449158,535.4916040450335,885.4916040450335,322.7579473319744,119.23601718259647,2399.8496565205905,216.47849999999997,
2026_07_15_gym,flight_54,400.0,ok,25,478.7859510406852,0.15042000263929367,125.82997199892998,604.7663430422544,1004.7663430422544,389.45095369079394,136.72545172997772,2354.315979924767,166.52249999999995,
2026_07_15_gym,flight_54,430.0,ok,26,497.84532403200865,0.15542100369930267,126.84507799893618,624.8458230346441,1054.8458230346441,309.248233675411,88.23202229835039,2377.5221404080676,149.87049999999996,
2026_07_15_gym,flight_55,150.0,ok,10,191.07103200256824,0.09493400901556015,73.21750799566507,264.3834740072489,414.3834740072489,261.04749565262335,239.55017129891255,498.08927160094646,299.737,
2026_07_15_gym,flight_55,200.0,ok,13,248.65326099842787,0.10441599786281586,87.03976099938154,335.7974379956722,535.7974379956722,248.8123224321698,206.63141453396074,506.4218034071557,249.781,
2026_07_15_gym,flight_55,250.0,ok,16,305.72579600661993,0.11489900201559067,87.99439900368452,393.83509401232004,643.83509401232,264.4522707775354,223.43134911369955,477.65627649278446,199.82450000000003,
2026_07_15_gym,flight_55,300.0,ok,19,362.77634900808334,0.12425100803375244,102.25761600583792,465.158216021955,765.158216021955,191.10288880730806,75.79128047687661,596.1034021513354,149.86900000000003,
2026_07_15_gym,flight_55,350.0,ok,22,420.4629730209708,0.1367890015244484,102.36590300500393,522.9656650274992,872.9656650274992,200.7559973805552,72.11955563841553,565.0171828704125,99.912,
2026_07_15_gym,flight_55,400.0,skipped,,,,,,,,,,,total_duration_ms=449.61 < W+50ms buffer
2026_07_15_gym,flight_55,430.0,skipped,,,,,,,,,,,total_duration_ms=449.61 < W+50ms buffer
2026_07_15_gym,flight_56,150.0,ok,10,190.67972100526094,0.09374900907278061,99.55591899901628,290.32938901335,440.32938901335,331.50216047027146,168.54036150399415,8138.01825597562,466.2575,
2026_07_15_gym,flight_56,200.0,ok,13,248.35443700104952,0.10461999475955963,88.48788600414991,336.946942999959,536.946942999959,481.56952802930505,408.8945083764867,8358.766914255906,416.3025,
2026_07_15_gym,flight_56,250.0,ok,16,304.7876410037279,0.11562100052833557,110.55081600695848,415.45407801121473,665.4540780112147,453.8384065041042,352.3173259661858,8317.388414586234,366.3455,
2026_07_15_gym,flight_56,300.0,ok,19,361.9628520011902,0.12899300456047058,106.36232399940491,468.45416900515556,768.4541690051556,482.69652071996745,396.60402970839476,8362.549570045914,316.39,
2026_07_15_gym,flight_56,350.0,ok,22,419.6894439905882,0.1414939984679222,125.02401300519705,544.8549509942532,894.8549509942532,271.32451787799675,41.11583673810345,8022.168332006625,266.4325,
2026_07_15_gym,flight_56,400.0,ok,24,458.5010269805789,0.1453459933400154,128.8764400035143,587.5228129774332,987.5228129774332,318.91052099791324,69.99142451814467,8090.992618007926,216.478,
2026_07_15_gym,flight_56,430.0,ok,25,476.91365898400545,0.15530899912118912,125.15122800320387,602.2201959863305,1032.2201959863305,324.95892534545754,76.92664520736149,8100.552849334422,199.82450000000003,
2026_07_15_gym,flight_60,150.0,ok,10,202.22757100313902,0.0931750014424324,73.96251699328423,276.2832629978657,426.2832629978657,384.52007293931905,325.85761075643694,6046.445618524862,516.2145,
2026_07_15_gym,flight_60,200.0,ok,13,260.34719800949097,0.10341599583625793,89.15503700077534,349.60565100610256,549.6056510061026,398.94085517096664,203.9372886809822,5946.792151498978,466.2585,
2026_07_15_gym,flight_60,250.0,ok,16,317.63710502535105,0.11680600047111511,91.4833869934082,409.23729801923037,659.2372980192304,396.14168616609385,108.76331818130436,5900.486278241431,416.3020000000001,
2026_07_15_gym,flight_60,300.0,ok,19,374.89122903347015,0.12721499800682068,102.40472099930048,477.42316503077745,777.4231650307775,398.0539555733417,78.95258095424663,5885.949930761455,366.34700000000004,
2026_07_15_gym,flight_60,350.0,ok,22,432.92992202192545,0.13941999524831772,113.7807990014553,546.8501410186291,896.8501410186291,388.41216026709105,65.9400794113413,5897.215689792668,316.38950000000006,
2026_07_15_gym,flight_60,400.0,ok,25,490.73487401753664,0.14930900186300278,118.21470199525356,609.0988850146532,1009.0988850146532,409.08994655339166,49.60729057456718,5857.082913558584,266.43450000000007,
2026_07_15_gym,flight_60,430.0,ok,26,509.69953501969576,0.15317999571561813,125.92446199804544,635.7771770134568,1065.7771770134568,434.0051197357387,82.15060995701701,5814.108640571464,249.78250000000008,
2026_07_21_gym,flight_1,150.0,fit_failed,,,,,,,,,,,ransac_fit: no candidate model reached >= min_samples (8) inliers over 3 iterations
2026_07_21_gym,flight_1,200.0,ok,13,247.86559902131557,0.10689900070428848,87.94246800243855,335.9149660244584,535.9149660244584,539.1956355422793,334.34104285754165,2613.175091028128,1298.859,
2026_07_21_gym,flight_1,250.0,ok,16,304.3179340362549,0.11767599731683731,95.2312849983573,399.666895031929,649.666895031929,253.9239284036675,183.94213602686986,2506.517056939815,1248.903,
2026_07_21_gym,flight_1,300.0,ok,19,361.81511802971363,0.1291779950261116,109.8065290004015,471.75082502514124,771.7508250251412,219.7584396777136,157.15749647021912,2509.2279735481284,1198.947,
2026_07_21_gym,flight_1,350.0,ok,21,399.6689140275121,0.1362530067563057,121.13619500398636,520.9413620382547,870.9413620382547,350.8233228426675,172.2175467784563,2343.9084733427485,1148.99,
2026_07_21_gym,flight_1,400.0,ok,24,457.4772560223937,0.1476610004901886,131.79061800986528,589.4155350327492,989.4155350327492,246.22367909725634,121.6722839563727,2396.903730677908,1099.0345000000002,
2026_07_21_gym,flight_1,430.0,ok,25,475.9193520247936,0.15110500156879425,132.37146399915218,608.4419210255146,1038.4419210255146,310.47898118569447,146.45404442282904,2374.811902706813,1082.3825,
2026_07_21_gym,flight_10,150.0,ok,10,191.4870100170374,0.09708200395107269,72.7805630043149,264.36465502530336,414.36465502530336,100.5413221925749,254.15171077846145,3609.5611191075172,382.9975,
2026_07_21_gym,flight_10,200.0,ok,13,249.49712602049112,0.10717599838972092,87.88340699672699,337.48770901560783,537.4877090156078,50.12698888765017,123.27953731541045,3489.564045126171,333.0415,
2026_07_21_gym,flight_10,250.0,ok,16,306.29663801938295,0.11788100749254227,82.49595999717712,388.9104790240526,638.9104790240526,75.04216686593129,199.19333602825785,3559.472908678604,283.08549999999997,
2026_07_21_gym,flight_10,300.0,ok,19,363.7462630197406,0.1283629909157753,128.8417700007558,492.71639601141214,792.7163960114121,60.94370223083384,171.07315023192794,3539.770665374587,233.12899999999996,
2026_07_21_gym,flight_10,350.0,ok,22,421.4771339893341,0.1462159976363182,109.1914390027523,530.8147889897227,880.8147889897227,66.74967753968907,192.7462549424695,3562.3524861651244,183.17299999999997,
2026_07_21_gym,flight_10,400.0,ok,25,479.8856739625335,0.14879099279642105,127.25924500077963,607.2937099561095,1007.2937099561095,48.613470661177246,148.73455487740029,3522.9988237693938,133.21649999999997,
2026_07_21_gym,flight_10,430.0,ok,26,498.47213596105576,0.15514300018548965,117.71102900058031,616.3383079618216,1046.3383079618216,44.14220683018447,72.76452641007965,3441.678411655466,116.56449999999995,
2026_07_21_gym,flight_100,150.0,fit_failed,,,,,,,,,,,ransac_fit: no candidate model reached >= min_samples (8) inliers over 3 iterations
2026_07_21_gym,flight_100,200.0,ok,13,248.96335699409246,0.10606499016284943,88.25094000995159,337.3203619942069,537.3203619942069,476.4176872734402,290.5266906231158,7555.705191104028,1198.9334999999999,
2026_07_21_gym,flight_100,250.0,ok,16,305.531013995409,0.11782500147819519,96.08686000108719,401.7356989979744,651.7356989979744,372.94990143062233,228.71416859731963,7578.323218988471,1148.9785,
2026_07_21_gym,flight_100,300.0,ok,18,343.7203389778733,0.12406599521636963,102.33956700563431,446.183971978724,746.183971978724,310.0740618759808,192.29156160087027,7618.740655183568,1115.6744999999999,
2026_07_21_gym,flight_100,350.0,ok,21,401.3120679780841,0.1398639976978302,116.86930799484253,518.3212399706244,868.3212399706244,257.7747708279622,151.08805478548686,7733.940873903247,1049.067,
2026_07_21_gym,flight_100,400.0,ok,24,459.1040729880333,0.15210600197315216,129.64865499734879,588.9048339873552,988.9048339873552,228.1517503707272,138.36111291571225,7617.006836966009,999.1115,
2026_07_21_gym,flight_100,430.0,ok,25,477.6568459868431,0.14860500395298004,131.35958100110292,609.165031991899,1039.165031991899,178.66018380127701,94.8131476665568,7629.088622762203,982.4599999999999,
2026_07_21_gym,flight_101,150.0,fit_failed,,,,,,,,,,,ransac_fit: no candidate model reached >= min_samples (8) inliers over 3 iterations
2026_07_21_gym,flight_101,200.0,ok,12,229.9166919887066,0.10417599231004715,88.6164530068636,318.63732098788023,518.6373209878802,936.9086154491854,719.4071514662666,9932.863562810702,982.4604999999999,
2026_07_21_gym,flight_101,250.0,ok,15,286.35774897038937,0.11628800630569458,92.45095200836658,378.92498898506165,628.9249889850616,546.0631544259319,417.6583306479092,9626.920675146246,932.5044999999999,
2026_07_21_gym,flight_101,300.0,ok,18,342.8849789723754,0.126862995326519,102.2604859918356,445.2723279595375,745.2723279595375,572.7497605139964,433.80465191032454,9726.62573437768,882.5489999999999,
2026_07_21_gym,flight_101,350.0,ok,21,400.8234969750047,0.14186399430036545,117.58118299394846,518.5465439632535,868.5465439632535,112.50031563221762,91.93842599012265,9436.674754503205,832.5934999999998,
2026_07_21_gym,flight_101,400.0,ok,24,458.4138909652829,0.15910600125789642,126.6356709972024,585.2086679637432,985.2086679637432,110.07551363211101,96.65045454777578,9424.719173912998,782.6374999999998,
2026_07_21_gym,flight_101,430.0,ok,25,477.01268696039915,0.1559389978647232,131.87849600613117,609.047121964395,1039.047121964395,92.14553946827502,78.50121157311425,9402.440678846378,765.9859999999999,
2026_07_21_gym,flight_102,150.0,fit_failed,,,,,,,,,,,ransac_fit: no candidate model reached >= min_samples (8) inliers over 3 iterations
2026_07_21_gym,flight_102,200.0,ok,13,249.32596699893475,0.11625099927186966,87.33541599661112,336.77763399481773,536.7776339948177,213.06195767386396,159.18010348117485,2179.6143539955356,1099.025,
2026_07_21_gym,flight_102,250.0,ok,16,305.79439598321915,0.11908499896526337,96.89896699786186,402.8124479800463,652.8124479800463,298.803955078072,216.9030621023299,2226.832234916954,1049.067,
2026_07_21_gym,flight_102,300.0,ok,19,362.677025988698,0.12925100326538086,110.10716600716114,472.9134429991245,772.9134429991245,121.43910502638121,107.8237883101914,1965.3990783189947,999.1100000000001,
2026_07_21_gym,flight_102,350.0,ok,22,420.4451589882374,0.14108599722385406,121.18012499809265,541.7663699835539,891.7663699835539,162.20065985217568,136.8973844811035,1941.9971403203497,949.1565,
2026_07_21_gym,flight_102,400.0,ok,24,458.6874909773469,0.1471239998936653,129.0058579966426,587.8404729738832,987.8404729738832,122.35224141692892,96.33723641599173,2113.5750692753118,899.2020000000001,
2026_07_21_gym,flight_102,430.0,ok,24,458.6874909773469,0.1491990089416504,128.6664950028062,587.5031849890947,1017.5031849890947,122.35224141692892,96.33723641599173,2113.5750692753118,899.2020000000001,
2026_07_21_gym,flight_103,150.0,fit_failed,,,,,,,,,,,ransac_fit: no candidate model reached >= min_samples (8) inliers over 3 iterations
2026_07_21_gym,flight_103,200.0,ok,13,249.86021299660206,0.10887999832630157,92.66132099181414,342.6304139867425,542.6304139867425,284.5512858804753,260.51780828711577,1649.1502268117827,1049.0724999999998,
2026_07_21_gym,flight_103,250.0,ok,16,307.28298300504684,0.11708500236272812,103.74194800108671,411.1420160084963,661.1420160084963,256.7587365099434,242.59445053060722,1643.8449527201012,999.1154999999999,
2026_07_21_gym,flight_103,300.0,ok,19,364.2353780195117,0.1340860053896904,101.65876699239016,466.02823101729155,766.0282310172915,409.0754654123968,328.50534564440915,1738.3319539377542,949.1605,
2026_07_21_gym,flight_103,350.0,ok,22,422.61832401901484,0.1434200033545494,125.33887399733067,548.1006180197,898.1006180197,389.2679195024702,328.8495823292839,1744.068174405523,899.2049999999999,
2026_07_21_gym,flight_103,400.0,ok,25,480.49713300168514,0.15468000620603561,137.81438000500202,618.4661930128932,1018.4661930128932,198.4290015387932,187.4502305826138,1601.1280681561695,849.2495,
2026_07_21_gym,flight_103,430.0,ok,26,499.4519419968128,0.1574760004878044,151.08260399848223,650.6920219957829,1080.6920219957829,238.7742030649115,239.77220065371696,1654.6572560340496,832.5974999999999,
2026_07_21_gym,flight_104,150.0,fit_failed,,,,,,,,,,,ransac_fit: no candidate model reached >= min_samples (8) inliers over 3 iterations
2026_07_21_gym,flight_104,200.0,ok,12,227.61939598619938,0.10460100322961807,88.56102199852467,316.28501898795366,516.2850189879537,315.3316410034112,214.04091138972962,2541.1436862757787,1182.2875,
2026_07_21_gym,flight_104,250.0,ok,15,283.8829709812999,0.11652900278568268,98.9837389960885,382.98323898017406,632.9832389801741,354.11645785747635,268.7210583960626,2633.7501450515315,1132.3315,
2026_07_21_gym,flight_104,300.0,ok,18,340.5632329881191,0.12841899693012238,102.41844499856234,443.1100969836116,743.1100969836116,339.1597995498895,263.41609112878837,2638.5621270550887,1082.3749999999998,
2026_07_21_gym,flight_104,350.0,ok,21,398.42772699147463,0.13830799609422684,120.65474599599838,519.2207809835672,869.2207809835672,236.67393928780987,190.13782075464357,2566.3831267604346,1032.4199999999998,
2026_07_21_gym,flight_104,400.0,ok,24,455.4892789795995,0.15381000936031342,131.70996300131083,587.3530519902706,987.3530519902706,324.66299626635424,192.95298405661936,2373.64849152047,982.464,
2026_07_21_gym,flight_104,430.0,ok,25,473.7818079739809,0.1544939950108528,135.21369300037622,609.149994969368,1039.149994969368,186.85313275462997,160.64712250324416,2557.9488970585367,965.8119999999999,
2026_07_21_gym,flight_105,150.0,fit_failed,,,,,,,,,,,ransac_fit: no candidate model reached >= min_samples (8) inliers over 3 iterations
2026_07_21_gym,flight_105,200.0,fit_failed,,,,,,,,,,,ransac_fit: no candidate model reached >= min_samples (8) inliers over 3 iterations
2026_07_21_gym,flight_105,250.0,ok,15,287.50273501873016,0.11576900631189346,95.99816599488258,383.61667001992464,633.6166700199246,529.6624748251702,374.9873595832791,10783.511185035211,1099.0275000000001,
2026_07_21_gym,flight_105,300.0,ok,18,344.2903760150075,0.12717799842357635,101.9006960093975,446.3182500228286,746.3182500228286,436.17991619850227,311.65339104847544,10747.702945638923,1049.0735,
2026_07_21_gym,flight_105,350.0,ok,21,401.9598710015416,0.14014099538326263,127.12451099604368,529.2245229929686,879.2245229929686,165.74594478545967,147.24817495747408,10471.44130475828,999.1154999999999,
2026_07_21_gym,flight_105,400.0,ok,24,459.4883920028806,0.16230999678373337,142.22655899822712,601.8772609978914,1001.8772609978914,128.23527389649067,118.58622926145883,10496.689039188803,949.16,
2026_07_21_gym,flight_105,430.0,ok,25,478.1777510046959,0.15260500460863113,142.9158040061593,621.2461600154638,1051.2461600154638,85.60771548495084,92.8900345353775,10503.545625940611,932.51,
2026_07_21_gym,flight_106,150.0,fit_failed,,,,,,,,,,,ransac_fit: no candidate model reached >= min_samples (8) inliers over 3 iterations
2026_07_21_gym,flight_106,200.0,fit_failed,,,,,,,,,,,ransac_fit: no candidate model reached >= min_samples (8) inliers over 3 iterations
2026_07_21_gym,flight_106,250.0,fit_failed,,,,,,,,,,,ransac_fit: no candidate model reached >= min_samples (8) inliers over 3 iterations
2026_07_21_gym,flight_106,300.0,ok,19,365.1292360574007,0.13132599741220474,107.58113300055265,472.84169505536556,772.8416950553656,710.7070996000889,471.2148937213257,2863.720758908646,1165.6404999999997,
2026_07_21_gym,flight_106,350.0,ok,22,423.675510071218,0.14245600253343582,136.40727799385786,560.2252440676093,910.2252440676093,479.48494447178,278.9388210863949,2392.331425658423,1115.686,
2026_07_21_gym,flight_106,400.0,ok,25,481.8832000643015,0.15564300119876862,123.408985003829,605.4478280693293,1005.4478280693293,206.63482606177783,108.00972396823919,2514.996113564097,1065.728,
2026_07_21_gym,flight_106,430.0,ok,26,500.37709805369377,0.15710700303316116,131.927630007267,632.4618350639939,1062.461835063994,217.20959621309757,128.1403963637137,2542.284947359573,1049.077,
2026_07_21_gym,flight_107,150.0,ok,10,190.27814599871635,0.09763799607753754,73.57468699663877,263.95047099143267,413.95047099143267,777.9376564619447,550.8586449316788,7402.532389356649,1115.684,
2026_07_21_gym,flight_107,200.0,ok,13,247.6836730018258,0.10713899880647659,87.9923060014844,335.7831180021167,535.7831180021167,905.5103220152763,634.6845862042308,7499.145953285062,1065.728,
2026_07_21_gym,flight_107,250.0,ok,16,304.75417198240757,0.12121399492025375,87.29685699939728,392.1722429767251,642.1722429767251,311.9432688624415,234.33506655662129,7173.553415187729,1015.7719999999999,
2026_07_21_gym,flight_107,300.0,ok,19,361.29801397025585,0.13021499663591385,102.502506993711,463.93073596060276,763.9307359606028,988.5213604655067,696.5225697903737,7582.666214720645,965.816,
2026_07_21_gym,flight_107,350.0,ok,22,419.01742096990347,0.14186400175094604,123.60061299800873,542.7598979696631,892.7598979696631,265.65403595396674,209.87073702599696,7245.798636710319,915.8599999999999,
2026_07_21_gym,flight_107,400.0,ok,25,476.43344896286726,0.16318100690841675,136.4535769969225,613.0502069666982,1013.0502069666982,173.38558402641715,116.60081172241486,7216.263880503918,865.904,
2026_07_21_gym,flight_107,430.0,ok,26,494.99677796661854,0.15373600274324417,145.68887799978256,640.8393919691443,1070.8393919691443,269.1331419152061,208.52704458187213,7273.7986649515715,849.252,
2026_07_21_gym,flight_108,150.0,fit_failed,,,,,,,,,,,ransac_fit: no candidate model reached >= min_samples (8) inliers over 3 iterations
2026_07_21_gym,flight_108,200.0,fit_failed,,,,,,,,,,,ransac_fit: no candidate model reached >= min_samples (8) inliers over 3 iterations
2026_07_21_gym,flight_108,250.0,fit_failed,,,,,,,,,,,ransac_fit: no candidate model reached >= min_samples (8) inliers over 3 iterations
2026_07_21_gym,flight_108,300.0,ok,16,305.48047299683094,0.11915899813175201,101.95340400189161,407.5530359968543,707.5530359968543,394.247077705137,327.23069053794404,31793.052114022197,1032.424,
2026_07_21_gym,flight_108,350.0,ok,19,363.24354898929596,0.13114099949598312,127.12715899944305,490.501848988235,840.501848988235,166.51268461678677,73.89669678572018,32061.42109585939,949.1625,
2026_07_21_gym,flight_108,400.0,ok,22,420.2387449964881,0.1429940015077591,148.66619000583887,569.0479290038347,969.0479290038347,72.11666349385696,28.846681074950162,31997.599991274317,899.2075,
2026_07_21_gym,flight_108,430.0,ok,23,438.7544409930706,0.1454009935259819,142.90643300116062,581.8062749877572,1011.8062749877572,806.859894938602,606.6280638356056,31561.68598500926,882.556,
2026_07_21_gym,flight_109,150.0,ok,10,190.7570399865508,0.09819400310516357,69.63214200735092,260.4873759970069,410.4873759970069,277.0186726459791,212.64411304765932,928.9070074049093,1215.5965,
2026_07_21_gym,flight_109,200.0,ok,13,248.5994209945202,0.10971299558877945,87.49631900340319,336.20545299351215,536.2054529935122,396.11551511576806,306.6543765850117,891.4922519572117,1165.64,
2026_07_21_gym,flight_109,250.0,ok,16,305.3479099944234,0.11747299879789352,94.19956599920988,399.66494899243116,649.6649489924312,328.7337716016397,256.74904781428484,906.0109077190001,1115.6845,
2026_07_21_gym,flight_109,300.0,ok,19,362.1054369956255,0.12991900742053986,112.5086150020361,474.74397100508213,774.7439710050821,213.7657591864843,171.10468812750383,915.8766942052555,1065.7265,
2026_07_21_gym,flight_109,350.0,ok,22,419.78639701753855,0.14221599698066711,126.42220900207758,546.3508220165968,896.3508220165968,194.95225588214348,162.82477140088054,911.9170016619338,1015.7715000000001,
2026_07_21_gym,flight_109,400.0,ok,25,478.423087015748,0.1520869955420494,127.2982660010457,605.8734400123358,1005.8734400123358,219.777658888545,124.41703293760877,960.8231310476349,965.816,
2026_07_21_gym,flight_109,430.0,ok,26,497.03901402652264,0.15749499946832657,137.56237699836493,634.7588860243559,1064.758886024356,158.80448230265296,128.17454454844304,917.4966015728913,949.1645000000001,
2026_07_21_gym,flight_11,150.0,ok,10,190.54459399729967,0.09680499881505966,85.02480900287628,275.666207998991,425.666207998991,89.42047747766044,44.82338665920665,3730.7645550920406,765.9939999999999,
2026_07_21_gym,flight_11,200.0,ok,13,248.23533099889755,0.10736099630594254,89.29449300467968,337.6371849998832,537.6371849998832,103.31456393210263,59.66678434168952,3724.8310650109784,716.0385,
2026_07_21_gym,flight_11,250.0,ok,16,304.9473170116544,0.12010299414396286,90.89989200979471,395.96731201559305,645.967312015593,92.68354431685621,49.173049625556466,3727.778552921269,666.0825,
2026_07_21_gym,flight_11,300.0,ok,19,362.9583790227771,0.13421499729156494,111.6010180041194,474.69361202418804,774.693612024188,122.03799719278429,99.9198091028767,3691.471608118034,616.126,
2026_07_21_gym,flight_11,350.0,ok,22,420.8997130468488,0.14180800318717957,119.59458000212908,540.636101052165,890.636101052165,173.69255043207946,166.04851958476036,3639.618863054974,566.1695,
2026_07_21_gym,flight_11,400.0,ok,25,478.79554303735495,0.1528090015053749,133.01237200200558,611.9607240408659,1011.9607240408659,221.23623334715225,221.53912022065708,3595.8008865997,516.2139999999999,
2026_07_21_gym,flight_11,430.0,ok,26,497.35552103817463,0.15354999899864197,135.7143839970231,633.2234550341964,1063.2234550341964,222.12020494106233,226.6448565007473,3590.2139594151463,499.562,
2026_07_21_gym,flight_110,150.0,ok,10,191.71434500068426,0.09587900340557098,72.02701599150896,263.8372399955988,413.8372399955988,477.6020651855544,319.24270901932323,7023.927322519107,1065.7285000000002,
2026_07_21_gym,flight_110,200.0,ok,13,249.4822730049491,0.10728700459003448,87.69091000407934,337.28047001361847,537.2804700136185,275.79332198372833,246.63613709849045,6716.60435963461,1015.7724999999999,
2026_07_21_gym,flight_110,250.0,ok,15,287.74871700257063,0.11660300195217133,92.05200999230146,379.91732999682426,629.9173299968243,288.23524896334345,269.51290587908255,6679.213088891182,965.8165000000001,
2026_07_21_gym,flight_110,300.0,ok,18,345.00175000727177,0.13791900128126144,102.33227100223303,447.47194001078606,747.471940010786,198.17827417858962,192.30874867032153,6739.764511447978,915.8600000000001,
2026_07_21_gym,flight_110,350.0,ok,21,402.46946900337934,0.14021500200033188,117.64154099673033,520.25122500211,870.25122500211,161.2531905147385,172.48257809477727,6753.046166910104,865.904,
2026_07_21_gym,flight_110,400.0,ok,24,460.1220559999347,0.14715999364852905,138.12288799136877,598.392103984952,998.392103984952,105.84980999367683,125.4772804178064,6793.529794847295,815.9480000000001,
2026_07_21_gym,flight_110,430.0,ok,25,479.02897200733423,0.15432799607515335,130.07678499817848,609.2600850015879,1039.2600850015879,72.89897155808772,97.30985103244176,6819.063911025649,799.2965,
2026_07_21_gym,flight_111,150.0,fit_failed,,,,,,,,,,,ransac_fit: no candidate model reached >= min_samples (8) inliers over 3 iterations
2026_07_21_gym,flight_111,200.0,fit_failed,,,,,,,,,,,ransac_fit: no candidate model reached >= min_samples (8) inliers over 3 iterations
2026_07_21_gym,flight_111,250.0,fit_failed,,,,,,,,,,,ransac_fit: no candidate model reached >= min_samples (8) inliers over 3 iterations
2026_07_21_gym,flight_111,300.0,ok,19,362.03391199558973,0.1309560090303421,107.17567100375891,469.340539008379,769.340539008379,198.90928067231857,111.7790781276014,9917.534538777165,932.5129999999999,
2026_07_21_gym,flight_111,350.0,ok,22,419.64666098356247,0.14047500491142273,122.37822899967432,542.1653649881482,892.1653649881482,258.5304482859975,167.62011644137536,9962.924287480968,882.5564999999999,
2026_07_21_gym,flight_111,400.0,ok,25,477.2601129859686,0.15203100442886353,137.1245979964733,614.5367419868708,1014.5367419868708,264.5810329931296,157.91279872181357,9962.094546987972,832.6009999999999,
2026_07_21_gym,flight_111,430.0,ok,26,496.06261099129915,0.15947700291872025,147.06227400153875,643.2843619957566,1073.2843619957566,310.9453850414038,192.38596699739352,9997.086950842797,815.9485,
2026_07_21_gym,flight_112,150.0,fit_failed,,,,,,,,,,,ransac_fit: no candidate model reached >= min_samples (8) inliers over 3 iterations
2026_07_21_gym,flight_112,200.0,fit_failed,,,,,,,,,,,ransac_fit: no candidate model reached >= min_samples (8) inliers over 3 iterations
2026_07_21_gym,flight_112,250.0,fit_failed,,,,,,,,,,,ransac_fit: no candidate model reached >= min_samples (8) inliers over 3 iterations
2026_07_21_gym,flight_112,300.0,ok,18,345.72171694785357,0.12886300683021545,105.10801000148058,450.95858995616436,750.9585899561644,588.2656202854719,450.6247716121189,12813.64022167016,915.861,
2026_07_21_gym,flight_112,350.0,ok,21,403.2352899312973,0.14032699912786484,122.67145799100399,526.0470749214292,876.0470749214292,755.8757908108101,632.5896321182532,12675.331242998076,865.9050000000002,
2026_07_21_gym,flight_112,400.0,ok,24,461.43773794174194,0.14642000198364258,137.97315300256014,599.5573109462857,999.5573109462857,427.945198350115,324.9192625385748,12874.915132251625,815.9495000000001,
2026_07_21_gym,flight_112,430.0,ok,24,461.43773794174194,0.15092000365257263,138.74283100664616,600.3314889520407,1030.3314889520407,427.945198350115,324.9192625385748,12874.915132251625,815.9495000000001,
2026_07_21_gym,flight_113,150.0,fit_failed,,,,,,,,,,,ransac_fit: no candidate model reached >= min_samples (8) inliers over 3 iterations
2026_07_21_gym,flight_113,200.0,ok,12,229.80390199273825,0.1066569983959198,93.60945900529623,323.5200179964304,523.5200179964304,1071.1649139952399,736.9474704636431,4150.653152556693,1099.0335,
2026_07_21_gym,flight_113,250.0,ok,15,287.1333490014076,0.11693600565195084,98.23641500622034,385.4867000132799,635.4867000132799,1758.9645787280056,1221.0334685896826,3866.363912321271,1049.077,
2026_07_21_gym,flight_113,300.0,ok,18,344.3749720081687,0.12802999466657639,127.40210899710655,471.9051109999418,771.9051109999418,704.9141464891738,487.68924885717604,4325.816376020461,999.1215,
2026_07_21_gym,flight_113,350.0,ok,21,402.3250480219722,0.1370300054550171,136.0365600064397,538.4986380338669,888.4986380338669,752.8185882824264,525.5643478090965,4299.088223780337,949.1650000000001,
2026_07_21_gym,flight_113,400.0,ok,24,460.00552601367235,0.1495869979262352,154.28777100145817,614.4428840130568,1014.4428840130568,306.19130211331566,223.90471683541884,4525.243583098004,899.209,
2026_07_21_gym,flight_113,430.0,ok,25,478.7430940121412,0.15301299840211868,156.21856799721718,635.1146750077605,1065.1146750077605,325.5950485682131,241.2760076993044,4513.649478690865,882.557,
2026_07_21_gym,flight_114,150.0,fit_failed,,,,,,,,,,,ransac_fit: no candidate model reached >= min_samples (8) inliers over 3 iterations
2026_07_21_gym,flight_114,200.0,fit_failed,,,,,,,,,,,ransac_fit: no candidate model reached >= min_samples (8) inliers over 3 iterations
2026_07_21_gym,flight_114,250.0,fit_failed,,,,,,,,,,,ransac_fit: no candidate model reached >= min_samples (8) inliers over 3 iterations
2026_07_21_gym,flight_114,300.0,ok,17,325.15351800620556,0.12730799615383148,111.19896499067545,436.47979099303484,736.4797909930348,427.159869948554,275.8230910871466,7307.12059341054,1015.7740000000002,
2026_07_21_gym,flight_114,350.0,ok,20,382.74413600564003,0.14827199280261993,122.93712899833918,505.8295369967818,855.8295369967818,432.14113126963764,304.4590278813022,7276.997891382978,965.8175000000001,
2026_07_21_gym,flight_114,400.0,ok,23,440.3770520091057,0.14719700068235397,131.1213380023837,571.6455870121717,971.6455870121717,445.4383610353359,323.09257591700464,7279.155650018091,915.861,
2026_07_21_gym,flight_114,430.0,ok,24,458.9238250106573,0.15179099887609482,132.7323660030961,591.8079820126295,1021.8079820126295,322.0225246810624,223.21052300774204,7332.578767902003,899.2090000000002,
2026_07_21_gym,flight_115,150.0,fit_failed,,,,,,,,,,,ransac_fit: no candidate model reached >= min_samples (8) inliers over 3 iterations
2026_07_21_gym,flight_115,200.0,fit_failed,,,,,,,,,,,ransac_fit: no candidate model reached >= min_samples (8) inliers over 3 iterations
2026_07_21_gym,flight_115,250.0,fit_failed,,,,,,,,,,,ransac_fit: no candidate model reached >= min_samples (8) inliers over 3 iterations
2026_07_21_gym,flight_115,300.0,ok,18,343.5639619976282,0.13043799996376038,119.69332998991013,463.3877299875021,763.3877299875021,592.0410861062675,535.508207777781,16025.010296620696,932.5135,
2026_07_21_gym,flight_115,350.0,ok,21,400.42981300503016,0.14242000132799149,131.95589199662209,532.5281250029802,882.5281250029802,213.06260689233923,160.0939153215776,16235.87853804769,882.5554999999999,
2026_07_21_gym,flight_115,400.0,ok,24,458.0923240110278,0.14903099089860916,138.80628099292517,597.0476359948516,997.0476359948516,265.06803837146566,129.1625135562074,16366.193887565603,832.6009999999999,
2026_07_21_gym,flight_115,430.0,ok,25,476.91101000458,0.15640199929475784,143.76613699644804,620.8335490003228,1050.8335490003228,192.17249104342505,175.01753443759694,16209.61154761313,815.9494999999998,
2026_07_21_gym,flight_116,150.0,ok,10,190.55733501166105,0.09600900113582611,89.69136100262403,280.3447050154209,430.3447050154209,908.352349060891,557.5532959404502,10451.87182448006,1265.5545000000002,
2026_07_21_gym,flight_116,200.0,ok,13,248.2662030160427,0.10858400166034698,105.97462300211191,354.34941001981497,554.349410019815,583.3673484017477,364.61859515624036,10572.739130055052,1215.5980000000002,
2026_07_21_gym,flight_116,250.0,ok,16,304.99781902879477,0.11964000016450882,112.27442699670792,417.3918860256672,667.3918860256672,544.6674599448559,341.34741279066515,10590.634027331127,1165.6425000000002,
2026_07_21_gym,flight_116,300.0,ok,19,362.2442570030689,0.13117799907922745,127.66774299740791,490.04317799955606,790.0431779995561,408.19984239241876,263.46010532926186,10638.971290236868,1115.6860000000001,
2026_07_21_gym,flight_116,350.0,ok,22,419.75636901706457,0.14601200819015503,133.8426660001278,553.7450470253825,903.7450470253825,338.166580169168,216.54232123264973,10665.934684298969,1065.73,
2026_07_21_gym,flight_116,400.0,ok,25,477.5885990038514,0.1560320034623146,142.6529660075903,620.397597014904,1020.397597014904,288.82159549296375,185.21612449175987,10677.020343173877,1015.7740000000002,
2026_07_21_gym,flight_116,430.0,ok,26,496.1168330088258,0.15904999524354935,141.20654499530792,637.4824279993773,1067.4824279993773,324.11192986137553,203.58513026590248,10659.764751103832,999.1220000000001,
2026_07_21_gym,flight_117,150.0,fit_failed,,,,,,,,,,,ransac_fit: no candidate model reached >= min_samples (8) inliers over 3 iterations
2026_07_21_gym,flight_117,200.0,ok,13,250.0266539901495,0.10912100225687027,87.01523999869823,337.1510149911046,537.1510149911046,205.49285005996924,144.6721412885776,3514.5179046854773,1148.991,
2026_07_21_gym,flight_117,250.0,ok,16,307.0958559885621,0.1179179921746254,102.34849399328232,409.56226797401905,659.562267974019,250.3771410079685,177.7269714437335,3475.9433914044735,1099.0345,
2026_07_21_gym,flight_117,300.0,ok,19,364.18496698886156,0.13297399878501892,116.1513189971447,480.4692599847913,780.4692599847913,300.5196890352885,208.56571091704095,3448.465827500325,1049.0785,
2026_07_21_gym,flight_117,350.0,ok,22,422.02977399528027,0.14240100979804993,125.60219300538301,547.7743680104613,897.7743680104613,294.77931133335596,205.02050956575897,3453.42590043371,999.122,
2026_07_21_gym,flight_117,400.0,ok,25,480.12763898819685,0.1529950052499771,131.59158300608397,611.8722169995308,1011.8722169995308,217.30732010490118,146.7503105137248,3512.4383199188073,949.1659999999999,
2026_07_21_gym,flight_117,430.0,ok,26,499.157249994576,0.1619959995150566,131.3771010041237,630.6963469982147,1060.6963469982147,186.83386394439705,115.93903539634321,3549.917245537518,932.5135,
2026_07_21_gym,flight_118,150.0,fit_failed,,,,,,,,,,,ransac_fit: no candidate model reached >= min_samples (8) inliers over 3 iterations
2026_07_21_gym,flight_118,200.0,ok,12,228.74381403625011,0.10573100298643112,88.32046499848366,317.1700100377202,517.1700100377202,933.8481765757853,695.183629668544,11120.364075609623,1015.773,
2026_07_21_gym,flight_118,250.0,ok,15,285.19427604973316,0.11536099761724472,96.06837599724531,381.3780130445957,631.3780130445957,996.9262004895717,741.7715474309817,11153.755914305806,965.818,
2026_07_21_gym,flight_118,300.0,ok,18,341.8341080546379,0.13132700324058533,116.21793600171804,458.18337105959654,758.1833710595965,645.9571173952166,487.5491590558206,10932.982106052175,915.8534999999998,
2026_07_21_gym,flight_118,350.0,ok,21,399.49637906998396,0.14062300324440002,134.94392800331116,534.5809300765395,884.5809300765395,235.31901567053032,192.35006846857402,10447.992014154877,865.906,
2026_07_21_gym,flight_118,400.0,ok,24,456.8126020729542,0.15188299864530563,148.33238499611616,605.2968700677156,1005.2968700677156,296.0644657256919,210.29085946220096,10681.632347166093,815.9494999999998,
2026_07_21_gym,flight_118,430.0,ok,25,475.4624210745096,0.1538649946451187,151.5236789956689,627.1399650648236,1057.1399650648236,274.30597974919897,204.8231135645044,10674.483596628545,799.2975,
2026_07_21_gym,flight_119,150.0,ok,10,193.17615798860788,0.09589700400829315,72.80356500297785,266.075619995594,416.075619995594,806.5290579417571,970.8779541699065,353380.4882605878,899.2095,
2026_07_21_gym,flight_119,200.0,ok,12,232.460264980793,0.10293500125408173,88.81274700164795,321.37594698369503,521.375946983695,228.40315912634765,491.1126458297772,352980.7646945084,849.2504999999999,
2026_07_21_gym,flight_119,250.0,ok,15,290.6441939920187,0.11323200911283493,100.12646799534559,390.8838939964771,640.8838939964771,210.18471102539922,428.50169687157893,352912.2206899526,799.2969999999999,
2026_07_21_gym,flight_119,300.0,ok,18,348.18749099969864,0.12593699246644974,110.1920809969306,458.5055089890957,758.5055089890957,178.51732210488868,406.75689369428113,352894.99385571916,749.3414999999999,
2026_07_21_gym,flight_119,350.0,ok,21,406.6593529880047,0.14175299555063248,118.54171100258827,525.3428169861436,875.3428169861436,223.11349412118506,517.7061537033345,353009.4589109365,699.3849999999999,
2026_07_21_gym,flight_119,400.0,ok,24,464.89589796960354,0.14666099846363068,129.50466000288725,594.5472189709544,994.5472189709544,193.02335142893864,463.28994301017997,352956.5067852402,649.4290000000001,
2026_07_21_gym,flight_119,430.0,ok,25,484.31611696630716,0.1514580026268959,131.38600900769234,615.8535839766264,1045.8535839766264,189.9043541421012,499.49435273767506,352992.07392226864,632.7769999999999,
2026_07_21_gym,flight_12,150.0,ok,10,190.65301506221294,0.09463800489902496,71.8295179978013,262.5771710649133,412.5771710649133,365.48349808266795,491.77813005242916,6037.424865903968,532.8660000000001,
2026_07_21_gym,flight_12,200.0,ok,13,248.51452604681253,0.1080470085144043,88.49779400229454,337.1203670576215,537.1203670576215,234.46815564104514,318.83236361903306,6085.302612398348,482.9100000000001,
2026_07_21_gym,flight_12,250.0,ok,16,304.91292905807495,0.12288099527359009,92.1702239960432,397.20603404939175,647.2060340493917,205.26473758568395,273.47366471230083,6074.322380289585,432.9545,
2026_07_21_gym,flight_12,300.0,ok,19,361.4394910633564,0.1315860003232956,101.59642899781466,463.16750606149435,763.1675060614944,94.01730303780379,118.89600683747211,6205.324382687388,382.998,
2026_07_21_gym,flight_12,350.0,ok,22,419.4260690584779,0.14117900282144547,114.02554200589657,533.5927900671959,883.5927900671959,93.46699221622315,130.9115885013081,6195.159200763909,333.04150000000004,
2026_07_21_gym,flight_12,400.0,ok,25,477.0680790618062,0.15301400423049927,118.53902599960566,595.7601190656424,995.7601190656424,105.59336857855062,144.21520304382787,6164.710373119657,283.08500000000004,
2026_07_21_gym,flight_12,430.0,ok,26,495.8498160690069,0.1513650044798851,124.7208210080862,620.722002081573,1050.722002081573,90.53740755546193,121.45792388479819,6179.925084609981,266.4325,
2026_07_21_gym,flight_120,150.0,fit_failed,,,,,,,,,,,ransac_fit: no candidate model reached >= min_samples (8) inliers over 3 iterations
2026_07_21_gym,flight_120,200.0,ok,13,246.80517201125622,0.11173199862241745,86.75905099511147,333.6759550049901,533.6759550049901,311.5700090401267,186.71540197024802,2142.0466774510382,1182.2945,
2026_07_21_gym,flight_120,250.0,ok,16,303.1048080101609,0.11917699873447418,102.82114699482918,406.0451320037246,656.0451320037246,366.916775013522,222.5061602546061,2111.2080682679084,1132.3384999999998,
2026_07_21_gym,flight_120,300.0,ok,18,340.3435710147023,0.1276409924030304,113.17169100046158,453.64290300756693,753.6429030075669,611.518318677848,388.76329074324246,1993.741322606508,1082.3825,
2026_07_21_gym,flight_120,350.0,ok,21,397.89764802902937,0.13973499834537506,116.36400499939919,514.4013880267739,864.4013880267739,732.8475733964323,472.2772343441177,1946.865631822437,1032.4260000000002,
2026_07_21_gym,flight_120,400.0,ok,24,455.4654470458627,0.15106900036334991,129.59159500151873,585.2081110477448,985.2081110477448,436.5070522633997,273.1274291615228,2082.071046276647,982.4705,
2026_07_21_gym,flight_120,430.0,ok,25,473.8650590479374,0.1540139988064766,133.27589500695467,607.2949680536985,1037.2949680536985,438.81738526262046,280.3566376650929,2076.303796352151,965.8175,
2026_07_21_gym,flight_121,150.0,fit_failed,,,,,,,,,,,ransac_fit: no candidate model reached >= min_samples (8) inliers over 3 iterations
2026_07_21_gym,flight_121,200.0,fit_failed,,,,,,,,,,,ransac_fit: no candidate model reached >= min_samples (8) inliers over 3 iterations
2026_07_21_gym,flight_121,250.0,fit_failed,,,,,,,,,,,ransac_fit: no candidate model reached >= min_samples (8) inliers over 3 iterations
2026_07_21_gym,flight_121,300.0,ok,17,323.5863949805498,0.12510400265455246,105.28730399906635,428.9988029822707,728.9988029822707,470.6060103786206,256.3058792331013,8046.366738800498,1132.3405,
2026_07_21_gym,flight_121,350.0,ok,17,323.5863949805498,0.12484399974346161,105.12038200348616,428.83162098377943,778.8316209837794,470.6060103786206,256.3058792331013,8046.366738800498,1132.3405,
2026_07_21_gym,flight_121,400.0,ok,18,342.95925698429346,0.13102999329566956,117.66287600249052,460.75316298007965,860.7531629800797,470.6060103786206,256.3058792331013,8046.366738800498,1032.4285,
2026_07_21_gym,flight_121,430.0,ok,19,361.69217598438263,0.1314919963479042,129.33229400217533,491.15596198290586,921.1559619829059,904.5936327883966,509.5216525826803,8300.924995073336,999.1239999999999,
2026_07_21_gym,flight_122,150.0,ok,10,190.25029502809048,0.09643399715423584,81.54654400795698,271.8932730332017,421.8932730332017,421.4167052114938,185.26715157716924,1815.0190569430372,1415.424,
2026_07_21_gym,flight_122,200.0,ok,13,247.87647203356028,0.10667600482702255,101.20185799896717,349.18500603735447,549.1850060373545,1052.3463417033329,619.2835116806076,1150.3386717704573,1365.4679999999998,
2026_07_21_gym,flight_122,250.0,ok,16,304.1182330325246,0.1175839900970459,102.49017299711704,406.7259900197387,656.7259900197387,276.95095153521,150.28231187460113,1705.0972997271183,1315.5114999999998,
2026_07_21_gym,flight_122,300.0,ok,19,360.9277090355754,0.1295660063624382,120.96229100227356,482.0195660442114,782.0195660442114,594.7949630496757,412.5196831833352,1325.7574375420631,1265.5555000000002,
2026_07_21_gym,flight_122,350.0,ok,21,399.62335704267025,0.13871600478887558,135.67495400458574,535.4370270520449,885.4370270520449,1283.2334554568258,717.0396220831118,1090.8650032121866,1215.5985,
2026_07_21_gym,flight_122,400.0,ok,24,457.23292003571987,0.14869799464941025,131.9696519970894,589.3512700274587,989.3512700274587,237.22066443133284,184.0843172208156,1633.1865507002735,1165.6435000000001,
2026_07_21_gym,flight_122,430.0,ok,25,475.7120190411806,0.1527170017361641,136.43340899795294,612.2981450408697,1042.2981450408697,668.1240201358318,411.85001808768857,1346.8684837695034,1148.9914999999999,
2026_07_21_gym,flight_123,150.0,ok,10,190.2191580235958,0.09767500311136246,80.4721000045538,270.78893303126097,420.78893303126097,1142.1458787116844,653.8478389587714,8624.729358084083,1265.556,
2026_07_21_gym,flight_123,200.0,ok,13,247.8137380182743,0.10600899904966354,86.80092500895262,334.7206720262766,534.7206720262766,190.94108787047327,68.04191349839046,8233.769779202621,1215.5995,
2026_07_21_gym,flight_123,250.0,ok,16,304.50785202533007,0.1185849979519844,103.60456600040197,408.231003023684,658.231003023684,530.2571608538329,281.69826978436896,8378.413844259238,1165.643,
2026_07_21_gym,flight_123,300.0,ok,19,361.6613390222192,0.1308629959821701,117.56758999079466,479.359792008996,779.359792008996,241.72787555119,110.27941327570974,8267.99970322997,1115.6875,
2026_07_21_gym,flight_123,350.0,ok,22,419.0021940097213,0.14119800180196762,118.84479300677776,537.988185018301,887.988185018301,261.65302377906505,110.91694111471598,8270.266958763703,1065.731,
2026_07_21_gym,flight_123,400.0,ok,25,476.93276900053024,0.15095800161361694,133.79481100291014,610.878538005054,1010.878538005054,314.4569722414809,160.39442095800908,8304.138112446462,1015.7750000000001,
2026_07_21_gym,flight_123,430.0,ok,26,495.38405199348927,0.15491999685764313,108.24672699719667,603.7856989875436,1033.7856989875436,295.68863190178826,149.66505058220952,8294.959363616512,999.1229999999999,
2026_07_21_gym,flight_124,150.0,ok,10,190.68901498615742,0.09886100143194199,84.72246800363064,275.51034399122,425.51034399122,190.11931451314487,461.311354531227,8765.790339636214,1182.2955,
2026_07_21_gym,flight_124,200.0,ok,13,248.4678349867463,0.10889799892902374,87.20084900408983,335.77758198976517,535.7775819897652,1002.1280478947463,1101.639783106787,8459.553654481164,1132.3385,
2026_07_21_gym,flight_124,250.0,ok,16,306.3427009731531,0.11987999826669693,103.73292899876833,410.19550997018814,660.1955099701881,651.1821233787053,905.9753828634173,8552.062591953327,1082.38,
2026_07_21_gym,flight_124,300.0,ok,18,344.5645669847727,0.1299550011754036,107.42161900550127,452.11614099144936,752.1161409914494,651.1821233787053,905.9753828634173,8552.062591953327,1032.4260000000002,
2026_07_21_gym,flight_124,350.0,ok,20,383.0663479939103,0.13682600855827332,116.47064299881458,499.67381700128317,849.6738170012832,218.32445742759165,616.8627614988247,8741.616568112337,999.1235,
2026_07_21_gym,flight_124,400.0,ok,22,421.4658779799938,0.1455490067601204,126.11920100450516,547.7306279912591,947.7306279912591,233.32310781570152,613.4919553667964,8776.243980617413,949.1670000000001,
2026_07_21_gym,flight_124,430.0,ok,23,440.1148819774389,0.1497349962592125,131.83150999993086,572.096126973629,1002.096126973629,558.3875095171051,840.3756794439264,8640.91895302636,915.8625000000001,
2026_07_21_gym,flight_125,150.0,fit_failed,,,,,,,,,,,ransac_fit: no candidate model reached >= min_samples (8) inliers over 3 iterations
2026_07_21_gym,flight_125,200.0,fit_failed,,,,,,,,,,,ransac_fit: no candidate model reached >= min_samples (8) inliers over 3 iterations
2026_07_21_gym,flight_125,250.0,ok,16,305.2560509815812,0.1214359924197197,103.59847299009562,408.97595996409655,658.9759599640965,279.79677455574534,83.99972713101438,13308.40051576349,1082.384,
2026_07_21_gym,flight_125,300.0,ok,19,362.15979198366404,0.13147500902414322,115.72187499701977,478.01314198970795,778.013141989708,318.49720070318943,175.9475978721852,13163.62021918488,1032.4275,
2026_07_21_gym,flight_125,350.0,ok,22,419.5296879634261,0.1420310065150261,125.56365299224854,545.2353719621897,895.2353719621897,509.9651107772583,358.00743494425296,13035.109901838961,982.4715000000001,
2026_07_21_gym,flight_125,400.0,ok,25,477.3210079446435,0.1535319983959198,133.26535700261593,610.7398969456553,1010.7398969456553,407.58927345726585,206.68423427605333,13411.675476368242,932.5155000000001,
2026_07_21_gym,flight_125,430.0,ok,26,496.04616694897413,0.1569030061364174,131.10629899799824,627.3093689531088,1057.3093689531088,868.2822260930468,539.3993796525165,13665.462847867717,915.8625000000001,
2026_07_21_gym,flight_126,150.0,fit_failed,,,,,,,,,,,ransac_fit: no candidate model reached >= min_samples (8) inliers over 3 iterations
2026_07_21_gym,flight_126,200.0,ok,13,264.8925510048866,0.10517599433660507,87.30517299473286,352.3028999939561,552.3028999939561,242.77826317568227,174.61659563426514,1600.3185821196516,1215.6004999999998,
2026_07_21_gym,flight_126,250.0,ok,16,322.0136840194464,0.11897299438714981,103.08415000140667,425.2168070152402,675.2168070152402,539.9906365707989,427.0761470507193,1810.8287586332613,1165.644,
2026_07_21_gym,flight_126,300.0,ok,19,379.14289301633835,0.12963999807834625,116.47936599701643,495.7518990114331,795.7518990114331,224.69832199871496,217.16456215065787,1658.927590683754,1115.688,
2026_07_21_gym,flight_126,350.0,ok,22,436.7085470110178,0.1421229988336563,124.88087199628353,561.731542006135,911.731542006135,515.9145357934292,374.25553886383096,1723.2865180043052,1065.7325,
2026_07_21_gym,flight_126,400.0,ok,25,494.6560120135546,0.15180899947881699,131.81273099780083,626.6205520108342,1026.6205520108342,366.27115672249363,292.10691590832323,1660.0787585890328,1015.7760000000001,
2026_07_21_gym,flight_126,430.0,ok,26,513.1408540159464,0.1556979939341545,131.1696389913559,644.4661910012364,1074.4661910012364,345.8462423245485,274.88961482339596,1649.1917776996515,999.1234999999999,
2026_07_21_gym,flight_13,150.0,fit_failed,,,,,,,,,,,ransac_fit: no candidate model reached >= min_samples (8) inliers over 3 iterations
2026_07_21_gym,flight_13,200.0,ok,13,248.8317959830165,0.11230599880218506,87.09172799438238,336.03582997620106,536.0358299762011,401.9736723334309,444.7318798421824,22564.892339037502,566.1695,
2026_07_21_gym,flight_13,250.0,ok,16,305.9327409788966,0.12232600152492523,94.29755599796772,400.35262297838926,650.3526229783893,153.66939631993844,109.67418737054483,22390.61305406842,516.213,
2026_07_21_gym,flight_13,300.0,ok,19,362.92467698454857,0.1313999965786934,100.6766830086708,463.73275998979807,763.7327599897981,168.96602408784906,144.45061112398292,22400.252377271147,466.257,
2026_07_21_gym,flight_13,350.0,ok,22,420.8305450081825,0.14234499633312225,112.30146700143814,533.2743570059538,883.2743570059538,102.55736490872825,60.83313613162854,22314.153488262942,416.301,
2026_07_21_gym,flight_13,400.0,ok,25,478.4031060039997,0.15390300750732422,120.95838399976492,599.515393011272,999.515393011272,156.52923688412912,119.17726511496014,22405.913233624662,366.3445,
2026_07_21_gym,flight_13,430.0,ok,26,497.13415399193764,0.15792100131511688,124.69093000143766,621.9830049946904,1051.9830049946904,102.68754142311951,57.8172231623085,22327.330192922836,349.69249999999994,
2026_07_21_gym,flight_14,150.0,ok,10,190.16819397360086,0.09626799821853638,72.55672900378704,262.82119097560644,412.82119097560644,64.66482850051544,170.48162015058995,3386.3104758017703,482.9095,
2026_07_21_gym,flight_14,200.0,ok,13,247.70789996534586,0.10863899439573288,87.06455899775028,334.8810979574919,534.8810979574919,136.27921879579213,195.259231344032,3394.4469929950387,432.95300000000003,
2026_07_21_gym,flight_14,250.0,ok,16,303.9513459652662,0.12349200248718262,92.15124099701643,396.22607896476984,646.2260789647698,73.25818631393223,95.44622700573298,3373.923485398697,382.997,
2026_07_21_gym,flight_14,300.0,ok,19,360.9127059802413,0.13593700528144836,102.22348299622536,463.2721259817481,763.2721259817481,47.3217727600583,58.98409420697348,3377.4638905171873,333.041,
2026_07_21_gym,flight_14,350.0,ok,22,418.2584519907832,0.1451610028743744,109.33984000235796,527.7434529960155,877.7434529960155,44.0147456028671,48.182180279009465,3373.2207688921,283.0845,
2026_07_21_gym,flight_14,400.0,ok,25,475.77378499507904,0.1562180072069168,118.25079700350761,594.1808000057936,994.1808000057936,53.9482207356873,32.13861356625991,3379.6652010400153,233.12800000000001,
2026_07_21_gym,flight_14,430.0,ok,26,494.40704799443483,0.1585329994559288,117.99644200503826,612.562022998929,1042.562022998929,53.54248620465317,31.44936740524707,3377.4573178615974,216.47650000000002,
2026_07_21_gym,flight_15,150.0,ok,10,190.3562269806862,0.09843499958515167,79.39880299568176,269.8534649759531,419.8534649759531,106.47140288865175,85.16241991103531,851.5444706079146,732.69,
2026_07_21_gym,flight_15,200.0,ok,13,248.54997198283672,0.11234299838542938,88.47466299682856,337.1369779780507,537.1369779780507,147.36190266737316,112.31317522205661,880.270249325636,682.7325,
2026_07_21_gym,flight_15,250.0,ok,16,305.3890619724989,0.12280700355768204,97.54946799576283,403.0613369718194,653.0613369718194,150.49705878491187,139.7926069403074,813.1214674960229,632.7765,
2026_07_21_gym,flight_15,300.0,ok,19,362.25909799337387,0.13627100735902786,111.48402600735426,473.87939500808716,773.8793950080872,161.40271875245585,103.94076228661497,860.5421050549411,582.821,
2026_07_21_gym,flight_15,350.0,ok,22,420.42897000163794,0.1435679942369461,120.3495530039072,540.9220909997821,890.9220909997821,139.91969625555683,73.34246892124995,868.5519024884461,532.8655,
2026_07_21_gym,flight_15,400.0,ok,25,478.3883600011468,0.15755100548267365,124.30691499263048,602.85282599926,1002.85282599926,125.37720269439816,50.45107129201036,884.7723544937805,482.9085,
2026_07_21_gym,flight_15,430.0,ok,26,496.91003799438477,0.16019899398088455,126.20048599690199,623.2707229852676,1053.2707229852676,124.16726117327347,45.746622511878414,890.9802911250259,466.25750000000005,
2026_07_21_gym,flight_16,150.0,fit_failed,,,,,,,,,,,ransac_fit: no candidate model reached >= min_samples (8) inliers over 3 iterations
2026_07_21_gym,flight_16,200.0,ok,13,249.00149400532246,0.11026900261640549,88.22386299073696,337.3356259986758,537.3356259986758,171.3072139309965,212.87258491351528,2187.0119881812966,382.99850000000004,
2026_07_21_gym,flight_16,250.0,ok,16,305.7896170094609,0.11747299879789352,96.07991399616003,401.98700400441885,651.9870040044188,52.54114600794304,77.87900763653144,2324.4568947204034,333.0415,
2026_07_21_gym,flight_16,300.0,ok,19,362.36944200098515,0.1312519982457161,101.7927420064807,464.29343600571156,764.2934360057116,160.72650523287697,210.99855889179693,2172.2896603512563,283.086,
2026_07_21_gym,flight_16,350.0,ok,22,420.1953750029206,0.14143799990415573,113.56596600264311,533.9027790054679,883.9027790054679,173.5461659306995,220.33429369618426,2149.5337775258504,233.12899999999996,
2026_07_21_gym,flight_16,400.0,ok,24,458.38197799772024,0.14686399698257446,117.98219999670982,576.5110419914126,976.5110419914126,151.77189592467656,174.00616021682015,2171.261800343974,199.824,
2026_07_21_gym,flight_16,430.0,ok,25,477.3943290039897,0.1564210057258606,125.5757649987936,603.1265150085092,1033.1265150085092,180.59884748776028,233.18787057169035,2128.929730607997,166.521,
2026_07_21_gym,flight_18,150.0,fit_failed,,,,,,,,,,,ransac_fit: no candidate model reached >= min_samples (8) inliers over 3 iterations
2026_07_21_gym,flight_18,200.0,fit_failed,,,,,,,,,,,ransac_fit: no candidate model reached >= min_samples (8) inliers over 3 iterations
2026_07_21_gym,flight_18,250.0,fit_failed,,,,,,,,,,,ransac_fit: no candidate model reached >= min_samples (8) inliers over 3 iterations
2026_07_21_gym,flight_18,300.0,ok,19,363.4127329811454,0.13549300283193588,108.87507799267769,472.423303976655,772.423303976655,692.1996055134936,728.9814543047029,3340.0853166987067,765.9939999999998,
2026_07_21_gym,flight_18,350.0,ok,22,421.4714819788933,0.14625400304794312,120.08495599776506,541.7026919797063,891.7026919797063,680.471555893804,697.9646539211841,3312.958543810089,716.0374999999999,
2026_07_21_gym,flight_18,400.0,ok,25,479.5701249688864,0.1576249971985817,130.45452100038528,610.1822709664702,1010.1822709664702,204.42557682452184,212.61784087366817,2834.1744612016346,666.0824999999999,
2026_07_21_gym,flight_18,430.0,ok,26,498.4380189701915,0.1616249978542328,138.82081899791956,637.4204629659653,1067.4204629659653,166.86193104958278,177.9389084871483,2809.384636923642,649.43,
2026_07_21_gym,flight_19,150.0,fit_failed,,,,,,,,,,,ransac_fit: no candidate model reached >= min_samples (8) inliers over 3 iterations
2026_07_21_gym,flight_19,200.0,ok,13,249.34548599272966,0.10708300024271011,87.15964100509882,336.6122099980712,536.6122099980712,63.81942318028076,74.15181113548881,3543.944441781593,765.9935,
2026_07_21_gym,flight_19,250.0,ok,16,307.765859991312,0.11876999586820602,96.0247800052166,403.90940999239683,653.9094099923968,240.0816892314534,255.86391911697098,3685.993964929902,716.0335,
2026_07_21_gym,flight_19,300.0,ok,19,364.7719439715147,0.13256700336933136,108.06278500705957,472.9672959819436,772.9672959819436,129.74874963387924,79.26653245645086,3522.311586511327,666.082,
2026_07_21_gym,flight_19,350.0,ok,22,422.6788289695978,0.1439010053873062,112.14643599838018,534.9691659733653,884.9691659733653,319.10011776920345,315.89424450988935,3340.6330361199116,616.1265000000001,
2026_07_21_gym,flight_19,400.0,ok,25,480.66675896942616,0.1519390046596527,124.99117700010538,605.8098749741912,1005.8098749741912,116.14432079188617,122.65359227229696,3475.9011000745368,566.1695,
2026_07_21_gym,flight_19,430.0,ok,26,499.6471619680524,0.159791998565197,125.03368200361729,624.8406359702349,1054.8406359702349,154.59937381961336,158.4749137849848,3448.0142192554586,549.5174999999999,
2026_07_21_gym,flight_2,150.0,ok,10,191.18876200169325,0.09832299500703812,73.18215300142765,264.46923799812794,414.46923799812794,147.254553446273,283.62391305050335,8221.349092484006,349.6935,
2026_07_21_gym,flight_2,200.0,ok,13,248.998489998281,0.10799099504947662,86.99464600533247,336.10112699866295,536.101126998663,158.20506358161842,417.1902942665324,8021.554946191544,299.737,
2026_07_21_gym,flight_2,250.0,ok,16,305.43304600566626,0.11995500326156616,87.68931701034307,393.2423180192709,643.2423180192709,122.3330061884352,333.4548008909079,8037.970442810812,249.7815,
2026_07_21_gym,flight_2,300.0,ok,19,362.6158880069852,0.1324009969830513,102.41138799488544,465.1596769988537,765.1596769988537,87.42927937170762,235.64722955661466,8095.614305501244,199.824,
2026_07_21_gym,flight_2,350.0,ok,21,402.0397850126028,0.1506050005555153,102.3039530068636,504.4943430200219,854.4943430200219,77.54479588947865,146.0845843519639,8156.371777808405,166.52050000000003,
2026_07_21_gym,flight_2,400.0,ok,23,439.9374570026994,0.1450119987130165,112.58560299873352,552.6680720001459,952.6680720001459,80.61533555609302,71.88199628208918,8192.167870704261,116.56499999999997,
2026_07_21_gym,flight_2,430.0,ok,24,458.43807799369097,0.1528089940547943,114.40496399998665,572.9958509877324,1002.9958509877324,97.82206297809525,26.26493762118914,8233.674704737765,83.26099999999997,
2026_07_21_gym,flight_20,150.0,ok,10,193.11130000650883,0.09715700149536133,74.95167700201273,268.1601340100169,418.1601340100169,935.5473145689914,949.96807206849,15995.633776786635,666.0820000000001,
2026_07_21_gym,flight_20,200.0,ok,13,251.73741499334574,0.10813900083303452,86.86000400781631,338.7055580019951,538.7055580019951,192.27311083324994,74.75338958198925,15308.519200349136,616.1265000000001,
2026_07_21_gym,flight_20,250.0,ok,16,309.1805770024657,0.12115799635648727,93.67577999830246,402.9775149971247,652.9775149971247,110.61691333285556,126.03012348638066,15183.817329726726,566.1695,
2026_07_21_gym,flight_20,300.0,ok,19,366.8640919998288,0.13295599818229675,115.58321499079466,482.58026298880577,782.5802629888058,174.85645526238315,45.74997289374901,15292.921769534772,516.2139999999999,
2026_07_21_gym,flight_20,350.0,ok,22,425.3151000216603,0.143327996134758,115.03761100023985,540.4960390180349,890.4960390180349,156.9856937421509,15.101764665031508,15259.335351693704,466.25750000000005,
2026_07_21_gym,flight_20,400.0,ok,25,483.3306980282068,0.1572359949350357,121.55880600214005,605.0467400252819,1005.0467400252819,152.86151365312088,36.05446453576784,15244.861549104728,416.30100000000004,
2026_07_21_gym,flight_20,430.0,ok,26,502.16497802734375,0.15829099714756012,124.28889399766922,626.6121630221605,1056.6121630221605,176.2966480327543,24.946439572738722,15283.973761884488,399.64900000000006,
2026_07_21_gym,flight_21,150.0,fit_failed,,,,,,,,,,,ransac_fit: no candidate model reached >= min_samples (8) inliers over 3 iterations
2026_07_21_gym,flight_21,200.0,fit_failed,,,,,,,,,,,ransac_fit: no candidate model reached >= min_samples (8) inliers over 3 iterations
2026_07_21_gym,flight_21,250.0,ok,14,266.377963013947,0.11617700010538101,96.53237900137901,363.0265190154314,613.0265190154314,597.302207545238,380.9911536988325,12424.599431875886,1132.3384999999998,
2026_07_21_gym,flight_21,300.0,ok,17,323.01031202822924,0.12602999806404114,108.38388700038195,431.5202290266752,731.5202290266752,811.1427967465258,538.1222214694424,12534.103980297079,1082.382,
2026_07_21_gym,flight_21,350.0,ok,20,380.61930103600025,0.13549299538135529,133.42136999964714,514.1761640310287,864.1761640310287,336.73595293438143,218.4305679800039,12338.157965452652,1032.4255,
2026_07_21_gym,flight_21,400.0,ok,23,437.97984301298857,0.1500129997730255,141.45013999938965,579.5799960121512,979.5799960121512,167.314105275569,111.545120571628,12252.369182733217,982.4699999999999,
2026_07_21_gym,flight_21,430.0,ok,24,456.3343220204115,0.1538650020956993,147.2098789960146,603.6980660185218,1033.6980660185218,187.7695925166734,123.82585723200323,12267.845087551308,965.818,
2026_07_21_gym,flight_22,150.0,fit_failed,,,,,,,,,,,ransac_fit: no candidate model reached >= min_samples (8) inliers over 3 iterations
2026_07_21_gym,flight_22,200.0,fit_failed,,,,,,,,,,,ransac_fit: no candidate model reached >= min_samples (8) inliers over 3 iterations
2026_07_21_gym,flight_22,250.0,ok,16,306.3778729736805,0.12134299427270889,91.55920799821615,398.05842396616936,648.0584239661694,456.391161604072,400.53554483585555,1374.5387139825802,982.471,
2026_07_21_gym,flight_22,300.0,ok,19,363.2127579674125,0.13186300545930862,102.8683909997344,466.2130119726062,766.2130119726062,386.2449095451883,305.59391880512686,1030.8878270686582,932.5144999999999,
2026_07_21_gym,flight_22,350.0,ok,22,420.53172098100185,0.14608599990606308,113.43802900612354,534.1158359870315,884.1158359870315,437.4715947504116,343.11003216199725,1014.3018233920394,882.558,
2026_07_21_gym,flight_22,400.0,ok,25,478.16178798675537,0.15625400096178055,121.06978201121092,599.3878239989281,999.3878239989281,135.5382223286715,183.21548214520976,1238.932910275446,832.6025,
2026_07_21_gym,flight_22,430.0,ok,25,478.16178798675537,0.15421699732542038,121.19362599402666,599.5096309781075,1029.5096309781075,135.5382223286715,183.21548214520976,1238.932910275446,832.6025,
2026_07_21_gym,flight_23,150.0,ok,10,192.28935799747705,0.0971749946475029,72.60247399657965,264.9890069887042,414.9890069887042,456.10026209477684,259.78687760986054,19611.10650217827,1148.989,
2026_07_21_gym,flight_23,200.0,ok,13,250.24097099900246,0.10847299546003342,87.7779729962349,338.1274169906974,538.1274169906974,232.69333735656346,134.53010555677005,19719.05455439809,1099.035,
2026_07_21_gym,flight_23,250.0,ok,16,306.9900339990854,0.11912199854850769,91.53950200229883,398.64865799993277,648.6486579999328,257.4996123631911,156.1203333323546,19714.605725963844,1049.076,
2026_07_21_gym,flight_23,300.0,ok,19,364.4452879950404,0.13275200128555298,102.37331099808216,466.95135099440813,766.9513509944081,333.3838095782387,159.8544880607114,19636.188604352952,999.1225000000002,
2026_07_21_gym,flight_23,350.0,ok,22,422.55646900832653,0.14616099745035172,114.10014199465513,536.802772000432,886.802772000432,229.89374065679684,110.42133895402232,19692.244911125243,949.162,
2026_07_21_gym,flight_23,400.0,ok,25,480.3430649936199,0.15310599654912949,125.34776300191879,605.8439339920878,1005.8439339920878,200.0383865350172,94.90325495562595,19704.669698919948,899.2105000000001,
2026_07_21_gym,flight_23,430.0,ok,26,499.0146639868617,0.1600870043039322,126.03425000607967,625.2090009972453,1055.2090009972453,205.60697211170032,88.04167551896012,19702.75371302658,882.5565,
2026_07_21_gym,flight_24,150.0,fit_failed,,,,,,,,,,,ransac_fit: no candidate model reached >= min_samples (8) inliers over 3 iterations
2026_07_21_gym,flight_24,200.0,fit_failed,,,,,,,,,,,ransac_fit: no candidate model reached >= min_samples (8) inliers over 3 iterations
2026_07_21_gym,flight_24,250.0,ok,16,308.2655710056424,0.12201099842786789,92.33542400598526,400.72300601005554,650.7230060100555,345.42885451708,232.6450696552964,14824.324739985297,1015.774,
2026_07_21_gym,flight_24,300.0,ok,19,365.5070280060172,0.13188199698925018,104.18148700892925,469.8203970119357,769.8203970119357,165.25614135417203,115.66941734789313,14707.773139842886,965.8195000000001,
2026_07_21_gym,flight_24,350.0,ok,22,423.63826701045036,0.14706900715827942,114.99266300350428,538.7779990211129,888.7779990211129,353.56952189042966,233.7849632881928,14843.803528037539,915.8580000000001,
2026_07_21_gym,flight_24,400.0,ok,23,442.5265700146556,0.14386500418186188,117.84381700307131,560.5142520219088,960.5142520219088,177.11560461926152,115.14922809903138,14733.811726645237,899.2095,
2026_07_21_gym,flight_24,430.0,ok,24,462.8469970077276,0.14995800703763962,132.95042199641466,595.9473770111799,1025.94737701118,168.00024191482456,120.41516715444558,14743.105105831453,849.253,
2026_07_21_gym,flight_25,150.0,fit_failed,,,,,,,,,,,ransac_fit: no candidate model reached >= min_samples (8) inliers over 3 iterations
2026_07_21_gym,flight_25,200.0,ok,13,247.23031898587942,0.10926899313926697,96.21023999899626,343.54982797801495,543.549827978015,254.65659204027685,159.0277260668644,13579.153445862232,1165.6425000000002,
2026_07_21_gym,flight_25,250.0,fit_failed,,,,,,,,,,,ransac_fit: no candidate model reached >= min_samples (8) inliers over 3 iterations
2026_07_21_gym,flight_25,300.0,ok,18,342.12881500273943,0.12969600409269333,101.24660300463438,443.5051140114665,743.5051140114665,444.6480091984488,298.98652534257656,13860.278283202213,1082.38,
2026_07_21_gym,flight_25,350.0,ok,21,399.5557519942522,0.14056800305843353,132.17378100007772,531.8701009973884,881.8701009973884,204.6151810075214,107.17534129424442,13740.035848413294,1015.7705000000001,
2026_07_21_gym,flight_25,400.0,ok,24,456.95339000225067,0.14980900287628174,146.53798799216747,603.6411869972944,1003.6411869972944,306.3488556623228,240.15306939209287,13515.64095859885,965.8180000000001,
2026_07_21_gym,flight_25,430.0,ok,25,475.5951889976859,0.1558469980955124,167.09913999587297,642.8501759916544,1072.8501759916544,296.35516618365205,233.75698899554507,13519.35521018219,949.163,
2026_07_21_gym,flight_26,150.0,fit_failed,,,,,,,,,,,ransac_fit: no candidate model reached >= min_samples (8) inliers over 3 iterations
2026_07_21_gym,flight_26,200.0,ok,13,247.36449997872114,0.1101209968328476,86.32560600340366,333.80022697895765,533.8002269789577,1119.737870766183,715.5582867841164,12633.130197550961,1182.2935,
2026_07_21_gym,flight_26,250.0,ok,16,303.8565399721265,0.11660299450159073,88.23208599537611,392.2052289620042,642.2052289620042,799.1316517937612,532.6828687003488,12798.429741795844,1132.339,
2026_07_21_gym,flight_26,300.0,ok,19,360.53570798039436,0.14392000436782837,101.39537499845028,462.07500298321247,762.0750029832125,1042.213821830874,678.8566938867365,12669.154316985427,1082.3815,
2026_07_21_gym,flight_26,350.0,ok,22,418.1618089750409,0.1411229968070984,113.57983699440956,531.8827689662576,881.8827689662576,748.2851232120448,506.4498606083736,13579.992480301982,1032.427,
2026_07_21_gym,flight_26,400.0,ok,25,475.48681197315454,0.15971700102090836,137.47744399309158,613.123972967267,1013.123972967267,213.09421974013307,159.34322824893755,13272.299814521253,982.4694999999999,
2026_07_21_gym,flight_26,430.0,ok,26,493.7304289788008,0.16305100172758102,141.90347499400377,635.7969549745321,1065.7969549745321,227.36175120407813,162.80990388124047,13275.653327797349,965.8184999999999,
2026_07_21_gym,flight_27,150.0,fit_failed,,,,,,,,,,,ransac_fit: no candidate model reached >= min_samples (8) inliers over 3 iterations
2026_07_21_gym,flight_27,200.0,fit_failed,,,,,,,,,,,ransac_fit: no candidate model reached >= min_samples (8) inliers over 3 iterations
2026_07_21_gym,flight_27,250.0,ok,16,305.78457502275705,0.12026999890804291,89.23898800462484,395.14383302628994,645.1438330262899,334.7905120072339,111.18095578437335,2772.4275543461185,999.1225000000001,
2026_07_21_gym,flight_27,300.0,fit_failed,,,,,,,,,,,ransac_fit: no candidate model reached >= min_samples (8) inliers over 3 iterations
2026_07_21_gym,flight_27,350.0,ok,22,420.4978250339627,0.14619799703359604,114.3372360020876,534.9812590330839,884.9812590330839,236.78636599508425,206.66413737222078,2829.0084983437546,899.211,
2026_07_21_gym,flight_27,400.0,ok,25,478.0699420273304,0.15606999397277832,131.93692699819803,610.1629390195012,1010.1629390195012,161.3651949402756,133.21000456688864,2800.6718767704265,849.253,
2026_07_21_gym,flight_27,430.0,ok,26,496.9374820291996,0.15832799673080444,132.9468660056591,630.0426760315895,1060.0426760315895,185.974363060173,161.80542825918698,2806.7477957954547,832.6025000000001,
2026_07_21_gym,flight_28,150.0,fit_failed,,,,,,,,,,,ransac_fit: no candidate model reached >= min_samples (8) inliers over 3 iterations
2026_07_21_gym,flight_28,200.0,fit_failed,,,,,,,,,,,ransac_fit: no candidate model reached >= min_samples (8) inliers over 3 iterations
2026_07_21_gym,flight_28,250.0,fit_failed,,,,,,,,,,,ransac_fit: no candidate model reached >= min_samples (8) inliers over 3 iterations
2026_07_21_gym,flight_28,300.0,ok,18,350.8622010499239,0.1305299922823906,102.2958590015769,453.2885900437832,753.2885900437832,126.89767370352948,99.27867118342007,3434.5078644637,932.5125,
2026_07_21_gym,flight_28,350.0,ok,21,409.0283490642905,0.13967899978160858,117.55429299920797,526.7223210632801,876.7223210632801,283.4011311796906,212.53883113199305,3383.1917334558243,882.5585,
2026_07_21_gym,flight_28,400.0,ok,24,467.12719605118036,0.15058700740337372,132.67667600512505,599.9544590637088,999.9544590637088,126.62142442450404,105.47117295352642,3451.8180257962504,832.6,
2026_07_21_gym,flight_28,430.0,ok,25,486.12997104227543,0.15129099786281586,130.1546610072255,616.4359230473638,1046.4359230473638,131.9782051532288,102.5779608307455,3443.903433335304,815.9505,
2026_07_21_gym,flight_29,150.0,fit_failed,,,,,,,,,,,ransac_fit: no candidate model reached >= min_samples (8) inliers over 3 iterations
2026_07_21_gym,flight_29,200.0,ok,13,250.8284860253334,0.10975000262260437,88.40085999667645,339.33909602463245,539.3390960246325,983.7953200513315,581.3241634079144,1834.573827945229,1215.5995000000003,
2026_07_21_gym,flight_29,250.0,ok,16,308.06442404538393,0.12275099754333496,94.36585900187492,402.5530340448022,652.5530340448022,440.7470307387566,259.9292245838072,1534.9139680716132,1165.6435000000001,
2026_07_21_gym,flight_29,300.0,ok,19,365.5338080301881,0.13339999318122864,101.02389800548553,466.69110602885485,766.6911060288548,94.52295166430898,62.66148225293543,1328.8190796873757,1115.6870000000001,
2026_07_21_gym,flight_29,350.0,ok,22,423.3165910243988,0.14775300025939941,114.13621900230646,537.6005630269647,887.6005630269647,429.7247692513092,249.5515766527998,1527.020114389603,1065.731,
2026_07_21_gym,flight_29,400.0,ok,25,481.5159100368619,0.15547700226306915,125.95863199979067,607.6300190389156,1007.6300190389156,140.21363068468492,95.40391384825234,1366.3742376883772,1015.7755000000002,
2026_07_21_gym,flight_29,430.0,ok,26,500.1924360319972,0.15727300196886063,125.98326299339533,626.3329720273614,1056.3329720273614,145.42155381518305,104.92994884812438,1369.7590838350295,999.1235,
2026_07_21_gym,flight_3,150.0,ok,10,194.42941197007895,0.09671200066804886,76.79941099882126,271.32553496956825,421.32553496956825,265.63907066378147,1061.259000123488,14467.484412250127,516.213,
2026_07_21_gym,flight_3,200.0,ok,13,253.21828096359968,0.10830599814653397,87.8511639982462,341.1777509599924,541.1777509599924,174.4570819674936,1194.8280353714624,14587.184373494456,466.2579999999999,
2026_07_21_gym,flight_3,250.0,ok,16,311.09973895549774,0.12054700404405594,96.2274080067873,407.4476939663291,657.4476939663291,133.59093790444595,1266.4677654836166,14649.914682083092,416.30099999999993,
2026_07_21_gym,flight_3,300.0,ok,19,369.03547897189856,0.12938199192285538,102.28487800806761,471.449738971889,771.449738971889,85.9176742945053,1338.4058058062158,14713.110271870677,366.34549999999996,
2026_07_21_gym,flight_3,350.0,ok,22,427.85110894590616,0.146697998046875,114.22609699517488,542.2239039391279,892.2239039391279,63.18692517140986,1383.3826646094426,14754.502646919753,316.3879999999999,
2026_07_21_gym,flight_3,400.0,ok,25,486.17290195822716,0.15306899696588516,126.1477040052414,612.4736749604344,1012.4736749604344,50.26574900894213,1409.8206816922418,14779.42173208117,266.433,
2026_07_21_gym,flight_3,430.0,ok,26,505.3642679527402,0.16307000070810318,124.43762999027967,629.964967943728,1059.964967943728,82.13837225950161,1543.5003609569503,14897.65781074247,249.78049999999996,
2026_07_21_gym,flight_30,150.0,fit_failed,,,,,,,,,,,ransac_fit: no candidate model reached >= min_samples (8) inliers over 3 iterations
2026_07_21_gym,flight_30,200.0,ok,13,248.87488800287247,0.10802800208330154,87.08217100054026,336.065087005496,536.065087005496,529.2800003262084,362.202052036977,10785.631364269188,1165.6435,
2026_07_21_gym,flight_30,250.0,ok,16,305.5132380127907,0.12127000093460083,91.41739900410175,397.05190701782703,647.051907017827,229.40900674640085,147.33800508233148,10549.778320259227,1115.6875,
2026_07_21_gym,flight_30,300.0,ok,19,362.2356500029564,0.13180799782276154,101.62876500189304,463.9962230026722,763.9962230026722,207.22808254261582,102.77917432193784,10450.504090334682,1065.7314999999999,
2026_07_21_gym,flight_30,350.0,ok,21,400.16245298832655,0.1380309984087944,107.7466470003128,508.04713098704815,858.0471309870481,311.7470707506431,213.89459007185232,10631.742750398475,1015.7755,
2026_07_21_gym,flight_30,400.0,ok,24,458.0806369781494,0.14942099899053574,135.6355990022421,593.865656979382,993.865656979382,198.81879104088586,105.05530572524926,10501.212513449944,965.819,
2026_07_21_gym,flight_30,430.0,ok,25,476.59846398979425,0.15501400083303452,135.95901599526405,612.7124939858913,1042.7124939858913,235.4068301729818,156.06844824724783,10570.918832838694,949.1664999999999,
2026_07_21_gym,flight_31,150.0,fit_failed,,,,,,,,,,,ransac_fit: no candidate model reached >= min_samples (8) inliers over 3 iterations
2026_07_21_gym,flight_31,200.0,fit_failed,,,,,,,,,,,ransac_fit: no candidate model reached >= min_samples (8) inliers over 3 iterations
2026_07_21_gym,flight_31,250.0,fit_failed,,,,,,,,,,,ransac_fit: no candidate model reached >= min_samples (8) inliers over 3 iterations
2026_07_21_gym,flight_31,300.0,ok,19,361.37855695933104,0.13243699818849564,102.36892200261354,463.8799159601331,763.8799159601331,164.6734026113951,96.99473038297889,1446.4340293279697,982.4709999999999,
2026_07_21_gym,flight_31,350.0,ok,22,419.0659609436989,0.14351199567317963,118.5329509973526,537.7424239367247,887.7424239367247,103.39862821517893,73.35554795885365,1420.8555390323568,932.5144999999999,
2026_07_21_gym,flight_31,400.0,ok,25,476.8726719468832,0.15403199940919876,132.39535499364138,609.4220589399338,1009.4220589399338,612.2647750691464,505.95466133865057,1787.6769954211204,882.5585,
2026_07_21_gym,flight_31,430.0,ok,25,476.8726719468832,0.1563280001282692,133.10169500112534,610.1306949481368,1040.1306949481368,612.2647750691464,505.95466133865057,1787.6769954211204,882.5585,
2026_07_21_gym,flight_32,150.0,ok,10,190.70879597216845,0.09821199625730515,72.9969520047307,263.80395997315645,413.80395997315645,492.0736007251285,362.48798996789,6973.508366503299,1282.2075000000002,
2026_07_21_gym,flight_32,200.0,ok,13,248.21524097770452,0.10680600255727768,87.84855300188065,336.17059998214245,536.1705999821424,679.7337344621008,481.4168926634539,6856.520340803388,1232.2515,
2026_07_21_gym,flight_32,250.0,ok,16,305.51425997912884,0.12002900242805481,95.74262500554323,401.3769139871001,651.3769139871001,144.87950475180799,106.7235876568736,7208.658340623855,1182.295,
2026_07_21_gym,flight_32,300.0,ok,19,362.99009098112583,0.14514200389385223,102.84709299355745,465.98232597857714,765.9823259785771,503.9242719736565,383.5969606244379,6964.107422748307,1132.3385,
2026_07_21_gym,flight_32,350.0,ok,22,420.9424249753356,0.1431419998407364,135.5722979977727,556.657864972949,906.657864972949,260.4537988678671,230.0568375522584,7069.705012728573,1082.3825,
2026_07_21_gym,flight_32,400.0,ok,25,478.3586199954152,0.15336500108242035,137.7913230061531,616.3033080026507,1016.3033080026507,111.49337107201896,110.14529992986829,7179.000199312966,1032.4265,
2026_07_21_gym,flight_32,430.0,ok,26,497.2279389947653,0.15658799558877945,143.00388599932194,640.388412989676,1070.388412989676,99.54568658012687,123.92726320159218,7164.961859159978,1015.7745,
2026_07_21_gym,flight_33,150.0,fit_failed,,,,,,,,,,,ransac_fit: no candidate model reached >= min_samples (8) inliers over 3 iterations
2026_07_21_gym,flight_33,200.0,ok,11,210.4385600015521,0.10369399935007095,100.26555500179529,310.80780900269747,510.80780900269747,388.7204619627328,299.3603209677598,1842.9092416318438,1099.035,
2026_07_21_gym,flight_33,250.0,ok,14,267.43031200021505,0.1133430004119873,99.61073900014162,367.15439400076866,617.1543940007687,534.744344319504,399.1353305227548,1827.9581076141262,1049.079,
2026_07_21_gym,flight_33,300.0,ok,17,324.59356101602316,0.12477000057697296,101.74694200605154,426.4652730226517,726.4652730226517,175.98611197431455,161.75088245265474,1846.4633551957709,999.1229999999999,
2026_07_21_gym,flight_33,350.0,ok,19,362.8233160227537,0.13276999443769455,122.92409099638462,485.88017701357603,835.880177013576,365.45013134623525,303.0616861063233,1826.017637587859,949.1664999999999,
2026_07_21_gym,flight_33,400.0,ok,22,420.265235029161,0.14091899991035461,142.09023301303387,562.4963870421052,962.4963870421052,206.3837044682312,164.29314017475713,1858.6805454301661,899.2104999999999,
2026_07_21_gym,flight_33,430.0,ok,23,438.9919310361147,0.1479009985923767,143.17056699842215,582.3103990331292,1012.3103990331292,237.26230727060795,200.94969764105423,1846.982923940384,882.558,
2026_07_21_gym,flight_34,150.0,fit_failed,,,,,,,,,,,ransac_fit: no candidate model reached >= min_samples (8) inliers over 3 iterations
2026_07_21_gym,flight_34,200.0,fit_failed,,,,,,,,,,,ransac_fit: no candidate model reached >= min_samples (8) inliers over 3 iterations
2026_07_21_gym,flight_34,250.0,fit_failed,,,,,,,,,,,ransac_fit: no candidate model reached >= min_samples (8) inliers over 3 iterations
2026_07_21_gym,flight_34,300.0,ok,18,344.0800989791751,0.12790000438690186,109.78085999935865,453.98885898292065,753.9888589829206,457.7691895050453,328.3267523057434,6123.875355173727,1032.427,
2026_07_21_gym,flight_34,350.0,ok,21,401.63993698358536,0.13849399983882904,125.43112299591303,527.2095539793372,877.2095539793372,487.484374975456,375.30674679265513,5621.218264378483,982.4699999999999,
2026_07_21_gym,flight_34,400.0,ok,24,459.2642249763012,0.14892099797725677,157.34118300676346,616.7543289810419,1016.7543289810419,247.17052268652154,230.00239383616236,5757.133627850252,932.5144999999999,
2026_07_21_gym,flight_34,430.0,ok,25,477.94947297126055,0.15703300386667252,146.12154399603605,624.2280499711633,1054.2280499711633,31.871470784067697,49.24011941390701,5905.506578747295,915.8629999999998,
2026_07_21_gym,flight_35,150.0,fit_failed,,,,,,,,,,,ransac_fit: no candidate model reached >= min_samples (8) inliers over 3 iterations
2026_07_21_gym,flight_35,200.0,ok,13,251.09337701648474,0.5221560001373291,92.62241099774837,344.23794401437044,544.2379440143704,1658.4367429110578,922.2011623633334,1241.6438568126841,1282.208,
2026_07_21_gym,flight_35,250.0,ok,15,289.47248001396656,0.11508400738239288,100.0036060065031,389.59117002785206,639.5911700278521,1222.7815332404098,687.4264455165069,1054.631561429208,1232.2515,
2026_07_21_gym,flight_35,300.0,ok,18,347.2046650201082,0.12934400141239166,114.76971800625324,462.10372702777386,762.1037270277739,893.6013348453031,477.7145357335901,899.5808154460768,1182.2955,
2026_07_21_gym,flight_35,350.0,ok,21,405.4315970093012,0.1428079977631569,123.7905730009079,529.3649780079722,879.3649780079722,646.8447740506317,360.14857721038675,825.7656352805192,1132.3395,
2026_07_21_gym,flight_35,400.0,ok,24,463.5061619952321,0.1489579975605011,132.61665200442076,596.2717719972134,996.2717719972134,229.0964481970602,110.54112801374158,672.8199035028483,1082.383,
2026_07_21_gym,flight_35,430.0,ok,25,482.4400059953332,0.16040299832820892,131.6670150011778,614.2674239948392,1044.2674239948392,347.12881670491777,192.35430500620228,719.15870029642,1065.7315,
2026_07_21_gym,flight_36,150.0,ok,10,190.73416602611542,0.09689799696207047,72.0731499940157,262.9042140170932,412.9042140170932,1075.7009083681307,671.8534216054071,19084.68671080828,1215.599,
2026_07_21_gym,flight_36,200.0,ok,13,248.31043002009392,0.10817599296569824,86.76899600028992,335.18760201334953,535.1876020133495,899.3270821061939,566.0930827218903,18984.2471859751,1165.6435,
2026_07_21_gym,flight_36,250.0,ok,16,305.3632970303297,0.11769500374794006,95.05308399349451,400.53407602757215,650.5340760275722,271.0073511227171,168.49163430928223,18603.626474354238,1115.6864999999998,
2026_07_21_gym,flight_36,300.0,ok,19,362.2722820416093,0.13051200658082962,107.3513529971242,469.7541470453143,769.7541470453143,360.48756740169307,252.97178278539815,18788.53485900498,1065.731,
2026_07_21_gym,flight_36,350.0,ok,22,419.9741500541568,0.14373499900102615,117.58062800765038,537.6985130608082,887.6985130608082,220.33780715170525,171.8653105379233,18699.37460312267,1015.7749999999999,
2026_07_21_gym,flight_36,400.0,ok,25,477.49750304967165,0.15429100394248962,126.90388000756502,604.5556740611792,1004.5556740611792,159.92406528311272,117.94211017286571,18688.66522424348,965.819,
2026_07_21_gym,flight_36,430.0,ok,26,496.33435805141926,0.15912499278783798,132.66599100083113,629.1594740450382,1059.1594740450382,149.06886709815905,103.80426480729497,18671.83363013657,949.1669999999999,
2026_07_21_gym,flight_37,150.0,fit_failed,,,,,,,,,,,ransac_fit: no candidate model reached >= min_samples (8) inliers over 3 iterations
2026_07_21_gym,flight_37,200.0,ok,13,247.02248802036047,0.10808400064706802,88.03566199541092,335.16623401641846,535.1662340164185,735.5643574908892,499.2852655921444,6325.517805363727,1165.6435,
2026_07_21_gym,flight_37,250.0,ok,16,304.2464060112834,0.11838100105524063,95.29534599930048,399.6601330116391,649.6601330116391,481.5430332181685,336.1222885429934,6205.127308004479,1115.687,
2026_07_21_gym,flight_37,300.0,ok,18,342.40178402513266,0.12838099896907806,108.78916300088167,451.3193280249834,751.3193280249834,553.6743824490088,378.2078979030862,6268.447121957884,1065.7305,
2026_07_21_gym,flight_37,350.0,ok,21,400.061926022172,0.13738200068473816,118.64210899919271,518.8414170220494,868.8414170220494,533.2646279077974,361.6211055954878,6271.623857713048,1015.7755,
2026_07_21_gym,flight_37,400.0,ok,23,438.60119001567364,0.1447170004248619,125.24634699523449,563.992254011333,963.992254011333,560.675286204816,384.26367017575467,6288.229438141691,965.819,
2026_07_21_gym,flight_37,430.0,ok,24,457.2185060158372,0.15004999935626984,141.64632299542427,599.0148790106177,1029.0148790106177,698.8261241837682,492.9543849705641,6357.161052602263,949.1669999999999,
2026_07_21_gym,flight_38,150.0,fit_failed,,,,,,,,,,,ransac_fit: no candidate model reached >= min_samples (8) inliers over 3 iterations
2026_07_21_gym,flight_38,200.0,ok,13,251.13542000204325,0.11234299838542938,88.83036000281572,340.0781230032444,540.0781230032444,1345.0025156173103,750.8496862879795,626.2189577706316,1332.1640000000002,
2026_07_21_gym,flight_38,250.0,ok,16,308.91670099645853,0.12130699306726456,97.08307500183582,406.1210829913616,656.1210829913616,225.90735918638623,131.5134618406712,963.3430153665524,1282.2085000000002,
2026_07_21_gym,flight_38,300.0,fit_failed,,,,,,,,,,,ransac_fit: no candidate model reached >= min_samples (8) inliers over 3 iterations
2026_07_21_gym,flight_38,350.0,ok,21,405.1627600044012,0.1389560028910637,123.72967900335789,529.0313950106502,879.0313950106502,353.56873698934487,224.2731989036255,791.6757356980822,1182.2955,
2026_07_21_gym,flight_38,400.0,ok,22,424.63500200212,0.1415870040655136,135.07284700125456,559.8494360074401,959.8494360074401,187.63959283032648,114.94035451572606,930.6060744214325,1165.6435000000001,
2026_07_21_gym,flight_38,430.0,ok,22,424.63500200212,0.142365001142025,134.48440700769424,559.2617740109563,989.2617740109563,187.63959283032648,114.94035451572606,930.6060744214325,1165.6435000000001,
2026_07_21_gym,flight_39,150.0,fit_failed,,,,,,,,,,,ransac_fit: no candidate model reached >= min_samples (8) inliers over 3 iterations
2026_07_21_gym,flight_39,200.0,ok,13,246.19107998907566,0.11017599701881409,88.47595999389887,334.77721597999334,534.7772159799933,242.5359170254749,200.46049314473592,666.1178558761961,1182.296,
2026_07_21_gym,flight_39,250.0,ok,16,302.4803449809551,0.12062100321054459,96.024409994483,398.62537597864866,648.6253759786487,689.2378553027173,377.4816525751641,521.5035005876481,1132.3395,
2026_07_21_gym,flight_39,300.0,ok,19,358.8589479625225,0.13228899985551834,116.66017799824476,475.6514149606228,775.6514149606228,708.8748819363639,400.55027861534006,529.4478616026388,1082.3835,
2026_07_21_gym,flight_39,350.0,ok,22,416.33162795752287,0.1787009984254837,117.76073599606752,534.2710649520159,884.2710649520159,121.09835580128835,88.29391108533972,576.0101656823377,1032.427,
2026_07_21_gym,flight_39,400.0,ok,25,473.4592789635062,0.15586499869823456,125.81817499548197,599.4333189576864,999.4333189576864,101.19953752453459,105.17881322824509,572.136328792573,982.4709999999999,
2026_07_21_gym,flight_39,430.0,ok,26,491.86002096533775,0.1594580039381981,135.59296599775553,627.6124449670315,1057.6124449670315,176.3640396933721,56.023556906754344,519.4071439227573,965.819,
2026_07_21_gym,flight_4,150.0,fit_failed,,,,,,,,,,,ransac_fit: no candidate model reached >= min_samples (8) inliers over 3 iterations
2026_07_21_gym,flight_4,200.0,ok,13,249.26266591995955,0.10991699248552322,93.31902699917555,342.6916099116206,542.6916099116206,362.4105008199821,663.8798981699885,11785.006615722461,366.345,
2026_07_21_gym,flight_4,250.0,ok,16,306.36281591653824,0.12045499682426453,87.83436600118876,394.31763691455126,644.3176369145513,246.21939074039207,440.74753314171505,11580.73621755209,316.38849999999996,
2026_07_21_gym,flight_4,300.0,ok,19,363.31420992314816,0.13186300545930862,101.74355299770832,465.1896259263158,765.1896259263158,201.35438529644884,356.89603975277555,11514.337299596702,266.43149999999997,
2026_07_21_gym,flight_4,350.0,ok,21,401.5010159239173,0.14119700342416763,102.58384799957275,504.2260609269142,854.2260609269142,203.06257614292102,356.59754676241107,11524.77055762577,216.476,
2026_07_21_gym,flight_4,400.0,ok,24,459.1525659188628,0.15442000329494476,114.15853599458933,573.4655219167471,973.4655219167471,126.30106730613473,166.25174489965178,11395.730038091657,166.52,
2026_07_21_gym,flight_4,430.0,ok,25,478.275202922523,0.15605099499225616,116.95322199910879,595.3844759166241,1025.384475916624,106.51354887105383,117.76748527703644,11362.42535007782,149.86699999999996,
2026_07_21_gym,flight_40,150.0,fit_failed,,,,,,,,,,,ransac_fit: no candidate model reached >= min_samples (8) inliers over 3 iterations
2026_07_21_gym,flight_40,200.0,fit_failed,,,,,,,,,,,ransac_fit: no candidate model reached >= min_samples (8) inliers over 3 iterations
2026_07_21_gym,flight_40,250.0,ok,15,285.99928799271584,0.1203249990940094,96.30282199382782,382.42243498563766,632.4224349856377,314.62858536918696,186.96992617207601,5656.347507454537,999.122,
2026_07_21_gym,flight_40,300.0,ok,18,342.6273780092597,0.1311040073633194,103.1860850006342,445.9445670172572,745.9445670172572,251.97312996758282,136.05918071719233,5691.806053091873,949.1665,
2026_07_21_gym,flight_40,350.0,ok,21,400.37273102253675,0.14225299656391144,117.6152789965272,518.1302630156279,868.1302630156279,262.249588851108,110.22425117444996,5679.096757703008,899.211,
2026_07_21_gym,flight_40,400.0,ok,24,457.9708860218525,0.1528089940547943,134.68634999543428,592.8100450113416,992.8100450113416,152.49985839747063,109.96418571084182,5780.583735013902,849.2545,
2026_07_21_gym,flight_40,430.0,ok,25,476.78933101147413,0.1535319983959198,130.65350100398064,607.5963640138507,1037.5963640138507,155.93606762634482,85.57439950376464,5753.67376591011,832.603,
2026_07_21_gym,flight_41,150.0,fit_failed,,,,,,,,,,,ransac_fit: no candidate model reached >= min_samples (8) inliers over 3 iterations
2026_07_21_gym,flight_41,200.0,fit_failed,,,,,,,,,,,ransac_fit: no candidate model reached >= min_samples (8) inliers over 3 iterations
2026_07_21_gym,flight_41,250.0,fit_failed,,,,,,,,,,,ransac_fit: no candidate model reached >= min_samples (8) inliers over 3 iterations
2026_07_21_gym,flight_41,300.0,fit_failed,,,,,,,,,,,ransac_fit: no candidate model reached >= min_samples (8) inliers over 3 iterations
2026_07_21_gym,flight_41,350.0,fit_failed,,,,,,,,,,,ransac_fit: no candidate model reached >= min_samples (8) inliers over 3 iterations
2026_07_21_gym,flight_41,400.0,fit_failed,,,,,,,,,,,ransac_fit: no candidate model reached >= min_samples (8) inliers over 3 iterations
2026_07_21_gym,flight_41,430.0,fit_failed,,,,,,,,,,,ransac_fit: no candidate model reached >= min_samples (8) inliers over 3 iterations
2026_07_21_gym,flight_42,150.0,fit_failed,,,,,,,,,,,ransac_fit: no candidate model reached >= min_samples (8) inliers over 3 iterations
2026_07_21_gym,flight_42,200.0,fit_failed,,,,,,,,,,,ransac_fit: no candidate model reached >= min_samples (8) inliers over 3 iterations
2026_07_21_gym,flight_42,250.0,fit_failed,,,,,,,,,,,ransac_fit: no candidate model reached >= min_samples (8) inliers over 3 iterations
2026_07_21_gym,flight_42,300.0,fit_failed,,,,,,,,,,,ransac_fit: no candidate model reached >= min_samples (8) inliers over 3 iterations
2026_07_21_gym,flight_42,350.0,fit_failed,,,,,,,,,,,ransac_fit: no candidate model reached >= min_samples (8) inliers over 3 iterations
2026_07_21_gym,flight_42,400.0,ok,21,407.61139295995235,0.1426979973912239,144.06395899504423,551.8180499523878,951.8180499523878,577.5117548664389,304.83797925022134,2878.7382532913043,1049.0790000000002,
2026_07_21_gym,flight_42,430.0,fit_failed,,,,,,,,,,,ransac_fit: no candidate model reached >= min_samples (8) inliers over 3 iterations
2026_07_21_gym,flight_43,150.0,ok,10,191.69321198016405,0.09763799607753754,80.98193999379873,272.7727899700403,422.7727899700403,1122.455793386504,654.8908563439454,10231.160829453072,1282.2075,
2026_07_21_gym,flight_43,200.0,ok,13,250.65952098369598,0.11093500256538391,95.2572690024972,346.02772498875856,546.0277249887586,351.7870701335043,182.9989235627307,10463.183042003044,1232.252,
2026_07_21_gym,flight_43,250.0,ok,16,308.3672959804535,0.1254359930753708,104.71451400220394,413.2072459757328,663.2072459757328,155.98332826968272,104.59363381322747,10551.819797768729,1182.296,
2026_07_21_gym,flight_43,300.0,ok,18,346.5815499648452,0.13949399441480637,114.53573500365019,461.2567789629102,761.2567789629102,589.3009282624065,336.1482897620777,10307.97776073422,1132.3395,
2026_07_21_gym,flight_43,350.0,ok,21,404.58314698189497,0.1418830007314682,122.51701800525188,527.2420479878783,877.2420479878783,628.4137940977769,357.5737902865293,10278.885986615198,1082.3835,
2026_07_21_gym,flight_43,400.0,ok,24,463.1502760052681,0.1484379991889,131.83767700195312,595.1363910064101,995.1363910064101,411.86367817690376,219.81712464445823,10341.309026441084,1032.427,
2026_07_21_gym,flight_43,430.0,ok,25,482.1963329985738,0.16645900160074234,131.94833499193192,614.3111269921064,1044.3111269921064,339.77870276988165,142.394795250133,10371.622112664347,1015.7755,
2026_07_21_gym,flight_44,150.0,fit_failed,,,,,,,,,,,ransac_fit: no candidate model reached >= min_samples (8) inliers over 3 iterations
2026_07_21_gym,flight_44,200.0,fit_failed,,,,,,,,,,,ransac_fit: no candidate model reached >= min_samples (8) inliers over 3 iterations
2026_07_21_gym,flight_44,250.0,ok,16,305.46702998131514,0.12156599760055542,109.55721099674702,415.1458069756627,665.1458069756627,600.8044749452654,285.3438859631579,9680.560765112146,1065.7305,
2026_07_21_gym,flight_44,300.0,ok,17,324.7324769794941,0.1265849992632866,103.06122300773859,427.920284986496,727.920284986496,861.8206122882924,468.3848181654031,9832.570192206309,1015.7749999999999,
2026_07_21_gym,flight_44,350.0,ok,19,362.40244196355343,0.13347400724887848,139.6761709973216,502.2120869681239,852.2120869681239,1404.107188302286,886.5403502947586,10172.326859490153,965.8184999999999,
2026_07_21_gym,flight_44,400.0,ok,22,420.2749909684062,0.1452529951930046,148.25445099920034,568.6746949627995,968.6746949627995,977.492225680581,533.8333961112919,9900.840408587548,915.8625000000001,
2026_07_21_gym,flight_44,430.0,ok,23,439.0980659723282,0.15027199685573578,131.75074499845505,570.999082967639,1000.999082967639,1003.6467559301038,547.5202879577321,9913.42507248548,899.2099999999999,
2026_07_21_gym,flight_45,150.0,fit_failed,,,,,,,,,,,ransac_fit: no candidate model reached >= min_samples (8) inliers over 3 iterations
2026_07_21_gym,flight_45,200.0,fit_failed,,,,,,,,,,,ransac_fit: no candidate model reached >= min_samples (8) inliers over 3 iterations
2026_07_21_gym,flight_45,250.0,fit_failed,,,,,,,,,,,ransac_fit: no candidate model reached >= min_samples (8) inliers over 3 iterations
2026_07_21_gym,flight_45,300.0,fit_failed,,,,,,,,,,,ransac_fit: no candidate model reached >= min_samples (8) inliers over 3 iterations
2026_07_21_gym,flight_45,350.0,ok,21,404.60381699353456,0.14399399608373642,124.68968900293112,529.4374999925494,879.4374999925494,201.82168194870238,75.91768934922172,8364.289343435139,949.1659999999999,
2026_07_21_gym,flight_45,400.0,ok,24,462.4995159804821,0.15212399512529373,132.0121740028262,594.6638139784336,994.6638139784336,629.8828354271752,342.59760176041743,8136.6404226157365,899.2104999999999,
2026_07_21_gym,flight_45,430.0,ok,25,481.4689739793539,0.15179099887609482,132.3253130018711,613.9460779801011,1043.946077980101,223.13554906588223,88.3546225334483,8330.589259733244,882.558,
2026_07_21_gym,flight_46,150.0,skipped,,,,,,,,,,,only 3 points within W=150ms (< min_samples=8)
2026_07_21_gym,flight_46,200.0,skipped,,,,,,,,,,,only 5 points within W=200ms (< min_samples=8)
2026_07_21_gym,flight_46,250.0,fit_failed,,,,,,,,,,,ransac_fit: no candidate model reached >= min_samples (8) inliers over 3 iterations
2026_07_21_gym,flight_46,300.0,fit_failed,,,,,,,,,,,ransac_fit: no candidate model reached >= min_samples (8) inliers over 3 iterations
2026_07_21_gym,flight_46,350.0,ok,14,271.47015899419785,0.11784400045871735,132.98523999750614,404.5732429921627,754.5732429921627,442.5851489932521,277.98389327533494,1030.8594792499562,1099.0359999999998,
2026_07_21_gym,flight_46,400.0,ok,17,329.74176201224327,0.12753000110387802,136.2020180001855,466.07131001353264,866.0713100135326,481.52018701250535,293.3638260872488,1056.4927940140856,1049.0795,
2026_07_21_gym,flight_46,430.0,ok,18,348.75009302049875,0.13058599829673767,145.8257600069046,494.7064390257001,924.7064390257001,292.62551283746063,190.31241267575209,1056.0709106366605,1032.427,
2026_07_21_gym,flight_47,150.0,fit_failed,,,,,,,,,,,ransac_fit: no candidate model reached >= min_samples (8) inliers over 3 iterations
2026_07_21_gym,flight_47,200.0,ok,11,209.5569460093975,0.10393499583005905,114.60942600667477,324.27030701190233,524.2703070119023,645.5306183669874,313.98857120410213,3246.564676764347,1298.86,
2026_07_21_gym,flight_47,250.0,ok,14,265.9191240221262,0.115509994328022,116.76296500116587,382.7975990176201,632.7975990176201,858.2029713147814,440.9123040970213,3207.3230097730893,1248.9035,
2026_07_21_gym,flight_47,300.0,ok,17,322.9188550412655,0.12808500230312347,126.0407130047679,449.0876530483365,749.0876530483365,859.8373692634526,442.33112770306826,3210.587626992016,1198.9479999999999,
2026_07_21_gym,flight_47,350.0,ok,20,380.30482503026724,0.13797499984502792,150.69023599475622,531.1330360248685,881.1330360248685,295.264800984153,88.95197500299099,3400.028564724992,1148.992,
2026_07_21_gym,flight_47,400.0,ok,22,418.77188001573086,0.1452530026435852,158.62090499699116,577.5380380153656,977.5380380153656,354.39371898036904,129.23808088014746,3364.1114987442734,1099.0359999999998,
2026_07_21_gym,flight_47,430.0,ok,23,437.1624910160899,0.15134699642658234,148.42478100210428,585.7386190146208,1015.7386190146208,371.4674679187438,159.06765202402346,3358.7696270262663,1082.3835,
2026_07_21_gym,flight_48,150.0,ok,10,191.9236779808998,0.0991009995341301,86.24680300801992,278.26958198845387,428.26958198845387,660.0010549919422,463.9218491467799,13774.02036998136,1182.2955,
2026_07_21_gym,flight_48,200.0,ok,12,230.72409396618605,0.10632500052452087,89.11197699606419,319.94239596277475,519.9423959627748,272.34268669518787,153.30775176921364,13555.604139264216,1132.3395,
2026_07_21_gym,flight_48,250.0,ok,15,288.72432398051023,0.11667599529027939,99.87109400331974,388.71209397912025,638.7120939791203,301.2908646015078,224.7730739420503,13614.106581215518,1082.3835000000001,
2026_07_21_gym,flight_48,300.0,ok,18,345.63806998729706,0.12832599878311157,113.97761299461126,459.74400898069143,759.7440089806914,213.1088584712854,55.252442895475035,13481.733730700951,1032.427,
2026_07_21_gym,flight_48,350.0,ok,21,403.60382997989655,0.14195600897073746,126.37735299766064,530.1231389865279,880.1231389865279,209.36587765654693,54.72193104277264,13481.533201867362,982.4710000000001,
2026_07_21_gym,flight_48,400.0,ok,24,461.6809349656105,0.14947599917650223,132.6231530085206,594.4535639733076,994.4535639733076,151.01183254193722,66.89662718631529,13535.26964831505,932.5145000000001,
2026_07_21_gym,flight_48,430.0,ok,24,461.6809349656105,0.15219800174236298,133.41022100299597,595.2433539703488,1025.2433539703488,151.01183254193722,66.89662718631529,13535.26964831505,932.5145000000001,
2026_07_21_gym,flight_49,150.0,fit_failed,,,,,,,,,,,ransac_fit: no candidate model reached >= min_samples (8) inliers over 3 iterations
2026_07_21_gym,flight_49,200.0,ok,13,252.42078701406717,0.1118059977889061,87.8162730038166,340.3488660156727,540.3488660156727,602.8730844027438,459.35834386638214,7561.595571843974,1215.6,
2026_07_21_gym,flight_49,250.0,ok,16,310.0300380140543,0.12102899700403214,109.26585199683905,419.4169190078974,669.4169190078974,310.42433334240997,299.1240675389197,7667.19201606357,1165.6435,
2026_07_21_gym,flight_49,300.0,ok,19,367.8369710072875,0.1313440054655075,118.14708499610424,486.11540000885725,786.1154000088573,613.8435724144119,462.5865243249552,7550.751043399293,1115.6875,
2026_07_21_gym,flight_49,350.0,ok,22,426.0914070084691,0.14204899966716766,123.57736899703741,549.8108250051737,899.8108250051737,350.46569470653,301.6855261941018,7666.773910935109,1065.732,
2026_07_21_gym,flight_49,400.0,ok,25,484.80090000480413,0.1565690040588379,133.37933000177145,618.3367990106344,1018.3367990106344,358.0885063591401,317.04813931100426,7672.41830457587,1015.7749999999999,
2026_07_21_gym,flight_49,430.0,ok,26,503.5742490068078,0.158440001308918,134.42504999786615,638.1577390059829,1068.1577390059829,182.03857453672097,213.8607507646738,7755.384740328104,999.1234999999999,
2026_07_21_gym,flight_5,150.0,ok,10,191.0926649942994,0.09854499995708466,82.4650679975748,273.6562779918313,423.6562779918313,272.4326743131048,473.3155885076181,11352.389616403045,432.955,
2026_07_21_gym,flight_5,200.0,ok,13,249.09357699751854,0.10893599689006805,87.23285199701786,336.43536499142647,536.4353649914265,70.17979665993039,136.41130032057615,11500.928733030714,382.99799999999993,
2026_07_21_gym,flight_5,250.0,ok,16,305.7438340112567,0.11841699481010437,96.4422229975462,402.304474003613,652.304474003613,33.447659077263594,76.6314017273482,11535.524482558685,333.04249999999996,
2026_07_21_gym,flight_5,300.0,ok,19,362.5011390224099,0.1314369961619377,101.3668349981308,463.99941101670265,763.9994110167027,23.998437721647484,34.38998535486524,11573.517591214155,283.08549999999997,
2026_07_21_gym,flight_5,350.0,ok,22,420.3965420052409,0.14484599977731705,131.86597600579262,552.4073640108109,902.4073640108109,32.805902278384586,78.29677436646479,11531.685832351708,233.12949999999998,
2026_07_21_gym,flight_5,400.0,ok,24,459.215386018157,0.1522359922528267,119.80370900779963,579.1713310182095,979.1713310182095,37.625277593005755,56.00610968165587,11611.566328627976,183.17249999999996,
2026_07_21_gym,flight_5,430.0,ok,25,478.01760602742434,0.15406899899244308,122.66886500269175,600.8405400291085,1030.8405400291085,41.64971381396924,35.06096454083509,11597.437505802307,166.5215,
2026_07_21_gym,flight_51,150.0,ok,10,191.02336002886295,0.0991009995341301,88.2331240028143,279.3555850312114,429.3555850312114,387.0660238968945,92.33903352135385,7359.360690746538,1415.424,
2026_07_21_gym,flight_51,200.0,ok,13,248.6592590212822,0.11312100291252136,100.15713699907064,348.92951702326536,548.9295170232654,409.2447744431453,119.28600487452606,7335.352901478231,1365.4675,
2026_07_21_gym,flight_51,250.0,ok,16,305.31827902048826,0.12225200235843658,103.02216300368309,408.4626940265298,658.4626940265298,739.4965354455948,389.62472111559083,7700.305363333341,1315.512,
2026_07_21_gym,flight_51,300.0,ok,17,324.0733840316534,0.12641900032758713,103.33470901101828,427.53451204299927,727.5345120429993,409.2447744431453,119.28600487452606,7335.352901478231,1265.5555000000002,
2026_07_21_gym,flight_51,350.0,ok,19,363.4176250323653,0.13578899949789047,117.31773499399424,480.87114902585745,830.8711490258574,654.4384046634437,357.99989490168497,7669.892339060231,1232.2515,
2026_07_21_gym,flight_51,400.0,ok,22,421.1225500255823,0.14488299936056137,135.18083699792624,556.4482700228691,956.4482700228691,753.4620847644147,333.44209312439034,7209.273952922222,1165.643,
2026_07_21_gym,flight_51,430.0,ok,23,439.7511440217495,0.16073599457740784,123.5729809999466,563.4848610162735,993.4848610162735,393.8556187619359,101.91960213963452,7343.051449170794,1148.9914999999999,
2026_07_21_gym,flight_52,150.0,fit_failed,,,,,,,,,,,ransac_fit: no candidate model reached >= min_samples (8) inliers over 3 iterations
2026_07_21_gym,flight_52,200.0,ok,12,228.37255802750587,0.10737999528646469,108.77408799529076,337.2540260180831,537.2540260180831,138.25286629412506,57.01425919140333,2253.4311532822294,1282.2075,
2026_07_21_gym,flight_52,250.0,ok,15,285.15040101855993,0.11749099940061569,116.89688400179148,402.164776019752,652.164776019752,124.79401028074946,36.33969111705772,2226.8330042372095,1232.2515,
2026_07_21_gym,flight_52,300.0,ok,18,342.24362501502037,0.12890000641345978,128.10883600264788,470.4813610240817,770.4813610240817,258.04560454542485,125.82900493421025,2286.5294484109268,1182.2955,
2026_07_21_gym,flight_52,350.0,ok,21,399.4896570071578,0.14182700961828232,142.69554399698973,542.3270280137658,892.3270280137658,292.58272066054127,149.96301964298368,2292.084557010785,1132.3375,
2026_07_21_gym,flight_52,400.0,ok,24,456.6750909984112,0.1470320075750351,145.1508679986,601.9729910045862,1001.9729910045862,270.6099840615977,139.4915861206237,2283.948005488511,1082.381,
2026_07_21_gym,flight_52,430.0,ok,25,475.3022409975529,0.15466100722551346,160.70088099688292,636.1577830016613,1066.1577830016613,244.4425998466456,123.89043668162174,2269.1851246943547,1065.731,
2026_07_21_gym,flight_53,150.0,ok,10,193.34015300124884,0.09860099852085114,88.78326399624348,282.22201799601316,432.22201799601316,587.441438695318,348.255301094001,561.124931676608,1332.1635,
2026_07_21_gym,flight_53,200.0,ok,13,251.5621569827199,0.1077679991722107,99.20496200025082,350.8748869821429,550.8748869821429,177.17146254502677,156.07063183885936,523.1817021719423,1282.2075000000002,
2026_07_21_gym,flight_53,250.0,ok,16,308.7390170097351,0.12163999676704407,104.05664200335741,412.91729900985956,662.9172990098596,93.00035800761667,101.23133257483613,531.9444950169236,1232.2515,
2026_07_21_gym,flight_53,300.0,ok,19,366.42671701312065,0.1305849924683571,125.98152299970388,492.5388250052929,792.5388250052929,180.2129411579163,62.7684382607932,588.6905090479355,1182.295,
2026_07_21_gym,flight_53,350.0,ok,22,425.1450800150633,0.14166000485420227,126.05532499402761,551.3420650139451,901.3420650139451,221.15298463102195,67.45897964728663,599.3180787204473,1132.339,
2026_07_21_gym,flight_53,400.0,ok,25,483.6200140118599,0.15323499590158463,131.61410300433636,615.3873520120978,1015.3873520120978,225.4476721675726,65.88854741048767,593.8652422232019,1082.383,
2026_07_21_gym,flight_53,430.0,ok,26,502.5319120064378,0.1621439978480339,133.22948299348354,635.9235389977694,1065.9235389977694,227.97685390880824,66.35336881953101,590.0683037575761,1065.7305000000001,
2026_07_21_gym,flight_54,150.0,ok,9,174.06253499537706,0.09360100328922272,75.8312160000205,249.9873519986868,399.9873519986868,499.46540192700843,244.918798904779,14610.340521904976,999.1234999999999,
2026_07_21_gym,flight_54,200.0,ok,12,232.66809199750423,0.10636100172996521,88.60658200085163,321.38103500008583,521.3810350000858,399.004332380477,154.02422593206313,14658.586098789647,949.167,
2026_07_21_gym,flight_54,250.0,ok,15,290.5860899910331,0.1175290048122406,99.52534200251102,390.22896099835634,640.2289609983563,408.0442077634983,151.71168516300023,14647.98023153102,899.211,
2026_07_21_gym,flight_54,300.0,ok,18,348.17268800735474,0.130621999502182,112.7671369984746,461.0704470053315,761.0704470053315,290.5432804817553,65.82760406612454,14744.852422300988,849.2549999999999,
2026_07_21_gym,flight_54,350.0,ok,21,406.571987003088,0.14317899197340012,130.74406500160694,537.4592309966683,887.4592309966683,266.5861449345583,86.53934085223425,14775.008084428982,799.2984999999999,
2026_07_21_gym,flight_54,400.0,ok,24,465.15839499235153,0.1523279994726181,135.00032199919224,600.3110449910164,1000.3110449910164,276.34297214736364,72.67678186548666,14760.817993041142,749.3425,
2026_07_21_gym,flight_54,430.0,ok,25,484.18204198777676,0.15510600060224533,144.10896300524473,628.4461109936237,1058.4461109936237,286.23000334320676,61.94310515863318,14743.452557838047,732.6904999999999,
2026_07_21_gym,flight_55,150.0,fit_failed,,,,,,,,,,,ransac_fit: no candidate model reached >= min_samples (8) inliers over 3 iterations
2026_07_21_gym,flight_55,200.0,ok,13,251.69964902848005,0.11193499714136124,91.65869799256325,343.47028201818466,543.4702820181847,1160.420984363646,642.4780752599133,585.1552158170123,1132.339,
2026_07_21_gym,flight_55,250.0,fit_failed,,,,,,,,,,,ransac_fit: no candidate model reached >= min_samples (8) inliers over 3 iterations
2026_07_21_gym,flight_55,300.0,ok,19,367.0677330121398,0.5086739957332611,120.53519900143147,488.1116060093045,788.1116060093045,251.04761545608375,50.19881310915276,1073.6142942784577,1032.427,
2026_07_21_gym,flight_55,350.0,ok,22,425.29838901013136,0.14656800776720047,125.56857900321484,551.0135360211134,901.0135360211134,396.4933495708133,99.32408987949344,977.7129456001376,982.4705,
2026_07_21_gym,flight_55,400.0,ok,25,483.8451830148697,0.15793999284505844,131.47340500354767,615.4765280112624,1015.4765280112624,428.4283208080654,168.22223713613334,920.3522037151585,932.5144999999999,
2026_07_21_gym,flight_55,430.0,ok,26,502.77408101409674,0.1739410012960434,132.23745398968458,635.1854760050774,1065.1854760050774,457.50329206977756,171.41163351506302,916.2146768208394,915.8634999999999,
2026_07_21_gym,flight_56,150.0,fit_failed,,,,,,,,,,,ransac_fit: no candidate model reached >= min_samples (8) inliers over 3 iterations
2026_07_21_gym,flight_56,200.0,fit_failed,,,,,,,,,,,ransac_fit: no candidate model reached >= min_samples (8) inliers over 3 iterations
2026_07_21_gym,flight_56,250.0,fit_failed,,,,,,,,,,,ransac_fit: no candidate model reached >= min_samples (8) inliers over 3 iterations
2026_07_21_gym,flight_56,300.0,ok,18,348.4325279816985,0.12684399634599686,126.90002800524235,475.45939998328686,775.4593999832869,626.9373066642506,486.72677301839036,2257.404168318777,1049.0795,
2026_07_21_gym,flight_56,350.0,ok,20,387.0882819890976,0.13608600944280624,130.7807530015707,518.0051210001111,868.0051210001111,674.7259036013637,460.25360042472084,2145.154256579812,999.123,
2026_07_21_gym,flight_56,400.0,ok,23,445.42198200523853,0.1440119966864586,150.62508199363947,596.1910759955645,996.1910759955645,343.01070003217484,248.71782503019477,2130.7101089372027,949.1675000000001,
2026_07_21_gym,flight_56,430.0,ok,24,464.525581009686,0.14836400002241135,155.05524400621653,619.7291890159249,1049.729189015925,423.6119028904961,278.3823894129534,2112.972877910421,932.5155000000001,
2026_07_21_gym,flight_57,150.0,fit_failed,,,,,,,,,,,ransac_fit: no candidate model reached >= min_samples (8) inliers over 3 iterations
2026_07_21_gym,flight_57,200.0,fit_failed,,,,,,,,,,,ransac_fit: no candidate model reached >= min_samples (8) inliers over 3 iterations
2026_07_21_gym,flight_57,250.0,fit_failed,,,,,,,,,,,ransac_fit: no candidate model reached >= min_samples (8) inliers over 3 iterations
2026_07_21_gym,flight_57,300.0,ok,17,329.6632350087166,0.12486299872398376,116.15089300274849,445.93899101018906,745.938991010189,121.3766985743967,121.88168832840375,1329.997095799645,1065.731,
2026_07_21_gym,flight_57,350.0,ok,20,388.2950740084052,0.15129099041223526,132.00154400616884,520.4479090049863,870.4479090049863,214.07746489678743,185.00699629551283,1366.314123456382,1015.7750000000001,
2026_07_21_gym,flight_57,400.0,ok,23,446.83186599612236,0.14938299357891083,134.71483400464058,581.6960829943419,981.6960829943419,188.2855770847439,144.54719385961818,1339.1344594497516,965.8185000000001,
2026_07_21_gym,flight_57,430.0,ok,24,465.60287999361753,0.1532909944653511,141.14348400384188,606.8996549919248,1036.8996549919248,173.9050046431081,119.79328224521284,1314.9174169696507,949.1665,
2026_07_21_gym,flight_58,150.0,fit_failed,,,,,,,,,,,ransac_fit: no candidate model reached >= min_samples (8) inliers over 3 iterations
2026_07_21_gym,flight_58,200.0,fit_failed,,,,,,,,,,,ransac_fit: no candidate model reached >= min_samples (8) inliers over 3 iterations
2026_07_21_gym,flight_58,250.0,ok,14,267.42999602109194,0.11571399867534637,103.84301199764013,371.3887220174074,621.3887220174074,536.3183711184231,155.61771932151495,18384.312849070207,1265.556,
2026_07_21_gym,flight_58,300.0,ok,17,324.8958260342479,0.1268630027770996,115.52320900559425,440.5458980426192,740.5458980426192,871.6682139343721,372.2301832129259,18227.233590960874,1215.6,
2026_07_21_gym,flight_58,350.0,ok,20,382.17895402014256,0.13723400235176086,123.23974800109863,505.55593602359295,855.555936023593,625.0553402095403,227.68455687130248,18341.01316003307,1165.6435000000001,
2026_07_21_gym,flight_58,400.0,ok,22,420.4196380376816,0.14499400556087494,136.07573000341654,556.640362046659,956.640362046659,567.9146134634543,191.43337765159677,18377.61324760207,1115.6870000000001,
2026_07_21_gym,flight_58,430.0,ok,23,439.751200042665,0.146697998046875,133.42970500141382,573.3276030421257,1003.3276030421257,554.9681303095206,190.4073440830421,18380.371173180927,1099.0355,
2026_07_21_gym,flight_59,150.0,fit_failed,,,,,,,,,,,ransac_fit: no candidate model reached >= min_samples (8) inliers over 3 iterations
2026_07_21_gym,flight_59,200.0,ok,12,228.69703002274036,0.1082879975438118,100.74930000305176,329.55461802333593,529.5546180233359,492.73742368738687,238.04537032478163,4573.614917575247,1382.1190000000001,
2026_07_21_gym,flight_59,250.0,ok,15,285.50141002237797,0.11821400374174118,103.36141499876976,388.98103902488947,638.9810390248895,536.3244650085749,277.32815349915535,4547.746836596762,1332.1640000000002,
2026_07_21_gym,flight_59,300.0,ok,18,342.7213470339775,0.1303819939494133,115.37412299960852,458.22585202753544,758.2258520275354,437.5195676354646,148.53313777802117,4619.091378788822,1282.2075000000002,
2026_07_21_gym,flight_59,350.0,ok,20,381.5716390311718,0.1369199976325035,121.00681400299072,502.715373031795,852.715373031795,436.87588622861176,136.19952973835325,4624.600926512793,1232.2515,
2026_07_21_gym,flight_59,400.0,ok,23,439.1374380365014,0.1474199965596199,131.0337010025978,570.3185590356588,970.3185590356588,361.8045844650805,118.27478962914351,4594.535374114919,1182.2955,
2026_07_21_gym,flight_59,430.0,ok,25,477.2095510289073,0.15445800125598907,130.85518499463797,608.2191940248013,1038.2191940248013,320.1650631990257,155.82813689713294,4550.54874551991,1148.991,
2026_07_21_gym,flight_6,150.0,ok,10,192.29546899348497,0.10030500590801239,72.97980299592018,265.37557699531317,415.37557699531317,262.02232023855953,362.31867603960626,1366.627305255504,532.8685,
2026_07_21_gym,flight_6,200.0,ok,13,250.89643498510122,0.1099729984998703,87.81275399774313,338.8191619813442,538.8191619813442,319.7544489392951,439.7962685293909,1460.9618939594395,482.9125000000001,
2026_07_21_gym,flight_6,250.0,ok,16,307.9818249717355,0.12304700165987015,91.53881700336933,399.6436889767647,649.6436889767647,238.2557939686633,319.5672896401271,1378.1560895453135,432.956,
2026_07_21_gym,flight_6,300.0,ok,19,365.20255698263645,0.13445600122213364,102.76103000342846,468.09804298728704,768.098042987287,229.12141489942198,306.50751502227996,1364.7004804770702,383.00050000000005,
2026_07_21_gym,flight_6,350.0,ok,22,423.9665539935231,0.14632800221443176,114.11767999827862,538.2305619940162,888.2305619940162,130.8071805843185,153.97053770044258,1252.4436146690375,333.0425,
2026_07_21_gym,flight_6,400.0,ok,25,482.45706398785114,0.15864299982786179,118.49885600805283,601.1145629957318,1001.1145629957318,60.94379386324741,48.02585350069627,1171.7209855612216,283.08750000000003,
2026_07_21_gym,flight_6,430.0,ok,26,501.10979099571705,0.1602179929614067,133.9986980035901,635.2687069922686,1065.2687069922686,76.89115088451445,81.2720796053376,1198.259956479031,266.43550000000005,
2026_07_21_gym,flight_60,150.0,ok,10,193.2092669904232,0.09991700202226639,88.1754889935255,281.484672985971,431.484672985971,409.0631444302593,279.47097808193047,2218.8242272153443,1348.8155,
2026_07_21_gym,flight_60,200.0,ok,13,251.56072998046875,0.11271300166845322,99.68454100191593,351.35798398405313,551.3579839840531,346.54953979008167,233.47895555894917,2160.1501132800986,1298.86,
2026_07_21_gym,flight_60,250.0,ok,16,309.7340469881892,0.1258080005645752,103.9196300059557,413.7794849947095,663.7794849947095,270.62923575074154,178.7875791560265,2107.581981692933,1248.9029999999998,
2026_07_21_gym,flight_60,300.0,ok,18,348.2774599865079,0.12945500761270523,105.66872599720955,454.07564099133015,754.0756409913301,313.08037950823507,119.6447296646706,1967.6196185495928,1215.599,
2026_07_21_gym,flight_60,350.0,ok,20,387.26622599363327,0.1391969993710518,136.46996700018644,523.8753899931908,873.8753899931908,245.97145955257403,115.51027099606283,2016.9115042732924,1148.991,
2026_07_21_gym,flight_60,400.0,ok,23,445.569310978055,0.15812500566244125,133.13999399542809,578.8674299791455,978.8674299791455,245.72164460691624,108.36313331549526,2015.428143016674,1099.0354999999997,
2026_07_21_gym,flight_60,430.0,ok,24,464.62697997689247,0.15060599893331528,132.76877699047327,597.5463629662991,1027.546362966299,320.62438222889983,123.0778316910798,1961.7074022640736,1082.3825,
2026_07_21_gym,flight_61,150.0,ok,10,193.39608100801706,0.10012000054121017,72.69238900393248,266.18859001249075,416.18859001249075,243.22189102343793,288.32400665750436,6315.301885624947,516.2070000000001,
2026_07_21_gym,flight_61,200.0,ok,13,252.05058901757002,0.10623099654912949,91.3962489888072,343.55306900292635,543.5530690029263,318.96885827867635,267.16489553611785,6418.8894377105335,466.25100000000003,
2026_07_21_gym,flight_61,250.0,ok,16,309.892972022295,0.11938099563121796,97.73637200146914,407.74872501939535,657.7487250193954,222.364241249247,411.47354425025827,6192.609608508208,416.296,
2026_07_21_gym,flight_61,300.0,ok,19,367.42606500536203,0.14464199542999268,119.2246779948473,486.7953849956393,786.7953849956393,174.28377069036898,190.12964313067238,6263.220921736331,366.33950000000004,
2026_07_21_gym,flight_61,350.0,ok,22,425.8247880190611,0.1463090032339096,120.69395300000906,546.6650500223041,896.6650500223041,184.12668910155142,271.1050932860263,6241.778101942242,316.38500000000005,
2026_07_21_gym,flight_61,400.0,ok,25,483.9227279871702,0.1551619991660118,125.21847499907017,609.2963649854064,1009.2963649854064,184.12668910155142,271.1050932860263,6241.778101942242,266.42900000000003,
2026_07_21_gym,flight_61,430.0,ok,26,502.75974798202515,0.15758799761533737,125.67996000498533,628.5972959846258,1058.5972959846258,233.58588670710665,141.59064431237496,6345.784922000615,249.77750000000003,
2026_07_21_gym,flight_62,150.0,ok,10,193.08650202304125,0.09969399869441986,77.2267069965601,270.41290301829576,420.41290301829576,164.40778704113785,238.38428419822915,13683.707635311315,582.8165,
2026_07_21_gym,flight_62,200.0,ok,13,251.27976401895285,0.1110830083489418,82.5242400020361,333.9150870293379,533.9150870293379,177.58126772577086,164.13189118887732,13769.263731436886,532.861,
2026_07_21_gym,flight_62,250.0,ok,16,308.60069101303816,0.12197399884462357,95.32742299884558,404.05008801072836,654.0500880107284,185.75594520277275,125.72636712883656,13804.21916610289,482.90549999999996,
2026_07_21_gym,flight_62,300.0,ok,19,366.2362010255456,0.13656699657440186,102.05170899629593,468.4244770184159,768.4244770184159,262.61480212911476,188.8617131140829,13914.502712717845,432.9495,
2026_07_21_gym,flight_62,350.0,ok,22,424.50300601124763,0.15884700417518616,115.30589400231838,539.9677470177412,889.9677470177412,262.09300773636625,182.41313117758935,13918.403390203246,382.9945,
2026_07_21_gym,flight_62,400.0,ok,25,482.7491050064564,0.1552180051803589,127.82314500957727,610.727468021214,1010.727468021214,111.59798498080332,115.18249166647688,13717.232587931243,333.03900000000004,
2026_07_21_gym,flight_62,430.0,ok,26,501.60546001046896,0.1586799994111061,133.79557000100613,635.5597100108862,1065.5597100108862,165.63248890087465,68.69112641803396,13794.305154157182,316.3865,
2026_07_21_gym,flight_63,150.0,ok,9,174.44164799898863,0.09145200252532959,72.00688499957323,246.5399850010872,396.5399850010872,656.1994962671534,564.2875421332067,1666.4948085120407,566.1655,
2026_07_21_gym,flight_63,200.0,ok,12,232.9929229989648,0.10584300011396408,88.76902199536562,321.86778799444437,521.8677879944444,513.3862067020111,373.6169585212115,1474.2376329977124,516.208,
2026_07_21_gym,flight_63,250.0,ok,15,290.1984509974718,0.11614000052213669,101.175132997334,391.48972399532795,641.489723995328,218.1482495673261,272.35245858451987,880.394455805121,466.254,
2026_07_21_gym,flight_63,300.0,ok,18,347.75630601495504,0.1286960020661354,113.39478500187397,461.27978701889515,761.2797870188951,307.1408580423258,134.2242607010461,1216.2700489414979,416.2975,
2026_07_21_gym,flight_63,350.0,ok,21,406.1974050030112,0.1433829963207245,133.46576300263405,539.806551001966,889.806551001966,212.92359231452934,283.30767740145353,866.4824706570406,366.342,
2026_07_21_gym,flight_63,400.0,ok,24,463.94792499393225,0.15303100645542145,125.13363400101662,589.2345900014043,989.2345900014043,199.3073921581915,285.16121324875814,851.759204226573,316.386,
2026_07_21_gym,flight_63,430.0,ok,25,482.49925400316715,0.1532910019159317,120.61424300074577,603.2667880058289,1033.2667880058289,229.13855024439897,204.52324665122026,941.5273335538225,299.734,
2026_07_21_gym,flight_64,150.0,ok,10,192.03970599919558,0.09684200584888458,72.55958099663258,264.69612900167704,414.69612900167704,278.46477019491124,208.72828892978094,7850.378392162838,632.7740000000001,
2026_07_21_gym,flight_64,200.0,ok,13,249.97038999944925,0.1109359934926033,87.08278299868107,337.1641089916229,537.1641089916229,263.5751875567551,234.04502230815794,7823.884281706542,582.8180000000001,
2026_07_21_gym,flight_64,250.0,ok,16,307.4692769944668,0.12376999855041504,95.7294400036335,403.3224869966507,653.3224869966507,271.80381023073966,409.97599650541815,7691.112978547132,532.8625000000001,
2026_07_21_gym,flight_64,300.0,ok,19,364.5677599981427,0.1351040080189705,101.86021099984646,466.56307500600815,766.5630750060081,242.69217622927403,292.59935419423783,7776.858475155965,482.9065,
2026_07_21_gym,flight_64,350.0,ok,22,422.4171230196953,0.14647499471902847,113.95873999595642,536.5223380103707,886.5223380103707,270.6347339041829,155.78429241452642,7888.590954265625,432.951,
2026_07_21_gym,flight_64,400.0,ok,25,480.1136740297079,0.15466099977493286,121.50317200273275,601.7715070322156,1001.7715070322156,270.6347339041829,155.78429241452642,7888.590954265625,382.9945,
2026_07_21_gym,flight_64,430.0,ok,26,498.85644502192736,0.1621059998869896,125.7075350061059,624.7260860279202,1054.7260860279202,351.4934544454109,79.11819930208642,8022.010569093037,366.343,
2026_07_21_gym,flight_65,150.0,ok,10,193.24399504810572,0.0987669974565506,72.93531700223684,266.2780790477991,416.2780790477991,314.72324310900416,609.8550453772681,4830.79115612465,566.168,
2026_07_21_gym,flight_65,200.0,ok,13,250.9839230403304,0.11086100339889526,87.566231995821,338.6610160395503,538.6610160395503,181.20246505578024,362.17699702074214,4975.811422334237,516.212,
2026_07_21_gym,flight_65,250.0,ok,16,308.33716804534197,0.11939899623394012,91.68260700255632,400.13917404413223,650.1391740441322,220.44202367259712,461.7908800254932,4906.71619446104,466.25600000000003,
2026_07_21_gym,flight_65,300.0,ok,19,365.6193900555372,0.13458599895238876,101.93914400786161,467.6931200623512,767.6931200623512,236.85666091073983,505.53510699034604,4861.105478646701,416.3005,
2026_07_21_gym,flight_65,350.0,ok,22,423.2370090931654,0.14252999424934387,123.28278899937868,546.6623280867934,896.6623280867934,174.9678327308005,402.2233094297821,4912.04409753392,366.344,
2026_07_21_gym,flight_65,400.0,ok,25,480.95597110688686,0.16216199845075607,116.95092599838972,598.0690591037273,998.0690591037273,185.2293540288283,70.76604147915188,5139.622322794659,316.3875,
2026_07_21_gym,flight_65,430.0,ok,26,499.75048810243607,0.15990300476551056,122.91081299632788,622.8212041035295,1052.8212041035295,170.46311942705444,76.0704324542859,5118.67638364389,299.7355,
2026_07_21_gym,flight_66,150.0,ok,10,193.4623679742217,0.09860099852085114,64.95301500707865,258.5139839798212,408.5139839798212,143.5100512695735,444.0150282910642,6909.584200801742,432.95250000000004,
2026_07_21_gym,flight_66,200.0,ok,13,251.95141698420048,0.11897299438714981,88.64504799246788,340.7154379710555,540.7154379710555,103.20949369216483,234.44371902196082,6706.035997846049,382.9975,
2026_07_21_gym,flight_66,250.0,ok,16,309.65924897044897,0.118880994617939,91.2391439974308,401.0172739624977,651.0172739624977,158.48193598375553,120.75565233830638,6567.121421901654,333.04100000000005,
2026_07_21_gym,flight_66,300.0,ok,19,367.21530897915363,0.13184499740600586,103.26388800144196,470.6110419780016,770.6110419780016,175.2813970212357,90.27709451661237,6535.270768841234,283.0855,
2026_07_21_gym,flight_66,350.0,ok,22,425.67700096964836,0.14345600455999374,112.26540800184011,538.0858649760485,888.0858649760485,157.69707947885195,75.41272758174728,6568.996642307082,233.12900000000002,
2026_07_21_gym,flight_66,400.0,ok,25,483.63918698579073,0.15419799089431763,118.4794650003314,602.2728499770164,1002.2728499770164,120.36186578349441,121.94393575781139,6652.303365583501,183.17350000000005,
2026_07_21_gym,flight_66,430.0,ok,26,502.50872898101807,0.15695799887180328,117.97008799761534,620.6357749775052,1050.6357749775052,132.35041142786613,90.84259909066445,6630.161151687204,166.52100000000004,
2026_07_21_gym,flight_67,150.0,ok,10,192.8858730122447,0.09762000292539597,73.86628599464893,266.84977900981903,416.84977900981903,183.03597224526945,388.85401757911364,3194.8292245571633,283.0865,
2026_07_21_gym,flight_67,200.0,ok,13,251.19955299049616,0.10995399951934814,89.4321160018444,340.7416229918599,540.7416229918599,173.20912567549405,594.6634119874798,3420.8262732327466,233.13099999999997,
2026_07_21_gym,flight_67,250.0,ok,16,308.4099719822407,0.11614000052213669,88.66303099691868,397.1891429796815,647.1891429796815,175.13776405092383,197.42012872397743,3029.3875553529383,183.1745,
2026_07_21_gym,flight_67,300.0,ok,19,366.50802297890186,0.1296589970588684,101.76694399863482,468.40462597459555,768.4046259745955,131.46375185871682,316.57137043728335,3163.944636125404,133.21849999999995,
2026_07_21_gym,flight_67,350.0,ok,22,424.9654569923878,0.14051199704408646,102.6144240051508,527.7203929945827,877.7203929945827,123.6888036139935,302.93732154428454,3152.771495737629,83.262,
2026_07_21_gym,flight_67,400.0,skipped,,,,,,,,,,,total_duration_ms=432.95 < W+50ms buffer
2026_07_21_gym,flight_67,430.0,skipped,,,,,,,,,,,total_duration_ms=432.95 < W+50ms buffer
2026_07_21_gym,flight_68,150.0,ok,10,194.9740179926157,0.09886099398136139,74.32973399758339,269.40261298418045,419.40261298418045,206.8905952813742,171.5674328505406,2981.9027982157795,682.7355,
2026_07_21_gym,flight_68,200.0,ok,13,253.9132520109415,0.10967600345611572,87.81975399702787,341.8426820114255,541.8426820114255,206.90479332816096,166.61678843861955,2983.86036334842,632.7785,
2026_07_21_gym,flight_68,250.0,ok,16,311.87895803153515,0.12210299074649811,95.41807899624109,407.41914001852274,657.4191400185227,234.17073525154066,194.88597782330774,3010.3827828728718,582.8225,
2026_07_21_gym,flight_68,300.0,ok,19,370.674494035542,0.13588199764490128,102.71465499699116,473.52503103017807,773.5250310301781,147.44310095536562,110.15619393038584,2913.795020006526,532.8660000000001,
2026_07_21_gym,flight_68,350.0,ok,22,429.2487700358033,0.14604999870061874,113.74625900387764,543.1410790383816,893.1410790383816,119.30297296980261,107.23801048016543,2860.2934551704507,482.90950000000004,
2026_07_21_gym,flight_68,400.0,ok,25,488.03578704595566,0.15429099649190903,125.98633799701929,614.1764160394669,1014.1764160394669,124.59045888377806,87.07277098647643,2883.596592382432,432.95400000000006,
2026_07_21_gym,flight_68,430.0,ok,26,506.93412804603577,0.1589769944548607,126.72327199578285,633.8163770362735,1063.8163770362735,124.59045888377806,87.07277098647643,2883.596592382432,416.3020000000001,
2026_07_21_gym,flight_69,150.0,ok,10,192.75385903567076,0.0974159985780716,74.87437399476767,267.7256490290165,417.7256490290165,229.31514587749402,112.47950986124476,6960.452673997267,666.0840000000001,
2026_07_21_gym,flight_69,200.0,ok,13,251.03533405065536,0.10950999706983566,88.15470900386572,339.2995530515909,539.2995530515909,184.2885288117169,205.7034957119572,7059.399505093649,616.128,
2026_07_21_gym,flight_69,250.0,ok,16,308.3751880452037,0.12145499885082245,96.14571600407362,404.6423590481281,654.6423590481281,289.5091745990122,467.1496778076292,7266.927918230173,566.1715,
2026_07_21_gym,flight_69,300.0,ok,19,366.35050504654646,0.13227100670337677,101.01343400031328,467.4962100535631,767.4962100535631,382.77673826641796,622.0007887331395,7401.505807501028,516.2154999999999,
2026_07_21_gym,flight_69,350.0,ok,22,424.8705540522933,0.1418830007314682,115.30893100053072,540.3213680535555,890.3213680535555,203.27910284750553,352.7263691402014,7196.137754422218,466.2585,
2026_07_21_gym,flight_69,400.0,ok,25,482.96016005426645,0.15568000078201294,125.90888600051403,609.0247260555625,1009.0247260555625,169.35064495131866,308.6349710093339,7173.076163635878,416.3025,
2026_07_21_gym,flight_69,430.0,ok,26,501.77345605939627,0.16901499778032303,125.12487399578094,627.0673450529575,1057.0673450529575,136.48811860746378,257.4955008182347,7140.0827485618975,399.6505,
2026_07_21_gym,flight_7,150.0,ok,10,193.2550129890442,0.095100998878479,71.9243780001998,265.27449198812246,415.27449198812246,162.79826102226613,349.3074332772426,945.2229347637175,299.736,
2026_07_21_gym,flight_7,200.0,ok,13,252.16546700894833,0.10978799313306808,88.02701300382614,340.30226800590754,540.3022680059075,178.67587827083628,376.00562948035264,883.1178104452033,249.78000000000003,
2026_07_21_gym,flight_7,250.0,ok,16,310.0682050138712,0.11925100535154343,88.1429669931531,398.33042301237583,648.3304230123758,213.18038103719636,465.77802247235877,786.83683867726,199.82400000000004,
2026_07_21_gym,flight_7,300.0,ok,19,368.18670300394297,0.1315300017595291,97.8237320035696,466.1419650092721,766.1419650092721,191.13932851524885,409.1261981519729,838.8851988943708,149.868,
2026_07_21_gym,flight_7,350.0,ok,22,426.74608900398016,0.14445700496435165,102.59886699914932,529.4894130080938,879.4894130080938,176.95913912103322,377.26935360551744,844.6967714633837,99.91250000000001,
2026_07_21_gym,flight_7,400.0,skipped,,,,,,,,,,,total_duration_ms=449.6 < W+50ms buffer
2026_07_21_gym,flight_7,430.0,skipped,,,,,,,,,,,total_duration_ms=449.6 < W+50ms buffer
2026_07_21_gym,flight_70,150.0,ok,10,194.52019699662924,0.09810099750757217,83.32047599554062,277.93877398967743,427.93877398967743,479.6398287783236,723.4719696915239,24093.143162970202,516.216,
2026_07_21_gym,flight_70,200.0,ok,13,253.3039549961686,0.10976899415254593,87.80427100509405,341.2179949954152,541.2179949954152,309.2310081060627,403.24268068167225,23905.872029149326,466.25949999999995,
2026_07_21_gym,flight_70,250.0,ok,16,311.1340009793639,0.12036199867725372,96.14190099388361,407.3962639719248,657.3962639719248,296.7212567404782,155.91664024776784,23706.06512865698,416.30349999999993,
2026_07_21_gym,flight_70,300.0,ok,19,369.13226498663425,0.13045499473810196,100.92974100261927,470.1924609839916,770.1924609839916,325.4575827228092,126.96166427515197,23638.189657260362,366.3465,
2026_07_21_gym,flight_70,350.0,ok,22,427.65912897884846,0.14321599900722504,114.6455399915576,542.4478849694133,892.4478849694133,319.6723788191856,108.07992742179705,23644.576716113617,316.39099999999996,
2026_07_21_gym,flight_70,400.0,ok,25,486.66470198333263,0.15306899696588516,120.22074600309134,607.0385169833899,1007.0385169833899,305.1484799081262,86.19048979219941,23667.839346607852,266.4335,
2026_07_21_gym,flight_70,430.0,ok,26,505.79922898858786,0.156810000538826,124.25398399680853,630.2100229859352,1060.2100229859352,255.8575663872906,114.55300510775339,23755.558429251152,249.78199999999995,
2026_07_21_gym,flight_72,150.0,fit_failed,,,,,,,,,,,ransac_fit: no candidate model reached >= min_samples (8) inliers over 3 iterations
2026_07_21_gym,flight_72,200.0,ok,12,230.92653699964285,0.10484200716018677,103.8575320020318,334.88891100883484,534.8889110088348,446.52683719271056,403.8858238948144,5271.776897222895,499.52400000000006,
2026_07_21_gym,flight_72,250.0,ok,15,287.67021200060844,0.119548000395298,114.21578100323677,402.0055410042405,652.0055410042405,187.19202704626872,105.39016943836597,5636.054242356336,449.5735000000001,
2026_07_21_gym,flight_72,300.0,ok,18,344.7575270012021,0.12780800461769104,108.47819200158119,453.363527007401,753.363527007401,147.58089026383573,277.7053791272429,5791.151889204497,399.6195000000001,
2026_07_21_gym,flight_72,350.0,ok,21,402.9401759952307,0.1434760019183159,124.48778200149536,527.5714339986444,877.5714339986444,139.8903587135923,312.4290251801893,5829.49272028553,349.6695000000001,
2026_07_21_gym,flight_72,400.0,ok,24,460.77372198551893,0.15123499929904938,118.50231900066137,579.4272759854794,979.4272759854794,200.87597428129993,84.31636419545579,5617.70886483458,299.71350000000007,
2026_07_21_gym,flight_72,430.0,ok,25,479.4362089857459,0.1535320058465004,126.7615160048008,606.3512569963932,1036.3512569963932,161.37860362474078,147.26633348611415,5689.398489921351,283.06700000000006,
2026_07_21_gym,flight_73,150.0,ok,10,193.2469980120659,0.09578599780797958,74.33806800097227,267.68085201084614,417.68085201084614,153.13441576002464,148.039910223934,7092.887524385796,765.938,
2026_07_21_gym,flight_73,200.0,ok,13,251.55882601439953,0.1076200008392334,87.06539299339056,338.7318390086293,538.7318390086293,204.01345592247242,165.65666121831535,7062.254575104125,715.9835,
2026_07_21_gym,flight_73,250.0,ok,16,309.38116700947285,0.12069499492645264,97.30790899693966,406.80977100133896,656.809771001339,214.32139096915546,197.34789142957584,7095.272427920366,666.033,
2026_07_21_gym,flight_73,300.0,ok,19,367.48318000137806,0.133603997528553,101.67760300636292,469.2943870052695,769.2943870052695,178.1123858212061,166.6392137322328,7133.413736300984,616.0779999999999,
2026_07_21_gym,flight_73,350.0,ok,22,425.93124099075794,0.14508699625730515,114.09877199679613,540.1750999838114,890.1750999838114,157.50144857081162,139.558162920383,7105.730902711583,566.1239999999999,
2026_07_21_gym,flight_73,400.0,ok,25,484.1864519864321,0.1563280001282692,126.02487800270319,610.3676579892635,1010.3676579892635,144.02296035460282,121.2726092930851,7101.16396556623,516.1719999999999,
2026_07_21_gym,flight_73,430.0,ok,26,503.057031981647,0.16162500530481339,143.95176399499178,647.1704209819436,1077.1704209819436,141.1113074966857,119.8357132410477,7101.319218291322,499.52399999999994,
2026_07_21_gym,flight_75,150.0,ok,10,193.4011029973626,0.09915700554847717,72.78191400319338,266.28217400610447,416.28217400610447,678.4477494961214,763.0925722936624,10317.318712431234,599.4355,
2026_07_21_gym,flight_75,200.0,ok,13,251.81871899217367,0.10902799665927887,86.90415599942207,338.831902988255,538.831902988255,656.4845752604876,732.6431418453489,10326.54457243142,549.482,
2026_07_21_gym,flight_75,250.0,ok,16,309.73136399686337,0.11919499933719635,92.32794100046158,402.17849999666214,652.1784999966621,542.6635076375537,586.491389048922,10221.163500841347,499.529,
2026_07_21_gym,flight_75,300.0,ok,19,367.3636519983411,0.13464099913835526,101.84706200659275,469.3453550040722,769.3453550040722,343.9371472266685,294.21804430240155,9975.932902500197,449.576,
2026_07_21_gym,flight_75,350.0,ok,22,425.52291199564934,0.14662399888038635,113.17320899665356,538.8427449911833,888.8427449911833,409.145526096534,384.4069419471534,10063.320559292415,399.623,
2026_07_21_gym,flight_75,400.0,ok,25,483.9409169629216,0.1556060016155243,120.3984839990735,604.4950069636106,1004.4950069636106,350.14087529535277,304.7755294378249,9985.272430651223,349.671,
2026_07_21_gym,flight_75,430.0,ok,26,503.16169196367264,0.16129200160503387,125.11570700258017,628.4386909678578,1058.4386909678578,264.3994909651342,189.98229684426803,9871.2997955666,333.02049999999997,
2026_07_21_gym,flight_76,150.0,ok,10,192.33804897964,0.11282400041818619,72.81367699801922,265.2645499780774,415.2645499780774,806.086246481788,1045.8693846426813,13836.116682703036,649.39,
2026_07_21_gym,flight_76,200.0,ok,13,250.2283219844103,0.11219500005245209,87.2868190035224,337.62733598798513,537.6273359879851,364.4700758893671,525.3752338898624,13506.242915598932,599.4375000000001,
2026_07_21_gym,flight_76,250.0,ok,16,307.1029139980674,0.12232600152492523,91.06177600473166,398.28701600432396,648.287016004324,220.33136451527298,318.45218301937524,13348.762404250663,549.485,
2026_07_21_gym,flight_76,300.0,ok,19,364.3129989877343,0.13797499239444733,101.26101099699736,465.7119849771261,765.7119849771261,172.09659658327953,244.82584403893586,13309.497770243832,499.5315,
2026_07_21_gym,flight_76,350.0,ok,22,422.3199319988489,0.14666099846363068,113.09798099845648,535.564573995769,885.564573995769,128.70801137417277,167.58652151890885,13270.457448092931,449.57750000000004,
2026_07_21_gym,flight_76,400.0,ok,25,480.02633798867464,0.15731000155210495,116.61871200054884,596.8023599907756,996.8023599907756,139.20582790483212,127.28293402604352,13217.9925835386,399.6245,
2026_07_21_gym,flight_76,430.0,ok,26,498.40702199935913,0.1617179960012436,120.76653400808573,619.3352740034461,1049.335274003446,154.22442250348408,236.51233561075392,13314.464290563874,382.975,
2026_07_21_gym,flight_77,150.0,ok,10,191.38422202318907,0.09730499982833862,73.01617600023746,264.49770302325487,414.49770302325487,550.1723257169405,775.1164773948124,1680.6936884772524,599.4345000000001,
2026_07_21_gym,flight_77,200.0,ok,13,249.06831000745296,0.10750999301671982,87.2916340008378,336.4674540013075,536.4674540013075,221.64454526012582,293.14450682638557,1336.1252849499558,549.4835,
2026_07_21_gym,flight_77,250.0,ok,16,306.3518280237913,0.11702900379896164,91.77226300537586,398.24112003296614,648.2411200329661,208.92821314930666,319.03427364932793,1394.8737168659181,499.533,
2026_07_21_gym,flight_77,300.0,ok,19,363.5247060135007,0.13575299829244614,102.23294699937105,465.8934060111642,765.8934060111642,173.12764330439373,132.37960938336718,1283.1727076906886,449.57500000000005,
2026_07_21_gym,flight_77,350.0,ok,22,421.1386780291796,0.1435679942369461,113.31609199941158,534.5983380228281,884.5983380228281,195.6554258140679,120.84057977667011,1253.1800142818292,399.6265000000001,
2026_07_21_gym,flight_77,400.0,ok,25,478.79532104730606,0.15230999886989594,118.7759360074997,597.7235670536757,997.7235670536757,226.44833744687207,149.2437786019447,1221.873838957604,349.671,
2026_07_21_gym,flight_77,430.0,ok,26,497.6098210439086,0.15773599594831467,123.63454200327396,621.4020990431309,1051.4020990431309,209.77479015420087,113.59217830385391,1237.9285706766163,333.02200000000005,
2026_07_21_gym,flight_78,150.0,ok,10,191.91282799094915,0.09584099799394608,72.72202099859715,264.73068998754025,414.73068998754025,306.17639826783994,391.34438524524353,4258.543588175179,549.489,
2026_07_21_gym,flight_78,200.0,ok,13,249.5734149813652,0.10921300202608109,87.89979900419712,337.5824269875884,537.5824269875884,209.77889640053357,304.10286851099124,4205.64016334346,499.535,
2026_07_21_gym,flight_78,250.0,ok,16,306.4008549749851,0.12151100486516953,88.41795499622822,394.9403209760785,644.9403209760785,167.5104293771005,238.5354361868305,4225.8613585903395,449.5825,
2026_07_21_gym,flight_78,300.0,ok,19,363.26651998609304,0.13234499841928482,101.72593999654055,465.1248049810529,765.1248049810529,137.6235914162887,149.04886663917958,4256.8537608692895,399.628,
2026_07_21_gym,flight_78,350.0,ok,22,421.48795096576214,0.1450129970908165,114.53945699334145,536.1724209561944,886.1724209561944,124.2755759784091,162.24729026456734,4210.363807763096,349.6755,
2026_07_21_gym,flight_78,400.0,ok,25,479.4409699514508,0.1573840007185936,125.95865000039339,605.5570039525628,1005.5570039525628,121.21966716567886,101.05415014059732,4241.190728285169,299.7205,
2026_07_21_gym,flight_78,430.0,ok,26,498.0602109506726,0.15942099690437317,125.27118300646544,623.4908149540424,1053.4908149540424,155.0310852324064,87.11083814597592,4277.5211081530915,283.0705,
2026_07_21_gym,flight_79,150.0,ok,10,192.56787902861834,0.09673099964857101,84.24551899731159,276.9101290255785,426.9101290255785,472.2354961791769,608.817785167278,1723.1012249108708,432.9335000000001,
2026_07_21_gym,flight_79,200.0,ok,13,251.0383130311966,0.10860200226306915,87.34669499844313,338.4936100319028,538.4936100319028,188.11925265608576,179.1479508602627,1525.7318410634423,382.97850000000005,
2026_07_21_gym,flight_79,250.0,ok,16,308.08010602742434,0.11923200637102127,95.62907899171114,403.8284170255065,653.8284170255065,208.5049615846254,179.83086515108087,1514.6577106274706,333.02650000000006,
2026_07_21_gym,flight_79,300.0,ok,19,365.6612220183015,0.1318269968032837,100.99909899383783,466.7921480089426,766.7921480089426,196.77541584501253,156.37748430141414,1545.3194574090753,283.07000000000005,
2026_07_21_gym,flight_79,350.0,ok,22,423.8930070325732,0.14027099311351776,116.23362199217081,540.2669000178576,890.2669000178576,209.64587305707437,112.082158051001,1577.7331175472627,233.11800000000005,
2026_07_21_gym,flight_79,400.0,ok,24,462.73168604820967,0.15117999911308289,126.5091800019145,589.3920460492373,989.3920460492373,214.76007108313894,96.58057646454102,1598.514691636983,199.81550000000004,
2026_07_21_gym,flight_79,430.0,ok,25,481.5667430385947,0.15318000316619873,125.59660000354052,607.3165230453014,1037.3165230453014,214.76007108313894,96.58057646454102,1598.514691636983,166.51400000000004,
2026_07_21_gym,flight_8,150.0,fit_failed,,,,,,,,,,,ransac_fit: no candidate model reached >= min_samples (8) inliers over 3 iterations
2026_07_21_gym,flight_8,200.0,ok,13,248.70039297640324,0.1106019988656044,88.306221999228,337.11721697449684,537.1172169744968,218.2181356768087,360.0364930762065,2867.7326727988616,382.99799999999993,
2026_07_21_gym,flight_8,250.0,ok,16,305.4564749673009,0.12086299806833267,91.75191000849009,397.3292479738593,647.3292479738593,131.57472879305644,208.23874206964985,2962.313080300358,333.0415,
2026_07_21_gym,flight_8,300.0,ok,19,362.3825159743428,0.13243700563907623,107.82522700726986,470.34017998725176,770.3401799872518,77.49730570491724,75.20135159475245,3098.2847424234947,283.0854999999999,
2026_07_21_gym,flight_8,350.0,ok,22,420.4952149987221,0.14786500483751297,128.04533100873232,548.6884110122919,898.6884110122919,76.88302207441335,87.80330024197008,3054.2223407209003,233.12899999999996,
2026_07_21_gym,flight_8,400.0,ok,24,459.1962510049343,0.15003100037574768,120.00357900559902,579.3498610109091,979.3498610109091,69.19768384735738,69.45145039634153,3067.0498451295025,183.17249999999996,
2026_07_21_gym,flight_8,430.0,ok,25,477.9438930004835,0.15438400208950043,127.66383500397205,605.7621120065451,1035.762112006545,67.24907557619137,69.45261794423493,3057.173310714642,166.52049999999997,
2026_07_21_gym,flight_81,150.0,ok,10,190.1056709960103,0.09508299827575684,74.13619900494814,264.3369529992342,414.3369529992342,131.42574562169443,193.71067904885038,4245.715071970753,349.68,
2026_07_21_gym,flight_81,200.0,ok,13,247.81559498608112,0.11278700083494186,87.19959000498056,335.12797199189663,535.1279719918966,153.4587640160764,174.3888918806443,4191.426917717142,299.725,
2026_07_21_gym,flight_81,250.0,ok,16,304.5805139839649,0.11963900178670883,88.47536599636078,393.1755189821124,643.1755189821124,112.274995336368,60.203554127241695,4286.482797500883,249.77100000000002,
2026_07_21_gym,flight_81,300.0,ok,19,361.5848769694567,0.13115999847650528,102.54795600473881,464.263992972672,764.263992972672,97.26045178224176,27.988117127096018,4343.994234016907,199.81700000000004,
2026_07_21_gym,flight_81,350.0,ok,22,419.8099749609828,0.14193900674581528,113.92290399223566,533.8748179599643,883.8748179599643,106.66944752761378,19.141486255319997,4331.597730273822,149.864,
2026_07_21_gym,flight_81,400.0,ok,25,477.7242689654231,0.15345799922943115,124.13956700265408,602.0172939673066,1002.0172939673066,117.83109281299751,23.231987456617546,4305.749577505851,99.90850000000002,
2026_07_21_gym,flight_81,430.0,ok,26,496.12915996462107,0.15669899433851242,125.90534900128841,622.191207960248,1052.191207960248,121.12105046413308,29.06430521901601,4295.818088349301,83.25850000000001,
2026_07_21_gym,flight_82,150.0,ok,10,194.80398599803448,0.0969340056180954,87.59893900901079,282.49985901266336,432.49985901266336,380.06673983681196,613.2001223129491,17934.85738284613,432.93550000000005,
2026_07_21_gym,flight_82,200.0,ok,13,253.53786899149418,0.10874999314546585,88.82471200078726,342.4713309854269,542.4713309854269,293.56882644056253,455.629107724878,17978.942097404022,382.98150000000004,
2026_07_21_gym,flight_82,250.0,ok,16,311.07970498502254,0.11858400702476501,95.62726399302483,406.82555298507214,656.8255529850721,225.59687620539123,173.47529880498124,18145.89438012971,333.028,
2026_07_21_gym,flight_82,300.0,ok,19,368.84176497906446,0.13138200342655182,105.42844599485397,474.401592977345,774.401592977345,192.0398676046257,173.86232892409137,18076.0819056351,283.07250000000005,
2026_07_21_gym,flight_82,350.0,ok,22,427.844373986125,0.14086399972438812,117.03982299566269,545.0250609815121,895.0250609815121,183.56964635157618,117.09712672804076,18093.291486728238,233.11800000000005,
2026_07_21_gym,flight_82,400.0,ok,25,486.7027489989996,0.15106900036334991,125.23386500030756,612.0876829996705,1012.0876829996705,175.53851381465614,77.20590665476198,18100.374235954274,183.16600000000005,
2026_07_21_gym,flight_82,430.0,ok,26,505.66409499943256,0.15914399921894073,124.25596500188112,630.0792040005326,1060.0792040005326,182.83702312275966,44.594229829846675,18129.878445115868,166.51350000000005,
2026_07_21_gym,flight_83,150.0,ok,10,191.89580500870943,0.09761899709701538,77.29958399385214,269.2930079996586,419.2930079996586,424.3283690232375,594.7134339499437,10537.48208322641,516.1945,
2026_07_21_gym,flight_83,200.0,ok,13,249.83009999990463,0.10962099581956863,89.78744399547577,339.72716499119997,539.7271649912,173.89672940130245,252.9954201302552,10337.33914552126,466.24,
2026_07_21_gym,flight_83,250.0,ok,16,306.983346991241,0.11949200183153152,92.47721400111914,399.58005299419165,649.5800529941916,141.84458787913096,212.79096005126667,10329.620011323024,416.28600000000006,
2026_07_21_gym,flight_83,300.0,ok,19,364.0695489794016,0.13082700222730637,101.69712299853563,465.8974989801645,765.8974989801645,136.39353707372368,208.4764622794978,10332.465626195113,366.3315,
2026_07_21_gym,flight_83,350.0,ok,22,422.59028397500515,0.14293799549341202,114.33027299493551,537.0634949654341,887.0634949654341,101.55756502717738,155.04083216920378,10276.918630460379,316.37750000000005,
2026_07_21_gym,flight_83,400.0,ok,25,480.43629498034716,0.15340299904346466,124.5418969988823,605.1315949782729,1005.1315949782729,87.36245163194866,134.58065322067424,10278.899203344681,266.423,
2026_07_21_gym,flight_83,430.0,ok,26,499.4079939723015,0.15456900745630264,125.34557799994946,624.9081409797072,1054.9081409797072,85.50530387593689,130.48255684249816,10282.459408479355,249.772,
2026_07_21_gym,flight_85,150.0,ok,10,191.29239801317453,0.10195299983024597,72.65590400248766,264.05025501549244,414.05025501549244,201.0143200855338,244.12548689405133,11961.578119072228,516.1964999999999,
2026_07_21_gym,flight_85,200.0,ok,13,249.05554902553558,0.10912000387907028,93.09987899661064,342.2645480260253,542.2645480260253,260.93405710360247,365.8644011127067,12098.496103363177,466.24350000000004,
2026_07_21_gym,flight_85,250.0,ok,16,306.11234203726053,0.12156599014997482,96.45702100545168,402.6909290328622,652.6909290328622,253.46427076917666,376.9267989888872,12130.988849476651,416.2885,
2026_07_21_gym,flight_85,300.0,ok,19,363.0826650336385,0.13280799984931946,101.87587899714708,465.0913520306349,765.0913520306349,201.7536338457574,277.52335667085543,12036.959263655268,366.334,
2026_07_21_gym,flight_85,350.0,ok,22,420.86491103470325,0.1434750035405159,113.57728099822998,534.5856670364738,884.5856670364738,169.43487201391656,246.7629907712103,12042.447030447527,316.3795,
2026_07_21_gym,flight_85,400.0,ok,25,478.5694840401411,0.1545499935746193,126.38140900433064,605.1054430380464,1005.1054430380464,160.11171270036547,247.8258517530638,12060.737205830263,266.425,
2026_07_21_gym,flight_85,430.0,ok,26,497.54075702279806,0.15842099487781525,125.8569929972291,623.556171014905,1053.556171014905,176.8011672614623,286.0396988791796,12105.048300500732,249.77300000000002,
2026_07_21_gym,flight_86,150.0,ok,10,190.51370299607515,0.0960640087723732,74.47813600301743,265.08790300786495,415.08790300786495,223.86041904349105,351.0727975716807,2618.9876015799796,382.985,
2026_07_21_gym,flight_86,200.0,ok,13,248.26744497567415,0.107805997133255,87.23103599995375,335.60628697276115,535.6062869727612,192.64401479677554,277.477658967281,2575.559047622336,333.031,
2026_07_21_gym,flight_86,250.0,ok,16,304.7172409966588,0.11813999712467194,92.35644400119781,397.1918249949813,647.1918249949813,177.53722666755974,185.21860591199103,2523.318114087298,283.07550000000003,
2026_07_21_gym,flight_86,300.0,ok,19,361.7805359810591,0.13258600234985352,101.85471100360155,463.7678329870105,763.7678329870105,177.27313369462502,147.71897206378125,2467.2615993452982,233.121,
2026_07_21_gym,flight_86,350.0,ok,22,419.1861749738455,0.1422709971666336,119.39959999918938,538.7280459702015,888.7280459702015,167.73753344214222,117.34691133353523,2422.2530215040615,183.1665,
2026_07_21_gym,flight_86,400.0,ok,25,477.1370279714465,0.15153200924396515,132.9399769976735,610.228536978364,1010.228536978364,154.11222025087935,88.84902952398792,2420.2353462676747,133.212,
2026_07_21_gym,flight_86,430.0,ok,26,495.59531196951866,0.16179199516773224,132.28912500292063,628.046228967607,1058.046228967607,164.7271119697616,112.47384042609308,2422.9179719308886,116.5605,
2026_07_21_gym,flight_87,150.0,ok,10,194.19141100347042,0.09578600525856018,72.82806699723005,267.11526400595903,417.11526400595903,345.26532673876045,501.04351651042396,10357.28979361469,532.85,
2026_07_21_gym,flight_87,200.0,ok,13,253.00274398177862,0.10823099315166473,89.13309000432491,342.2440649792552,542.2440649792552,195.84114041416242,101.02043410874413,10729.374623133464,482.8950000000001,
2026_07_21_gym,flight_87,250.0,ok,16,310.6312719658017,0.1211400032043457,93.27183800935745,404.0242499783635,654.0242499783635,166.89401671763227,158.11210590702478,10623.90249106555,432.94050000000004,
2026_07_21_gym,flight_87,300.0,ok,19,368.45876295119524,0.1320670023560524,102.35273500531912,470.9435649588704,770.9435649588704,164.46977869167108,61.60515884706939,10700.808384113934,382.98550000000006,
2026_07_21_gym,flight_87,350.0,ok,22,427.4235929325223,0.14427199959754944,114.0479149967432,541.615779928863,891.615779928863,157.14604132517013,106.52186226338193,10645.791140649417,333.03150000000005,
2026_07_21_gym,flight_87,400.0,ok,25,486.2239819318056,0.15414299070835114,125.4650699943304,611.8431949168444,1011.8431949168444,166.6783568014177,75.08917901243439,10688.744038330567,283.076,
2026_07_21_gym,flight_87,430.0,ok,26,505.938059926033,0.15845800191164017,125.99609800428152,632.0926159322262,1062.0926159322262,160.73777935820414,38.53593123962098,10709.349962255777,266.425,
2026_07_21_gym,flight_9,150.0,ok,10,193.9883909970522,0.09791599959135056,73.33299900591373,267.4193060025573,417.4193060025573,125.53607279522511,151.17637381016397,9240.292942409294,516.2135,
2026_07_21_gym,flight_9,200.0,ok,13,252.64326801896095,0.10926900058984756,88.49159099906683,341.24412801861763,541.2441280186176,105.84561506909371,88.09955711390512,9323.677863075527,466.25649999999996,
2026_07_21_gym,flight_9,250.0,ok,16,310.6691640242934,0.1224920004606247,92.30086499452591,403.09252101927996,653.09252101928,123.16344654314402,111.55968329691763,9343.79217145623,416.30099999999993,
2026_07_21_gym,flight_9,300.0,ok,19,368.56595703214407,0.1353820040822029,103.50411300361156,472.20545203983784,772.2054520398378,111.34506752186557,94.9119133180642,9313.923534175232,366.3445,
2026_07_21_gym,flight_9,350.0,ok,22,427.26283603161573,0.14518000930547714,114.97556999325752,542.3835860341787,892.3835860341787,94.38694849112478,74.62096743988423,9291.30401195947,316.38849999999996,
2026_07_21_gym,flight_9,400.0,ok,25,486.4824490174651,0.1521250084042549,118.49993000179529,605.1345040276647,1005.1345040276647,74.9180026867645,66.84005199727947,9258.477239069942,266.43199999999996,
2026_07_21_gym,flight_9,430.0,ok,26,505.6267360076308,0.15649499744176865,125.43417800217867,631.2174090072513,1061.2174090072513,86.7144630467536,55.24128401857215,9289.886290334758,249.77999999999994,
2026_07_21_gym,flight_90,150.0,ok,9,172.99316798895597,0.09161899983882904,84.98506399989128,258.0698509886861,408.0698509886861,127.91426660885323,195.69769231685063,742.2358632863251,599.4635000000001,
2026_07_21_gym,flight_90,200.0,ok,12,230.70135197788477,0.10793599486351013,93.89014999568462,324.6994379684329,524.6994379684329,73.9535889326678,139.70120251914722,676.6569749279512,549.509,
2026_07_21_gym,flight_90,250.0,ok,15,287.9280469864607,0.11965799331665039,97.09539100527763,385.14309598505497,635.143095985055,126.62535523153966,161.73887759005427,691.1059754809053,499.5535,
2026_07_21_gym,flight_90,300.0,ok,18,345.0784579887986,0.1300479993224144,103.18317800015211,448.39168398827314,748.3916839882731,126.52606302640754,143.50296335111514,663.9239995217544,449.59900000000005,
2026_07_21_gym,flight_90,350.0,ok,21,402.9655089825392,0.14240200072526932,118.50107800215483,521.6089889854193,871.6089889854193,134.82252244445843,141.50155862727223,659.9096321003865,399.64050000000003,
2026_07_21_gym,flight_90,400.0,ok,24,460.7054919824004,0.1519389972090721,118.69502100348473,579.5524519830942,979.5524519830942,93.71756739321157,66.7452791119785,607.9621755059301,349.686,
2026_07_21_gym,flight_90,430.0,ok,25,479.480709977448,0.15462499856948853,125.25284899771214,604.8881839737296,1034.8881839737296,107.23081370009407,84.49696949230413,611.047717140573,333.03350000000006,
2026_07_21_gym,flight_91,150.0,fit_failed,,,,,,,,,,,ransac_fit: no candidate model reached >= min_samples (8) inliers over 3 iterations
2026_07_21_gym,flight_91,200.0,ok,13,247.33973597735167,0.11043599992990494,86.88935900479555,334.3395309820771,534.3395309820771,1003.5362243970432,695.3864892232515,4531.570537759042,1099.011,
2026_07_21_gym,flight_91,250.0,ok,16,303.78601198643446,0.12034399807453156,91.42513999342918,395.3314959779382,645.3314959779382,254.3550553025946,197.30700805592136,4981.201483958565,1049.0555,
2026_07_21_gym,flight_91,300.0,ok,19,360.54226099699736,0.13536400347948074,101.66204600781202,462.33967100828886,762.3396710082889,206.76950390933467,174.09557997322574,4863.669864864999,999.102,
2026_07_21_gym,flight_91,350.0,ok,21,398.6547659933567,0.14056800305843353,127.74263800680637,526.5379720032215,876.5379720032215,184.28397809188576,152.77444503872005,4870.07771675788,949.146,
2026_07_21_gym,flight_91,400.0,ok,24,455.7875480055809,0.1534390076994896,141.1399649977684,597.0809520110488,997.0809520110488,158.57844664504924,136.4240412771771,4856.310382851199,899.1914999999999,
2026_07_21_gym,flight_91,430.0,ok,25,474.36812099814415,0.1567539945244789,142.44972699135542,616.974601984024,1046.974601984024,55.912909225028955,69.0290118884245,4963.675961486233,882.5395,
2026_07_21_gym,flight_92,150.0,fit_failed,,,,,,,,,,,ransac_fit: no candidate model reached >= min_samples (8) inliers over 3 iterations
2026_07_21_gym,flight_92,200.0,ok,13,248.1706779897213,0.1143060028553009,87.24113000184298,335.5261139944196,535.5261139944196,154.7917361575874,115.94895266875035,11834.215336282461,1082.343,
2026_07_21_gym,flight_92,250.0,ok,16,304.4942219927907,0.12267699837684631,95.34047999978065,399.9573789909482,649.9573789909482,149.73276929981225,121.70152695894197,11900.01627786057,1032.401,
2026_07_21_gym,flight_92,300.0,ok,18,342.25102899968624,0.13114099204540253,102.0271699950099,444.40933998674154,744.4093399867415,595.8210146941451,430.49265193763057,11582.278482707614,999.0980000000001,
2026_07_21_gym,flight_92,350.0,ok,21,399.7401570081711,0.14038200676441193,128.40284300595522,528.2833820208907,878.2833820208907,103.30016897312898,90.24897175137974,11870.562912938627,932.4920000000001,
2026_07_21_gym,flight_92,400.0,ok,24,457.26414000988007,0.15564300119876862,142.360126003623,599.7799090147018,999.7799090147018,108.20186077515734,94.67858125858075,11881.089072877778,882.5325,
2026_07_21_gym,flight_92,430.0,ok,25,475.5616690143943,0.1548829898238182,147.4806249961257,623.1971770003438,1053.1971770003438,94.6312746808509,83.87538381364595,11867.551125103784,865.8829999999999,
2026_07_21_gym,flight_93,150.0,fit_failed,,,,,,,,,,,ransac_fit: no candidate model reached >= min_samples (8) inliers over 3 iterations
2026_07_21_gym,flight_93,200.0,fit_failed,,,,,,,,,,,ransac_fit: no candidate model reached >= min_samples (8) inliers over 3 iterations
2026_07_21_gym,flight_93,250.0,ok,13,249.4589750021696,0.111565001308918,102.78701300173998,352.3575530052185,602.3575530052185,301.3946359434964,254.0628608176831,5636.121233863361,1082.363,
2026_07_21_gym,flight_93,300.0,ok,16,306.3194359987974,0.12408499419689178,109.63049500435591,416.0740159973502,716.0740159973502,356.435995343459,288.9890305506819,5574.050806344258,1032.408,
2026_07_21_gym,flight_93,350.0,ok,18,344.3958649933338,0.1295669972896576,126.9784240052104,471.5038559958339,821.5038559958339,370.6248713666967,303.64240823458545,5579.314450167012,982.4520000000001,
2026_07_21_gym,flight_93,400.0,ok,21,401.8591009825468,0.14304900169372559,144.17743200808764,546.1795819923282,946.1795819923282,270.097709858541,233.10424014937576,5632.611522733308,932.4970000000001,
2026_07_21_gym,flight_93,430.0,ok,22,420.4661199823022,0.145067997276783,152.07039300352335,572.6815809831023,1002.6815809831023,222.43228847390662,197.79821139868142,5663.419084473023,915.8444999999999,
2026_07_21_gym,flight_94,150.0,ok,10,190.32991203665733,0.0976559966802597,80.95014099776745,271.37770903110504,421.37770903110504,462.4391959210233,221.8696051054719,2397.5990182006044,1265.5330000000001,
2026_07_21_gym,flight_94,200.0,ok,13,248.10906603187323,0.10821299999952316,88.7487979978323,336.96607702970505,536.966077029705,517.2276514853347,256.19155215984387,2391.6715695609214,1215.579,
2026_07_21_gym,flight_94,250.0,ok,16,304.8451100066304,0.12062199413776398,97.03931200504303,402.0050440058112,652.0050440058112,254.59338886667112,90.3882764885591,2464.613145264567,1165.623,
2026_07_21_gym,flight_94,300.0,ok,19,361.9465550109744,0.1463650017976761,115.71202199906111,477.8049420118332,777.8049420118332,222.07120600817757,75.35145503193439,2483.1300860674914,1115.6685,
2026_07_21_gym,flight_94,350.0,ok,22,420.24649300426245,0.1414569988846779,122.41973199695349,542.8076820001006,892.8076820001006,193.9071156793665,56.002293141190826,2499.4208748429564,1065.7130000000002,
2026_07_21_gym,flight_94,400.0,ok,25,478.07942801713943,0.1531430035829544,125.26112699508667,603.4936980158091,1003.4936980158091,124.83951305827017,39.638197196051664,2541.2851892432973,1015.7579999999999,
2026_07_21_gym,flight_94,430.0,ok,26,496.53495202213526,0.1584949940443039,131.84843800216913,628.5418850183487,1058.5418850183487,178.75032158571491,157.29302215924181,2602.3909544265043,999.1065000000001,
2026_07_21_gym,flight_95,150.0,ok,10,191.3163080215454,0.5375459939241409,97.4319010078907,289.28575502336025,439.28575502336025,443.57464302149816,257.64313153867045,334.2578998608834,1265.5355,
2026_07_21_gym,flight_95,200.0,ok,13,249.1708180308342,0.10975100100040436,87.81971699744463,337.10028602927923,537.1002860292792,343.40908238719084,191.76360179814574,376.4293016793039,1215.5800000000002,
2026_07_21_gym,flight_95,250.0,ok,16,306.05826304107904,0.12464000284671783,96.32832500338554,402.5112280473113,652.5112280473113,319.83135326135846,186.26987695370005,320.5011319963177,1165.6245000000001,
2026_07_21_gym,flight_95,300.0,ok,19,363.4401770606637,0.13514100015163422,115.71685599535704,479.29217405617237,779.2921740561724,358.8962691450832,210.36609228730043,308.99830781146414,1115.6695000000002,
2026_07_21_gym,flight_95,350.0,ok,22,421.0510560646653,0.145067997276783,135.8223009929061,557.0184250548482,907.0184250548482,260.01864902910563,143.48174867906133,323.1738092162467,1065.7135,
2026_07_21_gym,flight_95,400.0,ok,25,479.0830640643835,0.15812499076128006,141.3669290021062,620.608118057251,1020.608118057251,251.5937245427811,137.13138639756718,353.45759782868197,1015.7590000000001,
2026_07_21_gym,flight_95,430.0,ok,26,497.7733510583639,0.16169899702072144,151.1117359995842,649.0467860549688,1079.0467860549688,281.1640002406793,152.37180132455302,368.956745609792,999.1065000000001,
2026_07_21_gym,flight_96,150.0,ok,10,190.72568602859974,0.5024509951472282,75.12035899609327,266.34849601984024,416.34849601984024,429.1052540311068,299.0579279408022,6207.714185030266,1132.322,
2026_07_21_gym,flight_96,200.0,ok,13,248.40449701994658,0.10947200655937195,87.14049099385738,335.65446002036333,535.6544600203633,364.0670606666487,257.6344845404927,6236.828831910112,1082.367,
2026_07_21_gym,flight_96,250.0,ok,16,304.8236800134182,0.12130700796842575,92.33009000867605,397.2750770300627,647.2750770300627,285.0225615054706,229.97021341068674,6118.9815969277115,1032.411,
2026_07_21_gym,flight_96,300.0,ok,19,361.6811960116029,0.13214099407196045,102.59271901100874,464.4060560166836,764.4060560166836,244.77026597735298,195.61238826047114,6145.857797135722,982.456,
2026_07_21_gym,flight_96,350.0,ok,21,400.1397500038147,0.1428079977631569,128.28325900435448,528.5658170059323,878.5658170059323,234.85961752747392,190.18275141663852,6136.358585874876,932.5005,
2026_07_21_gym,flight_96,400.0,ok,24,458.0103549808264,0.15051300078630447,141.01136100292206,599.1722289845347,999.1722289845347,197.27938051814684,165.6290789475503,6157.411198181863,882.5455,
2026_07_21_gym,flight_96,430.0,ok,25,476.2996619865298,0.1581989973783493,149.03235200047493,625.4902129843831,1055.490212984383,179.96213493272913,148.68104466244594,6167.496139486622,865.8934999999999,
2026_07_21_gym,flight_97,150.0,ok,10,190.91231401264668,0.10047200322151184,73.53311000019312,264.5458960160613,414.5458960160613,528.2827777545767,391.69659514401695,10512.640698241661,1065.717,
2026_07_21_gym,flight_97,200.0,ok,13,248.39906900376081,0.11082400381565094,89.43991300463676,337.94980601221323,537.9498060122132,545.438492096269,403.0556215124869,10531.023378649488,1015.7610000000001,
2026_07_21_gym,flight_97,250.0,ok,16,304.79676800221205,0.12171400338411331,91.4357530027628,396.35423500835896,646.354235008359,337.32610651381697,251.62635793124696,10491.31324235528,965.806,
2026_07_21_gym,flight_97,300.0,ok,19,361.7233660146594,0.13603000342845917,102.75877100229263,464.6181670203805,764.6181670203805,185.05811954196784,159.07154592733207,10370.107176840094,915.8505000000001,
2026_07_21_gym,flight_97,350.0,ok,22,419.27253602445126,0.1470309942960739,123.35086800158024,542.7704350203276,892.7704350203276,161.70956351496898,140.87913727582344,10377.856767131354,865.8945,
2026_07_21_gym,flight_97,400.0,ok,25,476.6645630225539,0.15429100394248962,142.7061190009117,619.5249730274081,1019.5249730274081,155.98058452890578,134.3557427242707,10385.394181642167,815.9395000000001,
2026_07_21_gym,flight_97,430.0,ok,26,495.31332602351904,0.1634959951043129,144.2347519993782,639.7115740180016,1069.7115740180016,150.3064644709851,128.18675628898922,10389.800807753105,799.288,
2026_07_21_gym,flight_98,150.0,fit_failed,,,,,,,,,,,ransac_fit: no candidate model reached >= min_samples (8) inliers over 3 iterations
2026_07_21_gym,flight_98,200.0,ok,12,230.32577896118164,0.1061210110783577,88.67573600262403,319.10763597488403,519.107635974884,140.28398287646297,59.12592927191619,7331.209244197555,1132.3245,
2026_07_21_gym,flight_98,250.0,ok,15,287.57810896635056,0.11875099688768387,92.39565099775791,380.09251096099615,630.0925109609962,55.83078218530678,44.41038283982298,7285.820785558806,1082.3690000000001,
2026_07_21_gym,flight_98,300.0,ok,18,344.51133696734905,0.12912200391292572,103.21099399775267,447.85145296901464,747.8514529690146,65.198261498971,87.53619320639551,7245.604672909114,1032.4135,
2026_07_21_gym,flight_98,350.0,ok,21,402.19459296017885,0.14267899841070175,128.13552299886942,530.472794957459,880.472794957459,107.74260756625398,127.1704379741331,7208.639958646312,982.4580000000001,
2026_07_21_gym,flight_98,400.0,ok,23,440.25090896338224,0.1491980031132698,140.2733160033822,580.6734229698777,980.6734229698777,37.40945242947944,77.61910191089257,7250.641830001076,949.155,
2026_07_21_gym,flight_98,430.0,ok,24,458.9829569607973,0.15438400208950043,141.00645300000906,600.1437939628959,1030.1437939628959,22.610349770168565,64.23993221383296,7260.878373925641,915.851,
2026_07_21_gym,flight_99,150.0,ok,10,190.71911299228668,0.09874899685382843,73.14848299324512,263.96634498238564,413.96634498238564,665.1950653052065,463.89405839378855,7131.48303991349,1165.6299999999999,
2026_07_21_gym,flight_99,200.0,ok,11,209.84141799807549,0.10510199517011642,88.82158199697733,298.76810199022293,498.76810199022293,509.6202474726469,360.99967655333296,7044.57979210611,1132.326,
2026_07_21_gym,flight_99,250.0,ok,14,266.55499701201916,0.11519500613212585,96.29537699371576,362.96556901186705,612.965569011867,151.45445868450187,118.706310536813,6861.595677559408,1065.7179999999998,
2026_07_21_gym,flight_99,300.0,ok,17,323.5437100380659,0.12519599497318268,99.38899700343609,423.0579030364752,723.0579030364752,121.82957482854295,98.20184703794786,6857.560483551175,1015.7639999999999,
2026_07_21_gym,flight_99,350.0,ok,20,380.89865804463625,0.13819699734449387,129.37203799933195,510.4088930413127,860.4088930413127,52.06911967969391,61.83527598671714,6866.154524840978,965.807,
2026_07_21_gym,flight_99,400.0,ok,23,438.5245000422001,0.15027200430631638,146.3253399953246,585.000112041831,985.000112041831,29.680393237001326,38.74527394113462,6858.277549868318,915.8530000000001,
2026_07_21_gym,flight_99,430.0,ok,24,457.0297320410609,0.1546429991722107,145.15994299948215,602.3443180397153,1032.3443180397153,21.56139641029602,38.542660340044165,6860.392562493458,899.1995,
