session,flight,flight_id,cls,window_ms,D_mm,ref_row,ref_col,pred_row,pred_col,match,cy_ref,cz_ref,cy_own,cz_own
2026_07_15_gym,flight_17,2026_07_15_gym/flight_17,SHORT,400,200,12,16,12,15,False,308.7450,2440.2234,134.8920,2493.4231
2026_07_15_gym,flight_33,2026_07_15_gym/flight_33,SHORT,400,200,6,18,6,17,False,847.5983,1336.5944,621.4942,1345.7319
2026_07_15_gym,flight_52,2026_07_15_gym/flight_52,SHORT,400,200,4,16,4,16,True,445.2437,941.9632,347.3195,940.8320
2026_07_15_gym,flight_53,2026_07_15_gym/flight_53,SHORT,400,200,3,19,3,18,False,917.7359,670.0211,836.3495,669.3727
2026_07_15_gym,flight_56,2026_07_15_gym/flight_56,SHORT,400,200,4,16,4,16,True,302.9030,813.1907,318.9548,818.6406
2026_07_15_gym,flight_60,2026_07_15_gym/flight_60,SHORT,400,200,3,16,3,16,True,382.5731,758.5657,372.5464,772.2927
2026_07_21_gym,flight_11,2026_07_21_gym/flight_11,SHORT,400,200,2,22,3,21,False,1566.3291,588.2383,1445.3253,601.3017
2026_07_21_gym,flight_115,2026_07_21_gym/flight_115,SHORT,400,200,6,18,6,18,True,838.2266,1343.1434,754.0289,1202.7389
2026_07_21_gym,flight_118,2026_07_21_gym/flight_118,SHORT,400,200,5,16,4,15,False,431.5127,1095.3220,256.1919,881.1421
2026_07_21_gym,flight_119,2026_07_21_gym/flight_119,SHORT,400,200,3,18,3,18,True,727.0311,708.7948,760.4864,753.1441
2026_07_21_gym,flight_12,2026_07_21_gym/flight_12,SHORT,400,200,3,19,2,19,False,1027.2504,648.6292,1009.3778,594.6157
2026_07_21_gym,flight_13,2026_07_21_gym/flight_13,SHORT,400,200,4,18,4,19,False,867.3622,928.8121,927.8650,946.9908
2026_07_21_gym,flight_14,2026_07_21_gym/flight_14,SHORT,400,200,2,20,2,20,True,1175.1617,451.7246,1167.6671,443.6412
2026_07_21_gym,flight_15,2026_07_21_gym/flight_15,SHORT,400,200,7,18,7,18,True,733.3937,1442.5177,731.6165,1478.0702
2026_07_21_gym,flight_16,2026_07_21_gym/flight_16,SHORT,400,200,2,18,2,18,True,733.0109,488.5736,823.7589,487.8313
2026_07_21_gym,flight_18,2026_07_21_gym/flight_18,SHORT,400,200,1,12,1,13,False,-361.3933,337.4237,-163.1844,335.5473
2026_07_21_gym,flight_19,2026_07_21_gym/flight_19,SHORT,400,200,4,16,3,16,False,389.2905,814.9237,312.1014,790.7951
2026_07_21_gym,flight_2,2026_07_21_gym/flight_2,SHORT,400,200,1,18,1,18,True,799.9221,304.5992,786.0494,292.6255
2026_07_21_gym,flight_20,2026_07_21_gym/flight_20,SHORT,400,200,5,17,5,17,True,659.4521,1034.7235,684.9977,1037.1535
2026_07_21_gym,flight_3,2026_07_21_gym/flight_3,SHORT,400,200,6,15,6,15,True,197.6076,1256.7685,190.1627,1210.3650
2026_07_21_gym,flight_54,2026_07_21_gym/flight_54,SHORT,400,200,7,16,7,16,True,443.1584,1474.4993,444.0597,1428.6962
2026_07_21_gym,flight_6,2026_07_21_gym/flight_6,SHORT,400,200,3,16,3,16,True,343.7293,797.8586,331.8106,795.7426
2026_07_21_gym,flight_61,2026_07_21_gym/flight_61,SHORT,400,200,2,21,2,20,False,1335.9711,523.3557,1285.9749,490.3761
2026_07_21_gym,flight_62,2026_07_21_gym/flight_62,SHORT,400,200,6,17,6,17,True,672.4618,1340.2053,662.4891,1319.3270
2026_07_21_gym,flight_63,2026_07_21_gym/flight_63,SHORT,400,200,4,17,3,17,False,625.2754,830.7890,505.3223,793.4264
2026_07_21_gym,flight_64,2026_07_21_gym/flight_64,SHORT,400,200,6,15,5,15,False,245.2022,1217.3062,157.9781,1184.7168
2026_07_21_gym,flight_65,2026_07_21_gym/flight_65,SHORT,400,200,2,16,2,16,True,432.1015,585.2489,461.9271,552.5619
2026_07_21_gym,flight_66,2026_07_21_gym/flight_66,SHORT,400,200,1,16,1,15,False,299.8348,328.8815,273.4509,295.9737
2026_07_21_gym,flight_68,2026_07_21_gym/flight_68,SHORT,400,200,5,21,4,21,False,1356.5307,1058.9734,1326.3498,999.9823
2026_07_21_gym,flight_69,2026_07_21_gym/flight_69,SHORT,400,200,7,17,6,16,False,571.7132,1400.1898,416.0917,1392.2565
2026_07_21_gym,flight_70,2026_07_21_gym/flight_70,SHORT,400,200,3,17,3,17,True,602.1815,658.0310,604.4305,627.6367
2026_07_21_gym,flight_72,2026_07_21_gym/flight_72,SHORT,400,200,3,17,3,17,True,494.1916,723.2996,498.1310,685.5239
2026_07_21_gym,flight_73,2026_07_21_gym/flight_73,SHORT,400,200,5,20,5,20,True,1254.4479,1195.7443,1245.9292,1121.8885
2026_07_21_gym,flight_74,2026_07_21_gym/flight_74,SHORT,400,200,6,22,6,22,True,1662.5648,1325.1526,1544.1986,1284.5865
2026_07_21_gym,flight_75,2026_07_21_gym/flight_75,SHORT,400,200,4,20,4,21,False,1184.5493,923.7531,1311.1714,884.6287
2026_07_21_gym,flight_76,2026_07_21_gym/flight_76,SHORT,400,200,3,19,3,18,False,911.2153,768.3044,850.7364,735.0598
2026_07_21_gym,flight_77,2026_07_21_gym/flight_77,SHORT,400,200,3,20,3,20,True,1189.7401,688.4005,1247.0498,618.1018
2026_07_21_gym,flight_78,2026_07_21_gym/flight_78,SHORT,400,200,4,19,4,18,False,906.2568,910.7785,849.8547,878.9837
2026_07_21_gym,flight_79,2026_07_21_gym/flight_79,SHORT,400,200,3,18,2,18,False,778.0716,637.5441,815.3656,598.7719
2026_07_21_gym,flight_82,2026_07_21_gym/flight_82,SHORT,400,200,2,19,2,18,False,915.9401,560.9865,871.5576,541.0036
2026_07_21_gym,flight_83,2026_07_21_gym/flight_83,SHORT,400,200,4,17,4,17,True,660.0392,856.1106,631.8994,818.4894
2026_07_21_gym,flight_85,2026_07_21_gym/flight_85,SHORT,400,200,6,15,6,14,False,158.1972,1240.7068,65.1827,1229.3767
2026_07_21_gym,flight_86,2026_07_21_gym/flight_86,SHORT,400,200,2,17,2,17,True,612.0492,441.9894,611.5382,449.1892
2026_07_21_gym,flight_87,2026_07_21_gym/flight_87,SHORT,400,200,4,19,4,19,True,1042.5758,993.5857,1020.3998,969.8905
2026_07_21_gym,flight_88,2026_07_21_gym/flight_88,SHORT,400,200,6,24,6,25,False,2083.9896,1265.8176,2213.9141,1223.5557
2026_07_21_gym,flight_9,2026_07_21_gym/flight_9,SHORT,400,200,4,18,4,18,True,728.3020,842.0407,701.8525,818.8646
2026_07_21_gym,flight_90,2026_07_21_gym/flight_90,SHORT,400,200,4,17,4,16,False,495.6103,975.1517,476.3054,964.1369
2026_07_15_gym,flight_17,2026_07_15_gym/flight_17,SHORT,400,250,9,12,9,12,True,308.7450,2440.2234,134.8920,2493.4231
2026_07_15_gym,flight_33,2026_07_15_gym/flight_33,SHORT,400,250,5,15,5,14,False,847.5983,1336.5944,621.4942,1345.7319
2026_07_15_gym,flight_52,2026_07_15_gym/flight_52,SHORT,400,250,3,13,3,13,True,445.2437,941.9632,347.3195,940.8320
2026_07_15_gym,flight_53,2026_07_15_gym/flight_53,SHORT,400,250,2,15,2,14,False,917.7359,670.0211,836.3495,669.3727
2026_07_15_gym,flight_56,2026_07_15_gym/flight_56,SHORT,400,250,3,12,3,12,True,302.9030,813.1907,318.9548,818.6406
2026_07_15_gym,flight_60,2026_07_15_gym/flight_60,SHORT,400,250,3,13,3,13,True,382.5731,758.5657,372.5464,772.2927
2026_07_21_gym,flight_11,2026_07_21_gym/flight_11,SHORT,400,250,2,17,2,17,True,1566.3291,588.2383,1445.3253,601.3017
2026_07_21_gym,flight_115,2026_07_21_gym/flight_115,SHORT,400,250,5,14,4,14,False,838.2266,1343.1434,754.0289,1202.7389
2026_07_21_gym,flight_118,2026_07_21_gym/flight_118,SHORT,400,250,4,13,3,12,False,431.5127,1095.3220,256.1919,881.1421
2026_07_21_gym,flight_119,2026_07_21_gym/flight_119,SHORT,400,250,2,14,3,14,False,727.0311,708.7948,760.4864,753.1441
2026_07_21_gym,flight_12,2026_07_21_gym/flight_12,SHORT,400,250,2,15,2,15,True,1027.2504,648.6292,1009.3778,594.6157
2026_07_21_gym,flight_13,2026_07_21_gym/flight_13,SHORT,400,250,3,15,3,15,True,867.3622,928.8121,927.8650,946.9908
2026_07_21_gym,flight_14,2026_07_21_gym/flight_14,SHORT,400,250,1,16,1,16,True,1175.1617,451.7246,1167.6671,443.6412
2026_07_21_gym,flight_15,2026_07_21_gym/flight_15,SHORT,400,250,5,14,5,14,True,733.3937,1442.5177,731.6165,1478.0702
2026_07_21_gym,flight_16,2026_07_21_gym/flight_16,SHORT,400,250,1,14,1,14,True,733.0109,488.5736,823.7589,487.8313
2026_07_21_gym,flight_18,2026_07_21_gym/flight_18,SHORT,400,250,1,10,1,10,True,-361.3933,337.4237,-163.1844,335.5473
2026_07_21_gym,flight_19,2026_07_21_gym/flight_19,SHORT,400,250,3,13,3,12,False,389.2905,814.9237,312.1014,790.7951
2026_07_21_gym,flight_2,2026_07_21_gym/flight_2,SHORT,400,250,1,14,1,14,True,799.9221,304.5992,786.0494,292.6255
2026_07_21_gym,flight_20,2026_07_21_gym/flight_20,SHORT,400,250,4,14,4,14,True,659.4521,1034.7235,684.9977,1037.1535
2026_07_21_gym,flight_3,2026_07_21_gym/flight_3,SHORT,400,250,5,12,4,12,False,197.6076,1256.7685,190.1627,1210.3650
2026_07_21_gym,flight_54,2026_07_21_gym/flight_54,SHORT,400,250,5,13,5,13,True,443.1584,1474.4993,444.0597,1428.6962
2026_07_21_gym,flight_6,2026_07_21_gym/flight_6,SHORT,400,250,3,13,3,12,False,343.7293,797.8586,331.8106,795.7426
2026_07_21_gym,flight_61,2026_07_21_gym/flight_61,SHORT,400,250,2,16,1,16,False,1335.9711,523.3557,1285.9749,490.3761
2026_07_21_gym,flight_62,2026_07_21_gym/flight_62,SHORT,400,250,5,14,5,14,True,672.4618,1340.2053,662.4891,1319.3270
2026_07_21_gym,flight_63,2026_07_21_gym/flight_63,SHORT,400,250,3,14,3,13,False,625.2754,830.7890,505.3223,793.4264
2026_07_21_gym,flight_64,2026_07_21_gym/flight_64,SHORT,400,250,4,12,4,12,True,245.2022,1217.3062,157.9781,1184.7168
2026_07_21_gym,flight_65,2026_07_21_gym/flight_65,SHORT,400,250,2,13,2,13,True,432.1015,585.2489,461.9271,552.5619
2026_07_21_gym,flight_66,2026_07_21_gym/flight_66,SHORT,400,250,1,12,1,12,True,299.8348,328.8815,273.4509,295.9737
2026_07_21_gym,flight_68,2026_07_21_gym/flight_68,SHORT,400,250,4,17,3,16,False,1356.5307,1058.9734,1326.3498,999.9823
2026_07_21_gym,flight_69,2026_07_21_gym/flight_69,SHORT,400,250,5,13,5,13,True,571.7132,1400.1898,416.0917,1392.2565
2026_07_21_gym,flight_70,2026_07_21_gym/flight_70,SHORT,400,250,2,14,2,14,True,602.1815,658.0310,604.4305,627.6367
2026_07_21_gym,flight_72,2026_07_21_gym/flight_72,SHORT,400,250,2,13,2,13,True,494.1916,723.2996,498.1310,685.5239
2026_07_21_gym,flight_73,2026_07_21_gym/flight_73,SHORT,400,250,4,16,4,16,True,1254.4479,1195.7443,1245.9292,1121.8885
2026_07_21_gym,flight_74,2026_07_21_gym/flight_74,SHORT,400,250,5,18,5,17,False,1662.5648,1325.1526,1544.1986,1284.5865
2026_07_21_gym,flight_75,2026_07_21_gym/flight_75,SHORT,400,250,3,16,3,16,True,1184.5493,923.7531,1311.1714,884.6287
2026_07_21_gym,flight_76,2026_07_21_gym/flight_76,SHORT,400,250,3,15,2,15,False,911.2153,768.3044,850.7364,735.0598
2026_07_21_gym,flight_77,2026_07_21_gym/flight_77,SHORT,400,250,2,16,2,16,True,1189.7401,688.4005,1247.0498,618.1018
2026_07_21_gym,flight_78,2026_07_21_gym/flight_78,SHORT,400,250,3,15,3,15,True,906.2568,910.7785,849.8547,878.9837
2026_07_21_gym,flight_79,2026_07_21_gym/flight_79,SHORT,400,250,2,14,2,14,True,778.0716,637.5441,815.3656,598.7719
2026_07_21_gym,flight_82,2026_07_21_gym/flight_82,SHORT,400,250,2,15,2,15,True,915.9401,560.9865,871.5576,541.0036
2026_07_21_gym,flight_83,2026_07_21_gym/flight_83,SHORT,400,250,3,14,3,14,True,660.0392,856.1106,631.8994,818.4894
2026_07_21_gym,flight_85,2026_07_21_gym/flight_85,SHORT,400,250,4,12,4,11,False,158.1972,1240.7068,65.1827,1229.3767
2026_07_21_gym,flight_86,2026_07_21_gym/flight_86,SHORT,400,250,1,14,1,14,True,612.0492,441.9894,611.5382,449.1892
2026_07_21_gym,flight_87,2026_07_21_gym/flight_87,SHORT,400,250,3,15,3,15,True,1042.5758,993.5857,1020.3998,969.8905
2026_07_21_gym,flight_88,2026_07_21_gym/flight_88,SHORT,400,250,5,19,4,20,False,2083.9896,1265.8176,2213.9141,1223.5557
2026_07_21_gym,flight_9,2026_07_21_gym/flight_9,SHORT,400,250,3,14,3,14,True,728.3020,842.0407,701.8525,818.8646
2026_07_21_gym,flight_90,2026_07_21_gym/flight_90,SHORT,400,250,3,13,3,13,True,495.6103,975.1517,476.3054,964.1369
2026_07_15_gym,flight_17,2026_07_15_gym/flight_17,SHORT,400,300,8,10,8,10,True,308.7450,2440.2234,134.8920,2493.4231
2026_07_15_gym,flight_33,2026_07_15_gym/flight_33,SHORT,400,300,4,12,4,11,False,847.5983,1336.5944,621.4942,1345.7319
2026_07_15_gym,flight_52,2026_07_15_gym/flight_52,SHORT,400,300,3,11,3,10,False,445.2437,941.9632,347.3195,940.8320
2026_07_15_gym,flight_53,2026_07_15_gym/flight_53,SHORT,400,300,2,12,2,12,True,917.7359,670.0211,836.3495,669.3727
2026_07_15_gym,flight_56,2026_07_15_gym/flight_56,SHORT,400,300,2,10,2,10,True,302.9030,813.1907,318.9548,818.6406
2026_07_15_gym,flight_60,2026_07_15_gym/flight_60,SHORT,400,300,2,10,2,10,True,382.5731,758.5657,372.5464,772.2927
2026_07_21_gym,flight_11,2026_07_21_gym/flight_11,SHORT,400,300,1,14,2,14,False,1566.3291,588.2383,1445.3253,601.3017
2026_07_21_gym,flight_115,2026_07_21_gym/flight_115,SHORT,400,300,4,12,4,12,True,838.2266,1343.1434,754.0289,1202.7389
2026_07_21_gym,flight_118,2026_07_21_gym/flight_118,SHORT,400,300,3,11,2,10,False,431.5127,1095.3220,256.1919,881.1421
2026_07_21_gym,flight_119,2026_07_21_gym/flight_119,SHORT,400,300,2,12,2,12,True,727.0311,708.7948,760.4864,753.1441
2026_07_21_gym,flight_12,2026_07_21_gym/flight_12,SHORT,400,300,2,13,1,13,False,1027.2504,648.6292,1009.3778,594.6157
2026_07_21_gym,flight_13,2026_07_21_gym/flight_13,SHORT,400,300,3,12,3,12,True,867.3622,928.8121,927.8650,946.9908
2026_07_21_gym,flight_14,2026_07_21_gym/flight_14,SHORT,400,300,1,13,1,13,True,1175.1617,451.7246,1167.6671,443.6412
2026_07_21_gym,flight_15,2026_07_21_gym/flight_15,SHORT,400,300,4,12,4,12,True,733.3937,1442.5177,731.6165,1478.0702
2026_07_21_gym,flight_16,2026_07_21_gym/flight_16,SHORT,400,300,1,12,1,12,True,733.0109,488.5736,823.7589,487.8313
2026_07_21_gym,flight_18,2026_07_21_gym/flight_18,SHORT,400,300,1,8,1,9,False,-361.3933,337.4237,-163.1844,335.5473
2026_07_21_gym,flight_19,2026_07_21_gym/flight_19,SHORT,400,300,2,10,2,10,True,389.2905,814.9237,312.1014,790.7951
2026_07_21_gym,flight_2,2026_07_21_gym/flight_2,SHORT,400,300,1,12,0,12,False,799.9221,304.5992,786.0494,292.6255
2026_07_21_gym,flight_20,2026_07_21_gym/flight_20,SHORT,400,300,3,11,3,11,True,659.4521,1034.7235,684.9977,1037.1535
2026_07_21_gym,flight_3,2026_07_21_gym/flight_3,SHORT,400,300,4,10,4,10,True,197.6076,1256.7685,190.1627,1210.3650
2026_07_21_gym,flight_54,2026_07_21_gym/flight_54,SHORT,400,300,4,11,4,11,True,443.1584,1474.4993,444.0597,1428.6962
2026_07_21_gym,flight_6,2026_07_21_gym/flight_6,SHORT,400,300,2,10,2,10,True,343.7293,797.8586,331.8106,795.7426
2026_07_21_gym,flight_61,2026_07_21_gym/flight_61,SHORT,400,300,1,14,1,13,False,1335.9711,523.3557,1285.9749,490.3761
2026_07_21_gym,flight_62,2026_07_21_gym/flight_62,SHORT,400,300,4,11,4,11,True,672.4618,1340.2053,662.4891,1319.3270
2026_07_21_gym,flight_63,2026_07_21_gym/flight_63,SHORT,400,300,2,11,2,11,True,625.2754,830.7890,505.3223,793.4264
2026_07_21_gym,flight_64,2026_07_21_gym/flight_64,SHORT,400,300,4,10,3,10,False,245.2022,1217.3062,157.9781,1184.7168
2026_07_21_gym,flight_65,2026_07_21_gym/flight_65,SHORT,400,300,1,11,1,11,True,432.1015,585.2489,461.9271,552.5619
2026_07_21_gym,flight_66,2026_07_21_gym/flight_66,SHORT,400,300,1,10,0,10,False,299.8348,328.8815,273.4509,295.9737
2026_07_21_gym,flight_68,2026_07_21_gym/flight_68,SHORT,400,300,3,14,3,14,True,1356.5307,1058.9734,1326.3498,999.9823
2026_07_21_gym,flight_69,2026_07_21_gym/flight_69,SHORT,400,300,4,11,4,11,True,571.7132,1400.1898,416.0917,1392.2565
2026_07_21_gym,flight_70,2026_07_21_gym/flight_70,SHORT,400,300,2,11,2,11,True,602.1815,658.0310,604.4305,627.6367
2026_07_21_gym,flight_72,2026_07_21_gym/flight_72,SHORT,400,300,2,11,2,11,True,494.1916,723.2996,498.1310,685.5239
2026_07_21_gym,flight_73,2026_07_21_gym/flight_73,SHORT,400,300,3,13,3,13,True,1254.4479,1195.7443,1245.9292,1121.8885
2026_07_21_gym,flight_74,2026_07_21_gym/flight_74,SHORT,400,300,4,15,4,14,False,1662.5648,1325.1526,1544.1986,1284.5865
2026_07_21_gym,flight_75,2026_07_21_gym/flight_75,SHORT,400,300,3,13,2,14,False,1184.5493,923.7531,1311.1714,884.6287
2026_07_21_gym,flight_76,2026_07_21_gym/flight_76,SHORT,400,300,2,12,2,12,True,911.2153,768.3044,850.7364,735.0598
2026_07_21_gym,flight_77,2026_07_21_gym/flight_77,SHORT,400,300,2,13,2,13,True,1189.7401,688.4005,1247.0498,618.1018
2026_07_21_gym,flight_78,2026_07_21_gym/flight_78,SHORT,400,300,3,12,2,12,False,906.2568,910.7785,849.8547,878.9837
2026_07_21_gym,flight_79,2026_07_21_gym/flight_79,SHORT,400,300,2,12,1,12,False,778.0716,637.5441,815.3656,598.7719
2026_07_21_gym,flight_82,2026_07_21_gym/flight_82,SHORT,400,300,1,12,1,12,True,915.9401,560.9865,871.5576,541.0036
2026_07_21_gym,flight_83,2026_07_21_gym/flight_83,SHORT,400,300,2,11,2,11,True,660.0392,856.1106,631.8994,818.4894
2026_07_21_gym,flight_85,2026_07_21_gym/flight_85,SHORT,400,300,4,10,4,9,False,158.1972,1240.7068,65.1827,1229.3767
2026_07_21_gym,flight_86,2026_07_21_gym/flight_86,SHORT,400,300,1,11,1,11,True,612.0492,441.9894,611.5382,449.1892
2026_07_21_gym,flight_87,2026_07_21_gym/flight_87,SHORT,400,300,3,13,3,13,True,1042.5758,993.5857,1020.3998,969.8905
2026_07_21_gym,flight_88,2026_07_21_gym/flight_88,SHORT,400,300,4,16,4,17,False,2083.9896,1265.8176,2213.9141,1223.5557
2026_07_21_gym,flight_9,2026_07_21_gym/flight_9,SHORT,400,300,2,12,2,12,True,728.3020,842.0407,701.8525,818.8646
2026_07_21_gym,flight_90,2026_07_21_gym/flight_90,SHORT,400,300,3,11,3,11,True,495.6103,975.1517,476.3054,964.1369
2026_07_15_gym,flight_17,2026_07_15_gym/flight_17,SHORT,400,400,6,8,6,7,False,308.7450,2440.2234,134.8920,2493.4231
2026_07_15_gym,flight_33,2026_07_15_gym/flight_33,SHORT,400,400,3,9,3,8,False,847.5983,1336.5944,621.4942,1345.7319
2026_07_15_gym,flight_52,2026_07_15_gym/flight_52,SHORT,400,400,2,8,2,8,True,445.2437,941.9632,347.3195,940.8320
2026_07_15_gym,flight_53,2026_07_15_gym/flight_53,SHORT,400,400,1,9,1,9,True,917.7359,670.0211,836.3495,669.3727
2026_07_15_gym,flight_56,2026_07_15_gym/flight_56,SHORT,400,400,2,8,2,8,True,302.9030,813.1907,318.9548,818.6406
2026_07_15_gym,flight_60,2026_07_15_gym/flight_60,SHORT,400,400,1,8,1,8,True,382.5731,758.5657,372.5464,772.2927
2026_07_21_gym,flight_11,2026_07_21_gym/flight_11,SHORT,400,400,1,11,1,10,False,1566.3291,588.2383,1445.3253,601.3017
2026_07_21_gym,flight_115,2026_07_21_gym/flight_115,SHORT,400,400,3,9,3,9,True,838.2266,1343.1434,754.0289,1202.7389
2026_07_21_gym,flight_118,2026_07_21_gym/flight_118,SHORT,400,400,2,8,2,7,False,431.5127,1095.3220,256.1919,881.1421
2026_07_21_gym,flight_119,2026_07_21_gym/flight_119,SHORT,400,400,1,9,1,9,True,727.0311,708.7948,760.4864,753.1441
2026_07_21_gym,flight_12,2026_07_21_gym/flight_12,SHORT,400,400,1,9,1,9,True,1027.2504,648.6292,1009.3778,594.6157
2026_07_21_gym,flight_13,2026_07_21_gym/flight_13,SHORT,400,400,2,9,2,9,True,867.3622,928.8121,927.8650,946.9908
2026_07_21_gym,flight_14,2026_07_21_gym/flight_14,SHORT,400,400,1,10,1,10,True,1175.1617,451.7246,1167.6671,443.6412
2026_07_21_gym,flight_15,2026_07_21_gym/flight_15,SHORT,400,400,3,9,3,9,True,733.3937,1442.5177,731.6165,1478.0702
2026_07_21_gym,flight_16,2026_07_21_gym/flight_16,SHORT,400,400,1,9,1,9,True,733.0109,488.5736,823.7589,487.8313
2026_07_21_gym,flight_18,2026_07_21_gym/flight_18,SHORT,400,400,0,6,0,6,True,-361.3933,337.4237,-163.1844,335.5473
2026_07_21_gym,flight_19,2026_07_21_gym/flight_19,SHORT,400,400,2,8,1,8,False,389.2905,814.9237,312.1014,790.7951
2026_07_21_gym,flight_2,2026_07_21_gym/flight_2,SHORT,400,400,0,9,0,9,True,799.9221,304.5992,786.0494,292.6255
2026_07_21_gym,flight_20,2026_07_21_gym/flight_20,SHORT,400,400,2,8,2,8,True,659.4521,1034.7235,684.9977,1037.1535
2026_07_21_gym,flight_3,2026_07_21_gym/flight_3,SHORT,400,400,3,7,3,7,True,197.6076,1256.7685,190.1627,1210.3650
2026_07_21_gym,flight_54,2026_07_21_gym/flight_54,SHORT,400,400,3,8,3,8,True,443.1584,1474.4993,444.0597,1428.6962
2026_07_21_gym,flight_6,2026_07_21_gym/flight_6,SHORT,400,400,1,8,1,8,True,343.7293,797.8586,331.8106,795.7426
2026_07_21_gym,flight_61,2026_07_21_gym/flight_61,SHORT,400,400,1,10,1,10,True,1335.9711,523.3557,1285.9749,490.3761
2026_07_21_gym,flight_62,2026_07_21_gym/flight_62,SHORT,400,400,3,8,3,8,True,672.4618,1340.2053,662.4891,1319.3270
2026_07_21_gym,flight_63,2026_07_21_gym/flight_63,SHORT,400,400,2,8,1,8,False,625.2754,830.7890,505.3223,793.4264
2026_07_21_gym,flight_64,2026_07_21_gym/flight_64,SHORT,400,400,3,7,2,7,False,245.2022,1217.3062,157.9781,1184.7168
2026_07_21_gym,flight_65,2026_07_21_gym/flight_65,SHORT,400,400,1,8,1,8,True,432.1015,585.2489,461.9271,552.5619
2026_07_21_gym,flight_66,2026_07_21_gym/flight_66,SHORT,400,400,0,8,0,7,False,299.8348,328.8815,273.4509,295.9737
2026_07_21_gym,flight_68,2026_07_21_gym/flight_68,SHORT,400,400,2,10,2,10,True,1356.5307,1058.9734,1326.3498,999.9823
2026_07_21_gym,flight_69,2026_07_21_gym/flight_69,SHORT,400,400,3,8,3,8,True,571.7132,1400.1898,416.0917,1392.2565
2026_07_21_gym,flight_70,2026_07_21_gym/flight_70,SHORT,400,400,1,8,1,8,True,602.1815,658.0310,604.4305,627.6367
2026_07_21_gym,flight_72,2026_07_21_gym/flight_72,SHORT,400,400,1,8,1,8,True,494.1916,723.2996,498.1310,685.5239
2026_07_21_gym,flight_73,2026_07_21_gym/flight_73,SHORT,400,400,2,10,2,10,True,1254.4479,1195.7443,1245.9292,1121.8885
2026_07_21_gym,flight_74,2026_07_21_gym/flight_74,SHORT,400,400,3,11,3,11,True,1662.5648,1325.1526,1544.1986,1284.5865
2026_07_21_gym,flight_75,2026_07_21_gym/flight_75,SHORT,400,400,2,10,2,10,True,1184.5493,923.7531,1311.1714,884.6287
2026_07_21_gym,flight_76,2026_07_21_gym/flight_76,SHORT,400,400,1,9,1,9,True,911.2153,768.3044,850.7364,735.0598
2026_07_21_gym,flight_77,2026_07_21_gym/flight_77,SHORT,400,400,1,10,1,10,True,1189.7401,688.4005,1247.0498,618.1018
2026_07_21_gym,flight_78,2026_07_21_gym/flight_78,SHORT,400,400,2,9,2,9,True,906.2568,910.7785,849.8547,878.9837
2026_07_21_gym,flight_79,2026_07_21_gym/flight_79,SHORT,400,400,1,9,1,9,True,778.0716,637.5441,815.3656,598.7719
2026_07_21_gym,flight_82,2026_07_21_gym/flight_82,SHORT,400,400,1,9,1,9,True,915.9401,560.9865,871.5576,541.0036
2026_07_21_gym,flight_83,2026_07_21_gym/flight_83,SHORT,400,400,2,8,2,8,True,660.0392,856.1106,631.8994,818.4894
2026_07_21_gym,flight_85,2026_07_21_gym/flight_85,SHORT,400,400,3,7,3,7,True,158.1972,1240.7068,65.1827,1229.3767
2026_07_21_gym,flight_86,2026_07_21_gym/flight_86,SHORT,400,400,1,8,1,8,True,612.0492,441.9894,611.5382,449.1892
2026_07_21_gym,flight_87,2026_07_21_gym/flight_87,SHORT,400,400,2,9,2,9,True,1042.5758,993.5857,1020.3998,969.8905
2026_07_21_gym,flight_88,2026_07_21_gym/flight_88,SHORT,400,400,3,12,3,12,True,2083.9896,1265.8176,2213.9141,1223.5557
2026_07_21_gym,flight_9,2026_07_21_gym/flight_9,SHORT,400,400,2,9,2,9,True,728.3020,842.0407,701.8525,818.8646
2026_07_21_gym,flight_90,2026_07_21_gym/flight_90,SHORT,400,400,2,8,2,8,True,495.6103,975.1517,476.3054,964.1369
2026_07_15_gym,flight_17,2026_07_15_gym/flight_17,SHORT,400,500,4,6,4,6,True,308.7450,2440.2234,134.8920,2493.4231
2026_07_15_gym,flight_33,2026_07_15_gym/flight_33,SHORT,400,500,2,7,2,7,True,847.5983,1336.5944,621.4942,1345.7319
2026_07_15_gym,flight_52,2026_07_15_gym/flight_52,SHORT,400,500,1,6,1,6,True,445.2437,941.9632,347.3195,940.8320
2026_07_15_gym,flight_53,2026_07_15_gym/flight_53,SHORT,400,500,1,7,1,7,True,917.7359,670.0211,836.3495,669.3727
2026_07_15_gym,flight_56,2026_07_15_gym/flight_56,SHORT,400,500,1,6,1,6,True,302.9030,813.1907,318.9548,818.6406
2026_07_15_gym,flight_60,2026_07_15_gym/flight_60,SHORT,400,500,1,6,1,6,True,382.5731,758.5657,372.5464,772.2927
2026_07_21_gym,flight_11,2026_07_21_gym/flight_11,SHORT,400,500,1,8,1,8,True,1566.3291,588.2383,1445.3253,601.3017
2026_07_21_gym,flight_115,2026_07_21_gym/flight_115,SHORT,400,500,2,7,2,7,True,838.2266,1343.1434,754.0289,1202.7389
2026_07_21_gym,flight_118,2026_07_21_gym/flight_118,SHORT,400,500,2,6,1,6,False,431.5127,1095.3220,256.1919,881.1421
2026_07_21_gym,flight_119,2026_07_21_gym/flight_119,SHORT,400,500,1,7,1,7,True,727.0311,708.7948,760.4864,753.1441
2026_07_21_gym,flight_12,2026_07_21_gym/flight_12,SHORT,400,500,1,7,1,7,True,1027.2504,648.6292,1009.3778,594.6157
2026_07_21_gym,flight_13,2026_07_21_gym/flight_13,SHORT,400,500,1,7,1,7,True,867.3622,928.8121,927.8650,946.9908
2026_07_21_gym,flight_14,2026_07_21_gym/flight_14,SHORT,400,500,0,8,0,8,True,1175.1617,451.7246,1167.6671,443.6412
2026_07_21_gym,flight_15,2026_07_21_gym/flight_15,SHORT,400,500,2,7,2,7,True,733.3937,1442.5177,731.6165,1478.0702
2026_07_21_gym,flight_16,2026_07_21_gym/flight_16,SHORT,400,500,0,7,0,7,True,733.0109,488.5736,823.7589,487.8313
2026_07_21_gym,flight_18,2026_07_21_gym/flight_18,SHORT,400,500,0,5,0,5,True,-361.3933,337.4237,-163.1844,335.5473
2026_07_21_gym,flight_19,2026_07_21_gym/flight_19,SHORT,400,500,1,6,1,6,True,389.2905,814.9237,312.1014,790.7951
2026_07_21_gym,flight_2,2026_07_21_gym/flight_2,SHORT,400,500,0,7,0,7,True,799.9221,304.5992,786.0494,292.6255
2026_07_21_gym,flight_20,2026_07_21_gym/flight_20,SHORT,400,500,2,7,2,7,True,659.4521,1034.7235,684.9977,1037.1535
2026_07_21_gym,flight_3,2026_07_21_gym/flight_3,SHORT,400,500,2,6,2,6,True,197.6076,1256.7685,190.1627,1210.3650
2026_07_21_gym,flight_54,2026_07_21_gym/flight_54,SHORT,400,500,2,6,2,6,True,443.1584,1474.4993,444.0597,1428.6962
2026_07_21_gym,flight_6,2026_07_21_gym/flight_6,SHORT,400,500,1,6,1,6,True,343.7293,797.8586,331.8106,795.7426
2026_07_21_gym,flight_61,2026_07_21_gym/flight_61,SHORT,400,500,1,8,0,8,False,1335.9711,523.3557,1285.9749,490.3761
2026_07_21_gym,flight_62,2026_07_21_gym/flight_62,SHORT,400,500,2,7,2,7,True,672.4618,1340.2053,662.4891,1319.3270
2026_07_21_gym,flight_63,2026_07_21_gym/flight_63,SHORT,400,500,1,7,1,6,False,625.2754,830.7890,505.3223,793.4264
2026_07_21_gym,flight_64,2026_07_21_gym/flight_64,SHORT,400,500,2,6,2,6,True,245.2022,1217.3062,157.9781,1184.7168
2026_07_21_gym,flight_65,2026_07_21_gym/flight_65,SHORT,400,500,1,6,1,6,True,432.1015,585.2489,461.9271,552.5619
2026_07_21_gym,flight_66,2026_07_21_gym/flight_66,SHORT,400,500,0,6,0,6,True,299.8348,328.8815,273.4509,295.9737
2026_07_21_gym,flight_68,2026_07_21_gym/flight_68,SHORT,400,500,2,8,1,8,False,1356.5307,1058.9734,1326.3498,999.9823
2026_07_21_gym,flight_69,2026_07_21_gym/flight_69,SHORT,400,500,2,6,2,6,True,571.7132,1400.1898,416.0917,1392.2565
2026_07_21_gym,flight_70,2026_07_21_gym/flight_70,SHORT,400,500,1,7,1,7,True,602.1815,658.0310,604.4305,627.6367
2026_07_21_gym,flight_72,2026_07_21_gym/flight_72,SHORT,400,500,1,6,1,6,True,494.1916,723.2996,498.1310,685.5239
2026_07_21_gym,flight_73,2026_07_21_gym/flight_73,SHORT,400,500,2,8,2,8,True,1254.4479,1195.7443,1245.9292,1121.8885
2026_07_21_gym,flight_74,2026_07_21_gym/flight_74,SHORT,400,500,2,9,2,8,False,1662.5648,1325.1526,1544.1986,1284.5865
2026_07_21_gym,flight_75,2026_07_21_gym/flight_75,SHORT,400,500,1,8,1,8,True,1184.5493,923.7531,1311.1714,884.6287
2026_07_21_gym,flight_76,2026_07_21_gym/flight_76,SHORT,400,500,1,7,1,7,True,911.2153,768.3044,850.7364,735.0598
2026_07_21_gym,flight_77,2026_07_21_gym/flight_77,SHORT,400,500,1,8,1,8,True,1189.7401,688.4005,1247.0498,618.1018
2026_07_21_gym,flight_78,2026_07_21_gym/flight_78,SHORT,400,500,1,7,1,7,True,906.2568,910.7785,849.8547,878.9837
2026_07_21_gym,flight_79,2026_07_21_gym/flight_79,SHORT,400,500,1,7,1,7,True,778.0716,637.5441,815.3656,598.7719
2026_07_21_gym,flight_82,2026_07_21_gym/flight_82,SHORT,400,500,1,7,1,7,True,915.9401,560.9865,871.5576,541.0036
2026_07_21_gym,flight_83,2026_07_21_gym/flight_83,SHORT,400,500,1,7,1,7,True,660.0392,856.1106,631.8994,818.4894
2026_07_21_gym,flight_85,2026_07_21_gym/flight_85,SHORT,400,500,2,6,2,5,False,158.1972,1240.7068,65.1827,1229.3767
2026_07_21_gym,flight_86,2026_07_21_gym/flight_86,SHORT,400,500,0,7,0,7,True,612.0492,441.9894,611.5382,449.1892
2026_07_21_gym,flight_87,2026_07_21_gym/flight_87,SHORT,400,500,1,7,1,7,True,1042.5758,993.5857,1020.3998,969.8905
2026_07_21_gym,flight_88,2026_07_21_gym/flight_88,SHORT,400,500,2,9,2,10,False,2083.9896,1265.8176,2213.9141,1223.5557
2026_07_21_gym,flight_9,2026_07_21_gym/flight_9,SHORT,400,500,1,7,1,7,True,728.3020,842.0407,701.8525,818.8646
2026_07_21_gym,flight_90,2026_07_21_gym/flight_90,SHORT,400,500,1,6,1,6,True,495.6103,975.1517,476.3054,964.1369
2026_07_15_gym,flight_17,2026_07_15_gym/flight_17,SHORT,400,600,4,5,4,5,True,308.7450,2440.2234,134.8920,2493.4231
2026_07_15_gym,flight_33,2026_07_15_gym/flight_33,SHORT,400,600,2,6,2,5,False,847.5983,1336.5944,621.4942,1345.7319
2026_07_15_gym,flight_52,2026_07_15_gym/flight_52,SHORT,400,600,1,5,1,5,True,445.2437,941.9632,347.3195,940.8320
2026_07_15_gym,flight_53,2026_07_15_gym/flight_53,SHORT,400,600,1,6,1,6,True,917.7359,670.0211,836.3495,669.3727
2026_07_15_gym,flight_56,2026_07_15_gym/flight_56,SHORT,400,600,1,5,1,5,True,302.9030,813.1907,318.9548,818.6406
2026_07_15_gym,flight_60,2026_07_15_gym/flight_60,SHORT,400,600,1,5,1,5,True,382.5731,758.5657,372.5464,772.2927
2026_07_21_gym,flight_11,2026_07_21_gym/flight_11,SHORT,400,600,0,7,1,7,False,1566.3291,588.2383,1445.3253,601.3017
2026_07_21_gym,flight_115,2026_07_21_gym/flight_115,SHORT,400,600,2,6,2,6,True,838.2266,1343.1434,754.0289,1202.7389
2026_07_21_gym,flight_118,2026_07_21_gym/flight_118,SHORT,400,600,1,5,1,5,True,431.5127,1095.3220,256.1919,881.1421
2026_07_21_gym,flight_119,2026_07_21_gym/flight_119,SHORT,400,600,1,6,1,6,True,727.0311,708.7948,760.4864,753.1441
2026_07_21_gym,flight_12,2026_07_21_gym/flight_12,SHORT,400,600,1,6,0,6,False,1027.2504,648.6292,1009.3778,594.6157
2026_07_21_gym,flight_13,2026_07_21_gym/flight_13,SHORT,400,600,1,6,1,6,True,867.3622,928.8121,927.8650,946.9908
2026_07_21_gym,flight_14,2026_07_21_gym/flight_14,SHORT,400,600,0,6,0,6,True,1175.1617,451.7246,1167.6671,443.6412
2026_07_21_gym,flight_15,2026_07_21_gym/flight_15,SHORT,400,600,2,6,2,6,True,733.3937,1442.5177,731.6165,1478.0702
2026_07_21_gym,flight_16,2026_07_21_gym/flight_16,SHORT,400,600,0,6,0,6,True,733.0109,488.5736,823.7589,487.8313
2026_07_21_gym,flight_18,2026_07_21_gym/flight_18,SHORT,400,600,0,4,0,4,True,-361.3933,337.4237,-163.1844,335.5473
2026_07_21_gym,flight_19,2026_07_21_gym/flight_19,SHORT,400,600,1,5,1,5,True,389.2905,814.9237,312.1014,790.7951
2026_07_21_gym,flight_2,2026_07_21_gym/flight_2,SHORT,400,600,0,6,0,6,True,799.9221,304.5992,786.0494,292.6255
2026_07_21_gym,flight_20,2026_07_21_gym/flight_20,SHORT,400,600,1,5,1,5,True,659.4521,1034.7235,684.9977,1037.1535
2026_07_21_gym,flight_3,2026_07_21_gym/flight_3,SHORT,400,600,2,5,2,5,True,197.6076,1256.7685,190.1627,1210.3650
2026_07_21_gym,flight_54,2026_07_21_gym/flight_54,SHORT,400,600,2,5,2,5,True,443.1584,1474.4993,444.0597,1428.6962
2026_07_21_gym,flight_6,2026_07_21_gym/flight_6,SHORT,400,600,1,5,1,5,True,343.7293,797.8586,331.8106,795.7426
2026_07_21_gym,flight_61,2026_07_21_gym/flight_61,SHORT,400,600,0,7,0,6,False,1335.9711,523.3557,1285.9749,490.3761
2026_07_21_gym,flight_62,2026_07_21_gym/flight_62,SHORT,400,600,2,5,2,5,True,672.4618,1340.2053,662.4891,1319.3270
2026_07_21_gym,flight_63,2026_07_21_gym/flight_63,SHORT,400,600,1,5,1,5,True,625.2754,830.7890,505.3223,793.4264
2026_07_21_gym,flight_64,2026_07_21_gym/flight_64,SHORT,400,600,2,5,1,5,False,245.2022,1217.3062,157.9781,1184.7168
2026_07_21_gym,flight_65,2026_07_21_gym/flight_65,SHORT,400,600,0,5,0,5,True,432.1015,585.2489,461.9271,552.5619
2026_07_21_gym,flight_66,2026_07_21_gym/flight_66,SHORT,400,600,0,5,0,5,True,299.8348,328.8815,273.4509,295.9737
2026_07_21_gym,flight_68,2026_07_21_gym/flight_68,SHORT,400,600,1,7,1,7,True,1356.5307,1058.9734,1326.3498,999.9823
2026_07_21_gym,flight_69,2026_07_21_gym/flight_69,SHORT,400,600,2,5,2,5,True,571.7132,1400.1898,416.0917,1392.2565
2026_07_21_gym,flight_70,2026_07_21_gym/flight_70,SHORT,400,600,1,5,1,5,True,602.1815,658.0310,604.4305,627.6367
2026_07_21_gym,flight_72,2026_07_21_gym/flight_72,SHORT,400,600,1,5,1,5,True,494.1916,723.2996,498.1310,685.5239
2026_07_21_gym,flight_73,2026_07_21_gym/flight_73,SHORT,400,600,1,6,1,6,True,1254.4479,1195.7443,1245.9292,1121.8885
2026_07_21_gym,flight_74,2026_07_21_gym/flight_74,SHORT,400,600,2,7,2,7,True,1662.5648,1325.1526,1544.1986,1284.5865
2026_07_21_gym,flight_75,2026_07_21_gym/flight_75,SHORT,400,600,1,6,1,7,False,1184.5493,923.7531,1311.1714,884.6287
2026_07_21_gym,flight_76,2026_07_21_gym/flight_76,SHORT,400,600,1,6,1,6,True,911.2153,768.3044,850.7364,735.0598
2026_07_21_gym,flight_77,2026_07_21_gym/flight_77,SHORT,400,600,1,6,1,6,True,1189.7401,688.4005,1247.0498,618.1018
2026_07_21_gym,flight_78,2026_07_21_gym/flight_78,SHORT,400,600,1,6,1,6,True,906.2568,910.7785,849.8547,878.9837
2026_07_21_gym,flight_79,2026_07_21_gym/flight_79,SHORT,400,600,1,6,0,6,False,778.0716,637.5441,815.3656,598.7719
2026_07_21_gym,flight_82,2026_07_21_gym/flight_82,SHORT,400,600,0,6,0,6,True,915.9401,560.9865,871.5576,541.0036
2026_07_21_gym,flight_83,2026_07_21_gym/flight_83,SHORT,400,600,1,5,1,5,True,660.0392,856.1106,631.8994,818.4894
2026_07_21_gym,flight_85,2026_07_21_gym/flight_85,SHORT,400,600,2,5,2,4,False,158.1972,1240.7068,65.1827,1229.3767
2026_07_21_gym,flight_86,2026_07_21_gym/flight_86,SHORT,400,600,0,5,0,5,True,612.0492,441.9894,611.5382,449.1892
2026_07_21_gym,flight_87,2026_07_21_gym/flight_87,SHORT,400,600,1,6,1,6,True,1042.5758,993.5857,1020.3998,969.8905
2026_07_21_gym,flight_88,2026_07_21_gym/flight_88,SHORT,400,600,2,8,2,8,True,2083.9896,1265.8176,2213.9141,1223.5557
2026_07_21_gym,flight_9,2026_07_21_gym/flight_9,SHORT,400,600,1,6,1,6,True,728.3020,842.0407,701.8525,818.8646
2026_07_21_gym,flight_90,2026_07_21_gym/flight_90,SHORT,400,600,1,5,1,5,True,495.6103,975.1517,476.3054,964.1369
2026_07_15_gym,flight_17,2026_07_15_gym/flight_17,SHORT,400,800,3,4,3,3,False,308.7450,2440.2234,134.8920,2493.4231
2026_07_15_gym,flight_33,2026_07_15_gym/flight_33,SHORT,400,800,1,4,1,4,True,847.5983,1336.5944,621.4942,1345.7319
2026_07_15_gym,flight_52,2026_07_15_gym/flight_52,SHORT,400,800,1,4,1,4,True,445.2437,941.9632,347.3195,940.8320
2026_07_15_gym,flight_53,2026_07_15_gym/flight_53,SHORT,400,800,0,4,0,4,True,917.7359,670.0211,836.3495,669.3727
2026_07_15_gym,flight_56,2026_07_15_gym/flight_56,SHORT,400,800,1,4,1,4,True,302.9030,813.1907,318.9548,818.6406
2026_07_15_gym,flight_60,2026_07_15_gym/flight_60,SHORT,400,800,0,4,0,4,True,382.5731,758.5657,372.5464,772.2927
2026_07_21_gym,flight_11,2026_07_21_gym/flight_11,SHORT,400,800,0,5,0,5,True,1566.3291,588.2383,1445.3253,601.3017
2026_07_21_gym,flight_115,2026_07_21_gym/flight_115,SHORT,400,800,1,4,1,4,True,838.2266,1343.1434,754.0289,1202.7389
2026_07_21_gym,flight_118,2026_07_21_gym/flight_118,SHORT,400,800,1,4,1,3,False,431.5127,1095.3220,256.1919,881.1421
2026_07_21_gym,flight_119,2026_07_21_gym/flight_119,SHORT,400,800,0,4,0,4,True,727.0311,708.7948,760.4864,753.1441
2026_07_21_gym,flight_12,2026_07_21_gym/flight_12,SHORT,400,800,0,4,0,4,True,1027.2504,648.6292,1009.3778,594.6157
2026_07_21_gym,flight_13,2026_07_21_gym/flight_13,SHORT,400,800,1,4,1,4,True,867.3622,928.8121,927.8650,946.9908
2026_07_21_gym,flight_14,2026_07_21_gym/flight_14,SHORT,400,800,0,5,0,5,True,1175.1617,451.7246,1167.6671,443.6412
2026_07_21_gym,flight_15,2026_07_21_gym/flight_15,SHORT,400,800,1,4,1,4,True,733.3937,1442.5177,731.6165,1478.0702
2026_07_21_gym,flight_16,2026_07_21_gym/flight_16,SHORT,400,800,0,4,0,4,True,733.0109,488.5736,823.7589,487.8313
2026_07_21_gym,flight_18,2026_07_21_gym/flight_18,SHORT,400,800,0,3,0,3,True,-361.3933,337.4237,-163.1844,335.5473
2026_07_21_gym,flight_19,2026_07_21_gym/flight_19,SHORT,400,800,1,4,0,4,False,389.2905,814.9237,312.1014,790.7951
2026_07_21_gym,flight_2,2026_07_21_gym/flight_2,SHORT,400,800,0,4,0,4,True,799.9221,304.5992,786.0494,292.6255
2026_07_21_gym,flight_20,2026_07_21_gym/flight_20,SHORT,400,800,1,4,1,4,True,659.4521,1034.7235,684.9977,1037.1535
2026_07_21_gym,flight_3,2026_07_21_gym/flight_3,SHORT,400,800,1,3,1,3,True,197.6076,1256.7685,190.1627,1210.3650
2026_07_21_gym,flight_54,2026_07_21_gym/flight_54,SHORT,400,800,1,4,1,4,True,443.1584,1474.4993,444.0597,1428.6962
2026_07_21_gym,flight_6,2026_07_21_gym/flight_6,SHORT,400,800,0,4,0,4,True,343.7293,797.8586,331.8106,795.7426
2026_07_21_gym,flight_61,2026_07_21_gym/flight_61,SHORT,400,800,0,5,0,5,True,1335.9711,523.3557,1285.9749,490.3761
2026_07_21_gym,flight_62,2026_07_21_gym/flight_62,SHORT,400,800,1,4,1,4,True,672.4618,1340.2053,662.4891,1319.3270
2026_07_21_gym,flight_63,2026_07_21_gym/flight_63,SHORT,400,800,1,4,0,4,False,625.2754,830.7890,505.3223,793.4264
2026_07_21_gym,flight_64,2026_07_21_gym/flight_64,SHORT,400,800,1,3,1,3,True,245.2022,1217.3062,157.9781,1184.7168
2026_07_21_gym,flight_65,2026_07_21_gym/flight_65,SHORT,400,800,0,4,0,4,True,432.1015,585.2489,461.9271,552.5619
2026_07_21_gym,flight_66,2026_07_21_gym/flight_66,SHORT,400,800,0,4,0,3,False,299.8348,328.8815,273.4509,295.9737
2026_07_21_gym,flight_68,2026_07_21_gym/flight_68,SHORT,400,800,1,5,1,5,True,1356.5307,1058.9734,1326.3498,999.9823
2026_07_21_gym,flight_69,2026_07_21_gym/flight_69,SHORT,400,800,1,4,1,4,True,571.7132,1400.1898,416.0917,1392.2565
2026_07_21_gym,flight_70,2026_07_21_gym/flight_70,SHORT,400,800,0,4,0,4,True,602.1815,658.0310,604.4305,627.6367
2026_07_21_gym,flight_72,2026_07_21_gym/flight_72,SHORT,400,800,0,4,0,4,True,494.1916,723.2996,498.1310,685.5239
2026_07_21_gym,flight_73,2026_07_21_gym/flight_73,SHORT,400,800,1,5,1,5,True,1254.4479,1195.7443,1245.9292,1121.8885
2026_07_21_gym,flight_74,2026_07_21_gym/flight_74,SHORT,400,800,1,5,1,5,True,1662.5648,1325.1526,1544.1986,1284.5865
2026_07_21_gym,flight_75,2026_07_21_gym/flight_75,SHORT,400,800,1,5,1,5,True,1184.5493,923.7531,1311.1714,884.6287
2026_07_21_gym,flight_76,2026_07_21_gym/flight_76,SHORT,400,800,0,4,0,4,True,911.2153,768.3044,850.7364,735.0598
2026_07_21_gym,flight_77,2026_07_21_gym/flight_77,SHORT,400,800,0,5,0,5,True,1189.7401,688.4005,1247.0498,618.1018
2026_07_21_gym,flight_78,2026_07_21_gym/flight_78,SHORT,400,800,1,4,1,4,True,906.2568,910.7785,849.8547,878.9837
2026_07_21_gym,flight_79,2026_07_21_gym/flight_79,SHORT,400,800,0,4,0,4,True,778.0716,637.5441,815.3656,598.7719
2026_07_21_gym,flight_82,2026_07_21_gym/flight_82,SHORT,400,800,0,4,0,4,True,915.9401,560.9865,871.5576,541.0036
2026_07_21_gym,flight_83,2026_07_21_gym/flight_83,SHORT,400,800,1,4,1,4,True,660.0392,856.1106,631.8994,818.4894
2026_07_21_gym,flight_85,2026_07_21_gym/flight_85,SHORT,400,800,1,3,1,3,True,158.1972,1240.7068,65.1827,1229.3767
2026_07_21_gym,flight_86,2026_07_21_gym/flight_86,SHORT,400,800,0,4,0,4,True,612.0492,441.9894,611.5382,449.1892
2026_07_21_gym,flight_87,2026_07_21_gym/flight_87,SHORT,400,800,1,4,1,4,True,1042.5758,993.5857,1020.3998,969.8905
2026_07_21_gym,flight_88,2026_07_21_gym/flight_88,SHORT,400,800,1,6,1,6,True,2083.9896,1265.8176,2213.9141,1223.5557
2026_07_21_gym,flight_9,2026_07_21_gym/flight_9,SHORT,400,800,1,4,1,4,True,728.3020,842.0407,701.8525,818.8646
2026_07_21_gym,flight_90,2026_07_21_gym/flight_90,SHORT,400,800,1,4,1,4,True,495.6103,975.1517,476.3054,964.1369
2026_07_15_gym,flight_17,2026_07_15_gym/flight_17,SHORT,400,1000,2,3,2,3,True,308.7450,2440.2234,134.8920,2493.4231
2026_07_15_gym,flight_33,2026_07_15_gym/flight_33,SHORT,400,1000,1,3,1,3,True,847.5983,1336.5944,621.4942,1345.7319
2026_07_15_gym,flight_52,2026_07_15_gym/flight_52,SHORT,400,1000,0,3,0,3,True,445.2437,941.9632,347.3195,940.8320
2026_07_15_gym,flight_53,2026_07_15_gym/flight_53,SHORT,400,1000,0,3,0,3,True,917.7359,670.0211,836.3495,669.3727
2026_07_15_gym,flight_56,2026_07_15_gym/flight_56,SHORT,400,1000,0,3,0,3,True,302.9030,813.1907,318.9548,818.6406
2026_07_15_gym,flight_60,2026_07_15_gym/flight_60,SHORT,400,1000,0,3,0,3,True,382.5731,758.5657,372.5464,772.2927
2026_07_21_gym,flight_11,2026_07_21_gym/flight_11,SHORT,400,1000,0,4,0,4,True,1566.3291,588.2383,1445.3253,601.3017
2026_07_21_gym,flight_115,2026_07_21_gym/flight_115,SHORT,400,1000,1,3,1,3,True,838.2266,1343.1434,754.0289,1202.7389
2026_07_21_gym,flight_118,2026_07_21_gym/flight_118,SHORT,400,1000,1,3,0,3,False,431.5127,1095.3220,256.1919,881.1421
2026_07_21_gym,flight_119,2026_07_21_gym/flight_119,SHORT,400,1000,0,3,0,3,True,727.0311,708.7948,760.4864,753.1441
2026_07_21_gym,flight_12,2026_07_21_gym/flight_12,SHORT,400,1000,0,3,0,3,True,1027.2504,648.6292,1009.3778,594.6157
2026_07_21_gym,flight_13,2026_07_21_gym/flight_13,SHORT,400,1000,0,3,0,3,True,867.3622,928.8121,927.8650,946.9908
2026_07_21_gym,flight_14,2026_07_21_gym/flight_14,SHORT,400,1000,0,4,0,4,True,1175.1617,451.7246,1167.6671,443.6412
2026_07_21_gym,flight_15,2026_07_21_gym/flight_15,SHORT,400,1000,1,3,1,3,True,733.3937,1442.5177,731.6165,1478.0702
2026_07_21_gym,flight_16,2026_07_21_gym/flight_16,SHORT,400,1000,0,3,0,3,True,733.0109,488.5736,823.7589,487.8313
2026_07_21_gym,flight_18,2026_07_21_gym/flight_18,SHORT,400,1000,0,2,0,2,True,-361.3933,337.4237,-163.1844,335.5473
2026_07_21_gym,flight_19,2026_07_21_gym/flight_19,SHORT,400,1000,0,3,0,3,True,389.2905,814.9237,312.1014,790.7951
2026_07_21_gym,flight_2,2026_07_21_gym/flight_2,SHORT,400,1000,0,3,0,3,True,799.9221,304.5992,786.0494,292.6255
2026_07_21_gym,flight_20,2026_07_21_gym/flight_20,SHORT,400,1000,1,3,1,3,True,659.4521,1034.7235,684.9977,1037.1535
2026_07_21_gym,flight_3,2026_07_21_gym/flight_3,SHORT,400,1000,1,3,1,3,True,197.6076,1256.7685,190.1627,1210.3650
2026_07_21_gym,flight_54,2026_07_21_gym/flight_54,SHORT,400,1000,1,3,1,3,True,443.1584,1474.4993,444.0597,1428.6962
2026_07_21_gym,flight_6,2026_07_21_gym/flight_6,SHORT,400,1000,0,3,0,3,True,343.7293,797.8586,331.8106,795.7426
2026_07_21_gym,flight_61,2026_07_21_gym/flight_61,SHORT,400,1000,0,4,0,4,True,1335.9711,523.3557,1285.9749,490.3761
2026_07_21_gym,flight_62,2026_07_21_gym/flight_62,SHORT,400,1000,1,3,1,3,True,672.4618,1340.2053,662.4891,1319.3270
2026_07_21_gym,flight_63,2026_07_21_gym/flight_63,SHORT,400,1000,0,3,0,3,True,625.2754,830.7890,505.3223,793.4264
2026_07_21_gym,flight_64,2026_07_21_gym/flight_64,SHORT,400,1000,1,3,1,3,True,245.2022,1217.3062,157.9781,1184.7168
2026_07_21_gym,flight_65,2026_07_21_gym/flight_65,SHORT,400,1000,0,3,0,3,True,432.1015,585.2489,461.9271,552.5619
2026_07_21_gym,flight_66,2026_07_21_gym/flight_66,SHORT,400,1000,0,3,0,3,True,299.8348,328.8815,273.4509,295.9737
2026_07_21_gym,flight_68,2026_07_21_gym/flight_68,SHORT,400,1000,1,4,0,4,False,1356.5307,1058.9734,1326.3498,999.9823
2026_07_21_gym,flight_69,2026_07_21_gym/flight_69,SHORT,400,1000,1,3,1,3,True,571.7132,1400.1898,416.0917,1392.2565
2026_07_21_gym,flight_70,2026_07_21_gym/flight_70,SHORT,400,1000,0,3,0,3,True,602.1815,658.0310,604.4305,627.6367
2026_07_21_gym,flight_72,2026_07_21_gym/flight_72,SHORT,400,1000,0,3,0,3,True,494.1916,723.2996,498.1310,685.5239
2026_07_21_gym,flight_73,2026_07_21_gym/flight_73,SHORT,400,1000,1,4,1,4,True,1254.4479,1195.7443,1245.9292,1121.8885
2026_07_21_gym,flight_74,2026_07_21_gym/flight_74,SHORT,400,1000,1,4,1,4,True,1662.5648,1325.1526,1544.1986,1284.5865
2026_07_21_gym,flight_75,2026_07_21_gym/flight_75,SHORT,400,1000,0,4,0,4,True,1184.5493,923.7531,1311.1714,884.6287
2026_07_21_gym,flight_76,2026_07_21_gym/flight_76,SHORT,400,1000,0,3,0,3,True,911.2153,768.3044,850.7364,735.0598
2026_07_21_gym,flight_77,2026_07_21_gym/flight_77,SHORT,400,1000,0,4,0,4,True,1189.7401,688.4005,1247.0498,618.1018
2026_07_21_gym,flight_78,2026_07_21_gym/flight_78,SHORT,400,1000,0,3,0,3,True,906.2568,910.7785,849.8547,878.9837
2026_07_21_gym,flight_79,2026_07_21_gym/flight_79,SHORT,400,1000,0,3,0,3,True,778.0716,637.5441,815.3656,598.7719
2026_07_21_gym,flight_82,2026_07_21_gym/flight_82,SHORT,400,1000,0,3,0,3,True,915.9401,560.9865,871.5576,541.0036
2026_07_21_gym,flight_83,2026_07_21_gym/flight_83,SHORT,400,1000,0,3,0,3,True,660.0392,856.1106,631.8994,818.4894
2026_07_21_gym,flight_85,2026_07_21_gym/flight_85,SHORT,400,1000,1,3,1,2,False,158.1972,1240.7068,65.1827,1229.3767
2026_07_21_gym,flight_86,2026_07_21_gym/flight_86,SHORT,400,1000,0,3,0,3,True,612.0492,441.9894,611.5382,449.1892
2026_07_21_gym,flight_87,2026_07_21_gym/flight_87,SHORT,400,1000,0,3,0,3,True,1042.5758,993.5857,1020.3998,969.8905
2026_07_21_gym,flight_88,2026_07_21_gym/flight_88,SHORT,400,1000,1,4,1,5,False,2083.9896,1265.8176,2213.9141,1223.5557
2026_07_21_gym,flight_9,2026_07_21_gym/flight_9,SHORT,400,1000,0,3,0,3,True,728.3020,842.0407,701.8525,818.8646
2026_07_21_gym,flight_90,2026_07_21_gym/flight_90,SHORT,400,1000,0,3,0,3,True,495.6103,975.1517,476.3054,964.1369
2026_07_15_gym,flight_17,2026_07_15_gym/flight_17,SHORT,400,1250,1,2,1,2,True,308.7450,2440.2234,134.8920,2493.4231
2026_07_15_gym,flight_33,2026_07_15_gym/flight_33,SHORT,400,1250,1,3,1,2,False,847.5983,1336.5944,621.4942,1345.7319
2026_07_15_gym,flight_52,2026_07_15_gym/flight_52,SHORT,400,1250,0,2,0,2,True,445.2437,941.9632,347.3195,940.8320
2026_07_15_gym,flight_53,2026_07_15_gym/flight_53,SHORT,400,1250,0,3,0,2,False,917.7359,670.0211,836.3495,669.3727
2026_07_15_gym,flight_56,2026_07_15_gym/flight_56,SHORT,400,1250,0,2,0,2,True,302.9030,813.1907,318.9548,818.6406
2026_07_15_gym,flight_60,2026_07_15_gym/flight_60,SHORT,400,1250,0,2,0,2,True,382.5731,758.5657,372.5464,772.2927
2026_07_21_gym,flight_11,2026_07_21_gym/flight_11,SHORT,400,1250,0,3,0,3,True,1566.3291,588.2383,1445.3253,601.3017
2026_07_21_gym,flight_115,2026_07_21_gym/flight_115,SHORT,400,1250,1,2,0,2,False,838.2266,1343.1434,754.0289,1202.7389
2026_07_21_gym,flight_118,2026_07_21_gym/flight_118,SHORT,400,1250,0,2,0,2,True,431.5127,1095.3220,256.1919,881.1421
2026_07_21_gym,flight_119,2026_07_21_gym/flight_119,SHORT,400,1250,0,2,0,2,True,727.0311,708.7948,760.4864,753.1441
2026_07_21_gym,flight_12,2026_07_21_gym/flight_12,SHORT,400,1250,0,3,0,3,True,1027.2504,648.6292,1009.3778,594.6157
2026_07_21_gym,flight_13,2026_07_21_gym/flight_13,SHORT,400,1250,0,3,0,3,True,867.3622,928.8121,927.8650,946.9908
2026_07_21_gym,flight_14,2026_07_21_gym/flight_14,SHORT,400,1250,0,3,0,3,True,1175.1617,451.7246,1167.6671,443.6412
2026_07_21_gym,flight_15,2026_07_21_gym/flight_15,SHORT,400,1250,1,2,1,2,True,733.3937,1442.5177,731.6165,1478.0702
2026_07_21_gym,flight_16,2026_07_21_gym/flight_16,SHORT,400,1250,0,2,0,2,True,733.0109,488.5736,823.7589,487.8313
2026_07_21_gym,flight_18,2026_07_21_gym/flight_18,SHORT,400,1250,0,2,0,2,True,-361.3933,337.4237,-163.1844,335.5473
2026_07_21_gym,flight_19,2026_07_21_gym/flight_19,SHORT,400,1250,0,2,0,2,True,389.2905,814.9237,312.1014,790.7951
2026_07_21_gym,flight_2,2026_07_21_gym/flight_2,SHORT,400,1250,0,2,0,2,True,799.9221,304.5992,786.0494,292.6255
2026_07_21_gym,flight_20,2026_07_21_gym/flight_20,SHORT,400,1250,0,2,0,2,True,659.4521,1034.7235,684.9977,1037.1535
2026_07_21_gym,flight_3,2026_07_21_gym/flight_3,SHORT,400,1250,1,2,0,2,False,197.6076,1256.7685,190.1627,1210.3650
2026_07_21_gym,flight_54,2026_07_21_gym/flight_54,SHORT,400,1250,1,2,1,2,True,443.1584,1474.4993,444.0597,1428.6962
2026_07_21_gym,flight_6,2026_07_21_gym/flight_6,SHORT,400,1250,0,2,0,2,True,343.7293,797.8586,331.8106,795.7426
2026_07_21_gym,flight_61,2026_07_21_gym/flight_61,SHORT,400,1250,0,3,0,3,True,1335.9711,523.3557,1285.9749,490.3761
2026_07_21_gym,flight_62,2026_07_21_gym/flight_62,SHORT,400,1250,1,2,1,2,True,672.4618,1340.2053,662.4891,1319.3270
2026_07_21_gym,flight_63,2026_07_21_gym/flight_63,SHORT,400,1250,0,2,0,2,True,625.2754,830.7890,505.3223,793.4264
2026_07_21_gym,flight_64,2026_07_21_gym/flight_64,SHORT,400,1250,0,2,0,2,True,245.2022,1217.3062,157.9781,1184.7168
2026_07_21_gym,flight_65,2026_07_21_gym/flight_65,SHORT,400,1250,0,2,0,2,True,432.1015,585.2489,461.9271,552.5619
2026_07_21_gym,flight_66,2026_07_21_gym/flight_66,SHORT,400,1250,0,2,0,2,True,299.8348,328.8815,273.4509,295.9737
2026_07_21_gym,flight_68,2026_07_21_gym/flight_68,SHORT,400,1250,0,3,0,3,True,1356.5307,1058.9734,1326.3498,999.9823
2026_07_21_gym,flight_69,2026_07_21_gym/flight_69,SHORT,400,1250,1,2,1,2,True,571.7132,1400.1898,416.0917,1392.2565
2026_07_21_gym,flight_70,2026_07_21_gym/flight_70,SHORT,400,1250,0,2,0,2,True,602.1815,658.0310,604.4305,627.6367
2026_07_21_gym,flight_72,2026_07_21_gym/flight_72,SHORT,400,1250,0,2,0,2,True,494.1916,723.2996,498.1310,685.5239
2026_07_21_gym,flight_73,2026_07_21_gym/flight_73,SHORT,400,1250,0,3,0,3,True,1254.4479,1195.7443,1245.9292,1121.8885
2026_07_21_gym,flight_74,2026_07_21_gym/flight_74,SHORT,400,1250,1,3,1,3,True,1662.5648,1325.1526,1544.1986,1284.5865
2026_07_21_gym,flight_75,2026_07_21_gym/flight_75,SHORT,400,1250,0,3,0,3,True,1184.5493,923.7531,1311.1714,884.6287
2026_07_21_gym,flight_76,2026_07_21_gym/flight_76,SHORT,400,1250,0,3,0,3,True,911.2153,768.3044,850.7364,735.0598
2026_07_21_gym,flight_77,2026_07_21_gym/flight_77,SHORT,400,1250,0,3,0,3,True,1189.7401,688.4005,1247.0498,618.1018
2026_07_21_gym,flight_78,2026_07_21_gym/flight_78,SHORT,400,1250,0,3,0,3,True,906.2568,910.7785,849.8547,878.9837
2026_07_21_gym,flight_79,2026_07_21_gym/flight_79,SHORT,400,1250,0,2,0,2,True,778.0716,637.5441,815.3656,598.7719
2026_07_21_gym,flight_82,2026_07_21_gym/flight_82,SHORT,400,1250,0,3,0,3,True,915.9401,560.9865,871.5576,541.0036
2026_07_21_gym,flight_83,2026_07_21_gym/flight_83,SHORT,400,1250,0,2,0,2,True,660.0392,856.1106,631.8994,818.4894
2026_07_21_gym,flight_85,2026_07_21_gym/flight_85,SHORT,400,1250,0,2,0,2,True,158.1972,1240.7068,65.1827,1229.3767
2026_07_21_gym,flight_86,2026_07_21_gym/flight_86,SHORT,400,1250,0,2,0,2,True,612.0492,441.9894,611.5382,449.1892
2026_07_21_gym,flight_87,2026_07_21_gym/flight_87,SHORT,400,1250,0,3,0,3,True,1042.5758,993.5857,1020.3998,969.8905
2026_07_21_gym,flight_88,2026_07_21_gym/flight_88,SHORT,400,1250,1,3,0,4,False,2083.9896,1265.8176,2213.9141,1223.5557
2026_07_21_gym,flight_9,2026_07_21_gym/flight_9,SHORT,400,1250,0,2,0,2,True,728.3020,842.0407,701.8525,818.8646
2026_07_21_gym,flight_90,2026_07_21_gym/flight_90,SHORT,400,1250,0,2,0,2,True,495.6103,975.1517,476.3054,964.1369
2026_07_15_gym,flight_17,2026_07_15_gym/flight_17,SHORT,400,1670,1,1,1,1,True,308.7450,2440.2234,134.8920,2493.4231
2026_07_15_gym,flight_33,2026_07_15_gym/flight_33,SHORT,400,1670,0,2,0,2,True,847.5983,1336.5944,621.4942,1345.7319
2026_07_15_gym,flight_52,2026_07_15_gym/flight_52,SHORT,400,1670,0,2,0,1,False,445.2437,941.9632,347.3195,940.8320
2026_07_15_gym,flight_53,2026_07_15_gym/flight_53,SHORT,400,1670,0,2,0,2,True,917.7359,670.0211,836.3495,669.3727
2026_07_15_gym,flight_56,2026_07_15_gym/flight_56,SHORT,400,1670,0,1,0,1,True,302.9030,813.1907,318.9548,818.6406
2026_07_15_gym,flight_60,2026_07_15_gym/flight_60,SHORT,400,1670,0,1,0,1,True,382.5731,758.5657,372.5464,772.2927
2026_07_21_gym,flight_11,2026_07_21_gym/flight_11,SHORT,400,1670,0,2,0,2,True,1566.3291,588.2383,1445.3253,601.3017
2026_07_21_gym,flight_115,2026_07_21_gym/flight_115,SHORT,400,1670,0,2,0,2,True,838.2266,1343.1434,754.0289,1202.7389
2026_07_21_gym,flight_118,2026_07_21_gym/flight_118,SHORT,400,1670,0,2,0,1,False,431.5127,1095.3220,256.1919,881.1421
2026_07_21_gym,flight_119,2026_07_21_gym/flight_119,SHORT,400,1670,0,2,0,2,True,727.0311,708.7948,760.4864,753.1441
2026_07_21_gym,flight_12,2026_07_21_gym/flight_12,SHORT,400,1670,0,2,0,2,True,1027.2504,648.6292,1009.3778,594.6157
2026_07_21_gym,flight_13,2026_07_21_gym/flight_13,SHORT,400,1670,0,2,0,2,True,867.3622,928.8121,927.8650,946.9908
2026_07_21_gym,flight_14,2026_07_21_gym/flight_14,SHORT,400,1670,0,2,0,2,True,1175.1617,451.7246,1167.6671,443.6412
2026_07_21_gym,flight_15,2026_07_21_gym/flight_15,SHORT,400,1670,0,2,0,2,True,733.3937,1442.5177,731.6165,1478.0702
2026_07_21_gym,flight_16,2026_07_21_gym/flight_16,SHORT,400,1670,0,2,0,2,True,733.0109,488.5736,823.7589,487.8313
2026_07_21_gym,flight_18,2026_07_21_gym/flight_18,SHORT,400,1670,0,1,0,1,True,-361.3933,337.4237,-163.1844,335.5473
2026_07_21_gym,flight_19,2026_07_21_gym/flight_19,SHORT,400,1670,0,1,0,1,True,389.2905,814.9237,312.1014,790.7951
2026_07_21_gym,flight_2,2026_07_21_gym/flight_2,SHORT,400,1670,0,2,0,2,True,799.9221,304.5992,786.0494,292.6255
2026_07_21_gym,flight_20,2026_07_21_gym/flight_20,SHORT,400,1670,0,2,0,2,True,659.4521,1034.7235,684.9977,1037.1535
2026_07_21_gym,flight_3,2026_07_21_gym/flight_3,SHORT,400,1670,0,1,0,1,True,197.6076,1256.7685,190.1627,1210.3650
2026_07_21_gym,flight_54,2026_07_21_gym/flight_54,SHORT,400,1670,0,2,0,2,True,443.1584,1474.4993,444.0597,1428.6962
2026_07_21_gym,flight_6,2026_07_21_gym/flight_6,SHORT,400,1670,0,1,0,1,True,343.7293,797.8586,331.8106,795.7426
2026_07_21_gym,flight_61,2026_07_21_gym/flight_61,SHORT,400,1670,0,2,0,2,True,1335.9711,523.3557,1285.9749,490.3761
2026_07_21_gym,flight_62,2026_07_21_gym/flight_62,SHORT,400,1670,0,2,0,2,True,672.4618,1340.2053,662.4891,1319.3270
2026_07_21_gym,flight_63,2026_07_21_gym/flight_63,SHORT,400,1670,0,2,0,2,True,625.2754,830.7890,505.3223,793.4264
2026_07_21_gym,flight_64,2026_07_21_gym/flight_64,SHORT,400,1670,0,1,0,1,True,245.2022,1217.3062,157.9781,1184.7168
2026_07_21_gym,flight_65,2026_07_21_gym/flight_65,SHORT,400,1670,0,2,0,2,True,432.1015,585.2489,461.9271,552.5619
2026_07_21_gym,flight_66,2026_07_21_gym/flight_66,SHORT,400,1670,0,1,0,1,True,299.8348,328.8815,273.4509,295.9737
2026_07_21_gym,flight_68,2026_07_21_gym/flight_68,SHORT,400,1670,0,2,0,2,True,1356.5307,1058.9734,1326.3498,999.9823
2026_07_21_gym,flight_69,2026_07_21_gym/flight_69,SHORT,400,1670,0,2,0,1,False,571.7132,1400.1898,416.0917,1392.2565
2026_07_21_gym,flight_70,2026_07_21_gym/flight_70,SHORT,400,1670,0,2,0,2,True,602.1815,658.0310,604.4305,627.6367
2026_07_21_gym,flight_72,2026_07_21_gym/flight_72,SHORT,400,1670,0,2,0,2,True,494.1916,723.2996,498.1310,685.5239
2026_07_21_gym,flight_73,2026_07_21_gym/flight_73,SHORT,400,1670,0,2,0,2,True,1254.4479,1195.7443,1245.9292,1121.8885
2026_07_21_gym,flight_74,2026_07_21_gym/flight_74,SHORT,400,1670,0,2,0,2,True,1662.5648,1325.1526,1544.1986,1284.5865
2026_07_21_gym,flight_75,2026_07_21_gym/flight_75,SHORT,400,1670,0,2,0,2,True,1184.5493,923.7531,1311.1714,884.6287
2026_07_21_gym,flight_76,2026_07_21_gym/flight_76,SHORT,400,1670,0,2,0,2,True,911.2153,768.3044,850.7364,735.0598
2026_07_21_gym,flight_77,2026_07_21_gym/flight_77,SHORT,400,1670,0,2,0,2,True,1189.7401,688.4005,1247.0498,618.1018
2026_07_21_gym,flight_78,2026_07_21_gym/flight_78,SHORT,400,1670,0,2,0,2,True,906.2568,910.7785,849.8547,878.9837
2026_07_21_gym,flight_79,2026_07_21_gym/flight_79,SHORT,400,1670,0,2,0,2,True,778.0716,637.5441,815.3656,598.7719
2026_07_21_gym,flight_82,2026_07_21_gym/flight_82,SHORT,400,1670,0,2,0,2,True,915.9401,560.9865,871.5576,541.0036
2026_07_21_gym,flight_83,2026_07_21_gym/flight_83,SHORT,400,1670,0,2,0,2,True,660.0392,856.1106,631.8994,818.4894
2026_07_21_gym,flight_85,2026_07_21_gym/flight_85,SHORT,400,1670,0,1,0,1,True,158.1972,1240.7068,65.1827,1229.3767
2026_07_21_gym,flight_86,2026_07_21_gym/flight_86,SHORT,400,1670,0,2,0,2,True,612.0492,441.9894,611.5382,449.1892
2026_07_21_gym,flight_87,2026_07_21_gym/flight_87,SHORT,400,1670,0,2,0,2,True,1042.5758,993.5857,1020.3998,969.8905
2026_07_21_gym,flight_88,2026_07_21_gym/flight_88,SHORT,400,1670,0,2,0,3,False,2083.9896,1265.8176,2213.9141,1223.5557
2026_07_21_gym,flight_9,2026_07_21_gym/flight_9,SHORT,400,1670,0,2,0,2,True,728.3020,842.0407,701.8525,818.8646
2026_07_21_gym,flight_90,2026_07_21_gym/flight_90,SHORT,400,1670,0,2,0,2,True,495.6103,975.1517,476.3054,964.1369
2026_07_15_gym,flight_17,2026_07_15_gym/flight_17,SHORT,400,2500,0,1,0,1,True,308.7450,2440.2234,134.8920,2493.4231
2026_07_15_gym,flight_33,2026_07_15_gym/flight_33,SHORT,400,2500,0,1,0,1,True,847.5983,1336.5944,621.4942,1345.7319
2026_07_15_gym,flight_52,2026_07_15_gym/flight_52,SHORT,400,2500,0,1,0,1,True,445.2437,941.9632,347.3195,940.8320
2026_07_15_gym,flight_53,2026_07_15_gym/flight_53,SHORT,400,2500,0,1,0,1,True,917.7359,670.0211,836.3495,669.3727
2026_07_15_gym,flight_56,2026_07_15_gym/flight_56,SHORT,400,2500,0,1,0,1,True,302.9030,813.1907,318.9548,818.6406
2026_07_15_gym,flight_60,2026_07_15_gym/flight_60,SHORT,400,2500,0,1,0,1,True,382.5731,758.5657,372.5464,772.2927
2026_07_21_gym,flight_11,2026_07_21_gym/flight_11,SHORT,400,2500,0,1,0,1,True,1566.3291,588.2383,1445.3253,601.3017
2026_07_21_gym,flight_115,2026_07_21_gym/flight_115,SHORT,400,2500,0,1,0,1,True,838.2266,1343.1434,754.0289,1202.7389
2026_07_21_gym,flight_118,2026_07_21_gym/flight_118,SHORT,400,2500,0,1,0,1,True,431.5127,1095.3220,256.1919,881.1421
2026_07_21_gym,flight_119,2026_07_21_gym/flight_119,SHORT,400,2500,0,1,0,1,True,727.0311,708.7948,760.4864,753.1441
2026_07_21_gym,flight_12,2026_07_21_gym/flight_12,SHORT,400,2500,0,1,0,1,True,1027.2504,648.6292,1009.3778,594.6157
2026_07_21_gym,flight_13,2026_07_21_gym/flight_13,SHORT,400,2500,0,1,0,1,True,867.3622,928.8121,927.8650,946.9908
2026_07_21_gym,flight_14,2026_07_21_gym/flight_14,SHORT,400,2500,0,1,0,1,True,1175.1617,451.7246,1167.6671,443.6412
2026_07_21_gym,flight_15,2026_07_21_gym/flight_15,SHORT,400,2500,0,1,0,1,True,733.3937,1442.5177,731.6165,1478.0702
2026_07_21_gym,flight_16,2026_07_21_gym/flight_16,SHORT,400,2500,0,1,0,1,True,733.0109,488.5736,823.7589,487.8313
2026_07_21_gym,flight_18,2026_07_21_gym/flight_18,SHORT,400,2500,0,1,0,1,True,-361.3933,337.4237,-163.1844,335.5473
2026_07_21_gym,flight_19,2026_07_21_gym/flight_19,SHORT,400,2500,0,1,0,1,True,389.2905,814.9237,312.1014,790.7951
2026_07_21_gym,flight_2,2026_07_21_gym/flight_2,SHORT,400,2500,0,1,0,1,True,799.9221,304.5992,786.0494,292.6255
2026_07_21_gym,flight_20,2026_07_21_gym/flight_20,SHORT,400,2500,0,1,0,1,True,659.4521,1034.7235,684.9977,1037.1535
2026_07_21_gym,flight_3,2026_07_21_gym/flight_3,SHORT,400,2500,0,1,0,1,True,197.6076,1256.7685,190.1627,1210.3650
2026_07_21_gym,flight_54,2026_07_21_gym/flight_54,SHORT,400,2500,0,1,0,1,True,443.1584,1474.4993,444.0597,1428.6962
2026_07_21_gym,flight_6,2026_07_21_gym/flight_6,SHORT,400,2500,0,1,0,1,True,343.7293,797.8586,331.8106,795.7426
2026_07_21_gym,flight_61,2026_07_21_gym/flight_61,SHORT,400,2500,0,1,0,1,True,1335.9711,523.3557,1285.9749,490.3761
2026_07_21_gym,flight_62,2026_07_21_gym/flight_62,SHORT,400,2500,0,1,0,1,True,672.4618,1340.2053,662.4891,1319.3270
2026_07_21_gym,flight_63,2026_07_21_gym/flight_63,SHORT,400,2500,0,1,0,1,True,625.2754,830.7890,505.3223,793.4264
2026_07_21_gym,flight_64,2026_07_21_gym/flight_64,SHORT,400,2500,0,1,0,1,True,245.2022,1217.3062,157.9781,1184.7168
2026_07_21_gym,flight_65,2026_07_21_gym/flight_65,SHORT,400,2500,0,1,0,1,True,432.1015,585.2489,461.9271,552.5619
2026_07_21_gym,flight_66,2026_07_21_gym/flight_66,SHORT,400,2500,0,1,0,1,True,299.8348,328.8815,273.4509,295.9737
2026_07_21_gym,flight_68,2026_07_21_gym/flight_68,SHORT,400,2500,0,1,0,1,True,1356.5307,1058.9734,1326.3498,999.9823
2026_07_21_gym,flight_69,2026_07_21_gym/flight_69,SHORT,400,2500,0,1,0,1,True,571.7132,1400.1898,416.0917,1392.2565
2026_07_21_gym,flight_70,2026_07_21_gym/flight_70,SHORT,400,2500,0,1,0,1,True,602.1815,658.0310,604.4305,627.6367
2026_07_21_gym,flight_72,2026_07_21_gym/flight_72,SHORT,400,2500,0,1,0,1,True,494.1916,723.2996,498.1310,685.5239
2026_07_21_gym,flight_73,2026_07_21_gym/flight_73,SHORT,400,2500,0,1,0,1,True,1254.4479,1195.7443,1245.9292,1121.8885
2026_07_21_gym,flight_74,2026_07_21_gym/flight_74,SHORT,400,2500,0,1,0,1,True,1662.5648,1325.1526,1544.1986,1284.5865
2026_07_21_gym,flight_75,2026_07_21_gym/flight_75,SHORT,400,2500,0,1,0,1,True,1184.5493,923.7531,1311.1714,884.6287
2026_07_21_gym,flight_76,2026_07_21_gym/flight_76,SHORT,400,2500,0,1,0,1,True,911.2153,768.3044,850.7364,735.0598
2026_07_21_gym,flight_77,2026_07_21_gym/flight_77,SHORT,400,2500,0,1,0,1,True,1189.7401,688.4005,1247.0498,618.1018
2026_07_21_gym,flight_78,2026_07_21_gym/flight_78,SHORT,400,2500,0,1,0,1,True,906.2568,910.7785,849.8547,878.9837
2026_07_21_gym,flight_79,2026_07_21_gym/flight_79,SHORT,400,2500,0,1,0,1,True,778.0716,637.5441,815.3656,598.7719
2026_07_21_gym,flight_82,2026_07_21_gym/flight_82,SHORT,400,2500,0,1,0,1,True,915.9401,560.9865,871.5576,541.0036
2026_07_21_gym,flight_83,2026_07_21_gym/flight_83,SHORT,400,2500,0,1,0,1,True,660.0392,856.1106,631.8994,818.4894
2026_07_21_gym,flight_85,2026_07_21_gym/flight_85,SHORT,400,2500,0,1,0,1,True,158.1972,1240.7068,65.1827,1229.3767
2026_07_21_gym,flight_86,2026_07_21_gym/flight_86,SHORT,400,2500,0,1,0,1,True,612.0492,441.9894,611.5382,449.1892
2026_07_21_gym,flight_87,2026_07_21_gym/flight_87,SHORT,400,2500,0,1,0,1,True,1042.5758,993.5857,1020.3998,969.8905
2026_07_21_gym,flight_88,2026_07_21_gym/flight_88,SHORT,400,2500,0,1,0,2,False,2083.9896,1265.8176,2213.9141,1223.5557
2026_07_21_gym,flight_9,2026_07_21_gym/flight_9,SHORT,400,2500,0,1,0,1,True,728.3020,842.0407,701.8525,818.8646
2026_07_21_gym,flight_90,2026_07_21_gym/flight_90,SHORT,400,2500,0,1,0,1,True,495.6103,975.1517,476.3054,964.1369
2026_07_15_gym,flight_11,2026_07_15_gym/flight_11,LONG,850,200,14,21,13,21,False,1314.3593,2917.5882,1337.6755,2760.2371
2026_07_15_gym,flight_12,2026_07_15_gym/flight_12,LONG,850,200,6,16,6,16,True,415.1586,1259.7583,455.2387,1256.7291
2026_07_15_gym,flight_14,2026_07_15_gym/flight_14,LONG,850,200,8,22,8,21,False,1543.2301,1793.9839,1462.6124,1732.8091
2026_07_15_gym,flight_15,2026_07_15_gym/flight_15,LONG,850,200,2,20,1,20,False,1106.3254,567.9424,1184.9410,372.8764
2026_07_15_gym,flight_19,2026_07_15_gym/flight_19,LONG,850,200,12,16,11,16,False,316.7735,2404.6608,311.7587,2373.4343
2026_07_15_gym,flight_20,2026_07_15_gym/flight_20,LONG,850,200,12,17,12,17,True,564.6127,2470.8439,541.3723,2443.8421
2026_07_15_gym,flight_21,2026_07_15_gym/flight_21,LONG,850,200,10,18,10,18,True,737.4067,2189.8067,709.7007,2153.6151
2026_07_15_gym,flight_22,2026_07_15_gym/flight_22,LONG,850,200,4,14,4,14,True,-54.0166,963.2891,-75.4129,879.3652
2026_07_15_gym,flight_23,2026_07_15_gym/flight_23,LONG,850,200,7,23,6,23,False,1765.4066,1425.9834,1762.7252,1381.4803
2026_07_15_gym,flight_24,2026_07_15_gym/flight_24,LONG,850,200,8,18,8,18,True,836.3191,1702.9006,833.7999,1693.3889
2026_07_15_gym,flight_25,2026_07_15_gym/flight_25,LONG,850,200,10,20,10,20,True,1243.4904,2170.6676,1234.9884,2076.2914
2026_07_15_gym,flight_26,2026_07_15_gym/flight_26,LONG,850,200,7,13,6,13,False,-137.6293,1464.0741,-186.3367,1384.2577
2026_07_15_gym,flight_28,2026_07_15_gym/flight_28,LONG,850,200,6,13,5,14,False,-154.9492,1236.7532,-96.7368,1196.2545
2026_07_15_gym,flight_29,2026_07_15_gym/flight_29,LONG,850,200,1,19,1,19,True,1025.4016,343.3277,1027.4453,297.7111
2026_07_15_gym,flight_36,2026_07_15_gym/flight_36,LONG,850,200,1,19,1,19,True,986.9218,273.8495,995.0538,239.8999
2026_07_15_gym,flight_48,2026_07_15_gym/flight_48,LONG,850,200,8,19,8,19,True,1066.0308,1743.9535,952.3675,1773.4149
2026_07_21_gym,flight_1,2026_07_21_gym/flight_1,LONG,850,200,10,15,10,15,True,209.6995,2114.6982,182.4210,2122.8741
2026_07_21_gym,flight_100,2026_07_21_gym/flight_100,LONG,850,200,9,17,9,16,False,493.6483,1974.0513,486.2511,1934.0300
2026_07_21_gym,flight_103,2026_07_21_gym/flight_103,LONG,850,200,4,21,4,21,True,1392.6830,954.1561,1351.0059,876.6090
2026_07_21_gym,flight_104,2026_07_21_gym/flight_104,LONG,850,200,1,15,1,16,False,283.0107,357.9684,303.1400,295.8933
2026_07_21_gym,flight_106,2026_07_21_gym/flight_106,LONG,850,200,7,17,6,17,False,601.2462,1439.2491,635.8152,1344.4224
2026_07_21_gym,flight_107,2026_07_21_gym/flight_107,LONG,850,200,2,16,1,16,False,483.4547,474.0390,468.3782,359.3105
2026_07_21_gym,flight_108,2026_07_21_gym/flight_108,LONG,850,200,2,18,2,18,True,721.0104,468.2842,728.7215,472.7243
2026_07_21_gym,flight_109,2026_07_21_gym/flight_109,LONG,850,200,9,17,9,17,True,513.9416,1988.5499,514.0176,1940.8886
2026_07_21_gym,flight_114,2026_07_21_gym/flight_114,LONG,850,200,5,18,5,19,False,835.8050,1085.3867,898.5802,1012.2294
2026_07_21_gym,flight_117,2026_07_21_gym/flight_117,LONG,850,200,4,18,3,18,False,758.1778,847.2734,784.7357,792.9634
2026_07_21_gym,flight_121,2026_07_21_gym/flight_121,LONG,850,200,8,17,7,17,False,551.2060,1613.2866,586.9825,1568.6226
2026_07_21_gym,flight_122,2026_07_21_gym/flight_122,LONG,850,200,4,20,3,21,False,1249.8202,945.3023,1346.6931,744.1436
2026_07_21_gym,flight_123,2026_07_21_gym/flight_123,LONG,850,200,8,17,8,17,True,622.8285,1700.2737,557.9818,1679.7704
2026_07_21_gym,flight_124,2026_07_21_gym/flight_124,LONG,850,200,5,14,5,13,False,-24.2220,1199.7494,-130.2065,1188.8770
2026_07_21_gym,flight_125,2026_07_21_gym/flight_125,LONG,850,200,4,18,3,18,False,776.3523,814.8556,843.1496,752.6038
2026_07_21_gym,flight_126,2026_07_21_gym/flight_126,LONG,850,200,6,14,5,14,False,-80.2400,1237.2390,-93.7941,1196.6384
2026_07_21_gym,flight_21,2026_07_21_gym/flight_21,LONG,850,200,9,16,8,16,False,433.6552,1829.7055,429.1550,1796.8047
2026_07_21_gym,flight_23,2026_07_21_gym/flight_23,LONG,850,200,8,16,8,15,False,301.1510,1635.1253,254.8072,1611.7608
2026_07_21_gym,flight_24,2026_07_21_gym/flight_24,LONG,850,200,4,16,4,16,True,432.9927,996.3125,380.9393,913.3584
2026_07_21_gym,flight_25,2026_07_21_gym/flight_25,LONG,850,200,11,18,10,18,False,831.7025,2201.3766,841.7233,2194.8725
2026_07_21_gym,flight_29,2026_07_21_gym/flight_29,LONG,850,200,6,13,5,13,False,-272.7503,1212.0086,-249.1445,1156.6497
2026_07_21_gym,flight_35,2026_07_21_gym/flight_35,LONG,850,200,11,18,11,18,True,842.2947,2297.1031,861.0379,2228.9433
2026_07_21_gym,flight_36,2026_07_21_gym/flight_36,LONG,850,200,5,18,5,18,True,782.5343,1118.1530,775.7488,1076.5974
2026_07_21_gym,flight_39,2026_07_21_gym/flight_39,LONG,850,200,6,16,6,17,False,478.2434,1244.9033,502.9541,1265.3593
2026_07_21_gym,flight_40,2026_07_21_gym/flight_40,LONG,850,200,5,19,5,20,False,1086.8140,1172.4121,1128.1176,1105.7278
2026_07_21_gym,flight_43,2026_07_21_gym/flight_43,LONG,850,200,4,18,4,18,True,819.0897,905.4803,731.3215,908.2212
2026_07_21_gym,flight_45,2026_07_21_gym/flight_45,LONG,850,200,4,18,4,19,False,864.4298,815.2083,924.7987,804.4851
2026_07_21_gym,flight_47,2026_07_21_gym/flight_47,LONG,850,200,6,15,6,15,True,219.8266,1313.4713,212.9676,1223.6015
2026_07_21_gym,flight_48,2026_07_21_gym/flight_48,LONG,850,200,10,14,10,14,True,37.0552,2131.7191,61.3786,2112.5313
2026_07_21_gym,flight_49,2026_07_21_gym/flight_49,LONG,850,200,8,16,8,16,True,464.4157,1657.9743,443.7144,1625.7368
2026_07_21_gym,flight_51,2026_07_21_gym/flight_51,LONG,850,200,8,15,8,15,True,161.7760,1727.6975,100.5576,1746.9150
2026_07_21_gym,flight_52,2026_07_21_gym/flight_52,LONG,850,200,6,15,6,15,True,170.7159,1386.1242,112.7444,1254.1363
2026_07_21_gym,flight_53,2026_07_21_gym/flight_53,LONG,850,200,3,20,2,20,False,1247.9275,603.0431,1226.5559,558.2697
2026_07_21_gym,flight_55,2026_07_21_gym/flight_55,LONG,850,200,7,17,7,16,False,510.1969,1534.4480,488.2548,1474.5024
2026_07_21_gym,flight_56,2026_07_21_gym/flight_56,LONG,850,200,4,20,4,21,False,1205.4388,893.5469,1309.8103,800.0655
2026_07_21_gym,flight_57,2026_07_21_gym/flight_57,LONG,850,200,5,16,5,16,True,437.4616,1073.0038,394.9636,1087.7590
2026_07_21_gym,flight_58,2026_07_21_gym/flight_58,LONG,850,200,9,18,8,18,False,818.1030,1807.2558,861.9657,1706.2149
2026_07_21_gym,flight_59,2026_07_21_gym/flight_59,LONG,850,200,5,20,4,20,False,1250.5357,1104.9855,1198.1186,923.5274
2026_07_21_gym,flight_92,2026_07_21_gym/flight_92,LONG,850,200,6,19,6,19,True,905.4792,1287.7710,909.6847,1231.8639
2026_07_21_gym,flight_93,2026_07_21_gym/flight_93,LONG,850,200,6,14,6,13,False,-96.7384,1397.6654,-158.9478,1345.0213
2026_07_21_gym,flight_94,2026_07_21_gym/flight_94,LONG,850,200,8,20,9,20,False,1188.2341,1799.0023,1131.6974,1831.4635
2026_07_21_gym,flight_95,2026_07_21_gym/flight_95,LONG,850,200,10,15,10,15,True,100.9430,2157.2786,98.9384,2086.1462
2026_07_21_gym,flight_96,2026_07_21_gym/flight_96,LONG,850,200,3,15,2,15,False,174.6434,657.7777,200.4348,594.1046
2026_07_21_gym,flight_98,2026_07_21_gym/flight_98,LONG,850,200,4,16,4,16,True,485.2443,810.1315,463.6166,815.5995
2026_07_15_gym,flight_11,2026_07_15_gym/flight_11,LONG,850,250,11,16,11,16,True,1314.3593,2917.5882,1337.6755,2760.2371
2026_07_15_gym,flight_12,2026_07_15_gym/flight_12,LONG,850,250,5,13,5,13,True,415.1586,1259.7583,455.2387,1256.7291
2026_07_15_gym,flight_14,2026_07_15_gym/flight_14,LONG,850,250,7,17,6,17,False,1543.2301,1793.9839,1462.6124,1732.8091
2026_07_15_gym,flight_15,2026_07_15_gym/flight_15,LONG,850,250,2,16,1,16,False,1106.3254,567.9424,1184.9410,372.8764
2026_07_15_gym,flight_19,2026_07_15_gym/flight_19,LONG,850,250,9,12,9,12,True,316.7735,2404.6608,311.7587,2373.4343
2026_07_15_gym,flight_20,2026_07_15_gym/flight_20,LONG,850,250,9,13,9,13,True,564.6127,2470.8439,541.3723,2443.8421
2026_07_15_gym,flight_21,2026_07_15_gym/flight_21,LONG,850,250,8,14,8,14,True,737.4067,2189.8067,709.7007,2153.6151
2026_07_15_gym,flight_22,2026_07_15_gym/flight_22,LONG,850,250,3,11,3,11,True,-54.0166,963.2891,-75.4129,879.3652
2026_07_15_gym,flight_23,2026_07_15_gym/flight_23,LONG,850,250,5,18,5,18,True,1765.4066,1425.9834,1762.7252,1381.4803
2026_07_15_gym,flight_24,2026_07_15_gym/flight_24,LONG,850,250,6,14,6,14,True,836.3191,1702.9006,833.7999,1693.3889
2026_07_15_gym,flight_25,2026_07_15_gym/flight_25,LONG,850,250,8,16,8,16,True,1243.4904,2170.6676,1234.9884,2076.2914
2026_07_15_gym,flight_26,2026_07_15_gym/flight_26,LONG,850,250,5,11,5,10,False,-137.6293,1464.0741,-186.3367,1384.2577
2026_07_15_gym,flight_28,2026_07_15_gym/flight_28,LONG,850,250,4,11,4,11,True,-154.9492,1236.7532,-96.7368,1196.2545
2026_07_15_gym,flight_29,2026_07_15_gym/flight_29,LONG,850,250,1,15,1,15,True,1025.4016,343.3277,1027.4453,297.7111
2026_07_15_gym,flight_36,2026_07_15_gym/flight_36,LONG,850,250,1,15,0,15,False,986.9218,273.8495,995.0538,239.8999
2026_07_15_gym,flight_48,2026_07_15_gym/flight_48,LONG,850,250,6,15,7,15,False,1066.0308,1743.9535,952.3675,1773.4149
2026_07_21_gym,flight_1,2026_07_21_gym/flight_1,LONG,850,250,8,12,8,12,True,209.6995,2114.6982,182.4210,2122.8741
2026_07_21_gym,flight_100,2026_07_21_gym/flight_100,LONG,850,250,7,13,7,13,True,493.6483,1974.0513,486.2511,1934.0300
2026_07_21_gym,flight_103,2026_07_21_gym/flight_103,LONG,850,250,3,17,3,17,True,1392.6830,954.1561,1351.0059,876.6090
2026_07_21_gym,flight_104,2026_07_21_gym/flight_104,LONG,850,250,1,12,1,12,True,283.0107,357.9684,303.1400,295.8933
2026_07_21_gym,flight_106,2026_07_21_gym/flight_106,LONG,850,250,5,14,5,14,True,601.2462,1439.2491,635.8152,1344.4224
2026_07_21_gym,flight_107,2026_07_21_gym/flight_107,LONG,850,250,1,13,1,13,True,483.4547,474.0390,468.3782,359.3105
2026_07_21_gym,flight_108,2026_07_21_gym/flight_108,LONG,850,250,1,14,1,14,True,721.0104,468.2842,728.7215,472.7243
2026_07_21_gym,flight_109,2026_07_21_gym/flight_109,LONG,850,250,7,13,7,13,True,513.9416,1988.5499,514.0176,1940.8886
2026_07_21_gym,flight_114,2026_07_21_gym/flight_114,LONG,850,250,4,14,4,15,False,835.8050,1085.3867,898.5802,1012.2294
2026_07_21_gym,flight_117,2026_07_21_gym/flight_117,LONG,850,250,3,14,3,14,True,758.1778,847.2734,784.7357,792.9634
2026_07_21_gym,flight_121,2026_07_21_gym/flight_121,LONG,850,250,6,13,6,13,True,551.2060,1613.2866,586.9825,1568.6226
2026_07_21_gym,flight_122,2026_07_21_gym/flight_122,LONG,850,250,3,16,2,17,False,1249.8202,945.3023,1346.6931,744.1436
2026_07_21_gym,flight_123,2026_07_21_gym/flight_123,LONG,850,250,6,14,6,13,False,622.8285,1700.2737,557.9818,1679.7704
2026_07_21_gym,flight_124,2026_07_21_gym/flight_124,LONG,850,250,4,11,4,11,True,-24.2220,1199.7494,-130.2065,1188.8770
2026_07_21_gym,flight_125,2026_07_21_gym/flight_125,LONG,850,250,3,14,3,15,False,776.3523,814.8556,843.1496,752.6038
2026_07_21_gym,flight_126,2026_07_21_gym/flight_126,LONG,850,250,4,11,4,11,True,-80.2400,1237.2390,-93.7941,1196.6384
2026_07_21_gym,flight_21,2026_07_21_gym/flight_21,LONG,850,250,7,13,7,13,True,433.6552,1829.7055,429.1550,1796.8047
2026_07_21_gym,flight_23,2026_07_21_gym/flight_23,LONG,850,250,6,12,6,12,True,301.1510,1635.1253,254.8072,1611.7608
2026_07_21_gym,flight_24,2026_07_21_gym/flight_24,LONG,850,250,3,13,3,13,True,432.9927,996.3125,380.9393,913.3584
2026_07_21_gym,flight_25,2026_07_21_gym/flight_25,LONG,850,250,8,14,8,15,False,831.7025,2201.3766,841.7233,2194.8725
2026_07_21_gym,flight_29,2026_07_21_gym/flight_29,LONG,850,250,4,10,4,10,True,-272.7503,1212.0086,-249.1445,1156.6497
2026_07_21_gym,flight_35,2026_07_21_gym/flight_35,LONG,850,250,9,15,8,15,False,842.2947,2297.1031,861.0379,2228.9433
2026_07_21_gym,flight_36,2026_07_21_gym/flight_36,LONG,850,250,4,14,4,14,True,782.5343,1118.1530,775.7488,1076.5974
2026_07_21_gym,flight_39,2026_07_21_gym/flight_39,LONG,850,250,4,13,5,13,False,478.2434,1244.9033,502.9541,1265.3593
2026_07_21_gym,flight_40,2026_07_21_gym/flight_40,LONG,850,250,4,15,4,16,False,1086.8140,1172.4121,1128.1176,1105.7278
2026_07_21_gym,flight_43,2026_07_21_gym/flight_43,LONG,850,250,3,14,3,14,True,819.0897,905.4803,731.3215,908.2212
2026_07_21_gym,flight_45,2026_07_21_gym/flight_45,LONG,850,250,3,15,3,15,True,864.4298,815.2083,924.7987,804.4851
2026_07_21_gym,flight_47,2026_07_21_gym/flight_47,LONG,850,250,5,12,4,12,False,219.8266,1313.4713,212.9676,1223.6015
2026_07_21_gym,flight_48,2026_07_21_gym/flight_48,LONG,850,250,8,11,8,11,True,37.0552,2131.7191,61.3786,2112.5313
2026_07_21_gym,flight_49,2026_07_21_gym/flight_49,LONG,850,250,6,13,6,13,True,464.4157,1657.9743,443.7144,1625.7368
2026_07_21_gym,flight_51,2026_07_21_gym/flight_51,LONG,850,250,6,12,6,12,True,161.7760,1727.6975,100.5576,1746.9150
2026_07_21_gym,flight_52,2026_07_21_gym/flight_52,LONG,850,250,5,12,5,12,True,170.7159,1386.1242,112.7444,1254.1363
2026_07_21_gym,flight_53,2026_07_21_gym/flight_53,LONG,850,250,2,16,2,16,True,1247.9275,603.0431,1226.5559,558.2697
2026_07_21_gym,flight_55,2026_07_21_gym/flight_55,LONG,850,250,6,13,5,13,False,510.1969,1534.4480,488.2548,1474.5024
2026_07_21_gym,flight_56,2026_07_21_gym/flight_56,LONG,850,250,3,16,3,16,True,1205.4388,893.5469,1309.8103,800.0655
2026_07_21_gym,flight_57,2026_07_21_gym/flight_57,LONG,850,250,4,13,4,13,True,437.4616,1073.0038,394.9636,1087.7590
2026_07_21_gym,flight_58,2026_07_21_gym/flight_58,LONG,850,250,7,14,6,15,False,818.1030,1807.2558,861.9657,1706.2149
2026_07_21_gym,flight_59,2026_07_21_gym/flight_59,LONG,850,250,4,16,3,16,False,1250.5357,1104.9855,1198.1186,923.5274
2026_07_21_gym,flight_92,2026_07_21_gym/flight_92,LONG,850,250,5,15,4,15,False,905.4792,1287.7710,909.6847,1231.8639
2026_07_21_gym,flight_93,2026_07_21_gym/flight_93,LONG,850,250,5,11,5,11,True,-96.7384,1397.6654,-158.9478,1345.0213
2026_07_21_gym,flight_94,2026_07_21_gym/flight_94,LONG,850,250,7,16,7,16,True,1188.2341,1799.0023,1131.6974,1831.4635
2026_07_21_gym,flight_95,2026_07_21_gym/flight_95,LONG,850,250,8,12,8,12,True,100.9430,2157.2786,98.9384,2086.1462
2026_07_21_gym,flight_96,2026_07_21_gym/flight_96,LONG,850,250,2,12,2,12,True,174.6434,657.7777,200.4348,594.1046
2026_07_21_gym,flight_98,2026_07_21_gym/flight_98,LONG,850,250,3,13,3,13,True,485.2443,810.1315,463.6166,815.5995
2026_07_15_gym,flight_11,2026_07_15_gym/flight_11,LONG,850,300,9,14,9,14,True,1314.3593,2917.5882,1337.6755,2760.2371
2026_07_15_gym,flight_12,2026_07_15_gym/flight_12,LONG,850,300,4,11,4,11,True,415.1586,1259.7583,455.2387,1256.7291
2026_07_15_gym,flight_14,2026_07_15_gym/flight_14,LONG,850,300,5,14,5,14,True,1543.2301,1793.9839,1462.6124,1732.8091
2026_07_15_gym,flight_15,2026_07_15_gym/flight_15,LONG,850,300,1,13,1,13,True,1106.3254,567.9424,1184.9410,372.8764
2026_07_15_gym,flight_19,2026_07_15_gym/flight_19,LONG,850,300,8,10,7,10,False,316.7735,2404.6608,311.7587,2373.4343
2026_07_15_gym,flight_20,2026_07_15_gym/flight_20,LONG,850,300,8,11,8,11,True,564.6127,2470.8439,541.3723,2443.8421
2026_07_15_gym,flight_21,2026_07_15_gym/flight_21,LONG,850,300,7,12,7,12,True,737.4067,2189.8067,709.7007,2153.6151
2026_07_15_gym,flight_22,2026_07_15_gym/flight_22,LONG,850,300,3,9,2,9,False,-54.0166,963.2891,-75.4129,879.3652
2026_07_15_gym,flight_23,2026_07_15_gym/flight_23,LONG,850,300,4,15,4,15,True,1765.4066,1425.9834,1762.7252,1381.4803
2026_07_15_gym,flight_24,2026_07_15_gym/flight_24,LONG,850,300,5,12,5,12,True,836.3191,1702.9006,833.7999,1693.3889
2026_07_15_gym,flight_25,2026_07_15_gym/flight_25,LONG,850,300,7,13,6,13,False,1243.4904,2170.6676,1234.9884,2076.2914
2026_07_15_gym,flight_26,2026_07_15_gym/flight_26,LONG,850,300,4,9,4,9,True,-137.6293,1464.0741,-186.3367,1384.2577
2026_07_15_gym,flight_28,2026_07_15_gym/flight_28,LONG,850,300,4,9,3,9,False,-154.9492,1236.7532,-96.7368,1196.2545
2026_07_15_gym,flight_29,2026_07_15_gym/flight_29,LONG,850,300,1,13,0,13,False,1025.4016,343.3277,1027.4453,297.7111
2026_07_15_gym,flight_36,2026_07_15_gym/flight_36,LONG,850,300,0,12,0,13,False,986.9218,273.8495,995.0538,239.8999
2026_07_15_gym,flight_48,2026_07_15_gym/flight_48,LONG,850,300,5,13,5,12,False,1066.0308,1743.9535,952.3675,1773.4149
2026_07_21_gym,flight_1,2026_07_21_gym/flight_1,LONG,850,300,7,10,7,10,True,209.6995,2114.6982,182.4210,2122.8741
2026_07_21_gym,flight_100,2026_07_21_gym/flight_100,LONG,850,300,6,11,6,11,True,493.6483,1974.0513,486.2511,1934.0300
2026_07_21_gym,flight_103,2026_07_21_gym/flight_103,LONG,850,300,3,14,2,14,False,1392.6830,954.1561,1351.0059,876.6090
2026_07_21_gym,flight_104,2026_07_21_gym/flight_104,LONG,850,300,1,10,0,10,False,283.0107,357.9684,303.1400,295.8933
2026_07_21_gym,flight_106,2026_07_21_gym/flight_106,LONG,850,300,4,11,4,11,True,601.2462,1439.2491,635.8152,1344.4224
2026_07_21_gym,flight_107,2026_07_21_gym/flight_107,LONG,850,300,1,11,1,11,True,483.4547,474.0390,468.3782,359.3105
2026_07_21_gym,flight_108,2026_07_21_gym/flight_108,LONG,850,300,1,12,1,12,True,721.0104,468.2842,728.7215,472.7243
2026_07_21_gym,flight_109,2026_07_21_gym/flight_109,LONG,850,300,6,11,6,11,True,513.9416,1988.5499,514.0176,1940.8886
2026_07_21_gym,flight_114,2026_07_21_gym/flight_114,LONG,850,300,3,12,3,12,True,835.8050,1085.3867,898.5802,1012.2294
2026_07_21_gym,flight_117,2026_07_21_gym/flight_117,LONG,850,300,2,12,2,12,True,758.1778,847.2734,784.7357,792.9634
2026_07_21_gym,flight_121,2026_07_21_gym/flight_121,LONG,850,300,5,11,5,11,True,551.2060,1613.2866,586.9825,1568.6226
2026_07_21_gym,flight_122,2026_07_21_gym/flight_122,LONG,850,300,3,13,2,14,False,1249.8202,945.3023,1346.6931,744.1436
2026_07_21_gym,flight_123,2026_07_21_gym/flight_123,LONG,850,300,5,11,5,11,True,622.8285,1700.2737,557.9818,1679.7704
2026_07_21_gym,flight_124,2026_07_21_gym/flight_124,LONG,850,300,3,9,3,9,True,-24.2220,1199.7494,-130.2065,1188.8770
2026_07_21_gym,flight_125,2026_07_21_gym/flight_125,LONG,850,300,2,12,2,12,True,776.3523,814.8556,843.1496,752.6038
2026_07_21_gym,flight_126,2026_07_21_gym/flight_126,LONG,850,300,4,9,3,9,False,-80.2400,1237.2390,-93.7941,1196.6384
2026_07_21_gym,flight_21,2026_07_21_gym/flight_21,LONG,850,300,6,11,5,11,False,433.6552,1829.7055,429.1550,1796.8047
2026_07_21_gym,flight_23,2026_07_21_gym/flight_23,LONG,850,300,5,10,5,10,True,301.1510,1635.1253,254.8072,1611.7608
2026_07_21_gym,flight_24,2026_07_21_gym/flight_24,LONG,850,300,3,11,3,10,False,432.9927,996.3125,380.9393,913.3584
2026_07_21_gym,flight_25,2026_07_21_gym/flight_25,LONG,850,300,7,12,7,12,True,831.7025,2201.3766,841.7233,2194.8725
2026_07_21_gym,flight_29,2026_07_21_gym/flight_29,LONG,850,300,4,8,3,8,False,-272.7503,1212.0086,-249.1445,1156.6497
2026_07_21_gym,flight_35,2026_07_21_gym/flight_35,LONG,850,300,7,12,7,12,True,842.2947,2297.1031,861.0379,2228.9433
2026_07_21_gym,flight_36,2026_07_21_gym/flight_36,LONG,850,300,3,12,3,12,True,782.5343,1118.1530,775.7488,1076.5974
2026_07_21_gym,flight_39,2026_07_21_gym/flight_39,LONG,850,300,4,11,4,11,True,478.2434,1244.9033,502.9541,1265.3593
2026_07_21_gym,flight_40,2026_07_21_gym/flight_40,LONG,850,300,3,13,3,13,True,1086.8140,1172.4121,1128.1176,1105.7278
2026_07_21_gym,flight_43,2026_07_21_gym/flight_43,LONG,850,300,3,12,3,12,True,819.0897,905.4803,731.3215,908.2212
2026_07_21_gym,flight_45,2026_07_21_gym/flight_45,LONG,850,300,2,12,2,12,True,864.4298,815.2083,924.7987,804.4851
2026_07_21_gym,flight_47,2026_07_21_gym/flight_47,LONG,850,300,4,10,4,10,True,219.8266,1313.4713,212.9676,1223.6015
2026_07_21_gym,flight_48,2026_07_21_gym/flight_48,LONG,850,300,7,9,7,9,True,37.0552,2131.7191,61.3786,2112.5313
2026_07_21_gym,flight_49,2026_07_21_gym/flight_49,LONG,850,300,5,11,5,11,True,464.4157,1657.9743,443.7144,1625.7368
2026_07_21_gym,flight_51,2026_07_21_gym/flight_51,LONG,850,300,5,10,5,10,True,161.7760,1727.6975,100.5576,1746.9150
2026_07_21_gym,flight_52,2026_07_21_gym/flight_52,LONG,850,300,4,10,4,10,True,170.7159,1386.1242,112.7444,1254.1363
2026_07_21_gym,flight_53,2026_07_21_gym/flight_53,LONG,850,300,2,13,1,13,False,1247.9275,603.0431,1226.5559,558.2697
2026_07_21_gym,flight_55,2026_07_21_gym/flight_55,LONG,850,300,5,11,4,11,False,510.1969,1534.4480,488.2548,1474.5024
2026_07_21_gym,flight_56,2026_07_21_gym/flight_56,LONG,850,300,2,13,2,14,False,1205.4388,893.5469,1309.8103,800.0655
2026_07_21_gym,flight_57,2026_07_21_gym/flight_57,LONG,850,300,3,11,3,11,True,437.4616,1073.0038,394.9636,1087.7590
2026_07_21_gym,flight_58,2026_07_21_gym/flight_58,LONG,850,300,6,12,5,12,False,818.1030,1807.2558,861.9657,1706.2149
2026_07_21_gym,flight_59,2026_07_21_gym/flight_59,LONG,850,300,3,13,3,13,True,1250.5357,1104.9855,1198.1186,923.5274
2026_07_21_gym,flight_92,2026_07_21_gym/flight_92,LONG,850,300,4,12,4,12,True,905.4792,1287.7710,909.6847,1231.8639
2026_07_21_gym,flight_93,2026_07_21_gym/flight_93,LONG,850,300,4,9,4,9,True,-96.7384,1397.6654,-158.9478,1345.0213
2026_07_21_gym,flight_94,2026_07_21_gym/flight_94,LONG,850,300,5,13,6,13,False,1188.2341,1799.0023,1131.6974,1831.4635
2026_07_21_gym,flight_95,2026_07_21_gym/flight_95,LONG,850,300,7,10,6,10,False,100.9430,2157.2786,98.9384,2086.1462
2026_07_21_gym,flight_96,2026_07_21_gym/flight_96,LONG,850,300,2,10,1,10,False,174.6434,657.7777,200.4348,594.1046
2026_07_21_gym,flight_98,2026_07_21_gym/flight_98,LONG,850,300,2,11,2,11,True,485.2443,810.1315,463.6166,815.5995
2026_07_15_gym,flight_11,2026_07_15_gym/flight_11,LONG,850,400,7,10,6,10,False,1314.3593,2917.5882,1337.6755,2760.2371
2026_07_15_gym,flight_12,2026_07_15_gym/flight_12,LONG,850,400,3,8,3,8,True,415.1586,1259.7583,455.2387,1256.7291
2026_07_15_gym,flight_14,2026_07_15_gym/flight_14,LONG,850,400,4,11,4,10,False,1543.2301,1793.9839,1462.6124,1732.8091
2026_07_15_gym,flight_15,2026_07_15_gym/flight_15,LONG,850,400,1,10,0,10,False,1106.3254,567.9424,1184.9410,372.8764
2026_07_15_gym,flight_19,2026_07_15_gym/flight_19,LONG,850,400,6,8,5,8,False,316.7735,2404.6608,311.7587,2373.4343
2026_07_15_gym,flight_20,2026_07_15_gym/flight_20,LONG,850,400,6,8,6,8,True,564.6127,2470.8439,541.3723,2443.8421
2026_07_15_gym,flight_21,2026_07_15_gym/flight_21,LONG,850,400,5,9,5,9,True,737.4067,2189.8067,709.7007,2153.6151
2026_07_15_gym,flight_22,2026_07_15_gym/flight_22,LONG,850,400,2,7,2,7,True,-54.0166,963.2891,-75.4129,879.3652
2026_07_15_gym,flight_23,2026_07_15_gym/flight_23,LONG,850,400,3,11,3,11,True,1765.4066,1425.9834,1762.7252,1381.4803
2026_07_15_gym,flight_24,2026_07_15_gym/flight_24,LONG,850,400,4,9,4,9,True,836.3191,1702.9006,833.7999,1693.3889
2026_07_15_gym,flight_25,2026_07_15_gym/flight_25,LONG,850,400,5,10,5,10,True,1243.4904,2170.6676,1234.9884,2076.2914
2026_07_15_gym,flight_26,2026_07_15_gym/flight_26,LONG,850,400,3,6,3,6,True,-137.6293,1464.0741,-186.3367,1384.2577
2026_07_15_gym,flight_28,2026_07_15_gym/flight_28,LONG,850,400,3,6,2,7,False,-154.9492,1236.7532,-96.7368,1196.2545
2026_07_15_gym,flight_29,2026_07_15_gym/flight_29,LONG,850,400,0,9,0,9,True,1025.4016,343.3277,1027.4453,297.7111
2026_07_15_gym,flight_36,2026_07_15_gym/flight_36,LONG,850,400,0,9,0,9,True,986.9218,273.8495,995.0538,239.8999
2026_07_15_gym,flight_48,2026_07_15_gym/flight_48,LONG,850,400,4,9,4,9,True,1066.0308,1743.9535,952.3675,1773.4149
2026_07_21_gym,flight_1,2026_07_21_gym/flight_1,LONG,850,400,5,7,5,7,True,209.6995,2114.6982,182.4210,2122.8741
2026_07_21_gym,flight_100,2026_07_21_gym/flight_100,LONG,850,400,4,8,4,8,True,493.6483,1974.0513,486.2511,1934.0300
2026_07_21_gym,flight_103,2026_07_21_gym/flight_103,LONG,850,400,2,10,2,10,True,1392.6830,954.1561,1351.0059,876.6090
2026_07_21_gym,flight_104,2026_07_21_gym/flight_104,LONG,850,400,0,7,0,8,False,283.0107,357.9684,303.1400,295.8933
2026_07_21_gym,flight_106,2026_07_21_gym/flight_106,LONG,850,400,3,8,3,8,True,601.2462,1439.2491,635.8152,1344.4224
2026_07_21_gym,flight_107,2026_07_21_gym/flight_107,LONG,850,400,1,8,0,8,False,483.4547,474.0390,468.3782,359.3105
2026_07_21_gym,flight_108,2026_07_21_gym/flight_108,LONG,850,400,1,9,1,9,True,721.0104,468.2842,728.7215,472.7243
2026_07_21_gym,flight_109,2026_07_21_gym/flight_109,LONG,850,400,4,8,4,8,True,513.9416,1988.5499,514.0176,1940.8886
2026_07_21_gym,flight_114,2026_07_21_gym/flight_114,LONG,850,400,2,9,2,9,True,835.8050,1085.3867,898.5802,1012.2294
2026_07_21_gym,flight_117,2026_07_21_gym/flight_117,LONG,850,400,2,9,1,9,False,758.1778,847.2734,784.7357,792.9634
2026_07_21_gym,flight_121,2026_07_21_gym/flight_121,LONG,850,400,4,8,3,8,False,551.2060,1613.2866,586.9825,1568.6226
2026_07_21_gym,flight_122,2026_07_21_gym/flight_122,LONG,850,400,2,10,1,10,False,1249.8202,945.3023,1346.6931,744.1436
2026_07_21_gym,flight_123,2026_07_21_gym/flight_123,LONG,850,400,4,8,4,8,True,622.8285,1700.2737,557.9818,1679.7704
2026_07_21_gym,flight_124,2026_07_21_gym/flight_124,LONG,850,400,2,7,2,6,False,-24.2220,1199.7494,-130.2065,1188.8770
2026_07_21_gym,flight_125,2026_07_21_gym/flight_125,LONG,850,400,2,9,1,9,False,776.3523,814.8556,843.1496,752.6038
2026_07_21_gym,flight_126,2026_07_21_gym/flight_126,LONG,850,400,3,7,2,7,False,-80.2400,1237.2390,-93.7941,1196.6384
2026_07_21_gym,flight_21,2026_07_21_gym/flight_21,LONG,850,400,4,8,4,8,True,433.6552,1829.7055,429.1550,1796.8047
2026_07_21_gym,flight_23,2026_07_21_gym/flight_23,LONG,850,400,4,8,4,7,False,301.1510,1635.1253,254.8072,1611.7608
2026_07_21_gym,flight_24,2026_07_21_gym/flight_24,LONG,850,400,2,8,2,8,True,432.9927,996.3125,380.9393,913.3584
2026_07_21_gym,flight_25,2026_07_21_gym/flight_25,LONG,850,400,5,9,5,9,True,831.7025,2201.3766,841.7233,2194.8725
2026_07_21_gym,flight_29,2026_07_21_gym/flight_29,LONG,850,400,3,6,2,6,False,-272.7503,1212.0086,-249.1445,1156.6497
2026_07_21_gym,flight_35,2026_07_21_gym/flight_35,LONG,850,400,5,9,5,9,True,842.2947,2297.1031,861.0379,2228.9433
2026_07_21_gym,flight_36,2026_07_21_gym/flight_36,LONG,850,400,2,9,2,9,True,782.5343,1118.1530,775.7488,1076.5974
2026_07_21_gym,flight_39,2026_07_21_gym/flight_39,LONG,850,400,3,8,3,8,True,478.2434,1244.9033,502.9541,1265.3593
2026_07_21_gym,flight_40,2026_07_21_gym/flight_40,LONG,850,400,2,9,2,10,False,1086.8140,1172.4121,1128.1176,1105.7278
2026_07_21_gym,flight_43,2026_07_21_gym/flight_43,LONG,850,400,2,9,2,9,True,819.0897,905.4803,731.3215,908.2212
2026_07_21_gym,flight_45,2026_07_21_gym/flight_45,LONG,850,400,2,9,2,9,True,864.4298,815.2083,924.7987,804.4851
2026_07_21_gym,flight_47,2026_07_21_gym/flight_47,LONG,850,400,3,7,3,7,True,219.8266,1313.4713,212.9676,1223.6015
2026_07_21_gym,flight_48,2026_07_21_gym/flight_48,LONG,850,400,5,7,5,7,True,37.0552,2131.7191,61.3786,2112.5313
2026_07_21_gym,flight_49,2026_07_21_gym/flight_49,LONG,850,400,4,8,4,8,True,464.4157,1657.9743,443.7144,1625.7368
2026_07_21_gym,flight_51,2026_07_21_gym/flight_51,LONG,850,400,4,7,4,7,True,161.7760,1727.6975,100.5576,1746.9150
2026_07_21_gym,flight_52,2026_07_21_gym/flight_52,LONG,850,400,3,7,3,7,True,170.7159,1386.1242,112.7444,1254.1363
2026_07_21_gym,flight_53,2026_07_21_gym/flight_53,LONG,850,400,1,10,1,10,True,1247.9275,603.0431,1226.5559,558.2697
2026_07_21_gym,flight_55,2026_07_21_gym/flight_55,LONG,850,400,3,8,3,8,True,510.1969,1534.4480,488.2548,1474.5024
2026_07_21_gym,flight_56,2026_07_21_gym/flight_56,LONG,850,400,2,10,2,10,True,1205.4388,893.5469,1309.8103,800.0655
2026_07_21_gym,flight_57,2026_07_21_gym/flight_57,LONG,850,400,2,8,2,8,True,437.4616,1073.0038,394.9636,1087.7590
2026_07_21_gym,flight_58,2026_07_21_gym/flight_58,LONG,850,400,4,9,4,9,True,818.1030,1807.2558,861.9657,1706.2149
2026_07_21_gym,flight_59,2026_07_21_gym/flight_59,LONG,850,400,2,10,2,10,True,1250.5357,1104.9855,1198.1186,923.5274
2026_07_21_gym,flight_92,2026_07_21_gym/flight_92,LONG,850,400,3,9,3,9,True,905.4792,1287.7710,909.6847,1231.8639
2026_07_21_gym,flight_93,2026_07_21_gym/flight_93,LONG,850,400,3,7,3,6,False,-96.7384,1397.6654,-158.9478,1345.0213
2026_07_21_gym,flight_94,2026_07_21_gym/flight_94,LONG,850,400,4,10,4,10,True,1188.2341,1799.0023,1131.6974,1831.4635
2026_07_21_gym,flight_95,2026_07_21_gym/flight_95,LONG,850,400,5,7,5,7,True,100.9430,2157.2786,98.9384,2086.1462
2026_07_21_gym,flight_96,2026_07_21_gym/flight_96,LONG,850,400,1,7,1,7,True,174.6434,657.7777,200.4348,594.1046
2026_07_21_gym,flight_98,2026_07_21_gym/flight_98,LONG,850,400,2,8,2,8,True,485.2443,810.1315,463.6166,815.5995
2026_07_15_gym,flight_11,2026_07_15_gym/flight_11,LONG,850,500,5,8,5,8,True,1314.3593,2917.5882,1337.6755,2760.2371
2026_07_15_gym,flight_12,2026_07_15_gym/flight_12,LONG,850,500,2,6,2,6,True,415.1586,1259.7583,455.2387,1256.7291
2026_07_15_gym,flight_14,2026_07_15_gym/flight_14,LONG,850,500,3,8,3,8,True,1543.2301,1793.9839,1462.6124,1732.8091
2026_07_15_gym,flight_15,2026_07_15_gym/flight_15,LONG,850,500,1,8,0,8,False,1106.3254,567.9424,1184.9410,372.8764
2026_07_15_gym,flight_19,2026_07_15_gym/flight_19,LONG,850,500,4,6,4,6,True,316.7735,2404.6608,311.7587,2373.4343
2026_07_15_gym,flight_20,2026_07_15_gym/flight_20,LONG,850,500,4,6,4,6,True,564.6127,2470.8439,541.3723,2443.8421
2026_07_15_gym,flight_21,2026_07_15_gym/flight_21,LONG,850,500,4,7,4,7,True,737.4067,2189.8067,709.7007,2153.6151
2026_07_15_gym,flight_22,2026_07_15_gym/flight_22,LONG,850,500,1,5,1,5,True,-54.0166,963.2891,-75.4129,879.3652
2026_07_15_gym,flight_23,2026_07_15_gym/flight_23,LONG,850,500,2,9,2,9,True,1765.4066,1425.9834,1762.7252,1381.4803
2026_07_15_gym,flight_24,2026_07_15_gym/flight_24,LONG,850,500,3,7,3,7,True,836.3191,1702.9006,833.7999,1693.3889
2026_07_15_gym,flight_25,2026_07_15_gym/flight_25,LONG,850,500,4,8,4,8,True,1243.4904,2170.6676,1234.9884,2076.2914
2026_07_15_gym,flight_26,2026_07_15_gym/flight_26,LONG,850,500,2,5,2,5,True,-137.6293,1464.0741,-186.3367,1384.2577
2026_07_15_gym,flight_28,2026_07_15_gym/flight_28,LONG,850,500,2,5,2,5,True,-154.9492,1236.7532,-96.7368,1196.2545
2026_07_15_gym,flight_29,2026_07_15_gym/flight_29,LONG,850,500,0,7,0,7,True,1025.4016,343.3277,1027.4453,297.7111
2026_07_15_gym,flight_36,2026_07_15_gym/flight_36,LONG,850,500,0,7,0,7,True,986.9218,273.8495,995.0538,239.8999
2026_07_15_gym,flight_48,2026_07_15_gym/flight_48,LONG,850,500,3,7,3,7,True,1066.0308,1743.9535,952.3675,1773.4149
2026_07_21_gym,flight_1,2026_07_21_gym/flight_1,LONG,850,500,4,6,4,6,True,209.6995,2114.6982,182.4210,2122.8741
2026_07_21_gym,flight_100,2026_07_21_gym/flight_100,LONG,850,500,3,6,3,6,True,493.6483,1974.0513,486.2511,1934.0300
2026_07_21_gym,flight_103,2026_07_21_gym/flight_103,LONG,850,500,1,8,1,8,True,1392.6830,954.1561,1351.0059,876.6090
2026_07_21_gym,flight_104,2026_07_21_gym/flight_104,LONG,850,500,0,6,0,6,True,283.0107,357.9684,303.1400,295.8933
2026_07_21_gym,flight_106,2026_07_21_gym/flight_106,LONG,850,500,2,7,2,7,True,601.2462,1439.2491,635.8152,1344.4224
2026_07_21_gym,flight_107,2026_07_21_gym/flight_107,LONG,850,500,0,6,0,6,True,483.4547,474.0390,468.3782,359.3105
2026_07_21_gym,flight_108,2026_07_21_gym/flight_108,LONG,850,500,0,7,0,7,True,721.0104,468.2842,728.7215,472.7243
2026_07_21_gym,flight_109,2026_07_21_gym/flight_109,LONG,850,500,3,6,3,6,True,513.9416,1988.5499,514.0176,1940.8886
2026_07_21_gym,flight_114,2026_07_21_gym/flight_114,LONG,850,500,2,7,2,7,True,835.8050,1085.3867,898.5802,1012.2294
2026_07_21_gym,flight_117,2026_07_21_gym/flight_117,LONG,850,500,1,7,1,7,True,758.1778,847.2734,784.7357,792.9634
2026_07_21_gym,flight_121,2026_07_21_gym/flight_121,LONG,850,500,3,6,3,6,True,551.2060,1613.2866,586.9825,1568.6226
2026_07_21_gym,flight_122,2026_07_21_gym/flight_122,LONG,850,500,1,8,1,8,True,1249.8202,945.3023,1346.6931,744.1436
2026_07_21_gym,flight_123,2026_07_21_gym/flight_123,LONG,850,500,3,7,3,6,False,622.8285,1700.2737,557.9818,1679.7704
2026_07_21_gym,flight_124,2026_07_21_gym/flight_124,LONG,850,500,2,5,2,5,True,-24.2220,1199.7494,-130.2065,1188.8770
2026_07_21_gym,flight_125,2026_07_21_gym/flight_125,LONG,850,500,1,7,1,7,True,776.3523,814.8556,843.1496,752.6038
2026_07_21_gym,flight_126,2026_07_21_gym/flight_126,LONG,850,500,2,5,2,5,True,-80.2400,1237.2390,-93.7941,1196.6384
2026_07_21_gym,flight_21,2026_07_21_gym/flight_21,LONG,850,500,3,6,3,6,True,433.6552,1829.7055,429.1550,1796.8047
2026_07_21_gym,flight_23,2026_07_21_gym/flight_23,LONG,850,500,3,6,3,6,True,301.1510,1635.1253,254.8072,1611.7608
2026_07_21_gym,flight_24,2026_07_21_gym/flight_24,LONG,850,500,1,6,1,6,True,432.9927,996.3125,380.9393,913.3584
2026_07_21_gym,flight_25,2026_07_21_gym/flight_25,LONG,850,500,4,7,4,7,True,831.7025,2201.3766,841.7233,2194.8725
2026_07_21_gym,flight_29,2026_07_21_gym/flight_29,LONG,850,500,2,5,2,5,True,-272.7503,1212.0086,-249.1445,1156.6497
2026_07_21_gym,flight_35,2026_07_21_gym/flight_35,LONG,850,500,4,7,4,7,True,842.2947,2297.1031,861.0379,2228.9433
2026_07_21_gym,flight_36,2026_07_21_gym/flight_36,LONG,850,500,2,7,2,7,True,782.5343,1118.1530,775.7488,1076.5974
2026_07_21_gym,flight_39,2026_07_21_gym/flight_39,LONG,850,500,2,6,2,6,True,478.2434,1244.9033,502.9541,1265.3593
2026_07_21_gym,flight_40,2026_07_21_gym/flight_40,LONG,850,500,2,7,2,8,False,1086.8140,1172.4121,1128.1176,1105.7278
2026_07_21_gym,flight_43,2026_07_21_gym/flight_43,LONG,850,500,1,7,1,7,True,819.0897,905.4803,731.3215,908.2212
2026_07_21_gym,flight_45,2026_07_21_gym/flight_45,LONG,850,500,1,7,1,7,True,864.4298,815.2083,924.7987,804.4851
2026_07_21_gym,flight_47,2026_07_21_gym/flight_47,LONG,850,500,2,6,2,6,True,219.8266,1313.4713,212.9676,1223.6015
2026_07_21_gym,flight_48,2026_07_21_gym/flight_48,LONG,850,500,4,5,4,5,True,37.0552,2131.7191,61.3786,2112.5313
2026_07_21_gym,flight_49,2026_07_21_gym/flight_49,LONG,850,500,3,6,3,6,True,464.4157,1657.9743,443.7144,1625.7368
2026_07_21_gym,flight_51,2026_07_21_gym/flight_51,LONG,850,500,3,6,3,6,True,161.7760,1727.6975,100.5576,1746.9150
2026_07_21_gym,flight_52,2026_07_21_gym/flight_52,LONG,850,500,2,6,2,6,True,170.7159,1386.1242,112.7444,1254.1363
2026_07_21_gym,flight_53,2026_07_21_gym/flight_53,LONG,850,500,1,8,1,8,True,1247.9275,603.0431,1226.5559,558.2697
2026_07_21_gym,flight_55,2026_07_21_gym/flight_55,LONG,850,500,3,6,2,6,False,510.1969,1534.4480,488.2548,1474.5024
2026_07_21_gym,flight_56,2026_07_21_gym/flight_56,LONG,850,500,1,8,1,8,True,1205.4388,893.5469,1309.8103,800.0655
2026_07_21_gym,flight_57,2026_07_21_gym/flight_57,LONG,850,500,2,6,2,6,True,437.4616,1073.0038,394.9636,1087.7590
2026_07_21_gym,flight_58,2026_07_21_gym/flight_58,LONG,850,500,3,7,3,7,True,818.1030,1807.2558,861.9657,1706.2149
2026_07_21_gym,flight_59,2026_07_21_gym/flight_59,LONG,850,500,2,8,1,8,False,1250.5357,1104.9855,1198.1186,923.5274
2026_07_21_gym,flight_92,2026_07_21_gym/flight_92,LONG,850,500,2,7,2,7,True,905.4792,1287.7710,909.6847,1231.8639
2026_07_21_gym,flight_93,2026_07_21_gym/flight_93,LONG,850,500,2,5,2,5,True,-96.7384,1397.6654,-158.9478,1345.0213
2026_07_21_gym,flight_94,2026_07_21_gym/flight_94,LONG,850,500,3,8,3,8,True,1188.2341,1799.0023,1131.6974,1831.4635
2026_07_21_gym,flight_95,2026_07_21_gym/flight_95,LONG,850,500,4,6,4,6,True,100.9430,2157.2786,98.9384,2086.1462
2026_07_21_gym,flight_96,2026_07_21_gym/flight_96,LONG,850,500,1,6,1,6,True,174.6434,657.7777,200.4348,594.1046
2026_07_21_gym,flight_98,2026_07_21_gym/flight_98,LONG,850,500,1,6,1,6,True,485.2443,810.1315,463.6166,815.5995
2026_07_15_gym,flight_11,2026_07_15_gym/flight_11,LONG,850,600,4,7,4,7,True,1314.3593,2917.5882,1337.6755,2760.2371
2026_07_15_gym,flight_12,2026_07_15_gym/flight_12,LONG,850,600,2,5,2,5,True,415.1586,1259.7583,455.2387,1256.7291
2026_07_15_gym,flight_14,2026_07_15_gym/flight_14,LONG,850,600,2,7,2,7,True,1543.2301,1793.9839,1462.6124,1732.8091
2026_07_15_gym,flight_15,2026_07_15_gym/flight_15,LONG,850,600,0,6,0,6,True,1106.3254,567.9424,1184.9410,372.8764
2026_07_15_gym,flight_19,2026_07_15_gym/flight_19,LONG,850,600,4,5,3,5,False,316.7735,2404.6608,311.7587,2373.4343
2026_07_15_gym,flight_20,2026_07_15_gym/flight_20,LONG,850,600,4,5,4,5,True,564.6127,2470.8439,541.3723,2443.8421
2026_07_15_gym,flight_21,2026_07_15_gym/flight_21,LONG,850,600,3,6,3,6,True,737.4067,2189.8067,709.7007,2153.6151
2026_07_15_gym,flight_22,2026_07_15_gym/flight_22,LONG,850,600,1,4,1,4,True,-54.0166,963.2891,-75.4129,879.3652
2026_07_15_gym,flight_23,2026_07_15_gym/flight_23,LONG,850,600,2,7,2,7,True,1765.4066,1425.9834,1762.7252,1381.4803
2026_07_15_gym,flight_24,2026_07_15_gym/flight_24,LONG,850,600,2,6,2,6,True,836.3191,1702.9006,833.7999,1693.3889
2026_07_15_gym,flight_25,2026_07_15_gym/flight_25,LONG,850,600,3,6,3,6,True,1243.4904,2170.6676,1234.9884,2076.2914
2026_07_15_gym,flight_26,2026_07_15_gym/flight_26,LONG,850,600,2,4,2,4,True,-137.6293,1464.0741,-186.3367,1384.2577
2026_07_15_gym,flight_28,2026_07_15_gym/flight_28,LONG,850,600,2,4,1,4,False,-154.9492,1236.7532,-96.7368,1196.2545
2026_07_15_gym,flight_29,2026_07_15_gym/flight_29,LONG,850,600,0,6,0,6,True,1025.4016,343.3277,1027.4453,297.7111
2026_07_15_gym,flight_36,2026_07_15_gym/flight_36,LONG,850,600,0,6,0,6,True,986.9218,273.8495,995.0538,239.8999
2026_07_15_gym,flight_48,2026_07_15_gym/flight_48,LONG,850,600,2,6,2,6,True,1066.0308,1743.9535,952.3675,1773.4149
2026_07_21_gym,flight_1,2026_07_21_gym/flight_1,LONG,850,600,3,5,3,5,True,209.6995,2114.6982,182.4210,2122.8741
2026_07_21_gym,flight_100,2026_07_21_gym/flight_100,LONG,850,600,3,5,3,5,True,493.6483,1974.0513,486.2511,1934.0300
2026_07_21_gym,flight_103,2026_07_21_gym/flight_103,LONG,850,600,1,7,1,7,True,1392.6830,954.1561,1351.0059,876.6090
2026_07_21_gym,flight_104,2026_07_21_gym/flight_104,LONG,850,600,0,5,0,5,True,283.0107,357.9684,303.1400,295.8933
2026_07_21_gym,flight_106,2026_07_21_gym/flight_106,LONG,850,600,2,5,2,5,True,601.2462,1439.2491,635.8152,1344.4224
2026_07_21_gym,flight_107,2026_07_21_gym/flight_107,LONG,850,600,0,5,0,5,True,483.4547,474.0390,468.3782,359.3105
2026_07_21_gym,flight_108,2026_07_21_gym/flight_108,LONG,850,600,0,6,0,6,True,721.0104,468.2842,728.7215,472.7243
2026_07_21_gym,flight_109,2026_07_21_gym/flight_109,LONG,850,600,3,5,3,5,True,513.9416,1988.5499,514.0176,1940.8886
2026_07_21_gym,flight_114,2026_07_21_gym/flight_114,LONG,850,600,1,6,1,6,True,835.8050,1085.3867,898.5802,1012.2294
2026_07_21_gym,flight_117,2026_07_21_gym/flight_117,LONG,850,600,1,6,1,6,True,758.1778,847.2734,784.7357,792.9634
2026_07_21_gym,flight_121,2026_07_21_gym/flight_121,LONG,850,600,2,5,2,5,True,551.2060,1613.2866,586.9825,1568.6226
2026_07_21_gym,flight_122,2026_07_21_gym/flight_122,LONG,850,600,1,6,1,7,False,1249.8202,945.3023,1346.6931,744.1436
2026_07_21_gym,flight_123,2026_07_21_gym/flight_123,LONG,850,600,2,5,2,5,True,622.8285,1700.2737,557.9818,1679.7704
2026_07_21_gym,flight_124,2026_07_21_gym/flight_124,LONG,850,600,1,4,1,4,True,-24.2220,1199.7494,-130.2065,1188.8770
2026_07_21_gym,flight_125,2026_07_21_gym/flight_125,LONG,850,600,1,6,1,6,True,776.3523,814.8556,843.1496,752.6038
2026_07_21_gym,flight_126,2026_07_21_gym/flight_126,LONG,850,600,2,4,1,4,False,-80.2400,1237.2390,-93.7941,1196.6384
2026_07_21_gym,flight_21,2026_07_21_gym/flight_21,LONG,850,600,3,5,2,5,False,433.6552,1829.7055,429.1550,1796.8047
2026_07_21_gym,flight_23,2026_07_21_gym/flight_23,LONG,850,600,2,5,2,5,True,301.1510,1635.1253,254.8072,1611.7608
2026_07_21_gym,flight_24,2026_07_21_gym/flight_24,LONG,850,600,1,5,1,5,True,432.9927,996.3125,380.9393,913.3584
2026_07_21_gym,flight_25,2026_07_21_gym/flight_25,LONG,850,600,3,6,3,6,True,831.7025,2201.3766,841.7233,2194.8725
2026_07_21_gym,flight_29,2026_07_21_gym/flight_29,LONG,850,600,2,4,1,4,False,-272.7503,1212.0086,-249.1445,1156.6497
2026_07_21_gym,flight_35,2026_07_21_gym/flight_35,LONG,850,600,3,6,3,6,True,842.2947,2297.1031,861.0379,2228.9433
2026_07_21_gym,flight_36,2026_07_21_gym/flight_36,LONG,850,600,1,6,1,6,True,782.5343,1118.1530,775.7488,1076.5974
2026_07_21_gym,flight_39,2026_07_21_gym/flight_39,LONG,850,600,2,5,2,5,True,478.2434,1244.9033,502.9541,1265.3593
2026_07_21_gym,flight_40,2026_07_21_gym/flight_40,LONG,850,600,1,6,1,6,True,1086.8140,1172.4121,1128.1176,1105.7278
2026_07_21_gym,flight_43,2026_07_21_gym/flight_43,LONG,850,600,1,6,1,6,True,819.0897,905.4803,731.3215,908.2212
2026_07_21_gym,flight_45,2026_07_21_gym/flight_45,LONG,850,600,1,6,1,6,True,864.4298,815.2083,924.7987,804.4851
2026_07_21_gym,flight_47,2026_07_21_gym/flight_47,LONG,850,600,2,5,2,5,True,219.8266,1313.4713,212.9676,1223.6015
2026_07_21_gym,flight_48,2026_07_21_gym/flight_48,LONG,850,600,3,4,3,4,True,37.0552,2131.7191,61.3786,2112.5313
2026_07_21_gym,flight_49,2026_07_21_gym/flight_49,LONG,850,600,2,5,2,5,True,464.4157,1657.9743,443.7144,1625.7368
2026_07_21_gym,flight_51,2026_07_21_gym/flight_51,LONG,850,600,2,5,2,5,True,161.7760,1727.6975,100.5576,1746.9150
2026_07_21_gym,flight_52,2026_07_21_gym/flight_52,LONG,850,600,2,5,2,5,True,170.7159,1386.1242,112.7444,1254.1363
2026_07_21_gym,flight_53,2026_07_21_gym/flight_53,LONG,850,600,1,6,0,6,False,1247.9275,603.0431,1226.5559,558.2697
2026_07_21_gym,flight_55,2026_07_21_gym/flight_55,LONG,850,600,2,5,2,5,True,510.1969,1534.4480,488.2548,1474.5024
2026_07_21_gym,flight_56,2026_07_21_gym/flight_56,LONG,850,600,1,6,1,7,False,1205.4388,893.5469,1309.8103,800.0655
2026_07_21_gym,flight_57,2026_07_21_gym/flight_57,LONG,850,600,1,5,1,5,True,437.4616,1073.0038,394.9636,1087.7590
2026_07_21_gym,flight_58,2026_07_21_gym/flight_58,LONG,850,600,3,6,2,6,False,818.1030,1807.2558,861.9657,1706.2149
2026_07_21_gym,flight_59,2026_07_21_gym/flight_59,LONG,850,600,1,6,1,6,True,1250.5357,1104.9855,1198.1186,923.5274
2026_07_21_gym,flight_92,2026_07_21_gym/flight_92,LONG,850,600,2,6,2,6,True,905.4792,1287.7710,909.6847,1231.8639
2026_07_21_gym,flight_93,2026_07_21_gym/flight_93,LONG,850,600,2,4,2,4,True,-96.7384,1397.6654,-158.9478,1345.0213
2026_07_21_gym,flight_94,2026_07_21_gym/flight_94,LONG,850,600,2,6,3,6,False,1188.2341,1799.0023,1131.6974,1831.4635
2026_07_21_gym,flight_95,2026_07_21_gym/flight_95,LONG,850,600,3,5,3,5,True,100.9430,2157.2786,98.9384,2086.1462
2026_07_21_gym,flight_96,2026_07_21_gym/flight_96,LONG,850,600,1,5,0,5,False,174.6434,657.7777,200.4348,594.1046
2026_07_21_gym,flight_98,2026_07_21_gym/flight_98,LONG,850,600,1,5,1,5,True,485.2443,810.1315,463.6166,815.5995
2026_07_15_gym,flight_11,2026_07_15_gym/flight_11,LONG,850,800,3,5,3,5,True,1314.3593,2917.5882,1337.6755,2760.2371
2026_07_15_gym,flight_12,2026_07_15_gym/flight_12,LONG,850,800,1,4,1,4,True,415.1586,1259.7583,455.2387,1256.7291
2026_07_15_gym,flight_14,2026_07_15_gym/flight_14,LONG,850,800,2,5,2,5,True,1543.2301,1793.9839,1462.6124,1732.8091
2026_07_15_gym,flight_15,2026_07_15_gym/flight_15,LONG,850,800,0,5,0,5,True,1106.3254,567.9424,1184.9410,372.8764
2026_07_15_gym,flight_19,2026_07_15_gym/flight_19,LONG,850,800,3,4,2,4,False,316.7735,2404.6608,311.7587,2373.4343
2026_07_15_gym,flight_20,2026_07_15_gym/flight_20,LONG,850,800,3,4,3,4,True,564.6127,2470.8439,541.3723,2443.8421
2026_07_15_gym,flight_21,2026_07_15_gym/flight_21,LONG,850,800,2,4,2,4,True,737.4067,2189.8067,709.7007,2153.6151
2026_07_15_gym,flight_22,2026_07_15_gym/flight_22,LONG,850,800,1,3,1,3,True,-54.0166,963.2891,-75.4129,879.3652
2026_07_15_gym,flight_23,2026_07_15_gym/flight_23,LONG,850,800,1,5,1,5,True,1765.4066,1425.9834,1762.7252,1381.4803
2026_07_15_gym,flight_24,2026_07_15_gym/flight_24,LONG,850,800,2,4,2,4,True,836.3191,1702.9006,833.7999,1693.3889
2026_07_15_gym,flight_25,2026_07_15_gym/flight_25,LONG,850,800,2,5,2,5,True,1243.4904,2170.6676,1234.9884,2076.2914
2026_07_15_gym,flight_26,2026_07_15_gym/flight_26,LONG,850,800,1,3,1,3,True,-137.6293,1464.0741,-186.3367,1384.2577
2026_07_15_gym,flight_28,2026_07_15_gym/flight_28,LONG,850,800,1,3,1,3,True,-154.9492,1236.7532,-96.7368,1196.2545
2026_07_15_gym,flight_29,2026_07_15_gym/flight_29,LONG,850,800,0,4,0,4,True,1025.4016,343.3277,1027.4453,297.7111
2026_07_15_gym,flight_36,2026_07_15_gym/flight_36,LONG,850,800,0,4,0,4,True,986.9218,273.8495,995.0538,239.8999
2026_07_15_gym,flight_48,2026_07_15_gym/flight_48,LONG,850,800,2,4,2,4,True,1066.0308,1743.9535,952.3675,1773.4149
2026_07_21_gym,flight_1,2026_07_21_gym/flight_1,LONG,850,800,2,3,2,3,True,209.6995,2114.6982,182.4210,2122.8741
2026_07_21_gym,flight_100,2026_07_21_gym/flight_100,LONG,850,800,2,4,2,4,True,493.6483,1974.0513,486.2511,1934.0300
2026_07_21_gym,flight_103,2026_07_21_gym/flight_103,LONG,850,800,1,5,1,5,True,1392.6830,954.1561,1351.0059,876.6090
2026_07_21_gym,flight_104,2026_07_21_gym/flight_104,LONG,850,800,0,3,0,4,False,283.0107,357.9684,303.1400,295.8933
2026_07_21_gym,flight_106,2026_07_21_gym/flight_106,LONG,850,800,1,4,1,4,True,601.2462,1439.2491,635.8152,1344.4224
2026_07_21_gym,flight_107,2026_07_21_gym/flight_107,LONG,850,800,0,4,0,4,True,483.4547,474.0390,468.3782,359.3105
2026_07_21_gym,flight_108,2026_07_21_gym/flight_108,LONG,850,800,0,4,0,4,True,721.0104,468.2842,728.7215,472.7243
2026_07_21_gym,flight_109,2026_07_21_gym/flight_109,LONG,850,800,2,4,2,4,True,513.9416,1988.5499,514.0176,1940.8886
2026_07_21_gym,flight_114,2026_07_21_gym/flight_114,LONG,850,800,1,4,1,4,True,835.8050,1085.3867,898.5802,1012.2294
2026_07_21_gym,flight_117,2026_07_21_gym/flight_117,LONG,850,800,1,4,0,4,False,758.1778,847.2734,784.7357,792.9634
2026_07_21_gym,flight_121,2026_07_21_gym/flight_121,LONG,850,800,2,4,1,4,False,551.2060,1613.2866,586.9825,1568.6226
2026_07_21_gym,flight_122,2026_07_21_gym/flight_122,LONG,850,800,1,5,0,5,False,1249.8202,945.3023,1346.6931,744.1436
2026_07_21_gym,flight_123,2026_07_21_gym/flight_123,LONG,850,800,2,4,2,4,True,622.8285,1700.2737,557.9818,1679.7704
2026_07_21_gym,flight_124,2026_07_21_gym/flight_124,LONG,850,800,1,3,1,3,True,-24.2220,1199.7494,-130.2065,1188.8770
2026_07_21_gym,flight_125,2026_07_21_gym/flight_125,LONG,850,800,1,4,0,4,False,776.3523,814.8556,843.1496,752.6038
2026_07_21_gym,flight_126,2026_07_21_gym/flight_126,LONG,850,800,1,3,1,3,True,-80.2400,1237.2390,-93.7941,1196.6384
2026_07_21_gym,flight_21,2026_07_21_gym/flight_21,LONG,850,800,2,4,2,4,True,433.6552,1829.7055,429.1550,1796.8047
2026_07_21_gym,flight_23,2026_07_21_gym/flight_23,LONG,850,800,2,4,2,3,False,301.1510,1635.1253,254.8072,1611.7608
2026_07_21_gym,flight_24,2026_07_21_gym/flight_24,LONG,850,800,1,4,1,4,True,432.9927,996.3125,380.9393,913.3584
2026_07_21_gym,flight_25,2026_07_21_gym/flight_25,LONG,850,800,2,4,2,4,True,831.7025,2201.3766,841.7233,2194.8725
2026_07_21_gym,flight_29,2026_07_21_gym/flight_29,LONG,850,800,1,3,1,3,True,-272.7503,1212.0086,-249.1445,1156.6497
2026_07_21_gym,flight_35,2026_07_21_gym/flight_35,LONG,850,800,2,4,2,4,True,842.2947,2297.1031,861.0379,2228.9433
2026_07_21_gym,flight_36,2026_07_21_gym/flight_36,LONG,850,800,1,4,1,4,True,782.5343,1118.1530,775.7488,1076.5974
2026_07_21_gym,flight_39,2026_07_21_gym/flight_39,LONG,850,800,1,4,1,4,True,478.2434,1244.9033,502.9541,1265.3593
2026_07_21_gym,flight_40,2026_07_21_gym/flight_40,LONG,850,800,1,4,1,5,False,1086.8140,1172.4121,1128.1176,1105.7278
2026_07_21_gym,flight_43,2026_07_21_gym/flight_43,LONG,850,800,1,4,1,4,True,819.0897,905.4803,731.3215,908.2212
2026_07_21_gym,flight_45,2026_07_21_gym/flight_45,LONG,850,800,1,4,1,4,True,864.4298,815.2083,924.7987,804.4851
2026_07_21_gym,flight_47,2026_07_21_gym/flight_47,LONG,850,800,1,3,1,3,True,219.8266,1313.4713,212.9676,1223.6015
2026_07_21_gym,flight_48,2026_07_21_gym/flight_48,LONG,850,800,2,3,2,3,True,37.0552,2131.7191,61.3786,2112.5313
2026_07_21_gym,flight_49,2026_07_21_gym/flight_49,LONG,850,800,2,4,2,4,True,464.4157,1657.9743,443.7144,1625.7368
2026_07_21_gym,flight_51,2026_07_21_gym/flight_51,LONG,850,800,2,3,2,3,True,161.7760,1727.6975,100.5576,1746.9150
2026_07_21_gym,flight_52,2026_07_21_gym/flight_52,LONG,850,800,1,3,1,3,True,170.7159,1386.1242,112.7444,1254.1363
2026_07_21_gym,flight_53,2026_07_21_gym/flight_53,LONG,850,800,0,5,0,5,True,1247.9275,603.0431,1226.5559,558.2697
2026_07_21_gym,flight_55,2026_07_21_gym/flight_55,LONG,850,800,1,4,1,4,True,510.1969,1534.4480,488.2548,1474.5024
2026_07_21_gym,flight_56,2026_07_21_gym/flight_56,LONG,850,800,1,5,1,5,True,1205.4388,893.5469,1309.8103,800.0655
2026_07_21_gym,flight_57,2026_07_21_gym/flight_57,LONG,850,800,1,4,1,4,True,437.4616,1073.0038,394.9636,1087.7590
2026_07_21_gym,flight_58,2026_07_21_gym/flight_58,LONG,850,800,2,4,2,4,True,818.1030,1807.2558,861.9657,1706.2149
2026_07_21_gym,flight_59,2026_07_21_gym/flight_59,LONG,850,800,1,5,1,5,True,1250.5357,1104.9855,1198.1186,923.5274
2026_07_21_gym,flight_92,2026_07_21_gym/flight_92,LONG,850,800,1,4,1,4,True,905.4792,1287.7710,909.6847,1231.8639
2026_07_21_gym,flight_93,2026_07_21_gym/flight_93,LONG,850,800,1,3,1,3,True,-96.7384,1397.6654,-158.9478,1345.0213
2026_07_21_gym,flight_94,2026_07_21_gym/flight_94,LONG,850,800,2,5,2,5,True,1188.2341,1799.0023,1131.6974,1831.4635
2026_07_21_gym,flight_95,2026_07_21_gym/flight_95,LONG,850,800,2,3,2,3,True,100.9430,2157.2786,98.9384,2086.1462
2026_07_21_gym,flight_96,2026_07_21_gym/flight_96,LONG,850,800,0,3,0,3,True,174.6434,657.7777,200.4348,594.1046
2026_07_21_gym,flight_98,2026_07_21_gym/flight_98,LONG,850,800,1,4,1,4,True,485.2443,810.1315,463.6166,815.5995
2026_07_15_gym,flight_11,2026_07_15_gym/flight_11,LONG,850,1000,2,4,2,4,True,1314.3593,2917.5882,1337.6755,2760.2371
2026_07_15_gym,flight_12,2026_07_15_gym/flight_12,LONG,850,1000,1,3,1,3,True,415.1586,1259.7583,455.2387,1256.7291
2026_07_15_gym,flight_14,2026_07_15_gym/flight_14,LONG,850,1000,1,4,1,4,True,1543.2301,1793.9839,1462.6124,1732.8091
2026_07_15_gym,flight_15,2026_07_15_gym/flight_15,LONG,850,1000,0,4,0,4,True,1106.3254,567.9424,1184.9410,372.8764
2026_07_15_gym,flight_19,2026_07_15_gym/flight_19,LONG,850,1000,2,3,2,3,True,316.7735,2404.6608,311.7587,2373.4343
2026_07_15_gym,flight_20,2026_07_15_gym/flight_20,LONG,850,1000,2,3,2,3,True,564.6127,2470.8439,541.3723,2443.8421
2026_07_15_gym,flight_21,2026_07_15_gym/flight_21,LONG,850,1000,2,3,2,3,True,737.4067,2189.8067,709.7007,2153.6151
2026_07_15_gym,flight_22,2026_07_15_gym/flight_22,LONG,850,1000,0,2,0,2,True,-54.0166,963.2891,-75.4129,879.3652
2026_07_15_gym,flight_23,2026_07_15_gym/flight_23,LONG,850,1000,1,4,1,4,True,1765.4066,1425.9834,1762.7252,1381.4803
2026_07_15_gym,flight_24,2026_07_15_gym/flight_24,LONG,850,1000,1,3,1,3,True,836.3191,1702.9006,833.7999,1693.3889
2026_07_15_gym,flight_25,2026_07_15_gym/flight_25,LONG,850,1000,2,4,2,4,True,1243.4904,2170.6676,1234.9884,2076.2914
2026_07_15_gym,flight_26,2026_07_15_gym/flight_26,LONG,850,1000,1,2,1,2,True,-137.6293,1464.0741,-186.3367,1384.2577
2026_07_15_gym,flight_28,2026_07_15_gym/flight_28,LONG,850,1000,1,2,1,2,True,-154.9492,1236.7532,-96.7368,1196.2545
2026_07_15_gym,flight_29,2026_07_15_gym/flight_29,LONG,850,1000,0,3,0,3,True,1025.4016,343.3277,1027.4453,297.7111
2026_07_15_gym,flight_36,2026_07_15_gym/flight_36,LONG,850,1000,0,3,0,3,True,986.9218,273.8495,995.0538,239.8999
2026_07_15_gym,flight_48,2026_07_15_gym/flight_48,LONG,850,1000,1,3,1,3,True,1066.0308,1743.9535,952.3675,1773.4149
2026_07_21_gym,flight_1,2026_07_21_gym/flight_1,LONG,850,1000,2,3,2,3,True,209.6995,2114.6982,182.4210,2122.8741
2026_07_21_gym,flight_100,2026_07_21_gym/flight_100,LONG,850,1000,1,3,1,3,True,493.6483,1974.0513,486.2511,1934.0300
2026_07_21_gym,flight_103,2026_07_21_gym/flight_103,LONG,850,1000,0,4,0,4,True,1392.6830,954.1561,1351.0059,876.6090
2026_07_21_gym,flight_104,2026_07_21_gym/flight_104,LONG,850,1000,0,3,0,3,True,283.0107,357.9684,303.1400,295.8933
2026_07_21_gym,flight_106,2026_07_21_gym/flight_106,LONG,850,1000,1,3,1,3,True,601.2462,1439.2491,635.8152,1344.4224
2026_07_21_gym,flight_107,2026_07_21_gym/flight_107,LONG,850,1000,0,3,0,3,True,483.4547,474.0390,468.3782,359.3105
2026_07_21_gym,flight_108,2026_07_21_gym/flight_108,LONG,850,1000,0,3,0,3,True,721.0104,468.2842,728.7215,472.7243
2026_07_21_gym,flight_109,2026_07_21_gym/flight_109,LONG,850,1000,1,3,1,3,True,513.9416,1988.5499,514.0176,1940.8886
2026_07_21_gym,flight_114,2026_07_21_gym/flight_114,LONG,850,1000,1,3,1,3,True,835.8050,1085.3867,898.5802,1012.2294
2026_07_21_gym,flight_117,2026_07_21_gym/flight_117,LONG,850,1000,0,3,0,3,True,758.1778,847.2734,784.7357,792.9634
2026_07_21_gym,flight_121,2026_07_21_gym/flight_121,LONG,850,1000,1,3,1,3,True,551.2060,1613.2866,586.9825,1568.6226
2026_07_21_gym,flight_122,2026_07_21_gym/flight_122,LONG,850,1000,0,4,0,4,True,1249.8202,945.3023,1346.6931,744.1436
2026_07_21_gym,flight_123,2026_07_21_gym/flight_123,LONG,850,1000,1,3,1,3,True,622.8285,1700.2737,557.9818,1679.7704
2026_07_21_gym,flight_124,2026_07_21_gym/flight_124,LONG,850,1000,1,2,1,2,True,-24.2220,1199.7494,-130.2065,1188.8770
2026_07_21_gym,flight_125,2026_07_21_gym/flight_125,LONG,850,1000,0,3,0,3,True,776.3523,814.8556,843.1496,752.6038
2026_07_21_gym,flight_126,2026_07_21_gym/flight_126,LONG,850,1000,1,2,1,2,True,-80.2400,1237.2390,-93.7941,1196.6384
2026_07_21_gym,flight_21,2026_07_21_gym/flight_21,LONG,850,1000,1,3,1,3,True,433.6552,1829.7055,429.1550,1796.8047
2026_07_21_gym,flight_23,2026_07_21_gym/flight_23,LONG,850,1000,1,3,1,3,True,301.1510,1635.1253,254.8072,1611.7608
2026_07_21_gym,flight_24,2026_07_21_gym/flight_24,LONG,850,1000,0,3,0,3,True,432.9927,996.3125,380.9393,913.3584
2026_07_21_gym,flight_25,2026_07_21_gym/flight_25,LONG,850,1000,2,3,2,3,True,831.7025,2201.3766,841.7233,2194.8725
2026_07_21_gym,flight_29,2026_07_21_gym/flight_29,LONG,850,1000,1,2,1,2,True,-272.7503,1212.0086,-249.1445,1156.6497
2026_07_21_gym,flight_35,2026_07_21_gym/flight_35,LONG,850,1000,2,3,2,3,True,842.2947,2297.1031,861.0379,2228.9433
2026_07_21_gym,flight_36,2026_07_21_gym/flight_36,LONG,850,1000,1,3,1,3,True,782.5343,1118.1530,775.7488,1076.5974
2026_07_21_gym,flight_39,2026_07_21_gym/flight_39,LONG,850,1000,1,3,1,3,True,478.2434,1244.9033,502.9541,1265.3593
2026_07_21_gym,flight_40,2026_07_21_gym/flight_40,LONG,850,1000,1,3,1,4,False,1086.8140,1172.4121,1128.1176,1105.7278
2026_07_21_gym,flight_43,2026_07_21_gym/flight_43,LONG,850,1000,0,3,0,3,True,819.0897,905.4803,731.3215,908.2212
2026_07_21_gym,flight_45,2026_07_21_gym/flight_45,LONG,850,1000,0,3,0,3,True,864.4298,815.2083,924.7987,804.4851
2026_07_21_gym,flight_47,2026_07_21_gym/flight_47,LONG,850,1000,1,3,1,3,True,219.8266,1313.4713,212.9676,1223.6015
2026_07_21_gym,flight_48,2026_07_21_gym/flight_48,LONG,850,1000,2,2,2,2,True,37.0552,2131.7191,61.3786,2112.5313
2026_07_21_gym,flight_49,2026_07_21_gym/flight_49,LONG,850,1000,1,3,1,3,True,464.4157,1657.9743,443.7144,1625.7368
2026_07_21_gym,flight_51,2026_07_21_gym/flight_51,LONG,850,1000,1,3,1,3,True,161.7760,1727.6975,100.5576,1746.9150
2026_07_21_gym,flight_52,2026_07_21_gym/flight_52,LONG,850,1000,1,3,1,3,True,170.7159,1386.1242,112.7444,1254.1363
2026_07_21_gym,flight_53,2026_07_21_gym/flight_53,LONG,850,1000,0,4,0,4,True,1247.9275,603.0431,1226.5559,558.2697
2026_07_21_gym,flight_55,2026_07_21_gym/flight_55,LONG,850,1000,1,3,1,3,True,510.1969,1534.4480,488.2548,1474.5024
2026_07_21_gym,flight_56,2026_07_21_gym/flight_56,LONG,850,1000,0,4,0,4,True,1205.4388,893.5469,1309.8103,800.0655
2026_07_21_gym,flight_57,2026_07_21_gym/flight_57,LONG,850,1000,1,3,1,3,True,437.4616,1073.0038,394.9636,1087.7590
2026_07_21_gym,flight_58,2026_07_21_gym/flight_58,LONG,850,1000,1,3,1,3,True,818.1030,1807.2558,861.9657,1706.2149
2026_07_21_gym,flight_59,2026_07_21_gym/flight_59,LONG,850,1000,1,4,0,4,False,1250.5357,1104.9855,1198.1186,923.5274
2026_07_21_gym,flight_92,2026_07_21_gym/flight_92,LONG,850,1000,1,3,1,3,True,905.4792,1287.7710,909.6847,1231.8639
2026_07_21_gym,flight_93,2026_07_21_gym/flight_93,LONG,850,1000,1,2,1,2,True,-96.7384,1397.6654,-158.9478,1345.0213
2026_07_21_gym,flight_94,2026_07_21_gym/flight_94,LONG,850,1000,1,4,1,4,True,1188.2341,1799.0023,1131.6974,1831.4635
2026_07_21_gym,flight_95,2026_07_21_gym/flight_95,LONG,850,1000,2,3,2,3,True,100.9430,2157.2786,98.9384,2086.1462
2026_07_21_gym,flight_96,2026_07_21_gym/flight_96,LONG,850,1000,0,3,0,3,True,174.6434,657.7777,200.4348,594.1046
2026_07_21_gym,flight_98,2026_07_21_gym/flight_98,LONG,850,1000,0,3,0,3,True,485.2443,810.1315,463.6166,815.5995
2026_07_15_gym,flight_11,2026_07_15_gym/flight_11,LONG,850,1250,2,3,2,3,True,1314.3593,2917.5882,1337.6755,2760.2371
2026_07_15_gym,flight_12,2026_07_15_gym/flight_12,LONG,850,1250,1,2,1,2,True,415.1586,1259.7583,455.2387,1256.7291
2026_07_15_gym,flight_14,2026_07_15_gym/flight_14,LONG,850,1250,1,3,1,3,True,1543.2301,1793.9839,1462.6124,1732.8091
2026_07_15_gym,flight_15,2026_07_15_gym/flight_15,LONG,850,1250,0,3,0,3,True,1106.3254,567.9424,1184.9410,372.8764
2026_07_15_gym,flight_19,2026_07_15_gym/flight_19,LONG,850,1250,1,2,1,2,True,316.7735,2404.6608,311.7587,2373.4343
2026_07_15_gym,flight_20,2026_07_15_gym/flight_20,LONG,850,1250,1,2,1,2,True,564.6127,2470.8439,541.3723,2443.8421
2026_07_15_gym,flight_21,2026_07_15_gym/flight_21,LONG,850,1250,1,2,1,2,True,737.4067,2189.8067,709.7007,2153.6151
2026_07_15_gym,flight_22,2026_07_15_gym/flight_22,LONG,850,1250,0,2,0,2,True,-54.0166,963.2891,-75.4129,879.3652
2026_07_15_gym,flight_23,2026_07_15_gym/flight_23,LONG,850,1250,1,3,1,3,True,1765.4066,1425.9834,1762.7252,1381.4803
2026_07_15_gym,flight_24,2026_07_15_gym/flight_24,LONG,850,1250,1,2,1,2,True,836.3191,1702.9006,833.7999,1693.3889
2026_07_15_gym,flight_25,2026_07_15_gym/flight_25,LONG,850,1250,1,3,1,3,True,1243.4904,2170.6676,1234.9884,2076.2914
2026_07_15_gym,flight_26,2026_07_15_gym/flight_26,LONG,850,1250,1,2,1,2,True,-137.6293,1464.0741,-186.3367,1384.2577
2026_07_15_gym,flight_28,2026_07_15_gym/flight_28,LONG,850,1250,0,2,0,2,True,-154.9492,1236.7532,-96.7368,1196.2545
2026_07_15_gym,flight_29,2026_07_15_gym/flight_29,LONG,850,1250,0,3,0,3,True,1025.4016,343.3277,1027.4453,297.7111
2026_07_15_gym,flight_36,2026_07_15_gym/flight_36,LONG,850,1250,0,3,0,3,True,986.9218,273.8495,995.0538,239.8999
2026_07_15_gym,flight_48,2026_07_15_gym/flight_48,LONG,850,1250,1,3,1,3,True,1066.0308,1743.9535,952.3675,1773.4149
2026_07_21_gym,flight_1,2026_07_21_gym/flight_1,LONG,850,1250,1,2,1,2,True,209.6995,2114.6982,182.4210,2122.8741
2026_07_21_gym,flight_100,2026_07_21_gym/flight_100,LONG,850,1250,1,2,1,2,True,493.6483,1974.0513,486.2511,1934.0300
2026_07_21_gym,flight_103,2026_07_21_gym/flight_103,LONG,850,1250,0,3,0,3,True,1392.6830,954.1561,1351.0059,876.6090
2026_07_21_gym,flight_104,2026_07_21_gym/flight_104,LONG,850,1250,0,2,0,2,True,283.0107,357.9684,303.1400,295.8933
2026_07_21_gym,flight_106,2026_07_21_gym/flight_106,LONG,850,1250,1,2,1,2,True,601.2462,1439.2491,635.8152,1344.4224
2026_07_21_gym,flight_107,2026_07_21_gym/flight_107,LONG,850,1250,0,2,0,2,True,483.4547,474.0390,468.3782,359.3105
2026_07_21_gym,flight_108,2026_07_21_gym/flight_108,LONG,850,1250,0,2,0,2,True,721.0104,468.2842,728.7215,472.7243
2026_07_21_gym,flight_109,2026_07_21_gym/flight_109,LONG,850,1250,1,2,1,2,True,513.9416,1988.5499,514.0176,1940.8886
2026_07_21_gym,flight_114,2026_07_21_gym/flight_114,LONG,850,1250,0,2,0,3,False,835.8050,1085.3867,898.5802,1012.2294
2026_07_21_gym,flight_117,2026_07_21_gym/flight_117,LONG,850,1250,0,2,0,2,True,758.1778,847.2734,784.7357,792.9634
2026_07_21_gym,flight_121,2026_07_21_gym/flight_121,LONG,850,1250,1,2,1,2,True,551.2060,1613.2866,586.9825,1568.6226
2026_07_21_gym,flight_122,2026_07_21_gym/flight_122,LONG,850,1250,0,3,0,3,True,1249.8202,945.3023,1346.6931,744.1436
2026_07_21_gym,flight_123,2026_07_21_gym/flight_123,LONG,850,1250,1,2,1,2,True,622.8285,1700.2737,557.9818,1679.7704
2026_07_21_gym,flight_124,2026_07_21_gym/flight_124,LONG,850,1250,0,2,0,2,True,-24.2220,1199.7494,-130.2065,1188.8770
2026_07_21_gym,flight_125,2026_07_21_gym/flight_125,LONG,850,1250,0,2,0,3,False,776.3523,814.8556,843.1496,752.6038
2026_07_21_gym,flight_126,2026_07_21_gym/flight_126,LONG,850,1250,0,2,0,2,True,-80.2400,1237.2390,-93.7941,1196.6384
2026_07_21_gym,flight_21,2026_07_21_gym/flight_21,LONG,850,1250,1,2,1,2,True,433.6552,1829.7055,429.1550,1796.8047
2026_07_21_gym,flight_23,2026_07_21_gym/flight_23,LONG,850,1250,1,2,1,2,True,301.1510,1635.1253,254.8072,1611.7608
2026_07_21_gym,flight_24,2026_07_21_gym/flight_24,LONG,850,1250,0,2,0,2,True,432.9927,996.3125,380.9393,913.3584
2026_07_21_gym,flight_25,2026_07_21_gym/flight_25,LONG,850,1250,1,2,1,3,False,831.7025,2201.3766,841.7233,2194.8725
2026_07_21_gym,flight_29,2026_07_21_gym/flight_29,LONG,850,1250,0,2,0,2,True,-272.7503,1212.0086,-249.1445,1156.6497
2026_07_21_gym,flight_35,2026_07_21_gym/flight_35,LONG,850,1250,1,3,1,3,True,842.2947,2297.1031,861.0379,2228.9433
2026_07_21_gym,flight_36,2026_07_21_gym/flight_36,LONG,850,1250,0,2,0,2,True,782.5343,1118.1530,775.7488,1076.5974
2026_07_21_gym,flight_39,2026_07_21_gym/flight_39,LONG,850,1250,0,2,1,2,False,478.2434,1244.9033,502.9541,1265.3593
2026_07_21_gym,flight_40,2026_07_21_gym/flight_40,LONG,850,1250,0,3,0,3,True,1086.8140,1172.4121,1128.1176,1105.7278
2026_07_21_gym,flight_43,2026_07_21_gym/flight_43,LONG,850,1250,0,2,0,2,True,819.0897,905.4803,731.3215,908.2212
2026_07_21_gym,flight_45,2026_07_21_gym/flight_45,LONG,850,1250,0,3,0,3,True,864.4298,815.2083,924.7987,804.4851
2026_07_21_gym,flight_47,2026_07_21_gym/flight_47,LONG,850,1250,1,2,0,2,False,219.8266,1313.4713,212.9676,1223.6015
2026_07_21_gym,flight_48,2026_07_21_gym/flight_48,LONG,850,1250,1,2,1,2,True,37.0552,2131.7191,61.3786,2112.5313
2026_07_21_gym,flight_49,2026_07_21_gym/flight_49,LONG,850,1250,1,2,1,2,True,464.4157,1657.9743,443.7144,1625.7368
2026_07_21_gym,flight_51,2026_07_21_gym/flight_51,LONG,850,1250,1,2,1,2,True,161.7760,1727.6975,100.5576,1746.9150
2026_07_21_gym,flight_52,2026_07_21_gym/flight_52,LONG,850,1250,1,2,1,2,True,170.7159,1386.1242,112.7444,1254.1363
2026_07_21_gym,flight_53,2026_07_21_gym/flight_53,LONG,850,1250,0,3,0,3,True,1247.9275,603.0431,1226.5559,558.2697
2026_07_21_gym,flight_55,2026_07_21_gym/flight_55,LONG,850,1250,1,2,1,2,True,510.1969,1534.4480,488.2548,1474.5024
2026_07_21_gym,flight_56,2026_07_21_gym/flight_56,LONG,850,1250,0,3,0,3,True,1205.4388,893.5469,1309.8103,800.0655
2026_07_21_gym,flight_57,2026_07_21_gym/flight_57,LONG,850,1250,0,2,0,2,True,437.4616,1073.0038,394.9636,1087.7590
2026_07_21_gym,flight_58,2026_07_21_gym/flight_58,LONG,850,1250,1,2,1,3,False,818.1030,1807.2558,861.9657,1706.2149
2026_07_21_gym,flight_59,2026_07_21_gym/flight_59,LONG,850,1250,0,3,0,3,True,1250.5357,1104.9855,1198.1186,923.5274
2026_07_21_gym,flight_92,2026_07_21_gym/flight_92,LONG,850,1250,1,3,0,3,False,905.4792,1287.7710,909.6847,1231.8639
2026_07_21_gym,flight_93,2026_07_21_gym/flight_93,LONG,850,1250,1,2,1,2,True,-96.7384,1397.6654,-158.9478,1345.0213
2026_07_21_gym,flight_94,2026_07_21_gym/flight_94,LONG,850,1250,1,3,1,3,True,1188.2341,1799.0023,1131.6974,1831.4635
2026_07_21_gym,flight_95,2026_07_21_gym/flight_95,LONG,850,1250,1,2,1,2,True,100.9430,2157.2786,98.9384,2086.1462
2026_07_21_gym,flight_96,2026_07_21_gym/flight_96,LONG,850,1250,0,2,0,2,True,174.6434,657.7777,200.4348,594.1046
2026_07_21_gym,flight_98,2026_07_21_gym/flight_98,LONG,850,1250,0,2,0,2,True,485.2443,810.1315,463.6166,815.5995
2026_07_15_gym,flight_11,2026_07_15_gym/flight_11,LONG,850,1670,1,2,1,2,True,1314.3593,2917.5882,1337.6755,2760.2371
2026_07_15_gym,flight_12,2026_07_15_gym/flight_12,LONG,850,1670,0,1,0,2,False,415.1586,1259.7583,455.2387,1256.7291
2026_07_15_gym,flight_14,2026_07_15_gym/flight_14,LONG,850,1670,1,2,1,2,True,1543.2301,1793.9839,1462.6124,1732.8091
2026_07_15_gym,flight_15,2026_07_15_gym/flight_15,LONG,850,1670,0,2,0,2,True,1106.3254,567.9424,1184.9410,372.8764
2026_07_15_gym,flight_19,2026_07_15_gym/flight_19,LONG,850,1670,1,1,1,1,True,316.7735,2404.6608,311.7587,2373.4343
2026_07_15_gym,flight_20,2026_07_15_gym/flight_20,LONG,850,1670,1,2,1,2,True,564.6127,2470.8439,541.3723,2443.8421
2026_07_15_gym,flight_21,2026_07_15_gym/flight_21,LONG,850,1670,1,2,1,2,True,737.4067,2189.8067,709.7007,2153.6151
2026_07_15_gym,flight_22,2026_07_15_gym/flight_22,LONG,850,1670,0,1,0,1,True,-54.0166,963.2891,-75.4129,879.3652
2026_07_15_gym,flight_23,2026_07_15_gym/flight_23,LONG,850,1670,0,2,0,2,True,1765.4066,1425.9834,1762.7252,1381.4803
2026_07_15_gym,flight_24,2026_07_15_gym/flight_24,LONG,850,1670,1,2,1,2,True,836.3191,1702.9006,833.7999,1693.3889
2026_07_15_gym,flight_25,2026_07_15_gym/flight_25,LONG,850,1670,1,2,1,2,True,1243.4904,2170.6676,1234.9884,2076.2914
2026_07_15_gym,flight_26,2026_07_15_gym/flight_26,LONG,850,1670,0,1,0,1,True,-137.6293,1464.0741,-186.3367,1384.2577
2026_07_15_gym,flight_28,2026_07_15_gym/flight_28,LONG,850,1670,0,1,0,1,True,-154.9492,1236.7532,-96.7368,1196.2545
2026_07_15_gym,flight_29,2026_07_15_gym/flight_29,LONG,850,1670,0,2,0,2,True,1025.4016,343.3277,1027.4453,297.7111
2026_07_15_gym,flight_36,2026_07_15_gym/flight_36,LONG,850,1670,0,2,0,2,True,986.9218,273.8495,995.0538,239.8999
2026_07_15_gym,flight_48,2026_07_15_gym/flight_48,LONG,850,1670,1,2,1,2,True,1066.0308,1743.9535,952.3675,1773.4149
2026_07_21_gym,flight_1,2026_07_21_gym/flight_1,LONG,850,1670,1,1,1,1,True,209.6995,2114.6982,182.4210,2122.8741
2026_07_21_gym,flight_100,2026_07_21_gym/flight_100,LONG,850,1670,1,2,1,2,True,493.6483,1974.0513,486.2511,1934.0300
2026_07_21_gym,flight_103,2026_07_21_gym/flight_103,LONG,850,1670,0,2,0,2,True,1392.6830,954.1561,1351.0059,876.6090
2026_07_21_gym,flight_104,2026_07_21_gym/flight_104,LONG,850,1670,0,1,0,1,True,283.0107,357.9684,303.1400,295.8933
2026_07_21_gym,flight_106,2026_07_21_gym/flight_106,LONG,850,1670,0,2,0,2,True,601.2462,1439.2491,635.8152,1344.4224
2026_07_21_gym,flight_107,2026_07_21_gym/flight_107,LONG,850,1670,0,2,0,2,True,483.4547,474.0390,468.3782,359.3105
2026_07_21_gym,flight_108,2026_07_21_gym/flight_108,LONG,850,1670,0,2,0,2,True,721.0104,468.2842,728.7215,472.7243
2026_07_21_gym,flight_109,2026_07_21_gym/flight_109,LONG,850,1670,1,2,1,2,True,513.9416,1988.5499,514.0176,1940.8886
2026_07_21_gym,flight_114,2026_07_21_gym/flight_114,LONG,850,1670,0,2,0,2,True,835.8050,1085.3867,898.5802,1012.2294
2026_07_21_gym,flight_117,2026_07_21_gym/flight_117,LONG,850,1670,0,2,0,2,True,758.1778,847.2734,784.7357,792.9634
2026_07_21_gym,flight_121,2026_07_21_gym/flight_121,LONG,850,1670,0,2,0,2,True,551.2060,1613.2866,586.9825,1568.6226
2026_07_21_gym,flight_122,2026_07_21_gym/flight_122,LONG,850,1670,0,2,0,2,True,1249.8202,945.3023,1346.6931,744.1436
2026_07_21_gym,flight_123,2026_07_21_gym/flight_123,LONG,850,1670,1,2,1,2,True,622.8285,1700.2737,557.9818,1679.7704
2026_07_21_gym,flight_124,2026_07_21_gym/flight_124,LONG,850,1670,0,1,0,1,True,-24.2220,1199.7494,-130.2065,1188.8770
2026_07_21_gym,flight_125,2026_07_21_gym/flight_125,LONG,850,1670,0,2,0,2,True,776.3523,814.8556,843.1496,752.6038
2026_07_21_gym,flight_126,2026_07_21_gym/flight_126,LONG,850,1670,0,1,0,1,True,-80.2400,1237.2390,-93.7941,1196.6384
2026_07_21_gym,flight_21,2026_07_21_gym/flight_21,LONG,850,1670,1,2,1,1,False,433.6552,1829.7055,429.1550,1796.8047
2026_07_21_gym,flight_23,2026_07_21_gym/flight_23,LONG,850,1670,0,1,0,1,True,301.1510,1635.1253,254.8072,1611.7608
2026_07_21_gym,flight_24,2026_07_21_gym/flight_24,LONG,850,1670,0,2,0,1,False,432.9927,996.3125,380.9393,913.3584
2026_07_21_gym,flight_25,2026_07_21_gym/flight_25,LONG,850,1670,1,2,1,2,True,831.7025,2201.3766,841.7233,2194.8725
2026_07_21_gym,flight_29,2026_07_21_gym/flight_29,LONG,850,1670,0,1,0,1,True,-272.7503,1212.0086,-249.1445,1156.6497
2026_07_21_gym,flight_35,2026_07_21_gym/flight_35,LONG,850,1670,1,2,1,2,True,842.2947,2297.1031,861.0379,2228.9433
2026_07_21_gym,flight_36,2026_07_21_gym/flight_36,LONG,850,1670,0,2,0,2,True,782.5343,1118.1530,775.7488,1076.5974
2026_07_21_gym,flight_39,2026_07_21_gym/flight_39,LONG,850,1670,0,2,0,2,True,478.2434,1244.9033,502.9541,1265.3593
2026_07_21_gym,flight_40,2026_07_21_gym/flight_40,LONG,850,1670,0,2,0,2,True,1086.8140,1172.4121,1128.1176,1105.7278
2026_07_21_gym,flight_43,2026_07_21_gym/flight_43,LONG,850,1670,0,2,0,2,True,819.0897,905.4803,731.3215,908.2212
2026_07_21_gym,flight_45,2026_07_21_gym/flight_45,LONG,850,1670,0,2,0,2,True,864.4298,815.2083,924.7987,804.4851
2026_07_21_gym,flight_47,2026_07_21_gym/flight_47,LONG,850,1670,0,1,0,1,True,219.8266,1313.4713,212.9676,1223.6015
2026_07_21_gym,flight_48,2026_07_21_gym/flight_48,LONG,850,1670,1,1,1,1,True,37.0552,2131.7191,61.3786,2112.5313
2026_07_21_gym,flight_49,2026_07_21_gym/flight_49,LONG,850,1670,0,2,0,2,True,464.4157,1657.9743,443.7144,1625.7368
2026_07_21_gym,flight_51,2026_07_21_gym/flight_51,LONG,850,1670,1,1,1,1,True,161.7760,1727.6975,100.5576,1746.9150
2026_07_21_gym,flight_52,2026_07_21_gym/flight_52,LONG,850,1670,0,1,0,1,True,170.7159,1386.1242,112.7444,1254.1363
2026_07_21_gym,flight_53,2026_07_21_gym/flight_53,LONG,850,1670,0,2,0,2,True,1247.9275,603.0431,1226.5559,558.2697
2026_07_21_gym,flight_55,2026_07_21_gym/flight_55,LONG,850,1670,0,2,0,2,True,510.1969,1534.4480,488.2548,1474.5024
2026_07_21_gym,flight_56,2026_07_21_gym/flight_56,LONG,850,1670,0,2,0,2,True,1205.4388,893.5469,1309.8103,800.0655
2026_07_21_gym,flight_57,2026_07_21_gym/flight_57,LONG,850,1670,0,2,0,1,False,437.4616,1073.0038,394.9636,1087.7590
2026_07_21_gym,flight_58,2026_07_21_gym/flight_58,LONG,850,1670,1,2,1,2,True,818.1030,1807.2558,861.9657,1706.2149
2026_07_21_gym,flight_59,2026_07_21_gym/flight_59,LONG,850,1670,0,2,0,2,True,1250.5357,1104.9855,1198.1186,923.5274
2026_07_21_gym,flight_92,2026_07_21_gym/flight_92,LONG,850,1670,0,2,0,2,True,905.4792,1287.7710,909.6847,1231.8639
2026_07_21_gym,flight_93,2026_07_21_gym/flight_93,LONG,850,1670,0,1,0,1,True,-96.7384,1397.6654,-158.9478,1345.0213
2026_07_21_gym,flight_94,2026_07_21_gym/flight_94,LONG,850,1670,1,2,1,2,True,1188.2341,1799.0023,1131.6974,1831.4635
2026_07_21_gym,flight_95,2026_07_21_gym/flight_95,LONG,850,1670,1,1,1,1,True,100.9430,2157.2786,98.9384,2086.1462
2026_07_21_gym,flight_96,2026_07_21_gym/flight_96,LONG,850,1670,0,1,0,1,True,174.6434,657.7777,200.4348,594.1046
2026_07_21_gym,flight_98,2026_07_21_gym/flight_98,LONG,850,1670,0,2,0,2,True,485.2443,810.1315,463.6166,815.5995
2026_07_15_gym,flight_11,2026_07_15_gym/flight_11,LONG,850,2500,1,1,1,1,True,1314.3593,2917.5882,1337.6755,2760.2371
2026_07_15_gym,flight_12,2026_07_15_gym/flight_12,LONG,850,2500,0,1,0,1,True,415.1586,1259.7583,455.2387,1256.7291
2026_07_15_gym,flight_14,2026_07_15_gym/flight_14,LONG,850,2500,0,1,0,1,True,1543.2301,1793.9839,1462.6124,1732.8091
2026_07_15_gym,flight_15,2026_07_15_gym/flight_15,LONG,850,2500,0,1,0,1,True,1106.3254,567.9424,1184.9410,372.8764
2026_07_15_gym,flight_19,2026_07_15_gym/flight_19,LONG,850,2500,0,1,0,1,True,316.7735,2404.6608,311.7587,2373.4343
2026_07_15_gym,flight_20,2026_07_15_gym/flight_20,LONG,850,2500,0,1,0,1,True,564.6127,2470.8439,541.3723,2443.8421
2026_07_15_gym,flight_21,2026_07_15_gym/flight_21,LONG,850,2500,0,1,0,1,True,737.4067,2189.8067,709.7007,2153.6151
2026_07_15_gym,flight_22,2026_07_15_gym/flight_22,LONG,850,2500,0,1,0,1,True,-54.0166,963.2891,-75.4129,879.3652
2026_07_15_gym,flight_23,2026_07_15_gym/flight_23,LONG,850,2500,0,1,0,1,True,1765.4066,1425.9834,1762.7252,1381.4803
2026_07_15_gym,flight_24,2026_07_15_gym/flight_24,LONG,850,2500,0,1,0,1,True,836.3191,1702.9006,833.7999,1693.3889
2026_07_15_gym,flight_25,2026_07_15_gym/flight_25,LONG,850,2500,0,1,0,1,True,1243.4904,2170.6676,1234.9884,2076.2914
2026_07_15_gym,flight_26,2026_07_15_gym/flight_26,LONG,850,2500,0,1,0,1,True,-137.6293,1464.0741,-186.3367,1384.2577
2026_07_15_gym,flight_28,2026_07_15_gym/flight_28,LONG,850,2500,0,1,0,1,True,-154.9492,1236.7532,-96.7368,1196.2545
2026_07_15_gym,flight_29,2026_07_15_gym/flight_29,LONG,850,2500,0,1,0,1,True,1025.4016,343.3277,1027.4453,297.7111
2026_07_15_gym,flight_36,2026_07_15_gym/flight_36,LONG,850,2500,0,1,0,1,True,986.9218,273.8495,995.0538,239.8999
2026_07_15_gym,flight_48,2026_07_15_gym/flight_48,LONG,850,2500,0,1,0,1,True,1066.0308,1743.9535,952.3675,1773.4149
2026_07_21_gym,flight_1,2026_07_21_gym/flight_1,LONG,850,2500,0,1,0,1,True,209.6995,2114.6982,182.4210,2122.8741
2026_07_21_gym,flight_100,2026_07_21_gym/flight_100,LONG,850,2500,0,1,0,1,True,493.6483,1974.0513,486.2511,1934.0300
2026_07_21_gym,flight_103,2026_07_21_gym/flight_103,LONG,850,2500,0,1,0,1,True,1392.6830,954.1561,1351.0059,876.6090
2026_07_21_gym,flight_104,2026_07_21_gym/flight_104,LONG,850,2500,0,1,0,1,True,283.0107,357.9684,303.1400,295.8933
2026_07_21_gym,flight_106,2026_07_21_gym/flight_106,LONG,850,2500,0,1,0,1,True,601.2462,1439.2491,635.8152,1344.4224
2026_07_21_gym,flight_107,2026_07_21_gym/flight_107,LONG,850,2500,0,1,0,1,True,483.4547,474.0390,468.3782,359.3105
2026_07_21_gym,flight_108,2026_07_21_gym/flight_108,LONG,850,2500,0,1,0,1,True,721.0104,468.2842,728.7215,472.7243
2026_07_21_gym,flight_109,2026_07_21_gym/flight_109,LONG,850,2500,0,1,0,1,True,513.9416,1988.5499,514.0176,1940.8886
2026_07_21_gym,flight_114,2026_07_21_gym/flight_114,LONG,850,2500,0,1,0,1,True,835.8050,1085.3867,898.5802,1012.2294
2026_07_21_gym,flight_117,2026_07_21_gym/flight_117,LONG,850,2500,0,1,0,1,True,758.1778,847.2734,784.7357,792.9634
2026_07_21_gym,flight_121,2026_07_21_gym/flight_121,LONG,850,2500,0,1,0,1,True,551.2060,1613.2866,586.9825,1568.6226
2026_07_21_gym,flight_122,2026_07_21_gym/flight_122,LONG,850,2500,0,1,0,1,True,1249.8202,945.3023,1346.6931,744.1436
2026_07_21_gym,flight_123,2026_07_21_gym/flight_123,LONG,850,2500,0,1,0,1,True,622.8285,1700.2737,557.9818,1679.7704
2026_07_21_gym,flight_124,2026_07_21_gym/flight_124,LONG,850,2500,0,1,0,1,True,-24.2220,1199.7494,-130.2065,1188.8770
2026_07_21_gym,flight_125,2026_07_21_gym/flight_125,LONG,850,2500,0,1,0,1,True,776.3523,814.8556,843.1496,752.6038
2026_07_21_gym,flight_126,2026_07_21_gym/flight_126,LONG,850,2500,0,1,0,1,True,-80.2400,1237.2390,-93.7941,1196.6384
2026_07_21_gym,flight_21,2026_07_21_gym/flight_21,LONG,850,2500,0,1,0,1,True,433.6552,1829.7055,429.1550,1796.8047
2026_07_21_gym,flight_23,2026_07_21_gym/flight_23,LONG,850,2500,0,1,0,1,True,301.1510,1635.1253,254.8072,1611.7608
2026_07_21_gym,flight_24,2026_07_21_gym/flight_24,LONG,850,2500,0,1,0,1,True,432.9927,996.3125,380.9393,913.3584
2026_07_21_gym,flight_25,2026_07_21_gym/flight_25,LONG,850,2500,0,1,0,1,True,831.7025,2201.3766,841.7233,2194.8725
2026_07_21_gym,flight_29,2026_07_21_gym/flight_29,LONG,850,2500,0,1,0,1,True,-272.7503,1212.0086,-249.1445,1156.6497
2026_07_21_gym,flight_35,2026_07_21_gym/flight_35,LONG,850,2500,0,1,0,1,True,842.2947,2297.1031,861.0379,2228.9433
2026_07_21_gym,flight_36,2026_07_21_gym/flight_36,LONG,850,2500,0,1,0,1,True,782.5343,1118.1530,775.7488,1076.5974
2026_07_21_gym,flight_39,2026_07_21_gym/flight_39,LONG,850,2500,0,1,0,1,True,478.2434,1244.9033,502.9541,1265.3593
2026_07_21_gym,flight_40,2026_07_21_gym/flight_40,LONG,850,2500,0,1,0,1,True,1086.8140,1172.4121,1128.1176,1105.7278
2026_07_21_gym,flight_43,2026_07_21_gym/flight_43,LONG,850,2500,0,1,0,1,True,819.0897,905.4803,731.3215,908.2212
2026_07_21_gym,flight_45,2026_07_21_gym/flight_45,LONG,850,2500,0,1,0,1,True,864.4298,815.2083,924.7987,804.4851
2026_07_21_gym,flight_47,2026_07_21_gym/flight_47,LONG,850,2500,0,1,0,1,True,219.8266,1313.4713,212.9676,1223.6015
2026_07_21_gym,flight_48,2026_07_21_gym/flight_48,LONG,850,2500,0,1,0,1,True,37.0552,2131.7191,61.3786,2112.5313
2026_07_21_gym,flight_49,2026_07_21_gym/flight_49,LONG,850,2500,0,1,0,1,True,464.4157,1657.9743,443.7144,1625.7368
2026_07_21_gym,flight_51,2026_07_21_gym/flight_51,LONG,850,2500,0,1,0,1,True,161.7760,1727.6975,100.5576,1746.9150
2026_07_21_gym,flight_52,2026_07_21_gym/flight_52,LONG,850,2500,0,1,0,1,True,170.7159,1386.1242,112.7444,1254.1363
2026_07_21_gym,flight_53,2026_07_21_gym/flight_53,LONG,850,2500,0,1,0,1,True,1247.9275,603.0431,1226.5559,558.2697
2026_07_21_gym,flight_55,2026_07_21_gym/flight_55,LONG,850,2500,0,1,0,1,True,510.1969,1534.4480,488.2548,1474.5024
2026_07_21_gym,flight_56,2026_07_21_gym/flight_56,LONG,850,2500,0,1,0,1,True,1205.4388,893.5469,1309.8103,800.0655
2026_07_21_gym,flight_57,2026_07_21_gym/flight_57,LONG,850,2500,0,1,0,1,True,437.4616,1073.0038,394.9636,1087.7590
2026_07_21_gym,flight_58,2026_07_21_gym/flight_58,LONG,850,2500,0,1,0,1,True,818.1030,1807.2558,861.9657,1706.2149
2026_07_21_gym,flight_59,2026_07_21_gym/flight_59,LONG,850,2500,0,1,0,1,True,1250.5357,1104.9855,1198.1186,923.5274
2026_07_21_gym,flight_92,2026_07_21_gym/flight_92,LONG,850,2500,0,1,0,1,True,905.4792,1287.7710,909.6847,1231.8639
2026_07_21_gym,flight_93,2026_07_21_gym/flight_93,LONG,850,2500,0,1,0,1,True,-96.7384,1397.6654,-158.9478,1345.0213
2026_07_21_gym,flight_94,2026_07_21_gym/flight_94,LONG,850,2500,0,1,0,1,True,1188.2341,1799.0023,1131.6974,1831.4635
2026_07_21_gym,flight_95,2026_07_21_gym/flight_95,LONG,850,2500,0,1,0,1,True,100.9430,2157.2786,98.9384,2086.1462
2026_07_21_gym,flight_96,2026_07_21_gym/flight_96,LONG,850,2500,0,1,0,1,True,174.6434,657.7777,200.4348,594.1046
2026_07_21_gym,flight_98,2026_07_21_gym/flight_98,LONG,850,2500,0,1,0,1,True,485.2443,810.1315,463.6166,815.5995
