session,flight,fps,phase,T_ms,status,airborne,n_detected,n_points_used,cy_own,cz_own,cy_ref,cz_ref,position_error_mm,velocity_error_mm_s,cls_own,hit_miss_match,t_cross_own_ms
2026_07_15_gym,flight_11,20,0,150,not_fit_eligible,True,4,4,,,,,,,,,
2026_07_15_gym,flight_11,20,0,200,not_fit_eligible,True,5,5,,,,,,,,,
2026_07_15_gym,flight_11,20,0,250,not_fit_eligible,True,6,6,,,,,,,,,
2026_07_15_gym,flight_11,20,0,300,not_fit_eligible,True,7,7,,,,,,,,,
2026_07_15_gym,flight_11,20,0,350,fit_failed,True,8,8,,,,,,,,,
2026_07_15_gym,flight_11,20,0,400,fit_failed,True,9,9,,,,,,,,,
2026_07_15_gym,flight_11,20,0,450,fit_failed,True,9,9,,,,,,,,,
2026_07_15_gym,flight_11,20,0,490,fit_failed,True,9,9,,,,,,,,,
2026_07_15_gym,flight_11,20,0,500,fit_failed,True,9,9,,,,,,,,,
2026_07_15_gym,flight_11,20,0,550,fit_failed,True,9,9,,,,,,,,,
2026_07_15_gym,flight_11,20,0,600,fit_failed,True,10,10,,,,,,,,,
2026_07_15_gym,flight_11,20,0,650,fit_failed,True,11,11,,,,,,,,,
2026_07_15_gym,flight_11,20,0,700,ok,True,12,12,1285.8965064320853,2735.6808455496093,1314.3592502562951,2917.588176914399,184.12062619451942,240.2311839282665,MISS_HIGH_WIDE,True,1187.9003618795948
2026_07_15_gym,flight_11,20,0,750,ok,True,13,13,1287.3518546684677,2749.7110934702782,1314.3592502562951,2917.588176914399,170.0356273318673,220.04151593891106,MISS_HIGH_WIDE,True,1185.4887774524182
2026_07_15_gym,flight_11,20,0,800,ok,True,14,14,1285.6049889192027,2771.7827791267837,1314.3592502562951,2917.588176914399,148.61366548553505,196.8684149463824,MISS_HIGH_WIDE,True,1182.895635183242
2026_07_15_gym,flight_11,20,0,850,ok,True,15,15,1337.5768791254131,2761.180412302048,1314.3592502562951,2917.588176914399,158.1216212961931,165.85081321729436,MISS_HIGH_WIDE,True,1182.5750804566537
2026_07_15_gym,flight_11,20,0,900,ok,True,16,16,1377.4185525112957,2755.609405247574,1314.3592502562951,2917.588176914399,173.8205916213061,153.69641973019029,MISS_HIGH_WIDE,True,1180.3048432380108
2026_07_15_gym,flight_11,20,0,950,ok,True,17,17,1364.0231765421634,2757.479991724059,1314.3592502562951,2917.588176914399,167.63393611996457,154.45080134145076,MISS_HIGH_WIDE,True,1181.3742142506774
2026_07_15_gym,flight_11,20,0,1000,ok,True,18,18,1376.4447463034514,2755.8145391605913,1314.3592502562951,2917.588176914399,173.27815410928648,157.0510429517046,MISS_HIGH_WIDE,True,1180.3978293062066
2026_07_15_gym,flight_11,20,0,1050,fit_failed,True,19,19,,,,,,,,,
2026_07_15_gym,flight_11,20,0,1100,fit_failed,True,19,19,,,,,,,,,
2026_07_15_gym,flight_11,20,0,1150,fit_failed,True,19,19,,,,,,,,,
2026_07_15_gym,flight_11,20,0,1200,fit_failed,True,19,19,,,,,,,,,
2026_07_15_gym,flight_11,20,0,1250,fit_failed,False,20,20,,,,,,,,,
2026_07_15_gym,flight_12,20,0,150,not_fit_eligible,True,4,4,,,,,,,,,
2026_07_15_gym,flight_12,20,0,200,not_fit_eligible,True,5,5,,,,,,,,,
2026_07_15_gym,flight_12,20,0,250,not_fit_eligible,True,6,6,,,,,,,,,
2026_07_15_gym,flight_12,20,0,300,not_fit_eligible,True,7,7,,,,,,,,,
2026_07_15_gym,flight_12,20,0,350,fit_failed,True,8,8,,,,,,,,,
2026_07_15_gym,flight_12,20,0,400,fit_failed,True,9,9,,,,,,,,,
2026_07_15_gym,flight_12,20,0,450,fit_failed,True,10,10,,,,,,,,,
2026_07_15_gym,flight_12,20,0,490,fit_failed,True,10,10,,,,,,,,,
2026_07_15_gym,flight_12,20,0,500,ok,True,11,11,451.3552965091642,1112.2183564609973,415.1586485041634,1259.7583479405307,151.9152606309805,113.28770933183718,HIT,True,1374.1681531100985
2026_07_15_gym,flight_12,20,0,550,ok,True,12,12,357.31539409003597,1108.9235601072432,415.1586485041634,1259.7583479405307,161.5455827372891,144.8879711651088,HIT,True,1376.358654905097
2026_07_15_gym,flight_12,20,0,600,ok,True,13,13,358.2054790784517,1089.1080710459473,415.1586485041634,1259.7583479405307,179.9032531996901,157.56755237450633,HIT,True,1376.4915398490682
2026_07_15_gym,flight_12,20,0,650,ok,True,14,14,428.86540375760137,1079.4398997213837,415.1586485041634,1259.7583479405307,180.83865158681886,138.23338500570605,HIT,True,1375.502169393009
2026_07_15_gym,flight_12,20,0,700,ok,True,15,15,428.8654036502812,1079.439850578321,415.1586485041634,1259.7583479405307,180.8387005803814,138.23343506690097,HIT,True,1375.502176500981
2026_07_15_gym,flight_12,20,0,750,ok,True,16,16,397.4275298438712,1128.1097241013747,415.1586485041634,1259.7583479405307,132.83731677389815,109.9822877952493,HIT,True,1374.841066662872
2026_07_15_gym,flight_12,20,0,800,ok,True,17,17,408.4636083843853,1168.4887153474915,415.1586485041634,1259.7583479405307,91.51485888025945,73.27479143084709,HIT,True,1371.8970007984658
2026_07_15_gym,flight_12,20,0,850,ok,True,18,18,397.3717085388602,1184.3976067427798,415.1586485041634,1259.7583479405307,77.43136668820779,68.73519834127528,HIT,True,1371.906231683355
2026_07_15_gym,flight_12,20,0,900,ok,True,19,19,389.22345838151773,1186.233380217416,415.1586485041634,1259.7583479405307,77.96508811886794,74.75354065455323,HIT,True,1373.0527434637154
2026_07_15_gym,flight_12,20,0,950,ok,True,20,20,426.27638501873656,1189.0590025466215,415.1586485041634,1259.7583479405307,71.56815985013687,46.79527501452946,HIT,True,1369.0476235911208
2026_07_15_gym,flight_12,20,0,1000,fit_failed,True,21,21,,,,,,,,,
2026_07_15_gym,flight_12,20,0,1050,ok,True,22,22,366.83593238032825,1238.3945601138805,415.1586485041634,1259.7583479405307,52.83461293401217,87.81881069022049,HIT,True,1367.1948968000931
2026_07_15_gym,flight_12,20,0,1100,ok,True,23,23,345.50886828555537,1234.1136100874146,415.1586485041634,1259.7583479405307,74.22091662095968,104.61574320074222,HIT,True,1368.6739150616706
2026_07_15_gym,flight_12,20,0,1150,ok,True,24,24,494.9058213557454,1158.3795804509475,415.1586485041634,1259.7583479405307,128.98552661258964,88.92464849216479,HIT,True,1373.3817668467946
2026_07_15_gym,flight_12,20,0,1200,fit_failed,True,25,25,,,,,,,,,
2026_07_15_gym,flight_12,20,0,1250,ok,True,26,26,440.34341063673077,1229.2812993259108,415.1586485041634,1259.7583479405307,39.53634702311157,22.425090858090687,HIT,True,1368.4118457108432
2026_07_15_gym,flight_14,20,0,150,not_fit_eligible,True,4,4,,,,,,,,,
2026_07_15_gym,flight_14,20,0,200,not_fit_eligible,True,5,5,,,,,,,,,
2026_07_15_gym,flight_14,20,0,250,not_fit_eligible,True,6,6,,,,,,,,,
2026_07_15_gym,flight_14,20,0,300,not_fit_eligible,True,7,7,,,,,,,,,
2026_07_15_gym,flight_14,20,0,350,fit_failed,True,8,8,,,,,,,,,
2026_07_15_gym,flight_14,20,0,400,ok,True,9,9,1437.85697053215,1697.5319156372104,1543.2300851558507,1793.9838819110776,142.85123409895618,141.01593414628584,HIT,True,1219.4405365773723
2026_07_15_gym,flight_14,20,0,450,ok,True,10,10,1416.3591715099362,1693.85137044616,1543.2300851558507,1793.9838819110776,161.62533397218687,157.46852691613623,HIT,True,1226.5541526763382
2026_07_15_gym,flight_14,20,0,490,ok,True,10,10,1416.3591715099362,1693.85137044616,1543.2300851558507,1793.9838819110776,161.62533397218687,157.46852691613623,HIT,True,1226.5541526763382
2026_07_15_gym,flight_14,20,0,500,ok,True,11,11,1388.1259992816867,1725.7955190293962,1543.2300851558507,1793.9838819110776,169.4311963227076,167.80790780913298,HIT,True,1228.592400841524
2026_07_15_gym,flight_14,20,0,550,ok,True,12,12,1432.3550193401531,1711.5092114578918,1543.2300851558507,1793.9838819110776,138.18593085403762,143.7005308884849,HIT,True,1229.4443677639103
2026_07_15_gym,flight_14,20,0,600,ok,True,13,13,1447.5602656163555,1708.9564851199452,1543.2300851558507,1793.9838819110776,127.99364271633272,136.5949119906263,HIT,True,1230.6245005375304
2026_07_15_gym,flight_14,20,0,650,ok,True,14,14,1447.560347396065,1708.9557988312586,1543.2300851558507,1793.9838819110776,127.99403749884118,136.59537781022794,HIT,True,1230.624612443918
2026_07_15_gym,flight_14,20,0,700,ok,True,15,15,1471.6119552103614,1724.4914505908873,1543.2300851558507,1793.9838819110776,99.7915554928389,113.02678483048962,HIT,True,1230.0162516540472
2026_07_15_gym,flight_14,20,0,750,fit_failed,True,16,16,,,,,,,,,
2026_07_15_gym,flight_14,20,0,800,ok,True,17,17,1502.091894021376,1712.073540153552,1543.2300851558507,1793.9838819110776,91.66054143769404,107.57428196645787,HIT,True,1232.5726653345314
2026_07_15_gym,flight_14,20,0,850,ok,True,18,18,1570.7198897408023,1658.651324749407,1543.2300851558507,1793.9838819110776,138.09630836498008,147.55114834768187,HIT,True,1241.4200754596998
2026_07_15_gym,flight_14,20,0,900,ok,True,19,19,1563.7546763681642,1674.9578385435059,1543.2300851558507,1793.9838819110776,120.78268851193712,136.32276945094287,HIT,True,1242.0339599835088
2026_07_15_gym,flight_14,20,0,950,ok,True,19,19,1563.7546763681642,1674.9578385435059,1543.2300851558507,1793.9838819110776,120.78268851193712,136.32276945094287,HIT,True,1242.0339599835088
2026_07_15_gym,flight_14,20,0,1000,ok,True,19,19,1563.7546763681642,1674.9578385435059,1543.2300851558507,1793.9838819110776,120.78268851193712,136.32276945094287,HIT,True,1242.0339599835088
2026_07_15_gym,flight_14,20,0,1050,ok,True,20,20,1685.320056573457,1608.883485160893,1543.2300851558507,1793.9838819110776,233.34891654887073,242.90297675086472,HIT,True,1255.6102257826471
2026_07_15_gym,flight_14,20,0,1100,ok,True,21,21,1502.7213923007318,1721.1599082283717,1543.2300851558507,1793.9838819110776,83.33237869981747,106.9009904431323,HIT,True,1236.6036490859112
2026_07_15_gym,flight_14,20,0,1150,ok,True,22,22,1583.035457781568,1691.0830640579488,1543.2300851558507,1793.9838819110776,110.33152770044919,127.5898961696796,HIT,True,1245.0166042362491
2026_07_15_gym,flight_14,20,0,1200,ok,True,23,23,1538.8221580202503,1733.3991849687118,1543.2300851558507,1793.9838819110776,60.74483784842189,90.64740443986057,HIT,True,1241.1155356470017
2026_07_15_gym,flight_14,20,0,1250,ok,True,23,23,1538.8221580202503,1733.3991849687118,1543.2300851558507,1793.9838819110776,60.74483784842189,90.64740443986057,HIT,True,1241.1155356470017
2026_07_15_gym,flight_15,20,0,150,not_fit_eligible,True,4,4,,,,,,,,,
2026_07_15_gym,flight_15,20,0,200,not_fit_eligible,True,5,5,,,,,,,,,
2026_07_15_gym,flight_15,20,0,250,not_fit_eligible,True,6,6,,,,,,,,,
2026_07_15_gym,flight_15,20,0,300,not_fit_eligible,True,7,7,,,,,,,,,
2026_07_15_gym,flight_15,20,0,350,ok,True,8,8,1186.8854754133151,326.1328191220737,1106.3254149406393,567.9423568328247,254.87600097154746,212.67614068437206,HIT,True,1562.870123941061
2026_07_15_gym,flight_15,20,0,400,ok,True,8,8,1186.8854754133151,326.1328191220737,1106.3254149406393,567.9423568328247,254.87600097154746,212.67614068437206,HIT,True,1562.870123941061
2026_07_15_gym,flight_15,20,0,450,fit_failed,True,9,9,,,,,,,,,
2026_07_15_gym,flight_15,20,0,490,fit_failed,True,9,9,,,,,,,,,
2026_07_15_gym,flight_15,20,0,500,fit_failed,True,10,10,,,,,,,,,
2026_07_15_gym,flight_15,20,0,550,fit_failed,True,10,10,,,,,,,,,
2026_07_15_gym,flight_15,20,0,600,fit_failed,True,11,11,,,,,,,,,
2026_07_15_gym,flight_15,20,0,650,fit_failed,True,12,12,,,,,,,,,
2026_07_15_gym,flight_15,20,0,700,fit_failed,True,13,13,,,,,,,,,
2026_07_15_gym,flight_15,20,0,750,fit_failed,True,14,14,,,,,,,,,
2026_07_15_gym,flight_15,20,0,800,ok,True,15,15,1126.332366941916,407.3474072935165,1106.3254149406393,567.9423568328247,161.83638634718193,118.83956083731178,HIT,True,1545.8463484274137
2026_07_15_gym,flight_15,20,0,850,ok,True,16,16,1078.3747978724887,458.5054743168251,1106.3254149406393,567.9423568328247,112.94984838108942,79.60389208088878,HIT,True,1543.1777310895766
2026_07_15_gym,flight_15,20,0,900,ok,True,16,16,1078.3747978724887,458.5054743168251,1106.3254149406393,567.9423568328247,112.94984838108942,79.60389208088878,HIT,True,1543.1777310895766
2026_07_15_gym,flight_15,20,0,950,ok,True,16,16,1078.3747978724887,458.5054743168251,1106.3254149406393,567.9423568328247,112.94984838108942,79.60389208088878,HIT,True,1543.1777310895766
2026_07_15_gym,flight_15,20,0,1000,ok,True,17,17,1052.5008052258047,471.6915228232242,1106.3254149406393,567.9423568328247,110.27833721315321,75.0607171387373,HIT,True,1544.1884090219578
2026_07_15_gym,flight_15,20,0,1050,ok,True,18,18,1169.3296856920313,458.5312885861293,1106.3254149406393,567.9423568328247,126.25498005147256,99.59670775286638,HIT,True,1541.3357533693195
2026_07_15_gym,flight_15,20,0,1100,ok,True,19,19,1050.6464542847568,532.3967739213331,1106.3254149406393,567.9423568328247,66.05781652641143,37.77399831766537,HIT,True,1540.6349148914264
2026_07_15_gym,flight_15,20,0,1150,ok,True,20,20,1050.8432155431262,532.3983627883835,1106.3254149406393,567.9423568328247,65.89119791456729,36.058148024414656,HIT,True,1540.6084886941521
2026_07_15_gym,flight_15,20,0,1200,ok,True,21,21,1045.1590782231413,572.9990897845929,1106.3254149406393,567.9423568328247,61.37500546300468,21.415746799400647,HIT,True,1540.9073316292536
2026_07_15_gym,flight_15,20,0,1250,ok,True,22,22,1082.1510142270786,545.0639003786848,1106.3254149406393,567.9423568328247,33.284011470731414,50.06879720406324,HIT,True,1544.5395031928501
2026_07_15_gym,flight_17,20,0,150,not_fit_eligible,True,4,4,,,,,,,,,
2026_07_15_gym,flight_17,20,0,200,not_fit_eligible,True,5,5,,,,,,,,,
2026_07_15_gym,flight_17,20,0,250,not_fit_eligible,True,6,6,,,,,,,,,
2026_07_15_gym,flight_17,20,0,300,not_fit_eligible,True,7,7,,,,,,,,,
2026_07_15_gym,flight_17,20,0,350,fit_failed,True,8,8,,,,,,,,,
2026_07_15_gym,flight_17,20,0,400,fit_failed,True,8,8,,,,,,,,,
2026_07_15_gym,flight_17,20,0,450,fit_failed,True,8,8,,,,,,,,,
2026_07_15_gym,flight_17,20,0,490,fit_failed,True,8,8,,,,,,,,,
2026_07_15_gym,flight_17,20,0,500,ok,True,9,9,289.6701903168836,2312.7719456219706,308.745036456572,2440.223426116098,128.87098057901824,126.4562661671201,MISS_HIGH_WIDE,True,1087.0364564130225
2026_07_15_gym,flight_17,20,0,550,ok,True,10,10,289.670191259427,2312.772456374875,308.745036456572,2440.223426116098,128.87047531251335,126.45554328740965,MISS_HIGH_WIDE,True,1087.0363582716043
2026_07_15_gym,flight_17,20,0,600,ok,True,10,10,289.670191259427,2312.772456374875,308.745036456572,2440.223426116098,128.87047531251335,126.45554328740965,MISS_HIGH_WIDE,True,1087.0363582716043
2026_07_15_gym,flight_17,20,0,650,ok,True,11,11,289.67019126090076,2312.7724571731987,308.745036456572,2440.223426116098,128.8704745227652,126.45554215753492,MISS_HIGH_WIDE,True,1087.0363581182062
2026_07_15_gym,flight_17,20,0,700,ok,True,12,12,289.670191250646,2312.7724516164544,308.745036456572,2440.223426116098,128.87048001981998,126.45555002207519,MISS_HIGH_WIDE,True,1087.0363591859373
2026_07_15_gym,flight_17,20,0,750,fit_failed,True,13,13,,,,,,,,,
2026_07_15_gym,flight_17,20,0,800,ok,True,14,14,305.4434158757206,2369.545412889028,308.745036456572,2440.223426116098,70.75508640504792,62.47169640734379,MISS_HIGH_WIDE,True,1083.2150420487874
2026_07_15_gym,flight_17,20,0,850,ok,True,15,15,297.077568161987,2379.884518567803,308.745036456572,2440.223426116098,61.456599161740534,61.86282150982082,MISS_HIGH_WIDE,True,1083.3288301696145
2026_07_15_gym,flight_17,20,0,900,ok,True,16,16,293.5584526582113,2392.2610443932995,308.745036456572,2440.223426116098,50.30926741653134,58.17790277095876,MISS_HIGH_WIDE,True,1083.1444009061836
2026_07_15_gym,flight_17,20,0,950,ok,True,17,17,288.59025948015386,2409.5302073198764,308.745036456572,2440.223426116098,36.71905111848458,57.80147138355579,MISS_HIGH_WIDE,True,1082.2648511882142
2026_07_15_gym,flight_17,20,0,1000,ok,True,18,18,270.1424393498284,2433.065058792415,308.745036456572,2440.223426116098,39.26070205850041,78.84834420329607,MISS_HIGH_WIDE,True,1080.3103567399057
2026_07_15_gym,flight_17,20,0,1050,ok,True,19,19,265.7343016046395,2445.4345246334383,308.745036456572,2440.223426116098,43.32526814989919,89.47058316739076,MISS_HIGH_WIDE,True,1079.5979821984306
2026_07_15_gym,flight_17,20,0,1100,ok,True,20,20,270.46846321583473,2432.9283603445906,308.745036456572,2440.223426116098,38.96554944645516,73.14166614956605,MISS_HIGH_WIDE,True,1080.3133271836
2026_07_15_gym,flight_17,20,0,1150,fit_failed,False,21,21,,,,,,,,,
2026_07_15_gym,flight_17,20,0,1200,fit_failed,False,21,21,,,,,,,,,
2026_07_15_gym,flight_17,20,0,1250,ok,False,22,22,273.7680524521498,2444.2968136446852,308.745036456572,2440.223426116098,35.213376662905496,78.26075966735712,MISS_HIGH_WIDE,True,1080.770087072485
2026_07_15_gym,flight_19,20,0,150,not_fit_eligible,True,4,4,,,,,,,,,
2026_07_15_gym,flight_19,20,0,200,not_fit_eligible,True,5,5,,,,,,,,,
2026_07_15_gym,flight_19,20,0,250,not_fit_eligible,True,6,6,,,,,,,,,
2026_07_15_gym,flight_19,20,0,300,not_fit_eligible,True,7,7,,,,,,,,,
2026_07_15_gym,flight_19,20,0,350,fit_failed,True,8,8,,,,,,,,,
2026_07_15_gym,flight_19,20,0,400,ok,True,9,9,393.84877149327525,2414.8122648226304,316.77349563971256,2404.6608315670896,77.74091422825231,135.9370885922798,MISS_HIGH_WIDE,True,1074.7760878041754
2026_07_15_gym,flight_19,20,0,450,ok,True,10,10,427.7712149238089,2382.648107870582,316.77349563971256,2404.6608315670896,113.15941715478141,122.8518002534317,MISS_HIGH_WIDE,True,1077.3599182527337
2026_07_15_gym,flight_19,20,0,490,ok,True,10,10,427.7712149238089,2382.648107870582,316.77349563971256,2404.6608315670896,113.15941715478141,122.8518002534317,MISS_HIGH_WIDE,True,1077.3599182527337
2026_07_15_gym,flight_19,20,0,500,ok,True,11,11,363.8415061609016,2371.484430431156,316.77349563971256,2404.6608315670896,57.58533847044006,56.25028484743359,MISS_HIGH_WIDE,True,1083.4013682005411
2026_07_15_gym,flight_19,20,0,550,ok,True,12,12,380.96059472098835,2353.2195420634407,316.77349563971256,2404.6608315670896,82.25685353979775,55.15718677667668,MISS_HIGH_WIDE,True,1084.9060609901776
2026_07_15_gym,flight_19,20,0,600,ok,True,13,13,357.2106889220948,2354.9125637895813,316.77349563971256,2404.6608315670896,64.10972428126182,45.2851052908995,MISS_HIGH_WIDE,True,1086.5406835012757
2026_07_15_gym,flight_19,20,0,650,ok,True,14,14,357.7389707975982,2347.679196371748,316.77349563971256,2404.6608315670896,70.17889215744549,35.425256934466745,MISS_HIGH_WIDE,True,1088.084204959525
2026_07_15_gym,flight_19,20,0,700,ok,True,15,15,358.87359749743524,2341.161744340629,316.77349563971256,2404.6608315670896,76.18761484010565,40.210257854284016,MISS_HIGH_WIDE,True,1089.7619342409737
2026_07_15_gym,flight_19,20,0,750,ok,True,16,16,351.81526750773907,2348.5870823738446,316.77349563971256,2404.6608315670896,66.12254626250989,40.676325429224626,MISS_HIGH_WIDE,True,1090.2442118316842
2026_07_15_gym,flight_19,20,0,800,ok,True,17,17,343.8432461588738,2352.6647131657624,316.77349563971256,2404.6608315670896,58.620540103060094,30.75211789107086,MISS_HIGH_WIDE,True,1091.5660024364238
2026_07_15_gym,flight_19,20,0,850,ok,True,18,18,348.1515986675248,2354.058625454098,316.77349563971256,2404.6608315670896,59.54131853700991,35.0329063927939,MISS_HIGH_WIDE,True,1091.104597175774
2026_07_15_gym,flight_19,20,0,900,fit_failed,True,19,19,,,,,,,,,
2026_07_15_gym,flight_19,20,0,950,fit_failed,True,20,20,,,,,,,,,
2026_07_15_gym,flight_19,20,0,1000,fit_failed,True,21,21,,,,,,,,,
2026_07_15_gym,flight_19,20,0,1050,fit_failed,True,22,22,,,,,,,,,
2026_07_15_gym,flight_19,20,0,1100,ok,False,23,23,313.95507388948596,2385.5051197145626,316.77349563971256,2404.6608315670896,19.361941992971538,59.27624853710755,MISS_HIGH_WIDE,True,1096.1367148190025
2026_07_15_gym,flight_19,20,0,1150,fit_failed,False,24,24,,,,,,,,,
2026_07_15_gym,flight_19,20,0,1200,fit_failed,False,24,24,,,,,,,,,
2026_07_15_gym,flight_19,20,0,1250,fit_failed,False,25,25,,,,,,,,,
2026_07_15_gym,flight_20,20,0,150,not_fit_eligible,True,4,4,,,,,,,,,
2026_07_15_gym,flight_20,20,0,200,not_fit_eligible,True,5,5,,,,,,,,,
2026_07_15_gym,flight_20,20,0,250,not_fit_eligible,True,6,6,,,,,,,,,
2026_07_15_gym,flight_20,20,0,300,not_fit_eligible,True,7,7,,,,,,,,,
2026_07_15_gym,flight_20,20,0,350,ok,True,8,8,372.59955107863595,2433.9242272459583,564.612701189692,2470.8439248657473,195.53034007004536,185.71989100719776,MISS_HIGH_WIDE,True,1143.7193550279485
2026_07_15_gym,flight_20,20,0,400,ok,True,9,9,428.6493340332827,2432.3311820297135,564.612701189692,2470.8439248657473,141.31266245196508,138.7869785071667,MISS_HIGH_WIDE,True,1141.943160364067
2026_07_15_gym,flight_20,20,0,450,ok,True,10,10,449.2148964276144,2447.944464691286,564.612701189692,2470.8439248657473,117.64794354423839,119.34215465124838,MISS_HIGH_WIDE,True,1141.515185459693
2026_07_15_gym,flight_20,20,0,490,ok,True,10,10,449.2148964276144,2447.944464691286,564.612701189692,2470.8439248657473,117.64794354423839,119.34215465124838,MISS_HIGH_WIDE,True,1141.515185459693
2026_07_15_gym,flight_20,20,0,500,ok,True,11,11,468.8125118451722,2451.5786551717524,564.612701189692,2470.8439248657473,97.7180991159171,103.28963572653285,MISS_HIGH_WIDE,True,1139.4561995727904
2026_07_15_gym,flight_20,20,0,550,ok,True,12,12,508.00061682837634,2434.1648152023035,564.612701189692,2470.8439248657473,67.45580168848083,74.46052449457741,MISS_HIGH_WIDE,True,1137.3254914493843
2026_07_15_gym,flight_20,20,0,600,ok,True,13,13,522.9496865339489,2426.3950070929227,564.612701189692,2470.8439248657473,60.922188744167634,65.59969860091697,MISS_HIGH_WIDE,True,1136.6078447418595
2026_07_15_gym,flight_20,20,0,650,ok,True,14,14,529.9642269974014,2421.53711738585,564.612701189692,2470.8439248657473,60.263405377671,61.75953651271381,MISS_HIGH_WIDE,True,1136.7556454286323
2026_07_15_gym,flight_20,20,0,700,ok,True,15,15,532.9584661359145,2419.9977545797647,564.612701189692,2470.8439248657473,59.894270423730376,59.441660093141124,MISS_HIGH_WIDE,True,1137.495005935712
2026_07_15_gym,flight_20,20,0,750,ok,True,16,16,523.5802542155117,2435.031678710718,564.612701189692,2470.8439248657473,54.462635626246765,62.72349915257598,MISS_HIGH_WIDE,True,1137.3915873106505
2026_07_15_gym,flight_20,20,0,800,ok,True,17,17,523.5802562570901,2435.031626158826,564.612701189692,2470.8439248657473,54.462668643950664,62.72350524570072,MISS_HIGH_WIDE,True,1137.391597544751
2026_07_15_gym,flight_20,20,0,850,ok,True,17,17,523.5802562570901,2435.031626158826,564.612701189692,2470.8439248657473,54.462668643950664,62.72350524570072,MISS_HIGH_WIDE,True,1137.391597544751
2026_07_15_gym,flight_20,20,0,900,ok,True,18,18,510.97017188739534,2459.971712954243,564.612701189692,2470.8439248657473,54.73322520915804,77.00907165469356,MISS_HIGH_WIDE,True,1136.3372590023462
2026_07_15_gym,flight_20,20,0,950,ok,True,19,19,543.5034153705731,2471.502180376951,564.612701189692,2470.8439248657473,21.119546588676663,62.59629410843251,MISS_HIGH_WIDE,True,1135.4641187673844
2026_07_15_gym,flight_20,20,0,1000,ok,True,20,20,543.5034670659293,2471.5010330273444,564.612701189692,2470.8439248657473,21.119459188811266,62.59516952773344,MISS_HIGH_WIDE,True,1135.4643440023588
2026_07_15_gym,flight_20,20,0,1050,ok,True,21,21,621.3841605809471,2409.854414140101,564.612701189692,2470.8439248657473,83.32298014333522,83.27469679473798,MISS_HIGH_WIDE,True,1144.931380822011
2026_07_15_gym,flight_20,20,0,1100,ok,True,22,22,547.6232612982926,2476.8534084667904,564.612701189692,2470.8439248657473,18.02095893604656,52.99768835184128,MISS_HIGH_WIDE,True,1137.736431935422
2026_07_15_gym,flight_20,20,0,1150,ok,False,23,23,549.2464943067306,2483.1240955522685,564.612701189692,2470.8439248657473,19.670356022707438,50.07806840786699,MISS_HIGH_WIDE,True,1139.1159810090285
2026_07_15_gym,flight_20,20,0,1200,ok,False,24,24,548.6309467075512,2492.7133957049405,564.612701189692,2470.8439248657473,27.086716875873783,56.499408041774764,MISS_HIGH_WIDE,True,1139.4820764318279
2026_07_15_gym,flight_20,20,0,1250,ok,False,24,24,548.6309467075512,2492.7133957049405,564.612701189692,2470.8439248657473,27.086716875873783,56.499408041774764,MISS_HIGH_WIDE,True,1139.4820764318279
2026_07_15_gym,flight_21,20,0,150,not_fit_eligible,True,4,4,,,,,,,,,
2026_07_15_gym,flight_21,20,0,200,not_fit_eligible,True,5,5,,,,,,,,,
2026_07_15_gym,flight_21,20,0,250,not_fit_eligible,True,6,6,,,,,,,,,
2026_07_15_gym,flight_21,20,0,300,not_fit_eligible,True,7,7,,,,,,,,,
2026_07_15_gym,flight_21,20,0,350,fit_failed,True,8,8,,,,,,,,,
2026_07_15_gym,flight_21,20,0,400,ok,True,9,9,724.0748837628589,2222.0887467273287,737.4066720812041,2189.8066932697857,34.926602399901874,79.19142726527636,MISS_HIGH_WIDE,True,1135.0204950475186
2026_07_15_gym,flight_21,20,0,450,ok,True,10,10,624.1550588572579,2200.1109716494993,737.4066720812041,2189.8066932697857,113.71941809010865,126.91496122501954,MISS_HIGH_WIDE,True,1137.561441966956
2026_07_15_gym,flight_21,20,0,490,ok,True,10,10,624.1550588572579,2200.1109716494993,737.4066720812041,2189.8066932697857,113.71941809010865,126.91496122501954,MISS_HIGH_WIDE,True,1137.561441966956
2026_07_15_gym,flight_21,20,0,500,ok,True,11,11,681.4531559201574,2194.6253201519685,737.4066720812041,2189.8066932697857,56.16061908325266,71.86456956862712,MISS_HIGH_WIDE,True,1137.3808955319425
2026_07_15_gym,flight_21,20,0,550,ok,True,12,12,697.2199157575823,2169.569450092547,737.4066720812041,2189.8066932697857,44.99468185495762,52.5418296538673,MISS_HIGH_WIDE,True,1138.8869790195465
2026_07_15_gym,flight_21,20,0,600,ok,True,13,13,733.3430376024353,2150.4707212657345,737.4066720812041,2189.8066932697857,39.5453134856779,41.73319258278625,MISS_HIGH_WIDE,True,1138.8965738788465
2026_07_15_gym,flight_21,20,0,650,ok,True,14,14,741.8338849974699,2142.485655465318,737.4066720812041,2189.8066932697857,47.52768491203648,46.40782146138856,MISS_HIGH_WIDE,True,1139.366748367783
2026_07_15_gym,flight_21,20,0,700,ok,True,15,15,771.1104162473032,2127.964193037148,737.4066720812041,2189.8066932697857,70.43037133110714,74.41427601193571,MISS_HIGH_WIDE,True,1141.4619546786907
2026_07_15_gym,flight_21,20,0,750,ok,True,16,16,765.1617564820659,2127.8914820244754,737.4066720812041,2189.8066932697857,67.85158873342878,65.31437612496286,MISS_HIGH_WIDE,True,1141.9577948481956
2026_07_15_gym,flight_21,20,0,800,ok,True,17,17,761.7328378393078,2131.7131960714405,737.4066720812041,2189.8066932697857,62.981082534558546,49.868893309277965,MISS_HIGH_WIDE,True,1143.293653766446
2026_07_15_gym,flight_21,20,0,850,ok,True,18,18,775.2462670494177,2130.954329942227,737.4066720812041,2189.8066932697857,69.96738966545358,58.14642248632083,MISS_HIGH_WIDE,True,1144.5627174861984
2026_07_15_gym,flight_21,20,0,900,ok,True,19,19,779.9576762713866,2147.6557592934805,737.4066720812041,2189.8066932697857,59.89398294209335,62.393973396586794,MISS_HIGH_WIDE,True,1143.1013350692301
2026_07_15_gym,flight_21,20,0,950,ok,True,20,20,779.9575870232677,2147.657475865535,737.4066720812041,2189.8066932697857,59.89271149478465,62.39266451294918,MISS_HIGH_WIDE,True,1143.1010127354023
2026_07_15_gym,flight_21,20,0,1000,ok,True,21,21,788.5841302255753,2159.1323411216763,737.4066720812041,2189.8066932697857,59.6661386535537,72.42896319950631,MISS_HIGH_WIDE,True,1143.4545849631386
2026_07_15_gym,flight_21,20,0,1050,ok,True,22,22,777.2664659208774,2182.6224882034026,737.4066720812041,2189.8066932697857,40.502048928135785,59.466506881797095,MISS_HIGH_WIDE,True,1142.35646706053
2026_07_15_gym,flight_21,20,0,1100,ok,True,23,23,780.9090494108601,2163.520285110117,737.4066720812041,2189.8066932697857,50.82747374470289,41.34629402883656,MISS_HIGH_WIDE,True,1144.8059584404284
2026_07_15_gym,flight_21,20,0,1150,ok,False,23,23,780.9090494108601,2163.520285110117,737.4066720812041,2189.8066932697857,50.82747374470289,41.34629402883656,MISS_HIGH_WIDE,True,1144.8059584404284
2026_07_15_gym,flight_21,20,0,1200,ok,False,23,23,780.9090494108601,2163.520285110117,737.4066720812041,2189.8066932697857,50.82747374470289,41.34629402883656,MISS_HIGH_WIDE,True,1144.8059584404284
2026_07_15_gym,flight_21,20,0,1250,ok,False,24,24,775.1088118923458,2161.527328431653,737.4066720812041,2189.8066932697857,47.12933080351432,30.047598531622075,MISS_HIGH_WIDE,True,1145.240525321955
2026_07_15_gym,flight_22,20,0,150,not_fit_eligible,True,4,4,,,,,,,,,
2026_07_15_gym,flight_22,20,0,200,not_fit_eligible,True,5,5,,,,,,,,,
2026_07_15_gym,flight_22,20,0,250,not_fit_eligible,True,6,6,,,,,,,,,
2026_07_15_gym,flight_22,20,0,300,not_fit_eligible,True,7,7,,,,,,,,,
2026_07_15_gym,flight_22,20,0,350,not_fit_eligible,True,7,7,,,,,,,,,
2026_07_15_gym,flight_22,20,0,400,fit_failed,True,8,8,,,,,,,,,
2026_07_15_gym,flight_22,20,0,450,fit_failed,True,9,9,,,,,,,,,
2026_07_15_gym,flight_22,20,0,490,fit_failed,True,9,9,,,,,,,,,
2026_07_15_gym,flight_22,20,0,500,ok,True,10,10,-36.94764777958289,865.9220872714836,-54.01661882465238,963.2891079591052,98.85184110638073,45.377331601182526,MISS_HIGH_WIDE,True,1380.6657374113436
2026_07_15_gym,flight_22,20,0,550,ok,True,11,11,-73.71636701161523,881.5027046690024,-54.01661882465238,963.2891079591052,84.12547676988875,48.18055303571248,MISS_HIGH_WIDE,True,1381.0732747953368
2026_07_15_gym,flight_22,20,0,600,ok,True,11,11,-73.71636701161523,881.5027046690024,-54.01661882465238,963.2891079591052,84.12547676988875,48.18055303571248,MISS_HIGH_WIDE,True,1381.0732747953368
2026_07_15_gym,flight_22,20,0,650,ok,True,11,11,-73.71636701161523,881.5027046690024,-54.01661882465238,963.2891079591052,84.12547676988875,48.18055303571248,MISS_HIGH_WIDE,True,1381.0732747953368
2026_07_15_gym,flight_22,20,0,700,ok,True,12,12,-185.51885131165895,870.2559874455574,-54.01661882465238,963.2891079591052,161.08382495320575,144.88498147410195,MISS_HIGH_WIDE,True,1388.3735059347237
2026_07_15_gym,flight_22,20,0,750,ok,True,12,12,-185.51885131165895,870.2559874455574,-54.01661882465238,963.2891079591052,161.08382495320575,144.88498147410195,MISS_HIGH_WIDE,True,1388.3735059347237
2026_07_15_gym,flight_22,20,0,800,ok,True,13,13,-73.71632551199012,881.5043620254929,-54.01661882465238,963.2891079591052,84.12385577820746,48.179222960155215,MISS_HIGH_WIDE,True,1381.073040773603
2026_07_15_gym,flight_22,20,0,850,ok,True,14,14,-185.51885398050797,870.2559201032199,-54.01661882465238,963.2891079591052,161.08386602516836,144.8850073603282,MISS_HIGH_WIDE,True,1388.3735154227898
2026_07_15_gym,flight_22,20,0,900,ok,True,15,15,-118.53612114695855,892.7836500127645,-54.01661882465238,963.2891079591052,95.57084168375461,94.04889347367839,MISS_HIGH_WIDE,True,1388.9843794049716
2026_07_15_gym,flight_22,20,0,950,ok,True,16,16,-125.05780605010135,931.3645777893942,-54.01661882465238,963.2891079591052,77.88469624360157,82.53870433650575,MISS_HIGH_WIDE,True,1385.9402495732636
2026_07_15_gym,flight_22,20,0,1000,ok,True,17,17,-95.38073483963836,929.9707792296415,-54.01661882465238,963.2891079591052,53.11403885062617,46.492351742023324,MISS_HIGH_WIDE,True,1383.6693918974377
2026_07_15_gym,flight_22,20,0,1050,ok,True,18,18,-45.527336688973364,906.8907833015271,-54.01661882465238,963.2891079591052,57.03366493011596,43.41420602203679,MISS_HIGH_WIDE,True,1387.4638708691825
2026_07_15_gym,flight_22,20,0,1100,ok,True,19,19,-42.914670508807355,907.8971368274101,-54.01661882465238,963.2891079591052,56.493572397771366,45.30672079641264,MISS_HIGH_WIDE,True,1388.3279102396252
2026_07_15_gym,flight_22,20,0,1150,ok,True,20,20,-26.56462412128688,893.9041319674586,-54.01661882465238,963.2891079591052,74.61827461523738,59.467602444767735,MISS_HIGH_WIDE,True,1390.0625374443082
2026_07_15_gym,flight_22,20,0,1200,ok,True,20,20,-26.56462412128688,893.9041319674586,-54.01661882465238,963.2891079591052,74.61827461523738,59.467602444767735,MISS_HIGH_WIDE,True,1390.0625374443082
2026_07_15_gym,flight_22,20,0,1250,ok,True,20,20,-26.56462412128688,893.9041319674586,-54.01661882465238,963.2891079591052,74.61827461523738,59.467602444767735,MISS_HIGH_WIDE,True,1390.0625374443082
2026_07_15_gym,flight_23,20,0,150,not_fit_eligible,True,4,4,,,,,,,,,
2026_07_15_gym,flight_23,20,0,200,not_fit_eligible,True,5,5,,,,,,,,,
2026_07_15_gym,flight_23,20,0,250,not_fit_eligible,True,6,6,,,,,,,,,
2026_07_15_gym,flight_23,20,0,300,not_fit_eligible,True,7,7,,,,,,,,,
2026_07_15_gym,flight_23,20,0,350,fit_failed,True,8,8,,,,,,,,,
2026_07_15_gym,flight_23,20,0,400,fit_failed,True,9,9,,,,,,,,,
2026_07_15_gym,flight_23,20,0,450,ok,True,10,10,1734.9904953588439,1426.712515718386,1765.406641046785,1425.983362582028,30.42488426939886,27.67265782975199,HIT,True,1134.2633271264585
2026_07_15_gym,flight_23,20,0,490,ok,True,10,10,1734.9904953588439,1426.712515718386,1765.406641046785,1425.983362582028,30.42488426939886,27.67265782975199,HIT,True,1134.2633271264585
2026_07_15_gym,flight_23,20,0,500,ok,True,11,11,1737.730398228408,1415.3882804347893,1765.406641046785,1425.983362582028,29.63494866282878,28.309920964098065,HIT,True,1132.7787789803303
2026_07_15_gym,flight_23,20,0,550,ok,True,12,12,1713.90349818176,1439.4224446313017,1765.406641046785,1425.983362582028,53.22764931219758,51.932200008926095,HIT,True,1131.9274478058662
2026_07_15_gym,flight_23,20,0,600,ok,True,13,13,1711.3557803295032,1439.855067113812,1765.406641046785,1425.983362582028,55.802506492953405,56.045134429139665,HIT,True,1131.1559309449228
2026_07_15_gym,flight_23,20,0,650,ok,True,14,14,1740.3108941789117,1428.368579464128,1765.406641046785,1425.983362582028,25.2088430998137,37.988296404972495,HIT,True,1132.1325084611785
2026_07_15_gym,flight_23,20,0,700,ok,True,15,15,1757.486865568699,1411.667995632221,1765.406641046785,1425.983362582028,16.360090908394035,25.058315612211256,HIT,True,1134.203768478851
2026_07_15_gym,flight_23,20,0,750,ok,True,16,16,1754.3869843094571,1408.7939823399806,1765.406641046785,1425.983362582028,20.418315986246704,18.38984388517672,HIT,True,1135.2205783908687
2026_07_15_gym,flight_23,20,0,800,ok,True,17,17,1775.8470987220203,1379.038960956133,1765.406641046785,1425.983362582028,48.09137137243754,46.177149756918,HIT,True,1138.7890148861395
2026_07_15_gym,flight_23,20,0,850,ok,True,18,18,1772.5413944154511,1376.7681623001288,1765.406641046785,1425.983362582028,49.72967569187574,47.46709603938859,HIT,True,1139.762443805439
2026_07_15_gym,flight_23,20,0,900,ok,True,19,19,1756.4275719694408,1399.2947815079115,1765.406641046785,1425.983362582028,28.158551831466802,17.54952510846338,HIT,True,1137.407193000069
2026_07_15_gym,flight_23,20,0,950,ok,True,20,20,1756.4273289526038,1399.2960812314054,1765.406641046785,1425.983362582028,28.15739745736435,17.54831177979869,HIT,True,1137.4069702503218
2026_07_15_gym,flight_23,20,0,1000,ok,True,21,21,1820.6615299627756,1374.4077404629315,1765.406641046785,1425.983362582028,75.58536595195059,103.57721145562,HIT,True,1141.1928050840218
2026_07_15_gym,flight_23,20,0,1050,ok,True,22,22,1768.5995204763972,1401.2457079816622,1765.406641046785,1425.983362582028,24.942855373413714,25.24130855051524,HIT,True,1138.0911797200915
2026_07_15_gym,flight_23,20,0,1100,ok,True,23,23,1783.0091315907052,1396.0504884149411,1765.406641046785,1425.983362582028,34.72498566236501,41.317935217741166,HIT,True,1139.7726876802133
2026_07_15_gym,flight_23,20,0,1150,ok,True,24,24,1794.3644934159113,1384.1950100316412,1765.406641046785,1425.983362582028,50.84116071361398,58.397908743530344,HIT,True,1141.2572021154451
2026_07_15_gym,flight_23,20,0,1200,ok,False,25,25,1787.6866051451977,1394.8911658667946,1765.406641046785,1425.983362582028,38.25077119229531,47.43309210126944,HIT,True,1141.6932537333132
2026_07_15_gym,flight_23,20,0,1250,ok,False,26,26,1770.038982758546,1402.801367540671,1765.406641046785,1425.983362582028,23.640293649445585,30.3834877483539,HIT,True,1141.5638997204373
2026_07_15_gym,flight_24,20,0,150,not_fit_eligible,True,4,4,,,,,,,,,
2026_07_15_gym,flight_24,20,0,200,not_fit_eligible,True,5,5,,,,,,,,,
2026_07_15_gym,flight_24,20,0,250,not_fit_eligible,True,6,6,,,,,,,,,
2026_07_15_gym,flight_24,20,0,300,not_fit_eligible,True,7,7,,,,,,,,,
2026_07_15_gym,flight_24,20,0,350,ok,True,8,8,364.72602736725094,1726.2333772531083,836.3190685415341,1702.9005785932409,472.1699016003784,428.8224292953262,HIT,True,1166.7941800353576
2026_07_15_gym,flight_24,20,0,400,ok,True,9,9,432.4353745744449,1673.015968604168,836.3190685415341,1702.9005785932409,404.9878123681012,391.4618595150643,HIT,True,1169.3310809880259
2026_07_15_gym,flight_24,20,0,450,ok,True,10,10,617.2511253573713,1745.3753512288513,836.3190685415341,1702.9005785932409,223.14764180108733,200.35717285211246,HIT,True,1146.0754863259506
2026_07_15_gym,flight_24,20,0,490,ok,True,10,10,617.2511253573713,1745.3753512288513,836.3190685415341,1702.9005785932409,223.14764180108733,200.35717285211246,HIT,True,1146.0754863259506
2026_07_15_gym,flight_24,20,0,500,ok,True,11,11,538.8395851186888,1650.8436094779563,836.3190685415341,1702.9005785932409,301.9999521374012,306.43028957909235,HIT,True,1165.2345392393413
2026_07_15_gym,flight_24,20,0,550,ok,True,12,12,628.9467919725364,1694.1493762404498,836.3190685415341,1702.9005785932409,207.55684674813395,213.7152305325654,HIT,True,1154.707210721584
2026_07_15_gym,flight_24,20,0,600,ok,True,13,13,653.0957540338252,1789.3810480572397,836.3190685415341,1702.9005785932409,202.6071434523088,196.86447734332486,HIT,True,1140.5831508162555
2026_07_15_gym,flight_24,20,0,650,ok,True,14,14,696.2766656587826,1768.6423662689622,836.3190685415341,1702.9005785932409,154.70571176260594,163.31330446600202,HIT,True,1140.3682131486569
2026_07_15_gym,flight_24,20,0,700,ok,True,15,15,765.0743010275353,1748.4553693528544,836.3190685415341,1702.9005785932409,84.56391582274267,98.9713615641349,HIT,True,1143.0009763874727
2026_07_15_gym,flight_24,20,0,750,ok,True,16,16,780.814887720805,1751.2712751418921,836.3190685415341,1702.9005785932409,73.62362646040937,92.62798539575148,HIT,True,1143.0161719458586
2026_07_15_gym,flight_24,20,0,800,ok,True,17,17,808.2663363649715,1737.4532520279793,836.3190685415341,1702.9005785932409,44.50666269287808,67.96642754563894,HIT,True,1144.2546396051905
2026_07_15_gym,flight_24,20,0,850,ok,True,18,18,808.2535737227603,1744.7218512472996,836.3190685415341,1702.9005785932409,50.365572029192094,73.11267890988651,HIT,True,1144.3534151267816
2026_07_15_gym,flight_24,20,0,900,ok,True,19,19,815.7487746922129,1750.0511792361947,836.3190685415341,1702.9005785932409,51.44235735304843,76.57129197703577,HIT,True,1144.6027650482627
2026_07_15_gym,flight_24,20,0,950,ok,True,20,20,821.6211767778657,1749.7363142585823,836.3190685415341,1702.9005785932409,49.08782086842158,72.23221651118446,HIT,True,1145.445808151474
2026_07_15_gym,flight_24,20,0,1000,ok,True,21,21,817.3138194864973,1755.1684822934749,836.3190685415341,1702.9005785932409,55.61594419643445,75.48822416700733,HIT,True,1145.6289915937916
2026_07_15_gym,flight_24,20,0,1050,ok,True,22,22,830.2753482890754,1737.2609701150109,836.3190685415341,1702.9005785932409,34.88786407935147,50.48102082604703,HIT,True,1148.0539936145228
2026_07_15_gym,flight_24,20,0,1100,ok,True,23,23,825.2936481956028,1740.0402321347933,836.3190685415341,1702.9005785932409,38.74162824393191,52.944700519568734,HIT,True,1147.7659932296563
2026_07_15_gym,flight_24,20,0,1150,ok,True,24,24,842.4959214431885,1725.6732548922594,836.3190685415341,1702.9005785932409,23.59551435312558,34.466766630107465,HIT,True,1150.4609204880994
2026_07_15_gym,flight_24,20,0,1200,ok,False,25,25,830.2753605873203,1737.260774931381,836.3190685415341,1702.9005785932409,34.88766971626754,50.48077895764262,HIT,True,1148.0540276534005
2026_07_15_gym,flight_24,20,0,1250,ok,False,26,26,842.4958329047215,1725.674617029008,836.3190685415341,1702.9005785932409,23.596805815028027,34.4682576210681,HIT,True,1150.4606836300518
2026_07_15_gym,flight_25,20,0,150,not_fit_eligible,True,4,4,,,,,,,,,
2026_07_15_gym,flight_25,20,0,200,not_fit_eligible,True,5,5,,,,,,,,,
2026_07_15_gym,flight_25,20,0,250,not_fit_eligible,True,6,6,,,,,,,,,
2026_07_15_gym,flight_25,20,0,300,not_fit_eligible,True,7,7,,,,,,,,,
2026_07_15_gym,flight_25,20,0,350,ok,True,8,8,736.3358280764962,2205.7329388383823,1243.4904360138703,2170.667638407165,508.3653918653817,383.7266247826229,MISS_HIGH_WIDE,True,1205.6946342320373
2026_07_15_gym,flight_25,20,0,400,ok,True,9,9,736.335827763728,2205.7329462434896,1243.4904360138703,2170.667638407165,508.3653926881839,383.72662335096066,MISS_HIGH_WIDE,True,1205.694632897483
2026_07_15_gym,flight_25,20,0,450,ok,True,10,10,998.8314608470004,2184.1848970440924,1243.4904360138703,2170.667638407165,245.03210077612414,164.87768730968804,MISS_HIGH_WIDE,True,1189.6403218224557
2026_07_15_gym,flight_25,20,0,490,ok,True,10,10,998.8314608470004,2184.1848970440924,1243.4904360138703,2170.667638407165,245.03210077612414,164.87768730968804,MISS_HIGH_WIDE,True,1189.6403218224557
2026_07_15_gym,flight_25,20,0,500,ok,True,11,11,1167.7999442580804,2134.055823823363,1243.4904360138703,2170.667638407165,84.0801731049123,48.987828613784465,MISS_HIGH_WIDE,True,1185.6315880736513
2026_07_15_gym,flight_25,20,0,550,ok,True,12,12,1175.6776464282423,2113.025008444971,1243.4904360138703,2170.667638407165,89.0013888674954,55.612706391792024,MISS_HIGH_WIDE,True,1188.029782871472
2026_07_15_gym,flight_25,20,0,600,ok,True,13,13,1199.1624580955968,2093.1213366914926,1243.4904360138703,2170.667638407165,89.32188161979724,67.53221894068338,MISS_HIGH_WIDE,True,1188.7595596706278
2026_07_15_gym,flight_25,20,0,650,ok,True,14,14,1214.1849911561178,2081.7157281857817,1243.4904360138703,2170.667638407165,93.65495945407186,70.77176825355122,MISS_HIGH_WIDE,True,1189.445643615967
2026_07_15_gym,flight_25,20,0,700,ok,True,15,15,1222.1498541772712,2077.079827596467,1243.4904360138703,2170.667638407165,95.99009722603475,75.50247854198601,MISS_HIGH_WIDE,True,1189.854013609348
2026_07_15_gym,flight_25,20,0,750,ok,True,16,16,1222.1498553485255,2077.0798170415915,1243.4904360138703,2170.667638407165,95.9901072563659,75.50249262171955,MISS_HIGH_WIDE,True,1189.854015501343
2026_07_15_gym,flight_25,20,0,800,ok,True,17,17,1232.0647347118456,2074.3367307598214,1243.4904360138703,2170.667638407165,97.0061359832674,82.22466209703657,MISS_HIGH_WIDE,True,1189.2728919874573
2026_07_15_gym,flight_25,20,0,850,ok,True,18,18,1222.149877107937,2077.079620954451,1243.4904360138703,2170.667638407165,95.99029359860896,75.50275420355348,MISS_HIGH_WIDE,True,1189.854050650588
2026_07_15_gym,flight_25,20,0,900,ok,True,19,19,1276.4360335058614,2046.85181277376,1243.4904360138703,2170.667638407165,128.1240456408792,116.9750737636867,MISS_HIGH_WIDE,True,1193.954775733952
2026_07_15_gym,flight_25,20,0,950,ok,True,19,19,1276.4360335058614,2046.85181277376,1243.4904360138703,2170.667638407165,128.1240456408792,116.9750737636867,MISS_HIGH_WIDE,True,1193.954775733952
2026_07_15_gym,flight_25,20,0,1000,ok,True,20,20,1273.4424492140145,2120.723986169493,1243.4904360138703,2170.667638407165,58.236513405072216,82.60185258280083,MISS_HIGH_WIDE,True,1188.9194380713084
2026_07_15_gym,flight_25,20,0,1050,ok,True,21,21,1273.4424492135472,2120.723986173267,1243.4904360138703,2170.667638407165,58.23651340159537,82.6018525810948,MISS_HIGH_WIDE,True,1188.9194380706272
2026_07_15_gym,flight_25,20,0,1100,ok,True,22,22,1254.3143193731619,2119.6619681736797,1243.4904360138703,2170.667638407165,52.141488729634645,53.109390501712475,MISS_HIGH_WIDE,True,1189.6861780007491
2026_07_15_gym,flight_25,20,0,1150,ok,True,23,23,1249.7290525273727,2120.086457341145,1243.4904360138703,2170.667638407165,50.96446030358871,42.60232491609805,MISS_HIGH_WIDE,True,1189.983734644096
2026_07_15_gym,flight_25,20,0,1200,ok,False,24,24,1246.6511736575928,2143.965872848768,1243.4904360138703,2170.667638407165,26.888186000324655,25.871878439336168,MISS_HIGH_WIDE,True,1190.8715576287248
2026_07_15_gym,flight_25,20,0,1250,ok,False,25,25,1213.6852194646992,2197.576052894196,1243.4904360138703,2170.667638407165,40.154871482160516,42.462367329104865,MISS_HIGH_WIDE,True,1189.6909659051992
2026_07_15_gym,flight_26,20,0,150,not_fit_eligible,True,4,4,,,,,,,,,
2026_07_15_gym,flight_26,20,0,200,not_fit_eligible,True,5,5,,,,,,,,,
2026_07_15_gym,flight_26,20,0,250,not_fit_eligible,True,6,6,,,,,,,,,
2026_07_15_gym,flight_26,20,0,300,not_fit_eligible,True,7,7,,,,,,,,,
2026_07_15_gym,flight_26,20,0,350,ok,True,8,8,-539.3785284713891,1370.4482951887053,-137.62928675421554,1464.0741343325371,412.51454638074364,377.4182026554737,MISS_HIGH_WIDE,True,1257.215807584736
2026_07_15_gym,flight_26,20,0,400,ok,True,9,9,-498.9889009516034,1334.0147048711829,-137.62928675421554,1464.0741343325371,384.05237398654106,363.8603658335676,MISS_HIGH_WIDE,True,1258.7804285022053
2026_07_15_gym,flight_26,20,0,450,ok,True,10,10,-424.61116867819436,1310.7682715772157,-137.62928675421554,1464.0741343325371,325.36331708996016,320.31628501789635,MISS_HIGH_WIDE,True,1255.0712561857592
2026_07_15_gym,flight_26,20,0,490,ok,True,10,10,-424.61116867819436,1310.7682715772157,-137.62928675421554,1464.0741343325371,325.36331708996016,320.31628501789635,MISS_HIGH_WIDE,True,1255.0712561857592
2026_07_15_gym,flight_26,20,0,500,ok,True,11,11,-311.3252834260528,1394.6361048964259,-137.62928675421554,1464.0741343325371,187.0613246820228,191.0715273149013,MISS_HIGH_WIDE,True,1236.4849104289483
2026_07_15_gym,flight_26,20,0,550,ok,True,12,12,-249.98045805035434,1367.5745954969698,-137.62928675421554,1464.0741343325371,148.1045127168362,155.51308148352928,MISS_HIGH_WIDE,True,1235.404186175956
2026_07_15_gym,flight_26,20,0,600,ok,True,13,13,-348.59552495214274,1398.396071700135,-137.62928675421554,1464.0741343325371,220.95330178689406,220.0206713925324,MISS_HIGH_WIDE,True,1238.8766813378554
2026_07_15_gym,flight_26,20,0,650,ok,True,13,13,-348.59552495214274,1398.396071700135,-137.62928675421554,1464.0741343325371,220.95330178689406,220.0206713925324,MISS_HIGH_WIDE,True,1238.8766813378554
2026_07_15_gym,flight_26,20,0,700,ok,True,14,14,-230.92255622312888,1411.2836221718644,-137.62928675421554,1464.0741343325371,107.1936206235493,126.13889825260733,MISS_HIGH_WIDE,True,1233.6076288273973
2026_07_15_gym,flight_26,20,0,750,ok,True,15,15,-324.58463581467635,1466.3972682241667,-137.62928675421554,1464.0741343325371,186.96978230023475,193.3785756543804,MISS_HIGH_WIDE,True,1232.7484978905643
2026_07_15_gym,flight_26,20,0,800,ok,True,16,16,-291.37319114600757,1448.1966001800245,-137.62928675421554,1464.0741343325371,154.56158716963506,165.05371855229438,MISS_HIGH_WIDE,True,1234.1460482188445
2026_07_15_gym,flight_26,20,0,850,ok,True,17,17,-251.8366818964939,1448.5342008262587,-137.62928675421554,1464.0741343325371,115.25978760419464,122.75329748576594,MISS_HIGH_WIDE,True,1233.6387657465857
2026_07_15_gym,flight_26,20,0,900,ok,True,18,18,-324.584697691335,1466.396503132247,-137.62928675421554,1464.0741343325371,186.96983466727747,193.37853825941517,MISS_HIGH_WIDE,True,1232.7486196616537
2026_07_15_gym,flight_26,20,0,950,ok,True,18,18,-324.584697691335,1466.396503132247,-137.62928675421554,1464.0741343325371,186.96983466727747,193.37853825941517,MISS_HIGH_WIDE,True,1232.7486196616537
2026_07_15_gym,flight_26,20,0,1000,ok,True,19,19,-178.24510766486932,1425.147378393902,-137.62928675421554,1464.0741343325371,56.25777489514106,68.7669970282515,MISS_HIGH_WIDE,True,1233.9696772858756
2026_07_15_gym,flight_26,20,0,1050,ok,True,19,19,-178.24510766486932,1425.147378393902,-137.62928675421554,1464.0741343325371,56.25777489514106,68.7669970282515,MISS_HIGH_WIDE,True,1233.9696772858756
2026_07_15_gym,flight_26,20,0,1100,ok,True,20,20,-166.4478342486104,1427.1979446401192,-137.62928675421554,1464.0741343325371,46.80130389121529,51.927416463525184,MISS_HIGH_WIDE,True,1233.2009202419524
2026_07_15_gym,flight_26,20,0,1150,fit_failed,True,21,21,,,,,,,,,
2026_07_15_gym,flight_26,20,0,1200,ok,True,22,22,-166.44783422673865,1427.1979450265894,-137.62928675421554,1464.0741343325371,46.80130357323566,51.92741621062216,MISS_HIGH_WIDE,True,1233.2009201807643
2026_07_15_gym,flight_26,20,0,1250,fit_failed,True,23,23,,,,,,,,,
2026_07_15_gym,flight_28,20,0,150,not_fit_eligible,True,4,4,,,,,,,,,
2026_07_15_gym,flight_28,20,0,200,not_fit_eligible,True,5,5,,,,,,,,,
2026_07_15_gym,flight_28,20,0,250,not_fit_eligible,True,6,6,,,,,,,,,
2026_07_15_gym,flight_28,20,0,300,not_fit_eligible,True,7,7,,,,,,,,,
2026_07_15_gym,flight_28,20,0,350,fit_failed,True,8,8,,,,,,,,,
2026_07_15_gym,flight_28,20,0,400,ok,True,9,9,-191.11181258107308,1125.707655144866,-154.94916916271745,1236.753207837785,116.78549375619816,97.1071824109817,MISS_HIGH_WIDE,True,1397.327063914661
2026_07_15_gym,flight_28,20,0,450,ok,True,10,10,-141.99813151113,1149.7165131888942,-154.94916916271745,1236.753207837785,87.9949748091169,57.631595787466374,MISS_HIGH_WIDE,True,1389.5270208630097
2026_07_15_gym,flight_28,20,0,490,ok,True,10,10,-141.99813151113,1149.7165131888942,-154.94916916271745,1236.753207837785,87.9949748091169,57.631595787466374,MISS_HIGH_WIDE,True,1389.5270208630097
2026_07_15_gym,flight_28,20,0,500,ok,True,11,11,-136.8574989313122,1199.7523624332125,-154.94916916271745,1236.753207837785,41.18702577772516,26.929635976828106,MISS_HIGH_WIDE,True,1382.91101175445
2026_07_15_gym,flight_28,20,0,550,ok,True,12,12,-137.84450423351723,1233.1718321272654,-154.94916916271745,1236.753207837785,17.475577653402848,48.12609685302566,MISS_HIGH_WIDE,True,1378.061735811335
2026_07_15_gym,flight_28,20,0,600,ok,True,13,13,-167.25069129297503,1241.2084254028603,-154.94916916271745,1236.753207837785,13.08344030724989,48.443081993252015,MISS_HIGH_WIDE,True,1378.378439467966
2026_07_15_gym,flight_28,20,0,650,ok,True,14,14,-148.34400813393788,1231.6499149643023,-154.94916916271745,1236.753207837785,8.346960546728909,44.927667694564946,MISS_HIGH_WIDE,True,1378.25084607051
2026_07_15_gym,flight_28,20,0,700,ok,True,15,15,-103.15594261210124,1208.5609793179292,-154.94916916271745,1236.753207837785,58.96897544844436,53.820282548661844,MISS_HIGH_WIDE,True,1378.396132878701
2026_07_15_gym,flight_28,20,0,750,ok,True,16,16,-127.24456326448478,1221.0405262797444,-154.94916916271745,1236.753207837785,31.850173464532034,44.61789072015352,MISS_HIGH_WIDE,True,1378.7384122283765
2026_07_15_gym,flight_28,20,0,800,ok,True,17,17,-95.36582072297553,1202.4534494704192,-154.94916916271745,1236.753207837785,68.75062789059737,55.345547635921115,MISS_HIGH_WIDE,True,1379.602439563389
2026_07_15_gym,flight_28,20,0,850,ok,True,18,18,-100.0834944482995,1198.7183790984502,-154.94916916271745,1236.753207837785,66.75994651809464,49.65985949106133,MISS_HIGH_WIDE,True,1381.388362152961
2026_07_15_gym,flight_28,20,0,900,ok,True,19,19,-100.08350248258805,1198.718139794822,-154.94916916271745,1236.753207837785,66.76007625286158,49.65985085281096,MISS_HIGH_WIDE,True,1381.388397087108
2026_07_15_gym,flight_28,20,0,950,ok,True,20,20,-131.18912937976097,1202.8444270027032,-154.94916916271745,1236.753207837785,41.404648388910275,26.81877189925569,MISS_HIGH_WIDE,True,1385.4637878073522
2026_07_15_gym,flight_28,20,0,1000,ok,True,21,21,-123.98722074279982,1207.269688441727,-154.94916916271745,1236.753207837785,42.75418302266304,29.673187808274246,MISS_HIGH_WIDE,True,1384.6472282946074
2026_07_15_gym,flight_28,20,0,1050,ok,True,21,21,-123.98722074279982,1207.269688441727,-154.94916916271745,1236.753207837785,42.75418302266304,29.673187808274246,MISS_HIGH_WIDE,True,1384.6472282946074
2026_07_15_gym,flight_28,20,0,1100,ok,True,22,22,-129.80370473518846,1207.264481589201,-154.94916916271745,1236.753207837785,38.75408826227312,26.535213891219577,MISS_HIGH_WIDE,True,1386.9008211073487
2026_07_15_gym,flight_28,20,0,1150,ok,True,23,23,-127.69969541383207,1207.8119061542325,-154.94916916271745,1236.753207837785,39.75088379809435,28.40874390258573,MISS_HIGH_WIDE,True,1388.2883729740884
2026_07_15_gym,flight_28,20,0,1200,ok,True,24,24,-127.69969540580126,1207.8119063763104,-154.94916916271745,1236.753207837785,39.75088364191195,28.40874380709771,MISS_HIGH_WIDE,True,1388.288372941719
2026_07_15_gym,flight_28,20,0,1250,ok,True,25,25,-143.51819364478243,1221.6101543318848,-154.94916916271745,1236.753207837785,18.973119690082314,13.389941034749697,MISS_HIGH_WIDE,True,1387.7676915584295
2026_07_15_gym,flight_29,20,0,150,not_fit_eligible,True,3,3,,,,,,,,,
2026_07_15_gym,flight_29,20,0,200,not_fit_eligible,True,4,4,,,,,,,,,
2026_07_15_gym,flight_29,20,0,250,not_fit_eligible,True,5,5,,,,,,,,,
2026_07_15_gym,flight_29,20,0,300,not_fit_eligible,True,6,6,,,,,,,,,
2026_07_15_gym,flight_29,20,0,350,not_fit_eligible,True,7,7,,,,,,,,,
2026_07_15_gym,flight_29,20,0,400,fit_failed,True,8,8,,,,,,,,,
2026_07_15_gym,flight_29,20,0,450,ok,True,9,9,1099.4935940071475,154.10843215731708,1025.4016252392755,343.32772454011547,203.20817022390182,138.85921326550198,HIT,True,1490.139000074771
2026_07_15_gym,flight_29,20,0,490,ok,True,9,9,1099.4935940071475,154.10843215731708,1025.4016252392755,343.32772454011547,203.20817022390182,138.85921326550198,HIT,True,1490.139000074771
2026_07_15_gym,flight_29,20,0,500,ok,True,10,10,1108.1966573713523,198.64305941224222,1025.4016252392755,343.32772454011547,166.69933913761162,94.49869854848409,HIT,True,1480.7949522820222
2026_07_15_gym,flight_29,20,0,550,ok,True,11,11,1077.2794341695485,216.41636115391438,1025.4016252392755,343.32772454011547,137.10507363314565,77.05211012821275,HIT,True,1480.4080447347897
2026_07_15_gym,flight_29,20,0,600,ok,True,12,12,1060.9348643723067,228.4334276877376,1025.4016252392755,343.32772454011547,120.2635045742785,67.00908994953213,HIT,True,1480.091519004101
2026_07_15_gym,flight_29,20,0,650,ok,True,13,13,1040.0682002883777,243.90338940056083,1025.4016252392755,343.32772454011547,100.50028279369879,56.074655407468384,HIT,True,1479.905893056177
2026_07_15_gym,flight_29,20,0,700,ok,True,14,14,1057.1665335881492,235.25392698330444,1025.4016252392755,343.32772454011547,112.64526230944165,63.47651444668941,HIT,True,1480.3478465469016
2026_07_15_gym,flight_29,20,0,750,ok,True,15,15,1066.4776710826504,233.5163217076138,1025.4016252392755,343.32772454011547,117.2424229286012,66.46400813621416,HIT,True,1480.5583844775035
2026_07_15_gym,flight_29,20,0,800,ok,True,16,16,1060.1575791505645,245.57965924263485,1025.4016252392755,343.32772454011547,103.74324364354615,56.85815775935575,HIT,True,1479.8589485691464
2026_07_15_gym,flight_29,20,0,850,ok,True,17,17,1043.2659788958968,267.9788644707074,1025.4016252392755,343.32772454011547,77.4376255145267,38.1185898020725,HIT,True,1478.4336197800972
2026_07_15_gym,flight_29,20,0,900,ok,True,18,18,1036.2397689827876,269.37446098329116,1025.4016252392755,343.32772454011547,74.74323080058922,40.299930298207414,HIT,True,1479.8496958529636
2026_07_15_gym,flight_29,20,0,950,ok,True,19,19,1029.8276511497575,278.23385420225964,1025.4016252392755,343.32772454011547,65.24416955500196,37.01012407663465,HIT,True,1480.5815510837203
2026_07_15_gym,flight_29,20,0,1000,ok,True,20,20,1010.804440225784,312.18582813961314,1025.4016252392755,343.32772454011547,34.393248199867976,21.323305821151585,HIT,True,1478.6993984770618
2026_07_15_gym,flight_29,20,0,1050,ok,True,21,21,1010.8045132164059,312.18454973744093,1025.4016252392755,343.32772454011547,34.394374775508666,21.323900723566993,HIT,True,1478.6995669169464
2026_07_15_gym,flight_29,20,0,1100,ok,True,22,22,1029.8276075283163,278.23459899167324,1025.4016252392755,343.32772454011547,65.24342352213107,37.00947888343159,HIT,True,1480.5814532741429
2026_07_15_gym,flight_29,20,0,1150,fit_failed,True,23,23,,,,,,,,,
2026_07_15_gym,flight_29,20,0,1200,fit_failed,True,23,23,,,,,,,,,
2026_07_15_gym,flight_29,20,0,1250,ok,True,24,24,1052.505309776259,301.35876451324486,1025.4016252392755,343.32772454011547,49.960017225951646,21.738255007371812,HIT,True,1479.102795056231
2026_07_15_gym,flight_33,20,0,150,not_fit_eligible,True,4,4,,,,,,,,,
2026_07_15_gym,flight_33,20,0,200,not_fit_eligible,True,5,5,,,,,,,,,
2026_07_15_gym,flight_33,20,0,250,not_fit_eligible,True,6,6,,,,,,,,,
2026_07_15_gym,flight_33,20,0,300,not_fit_eligible,True,7,7,,,,,,,,,
2026_07_15_gym,flight_33,20,0,350,fit_failed,True,8,8,,,,,,,,,
2026_07_15_gym,flight_33,20,0,400,ok,True,9,9,534.2902311033641,1354.6762720534598,847.5982895940475,1336.5944001102284,313.82940207726375,320.80357416523447,HIT,True,1108.0821954544472
2026_07_15_gym,flight_33,20,0,450,ok,True,10,10,590.9240354484482,1363.5741769760566,847.5982895940475,1336.5944001102284,258.08832034970044,266.86796410193693,HIT,True,1103.5782085669084
2026_07_15_gym,flight_33,20,0,490,ok,True,10,10,590.9240354484482,1363.5741769760566,847.5982895940475,1336.5944001102284,258.08832034970044,266.86796410193693,HIT,True,1103.5782085669084
2026_07_15_gym,flight_33,20,0,500,ok,True,11,11,647.3221660840294,1362.324468592905,847.5982895940475,1336.5944001102284,201.92216835286627,213.16173582887356,HIT,True,1099.6620734672388
2026_07_15_gym,flight_33,20,0,550,ok,True,12,12,639.1284481204252,1381.62644627485,847.5982895940475,1336.5944001102284,213.2781282405906,225.48520947449387,HIT,True,1097.9156878982692
2026_07_15_gym,flight_33,20,0,600,ok,True,13,13,699.2104636690219,1372.1322381999648,847.5982895940475,1336.5944001102284,152.58402543794688,165.97752586197365,HIT,True,1097.412789174704
2026_07_15_gym,flight_33,20,0,650,ok,True,14,14,699.2105508562051,1372.1309092258762,847.5982895940475,1336.5944001102284,152.58363112685672,165.9769599428392,HIT,True,1097.4130214915463
2026_07_15_gym,flight_33,20,0,700,ok,True,15,15,727.4187904116052,1378.0096613741052,847.5982895940475,1336.5944001102284,127.11544315816954,142.03402687714475,HIT,True,1096.4354597229328
2026_07_15_gym,flight_33,20,0,750,ok,True,16,16,803.0904864869399,1348.9556904808167,847.5982895940475,1336.5944001102284,46.192488967872876,69.37546693150806,HIT,True,1097.2922400108907
2026_07_15_gym,flight_33,20,0,800,ok,True,17,17,821.6473044896173,1333.5640304887904,847.5982895940475,1336.5944001102284,26.12731842215904,53.37884489012596,HIT,True,1100.3637723263798
2026_07_15_gym,flight_33,20,0,850,ok,True,18,18,819.4505910321686,1331.0021236652638,847.5982895940475,1336.5944001102284,28.697848180086698,45.01254435372943,HIT,True,1102.3718230002735
2026_07_15_gym,flight_33,20,0,900,ok,True,19,19,816.2092146309182,1326.0793749846237,847.5982895940475,1336.5944001102284,33.10347082154762,39.16997107997505,HIT,True,1102.7623020777714
2026_07_15_gym,flight_33,20,0,950,ok,True,20,20,850.3080377712132,1310.7165121446378,847.5982895940475,1336.5944001102284,26.01937394987267,35.97063957885137,HIT,True,1104.2462383208162
2026_07_15_gym,flight_33,20,0,1000,ok,True,21,21,853.1739574170913,1301.8703647871168,847.5982895940475,1336.5944001102284,35.16883138225704,46.13915559179603,HIT,True,1106.1543638041258
2026_07_15_gym,flight_33,20,0,1050,ok,True,22,22,856.6210655216732,1308.5775621139776,847.5982895940475,1336.5944001102284,29.433886878023895,35.5532206880287,HIT,True,1105.1455814160604
2026_07_15_gym,flight_33,20,0,1100,ok,True,23,23,855.302944625253,1309.0310155872144,847.5982895940475,1336.5944001102284,28.619955896426724,37.47437599984581,HIT,True,1105.1329790803068
2026_07_15_gym,flight_33,20,0,1150,ok,False,24,24,869.7796450652908,1302.3642924935323,847.5982895940475,1336.5944001102284,40.78863564759495,45.87013439042654,HIT,True,1106.9061178411384
2026_07_15_gym,flight_33,20,0,1200,ok,False,25,25,881.7042007991347,1296.0816462720222,847.5982895940475,1336.5944001102284,52.95749618972165,59.86296171506967,HIT,True,1108.7251532723421
2026_07_15_gym,flight_33,20,0,1250,ok,False,26,26,872.4119031564572,1305.8495934002597,847.5982895940475,1336.5944001102284,39.50896806622447,43.29819211923947,HIT,True,1106.9443881355712
2026_07_15_gym,flight_36,20,0,150,not_fit_eligible,True,4,4,,,,,,,,,
2026_07_15_gym,flight_36,20,0,200,not_fit_eligible,True,5,5,,,,,,,,,
2026_07_15_gym,flight_36,20,0,250,not_fit_eligible,True,6,6,,,,,,,,,
2026_07_15_gym,flight_36,20,0,300,not_fit_eligible,True,7,7,,,,,,,,,
2026_07_15_gym,flight_36,20,0,350,fit_failed,True,8,8,,,,,,,,,
2026_07_15_gym,flight_36,20,0,400,fit_failed,True,9,9,,,,,,,,,
2026_07_15_gym,flight_36,20,0,450,fit_failed,True,9,9,,,,,,,,,
2026_07_15_gym,flight_36,20,0,490,fit_failed,True,9,9,,,,,,,,,
2026_07_15_gym,flight_36,20,0,500,fit_failed,True,10,10,,,,,,,,,
2026_07_15_gym,flight_36,20,0,550,fit_failed,True,11,11,,,,,,,,,
2026_07_15_gym,flight_36,20,0,600,ok,True,12,12,947.9567203741373,-16.763733385348118,986.921841022628,273.84947805604213,293.2137774584094,272.07221848054553,MISS_HIGH_WIDE,False,1391.6630065198585
2026_07_15_gym,flight_36,20,0,650,ok,True,12,12,947.9567203741373,-16.763733385348118,986.921841022628,273.84947805604213,293.2137774584094,272.07221848054553,MISS_HIGH_WIDE,False,1391.6630065198585
2026_07_15_gym,flight_36,20,0,700,ok,True,12,12,947.9567203741373,-16.763733385348118,986.921841022628,273.84947805604213,293.2137774584094,272.07221848054553,MISS_HIGH_WIDE,False,1391.6630065198585
2026_07_15_gym,flight_36,20,0,750,ok,True,13,13,957.9876654324353,16.91067920041543,986.921841022628,273.84947805604213,258.5628219107618,250.83407452358358,HIT,True,1390.2225389623543
2026_07_15_gym,flight_36,20,0,800,ok,True,14,14,967.8551029886029,41.790748085477524,986.921841022628,273.84947805604213,232.8407066103553,230.6675718004596,HIT,True,1388.7935465390256
2026_07_15_gym,flight_36,20,0,850,ok,True,15,15,937.7097817400319,111.6097303771561,986.921841022628,273.84947805604213,169.53926538044914,190.26990709695409,HIT,True,1383.2800285592812
2026_07_15_gym,flight_36,20,0,900,ok,True,16,16,972.1301386283709,38.216673494504455,986.921841022628,273.84947805604213,236.0966180301109,227.82872084506997,HIT,True,1389.0954621708008
2026_07_15_gym,flight_36,20,0,950,ok,True,17,17,856.697316353385,210.93798050191285,986.921841022628,273.84947805604213,144.62462912600154,193.34024710383315,HIT,True,1377.3779387334832
2026_07_15_gym,flight_36,20,0,1000,ok,True,18,18,906.009405811305,161.6338810218397,986.921841022628,273.84947805604213,138.3443616110503,180.90052714636133,HIT,True,1380.6489811400993
2026_07_15_gym,flight_36,20,0,1050,ok,True,19,19,989.7929461604606,178.81180383828544,986.921841022628,273.84947805604213,95.08103262708573,89.46354363371873,HIT,True,1374.1237407377612
2026_07_15_gym,flight_36,20,0,1100,ok,True,20,20,1076.7774098970206,69.86830966821393,986.921841022628,273.84947805604213,222.89535731953734,179.03527891783773,HIT,True,1387.7266427630038
2026_07_15_gym,flight_36,20,0,1150,ok,True,21,21,1083.44078291821,81.85176002891838,986.921841022628,273.84947805604213,214.89306613352065,167.72370985303309,HIT,True,1385.4016517308635
2026_07_15_gym,flight_36,20,0,1200,ok,True,22,22,884.7628720457998,174.8010168634351,986.921841022628,273.84947805604213,142.29213824745176,187.6829095576171,HIT,True,1379.8763566697291
2026_07_15_gym,flight_36,20,0,1250,ok,True,23,23,1062.5553201932687,78.70793751996156,986.921841022628,273.84947805604213,209.2860339684675,170.31335224688223,HIT,True,1386.5466043286192
2026_07_15_gym,flight_48,20,0,150,not_fit_eligible,True,4,4,,,,,,,,,
2026_07_15_gym,flight_48,20,0,200,not_fit_eligible,True,5,5,,,,,,,,,
2026_07_15_gym,flight_48,20,0,250,not_fit_eligible,True,6,6,,,,,,,,,
2026_07_15_gym,flight_48,20,0,300,not_fit_eligible,True,7,7,,,,,,,,,
2026_07_15_gym,flight_48,20,0,350,fit_failed,True,8,8,,,,,,,,,
2026_07_15_gym,flight_48,20,0,400,fit_failed,True,9,9,,,,,,,,,
2026_07_15_gym,flight_48,20,0,450,fit_failed,True,10,10,,,,,,,,,
2026_07_15_gym,flight_48,20,0,490,fit_failed,True,10,10,,,,,,,,,
2026_07_15_gym,flight_48,20,0,500,fit_failed,True,11,11,,,,,,,,,
2026_07_15_gym,flight_48,20,0,550,ok,True,12,12,851.0113948783985,1811.4930315405336,1066.0307525893527,1743.9534968170767,225.37726802207075,135.86114759627714,HIT,True,1242.275271328495
2026_07_15_gym,flight_48,20,0,600,ok,True,13,13,641.6357054367271,1949.8350827386964,1066.0307525893527,1743.9534968170767,471.6973430805823,339.2718870064712,HIT,True,1237.9556837199511
2026_07_15_gym,flight_48,20,0,650,ok,True,13,13,641.6357054367271,1949.8350827386964,1066.0307525893527,1743.9534968170767,471.6973430805823,339.2718870064712,HIT,True,1237.9556837199511
2026_07_15_gym,flight_48,20,0,700,ok,True,14,14,737.1235847283904,1905.2943175291173,1066.0307525893527,1743.9534968170767,366.3479022709889,259.4243779932521,HIT,True,1239.5840992192345
2026_07_15_gym,flight_48,20,0,750,ok,True,15,15,1030.3646617337229,1770.2108015507663,1066.0307525893527,1743.9534968170767,44.28900641016773,63.47089250132058,HIT,True,1234.3311816072357
2026_07_15_gym,flight_48,20,0,800,ok,True,15,15,1030.3646617337229,1770.2108015507663,1066.0307525893527,1743.9534968170767,44.28900641016773,63.47089250132058,HIT,True,1234.3311816072357
2026_07_15_gym,flight_48,20,0,850,ok,True,16,16,1054.0812936929235,1757.714515204529,1066.0307525893527,1743.9534968170767,18.22512537617378,73.07931609830388,HIT,True,1233.4356230338099
2026_07_15_gym,flight_48,20,0,900,ok,True,17,17,942.9698036923894,1781.4274333212422,1066.0307525893527,1743.9534968170767,128.64016892300492,67.42176199769783,HIT,True,1238.2181544555542
2026_07_15_gym,flight_48,20,0,950,ok,True,18,18,1016.2109804326213,1767.2179694141623,1066.0307525893527,1743.9534968170767,54.98404662235376,37.73475668497174,HIT,True,1237.5808278220663
2026_07_15_gym,flight_48,20,0,1000,ok,True,19,19,1284.4856980413033,1606.9168611291539,1066.0307525893527,1743.9534968170767,257.87904667320146,285.8842259971763,HIT,True,1248.6969050178766
2026_07_15_gym,flight_48,20,0,1050,ok,True,20,20,1302.3628269410387,1602.1241259603182,1066.0307525893527,1743.9534968170767,275.6236923869115,326.27932914699466,HIT,True,1248.5580151349188
2026_07_15_gym,flight_48,20,0,1100,ok,True,21,21,1101.3189643688975,1727.9597982923333,1066.0307525893527,1743.9534968170767,38.74346761840482,106.6090946352507,HIT,True,1243.5269682021053
2026_07_15_gym,flight_48,20,0,1150,ok,True,22,22,1105.5252857338878,1726.3208606840128,1066.0307525893527,1743.9534968170767,43.25191331381554,104.47773308692055,HIT,True,1243.0903080593305
2026_07_15_gym,flight_48,20,0,1200,ok,True,23,23,1106.4906546427044,1716.9967937617096,1066.0307525893527,1743.9534968170767,48.61756384046873,93.44621969354122,HIT,True,1246.8649118990322
2026_07_15_gym,flight_48,20,0,1250,ok,True,23,23,1106.4906546427044,1716.9967937617096,1066.0307525893527,1743.9534968170767,48.61756384046873,93.44621969354122,HIT,True,1246.8649118990322
2026_07_15_gym,flight_52,20,0,150,not_fit_eligible,True,4,4,,,,,,,,,
2026_07_15_gym,flight_52,20,0,200,not_fit_eligible,True,5,5,,,,,,,,,
2026_07_15_gym,flight_52,20,0,250,not_fit_eligible,True,6,6,,,,,,,,,
2026_07_15_gym,flight_52,20,0,300,not_fit_eligible,True,7,7,,,,,,,,,
2026_07_15_gym,flight_52,20,0,350,fit_failed,True,8,8,,,,,,,,,
2026_07_15_gym,flight_52,20,0,400,fit_failed,True,9,9,,,,,,,,,
2026_07_15_gym,flight_52,20,0,450,ok,True,10,10,350.2417413281148,928.8554229227636,445.24373182980236,941.9631626531138,95.90198663281868,220.82153761898527,HIT,True,754.4802204429161
2026_07_15_gym,flight_52,20,0,490,ok,True,10,10,350.2417413281148,928.8554229227636,445.24373182980236,941.9631626531138,95.90198663281868,220.82153761898527,HIT,True,754.4802204429161
2026_07_15_gym,flight_52,20,0,500,ok,True,11,11,353.1730616982264,936.7826152358513,445.24373182980236,941.9631626531138,92.21630208385058,216.57905528131354,HIT,True,753.6774361069423
2026_07_15_gym,flight_52,20,0,550,ok,True,12,12,353.17306167501806,936.7826108793206,445.24373182980236,941.9631626531138,92.21630235176447,216.57905491163697,HIT,True,753.6774369832973
2026_07_15_gym,flight_52,20,0,600,ok,True,13,13,392.3740046792073,940.3318075015129,445.24373182980236,941.9631626531138,52.89488981564309,155.35720111040376,HIT,True,753.9110034454773
2026_07_15_gym,flight_52,20,0,650,ok,True,14,14,370.7362493422032,952.1388564767745,445.24373182980236,941.9631626531138,75.19913358166288,193.6850697227537,HIT,True,751.3763083155172
2026_07_15_gym,flight_52,20,0,700,ok,True,15,15,419.2139465104224,935.4721237703307,445.24373182980236,941.9631626531138,26.82691390284788,112.28216447049658,HIT,True,755.4699970925842
2026_07_15_gym,flight_52,20,0,750,ok,True,16,16,397.38993181833047,945.338433283982,445.24373182980236,941.9631626531138,47.97268626384756,146.79120649304474,HIT,True,753.2386751230716
2026_07_15_gym,flight_52,20,0,800,ok,False,17,17,419.2139443920605,935.4722551955208,445.24373182980236,941.9631626531138,26.826884158937656,112.28217272402428,HIT,True,755.4699706706724
2026_07_15_gym,flight_52,20,0,850,ok,False,17,17,419.2139443920605,935.4722551955208,445.24373182980236,941.9631626531138,26.826884158937656,112.28217272402428,HIT,True,755.4699706706724
2026_07_15_gym,flight_52,20,0,900,ok,False,17,17,419.2139443920605,935.4722551955208,445.24373182980236,941.9631626531138,26.826884158937656,112.28217272402428,HIT,True,755.4699706706724
2026_07_15_gym,flight_52,20,0,950,ok,False,17,17,419.2139443920605,935.4722551955208,445.24373182980236,941.9631626531138,26.826884158937656,112.28217272402428,HIT,True,755.4699706706724
2026_07_15_gym,flight_52,20,0,1000,ok,False,17,17,419.2139443920605,935.4722551955208,445.24373182980236,941.9631626531138,26.826884158937656,112.28217272402428,HIT,True,755.4699706706724
2026_07_15_gym,flight_52,20,0,1050,ok,False,17,17,419.2139443920605,935.4722551955208,445.24373182980236,941.9631626531138,26.826884158937656,112.28217272402428,HIT,True,755.4699706706724
2026_07_15_gym,flight_52,20,0,1100,ok,False,17,17,419.2139443920605,935.4722551955208,445.24373182980236,941.9631626531138,26.826884158937656,112.28217272402428,HIT,True,755.4699706706724
2026_07_15_gym,flight_52,20,0,1150,ok,False,17,17,419.2139443920605,935.4722551955208,445.24373182980236,941.9631626531138,26.826884158937656,112.28217272402428,HIT,True,755.4699706706724
2026_07_15_gym,flight_52,20,0,1200,ok,False,17,17,419.2139443920605,935.4722551955208,445.24373182980236,941.9631626531138,26.826884158937656,112.28217272402428,HIT,True,755.4699706706724
2026_07_15_gym,flight_52,20,0,1250,ok,False,17,17,419.2139443920605,935.4722551955208,445.24373182980236,941.9631626531138,26.826884158937656,112.28217272402428,HIT,True,755.4699706706724
2026_07_15_gym,flight_53,20,0,150,not_fit_eligible,True,4,4,,,,,,,,,
2026_07_15_gym,flight_53,20,0,200,not_fit_eligible,True,5,5,,,,,,,,,
2026_07_15_gym,flight_53,20,0,250,not_fit_eligible,True,6,6,,,,,,,,,
2026_07_15_gym,flight_53,20,0,300,not_fit_eligible,True,7,7,,,,,,,,,
2026_07_15_gym,flight_53,20,0,350,ok,True,8,8,888.1820986340704,669.3195369846924,917.7358658591673,670.0210926505915,29.56209291554932,117.95904433281005,HIT,True,569.2775541371917
2026_07_15_gym,flight_53,20,0,400,fit_failed,True,9,9,,,,,,,,,
2026_07_15_gym,flight_53,20,0,450,ok,True,10,10,877.2139227637404,659.011426122674,917.7358658591673,670.0210926505915,41.990958899327005,114.86857960810221,HIT,True,566.8739882319567
2026_07_15_gym,flight_53,20,0,490,ok,True,10,10,877.2139227637404,659.011426122674,917.7358658591673,670.0210926505915,41.990958899327005,114.86857960810221,HIT,True,566.8739882319567
2026_07_15_gym,flight_53,20,0,500,ok,True,11,11,920.7770176170055,659.4925257962161,917.7358658591673,670.0210926505915,10.95898371297516,37.224582170059996,HIT,True,566.5111884367843
2026_07_15_gym,flight_53,20,0,550,ok,True,12,12,931.5061714156394,659.8194246084762,917.7358658591673,670.0210926505915,17.13754200462023,35.02378716554354,HIT,True,566.2310100113697
2026_07_15_gym,flight_53,20,0,600,ok,False,13,13,943.1803154406671,651.8101036115467,917.7358658591673,670.0210926505915,31.289936661580096,65.63887389796886,HIT,True,568.5275881416982
2026_07_15_gym,flight_53,20,0,650,ok,False,13,13,943.1803154406671,651.8101036115467,917.7358658591673,670.0210926505915,31.289936661580096,65.63887389796886,HIT,True,568.5275881416982
2026_07_15_gym,flight_53,20,0,700,ok,False,13,13,943.1803154406671,651.8101036115467,917.7358658591673,670.0210926505915,31.289936661580096,65.63887389796886,HIT,True,568.5275881416982
2026_07_15_gym,flight_53,20,0,750,ok,False,13,13,943.1803154406671,651.8101036115467,917.7358658591673,670.0210926505915,31.289936661580096,65.63887389796886,HIT,True,568.5275881416982
2026_07_15_gym,flight_53,20,0,800,ok,False,13,13,943.1803154406671,651.8101036115467,917.7358658591673,670.0210926505915,31.289936661580096,65.63887389796886,HIT,True,568.5275881416982
2026_07_15_gym,flight_53,20,0,850,ok,False,13,13,943.1803154406671,651.8101036115467,917.7358658591673,670.0210926505915,31.289936661580096,65.63887389796886,HIT,True,568.5275881416982
2026_07_15_gym,flight_53,20,0,900,ok,False,13,13,943.1803154406671,651.8101036115467,917.7358658591673,670.0210926505915,31.289936661580096,65.63887389796886,HIT,True,568.5275881416982
2026_07_15_gym,flight_53,20,0,950,ok,False,13,13,943.1803154406671,651.8101036115467,917.7358658591673,670.0210926505915,31.289936661580096,65.63887389796886,HIT,True,568.5275881416982
2026_07_15_gym,flight_53,20,0,1000,ok,False,13,13,943.1803154406671,651.8101036115467,917.7358658591673,670.0210926505915,31.289936661580096,65.63887389796886,HIT,True,568.5275881416982
2026_07_15_gym,flight_53,20,0,1050,ok,False,13,13,943.1803154406671,651.8101036115467,917.7358658591673,670.0210926505915,31.289936661580096,65.63887389796886,HIT,True,568.5275881416982
2026_07_15_gym,flight_53,20,0,1100,ok,False,13,13,943.1803154406671,651.8101036115467,917.7358658591673,670.0210926505915,31.289936661580096,65.63887389796886,HIT,True,568.5275881416982
2026_07_15_gym,flight_53,20,0,1150,ok,False,13,13,943.1803154406671,651.8101036115467,917.7358658591673,670.0210926505915,31.289936661580096,65.63887389796886,HIT,True,568.5275881416982
2026_07_15_gym,flight_53,20,0,1200,ok,False,13,13,943.1803154406671,651.8101036115467,917.7358658591673,670.0210926505915,31.289936661580096,65.63887389796886,HIT,True,568.5275881416982
2026_07_15_gym,flight_53,20,0,1250,ok,False,13,13,943.1803154406671,651.8101036115467,917.7358658591673,670.0210926505915,31.289936661580096,65.63887389796886,HIT,True,568.5275881416982
2026_07_15_gym,flight_56,20,0,150,not_fit_eligible,True,4,4,,,,,,,,,
2026_07_15_gym,flight_56,20,0,200,not_fit_eligible,True,5,5,,,,,,,,,
2026_07_15_gym,flight_56,20,0,250,not_fit_eligible,True,6,6,,,,,,,,,
2026_07_15_gym,flight_56,20,0,300,not_fit_eligible,True,7,7,,,,,,,,,
2026_07_15_gym,flight_56,20,0,350,not_fit_eligible,True,7,7,,,,,,,,,
2026_07_15_gym,flight_56,20,0,400,fit_failed,True,8,8,,,,,,,,,
2026_07_15_gym,flight_56,20,0,450,ok,True,9,9,291.4015671069563,818.6727606584486,302.90297543448503,813.1906890626434,12.741095027433152,26.09755814562495,HIT,True,494.8193053877615
2026_07_15_gym,flight_56,20,0,490,ok,True,9,9,291.4015671069563,818.6727606584486,302.90297543448503,813.1906890626434,12.741095027433152,26.09755814562495,HIT,True,494.8193053877615
2026_07_15_gym,flight_56,20,0,500,ok,True,10,10,295.7813683361514,812.4156221317126,302.90297543448503,813.1906890626434,7.163659428703926,15.64987889034189,HIT,True,495.13597747047487
2026_07_15_gym,flight_56,20,0,550,ok,False,11,11,281.1123681095104,822.5954000419372,302.90297543448503,813.1906890626434,23.733502821861077,77.90428435321476,HIT,True,492.32377646407906
2026_07_15_gym,flight_56,20,0,600,ok,False,12,12,281.1123493298885,822.5949971460312,302.90297543448503,813.1906890626434,23.733360414353406,77.90382376297632,HIT,True,492.32386689198836
2026_07_15_gym,flight_56,20,0,650,ok,False,12,12,281.1123493298885,822.5949971460312,302.90297543448503,813.1906890626434,23.733360414353406,77.90382376297632,HIT,True,492.32386689198836
2026_07_15_gym,flight_56,20,0,700,ok,False,12,12,281.1123493298885,822.5949971460312,302.90297543448503,813.1906890626434,23.733360414353406,77.90382376297632,HIT,True,492.32386689198836
2026_07_15_gym,flight_56,20,0,750,ok,False,12,12,281.1123493298885,822.5949971460312,302.90297543448503,813.1906890626434,23.733360414353406,77.90382376297632,HIT,True,492.32386689198836
2026_07_15_gym,flight_56,20,0,800,ok,False,12,12,281.1123493298885,822.5949971460312,302.90297543448503,813.1906890626434,23.733360414353406,77.90382376297632,HIT,True,492.32386689198836
2026_07_15_gym,flight_56,20,0,850,ok,False,12,12,281.1123493298885,822.5949971460312,302.90297543448503,813.1906890626434,23.733360414353406,77.90382376297632,HIT,True,492.32386689198836
2026_07_15_gym,flight_56,20,0,900,ok,False,12,12,281.1123493298885,822.5949971460312,302.90297543448503,813.1906890626434,23.733360414353406,77.90382376297632,HIT,True,492.32386689198836
2026_07_15_gym,flight_56,20,0,950,ok,False,12,12,281.1123493298885,822.5949971460312,302.90297543448503,813.1906890626434,23.733360414353406,77.90382376297632,HIT,True,492.32386689198836
2026_07_15_gym,flight_56,20,0,1000,ok,False,12,12,281.1123493298885,822.5949971460312,302.90297543448503,813.1906890626434,23.733360414353406,77.90382376297632,HIT,True,492.32386689198836
2026_07_15_gym,flight_56,20,0,1050,ok,False,12,12,281.1123493298885,822.5949971460312,302.90297543448503,813.1906890626434,23.733360414353406,77.90382376297632,HIT,True,492.32386689198836
2026_07_15_gym,flight_56,20,0,1100,ok,False,12,12,281.1123493298885,822.5949971460312,302.90297543448503,813.1906890626434,23.733360414353406,77.90382376297632,HIT,True,492.32386689198836
2026_07_15_gym,flight_56,20,0,1150,ok,False,12,12,281.1123493298885,822.5949971460312,302.90297543448503,813.1906890626434,23.733360414353406,77.90382376297632,HIT,True,492.32386689198836
2026_07_15_gym,flight_56,20,0,1200,ok,False,12,12,281.1123493298885,822.5949971460312,302.90297543448503,813.1906890626434,23.733360414353406,77.90382376297632,HIT,True,492.32386689198836
2026_07_15_gym,flight_56,20,0,1250,ok,False,12,12,281.1123493298885,822.5949971460312,302.90297543448503,813.1906890626434,23.733360414353406,77.90382376297632,HIT,True,492.32386689198836
2026_07_15_gym,flight_60,20,0,150,not_fit_eligible,True,4,4,,,,,,,,,
2026_07_15_gym,flight_60,20,0,200,not_fit_eligible,True,5,5,,,,,,,,,
2026_07_15_gym,flight_60,20,0,250,not_fit_eligible,True,6,6,,,,,,,,,
2026_07_15_gym,flight_60,20,0,300,not_fit_eligible,True,7,7,,,,,,,,,
2026_07_15_gym,flight_60,20,0,350,fit_failed,True,8,8,,,,,,,,,
2026_07_15_gym,flight_60,20,0,400,ok,True,9,9,417.45446911139015,770.3082323936507,382.5730973882986,758.5657290363598,36.804843137561086,109.86771240078205,HIT,True,564.2991799831509
2026_07_15_gym,flight_60,20,0,450,ok,True,10,10,362.12619029456727,777.102870271893,382.5730973882986,758.5657290363598,27.598942278387906,119.94197292356584,HIT,True,564.7748327564395
2026_07_15_gym,flight_60,20,0,490,ok,True,10,10,362.12619029456727,777.102870271893,382.5730973882986,758.5657290363598,27.598942278387906,119.94197292356584,HIT,True,564.7748327564395
2026_07_15_gym,flight_60,20,0,500,ok,True,11,11,328.1428232072477,778.1482673891734,382.5730973882986,758.5657290363598,57.845747948866475,138.818741551432,HIT,True,564.3918572129307
2026_07_15_gym,flight_60,20,0,550,ok,True,12,12,331.8300669828232,769.0022956702064,382.5730973882986,758.5657290363598,51.80518369655416,164.9541246597902,HIT,True,565.8644465013975
2026_07_15_gym,flight_60,20,0,600,ok,False,13,13,356.42122707829157,768.0840762589556,382.5730973882986,758.5657290363598,27.830186031741242,106.27233166897933,HIT,True,565.0283120766608
2026_07_15_gym,flight_60,20,0,650,ok,False,14,14,343.488799673074,760.0201107192211,382.5730973882986,758.5657290363598,39.11134814822613,75.9359619686227,HIT,True,567.5247232959395
2026_07_15_gym,flight_60,20,0,700,ok,False,14,14,343.488799673074,760.0201107192211,382.5730973882986,758.5657290363598,39.11134814822613,75.9359619686227,HIT,True,567.5247232959395
2026_07_15_gym,flight_60,20,0,750,ok,False,14,14,343.488799673074,760.0201107192211,382.5730973882986,758.5657290363598,39.11134814822613,75.9359619686227,HIT,True,567.5247232959395
2026_07_15_gym,flight_60,20,0,800,ok,False,14,14,343.488799673074,760.0201107192211,382.5730973882986,758.5657290363598,39.11134814822613,75.9359619686227,HIT,True,567.5247232959395
2026_07_15_gym,flight_60,20,0,850,ok,False,14,14,343.488799673074,760.0201107192211,382.5730973882986,758.5657290363598,39.11134814822613,75.9359619686227,HIT,True,567.5247232959395
2026_07_15_gym,flight_60,20,0,900,ok,False,14,14,343.488799673074,760.0201107192211,382.5730973882986,758.5657290363598,39.11134814822613,75.9359619686227,HIT,True,567.5247232959395
2026_07_15_gym,flight_60,20,0,950,ok,False,14,14,343.488799673074,760.0201107192211,382.5730973882986,758.5657290363598,39.11134814822613,75.9359619686227,HIT,True,567.5247232959395
2026_07_15_gym,flight_60,20,0,1000,ok,False,14,14,343.488799673074,760.0201107192211,382.5730973882986,758.5657290363598,39.11134814822613,75.9359619686227,HIT,True,567.5247232959395
2026_07_15_gym,flight_60,20,0,1050,ok,False,14,14,343.488799673074,760.0201107192211,382.5730973882986,758.5657290363598,39.11134814822613,75.9359619686227,HIT,True,567.5247232959395
2026_07_15_gym,flight_60,20,0,1100,ok,False,14,14,343.488799673074,760.0201107192211,382.5730973882986,758.5657290363598,39.11134814822613,75.9359619686227,HIT,True,567.5247232959395
2026_07_15_gym,flight_60,20,0,1150,ok,False,14,14,343.488799673074,760.0201107192211,382.5730973882986,758.5657290363598,39.11134814822613,75.9359619686227,HIT,True,567.5247232959395
2026_07_15_gym,flight_60,20,0,1200,ok,False,14,14,343.488799673074,760.0201107192211,382.5730973882986,758.5657290363598,39.11134814822613,75.9359619686227,HIT,True,567.5247232959395
2026_07_15_gym,flight_60,20,0,1250,ok,False,14,14,343.488799673074,760.0201107192211,382.5730973882986,758.5657290363598,39.11134814822613,75.9359619686227,HIT,True,567.5247232959395
2026_07_21_gym,flight_1,20,0,150,not_fit_eligible,True,4,4,,,,,,,,,
2026_07_21_gym,flight_1,20,0,200,not_fit_eligible,True,5,5,,,,,,,,,
2026_07_21_gym,flight_1,20,0,250,not_fit_eligible,True,6,6,,,,,,,,,
2026_07_21_gym,flight_1,20,0,300,not_fit_eligible,True,6,6,,,,,,,,,
2026_07_21_gym,flight_1,20,0,350,not_fit_eligible,True,7,7,,,,,,,,,
2026_07_21_gym,flight_1,20,0,400,fit_failed,True,8,8,,,,,,,,,
2026_07_21_gym,flight_1,20,0,450,fit_failed,True,9,9,,,,,,,,,
2026_07_21_gym,flight_1,20,0,490,fit_failed,True,9,9,,,,,,,,,
2026_07_21_gym,flight_1,20,0,500,fit_failed,True,10,10,,,,,,,,,
2026_07_21_gym,flight_1,20,0,550,ok,True,11,11,28.052041633428985,2093.9032779252743,209.69952973324772,2114.6982101773515,182.83391135219492,197.35377973176404,MISS_HIGH_WIDE,True,1185.4414753055366
2026_07_21_gym,flight_1,20,0,600,ok,True,12,12,-12.036571412887149,2115.7583443848334,209.69952973324772,2114.6982101773515,221.7386354157228,250.35850419652442,MISS_HIGH_WIDE,True,1185.4335666784045
2026_07_21_gym,flight_1,20,0,650,ok,True,13,13,84.36956125053764,2094.7452615705133,209.69952973324772,2114.6982101773515,126.90831792275961,152.83968026332673,MISS_HIGH_WIDE,True,1183.907159321692
2026_07_21_gym,flight_1,20,0,700,ok,True,14,14,130.57378537264765,2089.694416201313,209.69952973324772,2114.6982101773515,82.98236640284019,86.178178891213,MISS_HIGH_WIDE,True,1184.677479604273
2026_07_21_gym,flight_1,20,0,750,ok,True,15,15,130.57378555319613,2089.694408828452,209.69952973324772,2114.6982101773515,82.98236845223319,86.17818256472458,MISS_HIGH_WIDE,True,1184.6774809966337
2026_07_21_gym,flight_1,20,0,800,ok,True,15,15,130.57378555319613,2089.694408828452,209.69952973324772,2114.6982101773515,82.98236845223319,86.17818256472458,MISS_HIGH_WIDE,True,1184.6774809966337
2026_07_21_gym,flight_1,20,0,850,ok,True,16,16,106.93798405337465,2112.3434672477188,209.69952973324772,2114.6982101773515,102.7885211722656,152.33980154070628,MISS_HIGH_WIDE,True,1182.8731621155573
2026_07_21_gym,flight_1,20,0,900,ok,True,17,17,155.03071673146601,2093.2933207696565,209.69952973324772,2114.6982101773515,58.709866339308164,44.221501565623406,MISS_HIGH_WIDE,True,1181.7286776092421
2026_07_21_gym,flight_1,20,0,950,ok,True,18,18,161.1767067415277,2114.08172218918,209.69952973324772,2114.6982101773515,48.52673910871563,76.59132389921665,MISS_HIGH_WIDE,True,1180.9966500574685
2026_07_21_gym,flight_1,20,0,1000,ok,True,19,19,203.82515811897338,2122.831087741142,209.69952973324772,2114.6982101773515,10.0325440108776,26.956233001032484,MISS_HIGH_WIDE,True,1177.4783822574977
2026_07_21_gym,flight_1,20,0,1050,ok,True,20,20,75.86116176070657,2174.9728168649553,209.69952973324772,2114.6982101773515,146.78466184482176,146.86604146509566,MISS_HIGH_WIDE,True,1173.9161857162828
2026_07_21_gym,flight_1,20,0,1100,ok,True,21,21,194.13644810288565,2123.006210611012,209.69952973324772,2114.6982101773515,17.641779418160166,26.769019281691975,MISS_HIGH_WIDE,True,1178.1909949592084
2026_07_21_gym,flight_1,20,0,1150,ok,True,22,22,100.98787369773518,2153.5117491900037,209.69952973324772,2114.6982101773515,115.43272919181224,126.64313556107899,MISS_HIGH_WIDE,True,1175.2796005528428
2026_07_21_gym,flight_1,20,0,1200,ok,True,22,22,100.98787369773518,2153.5117491900037,209.69952973324772,2114.6982101773515,115.43272919181224,126.64313556107899,MISS_HIGH_WIDE,True,1175.2796005528428
2026_07_21_gym,flight_1,20,0,1250,ok,False,22,22,100.98787369773518,2153.5117491900037,209.69952973324772,2114.6982101773515,115.43272919181224,126.64313556107899,MISS_HIGH_WIDE,True,1175.2796005528428
2026_07_21_gym,flight_100,20,0,150,not_fit_eligible,True,4,4,,,,,,,,,
2026_07_21_gym,flight_100,20,0,200,not_fit_eligible,True,5,5,,,,,,,,,
2026_07_21_gym,flight_100,20,0,250,not_fit_eligible,True,6,6,,,,,,,,,
2026_07_21_gym,flight_100,20,0,300,not_fit_eligible,True,7,7,,,,,,,,,
2026_07_21_gym,flight_100,20,0,350,fit_failed,True,8,8,,,,,,,,,
2026_07_21_gym,flight_100,20,0,400,ok,True,9,9,520.7155658770694,1761.0208128767354,493.64828246950776,1974.0513495935859,214.7432127098192,321.29975595633005,HIT,True,1117.962165182663
2026_07_21_gym,flight_100,20,0,450,ok,True,10,10,451.5187083980977,1834.1486274326726,493.64828246950776,1974.0513495935859,146.10842781808353,260.2332072363607,HIT,True,1115.5843078986647
2026_07_21_gym,flight_100,20,0,490,ok,True,10,10,451.5187083980977,1834.1486274326726,493.64828246950776,1974.0513495935859,146.10842781808353,260.2332072363607,HIT,True,1115.5843078986647
2026_07_21_gym,flight_100,20,0,500,ok,True,11,11,491.00285336837607,1832.2897391259469,493.64828246950776,1974.0513495935859,141.78629164170889,231.23632566073303,HIT,True,1110.6925819284536
2026_07_21_gym,flight_100,20,0,550,ok,True,12,12,456.0042425631513,1869.302047678604,493.64828246950776,1974.0513495935859,111.3080859243721,200.48966707513466,HIT,True,1109.034508670181
2026_07_21_gym,flight_100,20,0,600,ok,True,13,13,489.78785508248444,1862.5266569128378,493.64828246950776,1974.0513495935859,111.59148702811423,182.44494495887128,HIT,True,1105.8991867990133
2026_07_21_gym,flight_100,20,0,650,ok,True,14,14,464.77194594980557,1893.0210403503006,493.64828246950776,1974.0513495935859,86.02182180622269,158.07460030014343,HIT,True,1104.5294145238634
2026_07_21_gym,flight_100,20,0,700,ok,True,15,15,464.7719458645707,1893.02103608821,493.64828246950776,1974.0513495935859,86.02182584961297,158.07460620171847,HIT,True,1104.5294153554953
2026_07_21_gym,flight_100,20,0,750,ok,True,15,15,464.7719458645707,1893.02103608821,493.64828246950776,1974.0513495935859,86.02182584961297,158.07460620171847,HIT,True,1104.5294153554953
2026_07_21_gym,flight_100,20,0,800,ok,True,16,16,441.4449150211421,1928.7573912908083,493.64828246950776,1974.0513495935859,69.11392212631864,118.57363082278857,HIT,True,1099.104455439635
2026_07_21_gym,flight_100,20,0,850,ok,True,17,17,420.83590806358575,1974.0307619780822,493.64828246950776,1974.0513495935859,72.81237731648432,109.20492131802955,HIT,True,1095.0478007728861
2026_07_21_gym,flight_100,20,0,900,ok,True,18,18,431.9486811502776,1954.8922639720429,493.64828246950776,1974.0513495935859,64.60581525532794,102.6733302654302,HIT,True,1096.4582047308977
2026_07_21_gym,flight_100,20,0,950,ok,True,19,19,451.4854155636066,1956.6473823212746,493.64828246950776,1974.0513495935859,45.61365390472924,80.81997897344198,HIT,True,1095.0726390158798
2026_07_21_gym,flight_100,20,0,1000,ok,True,19,19,451.4854155636066,1956.6473823212746,493.64828246950776,1974.0513495935859,45.61365390472924,80.81997897344198,HIT,True,1095.0726390158798
2026_07_21_gym,flight_100,20,0,1050,ok,True,19,19,451.4854155636066,1956.6473823212746,493.64828246950776,1974.0513495935859,45.61365390472924,80.81997897344198,HIT,True,1095.0726390158798
2026_07_21_gym,flight_100,20,0,1100,ok,True,20,20,463.7310659465263,1955.5226240162933,493.64828246950776,1974.0513495935859,35.19024745581608,63.03223840144232,HIT,True,1092.6684974622367
2026_07_21_gym,flight_100,20,0,1150,ok,False,21,21,463.73108251587695,1955.523430364419,493.64828246950776,1974.0513495935859,35.18980880920012,63.03159311175038,HIT,True,1092.6683370214507
2026_07_21_gym,flight_100,20,0,1200,ok,False,22,22,528.9459763258516,1946.7702099342323,493.64828246950776,1974.0513495935859,44.61152062740438,46.74520476886228,HIT,True,1092.70015616019
2026_07_21_gym,flight_100,20,0,1250,ok,False,23,23,507.98954378599274,1953.3164904400087,493.64828246950776,1974.0513495935859,25.211230836006244,37.37584518585326,HIT,True,1092.5556634955865
2026_07_21_gym,flight_103,20,0,150,not_fit_eligible,True,4,4,,,,,,,,,
2026_07_21_gym,flight_103,20,0,200,not_fit_eligible,True,5,5,,,,,,,,,
2026_07_21_gym,flight_103,20,0,250,not_fit_eligible,True,6,6,,,,,,,,,
2026_07_21_gym,flight_103,20,0,300,not_fit_eligible,True,7,7,,,,,,,,,
2026_07_21_gym,flight_103,20,0,350,fit_failed,True,8,8,,,,,,,,,
2026_07_21_gym,flight_103,20,0,400,fit_failed,True,9,9,,,,,,,,,
2026_07_21_gym,flight_103,20,0,450,fit_failed,True,10,10,,,,,,,,,
2026_07_21_gym,flight_103,20,0,490,fit_failed,True,10,10,,,,,,,,,
2026_07_21_gym,flight_103,20,0,500,fit_failed,True,11,11,,,,,,,,,
2026_07_21_gym,flight_103,20,0,550,ok,True,12,12,1347.9181886844576,805.2845178533915,1392.683033523964,954.156121070473,155.45624972296613,221.9031447851715,HIT,True,1155.6264595370044
2026_07_21_gym,flight_103,20,0,600,fit_failed,True,13,13,,,,,,,,,
2026_07_21_gym,flight_103,20,0,650,fit_failed,True,13,13,,,,,,,,,
2026_07_21_gym,flight_103,20,0,700,ok,True,14,14,1335.5367725074784,844.1499794722132,1392.683033523964,954.156121070473,123.96389126475773,182.80596224759802,HIT,True,1151.1744255181363
2026_07_21_gym,flight_103,20,0,750,ok,True,15,15,1335.5367751049478,844.1499520712916,1392.683033523964,954.156121070473,123.96391438305517,182.80599104347084,HIT,True,1151.174430109934
2026_07_21_gym,flight_103,20,0,800,fit_failed,True,16,16,,,,,,,,,
2026_07_21_gym,flight_103,20,0,850,ok,True,17,17,1426.035296655961,918.8945413022079,1392.683033523964,954.156121070473,48.53609444299867,85.9390179605511,HIT,True,1137.3342048601255
2026_07_21_gym,flight_103,20,0,900,ok,True,18,18,1346.348410348904,895.1902800524605,1392.683033523964,954.156121070473,74.99245103166271,119.67799026401367,HIT,True,1144.588693968932
2026_07_21_gym,flight_103,20,0,950,ok,True,19,19,1408.0669055056671,935.0841868208194,1392.683033523964,954.156121070473,24.503105786257816,16.71348264515826,HIT,True,1137.5053395235848
2026_07_21_gym,flight_103,20,0,1000,ok,True,20,20,1430.8186431219285,940.2832132315541,1392.683033523964,954.156121070473,40.580565438587705,76.35942404381723,HIT,True,1136.7817339384917
2026_07_21_gym,flight_103,20,0,1050,ok,True,21,21,1421.3452496175103,942.568318746386,1392.683033523964,954.156121070473,30.916011937105615,28.391615437552883,HIT,True,1137.4588496837382
2026_07_21_gym,flight_103,20,0,1100,ok,True,22,22,1421.3452496135117,942.5683187801355,1392.683033523964,954.156121070473,30.916011920748673,28.39161543331597,HIT,True,1137.4588496779545
2026_07_21_gym,flight_103,20,0,1150,ok,True,23,23,1416.8749236646945,936.2012840411168,1392.683033523964,954.156121070473,30.12679407656769,20.393938759236633,HIT,True,1138.4978518555608
2026_07_21_gym,flight_103,20,0,1200,ok,False,24,24,1421.0242499840017,949.6695579325724,1392.683033523964,954.156121070473,28.694142245850102,30.45403174794993,HIT,True,1136.0993199501013
2026_07_21_gym,flight_103,20,0,1250,ok,False,24,24,1421.0242499840017,949.6695579325724,1392.683033523964,954.156121070473,28.694142245850102,30.45403174794993,HIT,True,1136.0993199501013
2026_07_21_gym,flight_104,20,0,150,not_fit_eligible,True,4,4,,,,,,,,,
2026_07_21_gym,flight_104,20,0,200,not_fit_eligible,True,5,5,,,,,,,,,
2026_07_21_gym,flight_104,20,0,250,not_fit_eligible,True,6,6,,,,,,,,,
2026_07_21_gym,flight_104,20,0,300,not_fit_eligible,True,7,7,,,,,,,,,
2026_07_21_gym,flight_104,20,0,350,fit_failed,True,8,8,,,,,,,,,
2026_07_21_gym,flight_104,20,0,400,fit_failed,True,9,9,,,,,,,,,
2026_07_21_gym,flight_104,20,0,450,ok,True,10,10,67.93307252268337,-67.55854463479517,283.01065187392584,357.9684148874173,476.7929932578798,472.7512186280313,MISS_HIGH_WIDE,False,1440.1614497179914
2026_07_21_gym,flight_104,20,0,490,ok,True,10,10,67.93307252268337,-67.55854463479517,283.01065187392584,357.9684148874173,476.7929932578798,472.7512186280313,MISS_HIGH_WIDE,False,1440.1614497179914
2026_07_21_gym,flight_104,20,0,500,fit_failed,True,11,11,,,,,,,,,
2026_07_21_gym,flight_104,20,0,550,fit_failed,True,12,12,,,,,,,,,
2026_07_21_gym,flight_104,20,0,600,ok,True,13,13,264.5012049057587,142.84224367948585,283.01065187392584,357.9684148874173,215.9209789845619,200.19950919345618,HIT,True,1399.9346138118544
2026_07_21_gym,flight_104,20,0,650,ok,True,14,14,275.80602594833607,290.91180103637,283.01065187392584,357.9684148874173,67.44253921595886,78.3367193310489,HIT,True,1388.9499627916837
2026_07_21_gym,flight_104,20,0,700,ok,True,15,15,380.5009239704958,334.4549779527397,283.01065187392584,357.9684148874173,100.28576603857753,99.47152388478892,HIT,True,1375.594837921321
2026_07_21_gym,flight_104,20,0,750,ok,True,16,16,369.95547418194013,316.79141183489116,283.01065187392584,357.9684148874173,96.2026387712932,98.17271704477184,HIT,True,1378.3394799864243
2026_07_21_gym,flight_104,20,0,800,ok,True,17,17,369.69095724160286,309.398652869235,283.01065187392584,357.9684148874173,99.36044042342306,94.33497114463476,HIT,True,1379.300034389639
2026_07_21_gym,flight_104,20,0,850,ok,True,18,18,369.690957244574,309.3985821279517,283.01065187392584,357.9684148874173,99.36047500606703,94.33499318001144,HIT,True,1379.3000445008888
2026_07_21_gym,flight_104,20,0,900,ok,True,19,19,369.6909572568285,309.39829038060475,283.01065187392584,357.9684148874173,99.36061763032943,94.33508405719583,HIT,True,1379.3000862011536
2026_07_21_gym,flight_104,20,0,950,ok,True,20,20,318.8348088170542,348.5940643600712,283.01065187392584,357.9684148874173,37.03037494403,52.86944438650314,HIT,True,1377.5015383599662
2026_07_21_gym,flight_104,20,0,1000,ok,True,21,21,265.2659678789007,392.81244788323374,283.01065187392584,357.9684148874173,39.102179549186864,48.85289256598132,HIT,True,1375.017545304016
2026_07_21_gym,flight_104,20,0,1050,ok,True,22,22,312.69252451114056,357.31023533144486,283.01065187392584,357.9684148874173,29.689169129157793,49.304214418750206,HIT,True,1377.4069414846679
2026_07_21_gym,flight_104,20,0,1100,ok,True,23,23,320.823179260551,345.6613937719084,283.01065187392584,357.9684148874173,39.764934252452356,57.278611816556264,HIT,True,1378.5502659793008
2026_07_21_gym,flight_104,20,0,1150,ok,True,24,24,288.65155150980803,364.4169752575228,283.01065187392584,357.9684148874173,8.567594735337975,35.4968987594825,HIT,True,1377.1924960621823
2026_07_21_gym,flight_104,20,0,1200,ok,True,25,25,307.7650399457363,355.6082016175542,283.01065187392584,357.9684148874173,24.866651071043528,44.8314029498433,HIT,True,1377.8355186811136
2026_07_21_gym,flight_104,20,0,1250,ok,True,26,26,283.1326712763095,363.87815855105015,283.01065187392584,357.9684148874173,5.911003206259229,36.10234941134341,HIT,True,1377.4786485058419
2026_07_21_gym,flight_106,20,0,150,not_fit_eligible,True,4,4,,,,,,,,,
2026_07_21_gym,flight_106,20,0,200,not_fit_eligible,True,5,5,,,,,,,,,
2026_07_21_gym,flight_106,20,0,250,not_fit_eligible,True,6,6,,,,,,,,,
2026_07_21_gym,flight_106,20,0,300,not_fit_eligible,True,7,7,,,,,,,,,
2026_07_21_gym,flight_106,20,0,350,fit_failed,True,8,8,,,,,,,,,
2026_07_21_gym,flight_106,20,0,400,fit_failed,True,9,9,,,,,,,,,
2026_07_21_gym,flight_106,20,0,450,fit_failed,True,10,10,,,,,,,,,
2026_07_21_gym,flight_106,20,0,490,fit_failed,True,10,10,,,,,,,,,
2026_07_21_gym,flight_106,20,0,500,ok,True,11,11,558.5846962542074,1068.2557126978697,601.2461852677189,1439.2491321391703,373.4382410969701,421.64997524541604,HIT,True,1302.1629128582163
2026_07_21_gym,flight_106,20,0,550,ok,True,12,12,564.9563372029672,1098.655444440677,601.2461852677189,1439.2491321391703,342.521551398772,389.3692111987169,HIT,True,1299.0279275880296
2026_07_21_gym,flight_106,20,0,600,ok,True,13,13,591.951641726825,1171.0662478462466,601.2461852677189,1439.2491321391703,268.3438986958811,309.1094403828563,HIT,True,1291.3539057326457
2026_07_21_gym,flight_106,20,0,650,ok,True,14,14,591.9516417385366,1171.066246786929,601.2461852677189,1439.2491321391703,268.3438997541574,309.1094415757404,HIT,True,1291.3539058988865
2026_07_21_gym,flight_106,20,0,700,ok,True,15,15,665.8584925911541,1269.2631378914928,601.2461852677189,1439.2491321391703,181.85155621558346,177.05275417999076,HIT,True,1276.0540323959478
2026_07_21_gym,flight_106,20,0,750,ok,True,16,16,666.9108023145476,1296.0613948703292,601.2461852677189,1439.2491321391703,157.52641059859562,150.7502333459004,HIT,True,1274.1024205601311
2026_07_21_gym,flight_106,20,0,800,ok,True,16,16,666.9108023145476,1296.0613948703292,601.2461852677189,1439.2491321391703,157.52641059859562,150.7502333459004,HIT,True,1274.1024205601311
2026_07_21_gym,flight_106,20,0,850,ok,True,17,17,594.1859660090978,1287.8714021814474,601.2461852677189,1439.2491321391703,151.54228394455822,179.20038921813548,HIT,True,1278.454090705462
2026_07_21_gym,flight_106,20,0,900,ok,True,17,17,594.1859660090978,1287.8714021814474,601.2461852677189,1439.2491321391703,151.54228394455822,179.20038921813548,HIT,True,1278.454090705462
2026_07_21_gym,flight_106,20,0,950,ok,True,18,18,645.0214260377928,1333.209786882451,601.2461852677189,1439.2491321391703,114.71972126426941,114.97371565229946,HIT,True,1270.8457107901681
2026_07_21_gym,flight_106,20,0,1000,ok,True,19,19,638.8419896316376,1388.9416375280364,601.2461852677189,1439.2491321391703,62.80357091614551,51.74640677268976,HIT,True,1265.047996353212
2026_07_21_gym,flight_106,20,0,1050,ok,True,20,20,631.6438216295161,1413.6925077867734,601.2461852677189,1439.2491321391703,39.713440353028865,18.08760699494177,HIT,True,1262.4879333343329
2026_07_21_gym,flight_106,20,0,1100,ok,True,21,21,623.7691718382167,1421.3606649373105,601.2461852677189,1439.2491321391703,28.762513500854517,13.077855276709872,HIT,True,1261.7002760649086
2026_07_21_gym,flight_106,20,0,1150,ok,True,22,22,643.2298525078442,1416.0277864816103,601.2461852677189,1439.2491321391703,47.97769491208854,33.23829374690525,HIT,True,1262.4015270813452
2026_07_21_gym,flight_106,20,0,1200,ok,True,23,23,665.2913253505794,1407.1158824249828,601.2461852677189,1439.2491321391703,71.65420926524523,54.164553324697906,HIT,True,1262.8704886719352
2026_07_21_gym,flight_106,20,0,1250,ok,True,24,24,672.5207074149638,1377.1034561859738,601.2461852677189,1439.2491321391703,94.5629025939761,73.36984901884679,HIT,True,1268.9063335998478
2026_07_21_gym,flight_107,20,0,150,not_fit_eligible,True,4,4,,,,,,,,,
2026_07_21_gym,flight_107,20,0,200,not_fit_eligible,True,5,5,,,,,,,,,
2026_07_21_gym,flight_107,20,0,250,not_fit_eligible,True,6,6,,,,,,,,,
2026_07_21_gym,flight_107,20,0,300,not_fit_eligible,True,7,7,,,,,,,,,
2026_07_21_gym,flight_107,20,0,350,fit_failed,True,8,8,,,,,,,,,
2026_07_21_gym,flight_107,20,0,400,fit_failed,True,9,9,,,,,,,,,
2026_07_21_gym,flight_107,20,0,450,fit_failed,True,10,10,,,,,,,,,
2026_07_21_gym,flight_107,20,0,490,fit_failed,True,10,10,,,,,,,,,
2026_07_21_gym,flight_107,20,0,500,ok,True,11,11,314.1425024198952,90.88024632335699,483.4546978258169,474.03899689440937,418.90004494192044,467.76272339666616,HIT,True,1287.047650660252
2026_07_21_gym,flight_107,20,0,550,ok,True,12,12,306.2721226703348,99.35447766198878,483.4546978258169,474.03899689440937,414.4661070475585,469.81246809191015,HIT,True,1288.6264183234412
2026_07_21_gym,flight_107,20,0,600,ok,True,13,13,306.2721131169666,99.35416627751144,483.4546978258169,474.03899689440937,414.46639262854876,469.8127585750707,HIT,True,1288.6264633442222
2026_07_21_gym,flight_107,20,0,650,ok,True,14,14,260.80687547931456,74.5372782823422,483.4546978258169,474.03899689440937,457.3550873988776,516.2234768038572,HIT,True,1295.0760888137536
2026_07_21_gym,flight_107,20,0,700,ok,True,15,15,273.2104004234459,202.35769272952993,483.4546978258169,474.03899689440937,343.53077827604665,396.86829904726164,HIT,True,1278.7141297908745
2026_07_21_gym,flight_107,20,0,750,ok,True,16,16,269.16799038767994,277.53230044669084,483.4546978258169,474.03899689440937,290.7467536077978,332.4778675788449,HIT,True,1269.4874973252306
2026_07_21_gym,flight_107,20,0,800,ok,True,17,17,315.03876522471467,321.7087354429302,483.4546978258169,474.03899689440937,227.08684441811022,255.8111088763135,HIT,True,1262.716104495558
2026_07_21_gym,flight_107,20,0,850,ok,True,18,18,374.59050726879934,351.5964466538943,483.4546978258169,474.03899689440937,163.84013578801648,197.2310134031413,HIT,True,1255.854599231541
2026_07_21_gym,flight_107,20,0,900,ok,True,19,19,388.9224183400055,403.4147639154178,483.4546978258169,474.03899689440937,118.00056842513277,126.24276038457023,HIT,True,1249.2170738616683
2026_07_21_gym,flight_107,20,0,950,ok,True,20,20,405.1682501915979,432.3349032360468,483.4546978258169,474.03899689440937,88.70174356263121,89.61029411524137,HIT,True,1244.7490219909441
2026_07_21_gym,flight_107,20,0,1000,ok,True,21,21,417.79417058847804,434.7862664163016,483.4546978258169,474.03899689440937,76.49889990759532,71.03384794142657,HIT,True,1243.7972246983159
2026_07_21_gym,flight_107,20,0,1050,ok,True,22,22,412.0991115658431,478.75431753384805,483.4546978258169,474.03899689440937,71.51121547867353,44.0671357455484,HIT,True,1238.0099872736282
2026_07_21_gym,flight_107,20,0,1100,ok,True,23,23,398.2782834036718,457.715819430838,483.4546978258169,474.03899689440937,86.72639561471608,85.87209472122984,HIT,True,1240.9396479192637
2026_07_21_gym,flight_107,20,0,1150,ok,True,24,24,412.0991115686527,478.7543177125754,483.4546978258169,474.03899689440937,71.51121548765501,44.06713575834548,HIT,True,1238.0099872462015
2026_07_21_gym,flight_107,20,0,1200,ok,True,25,25,398.2782834157641,457.7158199888342,483.4546978258169,474.03899689440937,86.72639549781684,85.87209458553846,HIT,True,1240.939647833877
2026_07_21_gym,flight_107,20,0,1250,ok,True,26,26,397.9885532833896,457.0745427743837,483.4546978258169,474.03899689440937,87.13354443919707,81.62528233184057,HIT,True,1241.0690011834406
2026_07_21_gym,flight_108,20,0,150,not_fit_eligible,True,3,3,,,,,,,,,
2026_07_21_gym,flight_108,20,0,200,not_fit_eligible,True,4,4,,,,,,,,,
2026_07_21_gym,flight_108,20,0,250,not_fit_eligible,True,4,4,,,,,,,,,
2026_07_21_gym,flight_108,20,0,300,not_fit_eligible,True,5,5,,,,,,,,,
2026_07_21_gym,flight_108,20,0,350,not_fit_eligible,True,6,6,,,,,,,,,
2026_07_21_gym,flight_108,20,0,400,not_fit_eligible,True,7,7,,,,,,,,,
2026_07_21_gym,flight_108,20,0,450,fit_failed,True,8,8,,,,,,,,,
2026_07_21_gym,flight_108,20,0,490,fit_failed,True,8,8,,,,,,,,,
2026_07_21_gym,flight_108,20,0,500,fit_failed,True,9,9,,,,,,,,,
2026_07_21_gym,flight_108,20,0,550,fit_failed,True,10,10,,,,,,,,,
2026_07_21_gym,flight_108,20,0,600,fit_failed,True,11,11,,,,,,,,,
2026_07_21_gym,flight_108,20,0,650,fit_failed,True,12,12,,,,,,,,,
2026_07_21_gym,flight_108,20,0,700,fit_failed,True,13,13,,,,,,,,,
2026_07_21_gym,flight_108,20,0,750,fit_failed,True,14,14,,,,,,,,,
2026_07_21_gym,flight_108,20,0,800,fit_failed,True,15,15,,,,,,,,,
2026_07_21_gym,flight_108,20,0,850,ok,True,16,16,843.1325920968025,423.811518760142,721.0104021445848,468.28421628408967,129.9678810467497,115.05993450649106,HIT,True,1241.8438848109192
2026_07_21_gym,flight_108,20,0,900,fit_failed,True,17,17,,,,,,,,,
2026_07_21_gym,flight_108,20,0,950,ok,True,18,18,836.7064485149231,428.28969688244246,721.0104021445848,468.28421628408967,122.41379304594808,89.67811148558158,HIT,True,1242.727301170982
2026_07_21_gym,flight_108,20,0,1000,ok,True,19,19,863.7862671293099,411.18536804763505,721.0104021445848,468.28421628408967,153.77004289544217,153.39738941183705,HIT,True,1243.884633729048
2026_07_21_gym,flight_108,20,0,1050,ok,True,20,20,803.1215944142626,436.56029564761207,721.0104021445848,468.28421628408967,88.02644509746793,65.56080238223375,HIT,True,1242.9051862541517
2026_07_21_gym,flight_108,20,0,1100,ok,True,21,21,710.9410431630497,478.476733365747,721.0104021445848,468.28421628408967,14.327574629325701,23.830648568345993,HIT,True,1239.916317079021
2026_07_21_gym,flight_108,20,0,1150,ok,True,22,22,716.8172064570853,476.6086853842729,721.0104021445848,468.28421628408967,9.320926771173031,12.938693135798145,HIT,True,1239.5835696112842
2026_07_21_gym,flight_108,20,0,1200,ok,True,22,22,716.8172064570853,476.6086853842729,721.0104021445848,468.28421628408967,9.320926771173031,12.938693135798145,HIT,True,1239.5835696112842
2026_07_21_gym,flight_108,20,0,1250,ok,True,23,23,731.5629271207389,467.2764115080779,721.0104021445848,468.28421628408967,10.60054026165218,3.903528556130497,HIT,True,1240.9522797997492
2026_07_21_gym,flight_109,20,0,150,not_fit_eligible,True,4,4,,,,,,,,,
2026_07_21_gym,flight_109,20,0,200,not_fit_eligible,True,5,5,,,,,,,,,
2026_07_21_gym,flight_109,20,0,250,not_fit_eligible,True,6,6,,,,,,,,,
2026_07_21_gym,flight_109,20,0,300,not_fit_eligible,True,7,7,,,,,,,,,
2026_07_21_gym,flight_109,20,0,350,ok,True,8,8,693.1255084559233,1786.768891523254,513.9415986051856,1988.5498886558728,269.85634021314223,279.21414949510756,HIT,True,1090.1477958337719
2026_07_21_gym,flight_109,20,0,400,ok,True,9,9,578.0318099430532,1856.057368500779,513.9415986051856,1988.5498886558728,147.17956069502478,195.32277323459698,HIT,True,1093.4963723807139
2026_07_21_gym,flight_109,20,0,450,ok,True,10,10,551.843087665884,1859.6815077607564,513.9415986051856,1988.5498886558728,134.32640271944692,182.39149239555815,HIT,True,1092.7405216469235
2026_07_21_gym,flight_109,20,0,490,ok,True,10,10,551.843087665884,1859.6815077607564,513.9415986051856,1988.5498886558728,134.32640271944692,182.39149239555815,HIT,True,1092.7405216469235
2026_07_21_gym,flight_109,20,0,500,ok,True,11,11,500.96531136982253,1880.17915084348,513.9415986051856,1988.5498886558728,109.14486174079386,174.86282627120198,HIT,True,1095.214064330434
2026_07_21_gym,flight_109,20,0,550,ok,True,12,12,550.0650437893692,1876.1865627894651,513.9415986051856,1988.5498886558728,118.02720149073784,165.92994502059548,HIT,True,1092.170348668837
2026_07_21_gym,flight_109,20,0,600,ok,True,13,13,526.8174508292665,1893.4295649657981,513.9415986051856,1988.5498886558728,95.98783021509,139.86135254521392,HIT,True,1090.6842351460364
2026_07_21_gym,flight_109,20,0,650,ok,True,14,14,518.6841322668727,1920.436697920398,513.9415986051856,1988.5498886558728,68.27809588513287,104.8777675313144,HIT,True,1088.5338554785258
2026_07_21_gym,flight_109,20,0,700,ok,True,15,15,547.3980108351567,1914.7776002573628,513.9415986051856,1988.5498886558728,81.00421010573889,104.81564308873858,HIT,True,1086.9445096628508
2026_07_21_gym,flight_109,20,0,750,ok,True,16,16,542.3260252716991,1929.6204500284198,513.9415986051856,1988.5498886558728,65.40913096910425,90.89497761461385,HIT,True,1086.7690046968005
2026_07_21_gym,flight_109,20,0,800,ok,True,17,17,551.3328206740388,1922.4382020260514,513.9415986051856,1988.5498886558728,75.95300255317098,103.169679803278,HIT,True,1087.322440265297
2026_07_21_gym,flight_109,20,0,850,ok,True,18,18,559.9983278964207,1922.0064213894086,513.9415986051856,1988.5498886558728,80.92746968025816,101.86492131025446,HIT,True,1086.6142033744854
2026_07_21_gym,flight_109,20,0,900,ok,True,19,19,568.1081790631993,1919.570575778108,513.9415986051856,1988.5498886558728,87.70498300326523,116.03905830542139,HIT,True,1086.4689753346954
2026_07_21_gym,flight_109,20,0,950,ok,True,20,20,526.070285147194,1945.2155070788444,513.9415986051856,1988.5498886558728,44.999707375690676,65.4270425782239,HIT,True,1085.181723303813
2026_07_21_gym,flight_109,20,0,1000,ok,True,21,21,526.1608727451581,1958.0076482556692,513.9415986051856,1988.5498886558728,32.89588286049835,39.8441740435405,HIT,True,1082.9470105623773
2026_07_21_gym,flight_109,20,0,1050,ok,True,22,22,555.3260628604088,1921.486953550681,513.9415986051856,1988.5498886558728,78.80425842944669,109.18075840136248,HIT,True,1087.2315989136337
2026_07_21_gym,flight_109,20,0,1100,ok,False,23,23,527.3691822108627,1966.7602770229012,513.9415986051856,1988.5498886558728,25.594670863349293,30.808843695552675,HIT,True,1082.1279228074648
2026_07_21_gym,flight_109,20,0,1150,ok,False,24,24,535.3479652628196,1964.3872648919182,513.9415986051856,1988.5498886558728,32.281030352816884,30.4612564722977,HIT,True,1081.7563509357349
2026_07_21_gym,flight_109,20,0,1200,ok,False,25,25,501.74983931646506,1969.9896563841194,513.9415986051856,1988.5498886558728,22.20633280250346,27.43745708460692,HIT,True,1082.0422904477946
2026_07_21_gym,flight_109,20,0,1250,ok,False,26,26,522.730419721604,1974.2114030813198,513.9415986051856,1988.5498886558728,16.817715219020297,23.85850453955522,HIT,True,1081.2788395056707
2026_07_21_gym,flight_11,20,0,150,not_fit_eligible,True,4,4,,,,,,,,,
2026_07_21_gym,flight_11,20,0,200,not_fit_eligible,True,5,5,,,,,,,,,
2026_07_21_gym,flight_11,20,0,250,not_fit_eligible,True,6,6,,,,,,,,,
2026_07_21_gym,flight_11,20,0,300,not_fit_eligible,True,7,7,,,,,,,,,
2026_07_21_gym,flight_11,20,0,350,ok,True,8,8,1656.6474235617818,631.6986162143937,1566.3291176105513,588.2383069222026,100.2307082369121,140.79391759182022,HIT,True,867.7753156786126
2026_07_21_gym,flight_11,20,0,400,ok,True,9,9,1478.6860281920706,592.4323553239777,1566.3291176105513,588.2383069222026,87.74338245595641,146.71836004377025,HIT,True,879.447346454952
2026_07_21_gym,flight_11,20,0,450,ok,True,10,10,1430.6494262086624,601.4134271014774,1566.3291176105513,588.2383069222026,136.31787282176225,191.1022081938739,HIT,True,879.6133863552899
2026_07_21_gym,flight_11,20,0,490,ok,True,10,10,1430.6494262086624,601.4134271014774,1566.3291176105513,588.2383069222026,136.31787282176225,191.1022081938739,HIT,True,879.6133863552899
2026_07_21_gym,flight_11,20,0,500,ok,True,11,11,1462.1311627346486,590.6999422737726,1566.3291176105513,588.2383069222026,104.22702839918617,157.05897026105214,HIT,True,877.2934609133999
2026_07_21_gym,flight_11,20,0,550,ok,True,12,12,1571.034965830084,603.5833076243523,1566.3291176105513,588.2383069222026,16.05035993410288,50.39092185140277,HIT,True,871.6652364022679
2026_07_21_gym,flight_11,20,0,600,ok,True,13,13,1572.6920906101684,613.947671298222,1566.3291176105513,588.2383069222026,26.485068284087745,49.04334901258112,HIT,True,869.0730291912483
2026_07_21_gym,flight_11,20,0,650,ok,True,14,14,1591.04104615957,613.3281122967444,1566.3291176105513,588.2383069222026,35.216157461372646,62.9367203644346,HIT,True,868.150354775997
2026_07_21_gym,flight_11,20,0,700,ok,True,15,15,1594.93956147584,605.9675689922186,1566.3291176105513,588.2383069222026,33.658345647344994,58.811558710386144,HIT,True,868.7474513405954
2026_07_21_gym,flight_11,20,0,750,ok,True,16,16,1547.5156030750065,614.1456427034273,1566.3291176105513,588.2383069222026,32.01778219146789,37.907875011047246,HIT,True,869.9557798300009
2026_07_21_gym,flight_11,20,0,800,ok,True,17,17,1585.8189926964212,590.756679435625,1566.3291176105513,588.2383069222026,19.651906548199708,26.662341490435118,HIT,True,871.6300371643014
2026_07_21_gym,flight_11,20,0,850,ok,True,17,17,1585.8189926964212,590.756679435625,1566.3291176105513,588.2383069222026,19.651906548199708,26.662341490435118,HIT,True,871.6300371643014
2026_07_21_gym,flight_11,20,0,900,ok,False,18,18,1576.6110790503553,611.5009714475609,1566.3291176105513,588.2383069222026,25.433644879745056,51.01128813163553,HIT,True,867.7561555470662
2026_07_21_gym,flight_11,20,0,950,ok,False,18,18,1576.6110790503553,611.5009714475609,1566.3291176105513,588.2383069222026,25.433644879745056,51.01128813163553,HIT,True,867.7561555470662
2026_07_21_gym,flight_11,20,0,1000,ok,False,18,18,1576.6110790503553,611.5009714475609,1566.3291176105513,588.2383069222026,25.433644879745056,51.01128813163553,HIT,True,867.7561555470662
2026_07_21_gym,flight_11,20,0,1050,ok,False,18,18,1576.6110790503553,611.5009714475609,1566.3291176105513,588.2383069222026,25.433644879745056,51.01128813163553,HIT,True,867.7561555470662
2026_07_21_gym,flight_11,20,0,1100,ok,False,18,18,1576.6110790503553,611.5009714475609,1566.3291176105513,588.2383069222026,25.433644879745056,51.01128813163553,HIT,True,867.7561555470662
2026_07_21_gym,flight_11,20,0,1150,ok,False,18,18,1576.6110790503553,611.5009714475609,1566.3291176105513,588.2383069222026,25.433644879745056,51.01128813163553,HIT,True,867.7561555470662
2026_07_21_gym,flight_11,20,0,1200,ok,False,18,18,1576.6110790503553,611.5009714475609,1566.3291176105513,588.2383069222026,25.433644879745056,51.01128813163553,HIT,True,867.7561555470662
2026_07_21_gym,flight_11,20,0,1250,ok,False,18,18,1576.6110790503553,611.5009714475609,1566.3291176105513,588.2383069222026,25.433644879745056,51.01128813163553,HIT,True,867.7561555470662
2026_07_21_gym,flight_114,20,0,150,not_fit_eligible,True,3,3,,,,,,,,,
2026_07_21_gym,flight_114,20,0,200,not_fit_eligible,True,4,4,,,,,,,,,
2026_07_21_gym,flight_114,20,0,250,not_fit_eligible,True,5,5,,,,,,,,,
2026_07_21_gym,flight_114,20,0,300,not_fit_eligible,True,6,6,,,,,,,,,
2026_07_21_gym,flight_114,20,0,350,not_fit_eligible,True,7,7,,,,,,,,,
2026_07_21_gym,flight_114,20,0,400,fit_failed,True,8,8,,,,,,,,,
2026_07_21_gym,flight_114,20,0,450,ok,True,9,9,1011.6183103557772,1056.4235210073798,835.8049668499062,1085.3867339324554,178.18305042190926,153.9770952334081,HIT,True,1186.4787224517427
2026_07_21_gym,flight_114,20,0,490,ok,True,9,9,1011.6183103557772,1056.4235210073798,835.8049668499062,1085.3867339324554,178.18305042190926,153.9770952334081,HIT,True,1186.4787224517427
2026_07_21_gym,flight_114,20,0,500,ok,True,10,10,985.5925627667749,1051.7871207198996,835.8049668499062,1085.3867339324554,153.50979740260388,140.8891957936601,HIT,True,1187.277255603915
2026_07_21_gym,flight_114,20,0,550,ok,True,11,11,903.1402264976916,1048.4772755202764,835.8049668499062,1085.3867339324554,76.7876638016488,64.33536822451676,HIT,True,1190.977951190933
2026_07_21_gym,flight_114,20,0,600,ok,True,12,12,886.6203581539064,1051.5191257471472,835.8049668499062,1085.3867339324554,61.06733068975761,66.77434501070682,HIT,True,1190.9766401916713
2026_07_21_gym,flight_114,20,0,650,ok,True,13,13,875.3684476347523,1045.8849628594664,835.8049668499062,1085.3867339324554,55.907592773394505,51.961193856194996,HIT,True,1192.223477909508
2026_07_21_gym,flight_114,20,0,700,ok,True,14,14,871.3721624551247,1045.0446961518699,835.8049668499062,1085.3867339324554,53.78201758497036,62.03925184209196,HIT,True,1192.2841099529312
2026_07_21_gym,flight_114,20,0,750,ok,True,15,15,941.5663583395288,969.365411619329,835.8049668499062,1085.3867339324554,156.99178055270144,143.0521508158977,HIT,True,1198.881588588997
2026_07_21_gym,flight_114,20,0,800,ok,True,16,16,881.0938677659514,1011.782580239902,835.8049668499062,1085.3867339324554,86.42138616673753,83.74432056193682,HIT,True,1196.941724321851
2026_07_21_gym,flight_114,20,0,850,ok,True,17,17,881.093885169627,1011.7822817246258,835.8049668499062,1085.3867339324554,86.42164952941485,83.7446154241446,HIT,True,1196.9417716934133
2026_07_21_gym,flight_114,20,0,900,ok,True,18,18,808.4953123988959,1010.9728018569658,835.8049668499062,1085.3867339324554,79.26695725943546,92.12167095120277,HIT,True,1199.301592289711
2026_07_21_gym,flight_114,20,0,950,ok,True,19,19,806.8406993063254,1045.653336358258,835.8049668499062,1085.3867339324554,49.169824863684084,60.95554507052794,HIT,True,1196.6114269780264
2026_07_21_gym,flight_114,20,0,1000,ok,True,19,19,806.8406993063254,1045.653336358258,835.8049668499062,1085.3867339324554,49.169824863684084,60.95554507052794,HIT,True,1196.6114269780264
2026_07_21_gym,flight_114,20,0,1050,ok,True,20,20,771.0615338708104,1075.4808597263057,835.8049668499062,1085.3867339324554,65.49685838043482,79.2724876676193,HIT,True,1193.9408636895291
2026_07_21_gym,flight_114,20,0,1100,ok,True,21,21,840.3316668126453,1043.9277567386491,835.8049668499062,1085.3867339324554,41.70536898900681,51.434398589531945,HIT,True,1198.8432299744509
2026_07_21_gym,flight_114,20,0,1150,ok,True,22,22,801.44252385409,1101.6177474580702,835.8049668499062,1085.3867339324554,38.00293789576548,54.639588174903324,HIT,True,1192.4506751318281
2026_07_21_gym,flight_114,20,0,1200,ok,False,23,23,815.5619795851719,1090.1375876954644,835.8049668499062,1085.3867339324554,20.79300711483774,36.982021302567816,HIT,True,1194.6675525871399
2026_07_21_gym,flight_114,20,0,1250,ok,False,24,24,839.2438117683414,1109.5855922712653,835.8049668499062,1085.3867339324554,24.44198026500387,33.343332818020585,HIT,True,1192.4040773117904
2026_07_21_gym,flight_115,20,0,150,not_fit_eligible,True,4,4,,,,,,,,,
2026_07_21_gym,flight_115,20,0,200,not_fit_eligible,True,5,5,,,,,,,,,
2026_07_21_gym,flight_115,20,0,250,not_fit_eligible,True,6,6,,,,,,,,,
2026_07_21_gym,flight_115,20,0,300,not_fit_eligible,True,7,7,,,,,,,,,
2026_07_21_gym,flight_115,20,0,350,fit_failed,True,8,8,,,,,,,,,
2026_07_21_gym,flight_115,20,0,400,fit_failed,True,9,9,,,,,,,,,
2026_07_21_gym,flight_115,20,0,450,fit_failed,True,10,10,,,,,,,,,
2026_07_21_gym,flight_115,20,0,490,fit_failed,True,10,10,,,,,,,,,
2026_07_21_gym,flight_115,20,0,500,fit_failed,True,11,11,,,,,,,,,
2026_07_21_gym,flight_115,20,0,550,ok,True,12,12,921.8476607742717,1437.8152090286776,838.2265530214266,1343.143384598761,126.31406890248559,310.34487748636855,HIT,True,1020.3243106000193
2026_07_21_gym,flight_115,20,0,600,ok,True,13,13,905.771668826214,1423.5159003720069,838.2265530214266,1343.143384598761,104.98611318075729,258.8366942272604,HIT,True,1025.19006894244
2026_07_21_gym,flight_115,20,0,650,ok,True,14,14,840.8761929049293,1363.7600754216278,838.2265530214266,1343.143384598761,20.78625824909155,80.29756452962114,HIT,True,1038.0599354881226
2026_07_21_gym,flight_115,20,0,700,ok,True,15,15,841.8501028183147,1356.0365887788084,838.2265530214266,1343.143384598761,13.392715451278697,66.16763262298676,HIT,True,1039.0281313711896
2026_07_21_gym,flight_115,20,0,750,ok,True,16,16,854.052305326767,1345.4259649664396,838.2265530214266,1343.143384598761,15.98951560132135,85.13251096793205,HIT,True,1039.8892846422748
2026_07_21_gym,flight_115,20,0,800,ok,True,17,17,848.3460957436773,1345.5550820450837,838.2265530214266,1343.143384598761,10.402952921168886,67.03890318796287,HIT,True,1040.2893680728534
2026_07_21_gym,flight_115,20,0,850,ok,True,18,18,839.6335903442114,1348.7286807014602,838.2265530214266,1343.143384598761,5.75979917901103,70.5560364189238,HIT,True,1039.6381892979346
2026_07_21_gym,flight_115,20,0,900,ok,True,19,19,829.2254356636906,1358.2716377605063,838.2265530214266,1343.143384598761,17.6035268458793,46.53892795371568,HIT,True,1039.730850495572
2026_07_21_gym,flight_115,20,0,950,ok,True,20,20,829.2255193079695,1358.2705983272415,838.2265530214266,1343.143384598761,17.60259080641026,46.538263573643654,HIT,True,1039.7310370771688
2026_07_21_gym,flight_115,20,0,1000,ok,True,21,21,815.9523365623185,1368.636599652218,838.2265530214266,1343.143384598761,33.85328244984533,51.5668820766276,HIT,True,1038.8148292123929
2026_07_21_gym,flight_115,20,0,1050,ok,True,22,22,831.5113463111804,1351.470825320385,838.2265530214266,1343.143384598761,10.697675922063542,39.0814722725729,HIT,True,1041.0979378694055
2026_07_21_gym,flight_115,20,0,1100,ok,False,23,23,803.4477848001288,1389.9352029292336,838.2265530214266,1343.143384598761,58.301260549517295,81.5075336131638,HIT,True,1036.3889952225516
2026_07_21_gym,flight_115,20,0,1150,ok,False,24,24,848.4876764906061,1353.1288666372982,838.2265530214266,1343.143384598761,14.317838747230438,74.157630157525,HIT,True,1041.7172331627196
2026_07_21_gym,flight_115,20,0,1200,ok,False,25,25,831.7249904997792,1370.3212862459338,838.2265530214266,1343.143384598761,27.944742853822945,69.49293780408864,HIT,True,1039.7496356462307
2026_07_21_gym,flight_115,20,0,1250,ok,False,25,25,831.7249904997792,1370.3212862459338,838.2265530214266,1343.143384598761,27.944742853822945,69.49293780408864,HIT,True,1039.7496356462307
2026_07_21_gym,flight_117,20,0,150,not_fit_eligible,True,4,4,,,,,,,,,
2026_07_21_gym,flight_117,20,0,200,not_fit_eligible,True,5,5,,,,,,,,,
2026_07_21_gym,flight_117,20,0,250,not_fit_eligible,True,6,6,,,,,,,,,
2026_07_21_gym,flight_117,20,0,300,not_fit_eligible,True,7,7,,,,,,,,,
2026_07_21_gym,flight_117,20,0,350,ok,True,8,8,757.887143042005,710.0840946905735,758.1778165157115,847.2733636708601,137.18957691608267,110.1538294523391,HIT,True,1254.6606426219892
2026_07_21_gym,flight_117,20,0,400,ok,True,9,9,746.8847978954718,708.5236960248676,758.1778165157115,847.2733636708601,139.20848588153837,110.1671794700498,HIT,True,1254.4114501534482
2026_07_21_gym,flight_117,20,0,450,ok,True,10,10,720.773740574419,709.6762863030581,758.1778165157115,847.2733636708601,142.59039447726795,117.2410341280105,HIT,True,1256.333739030463
2026_07_21_gym,flight_117,20,0,490,ok,True,10,10,720.773740574419,709.6762863030581,758.1778165157115,847.2733636708601,142.59039447726795,117.2410341280105,HIT,True,1256.333739030463
2026_07_21_gym,flight_117,20,0,500,ok,True,11,11,677.1635544619206,709.6149111964652,758.1778165157115,847.2733636708601,159.7283950766599,140.73573713202074,HIT,True,1260.7288342555098
2026_07_21_gym,flight_117,20,0,550,ok,True,12,12,665.2671029188099,731.9444760053657,758.1778165157115,847.2733636708601,148.09845722101804,134.2400052724189,HIT,True,1261.8515847954914
2026_07_21_gym,flight_117,20,0,600,ok,True,12,12,665.2671029188099,731.9444760053657,758.1778165157115,847.2733636708601,148.09845722101804,134.2400052724189,HIT,True,1261.8515847954914
2026_07_21_gym,flight_117,20,0,650,ok,True,12,12,665.2671029188099,731.9444760053657,758.1778165157115,847.2733636708601,148.09845722101804,134.2400052724189,HIT,True,1261.8515847954914
2026_07_21_gym,flight_117,20,0,700,ok,True,13,13,665.267102936028,731.9444754537595,758.1778165157115,847.2733636708601,148.09845763976904,134.2400057941745,HIT,True,1261.8515848775287
2026_07_21_gym,flight_117,20,0,750,ok,True,13,13,665.267102936028,731.9444754537595,758.1778165157115,847.2733636708601,148.09845763976904,134.2400057941745,HIT,True,1261.8515848775287
2026_07_21_gym,flight_117,20,0,800,ok,True,14,14,665.2671050909782,731.9444064163008,758.1778165157115,847.2733636708601,148.0985100494736,134.24007117659718,HIT,True,1261.851595145087
2026_07_21_gym,flight_117,20,0,850,ok,True,15,15,665.2671122793067,731.9441761261312,758.1778165157115,847.2733636708601,148.09868487407962,134.24028927681772,HIT,True,1261.8516293948662
2026_07_21_gym,flight_117,20,0,900,ok,True,16,16,854.5087000237255,782.9103514614982,758.1778165157115,847.2733636708601,115.85437608522626,100.92885384410566,HIT,True,1252.274635723516
2026_07_21_gym,flight_117,20,0,950,ok,True,17,17,891.9530633607478,751.7657314357061,758.1778165157115,847.2733636708601,164.37008390706575,144.51908933105545,HIT,True,1256.3360644315164
2026_07_21_gym,flight_117,20,0,1000,ok,True,18,18,919.829784403431,738.7177413235562,758.1778165157115,847.2733636708601,194.71949533927713,170.06926326655304,HIT,True,1257.549454689477
2026_07_21_gym,flight_117,20,0,1050,ok,True,19,19,891.9530988349605,751.7651235335869,758.1778165157115,847.2733636708601,164.37046600199758,144.51946952605778,HIT,True,1256.3361552434803
2026_07_21_gym,flight_117,20,0,1100,ok,True,20,20,791.8314088247017,787.3836710120588,758.1778165157115,847.2733636708601,68.69744945822522,70.87064170319624,HIT,True,1255.7433490934288
2026_07_21_gym,flight_117,20,0,1150,ok,True,21,21,791.8314088172694,787.3836711694285,758.1778165157115,847.2733636708601,68.69744931739115,70.87064156365331,HIT,True,1255.743349069826
2026_07_21_gym,flight_117,20,0,1200,ok,True,22,22,756.1324306271799,801.5163732079453,758.1778165157115,847.2733636708601,45.80268310542824,46.30609215384345,HIT,True,1254.8540191506029
2026_07_21_gym,flight_117,20,0,1250,ok,True,23,23,725.3399623191699,851.6850416523909,758.1778165157115,847.2733636708601,33.1328774911876,13.49489573607568,HIT,True,1250.9530246247743
2026_07_21_gym,flight_118,20,0,150,not_fit_eligible,True,4,4,,,,,,,,,
2026_07_21_gym,flight_118,20,0,200,not_fit_eligible,True,5,5,,,,,,,,,
2026_07_21_gym,flight_118,20,0,250,not_fit_eligible,True,6,6,,,,,,,,,
2026_07_21_gym,flight_118,20,0,300,not_fit_eligible,True,7,7,,,,,,,,,
2026_07_21_gym,flight_118,20,0,350,fit_failed,True,8,8,,,,,,,,,
2026_07_21_gym,flight_118,20,0,400,fit_failed,True,9,9,,,,,,,,,
2026_07_21_gym,flight_118,20,0,450,fit_failed,True,10,10,,,,,,,,,
2026_07_21_gym,flight_118,20,0,490,fit_failed,True,10,10,,,,,,,,,
2026_07_21_gym,flight_118,20,0,500,ok,True,11,11,217.95135372750366,918.3314394226314,431.5127002767695,1095.3219882403728,277.36997514284224,346.6262965305452,HIT,True,1098.4168479798645
2026_07_21_gym,flight_118,20,0,550,ok,True,12,12,461.1403712145471,997.762906029217,431.5127002767695,1095.3219882403728,101.95868480458289,128.0539119193718,HIT,True,1083.1106831770383
2026_07_21_gym,flight_118,20,0,600,ok,True,13,13,464.08001999842713,1004.11530071635,431.5127002767695,1095.3219882403728,96.84673542746496,121.8757614733777,HIT,True,1083.2972669439644
2026_07_21_gym,flight_118,20,0,650,ok,True,14,14,401.3152482235438,1026.8589959303047,431.5127002767695,1095.3219882403728,74.82691645761778,87.51414202348568,HIT,True,1085.1850283768417
2026_07_21_gym,flight_118,20,0,700,ok,True,15,15,401.90872465475246,1030.4266930865842,431.5127002767695,1095.3219882403728,71.32877894459087,84.60640139457327,HIT,True,1085.4369618540736
2026_07_21_gym,flight_118,20,0,750,ok,True,16,16,347.978377098007,1047.5736334814162,431.5127002767695,1095.3219882403728,96.21792208898046,97.94026233787183,HIT,True,1085.8042634267522
2026_07_21_gym,flight_118,20,0,800,ok,True,17,17,348.28201877462413,1076.789428613747,431.5127002767695,1095.3219882403728,85.26899852599422,60.606765217015905,HIT,True,1079.679027551983
2026_07_21_gym,flight_118,20,0,850,ok,True,18,18,372.04056959873986,1060.2233012125969,431.5127002767695,1095.3219882403728,69.05687625760667,53.58023015874332,HIT,True,1080.9141001559922
2026_07_21_gym,flight_118,20,0,900,ok,True,19,19,378.49509679640283,1083.9697155049894,431.5127002767695,1095.3219882403728,54.21937269150132,36.12731767201591,HIT,True,1077.6359515175686
2026_07_21_gym,flight_118,20,0,950,ok,True,20,20,376.73929473403354,1087.1532913932342,431.5127002767695,1095.3219882403728,55.3791798686968,29.256961969444554,HIT,True,1078.1642313693235
2026_07_21_gym,flight_118,20,0,1000,ok,True,21,21,442.04368875085913,1064.992507920848,431.5127002767695,1095.3219882403728,32.10574862378767,61.727228039933365,HIT,True,1081.3325839845725
2026_07_21_gym,flight_118,20,0,1050,ok,True,22,22,390.5823186492844,1080.5187911607043,431.5127002767695,1095.3219882403728,43.52505926418801,25.40527263662761,HIT,True,1078.676566209926
2026_07_21_gym,flight_118,20,0,1100,ok,False,23,23,440.95856330320566,1086.9947764363958,431.5127002767695,1095.3219882403728,12.592330393635917,51.348068728493146,HIT,True,1080.8352522631005
2026_07_21_gym,flight_118,20,0,1150,ok,False,24,24,448.0307591544614,1085.0992838794766,431.5127002767695,1095.3219882403728,19.425497510673466,58.81305096676402,HIT,True,1080.744659258574
2026_07_21_gym,flight_118,20,0,1200,ok,False,25,25,457.9488588577141,1088.9531817866593,431.5127002767695,1095.3219882403728,27.192502204867246,91.28515327165697,HIT,True,1081.1391517746033
2026_07_21_gym,flight_118,20,0,1250,ok,False,25,25,457.9488588577141,1088.9531817866593,431.5127002767695,1095.3219882403728,27.192502204867246,91.28515327165697,HIT,True,1081.1391517746033
2026_07_21_gym,flight_119,20,0,150,not_fit_eligible,True,4,4,,,,,,,,,
2026_07_21_gym,flight_119,20,0,200,not_fit_eligible,True,5,5,,,,,,,,,
2026_07_21_gym,flight_119,20,0,250,not_fit_eligible,True,6,6,,,,,,,,,
2026_07_21_gym,flight_119,20,0,300,not_fit_eligible,True,7,7,,,,,,,,,
2026_07_21_gym,flight_119,20,0,350,fit_failed,True,8,8,,,,,,,,,
2026_07_21_gym,flight_119,20,0,400,fit_failed,True,9,9,,,,,,,,,
2026_07_21_gym,flight_119,20,0,450,ok,True,10,10,703.0509531172399,734.8676413644273,727.0310609169251,708.7948067898615,35.4236964874813,59.0168217818964,HIT,True,981.8421794418775
2026_07_21_gym,flight_119,20,0,490,ok,True,10,10,703.0509531172399,734.8676413644273,727.0310609169251,708.7948067898615,35.4236964874813,59.0168217818964,HIT,True,981.8421794418775
2026_07_21_gym,flight_119,20,0,500,ok,True,11,11,767.6769225557454,696.8102387995128,727.0310609169251,708.7948067898615,42.37588864292302,8.58033156204763,HIT,True,982.8741217036783
2026_07_21_gym,flight_119,20,0,550,ok,True,12,12,744.7670080606316,681.8922470749754,727.0310609169251,708.7948067898615,32.222841902870094,31.028896025431962,HIT,True,986.1875378404185
2026_07_21_gym,flight_119,20,0,600,ok,True,13,13,707.3630292745421,687.702242890325,727.0310609169251,708.7948067898615,28.839690021597086,44.7826925445623,HIT,True,986.3550819103833
2026_07_21_gym,flight_119,20,0,650,ok,True,14,14,675.6250474680935,670.3276256716724,727.0310609169251,708.7948067898615,64.20515743988962,128.22675459739548,HIT,True,989.7801211016154
2026_07_21_gym,flight_119,20,0,700,ok,True,15,15,680.5694301887504,679.6953091173724,727.0310609169251,708.7948067898615,54.82211136678759,116.37607918912231,HIT,True,988.4087662059073
2026_07_21_gym,flight_119,20,0,750,ok,True,16,16,708.0410487054007,691.6018504774561,727.0310609169251,708.7948067898615,25.616758392781158,56.743597336446705,HIT,True,985.7770684069483
2026_07_21_gym,flight_119,20,0,800,ok,True,17,17,669.2352389105321,687.1790022254942,727.0310609169251,708.7948067898615,61.705753770289384,137.8066381419763,HIT,True,986.2167142587062
2026_07_21_gym,flight_119,20,0,850,ok,True,18,18,714.3575915049902,684.7923456682241,727.0310609169251,708.7948067898615,27.14286217094581,38.84199601289035,HIT,True,985.8115594618708
2026_07_21_gym,flight_119,20,0,900,ok,True,19,19,661.7799299201502,704.1380395304107,727.0310609169251,708.7948067898615,65.4170893396135,129.1438802197247,HIT,True,984.3407866707025
2026_07_21_gym,flight_119,20,0,950,ok,True,19,19,661.7799299201502,704.1380395304107,727.0310609169251,708.7948067898615,65.4170893396135,129.1438802197247,HIT,True,984.3407866707025
2026_07_21_gym,flight_119,20,0,1000,ok,False,20,20,661.7799307226085,704.1380247721634,727.0310609169251,708.7948067898615,65.41708958977013,129.14387966005572,HIT,True,984.3407892286735
2026_07_21_gym,flight_119,20,0,1050,ok,False,21,21,747.5002784914057,694.3375489100807,727.0310609169251,708.7948067898615,25.059951586423846,19.92125128390185,HIT,True,985.1114151405947
2026_07_21_gym,flight_119,20,0,1100,ok,False,21,21,747.5002784914057,694.3375489100807,727.0310609169251,708.7948067898615,25.059951586423846,19.92125128390185,HIT,True,985.1114151405947
2026_07_21_gym,flight_119,20,0,1150,ok,False,21,21,747.5002784914057,694.3375489100807,727.0310609169251,708.7948067898615,25.059951586423846,19.92125128390185,HIT,True,985.1114151405947
2026_07_21_gym,flight_119,20,0,1200,ok,False,21,21,747.5002784914057,694.3375489100807,727.0310609169251,708.7948067898615,25.059951586423846,19.92125128390185,HIT,True,985.1114151405947
2026_07_21_gym,flight_119,20,0,1250,ok,False,21,21,747.5002784914057,694.3375489100807,727.0310609169251,708.7948067898615,25.059951586423846,19.92125128390185,HIT,True,985.1114151405947
2026_07_21_gym,flight_12,20,0,150,not_fit_eligible,True,4,4,,,,,,,,,
2026_07_21_gym,flight_12,20,0,200,not_fit_eligible,True,5,5,,,,,,,,,
2026_07_21_gym,flight_12,20,0,250,not_fit_eligible,True,6,6,,,,,,,,,
2026_07_21_gym,flight_12,20,0,300,not_fit_eligible,True,7,7,,,,,,,,,
2026_07_21_gym,flight_12,20,0,350,fit_failed,True,8,8,,,,,,,,,
2026_07_21_gym,flight_12,20,0,400,fit_failed,True,9,9,,,,,,,,,
2026_07_21_gym,flight_12,20,0,450,ok,True,10,10,1046.3981815932477,639.0403201862119,1027.2503773162528,648.6292335802102,21.41461343820398,149.27474188468636,HIT,True,598.7481693897633
2026_07_21_gym,flight_12,20,0,490,ok,True,10,10,1046.3981815932477,639.0403201862119,1027.2503773162528,648.6292335802102,21.41461343820398,149.27474188468636,HIT,True,598.7481693897633
2026_07_21_gym,flight_12,20,0,500,ok,True,11,11,965.7407309777925,650.3747966215684,1027.2503773162528,648.6292335802102,61.5344097478298,102.24692098087095,HIT,True,598.827825338967
2026_07_21_gym,flight_12,20,0,550,ok,True,12,12,1008.9967658300197,663.6038624930727,1027.2503773162528,648.6292335802102,23.610036920095556,120.68025507823381,HIT,True,596.7175497272082
2026_07_21_gym,flight_12,20,0,600,ok,True,13,13,1059.5063673463383,662.7372321149336,1027.2503773162528,648.6292335802102,35.20631357408402,100.65095656697598,HIT,True,598.4115292193989
2026_07_21_gym,flight_12,20,0,650,ok,False,13,13,1059.5063673463383,662.7372321149336,1027.2503773162528,648.6292335802102,35.20631357408402,100.65095656697598,HIT,True,598.4115292193989
2026_07_21_gym,flight_12,20,0,700,ok,False,13,13,1059.5063673463383,662.7372321149336,1027.2503773162528,648.6292335802102,35.20631357408402,100.65095656697598,HIT,True,598.4115292193989
2026_07_21_gym,flight_12,20,0,750,ok,False,13,13,1059.5063673463383,662.7372321149336,1027.2503773162528,648.6292335802102,35.20631357408402,100.65095656697598,HIT,True,598.4115292193989
2026_07_21_gym,flight_12,20,0,800,ok,False,13,13,1059.5063673463383,662.7372321149336,1027.2503773162528,648.6292335802102,35.20631357408402,100.65095656697598,HIT,True,598.4115292193989
2026_07_21_gym,flight_12,20,0,850,ok,False,13,13,1059.5063673463383,662.7372321149336,1027.2503773162528,648.6292335802102,35.20631357408402,100.65095656697598,HIT,True,598.4115292193989
2026_07_21_gym,flight_12,20,0,900,ok,False,13,13,1059.5063673463383,662.7372321149336,1027.2503773162528,648.6292335802102,35.20631357408402,100.65095656697598,HIT,True,598.4115292193989
2026_07_21_gym,flight_12,20,0,950,ok,False,13,13,1059.5063673463383,662.7372321149336,1027.2503773162528,648.6292335802102,35.20631357408402,100.65095656697598,HIT,True,598.4115292193989
2026_07_21_gym,flight_12,20,0,1000,ok,False,13,13,1059.5063673463383,662.7372321149336,1027.2503773162528,648.6292335802102,35.20631357408402,100.65095656697598,HIT,True,598.4115292193989
2026_07_21_gym,flight_12,20,0,1050,ok,False,13,13,1059.5063673463383,662.7372321149336,1027.2503773162528,648.6292335802102,35.20631357408402,100.65095656697598,HIT,True,598.4115292193989
2026_07_21_gym,flight_12,20,0,1100,ok,False,13,13,1059.5063673463383,662.7372321149336,1027.2503773162528,648.6292335802102,35.20631357408402,100.65095656697598,HIT,True,598.4115292193989
2026_07_21_gym,flight_12,20,0,1150,ok,False,13,13,1059.5063673463383,662.7372321149336,1027.2503773162528,648.6292335802102,35.20631357408402,100.65095656697598,HIT,True,598.4115292193989
2026_07_21_gym,flight_12,20,0,1200,ok,False,13,13,1059.5063673463383,662.7372321149336,1027.2503773162528,648.6292335802102,35.20631357408402,100.65095656697598,HIT,True,598.4115292193989
2026_07_21_gym,flight_12,20,0,1250,ok,False,13,13,1059.5063673463383,662.7372321149336,1027.2503773162528,648.6292335802102,35.20631357408402,100.65095656697598,HIT,True,598.4115292193989
2026_07_21_gym,flight_121,20,0,150,not_fit_eligible,True,4,4,,,,,,,,,
2026_07_21_gym,flight_121,20,0,200,not_fit_eligible,True,5,5,,,,,,,,,
2026_07_21_gym,flight_121,20,0,250,not_fit_eligible,True,5,5,,,,,,,,,
2026_07_21_gym,flight_121,20,0,300,not_fit_eligible,True,5,5,,,,,,,,,
2026_07_21_gym,flight_121,20,0,350,not_fit_eligible,True,5,5,,,,,,,,,
2026_07_21_gym,flight_121,20,0,400,not_fit_eligible,True,6,6,,,,,,,,,
2026_07_21_gym,flight_121,20,0,450,not_fit_eligible,True,7,7,,,,,,,,,
2026_07_21_gym,flight_121,20,0,490,not_fit_eligible,True,7,7,,,,,,,,,
2026_07_21_gym,flight_121,20,0,500,fit_failed,True,8,8,,,,,,,,,
2026_07_21_gym,flight_121,20,0,550,fit_failed,True,9,9,,,,,,,,,
2026_07_21_gym,flight_121,20,0,600,fit_failed,True,10,10,,,,,,,,,
2026_07_21_gym,flight_121,20,0,650,ok,True,11,11,447.6455571190288,1560.2175121360303,551.2059810616963,1613.2865600805737,116.36616886761061,117.97176250411471,HIT,True,1226.7210354937067
2026_07_21_gym,flight_121,20,0,700,ok,True,12,12,415.2497702739241,1581.388694145086,551.2059810616963,1613.2865600805737,139.6480042929633,123.25062004811339,HIT,True,1226.515035023169
2026_07_21_gym,flight_121,20,0,750,ok,True,13,13,420.07670192073095,1588.500761389025,551.2059810616963,1613.2865600805737,133.45120330970116,115.68761408727528,HIT,True,1225.6278620842415
2026_07_21_gym,flight_121,20,0,800,ok,True,14,14,431.84488902079346,1591.4019404217486,551.2059810616963,1613.2865600805737,121.35075966308708,104.03524070213972,HIT,True,1224.6872178635974
2026_07_21_gym,flight_121,20,0,850,ok,True,15,15,446.9697631256911,1590.973766206482,551.2059810616963,1613.2865600805737,106.59760738435965,91.04051939065744,HIT,True,1223.9987987954091
2026_07_21_gym,flight_121,20,0,900,ok,True,16,16,446.9697845714562,1590.973250560275,551.2059810616963,1613.2865600805737,106.59769434889576,91.04079742436403,HIT,True,1223.9988835649792
2026_07_21_gym,flight_121,20,0,950,ok,True,17,17,454.0919854183538,1608.787417623264,551.2059810616963,1613.2865600805737,97.21815896562906,76.50975090081427,HIT,True,1221.5037386439637
2026_07_21_gym,flight_121,20,0,1000,ok,True,18,18,461.5996762237494,1616.0398269253928,551.2059810616963,1613.2865600805737,89.64859365896295,67.77671087650198,HIT,True,1220.6784644026345
2026_07_21_gym,flight_121,20,0,1050,ok,True,19,19,463.86609293570564,1622.9365907902331,551.2059810616963,1613.2865600805737,87.87137844917386,64.72048445832493,HIT,True,1219.331434902432
2026_07_21_gym,flight_121,20,0,1100,ok,True,20,20,476.4917425381249,1628.3774137362084,551.2059810616963,1613.2865600805737,76.22303655859496,57.46364390865086,HIT,True,1217.654035269133
2026_07_21_gym,flight_121,20,0,1150,ok,True,21,21,476.49174253430823,1628.3774138187384,551.2059810616963,1613.2865600805737,76.22303657867562,57.46364393484752,HIT,True,1217.6540352554541
2026_07_21_gym,flight_121,20,0,1200,ok,True,22,22,472.72874512867685,1628.1855820804012,551.2059810616963,1613.2865600805737,79.87901737151094,69.95505378345008,HIT,True,1217.7595162102534
2026_07_21_gym,flight_121,20,0,1250,ok,False,23,23,469.6699749660687,1662.23634853852,551.2059810616963,1613.2865600805737,95.10100987951654,93.23391817581206,HIT,True,1213.1565361701619
2026_07_21_gym,flight_122,20,0,150,not_fit_eligible,True,4,4,,,,,,,,,
2026_07_21_gym,flight_122,20,0,200,not_fit_eligible,True,5,5,,,,,,,,,
2026_07_21_gym,flight_122,20,0,250,not_fit_eligible,True,6,6,,,,,,,,,
2026_07_21_gym,flight_122,20,0,300,not_fit_eligible,True,6,6,,,,,,,,,
2026_07_21_gym,flight_122,20,0,350,not_fit_eligible,True,7,7,,,,,,,,,
2026_07_21_gym,flight_122,20,0,400,fit_failed,True,8,8,,,,,,,,,
2026_07_21_gym,flight_122,20,0,450,fit_failed,True,9,9,,,,,,,,,
2026_07_21_gym,flight_122,20,0,490,fit_failed,True,9,9,,,,,,,,,
2026_07_21_gym,flight_122,20,0,500,fit_failed,True,10,10,,,,,,,,,
2026_07_21_gym,flight_122,20,0,550,ok,True,11,11,1368.0946813534156,654.3302946255792,1249.8202072823037,945.3022706264059,314.0916140787967,218.94082090333345,HIT,True,1466.3206122759407
2026_07_21_gym,flight_122,20,0,600,ok,True,12,12,1383.5983423443538,672.9186603887053,1249.8202072823037,945.3022706264059,303.46238736753463,218.33711530918393,HIT,True,1466.287613153963
2026_07_21_gym,flight_122,20,0,650,ok,True,13,13,1383.598342338571,672.9186604548705,1249.8202072823037,945.3022706264059,303.4623873055964,218.33711525438903,HIT,True,1466.2876131450969
2026_07_21_gym,flight_122,20,0,700,ok,True,13,13,1383.598342338571,672.9186604548705,1249.8202072823037,945.3022706264059,303.4623873055964,218.33711525438903,HIT,True,1466.2876131450969
2026_07_21_gym,flight_122,20,0,750,ok,True,14,14,1279.7475747610874,702.1893258634537,1249.8202072823037,945.3022706264059,244.94805823995497,199.60760758841437,HIT,True,1469.92519759702
2026_07_21_gym,flight_122,20,0,800,ok,True,15,15,1264.5217852268459,758.9528079442694,1249.8202072823037,945.3022706264059,186.9284853519667,171.41352943562953,HIT,True,1469.9180840390668
2026_07_21_gym,flight_122,20,0,850,ok,True,16,16,1304.1020621158232,715.4989629189441,1249.8202072823037,945.3022706264059,236.12725382186957,198.85586990211837,HIT,True,1470.456535138185
2026_07_21_gym,flight_122,20,0,900,ok,True,17,17,1338.2639353522975,705.5158034916604,1249.8202072823037,945.3022706264059,255.5774693823408,210.01829779906748,HIT,True,1470.8900275700307
2026_07_21_gym,flight_122,20,0,950,ok,True,18,18,1302.7877778093673,758.9985592849571,1249.8202072823037,945.3022706264059,193.68695461268763,164.31246045892263,HIT,True,1467.1020029000874
2026_07_21_gym,flight_122,20,0,1000,ok,True,19,19,1320.5685291256932,742.4675840213115,1249.8202072823037,945.3022706264059,214.81907534910084,178.75068312979573,HIT,True,1468.1332350859677
2026_07_21_gym,flight_122,20,0,1050,ok,True,20,20,1314.2351495822963,784.6164740490321,1249.8202072823037,945.3022706264059,173.1161749034922,140.56700757801684,HIT,True,1464.4518412310633
2026_07_21_gym,flight_122,20,0,1100,ok,True,21,21,1300.1520605071362,786.9662289677073,1249.8202072823037,945.3022706264059,166.14330422015573,134.41838554764144,HIT,True,1464.7715309883124
2026_07_21_gym,flight_122,20,0,1150,ok,True,22,22,1273.6916265302962,843.2434892525289,1249.8202072823037,945.3022706264059,104.81335560144154,85.45420709831694,HIT,True,1460.6695536000402
2026_07_21_gym,flight_122,20,0,1200,ok,True,23,23,1240.039122868301,919.9329068477781,1249.8202072823037,945.3022706264059,27.18959784267129,29.159197552043846,HIT,True,1454.9669125838657
2026_07_21_gym,flight_122,20,0,1250,ok,True,24,24,1221.4256318461437,928.9009236789067,1249.8202072823037,945.3022706264059,32.79109781468171,44.25307640856091,HIT,True,1453.6353592697703
2026_07_21_gym,flight_123,20,0,150,not_fit_eligible,True,4,4,,,,,,,,,
2026_07_21_gym,flight_123,20,0,200,not_fit_eligible,True,5,5,,,,,,,,,
2026_07_21_gym,flight_123,20,0,250,not_fit_eligible,True,6,6,,,,,,,,,
2026_07_21_gym,flight_123,20,0,300,not_fit_eligible,True,7,7,,,,,,,,,
2026_07_21_gym,flight_123,20,0,350,fit_failed,True,8,8,,,,,,,,,
2026_07_21_gym,flight_123,20,0,400,ok,True,9,9,488.80539389128967,1678.101491340317,622.8285248825156,1700.2736822960753,135.8447852973014,146.87776305662896,HIT,True,1204.1613166520447
2026_07_21_gym,flight_123,20,0,450,ok,True,10,10,475.07557224190083,1660.172419981018,622.8285248825156,1700.2736822960753,153.0981588827272,165.64423119724333,HIT,True,1207.5441633578969
2026_07_21_gym,flight_123,20,0,490,ok,True,10,10,475.07557224190083,1660.172419981018,622.8285248825156,1700.2736822960753,153.0981588827272,165.64423119724333,HIT,True,1207.5441633578969
2026_07_21_gym,flight_123,20,0,500,ok,True,11,11,400.65962669089316,1619.4423147758864,622.8285248825156,1700.2736822960753,236.4164319561213,268.1221729224779,HIT,True,1216.2897763210656
2026_07_21_gym,flight_123,20,0,550,ok,True,12,12,512.2492814764134,1622.3210268307014,622.8285248825156,1700.2736822960753,135.29370113338342,159.47853829949315,HIT,True,1210.8513355150167
2026_07_21_gym,flight_123,20,0,600,ok,True,13,13,535.5861764091957,1622.8354494059424,622.8285248825156,1700.2736822960753,116.65293515504291,141.75127919924824,HIT,True,1209.3883255027683
2026_07_21_gym,flight_123,20,0,650,ok,True,14,14,512.2493620430372,1622.3190556035713,622.8285248825156,1700.2736822960753,135.29477106321417,159.4800457364691,HIT,True,1210.851666396215
2026_07_21_gym,flight_123,20,0,700,ok,True,15,15,512.249304933977,1622.3204528935862,622.8285248825156,1700.2736822960753,135.29401264913525,159.47897719870411,HIT,True,1210.8514318534985
2026_07_21_gym,flight_123,20,0,750,ok,True,15,15,512.249304933977,1622.3204528935862,622.8285248825156,1700.2736822960753,135.29401264913525,159.47897719870411,HIT,True,1210.8514318534985
2026_07_21_gym,flight_123,20,0,800,ok,True,16,16,773.5408660102138,1512.6657577862607,622.8285248825156,1700.2736822960753,240.64692623649276,203.82879861009204,HIT,True,1213.0785172718079
2026_07_21_gym,flight_123,20,0,850,ok,True,16,16,773.5408660102138,1512.6657577862607,622.8285248825156,1700.2736822960753,240.64692623649276,203.82879861009204,HIT,True,1213.0785172718079
2026_07_21_gym,flight_123,20,0,900,ok,True,17,17,773.5409208140451,1512.6650230558284,622.8285248825156,1700.2736822960753,240.64753335395977,203.82962631358595,HIT,True,1213.078638815221
2026_07_21_gym,flight_123,20,0,950,ok,True,18,18,832.4640780636715,1467.8560473263406,622.8285248825156,1700.2736822960753,312.9936456263835,272.5386153510199,HIT,True,1216.306750576841
2026_07_21_gym,flight_123,20,0,1000,ok,True,19,19,509.6837411071924,1710.7204389035558,622.8285248825156,1700.2736822960753,113.62603935357673,125.49355976787714,HIT,True,1200.0434133577578
2026_07_21_gym,flight_123,20,0,1050,ok,True,20,20,547.4064084250409,1685.2103348857572,622.8285248825156,1700.2736822960753,76.91163817088287,96.49942225352949,HIT,True,1202.0916732796293
2026_07_21_gym,flight_123,20,0,1100,ok,True,21,21,540.82274277157,1699.1386722499922,622.8285248825156,1700.2736822960753,82.01363635050326,101.24550534070588,HIT,True,1200.3612951125535
2026_07_21_gym,flight_123,20,0,1150,ok,True,22,22,537.2248210385675,1711.3804702043185,622.8285248825156,1700.2736822960753,86.32123058344958,106.4704686045833,HIT,True,1198.1147740918257
2026_07_21_gym,flight_123,20,0,1200,ok,True,23,23,543.9636549372623,1725.802284465029,622.8285248825156,1700.2736822960753,82.89377081652412,101.46991535516557,HIT,True,1196.4051198348948
2026_07_21_gym,flight_123,20,0,1250,ok,False,24,24,564.012343978408,1727.481469437149,622.8285248825156,1700.2736822960753,64.80437344237407,89.24707000576713,HIT,True,1196.4708239538036
2026_07_21_gym,flight_124,20,0,150,not_fit_eligible,True,4,4,,,,,,,,,
2026_07_21_gym,flight_124,20,0,200,not_fit_eligible,True,5,5,,,,,,,,,
2026_07_21_gym,flight_124,20,0,250,not_fit_eligible,True,5,5,,,,,,,,,
2026_07_21_gym,flight_124,20,0,300,not_fit_eligible,True,6,6,,,,,,,,,
2026_07_21_gym,flight_124,20,0,350,not_fit_eligible,True,7,7,,,,,,,,,
2026_07_21_gym,flight_124,20,0,400,fit_failed,True,8,8,,,,,,,,,
2026_07_21_gym,flight_124,20,0,450,fit_failed,True,9,9,,,,,,,,,
2026_07_21_gym,flight_124,20,0,490,fit_failed,True,9,9,,,,,,,,,
2026_07_21_gym,flight_124,20,0,500,fit_failed,True,10,10,,,,,,,,,
2026_07_21_gym,flight_124,20,0,550,ok,True,11,11,-86.96375798759527,1186.5176043702957,-24.22203266801343,1199.7493646375153,64.12178706061638,40.212413475145816,MISS_HIGH_WIDE,True,1168.9857625952782
2026_07_21_gym,flight_124,20,0,600,ok,True,12,12,-118.47051032799232,1209.446650172187,-24.22203266801343,1199.7493646375153,94.74604418108702,63.77920308481648,MISS_HIGH_WIDE,True,1174.6921011006411
2026_07_21_gym,flight_124,20,0,650,ok,True,13,13,-107.63493679130629,1226.4822341629913,-24.22203266801343,1199.7493646375153,87.5920024165892,56.66798984954629,MISS_HIGH_WIDE,True,1174.9898768183782
2026_07_21_gym,flight_124,20,0,700,ok,True,14,14,-107.63493695275363,1226.4822305382725,-24.22203266801343,1199.7493646375153,87.5920014640783,56.66798850248432,MISS_HIGH_WIDE,True,1174.9898774000526
2026_07_21_gym,flight_124,20,0,750,ok,True,15,15,-107.63493805670261,1226.482205753091,-24.22203266801343,1199.7493646375153,87.59199495098296,56.66797929450286,MISS_HIGH_WIDE,True,1174.9898813774396
2026_07_21_gym,flight_124,20,0,800,ok,True,16,16,-3.032125929734632,1217.7622044574389,-24.22203266801343,1199.7493646375153,27.811410355377106,53.26114355515101,MISS_HIGH_WIDE,True,1170.6229621631473
2026_07_21_gym,flight_124,20,0,850,ok,True,17,17,19.02669576668149,1201.458335924588,-24.22203266801343,1199.7493646375153,43.28248022096271,87.81582869585509,HIT,False,1171.7146603632768
2026_07_21_gym,flight_124,20,0,900,ok,True,18,18,-0.8135314369418327,1188.189465062269,-24.22203266801343,1199.7493646375153,26.107263511805716,53.32321992554241,MISS_HIGH_WIDE,True,1173.5284880745699
2026_07_21_gym,flight_124,20,0,950,ok,True,19,19,-0.8134954757814434,1188.1907548151103,-24.22203266801343,1199.7493646375153,26.106724698948867,53.32270342095487,MISS_HIGH_WIDE,True,1173.528282263695
2026_07_21_gym,flight_124,20,0,1000,ok,True,20,20,-21.186233795596916,1194.7138183911961,-24.22203266801343,1199.7493646375153,5.879864011402369,32.731120168221246,MISS_HIGH_WIDE,True,1173.0977637921944
2026_07_21_gym,flight_124,20,0,1050,ok,True,21,21,33.7817102775302,1163.5190820181615,-24.22203266801343,1199.7493646375153,68.38908958577352,105.7372143340044,HIT,False,1178.177728600057
2026_07_21_gym,flight_124,20,0,1100,ok,True,22,22,-38.391707539759025,1204.247433711013,-24.22203266801343,1199.7493646375153,14.86648281742976,22.730673128533233,MISS_HIGH_WIDE,True,1172.3592428355469
2026_07_21_gym,flight_124,20,0,1150,ok,True,23,23,-47.46374486186203,1202.1045372359358,-24.22203266801343,1199.7493646375153,23.3607367963864,12.996485137889747,MISS_HIGH_WIDE,True,1173.5209440365816
2026_07_21_gym,flight_124,20,0,1200,ok,True,24,24,-58.469930426935335,1239.9844713245861,-24.22203266801343,1199.7493646375153,52.8373193020382,53.10553906264292,MISS_HIGH_WIDE,True,1170.391632725657
2026_07_21_gym,flight_124,20,0,1250,ok,False,24,24,-58.469930426935335,1239.9844713245861,-24.22203266801343,1199.7493646375153,52.8373193020382,53.10553906264292,MISS_HIGH_WIDE,True,1170.391632725657
2026_07_21_gym,flight_125,20,0,150,not_fit_eligible,True,4,4,,,,,,,,,
2026_07_21_gym,flight_125,20,0,200,not_fit_eligible,True,5,5,,,,,,,,,
2026_07_21_gym,flight_125,20,0,250,not_fit_eligible,True,6,6,,,,,,,,,
2026_07_21_gym,flight_125,20,0,300,not_fit_eligible,True,7,7,,,,,,,,,
2026_07_21_gym,flight_125,20,0,350,fit_failed,True,8,8,,,,,,,,,
2026_07_21_gym,flight_125,20,0,400,fit_failed,True,9,9,,,,,,,,,
2026_07_21_gym,flight_125,20,0,450,fit_failed,True,10,10,,,,,,,,,
2026_07_21_gym,flight_125,20,0,490,fit_failed,True,10,10,,,,,,,,,
2026_07_21_gym,flight_125,20,0,500,fit_failed,True,11,11,,,,,,,,,
2026_07_21_gym,flight_125,20,0,550,fit_failed,True,12,12,,,,,,,,,
2026_07_21_gym,flight_125,20,0,600,fit_failed,True,13,13,,,,,,,,,
2026_07_21_gym,flight_125,20,0,650,fit_failed,True,14,14,,,,,,,,,
2026_07_21_gym,flight_125,20,0,700,ok,True,15,15,910.9326753979642,759.9688260459103,776.3523058129111,814.8556034858839,145.34247216624144,145.37966494119974,HIT,True,1273.2415621313285
2026_07_21_gym,flight_125,20,0,750,ok,True,16,16,878.8006500885441,716.286201795282,776.3523058129111,814.8556034858839,142.1674723502597,112.72785744074037,HIT,True,1280.7814237939588
2026_07_21_gym,flight_125,20,0,800,ok,True,17,17,864.5109342159523,735.4306167354619,776.3523058129111,814.8556034858839,118.66032311691302,93.15148408833788,HIT,True,1280.2439582510901
2026_07_21_gym,flight_125,20,0,850,ok,True,18,18,852.5786983990885,751.1761350138179,776.3523058129111,814.8556034858839,99.32541281860789,77.20010299004998,HIT,True,1280.1676080916673
2026_07_21_gym,flight_125,20,0,900,ok,True,19,19,843.5293066101949,722.4313771198449,776.3523058129111,814.8556034858839,114.25842225183698,97.53402664611116,HIT,True,1286.732645072749
2026_07_21_gym,flight_125,20,0,950,ok,True,20,20,869.2434517575288,716.7475520966012,776.3523058129111,814.8556034858839,135.10719722615215,114.37797077713364,HIT,True,1287.3925486400706
2026_07_21_gym,flight_125,20,0,1000,ok,True,21,21,869.2435307990701,716.7464921176063,776.3523058129111,814.8556034858839,135.10802127520887,114.37886068768057,HIT,True,1287.3927045943942
2026_07_21_gym,flight_125,20,0,1050,ok,True,22,22,891.2560600991064,775.76888187706,776.3523058129111,814.8556034858839,121.36986675113407,119.79345664259739,HIT,True,1278.4132790866058
2026_07_21_gym,flight_125,20,0,1100,ok,True,23,23,870.3574147944465,751.2189892178991,776.3523058129111,814.8556034858839,113.51906972012513,91.50718959205892,HIT,True,1282.082569595083
2026_07_21_gym,flight_125,20,0,1150,ok,True,24,24,790.368209999807,782.7638267713428,776.3523058129111,814.8556034858839,35.018962047328124,31.098311722989123,HIT,True,1281.3331594901683
2026_07_21_gym,flight_125,20,0,1200,ok,True,25,25,891.2560600441058,775.7688825329799,776.3523058129111,814.8556034858839,121.36986648782704,119.79345651739088,HIT,True,1278.4132789892562
2026_07_21_gym,flight_125,20,0,1250,ok,True,26,26,784.8475561494118,811.1782235817641,776.3523058129111,814.8556034858839,9.25701902553081,16.560021273610296,HIT,True,1276.9490409182051
2026_07_21_gym,flight_126,20,0,150,not_fit_eligible,True,4,4,,,,,,,,,
2026_07_21_gym,flight_126,20,0,200,not_fit_eligible,True,5,5,,,,,,,,,
2026_07_21_gym,flight_126,20,0,250,not_fit_eligible,True,6,6,,,,,,,,,
2026_07_21_gym,flight_126,20,0,300,not_fit_eligible,True,7,7,,,,,,,,,
2026_07_21_gym,flight_126,20,0,350,fit_failed,True,8,8,,,,,,,,,
2026_07_21_gym,flight_126,20,0,400,fit_failed,True,9,9,,,,,,,,,
2026_07_21_gym,flight_126,20,0,450,fit_failed,True,10,10,,,,,,,,,
2026_07_21_gym,flight_126,20,0,490,fit_failed,True,10,10,,,,,,,,,
2026_07_21_gym,flight_126,20,0,500,ok,True,11,11,-100.27420682554731,1076.967120283682,-80.24002514026628,1237.238970570636,161.5191457078776,201.59098240030434,MISS_HIGH_WIDE,True,1303.5636685960462
2026_07_21_gym,flight_126,20,0,550,ok,True,12,12,3.0174595314806627,1106.868830896934,-80.24002514026628,1237.238970570636,154.68736881984492,140.93575905124666,HIT,False,1292.0375972086315
2026_07_21_gym,flight_126,20,0,600,ok,True,13,13,-65.65426984365295,1145.1742543793282,-80.24002514026628,1237.238970570636,93.21296167893566,105.25972159684719,MISS_HIGH_WIDE,True,1290.5891311138855
2026_07_21_gym,flight_126,20,0,650,ok,True,14,14,-64.65317438936673,1147.127658223438,-80.24002514026628,1237.238970570636,91.44943154150876,101.36389182781838,MISS_HIGH_WIDE,True,1290.2183943746913
2026_07_21_gym,flight_126,20,0,700,ok,True,15,15,-39.55144682753243,1145.4057906124297,-80.24002514026628,1237.238970570636,100.44348334435529,95.10399260273039,MISS_HIGH_WIDE,True,1288.8399901575021
2026_07_21_gym,flight_126,20,0,750,ok,True,16,16,-100.99807213973234,1150.576086477489,-80.24002514026628,1237.238970570636,89.1142636987719,106.01596835046604,MISS_HIGH_WIDE,True,1290.019318785276
2026_07_21_gym,flight_126,20,0,800,ok,True,17,17,-113.9674519061294,1154.3025758594315,-80.24002514026628,1237.238970570636,89.53203272538474,103.8449615204854,MISS_HIGH_WIDE,True,1288.638129221015
2026_07_21_gym,flight_126,20,0,850,ok,True,18,18,-128.0938335758878,1168.8793525789745,-80.24002514026628,1237.238970570636,83.4447383227909,93.90479726588345,MISS_HIGH_WIDE,True,1286.5533992981227
2026_07_21_gym,flight_126,20,0,900,ok,True,19,19,-128.66110300190633,1179.068693224708,-80.24002514026628,1237.238970570636,75.68607499259804,88.0867911440156,MISS_HIGH_WIDE,True,1285.0041757975307
2026_07_21_gym,flight_126,20,0,950,ok,True,20,20,-140.44497431107504,1203.7525581048512,-80.24002514026628,1237.238970570636,68.89104241110253,86.0932023066622,MISS_HIGH_WIDE,True,1282.2511041605683
2026_07_21_gym,flight_126,20,0,1000,ok,True,21,21,-173.38070936013455,1245.9160591652792,-80.24002514026628,1237.238970570636,93.54399458770457,76.40856632679923,MISS_HIGH_WIDE,True,1278.5391586304706
2026_07_21_gym,flight_126,20,0,1050,ok,True,22,22,-172.44762465156668,1237.3354470808408,-80.24002514026628,1237.238970570636,92.20764998281534,104.52737998239563,MISS_HIGH_WIDE,True,1279.3917480150137
2026_07_21_gym,flight_126,20,0,1100,ok,True,23,23,-157.22255408052993,1241.3045291242042,-80.24002514026628,1237.238970570636,77.08980820050743,94.21748649144196,MISS_HIGH_WIDE,True,1278.4925240709017
2026_07_21_gym,flight_126,20,0,1150,ok,True,24,24,-118.60933196904224,1232.6073246838807,-80.24002514026628,1237.238970570636,38.64784405553627,45.78377109521296,MISS_HIGH_WIDE,True,1278.3647326631792
2026_07_21_gym,flight_126,20,0,1200,ok,True,25,25,-111.17340989072152,1243.6351413533134,-80.24002514026628,1237.238970570636,31.587739596255904,30.234050851624854,MISS_HIGH_WIDE,True,1276.7236057374757
2026_07_21_gym,flight_126,20,0,1250,ok,True,26,26,-119.07286760327064,1240.0480917137622,-80.24002514026628,1237.238970570636,38.93431411176102,34.91860387701229,MISS_HIGH_WIDE,True,1277.9612284314403
2026_07_21_gym,flight_13,20,0,150,not_fit_eligible,True,4,4,,,,,,,,,
2026_07_21_gym,flight_13,20,0,200,not_fit_eligible,True,5,5,,,,,,,,,
2026_07_21_gym,flight_13,20,0,250,not_fit_eligible,True,6,6,,,,,,,,,
2026_07_21_gym,flight_13,20,0,300,not_fit_eligible,True,7,7,,,,,,,,,
2026_07_21_gym,flight_13,20,0,350,fit_failed,True,8,8,,,,,,,,,
2026_07_21_gym,flight_13,20,0,400,ok,True,9,9,899.5357462957021,934.4195275599561,867.3621528353062,928.8121455991962,32.65858001519176,67.99854547346706,HIT,True,618.3922240666442
2026_07_21_gym,flight_13,20,0,450,ok,True,10,10,861.44729023611,938.4833729133373,867.3621528353062,928.8121455991962,11.336588434320058,66.30710005617625,HIT,True,618.4972784479439
2026_07_21_gym,flight_13,20,0,490,ok,True,10,10,861.44729023611,938.4833729133373,867.3621528353062,928.8121455991962,11.336588434320058,66.30710005617625,HIT,True,618.4972784479439
2026_07_21_gym,flight_13,20,0,500,ok,True,11,11,839.9323505774023,941.1194554649865,867.3621528353062,928.8121455991962,30.06432982855744,93.597235021239,HIT,True,619.2563491601461
2026_07_21_gym,flight_13,20,0,550,ok,True,12,12,829.2645643430574,946.4579642032556,867.3621528353062,928.8121455991962,41.98572570686497,119.01439466641581,HIT,True,618.7292368607833
2026_07_21_gym,flight_13,20,0,600,ok,True,13,13,834.6122311492894,945.4843621046077,867.3621528353062,928.8121455991962,36.74942412669279,109.67772349437307,HIT,True,618.514317954568
2026_07_21_gym,flight_13,20,0,650,ok,True,14,14,832.8196156610695,939.1997719898649,867.3621528353062,928.8121455991962,36.070620405887674,105.77451014710702,HIT,True,618.8138994760741
2026_07_21_gym,flight_13,20,0,700,ok,False,15,15,832.8196713222337,939.1995233821635,867.3621528353062,928.8121455991962,36.07049550930842,105.77430129984884,HIT,True,618.8139551563012
2026_07_21_gym,flight_13,20,0,750,ok,False,15,15,832.8196713222337,939.1995233821635,867.3621528353062,928.8121455991962,36.07049550930842,105.77430129984884,HIT,True,618.8139551563012
2026_07_21_gym,flight_13,20,0,800,ok,False,15,15,832.8196713222337,939.1995233821635,867.3621528353062,928.8121455991962,36.07049550930842,105.77430129984884,HIT,True,618.8139551563012
2026_07_21_gym,flight_13,20,0,850,ok,False,15,15,832.8196713222337,939.1995233821635,867.3621528353062,928.8121455991962,36.07049550930842,105.77430129984884,HIT,True,618.8139551563012
2026_07_21_gym,flight_13,20,0,900,ok,False,15,15,832.8196713222337,939.1995233821635,867.3621528353062,928.8121455991962,36.07049550930842,105.77430129984884,HIT,True,618.8139551563012
2026_07_21_gym,flight_13,20,0,950,ok,False,15,15,832.8196713222337,939.1995233821635,867.3621528353062,928.8121455991962,36.07049550930842,105.77430129984884,HIT,True,618.8139551563012
2026_07_21_gym,flight_13,20,0,1000,ok,False,15,15,832.8196713222337,939.1995233821635,867.3621528353062,928.8121455991962,36.07049550930842,105.77430129984884,HIT,True,618.8139551563012
2026_07_21_gym,flight_13,20,0,1050,ok,False,15,15,832.8196713222337,939.1995233821635,867.3621528353062,928.8121455991962,36.07049550930842,105.77430129984884,HIT,True,618.8139551563012
2026_07_21_gym,flight_13,20,0,1100,ok,False,15,15,832.8196713222337,939.1995233821635,867.3621528353062,928.8121455991962,36.07049550930842,105.77430129984884,HIT,True,618.8139551563012
2026_07_21_gym,flight_13,20,0,1150,ok,False,15,15,832.8196713222337,939.1995233821635,867.3621528353062,928.8121455991962,36.07049550930842,105.77430129984884,HIT,True,618.8139551563012
2026_07_21_gym,flight_13,20,0,1200,ok,False,15,15,832.8196713222337,939.1995233821635,867.3621528353062,928.8121455991962,36.07049550930842,105.77430129984884,HIT,True,618.8139551563012
2026_07_21_gym,flight_13,20,0,1250,ok,False,15,15,832.8196713222337,939.1995233821635,867.3621528353062,928.8121455991962,36.07049550930842,105.77430129984884,HIT,True,618.8139551563012
2026_07_21_gym,flight_14,20,0,150,not_fit_eligible,True,4,4,,,,,,,,,
2026_07_21_gym,flight_14,20,0,200,not_fit_eligible,True,5,5,,,,,,,,,
2026_07_21_gym,flight_14,20,0,250,not_fit_eligible,True,6,6,,,,,,,,,
2026_07_21_gym,flight_14,20,0,300,not_fit_eligible,True,7,7,,,,,,,,,
2026_07_21_gym,flight_14,20,0,350,ok,True,8,8,1187.787856097626,443.6699965262326,1175.1617332896342,451.72457156442846,14.976486777893507,17.482177914988043,HIT,True,602.5799830793054
2026_07_21_gym,flight_14,20,0,400,ok,True,9,9,1149.3622365657523,456.2697552921952,1175.1617332896342,451.72457156442846,26.19680755979152,58.64528357908203,HIT,True,601.5807575748514
2026_07_21_gym,flight_14,20,0,450,ok,True,10,10,1140.6522706743983,451.20073304108337,1175.1617332896342,451.72457156442846,34.51343820587717,71.14869411224176,HIT,True,601.759867040245
2026_07_21_gym,flight_14,20,0,490,ok,True,10,10,1140.6522706743983,451.20073304108337,1175.1617332896342,451.72457156442846,34.51343820587717,71.14869411224176,HIT,True,601.759867040245
2026_07_21_gym,flight_14,20,0,500,ok,True,11,11,1133.9589813209031,453.5657409963574,1175.1617332896342,451.72457156442846,41.24386832819927,84.86396525770543,HIT,True,601.791141350393
2026_07_21_gym,flight_14,20,0,550,ok,True,12,12,1132.9094958916978,466.25296865566725,1175.1617332896342,451.72457156442846,44.68026283687562,96.11749166709457,HIT,True,600.8264321510514
2026_07_21_gym,flight_14,20,0,600,ok,True,13,13,1145.453790527352,461.6239290144637,1175.1617332896342,451.72457156442846,31.3138809650065,69.30231295255336,HIT,True,600.9243390582267
2026_07_21_gym,flight_14,20,0,650,ok,False,13,13,1145.453790527352,461.6239290144637,1175.1617332896342,451.72457156442846,31.3138809650065,69.30231295255336,HIT,True,600.9243390582267
2026_07_21_gym,flight_14,20,0,700,ok,False,13,13,1145.453790527352,461.6239290144637,1175.1617332896342,451.72457156442846,31.3138809650065,69.30231295255336,HIT,True,600.9243390582267
2026_07_21_gym,flight_14,20,0,750,ok,False,13,13,1145.453790527352,461.6239290144637,1175.1617332896342,451.72457156442846,31.3138809650065,69.30231295255336,HIT,True,600.9243390582267
2026_07_21_gym,flight_14,20,0,800,ok,False,13,13,1145.453790527352,461.6239290144637,1175.1617332896342,451.72457156442846,31.3138809650065,69.30231295255336,HIT,True,600.9243390582267
2026_07_21_gym,flight_14,20,0,850,ok,False,13,13,1145.453790527352,461.6239290144637,1175.1617332896342,451.72457156442846,31.3138809650065,69.30231295255336,HIT,True,600.9243390582267
2026_07_21_gym,flight_14,20,0,900,ok,False,13,13,1145.453790527352,461.6239290144637,1175.1617332896342,451.72457156442846,31.3138809650065,69.30231295255336,HIT,True,600.9243390582267
2026_07_21_gym,flight_14,20,0,950,ok,False,13,13,1145.453790527352,461.6239290144637,1175.1617332896342,451.72457156442846,31.3138809650065,69.30231295255336,HIT,True,600.9243390582267
2026_07_21_gym,flight_14,20,0,1000,ok,False,13,13,1145.453790527352,461.6239290144637,1175.1617332896342,451.72457156442846,31.3138809650065,69.30231295255336,HIT,True,600.9243390582267
2026_07_21_gym,flight_14,20,0,1050,ok,False,13,13,1145.453790527352,461.6239290144637,1175.1617332896342,451.72457156442846,31.3138809650065,69.30231295255336,HIT,True,600.9243390582267
2026_07_21_gym,flight_14,20,0,1100,ok,False,13,13,1145.453790527352,461.6239290144637,1175.1617332896342,451.72457156442846,31.3138809650065,69.30231295255336,HIT,True,600.9243390582267
2026_07_21_gym,flight_14,20,0,1150,ok,False,13,13,1145.453790527352,461.6239290144637,1175.1617332896342,451.72457156442846,31.3138809650065,69.30231295255336,HIT,True,600.9243390582267
2026_07_21_gym,flight_14,20,0,1200,ok,False,13,13,1145.453790527352,461.6239290144637,1175.1617332896342,451.72457156442846,31.3138809650065,69.30231295255336,HIT,True,600.9243390582267
2026_07_21_gym,flight_14,20,0,1250,ok,False,13,13,1145.453790527352,461.6239290144637,1175.1617332896342,451.72457156442846,31.3138809650065,69.30231295255336,HIT,True,600.9243390582267
2026_07_21_gym,flight_15,20,0,150,not_fit_eligible,True,4,4,,,,,,,,,
2026_07_21_gym,flight_15,20,0,200,not_fit_eligible,True,5,5,,,,,,,,,
2026_07_21_gym,flight_15,20,0,250,not_fit_eligible,True,6,6,,,,,,,,,
2026_07_21_gym,flight_15,20,0,300,not_fit_eligible,True,7,7,,,,,,,,,
2026_07_21_gym,flight_15,20,0,350,fit_failed,True,8,8,,,,,,,,,
2026_07_21_gym,flight_15,20,0,400,ok,True,9,9,707.0582826221656,1468.2391245727365,733.3937240211717,1442.5177347933918,36.8122991113223,87.3646399833809,HIT,True,662.3880937416952
2026_07_21_gym,flight_15,20,0,450,ok,True,10,10,673.630753380062,1470.6711526754846,733.3937240211717,1442.5177347933918,66.06230088555715,137.55063004495207,HIT,True,662.3287293153883
2026_07_21_gym,flight_15,20,0,490,ok,True,10,10,673.630753380062,1470.6711526754846,733.3937240211717,1442.5177347933918,66.06230088555715,137.55063004495207,HIT,True,662.3287293153883
2026_07_21_gym,flight_15,20,0,500,ok,True,11,11,673.6307538170256,1470.6711506624888,733.3937240211717,1442.5177347933918,66.06229963239227,137.55062819219768,HIT,True,662.3287298358089
2026_07_21_gym,flight_15,20,0,550,ok,True,12,12,673.6307554816807,1470.6711429937973,733.3937240211717,1442.5177347933918,66.06229485834449,137.55062113915687,HIT,True,662.3287318183986
2026_07_21_gym,flight_15,20,0,600,ok,True,13,13,692.811513182743,1457.909372051567,733.3937240211717,1442.5177347933918,43.40297609636836,96.73713000769934,HIT,True,662.5650830987444
2026_07_21_gym,flight_15,20,0,650,ok,True,14,14,664.1541425708791,1472.0431807057546,733.3937240211717,1442.5177347933918,75.27198413576966,148.05036429941225,HIT,True,660.0850707028684
2026_07_21_gym,flight_15,20,0,700,ok,False,15,15,690.7261875583393,1464.9524333464194,733.3937240211717,1442.5177347933918,48.20616523819693,108.02695421843117,HIT,True,660.4484298829933
2026_07_21_gym,flight_15,20,0,750,ok,False,16,16,690.7262502435989,1464.9521554255723,733.3937240211717,1442.5177347933918,48.20598041386015,108.02662617202527,HIT,True,660.4485015995406
2026_07_21_gym,flight_15,20,0,800,ok,False,17,17,643.7361101463808,1471.8394364359638,733.3937240211717,1442.5177347933918,94.33053542166023,206.95107108292902,HIT,True,656.7396809642859
2026_07_21_gym,flight_15,20,0,850,ok,False,18,18,695.2648651492801,1454.8829106333906,733.3937240211717,1442.5177347933918,40.08375546810345,89.74337353524791,HIT,True,660.8166410481412
2026_07_21_gym,flight_15,20,0,900,ok,False,18,18,695.2648651492801,1454.8829106333906,733.3937240211717,1442.5177347933918,40.08375546810345,89.74337353524791,HIT,True,660.8166410481412
2026_07_21_gym,flight_15,20,0,950,ok,False,18,18,695.2648651492801,1454.8829106333906,733.3937240211717,1442.5177347933918,40.08375546810345,89.74337353524791,HIT,True,660.8166410481412
2026_07_21_gym,flight_15,20,0,1000,ok,False,18,18,695.2648651492801,1454.8829106333906,733.3937240211717,1442.5177347933918,40.08375546810345,89.74337353524791,HIT,True,660.8166410481412
2026_07_21_gym,flight_15,20,0,1050,ok,False,18,18,695.2648651492801,1454.8829106333906,733.3937240211717,1442.5177347933918,40.08375546810345,89.74337353524791,HIT,True,660.8166410481412
2026_07_21_gym,flight_15,20,0,1100,ok,False,18,18,695.2648651492801,1454.8829106333906,733.3937240211717,1442.5177347933918,40.08375546810345,89.74337353524791,HIT,True,660.8166410481412
2026_07_21_gym,flight_15,20,0,1150,ok,False,18,18,695.2648651492801,1454.8829106333906,733.3937240211717,1442.5177347933918,40.08375546810345,89.74337353524791,HIT,True,660.8166410481412
2026_07_21_gym,flight_15,20,0,1200,ok,False,18,18,695.2648651492801,1454.8829106333906,733.3937240211717,1442.5177347933918,40.08375546810345,89.74337353524791,HIT,True,660.8166410481412
2026_07_21_gym,flight_15,20,0,1250,ok,False,18,18,695.2648651492801,1454.8829106333906,733.3937240211717,1442.5177347933918,40.08375546810345,89.74337353524791,HIT,True,660.8166410481412
2026_07_21_gym,flight_16,20,0,150,not_fit_eligible,True,4,4,,,,,,,,,
2026_07_21_gym,flight_16,20,0,200,not_fit_eligible,True,5,5,,,,,,,,,
2026_07_21_gym,flight_16,20,0,250,not_fit_eligible,True,6,6,,,,,,,,,
2026_07_21_gym,flight_16,20,0,300,not_fit_eligible,True,7,7,,,,,,,,,
2026_07_21_gym,flight_16,20,0,350,fit_failed,True,8,8,,,,,,,,,
2026_07_21_gym,flight_16,20,0,400,fit_failed,True,8,8,,,,,,,,,
2026_07_21_gym,flight_16,20,0,450,fit_failed,True,9,9,,,,,,,,,
2026_07_21_gym,flight_16,20,0,490,fit_failed,True,9,9,,,,,,,,,
2026_07_21_gym,flight_16,20,0,500,fit_failed,True,10,10,,,,,,,,,
2026_07_21_gym,flight_16,20,0,550,ok,False,11,11,722.5886946179259,474.87552719162,733.0109474354193,488.5735986451432,17.21221994216835,110.65742837169954,HIT,True,545.7562910536934
2026_07_21_gym,flight_16,20,0,600,ok,False,11,11,722.5886946179259,474.87552719162,733.0109474354193,488.5735986451432,17.21221994216835,110.65742837169954,HIT,True,545.7562910536934
2026_07_21_gym,flight_16,20,0,650,ok,False,11,11,722.5886946179259,474.87552719162,733.0109474354193,488.5735986451432,17.21221994216835,110.65742837169954,HIT,True,545.7562910536934
2026_07_21_gym,flight_16,20,0,700,ok,False,11,11,722.5886946179259,474.87552719162,733.0109474354193,488.5735986451432,17.21221994216835,110.65742837169954,HIT,True,545.7562910536934
2026_07_21_gym,flight_16,20,0,750,ok,False,11,11,722.5886946179259,474.87552719162,733.0109474354193,488.5735986451432,17.21221994216835,110.65742837169954,HIT,True,545.7562910536934
2026_07_21_gym,flight_16,20,0,800,ok,False,11,11,722.5886946179259,474.87552719162,733.0109474354193,488.5735986451432,17.21221994216835,110.65742837169954,HIT,True,545.7562910536934
2026_07_21_gym,flight_16,20,0,850,ok,False,11,11,722.5886946179259,474.87552719162,733.0109474354193,488.5735986451432,17.21221994216835,110.65742837169954,HIT,True,545.7562910536934
2026_07_21_gym,flight_16,20,0,900,ok,False,11,11,722.5886946179259,474.87552719162,733.0109474354193,488.5735986451432,17.21221994216835,110.65742837169954,HIT,True,545.7562910536934
2026_07_21_gym,flight_16,20,0,950,ok,False,11,11,722.5886946179259,474.87552719162,733.0109474354193,488.5735986451432,17.21221994216835,110.65742837169954,HIT,True,545.7562910536934
2026_07_21_gym,flight_16,20,0,1000,ok,False,11,11,722.5886946179259,474.87552719162,733.0109474354193,488.5735986451432,17.21221994216835,110.65742837169954,HIT,True,545.7562910536934
2026_07_21_gym,flight_16,20,0,1050,ok,False,11,11,722.5886946179259,474.87552719162,733.0109474354193,488.5735986451432,17.21221994216835,110.65742837169954,HIT,True,545.7562910536934
2026_07_21_gym,flight_16,20,0,1100,ok,False,11,11,722.5886946179259,474.87552719162,733.0109474354193,488.5735986451432,17.21221994216835,110.65742837169954,HIT,True,545.7562910536934
2026_07_21_gym,flight_16,20,0,1150,ok,False,11,11,722.5886946179259,474.87552719162,733.0109474354193,488.5735986451432,17.21221994216835,110.65742837169954,HIT,True,545.7562910536934
2026_07_21_gym,flight_16,20,0,1200,ok,False,11,11,722.5886946179259,474.87552719162,733.0109474354193,488.5735986451432,17.21221994216835,110.65742837169954,HIT,True,545.7562910536934
2026_07_21_gym,flight_16,20,0,1250,ok,False,11,11,722.5886946179259,474.87552719162,733.0109474354193,488.5735986451432,17.21221994216835,110.65742837169954,HIT,True,545.7562910536934
2026_07_21_gym,flight_18,20,0,150,not_fit_eligible,True,4,4,,,,,,,,,
2026_07_21_gym,flight_18,20,0,200,not_fit_eligible,True,5,5,,,,,,,,,
2026_07_21_gym,flight_18,20,0,250,not_fit_eligible,True,6,6,,,,,,,,,
2026_07_21_gym,flight_18,20,0,300,not_fit_eligible,True,7,7,,,,,,,,,
2026_07_21_gym,flight_18,20,0,350,fit_failed,True,8,8,,,,,,,,,
2026_07_21_gym,flight_18,20,0,400,fit_failed,True,9,9,,,,,,,,,
2026_07_21_gym,flight_18,20,0,450,ok,True,10,10,-459.4005585098992,150.83237839308484,-361.39329616542835,337.4237103158979,210.76467593263186,301.9710665167165,MISS_HIGH_WIDE,True,1053.1838139232132
2026_07_21_gym,flight_18,20,0,490,ok,True,10,10,-459.4005585098992,150.83237839308484,-361.39329616542835,337.4237103158979,210.76467593263186,301.9710665167165,MISS_HIGH_WIDE,True,1053.1838139232132
2026_07_21_gym,flight_18,20,0,500,ok,True,11,11,-420.9837225824626,168.09282972966844,-361.39329616542835,337.4237103158979,179.51035078978558,260.4194967420961,MISS_HIGH_WIDE,True,1048.9417437375803
2026_07_21_gym,flight_18,20,0,550,ok,True,12,12,-501.16114934937656,207.92790892229993,-361.39329616542835,337.4237103158979,190.53665096831074,288.38095761494304,MISS_HIGH_WIDE,True,1048.686847408102
2026_07_21_gym,flight_18,20,0,600,ok,True,13,13,-418.42094418282574,181.3224103063429,-361.39329616542835,337.4237103158979,166.19196281129018,239.66769885816456,MISS_HIGH_WIDE,True,1045.73452668753
2026_07_21_gym,flight_18,20,0,650,ok,True,14,14,-471.67286669642925,233.3643897956872,-361.39329616542835,337.4237103158979,151.62429179926923,233.23143093931282,MISS_HIGH_WIDE,True,1042.8861004157222
2026_07_21_gym,flight_18,20,0,700,ok,True,15,15,-469.9567531072298,267.1344697586846,-361.39329616542835,337.4237103158979,129.33136325448743,209.1583133560473,MISS_HIGH_WIDE,True,1039.0809209874594
2026_07_21_gym,flight_18,20,0,750,ok,True,16,16,-469.95676239930174,267.13430910277486,-361.39329616542835,337.4237103158979,129.33145836807356,209.15838211275238,MISS_HIGH_WIDE,True,1039.0809461227514
2026_07_21_gym,flight_18,20,0,800,ok,True,17,17,-469.95678845522235,267.1338586071046,-361.39329616542835,337.4237103158979,129.33172507702938,209.1585749149353,MISS_HIGH_WIDE,True,1039.0810166046872
2026_07_21_gym,flight_18,20,0,850,ok,True,18,18,-469.95666603063256,267.13597527507767,-361.39329616542835,337.4237103158979,129.33047194554607,209.1576690382402,MISS_HIGH_WIDE,True,1039.0806854430618
2026_07_21_gym,flight_18,20,0,900,ok,True,19,19,-415.07340424585306,310.1520336904898,-361.39329616542835,337.4237103158979,60.21045050061415,109.66969577895756,MISS_HIGH_WIDE,True,1030.1782081688648
2026_07_21_gym,flight_18,20,0,950,ok,True,20,20,-395.43220699553217,307.64204844064994,-361.39329616542835,337.4237103158979,45.2282526143931,87.9712350448661,MISS_HIGH_WIDE,True,1029.227905019573
2026_07_21_gym,flight_18,20,0,1000,ok,True,21,21,-344.46916924308374,320.46862938984265,-361.39329616542835,337.4237103158979,23.956227609803513,38.36675393334287,MISS_HIGH_WIDE,True,1027.8398853014776
2026_07_21_gym,flight_18,20,0,1050,ok,True,21,21,-344.46916924308374,320.46862938984265,-361.39329616542835,337.4237103158979,23.956227609803513,38.36675393334287,MISS_HIGH_WIDE,True,1027.8398853014776
2026_07_21_gym,flight_18,20,0,1100,ok,False,21,21,-344.46916924308374,320.46862938984265,-361.39329616542835,337.4237103158979,23.956227609803513,38.36675393334287,MISS_HIGH_WIDE,True,1027.8398853014776
2026_07_21_gym,flight_18,20,0,1150,ok,False,21,21,-344.46916924308374,320.46862938984265,-361.39329616542835,337.4237103158979,23.956227609803513,38.36675393334287,MISS_HIGH_WIDE,True,1027.8398853014776
2026_07_21_gym,flight_18,20,0,1200,ok,False,21,21,-344.46916924308374,320.46862938984265,-361.39329616542835,337.4237103158979,23.956227609803513,38.36675393334287,MISS_HIGH_WIDE,True,1027.8398853014776
2026_07_21_gym,flight_18,20,0,1250,ok,False,21,21,-344.46916924308374,320.46862938984265,-361.39329616542835,337.4237103158979,23.956227609803513,38.36675393334287,MISS_HIGH_WIDE,True,1027.8398853014776
2026_07_21_gym,flight_19,20,0,150,not_fit_eligible,True,4,4,,,,,,,,,
2026_07_21_gym,flight_19,20,0,200,not_fit_eligible,True,5,5,,,,,,,,,
2026_07_21_gym,flight_19,20,0,250,not_fit_eligible,True,6,6,,,,,,,,,
2026_07_21_gym,flight_19,20,0,300,not_fit_eligible,True,7,7,,,,,,,,,
2026_07_21_gym,flight_19,20,0,350,fit_failed,True,8,8,,,,,,,,,
2026_07_21_gym,flight_19,20,0,400,fit_failed,True,9,9,,,,,,,,,
2026_07_21_gym,flight_19,20,0,450,fit_failed,True,10,10,,,,,,,,,
2026_07_21_gym,flight_19,20,0,490,fit_failed,True,10,10,,,,,,,,,
2026_07_21_gym,flight_19,20,0,500,ok,True,11,11,505.3139731916132,849.9912310818402,389.2904956612864,814.9236620566472,121.2071851647703,332.3971945861683,HIT,True,841.6229882251229
2026_07_21_gym,flight_19,20,0,550,ok,True,12,12,505.11336588611545,853.5260697972141,389.2904956612864,814.9236620566472,122.08637577750666,326.0252035695433,HIT,True,843.2051958183174
2026_07_21_gym,flight_19,20,0,600,ok,True,13,13,438.3723285474378,818.78566731918,389.2904956612864,814.9236620566472,49.23353942295764,134.0831717226088,HIT,True,852.943217336736
2026_07_21_gym,flight_19,20,0,650,ok,True,14,14,432.24134853802883,819.6549985414646,389.2904956612864,814.9236620566472,43.21066196868705,131.08924662150181,HIT,True,853.2024271313793
2026_07_21_gym,flight_19,20,0,700,ok,True,15,15,449.19287925233124,820.4209124237219,389.2904956612864,814.9236620566472,60.15409646472118,160.8535266910469,HIT,True,852.131771102955
2026_07_21_gym,flight_19,20,0,750,ok,True,16,16,480.1631443959371,805.7141020157204,389.2904956612864,814.9236620566472,91.338131600108,196.61963968407093,HIT,True,855.9513419364757
2026_07_21_gym,flight_19,20,0,800,ok,True,16,16,480.1631443959371,805.7141020157204,389.2904956612864,814.9236620566472,91.338131600108,196.61963968407093,HIT,True,855.9513419364757
2026_07_21_gym,flight_19,20,0,850,ok,True,17,17,445.890653756159,814.561076190642,389.2904956612864,814.9236620566472,56.60131946231288,138.3956103587672,HIT,True,855.2449795929878
2026_07_21_gym,flight_19,20,0,900,ok,False,18,18,417.8898271611464,813.578247539004,389.2904956612864,814.9236620566472,28.6309605578152,79.73770037614577,HIT,True,857.1805540786104
2026_07_21_gym,flight_19,20,0,950,ok,False,19,19,416.60277846665844,813.6940251289182,389.2904956612864,814.9236620566472,27.339948774909143,90.10100334440773,HIT,True,857.1821796841601
2026_07_21_gym,flight_19,20,0,1000,ok,False,19,19,416.60277846665844,813.6940251289182,389.2904956612864,814.9236620566472,27.339948774909143,90.10100334440773,HIT,True,857.1821796841601
2026_07_21_gym,flight_19,20,0,1050,ok,False,19,19,416.60277846665844,813.6940251289182,389.2904956612864,814.9236620566472,27.339948774909143,90.10100334440773,HIT,True,857.1821796841601
2026_07_21_gym,flight_19,20,0,1100,ok,False,19,19,416.60277846665844,813.6940251289182,389.2904956612864,814.9236620566472,27.339948774909143,90.10100334440773,HIT,True,857.1821796841601
2026_07_21_gym,flight_19,20,0,1150,ok,False,19,19,416.60277846665844,813.6940251289182,389.2904956612864,814.9236620566472,27.339948774909143,90.10100334440773,HIT,True,857.1821796841601
2026_07_21_gym,flight_19,20,0,1200,ok,False,19,19,416.60277846665844,813.6940251289182,389.2904956612864,814.9236620566472,27.339948774909143,90.10100334440773,HIT,True,857.1821796841601
2026_07_21_gym,flight_19,20,0,1250,ok,False,19,19,416.60277846665844,813.6940251289182,389.2904956612864,814.9236620566472,27.339948774909143,90.10100334440773,HIT,True,857.1821796841601
2026_07_21_gym,flight_2,20,0,150,not_fit_eligible,True,4,4,,,,,,,,,
2026_07_21_gym,flight_2,20,0,200,not_fit_eligible,True,5,5,,,,,,,,,
2026_07_21_gym,flight_2,20,0,250,not_fit_eligible,True,6,6,,,,,,,,,
2026_07_21_gym,flight_2,20,0,300,not_fit_eligible,True,7,7,,,,,,,,,
2026_07_21_gym,flight_2,20,0,350,fit_failed,True,8,8,,,,,,,,,
2026_07_21_gym,flight_2,20,0,400,ok,True,9,9,846.1501624866249,311.18543099258585,799.9221228918444,304.5992213638513,46.69485841128797,137.87871992942036,HIT,True,478.2523302333955
2026_07_21_gym,flight_2,20,0,450,ok,True,10,10,808.8980980085371,319.55468496369093,799.9221228918444,304.5992213638513,17.442305489287065,52.82375903494005,HIT,True,475.6450646831649
2026_07_21_gym,flight_2,20,0,490,ok,True,10,10,808.8980980085371,319.55468496369093,799.9221228918444,304.5992213638513,17.442305489287065,52.82375903494005,HIT,True,475.6450646831649
2026_07_21_gym,flight_2,20,0,500,ok,False,10,10,808.8980980085371,319.55468496369093,799.9221228918444,304.5992213638513,17.442305489287065,52.82375903494005,HIT,True,475.6450646831649
2026_07_21_gym,flight_2,20,0,550,ok,False,10,10,808.8980980085371,319.55468496369093,799.9221228918444,304.5992213638513,17.442305489287065,52.82375903494005,HIT,True,475.6450646831649
2026_07_21_gym,flight_2,20,0,600,ok,False,10,10,808.8980980085371,319.55468496369093,799.9221228918444,304.5992213638513,17.442305489287065,52.82375903494005,HIT,True,475.6450646831649
2026_07_21_gym,flight_2,20,0,650,ok,False,10,10,808.8980980085371,319.55468496369093,799.9221228918444,304.5992213638513,17.442305489287065,52.82375903494005,HIT,True,475.6450646831649
2026_07_21_gym,flight_2,20,0,700,ok,False,10,10,808.8980980085371,319.55468496369093,799.9221228918444,304.5992213638513,17.442305489287065,52.82375903494005,HIT,True,475.6450646831649
2026_07_21_gym,flight_2,20,0,750,ok,False,10,10,808.8980980085371,319.55468496369093,799.9221228918444,304.5992213638513,17.442305489287065,52.82375903494005,HIT,True,475.6450646831649
2026_07_21_gym,flight_2,20,0,800,ok,False,10,10,808.8980980085371,319.55468496369093,799.9221228918444,304.5992213638513,17.442305489287065,52.82375903494005,HIT,True,475.6450646831649
2026_07_21_gym,flight_2,20,0,850,ok,False,10,10,808.8980980085371,319.55468496369093,799.9221228918444,304.5992213638513,17.442305489287065,52.82375903494005,HIT,True,475.6450646831649
2026_07_21_gym,flight_2,20,0,900,ok,False,10,10,808.8980980085371,319.55468496369093,799.9221228918444,304.5992213638513,17.442305489287065,52.82375903494005,HIT,True,475.6450646831649
2026_07_21_gym,flight_2,20,0,950,ok,False,10,10,808.8980980085371,319.55468496369093,799.9221228918444,304.5992213638513,17.442305489287065,52.82375903494005,HIT,True,475.6450646831649
2026_07_21_gym,flight_2,20,0,1000,ok,False,10,10,808.8980980085371,319.55468496369093,799.9221228918444,304.5992213638513,17.442305489287065,52.82375903494005,HIT,True,475.6450646831649
2026_07_21_gym,flight_2,20,0,1050,ok,False,10,10,808.8980980085371,319.55468496369093,799.9221228918444,304.5992213638513,17.442305489287065,52.82375903494005,HIT,True,475.6450646831649
2026_07_21_gym,flight_2,20,0,1100,ok,False,10,10,808.8980980085371,319.55468496369093,799.9221228918444,304.5992213638513,17.442305489287065,52.82375903494005,HIT,True,475.6450646831649
2026_07_21_gym,flight_2,20,0,1150,ok,False,10,10,808.8980980085371,319.55468496369093,799.9221228918444,304.5992213638513,17.442305489287065,52.82375903494005,HIT,True,475.6450646831649
2026_07_21_gym,flight_2,20,0,1200,ok,False,10,10,808.8980980085371,319.55468496369093,799.9221228918444,304.5992213638513,17.442305489287065,52.82375903494005,HIT,True,475.6450646831649
2026_07_21_gym,flight_2,20,0,1250,ok,False,10,10,808.8980980085371,319.55468496369093,799.9221228918444,304.5992213638513,17.442305489287065,52.82375903494005,HIT,True,475.6450646831649
2026_07_21_gym,flight_20,20,0,150,not_fit_eligible,True,4,4,,,,,,,,,
2026_07_21_gym,flight_20,20,0,200,not_fit_eligible,True,5,5,,,,,,,,,
2026_07_21_gym,flight_20,20,0,250,not_fit_eligible,True,6,6,,,,,,,,,
2026_07_21_gym,flight_20,20,0,300,not_fit_eligible,True,7,7,,,,,,,,,
2026_07_21_gym,flight_20,20,0,350,fit_failed,True,8,8,,,,,,,,,
2026_07_21_gym,flight_20,20,0,400,ok,True,9,9,623.5858623690605,1028.501363158267,659.4521107727188,1034.7234981360566,36.40196063723434,69.97494763996039,HIT,True,644.2462486266477
2026_07_21_gym,flight_20,20,0,450,ok,True,10,10,620.5665919008827,1027.9098195207716,659.4521107727188,1034.7234981360566,39.477965932964594,75.285497222756,HIT,True,644.5086620691097
2026_07_21_gym,flight_20,20,0,490,ok,True,10,10,620.5665919008827,1027.9098195207716,659.4521107727188,1034.7234981360566,39.477965932964594,75.285497222756,HIT,True,644.5086620691097
2026_07_21_gym,flight_20,20,0,500,ok,True,11,11,611.4305552667506,1029.6663369789337,659.4521107727188,1034.7234981360566,48.28710668679473,92.43069919910155,HIT,True,643.850443845386
2026_07_21_gym,flight_20,20,0,550,ok,True,12,12,628.1710290759853,1040.8364860320603,659.4521107727188,1034.7234981360566,31.87278922740217,62.008656215840425,HIT,True,643.8345029217876
2026_07_21_gym,flight_20,20,0,600,ok,True,13,13,653.192385537171,1039.9056419741285,659.4521107727188,1034.7234981360566,8.126424477162114,16.41222453922382,HIT,True,644.570459472399
2026_07_21_gym,flight_20,20,0,650,ok,True,14,14,642.7886713186598,1039.308207345188,659.4521107727188,1034.7234981360566,17.2826436916169,34.29154085183627,HIT,True,643.9732870663885
2026_07_21_gym,flight_20,20,0,700,ok,False,15,15,619.1062403594944,1039.193999851131,659.4521107727188,1034.7234981360566,40.592790554298865,82.32225751057486,HIT,True,642.9752959338147
2026_07_21_gym,flight_20,20,0,750,ok,False,16,16,634.9831478857207,1038.8805456015755,659.4521107727188,1034.7234981360566,24.819572687616322,51.29532250172193,HIT,True,643.5446514760722
2026_07_21_gym,flight_20,20,0,800,ok,False,17,17,648.6032740268627,1025.496301098192,659.4521107727188,1034.7234981360566,14.242135511004578,25.775611951751642,HIT,True,644.2945297747051
2026_07_21_gym,flight_20,20,0,850,ok,False,17,17,648.6032740268627,1025.496301098192,659.4521107727188,1034.7234981360566,14.242135511004578,25.775611951751642,HIT,True,644.2945297747051
2026_07_21_gym,flight_20,20,0,900,ok,False,17,17,648.6032740268627,1025.496301098192,659.4521107727188,1034.7234981360566,14.242135511004578,25.775611951751642,HIT,True,644.2945297747051
2026_07_21_gym,flight_20,20,0,950,ok,False,17,17,648.6032740268627,1025.496301098192,659.4521107727188,1034.7234981360566,14.242135511004578,25.775611951751642,HIT,True,644.2945297747051
2026_07_21_gym,flight_20,20,0,1000,ok,False,17,17,648.6032740268627,1025.496301098192,659.4521107727188,1034.7234981360566,14.242135511004578,25.775611951751642,HIT,True,644.2945297747051
2026_07_21_gym,flight_20,20,0,1050,ok,False,17,17,648.6032740268627,1025.496301098192,659.4521107727188,1034.7234981360566,14.242135511004578,25.775611951751642,HIT,True,644.2945297747051
2026_07_21_gym,flight_20,20,0,1100,ok,False,17,17,648.6032740268627,1025.496301098192,659.4521107727188,1034.7234981360566,14.242135511004578,25.775611951751642,HIT,True,644.2945297747051
2026_07_21_gym,flight_20,20,0,1150,ok,False,17,17,648.6032740268627,1025.496301098192,659.4521107727188,1034.7234981360566,14.242135511004578,25.775611951751642,HIT,True,644.2945297747051
2026_07_21_gym,flight_20,20,0,1200,ok,False,17,17,648.6032740268627,1025.496301098192,659.4521107727188,1034.7234981360566,14.242135511004578,25.775611951751642,HIT,True,644.2945297747051
2026_07_21_gym,flight_20,20,0,1250,ok,False,17,17,648.6032740268627,1025.496301098192,659.4521107727188,1034.7234981360566,14.242135511004578,25.775611951751642,HIT,True,644.2945297747051
2026_07_21_gym,flight_21,20,0,150,not_fit_eligible,True,3,3,,,,,,,,,
2026_07_21_gym,flight_21,20,0,200,not_fit_eligible,True,4,4,,,,,,,,,
2026_07_21_gym,flight_21,20,0,250,not_fit_eligible,True,5,5,,,,,,,,,
2026_07_21_gym,flight_21,20,0,300,not_fit_eligible,True,6,6,,,,,,,,,
2026_07_21_gym,flight_21,20,0,350,not_fit_eligible,True,7,7,,,,,,,,,
2026_07_21_gym,flight_21,20,0,400,fit_failed,True,8,8,,,,,,,,,
2026_07_21_gym,flight_21,20,0,450,fit_failed,True,9,9,,,,,,,,,
2026_07_21_gym,flight_21,20,0,490,fit_failed,True,9,9,,,,,,,,,
2026_07_21_gym,flight_21,20,0,500,ok,True,10,10,201.06613035599267,1759.3088961164913,433.65524860629125,1829.7054703142333,243.009003099123,283.87768945618774,HIT,True,1130.0398403220502
2026_07_21_gym,flight_21,20,0,550,ok,True,11,11,293.07920060520274,1754.2465937503891,433.65524860629125,1829.7054703142333,159.54832284885293,202.01559642186623,HIT,True,1122.599656384896
2026_07_21_gym,flight_21,20,0,600,ok,True,12,12,311.4495368885643,1775.515561207499,433.65524860629125,1829.7054703142333,133.6816450580718,160.99119815910507,HIT,True,1118.3249621228963
2026_07_21_gym,flight_21,20,0,650,ok,True,13,13,317.0189377667069,1775.9032344670647,433.65524860629125,1829.7054703142333,128.4473027681877,150.43599425626252,HIT,True,1117.7106526600062
2026_07_21_gym,flight_21,20,0,700,ok,True,14,14,336.2209826989476,1789.4597170500228,433.65524860629125,1829.7054703142333,105.41895858291646,116.07580102377105,HIT,True,1114.1555582227313
2026_07_21_gym,flight_21,20,0,750,ok,True,15,15,329.4304374514529,1788.8552275840054,433.65524860629125,1829.7054703142333,111.94442188595305,128.69131354529128,HIT,True,1114.9304156589087
2026_07_21_gym,flight_21,20,0,800,ok,True,16,16,362.1005370825677,1825.5339171012254,433.65524860629125,1829.7054703142333,71.6762066340864,70.4925014057819,HIT,True,1109.1773233181646
2026_07_21_gym,flight_21,20,0,850,ok,True,17,17,341.92064722547707,1803.5392934324213,433.65524860629125,1829.7054703142333,95.39342693868977,101.74794696656826,HIT,True,1111.0062193954955
2026_07_21_gym,flight_21,20,0,900,ok,True,18,18,379.87321428525985,1825.3583941571735,433.65524860629125,1829.7054703142333,53.95743032079898,51.16992886169037,HIT,True,1107.2067289436304
2026_07_21_gym,flight_21,20,0,950,ok,True,19,19,378.83284135373947,1836.2220878739777,433.65524860629125,1829.7054703142333,55.20835662637145,50.01757628608215,HIT,True,1105.4101157517732
2026_07_21_gym,flight_21,20,0,1000,ok,True,20,20,380.91519055797914,1835.5763572125975,433.65524860629125,1829.7054703142333,53.065817961402566,33.248858277214495,HIT,True,1105.3561123834083
2026_07_21_gym,flight_21,20,0,1050,ok,True,21,21,353.11547069431174,1851.2073031687592,433.65524860629125,1829.7054703142333,83.36057006891778,61.22840772225836,HIT,True,1104.5073304901357
2026_07_21_gym,flight_21,20,0,1100,ok,True,22,22,364.1504072702155,1851.142139366098,433.65524860629125,1829.7054703142333,72.73550542336419,68.38511069161758,HIT,True,1103.6680903432614
2026_07_21_gym,flight_21,20,0,1150,ok,False,23,23,360.38511706984303,1855.2741555029863,433.65524860629125,1829.7054703142333,77.60328496687485,57.50833688679332,HIT,True,1103.2644532567706
2026_07_21_gym,flight_21,20,0,1200,ok,False,24,24,371.04405054874604,1858.859809935746,433.65524860629125,1829.7054703142333,69.06618304907009,56.36948802037581,HIT,True,1102.2065478208938
2026_07_21_gym,flight_21,20,0,1250,ok,False,25,25,447.8243154233582,1842.504388994767,433.65524860629125,1829.7054703142333,19.093841254640772,82.0416780776596,HIT,True,1105.2390843327842
2026_07_21_gym,flight_23,20,0,150,not_fit_eligible,True,4,4,,,,,,,,,
2026_07_21_gym,flight_23,20,0,200,not_fit_eligible,True,5,5,,,,,,,,,
2026_07_21_gym,flight_23,20,0,250,not_fit_eligible,True,6,6,,,,,,,,,
2026_07_21_gym,flight_23,20,0,300,not_fit_eligible,True,7,7,,,,,,,,,
2026_07_21_gym,flight_23,20,0,350,fit_failed,True,8,8,,,,,,,,,
2026_07_21_gym,flight_23,20,0,400,fit_failed,True,9,9,,,,,,,,,
2026_07_21_gym,flight_23,20,0,450,ok,True,10,10,84.99461105519383,1444.6435311260657,301.1510390448869,1635.125267240205,288.10916881335095,455.8218306705254,HIT,True,1061.9125373403563
2026_07_21_gym,flight_23,20,0,490,ok,True,10,10,84.99461105519383,1444.6435311260657,301.1510390448869,1635.125267240205,288.10916881335095,455.8218306705254,HIT,True,1061.9125373403563
2026_07_21_gym,flight_23,20,0,500,ok,True,11,11,149.92237704087407,1453.7102503098406,301.1510390448869,1635.125267240205,236.18110970051845,388.59006225737556,HIT,True,1056.2143258972742
2026_07_21_gym,flight_23,20,0,550,ok,True,12,12,188.04845971313753,1460.5238648463892,301.1510390448869,1635.125267240205,208.03327418800538,359.1168507213841,HIT,True,1055.4117901638351
2026_07_21_gym,flight_23,20,0,600,ok,True,13,13,266.7314454528593,1564.1072097538586,301.1510390448869,1635.125267240205,78.91940770288602,146.63834941383848,HIT,True,1040.4666104518794
2026_07_21_gym,flight_23,20,0,650,ok,True,14,14,288.23374561296123,1567.7707794476148,301.1510390448869,1635.125267240205,68.58194729962574,118.31091767954906,HIT,True,1037.1293191155826
2026_07_21_gym,flight_23,20,0,700,ok,True,15,15,274.52842852001055,1590.8828098275471,301.1510390448869,1635.125267240205,51.63485672556956,94.64593220046127,HIT,True,1034.7736859962888
2026_07_21_gym,flight_23,20,0,750,ok,True,16,16,258.4935567679466,1597.9434671858003,301.1510390448869,1635.125267240205,56.587516728455256,115.80258714458998,HIT,True,1034.5046814678406
2026_07_21_gym,flight_23,20,0,800,ok,True,17,17,267.76458997092817,1607.8127276469907,301.1510390448869,1635.125267240205,43.13501826589317,80.77204958150203,HIT,True,1032.7767191267844
2026_07_21_gym,flight_23,20,0,850,ok,True,18,18,224.11163350666448,1587.1818474083427,301.1510390448869,1635.125267240205,90.73941542051554,184.30261495797473,HIT,True,1037.7756804103
2026_07_21_gym,flight_23,20,0,900,ok,True,19,19,252.3046130480586,1618.0876662781363,301.1510390448869,1635.125267240205,51.732515686039314,89.67790590901384,HIT,True,1031.5478569255101
2026_07_21_gym,flight_23,20,0,950,ok,True,20,20,252.43747175007076,1624.3663235865606,301.1510390448869,1635.125267240205,49.88753859561397,94.30450783542669,HIT,True,1030.7822919432456
2026_07_21_gym,flight_23,20,0,1000,ok,True,21,21,259.0638832917773,1620.9803313620373,301.1510390448869,1635.125267240205,44.40053930285058,78.80879608075533,HIT,True,1030.568197408655
2026_07_21_gym,flight_23,20,0,1050,ok,True,22,22,265.17603495344633,1621.5832129508904,301.1510390448869,1635.125267240205,38.43940886322146,69.59809479671499,HIT,True,1029.7810079518447
2026_07_21_gym,flight_23,20,0,1100,ok,False,23,23,254.97033082259784,1624.676599866077,301.1510390448869,1635.125267240205,47.34799321837581,101.65650140025029,HIT,True,1029.9948104728405
2026_07_21_gym,flight_23,20,0,1150,ok,False,24,24,265.17597323990043,1621.5842822443528,301.1510390448869,1635.125267240205,38.43908992589442,69.59765981387379,HIT,True,1029.7807834739808
2026_07_21_gym,flight_23,20,0,1200,ok,False,25,25,275.7352453009699,1616.4295573310897,301.1510390448869,1635.125267240205,31.551420580365665,60.09672580019258,HIT,True,1030.1868037677593
2026_07_21_gym,flight_23,20,0,1250,ok,False,26,26,317.8326039064475,1629.1959803874001,301.1510390448869,1635.125267240205,17.703983981389552,12.660226039490945,HIT,True,1029.6862230930824
2026_07_21_gym,flight_24,20,0,150,not_fit_eligible,True,4,4,,,,,,,,,
2026_07_21_gym,flight_24,20,0,200,not_fit_eligible,True,5,5,,,,,,,,,
2026_07_21_gym,flight_24,20,0,250,not_fit_eligible,True,6,6,,,,,,,,,
2026_07_21_gym,flight_24,20,0,300,not_fit_eligible,True,7,7,,,,,,,,,
2026_07_21_gym,flight_24,20,0,350,ok,True,8,8,406.9098322151892,753.3731923645739,432.9927411757478,996.312451689549,244.33542899303873,329.0471593239429,HIT,True,1168.181886972281
2026_07_21_gym,flight_24,20,0,400,ok,True,9,9,413.846878500613,806.4868719806149,432.9927411757478,996.312451689549,190.7886652015995,259.57518311536717,HIT,True,1160.4092779999526
2026_07_21_gym,flight_24,20,0,450,ok,True,10,10,421.44799401806057,796.0637764263878,432.9927411757478,996.312451689549,200.5811883791347,265.0309655137443,HIT,True,1160.5769314169804
2026_07_21_gym,flight_24,20,0,490,ok,True,10,10,421.44799401806057,796.0637764263878,432.9927411757478,996.312451689549,200.5811883791347,265.0309655137443,HIT,True,1160.5769314169804
2026_07_21_gym,flight_24,20,0,500,ok,True,11,11,405.41256497352936,813.5949167961064,432.9927411757478,996.312451689549,184.78734717745647,247.7453186375041,HIT,True,1157.9871527141988
2026_07_21_gym,flight_24,20,0,550,ok,True,12,12,360.602298481367,838.3771002054455,432.9927411757478,996.312451689549,173.7352912965462,250.66375457867017,HIT,True,1157.919608248704
2026_07_21_gym,flight_24,20,0,600,ok,True,13,13,324.15382744300587,846.8936692083728,432.9927411757478,996.312451689549,184.85638128201117,278.25544736084544,HIT,True,1158.9585206636455
2026_07_21_gym,flight_24,20,0,650,ok,True,14,14,340.3253710459118,844.9123757349232,432.9927411757478,996.312451689549,177.50837863561955,269.7903771830188,HIT,True,1159.090662955784
2026_07_21_gym,flight_24,20,0,700,ok,True,15,15,340.32537114874987,844.9123722173771,432.9927411757478,996.312451689549,177.50838158211158,269.79038039447147,HIT,True,1159.0906635540516
2026_07_21_gym,flight_24,20,0,750,ok,True,15,15,340.32537114874987,844.9123722173771,432.9927411757478,996.312451689549,177.50838158211158,269.79038039447147,HIT,True,1159.0906635540516
2026_07_21_gym,flight_24,20,0,800,ok,True,16,16,364.6491761228101,890.7212309111211,432.9927411757478,996.312451689549,125.77896799395292,198.71874593183028,HIT,True,1152.1754840008925
2026_07_21_gym,flight_24,20,0,850,ok,True,17,17,348.59890896290744,911.7414092447881,432.9927411757478,996.312451689549,119.47627436341746,200.3668488333773,HIT,True,1149.2413995660538
2026_07_21_gym,flight_24,20,0,900,ok,True,18,18,284.2105247999569,992.7842365369726,432.9927411757478,996.312451689549,148.82404446814212,231.59956573944837,HIT,True,1143.8457223626046
2026_07_21_gym,flight_24,20,0,950,ok,True,19,19,332.7633939131648,961.0594586010335,432.9927411757478,996.312451689549,106.24827327718026,191.5935075735013,HIT,True,1144.465105193956
2026_07_21_gym,flight_24,20,0,1000,ok,True,20,20,378.4929085437075,934.9440491877468,432.9927411757478,996.312451689549,82.07504238526843,162.88360906274343,HIT,True,1146.5187555919429
2026_07_21_gym,flight_24,20,0,1050,ok,True,21,21,385.8707670733032,970.3922815300876,432.9927411757478,996.312451689549,53.780439421846395,139.24832227835915,HIT,True,1142.0637455267963
2026_07_21_gym,flight_24,20,0,1100,ok,True,22,22,359.65332756406553,995.2550271648412,432.9927411757478,996.312451689549,73.34703631047994,158.17707499826435,HIT,True,1139.6669979386309
2026_07_21_gym,flight_24,20,0,1150,ok,True,23,23,417.73851267977483,991.1223795971955,432.9927411757478,996.312451689549,16.112986542884627,89.01606500277303,HIT,True,1141.0309394903638
2026_07_21_gym,flight_24,20,0,1200,ok,False,24,24,422.2417087139795,987.7523026015407,432.9927411757478,996.312451689549,13.742665367494237,104.97103276771615,HIT,True,1141.9080596242425
2026_07_21_gym,flight_24,20,0,1250,ok,False,25,25,428.75640331306016,985.5454012193967,432.9927411757478,996.312451689549,11.570476840374727,98.17509162932281,HIT,True,1142.0609486277253
2026_07_21_gym,flight_25,20,0,150,not_fit_eligible,True,4,4,,,,,,,,,
2026_07_21_gym,flight_25,20,0,200,not_fit_eligible,True,5,5,,,,,,,,,
2026_07_21_gym,flight_25,20,0,250,not_fit_eligible,True,6,6,,,,,,,,,
2026_07_21_gym,flight_25,20,0,300,not_fit_eligible,True,7,7,,,,,,,,,
2026_07_21_gym,flight_25,20,0,350,fit_failed,True,8,8,,,,,,,,,
2026_07_21_gym,flight_25,20,0,400,fit_failed,True,9,9,,,,,,,,,
2026_07_21_gym,flight_25,20,0,450,fit_failed,True,10,10,,,,,,,,,
2026_07_21_gym,flight_25,20,0,490,fit_failed,True,10,10,,,,,,,,,
2026_07_21_gym,flight_25,20,0,500,ok,True,11,11,830.6001919259661,2198.550236284508,831.7024681173147,2201.3766310655105,3.0337304198117647,76.30463642543506,MISS_HIGH_WIDE,True,1009.2509907577163
2026_07_21_gym,flight_25,20,0,550,ok,True,12,12,713.9867746319956,2172.1065386653295,831.7024681173147,2201.3766310655105,121.30013520950722,131.7817894033471,MISS_HIGH_WIDE,True,1020.2520671005268
2026_07_21_gym,flight_25,20,0,600,ok,True,13,13,694.6148695277353,2177.2026740593456,831.7024681173147,2201.3766310655105,139.20269352420428,138.74737866802178,MISS_HIGH_WIDE,True,1021.2463163960145
2026_07_21_gym,flight_25,20,0,650,ok,True,14,14,661.7412771641651,2246.480914462773,831.7024681173147,2201.3766310655105,175.84425725906866,165.03066251909058,MISS_HIGH_WIDE,True,1014.0257022547938
2026_07_21_gym,flight_25,20,0,700,ok,True,15,15,661.7412782004084,2246.4809079040588,831.7024681173147,2201.3766310655105,175.84425457517537,165.03065870392956,MISS_HIGH_WIDE,True,1014.0257037846471
2026_07_21_gym,flight_25,20,0,750,ok,True,16,16,748.645913557391,2202.519716080936,831.7024681173147,2201.3766310655105,83.064420173249,76.75166478207898,MISS_HIGH_WIDE,True,1014.7999160330722
2026_07_21_gym,flight_25,20,0,800,ok,True,17,17,831.0875343485992,2206.1384052782932,831.7024681173147,2201.3766310655105,4.801316193860699,101.60107865427433,MISS_HIGH_WIDE,True,1010.6753706088516
2026_07_21_gym,flight_25,20,0,850,ok,True,18,18,843.7990051300201,2198.4472394773934,831.7024681173147,2201.3766310655105,12.446185872639207,113.29402538244234,MISS_HIGH_WIDE,True,1011.4790631778557
2026_07_21_gym,flight_25,20,0,900,ok,True,19,19,827.447188791781,2192.582208796037,831.7024681173147,2201.3766310655105,9.769813979402526,40.704222513099005,MISS_HIGH_WIDE,True,1014.1627818620491
2026_07_21_gym,flight_25,20,0,950,ok,True,20,20,854.1232060159434,2192.169539235129,831.7024681173147,2201.3766310655105,24.237574711428707,123.09440115665603,MISS_HIGH_WIDE,True,1013.1333761861551
2026_07_21_gym,flight_25,20,0,1000,ok,True,21,21,854.1233744615112,2192.1687701777896,831.7024681173147,2201.3766310655105,24.238022679724764,123.0945418849562,MISS_HIGH_WIDE,True,1013.1335528605458
2026_07_21_gym,flight_25,20,0,1050,ok,True,22,22,868.922254168054,2184.5672918653395,831.7024681173147,2201.3766310655105,40.83951956143973,142.14071833826387,MISS_HIGH_WIDE,True,1015.0371333983499
2026_07_21_gym,flight_25,20,0,1100,ok,False,23,23,853.9806055987661,2192.3166739899584,831.7024681173147,2201.3766310655105,24.04991126497769,112.7862823307767,MISS_HIGH_WIDE,True,1013.1108088478348
2026_07_21_gym,flight_25,20,0,1150,ok,False,24,24,767.3639332768536,2243.778950023657,831.7024681173147,2201.3766310655105,77.0545502773563,105.40426067162709,MISS_HIGH_WIDE,True,1008.3866310534548
2026_07_21_gym,flight_25,20,0,1200,ok,False,25,25,798.7142106901052,2216.8429916548967,831.7024681173147,2201.3766310655105,36.43395995448139,47.469925453816884,MISS_HIGH_WIDE,True,1012.4697894043131
2026_07_21_gym,flight_25,20,0,1250,ok,False,26,26,776.4077754128808,2240.7121990624205,831.7024681173147,2201.3766310655105,67.85860263015512,89.426100545674,MISS_HIGH_WIDE,True,1009.7827675584355
2026_07_21_gym,flight_29,20,0,150,not_fit_eligible,True,4,4,,,,,,,,,
2026_07_21_gym,flight_29,20,0,200,not_fit_eligible,True,5,5,,,,,,,,,
2026_07_21_gym,flight_29,20,0,250,not_fit_eligible,True,6,6,,,,,,,,,
2026_07_21_gym,flight_29,20,0,300,not_fit_eligible,True,7,7,,,,,,,,,
2026_07_21_gym,flight_29,20,0,350,fit_failed,True,8,8,,,,,,,,,
2026_07_21_gym,flight_29,20,0,400,fit_failed,True,9,9,,,,,,,,,
2026_07_21_gym,flight_29,20,0,450,ok,True,10,10,-277.28591143290316,949.3466276706897,-272.75026199371473,1212.0085671278782,262.70109736209133,324.9558414178421,MISS_HIGH_WIDE,True,1299.893140448664
2026_07_21_gym,flight_29,20,0,490,ok,True,10,10,-277.28591143290316,949.3466276706897,-272.75026199371473,1212.0085671278782,262.70109736209133,324.9558414178421,MISS_HIGH_WIDE,True,1299.893140448664
2026_07_21_gym,flight_29,20,0,500,ok,True,11,11,-356.39682570844633,1006.9936562422107,-272.75026199371473,1212.0085671278782,221.42235954559973,282.96997311442664,MISS_HIGH_WIDE,True,1296.9489083732244
2026_07_21_gym,flight_29,20,0,550,ok,True,12,12,-251.33671564508796,1002.8619763117161,-272.75026199371473,1212.0085671278782,210.2399496224443,253.1118782429426,MISS_HIGH_WIDE,True,1290.869262327165
2026_07_21_gym,flight_29,20,0,600,ok,True,13,13,-137.1097880776049,1109.8898928101626,-272.75026199371473,1212.0085671278782,169.78386792800592,169.47601421801272,MISS_HIGH_WIDE,True,1272.3817301144159
2026_07_21_gym,flight_29,20,0,650,ok,True,14,14,-310.37832075653523,1036.3721968444652,-272.75026199371473,1212.0085671278782,179.62183990982402,227.93250851038405,MISS_HIGH_WIDE,True,1289.5604514074237
2026_07_21_gym,flight_29,20,0,700,ok,True,15,15,-286.4697000291956,1117.0476020793894,-272.75026199371473,1212.0085671278782,95.94690126809573,125.30700725215422,MISS_HIGH_WIDE,True,1278.5744638132012
2026_07_21_gym,flight_29,20,0,750,ok,True,16,16,-369.00203140167076,1173.1624757333266,-272.75026199371473,1212.0085671278782,103.79509588991283,111.71040803036928,MISS_HIGH_WIDE,True,1275.8844895613356
2026_07_21_gym,flight_29,20,0,800,ok,True,17,17,-355.0722517760855,1170.9384355229547,-272.75026199371473,1212.0085671278782,91.99818319822678,99.98322334856697,MISS_HIGH_WIDE,True,1274.251489202247
2026_07_21_gym,flight_29,20,0,850,ok,True,18,18,-331.07610238363134,1180.384788991776,-272.75026199371473,1212.0085671278782,66.3473209767466,77.22806761289405,MISS_HIGH_WIDE,True,1272.2633157941375
2026_07_21_gym,flight_29,20,0,900,ok,True,19,19,-320.073022692933,1222.38685362564,-272.75026199371473,1212.0085671278782,48.447420063663905,38.37879738382104,MISS_HIGH_WIDE,True,1266.1432605917826
2026_07_21_gym,flight_29,20,0,950,ok,True,20,20,-264.715006917892,1215.4694199091884,-272.75026199371473,1212.0085671278782,8.74887570533707,31.854056846508602,MISS_HIGH_WIDE,True,1263.8493371521045
2026_07_21_gym,flight_29,20,0,1000,ok,True,21,21,-327.2686197425369,1233.5423433018323,-272.75026199371473,1212.0085671278782,58.61701841563171,61.093424188023306,MISS_HIGH_WIDE,True,1263.6386916068057
2026_07_21_gym,flight_29,20,0,1050,ok,True,22,22,-334.61672146609925,1203.9868725840572,-272.75026199371473,1212.0085671278782,62.38434411775573,65.79763734850876,MISS_HIGH_WIDE,True,1268.0072494748017
2026_07_21_gym,flight_29,20,0,1100,ok,True,23,23,-277.43083060078123,1228.8650164651676,-272.75026199371473,1212.0085671278782,17.494216379879976,30.35448056292158,MISS_HIGH_WIDE,True,1262.7660886547137
2026_07_21_gym,flight_29,20,0,1150,ok,True,24,24,-344.20918655764694,1249.48576703801,-272.75026199371473,1212.0085671278782,80.69026219400786,84.57317207122107,MISS_HIGH_WIDE,True,1260.8673613018632
2026_07_21_gym,flight_29,20,0,1200,ok,True,25,25,-337.48509980149225,1224.0091063515142,-272.75026199371473,1212.0085671278782,65.83777158787566,68.59674611348751,MISS_HIGH_WIDE,True,1264.2480685862492
2026_07_21_gym,flight_29,20,0,1250,ok,True,26,26,-337.4996724732119,1240.3522917285147,-272.75026199371473,1212.0085671278782,70.6813474806412,67.53188825208088,MISS_HIGH_WIDE,True,1262.147737917794
2026_07_21_gym,flight_3,20,0,150,not_fit_eligible,True,4,4,,,,,,,,,
2026_07_21_gym,flight_3,20,0,200,not_fit_eligible,True,5,5,,,,,,,,,
2026_07_21_gym,flight_3,20,0,250,not_fit_eligible,True,6,6,,,,,,,,,
2026_07_21_gym,flight_3,20,0,300,not_fit_eligible,True,7,7,,,,,,,,,
2026_07_21_gym,flight_3,20,0,350,ok,True,8,8,216.0860657355892,1196.6061110503301,197.60760318219624,1256.7684731335632,62.9361850589245,156.46775222239842,HIT,True,485.4809567920855
2026_07_21_gym,flight_3,20,0,400,ok,True,9,9,172.1952471577869,1216.7870723088424,197.60760318219624,1256.7684731335632,47.3740461710663,117.4214816436624,HIT,True,483.7681022166221
2026_07_21_gym,flight_3,20,0,450,ok,True,10,10,172.19524728011558,1216.7870696308785,197.60760318219624,1256.7684731335632,47.37404836551873,117.42148676926992,HIT,True,483.76810297074604
2026_07_21_gym,flight_3,20,0,490,ok,True,10,10,172.19524728011558,1216.7870696308785,197.60760318219624,1256.7684731335632,47.37404836551873,117.42148676926992,HIT,True,483.76810297074604
2026_07_21_gym,flight_3,20,0,500,ok,True,11,11,216.08606578315053,1196.6061104150917,197.60760318219624,1256.7684731335632,62.936185680129974,156.4677537513972,HIT,True,485.48095696851925
2026_07_21_gym,flight_3,20,0,550,ok,False,12,12,229.42469028525608,1233.6924793244852,197.60760318219624,1256.7684731335632,39.30430665970719,90.02470700598604,HIT,True,484.122056588451
2026_07_21_gym,flight_3,20,0,600,ok,False,13,13,229.4247195994304,1233.69214316836,197.60760318219624,1256.7684731335632,39.304527751529726,90.02520531371559,HIT,True,484.1221525103305
2026_07_21_gym,flight_3,20,0,650,ok,False,13,13,229.4247195994304,1233.69214316836,197.60760318219624,1256.7684731335632,39.304527751529726,90.02520531371559,HIT,True,484.1221525103305
2026_07_21_gym,flight_3,20,0,700,ok,False,13,13,229.4247195994304,1233.69214316836,197.60760318219624,1256.7684731335632,39.304527751529726,90.02520531371559,HIT,True,484.1221525103305
2026_07_21_gym,flight_3,20,0,750,ok,False,13,13,229.4247195994304,1233.69214316836,197.60760318219624,1256.7684731335632,39.304527751529726,90.02520531371559,HIT,True,484.1221525103305
2026_07_21_gym,flight_3,20,0,800,ok,False,13,13,229.4247195994304,1233.69214316836,197.60760318219624,1256.7684731335632,39.304527751529726,90.02520531371559,HIT,True,484.1221525103305
2026_07_21_gym,flight_3,20,0,850,ok,False,13,13,229.4247195994304,1233.69214316836,197.60760318219624,1256.7684731335632,39.304527751529726,90.02520531371559,HIT,True,484.1221525103305
2026_07_21_gym,flight_3,20,0,900,ok,False,13,13,229.4247195994304,1233.69214316836,197.60760318219624,1256.7684731335632,39.304527751529726,90.02520531371559,HIT,True,484.1221525103305
2026_07_21_gym,flight_3,20,0,950,ok,False,13,13,229.4247195994304,1233.69214316836,197.60760318219624,1256.7684731335632,39.304527751529726,90.02520531371559,HIT,True,484.1221525103305
2026_07_21_gym,flight_3,20,0,1000,ok,False,13,13,229.4247195994304,1233.69214316836,197.60760318219624,1256.7684731335632,39.304527751529726,90.02520531371559,HIT,True,484.1221525103305
2026_07_21_gym,flight_3,20,0,1050,ok,False,13,13,229.4247195994304,1233.69214316836,197.60760318219624,1256.7684731335632,39.304527751529726,90.02520531371559,HIT,True,484.1221525103305
2026_07_21_gym,flight_3,20,0,1100,ok,False,13,13,229.4247195994304,1233.69214316836,197.60760318219624,1256.7684731335632,39.304527751529726,90.02520531371559,HIT,True,484.1221525103305
2026_07_21_gym,flight_3,20,0,1150,ok,False,13,13,229.4247195994304,1233.69214316836,197.60760318219624,1256.7684731335632,39.304527751529726,90.02520531371559,HIT,True,484.1221525103305
2026_07_21_gym,flight_3,20,0,1200,ok,False,13,13,229.4247195994304,1233.69214316836,197.60760318219624,1256.7684731335632,39.304527751529726,90.02520531371559,HIT,True,484.1221525103305
2026_07_21_gym,flight_3,20,0,1250,ok,False,13,13,229.4247195994304,1233.69214316836,197.60760318219624,1256.7684731335632,39.304527751529726,90.02520531371559,HIT,True,484.1221525103305
2026_07_21_gym,flight_35,20,0,150,not_fit_eligible,True,4,4,,,,,,,,,
2026_07_21_gym,flight_35,20,0,200,not_fit_eligible,True,5,5,,,,,,,,,
2026_07_21_gym,flight_35,20,0,250,not_fit_eligible,True,6,6,,,,,,,,,
2026_07_21_gym,flight_35,20,0,300,not_fit_eligible,True,7,7,,,,,,,,,
2026_07_21_gym,flight_35,20,0,350,fit_failed,True,8,8,,,,,,,,,
2026_07_21_gym,flight_35,20,0,400,fit_failed,True,9,9,,,,,,,,,
2026_07_21_gym,flight_35,20,0,450,ok,True,10,10,985.802127451314,2263.2934548580624,842.2946569994792,2297.103065226605,147.43637213644706,241.90686658151427,MISS_HIGH_WIDE,True,1177.8696937490072
2026_07_21_gym,flight_35,20,0,490,ok,True,10,10,985.802127451314,2263.2934548580624,842.2946569994792,2297.103065226605,147.43637213644706,241.90686658151427,MISS_HIGH_WIDE,True,1177.8696937490072
2026_07_21_gym,flight_35,20,0,500,fit_failed,True,11,11,,,,,,,,,
2026_07_21_gym,flight_35,20,0,550,fit_failed,True,11,11,,,,,,,,,
2026_07_21_gym,flight_35,20,0,600,fit_failed,True,12,12,,,,,,,,,
2026_07_21_gym,flight_35,20,0,650,ok,True,13,13,1030.2860913530276,2246.5093408687303,842.2946569994792,2297.103065226605,194.68051863169327,281.37645583472397,MISS_HIGH_WIDE,True,1175.1179868105999
2026_07_21_gym,flight_35,20,0,700,ok,True,14,14,985.8021222113281,2263.2934843383973,842.2946569994792,2297.103065226605,147.4363602757687,241.90686405919564,MISS_HIGH_WIDE,True,1177.8696879119668
2026_07_21_gym,flight_35,20,0,750,ok,True,15,15,1022.266642265314,2255.2684274297935,842.2946569994792,2297.103065226605,184.7702692537851,272.69667369111875,MISS_HIGH_WIDE,True,1176.1737023212481
2026_07_21_gym,flight_35,20,0,800,ok,True,16,16,944.8340124928598,2284.9585889047985,842.2946569994792,2297.103065226605,103.2560299940337,203.6838393632353,MISS_HIGH_WIDE,True,1179.2011872672667
2026_07_21_gym,flight_35,20,0,850,ok,True,17,17,960.7005903111492,2271.0298173662422,842.2946569994792,2297.103065226605,121.24264636420448,204.1741125425235,MISS_HIGH_WIDE,True,1178.9065353224057
2026_07_21_gym,flight_35,20,0,900,ok,True,17,17,960.7005903111492,2271.0298173662422,842.2946569994792,2297.103065226605,121.24264636420448,204.1741125425235,MISS_HIGH_WIDE,True,1178.9065353224057
2026_07_21_gym,flight_35,20,0,950,ok,True,18,18,971.6079625244816,2272.652609869189,842.2946569994792,2297.103065226605,131.60454305603443,224.542396114839,MISS_HIGH_WIDE,True,1177.8594430479984
2026_07_21_gym,flight_35,20,0,1000,ok,True,19,19,1071.0353762385007,2215.6437306463986,842.2946569994792,2297.103065226605,242.81256110060463,319.8117448826839,MISS_HIGH_WIDE,True,1184.6504204169096
2026_07_21_gym,flight_35,20,0,1050,ok,True,20,20,955.1860455284324,2267.466251489462,842.2946569994792,2297.103065226605,116.71677828180981,209.66695409476984,MISS_HIGH_WIDE,True,1183.3178936330294
2026_07_21_gym,flight_35,20,0,1100,ok,True,21,21,950.1938040378849,2264.6144454485334,842.2946569994792,2297.103065226605,112.68423291081848,200.26057048040394,MISS_HIGH_WIDE,True,1184.9469452203505
2026_07_21_gym,flight_35,20,0,1150,ok,True,22,22,935.0475454248025,2272.5374826732445,842.2946569994792,2297.103065226605,95.9508528228198,183.95029049630963,MISS_HIGH_WIDE,True,1184.6772796469102
2026_07_21_gym,flight_35,20,0,1200,ok,False,22,22,935.0475454248025,2272.5374826732445,842.2946569994792,2297.103065226605,95.9508528228198,183.95029049630963,MISS_HIGH_WIDE,True,1184.6772796469102
2026_07_21_gym,flight_35,20,0,1250,ok,False,23,23,884.884268060406,2288.6802550952652,842.2946569994792,2297.103065226605,43.41449873981754,148.22262974241983,MISS_HIGH_WIDE,True,1185.7874167129398
2026_07_21_gym,flight_36,20,0,150,not_fit_eligible,True,4,4,,,,,,,,,
2026_07_21_gym,flight_36,20,0,200,not_fit_eligible,True,5,5,,,,,,,,,
2026_07_21_gym,flight_36,20,0,250,not_fit_eligible,True,6,6,,,,,,,,,
2026_07_21_gym,flight_36,20,0,300,not_fit_eligible,True,7,7,,,,,,,,,
2026_07_21_gym,flight_36,20,0,350,fit_failed,True,8,8,,,,,,,,,
2026_07_21_gym,flight_36,20,0,400,fit_failed,True,9,9,,,,,,,,,
2026_07_21_gym,flight_36,20,0,450,fit_failed,True,10,10,,,,,,,,,
2026_07_21_gym,flight_36,20,0,490,fit_failed,True,10,10,,,,,,,,,
2026_07_21_gym,flight_36,20,0,500,ok,True,11,11,770.8563814436559,926.120936535022,782.5342995133234,1118.152950075591,192.3867666833848,214.33785188339968,HIT,True,1258.2413207368038
2026_07_21_gym,flight_36,20,0,550,ok,True,12,12,742.3122427719134,964.1306919643799,782.5342995133234,1118.152950075591,159.18753042303825,188.55840257391245,HIT,True,1257.7914038834028
2026_07_21_gym,flight_36,20,0,600,ok,True,13,13,748.8311248264183,1002.3416897025079,782.5342995133234,1118.152950075591,120.61572042307787,142.0597127086768,HIT,True,1252.9521121435564
2026_07_21_gym,flight_36,20,0,650,ok,True,14,14,743.1171133725964,978.2002513649485,782.5342995133234,1118.152950075591,145.39763560541346,171.30883566071284,HIT,True,1255.2409575705408
2026_07_21_gym,flight_36,20,0,700,ok,True,15,15,733.9571424414484,991.8330537920964,782.5342995133234,1118.152950075591,135.33830347044568,165.57328914519408,HIT,True,1255.8517830016788
2026_07_21_gym,flight_36,20,0,750,ok,True,16,16,761.3456909660264,1008.7391219742717,782.5342995133234,1118.152950075591,111.44659219534543,132.3202508428412,HIT,True,1252.074845532737
2026_07_21_gym,flight_36,20,0,800,ok,True,17,17,728.5422695631348,1069.504330735034,782.5342995133234,1118.152950075591,72.67618221869164,74.97212519126201,HIT,True,1245.9235237524886
2026_07_21_gym,flight_36,20,0,850,ok,True,18,18,722.5941395380851,1054.6250442418916,782.5342995133234,1118.152950075591,87.34195782939913,100.15308994536011,HIT,True,1248.5537574406335
2026_07_21_gym,flight_36,20,0,900,ok,True,19,19,744.8791648526421,1127.1620666485505,782.5342995133234,1118.152950075591,38.71786858466273,25.34373036219269,HIT,True,1238.6629066961523
2026_07_21_gym,flight_36,20,0,950,ok,True,20,20,770.0601056304297,1136.7600700806015,782.5342995133234,1118.152950075591,22.401571996377523,40.66288962416712,HIT,True,1236.9219713368173
2026_07_21_gym,flight_36,20,0,1000,ok,True,21,21,777.9368152188255,1141.6591621103719,782.5342995133234,1118.152950075591,23.95159422798895,51.54992849533609,HIT,True,1235.9755373005432
2026_07_21_gym,flight_36,20,0,1050,ok,True,22,22,777.9368152182905,1141.659162115888,782.5342995133234,1118.152950075591,23.951594233505155,51.54992849954883,HIT,True,1235.9755372996362
2026_07_21_gym,flight_36,20,0,1100,ok,True,22,22,777.9368152182905,1141.659162115888,782.5342995133234,1118.152950075591,23.951594233505155,51.54992849954883,HIT,True,1235.9755372996362
2026_07_21_gym,flight_36,20,0,1150,ok,True,23,23,777.9368152092859,1141.6591622087828,782.5342995133234,1118.152950075591,23.951594326401064,51.54992857223531,HIT,True,1235.975537284361
2026_07_21_gym,flight_36,20,0,1200,ok,True,24,24,763.0495971687563,1142.0663170025998,782.5342995133234,1118.152950075591,30.846438096515072,38.989032620480835,HIT,True,1236.5415648094765
2026_07_21_gym,flight_36,20,0,1250,ok,True,25,25,780.2133741967801,1151.2642293013243,782.5342995133234,1118.152950075591,33.192521842870775,58.10496300424333,HIT,True,1236.384081816569
2026_07_21_gym,flight_39,20,0,150,not_fit_eligible,True,4,4,,,,,,,,,
2026_07_21_gym,flight_39,20,0,200,not_fit_eligible,True,5,5,,,,,,,,,
2026_07_21_gym,flight_39,20,0,250,not_fit_eligible,True,6,6,,,,,,,,,
2026_07_21_gym,flight_39,20,0,300,not_fit_eligible,True,7,7,,,,,,,,,
2026_07_21_gym,flight_39,20,0,350,fit_failed,True,8,8,,,,,,,,,
2026_07_21_gym,flight_39,20,0,400,fit_failed,True,9,9,,,,,,,,,
2026_07_21_gym,flight_39,20,0,450,fit_failed,True,10,10,,,,,,,,,
2026_07_21_gym,flight_39,20,0,490,fit_failed,True,10,10,,,,,,,,,
2026_07_21_gym,flight_39,20,0,500,ok,True,11,11,299.1306907627755,1223.666997679556,478.24342276910716,1244.9033375705076,180.3672722495298,133.80315176641918,HIT,True,1237.2520190558469
2026_07_21_gym,flight_39,20,0,550,ok,True,12,12,258.0395817819441,1275.890602473285,478.24342276910716,1244.9033375705076,222.37342955410546,141.3933426467645,HIT,True,1234.6045868169344
2026_07_21_gym,flight_39,20,0,600,ok,True,13,13,267.66027827197905,1282.5768672967995,478.24342276910716,1244.9033375705076,213.92651913293997,113.66068118093197,HIT,True,1233.096703581251
2026_07_21_gym,flight_39,20,0,650,ok,True,14,14,287.1613904732634,1275.9856028435781,478.24342276910716,1244.9033375705076,193.59351817872263,92.65914284328825,HIT,True,1232.3495633558243
2026_07_21_gym,flight_39,20,0,700,ok,True,15,15,527.253031216709,1257.7523902090043,478.24342276910716,1244.9033375705076,50.665963662937536,88.68239290164354,HIT,True,1215.4137249725864
2026_07_21_gym,flight_39,20,0,750,ok,True,16,16,466.50207879087145,1255.6918719755663,478.24342276910716,1244.9033375705076,15.945269926357085,40.10010116701085,HIT,True,1218.9430539065656
2026_07_21_gym,flight_39,20,0,800,ok,True,17,17,532.8951102371667,1338.675392700964,478.24342276910716,1244.9033375705076,108.53573267129966,215.17259332447634,HIT,True,1202.8979354640012
2026_07_21_gym,flight_39,20,0,850,ok,True,18,18,502.82467855211405,1333.8406250142154,478.24342276910716,1244.9033375705076,92.27176834608909,187.32193450204684,HIT,True,1205.7715773845744
2026_07_21_gym,flight_39,20,0,900,ok,True,19,19,527.607325760336,1331.4401360983215,478.24342276910716,1244.9033375705076,99.62636407081672,213.46296172294765,HIT,True,1204.2704938531638
2026_07_21_gym,flight_39,20,0,950,ok,True,20,20,510.4013382071199,1333.9265033426275,478.24342276910716,1244.9033375705076,94.65334420615429,201.51987304738097,HIT,True,1204.2661472358361
2026_07_21_gym,flight_39,20,0,1000,ok,True,21,21,441.72763169512416,1300.195553944155,478.24342276910716,1244.9033375705076,66.26184565244944,74.42106593568691,HIT,True,1213.7533442696588
2026_07_21_gym,flight_39,20,0,1050,ok,True,22,22,500.2128580015827,1326.6687885185604,478.24342276910716,1244.9033375705076,84.66548915096617,186.1808008105947,HIT,True,1205.4657531220728
2026_07_21_gym,flight_39,20,0,1100,ok,True,23,23,452.1565748061063,1299.3542356248422,478.24342276910716,1244.9033375705076,60.377346211706474,79.71855266442664,HIT,True,1212.8241697884548
2026_07_21_gym,flight_39,20,0,1150,ok,True,24,24,489.04614615490755,1316.7500216606797,478.24342276910716,1244.9033375705076,72.6542830623434,165.68130140748687,HIT,True,1207.5445448816254
2026_07_21_gym,flight_39,20,0,1200,ok,True,25,25,478.0577824519011,1292.1685205699782,478.24342276910716,1244.9033375705076,47.26554756163121,89.76689221670378,HIT,True,1214.0617697892123
2026_07_21_gym,flight_39,20,0,1250,ok,False,26,26,449.7206073148789,1288.8433791429056,478.24342276910716,1244.9033375705076,52.38585930210586,62.28856780866855,HIT,True,1215.0231784743742
2026_07_21_gym,flight_40,20,0,150,not_fit_eligible,True,4,4,,,,,,,,,
2026_07_21_gym,flight_40,20,0,200,not_fit_eligible,True,4,4,,,,,,,,,
2026_07_21_gym,flight_40,20,0,250,not_fit_eligible,True,5,5,,,,,,,,,
2026_07_21_gym,flight_40,20,0,300,not_fit_eligible,True,6,6,,,,,,,,,
2026_07_21_gym,flight_40,20,0,350,not_fit_eligible,True,7,7,,,,,,,,,
2026_07_21_gym,flight_40,20,0,400,fit_failed,True,8,8,,,,,,,,,
2026_07_21_gym,flight_40,20,0,450,fit_failed,True,9,9,,,,,,,,,
2026_07_21_gym,flight_40,20,0,490,fit_failed,True,9,9,,,,,,,,,
2026_07_21_gym,flight_40,20,0,500,fit_failed,True,10,10,,,,,,,,,
2026_07_21_gym,flight_40,20,0,550,fit_failed,True,11,11,,,,,,,,,
2026_07_21_gym,flight_40,20,0,600,fit_failed,True,12,12,,,,,,,,,
2026_07_21_gym,flight_40,20,0,650,ok,True,13,13,1188.7228768540137,983.1790555454281,1086.8140067038262,1172.412062619012,214.9291715458812,277.15629915520515,HIT,True,1124.8777744504264
2026_07_21_gym,flight_40,20,0,700,ok,True,13,13,1188.7228768540137,983.1790555454281,1086.8140067038262,1172.412062619012,214.9291715458812,277.15629915520515,HIT,True,1124.8777744504264
2026_07_21_gym,flight_40,20,0,750,fit_failed,True,14,14,,,,,,,,,
2026_07_21_gym,flight_40,20,0,800,ok,True,15,15,1150.3929898532783,1073.1704057845739,1086.8140067038262,1172.412062619012,117.86090763931311,154.14374043683713,HIT,True,1114.291963742684
2026_07_21_gym,flight_40,20,0,850,ok,True,16,16,1058.2686158377098,1072.0265023418178,1086.8140067038262,1172.412062619012,104.36522434156666,223.67076962524132,HIT,True,1115.6548415708025
2026_07_21_gym,flight_40,20,0,900,ok,True,17,17,1083.6195451076562,1049.455569561894,1086.8140067038262,1172.412062619012,122.99798278750148,270.03306266432185,HIT,True,1118.6065056851846
2026_07_21_gym,flight_40,20,0,950,ok,True,18,18,1039.60819665694,1125.1036686389439,1086.8140067038262,1172.412062619012,66.83167395147339,203.1835978335725,HIT,True,1107.0177645115368
2026_07_21_gym,flight_40,20,0,1000,ok,True,19,19,1051.7936924917622,1119.1646125453703,1086.8140067038262,1172.412062619012,63.731572606178894,228.97214215680953,HIT,True,1108.492673962593
2026_07_21_gym,flight_40,20,0,1050,ok,True,20,20,1063.540812910756,1132.9461609070456,1086.8140067038262,1172.412062619012,45.8170159140509,210.08502527993784,HIT,True,1107.267059419666
2026_07_21_gym,flight_40,20,0,1100,ok,True,21,21,1097.430626963852,1132.6940451257606,1086.8140067038262,1172.412062619012,41.112449931131785,189.99787023318342,HIT,True,1107.594076867678
2026_07_21_gym,flight_40,20,0,1150,ok,False,22,22,1098.7969785810799,1146.7426339553238,1086.8140067038262,1172.412062619012,28.328628327739974,135.4915527582614,HIT,True,1105.6927879477987
2026_07_21_gym,flight_40,20,0,1200,ok,False,23,23,1058.9159543393632,1160.4198109240542,1086.8140067038262,1172.412062619012,30.366353525662813,199.71220950777038,HIT,True,1103.0849436415708
2026_07_21_gym,flight_40,20,0,1250,ok,False,24,24,1089.9139819627687,1150.7681565584505,1086.8140067038262,1172.412062619012,21.864777981138168,187.20795748709705,HIT,True,1104.5764692092887
2026_07_21_gym,flight_43,20,0,150,not_fit_eligible,True,4,4,,,,,,,,,
2026_07_21_gym,flight_43,20,0,200,not_fit_eligible,True,5,5,,,,,,,,,
2026_07_21_gym,flight_43,20,0,250,not_fit_eligible,True,6,6,,,,,,,,,
2026_07_21_gym,flight_43,20,0,300,not_fit_eligible,True,7,7,,,,,,,,,
2026_07_21_gym,flight_43,20,0,350,fit_failed,True,8,8,,,,,,,,,
2026_07_21_gym,flight_43,20,0,400,ok,True,9,9,539.9057382453865,869.8192069126193,819.089716353249,905.4802509676498,281.45231158266625,217.06959471677737,HIT,True,1326.657869618886
2026_07_21_gym,flight_43,20,0,450,ok,True,10,10,583.9814965759326,849.5738343811969,819.089716353249,905.4802509676498,241.66382108705656,190.05461879419389,HIT,True,1326.0675592318548
2026_07_21_gym,flight_43,20,0,490,ok,True,10,10,583.9814965759326,849.5738343811969,819.089716353249,905.4802509676498,241.66382108705656,190.05461879419389,HIT,True,1326.0675592318548
2026_07_21_gym,flight_43,20,0,500,ok,True,11,11,619.7174226632255,862.5218558445902,819.089716353249,905.4802509676498,203.94787373927159,160.65433491312518,HIT,True,1323.1594946987443
2026_07_21_gym,flight_43,20,0,550,ok,True,12,12,621.9114481995748,891.8169156352387,819.089716353249,905.4802509676498,197.6510970485318,155.5577142712065,HIT,True,1323.7747631267778
2026_07_21_gym,flight_43,20,0,600,ok,True,13,13,676.185539019224,895.4351818785882,819.089716353249,905.4802509676498,143.2567880155019,114.48709416916881,HIT,True,1321.5211451338055
2026_07_21_gym,flight_43,20,0,650,ok,True,14,14,731.2809880849177,870.2383341588057,819.089716353249,905.4802509676498,94.61694066319795,78.76652268023629,HIT,True,1322.0209903357083
2026_07_21_gym,flight_43,20,0,700,ok,True,15,15,809.2167071409064,811.7181764355979,819.089716353249,905.4802509676498,94.28044829900341,76.62412641916193,HIT,True,1324.4080259729756
2026_07_21_gym,flight_43,20,0,750,ok,True,16,16,724.8455399627296,886.4357404904026,819.089716353249,905.4802509676498,96.1491454088142,79.79823260492188,HIT,True,1322.0297640509718
2026_07_21_gym,flight_43,20,0,800,ok,True,17,17,713.0412749220808,918.2474180190518,819.089716353249,905.4802509676498,106.81419608131827,85.24974636709067,HIT,True,1320.1103191540446
2026_07_21_gym,flight_43,20,0,850,ok,True,18,18,780.1842807064625,908.2004810550408,819.089716353249,905.4802509676498,39.0004176207716,28.53020400780177,HIT,True,1319.3715813754893
2026_07_21_gym,flight_43,20,0,900,ok,True,19,19,756.9846287104882,907.4889960741425,819.089716353249,905.4802509676498,62.13756487035721,51.747792446283405,HIT,True,1320.735688808223
2026_07_21_gym,flight_43,20,0,950,ok,True,20,20,736.6022836445414,942.8214716942887,819.089716353249,905.4802509676498,90.54580785563246,74.93961792772124,HIT,True,1316.9841140683675
2026_07_21_gym,flight_43,20,0,1000,ok,True,21,21,766.2504735837854,921.5570605454124,819.089716353249,905.4802509676498,55.230873455432025,46.922135939620844,HIT,True,1318.5021946057527
2026_07_21_gym,flight_43,20,0,1050,ok,True,22,22,787.4957413717761,916.0388404104749,819.089716353249,905.4802509676498,33.31160557751708,25.060184317531558,HIT,True,1319.0058108884998
2026_07_21_gym,flight_43,20,0,1100,ok,True,23,23,779.3791850040163,928.6379966807743,819.089716353249,905.4802509676498,45.969636571895194,37.99651917430027,HIT,True,1317.6122545926862
2026_07_21_gym,flight_43,20,0,1150,ok,True,24,24,777.2656387020443,913.1630919906105,819.089716353249,905.4802509676498,42.52386997391096,34.86965161460686,HIT,True,1320.2883443201351
2026_07_21_gym,flight_43,20,0,1200,ok,True,25,25,779.1152290299389,912.6995536331061,819.089716353249,905.4802509676498,40.62115172834152,35.89887440183471,HIT,True,1320.1494053436165
2026_07_21_gym,flight_43,20,0,1250,ok,True,26,26,779.2784028802047,918.0268571079677,819.089716353249,905.4802509676498,41.741562094503095,37.259978215609515,HIT,True,1319.029410490456
2026_07_21_gym,flight_45,20,0,150,not_fit_eligible,True,4,4,,,,,,,,,
2026_07_21_gym,flight_45,20,0,200,not_fit_eligible,True,5,5,,,,,,,,,
2026_07_21_gym,flight_45,20,0,250,not_fit_eligible,True,6,6,,,,,,,,,
2026_07_21_gym,flight_45,20,0,300,not_fit_eligible,True,7,7,,,,,,,,,
2026_07_21_gym,flight_45,20,0,350,fit_failed,True,8,8,,,,,,,,,
2026_07_21_gym,flight_45,20,0,400,fit_failed,True,9,9,,,,,,,,,
2026_07_21_gym,flight_45,20,0,450,fit_failed,True,10,10,,,,,,,,,
2026_07_21_gym,flight_45,20,0,490,fit_failed,True,10,10,,,,,,,,,
2026_07_21_gym,flight_45,20,0,500,fit_failed,True,11,11,,,,,,,,,
2026_07_21_gym,flight_45,20,0,550,fit_failed,True,12,12,,,,,,,,,
2026_07_21_gym,flight_45,20,0,600,ok,True,13,13,782.6227784701878,767.8932427945654,864.4297748844406,815.2082819075667,94.50448448928982,88.4435906338148,HIT,True,1167.555718510147
2026_07_21_gym,flight_45,20,0,650,ok,True,14,14,918.7828138950881,761.4988894834543,864.4297748844406,815.2082819075667,76.41303347113164,72.80837795726858,HIT,True,1162.7878657925996
2026_07_21_gym,flight_45,20,0,700,ok,True,15,15,1000.2173535316408,767.2400033151,864.4297748844406,815.2082819075667,144.01118798896871,142.61277769926565,HIT,True,1158.0203712210666
2026_07_21_gym,flight_45,20,0,750,ok,True,16,16,1012.2514822648976,782.7887994303935,864.4297748844406,815.2082819075667,151.33499270479783,173.82630828639452,HIT,True,1156.1683813734478
2026_07_21_gym,flight_45,20,0,800,ok,True,17,17,782.62279077589,767.8931221858214,864.4297748844406,815.2082819075667,94.50453422154361,88.44368136982388,HIT,True,1167.5557366616029
2026_07_21_gym,flight_45,20,0,850,ok,True,18,18,1055.6954847217828,733.571758547892,864.4297748844406,815.2082819075667,207.959355898784,191.62510795185798,HIT,True,1161.3457833404982
2026_07_21_gym,flight_45,20,0,900,ok,True,19,19,1041.5317177428553,736.2774081307635,864.4297748844406,815.2082819075667,193.89476784945705,150.66068493677767,HIT,True,1161.4104659739394
2026_07_21_gym,flight_45,20,0,950,ok,True,20,20,1081.69431540654,744.7715382860055,864.4297748844406,815.2082819075667,228.3970565053073,224.2794709529776,HIT,True,1158.4495623430676
2026_07_21_gym,flight_45,20,0,1000,ok,True,20,20,1081.69431540654,744.7715382860055,864.4297748844406,815.2082819075667,228.3970565053073,224.2794709529776,HIT,True,1158.4495623430676
2026_07_21_gym,flight_45,20,0,1050,ok,True,21,21,865.9201368877593,808.0980788551595,864.4297748844406,815.2082819075667,7.264720665476199,37.48978167817342,HIT,True,1159.4860779524442
2026_07_21_gym,flight_45,20,0,1100,ok,True,22,22,971.9062819054938,796.8804951906897,864.4297748844406,815.2082819075667,109.02801166391062,131.11393454969362,HIT,True,1156.6294851387902
2026_07_21_gym,flight_45,20,0,1150,ok,True,23,23,870.9827364604201,803.2359098247991,864.4297748844406,815.2082819075667,13.648406452934266,14.172140291706988,HIT,True,1161.1020451063796
2026_07_21_gym,flight_45,20,0,1200,ok,True,24,24,964.1570634336397,781.4717809459657,864.4297748844406,815.2082819075667,105.2790747418846,74.42773967313083,HIT,True,1159.2128457896524
2026_07_21_gym,flight_45,20,0,1250,ok,False,24,24,964.1570634336397,781.4717809459657,864.4297748844406,815.2082819075667,105.2790747418846,74.42773967313083,HIT,True,1159.2128457896524
2026_07_21_gym,flight_47,20,0,150,not_fit_eligible,True,4,4,,,,,,,,,
2026_07_21_gym,flight_47,20,0,200,not_fit_eligible,True,5,5,,,,,,,,,
2026_07_21_gym,flight_47,20,0,250,not_fit_eligible,True,6,6,,,,,,,,,
2026_07_21_gym,flight_47,20,0,300,not_fit_eligible,True,7,7,,,,,,,,,
2026_07_21_gym,flight_47,20,0,350,fit_failed,True,8,8,,,,,,,,,
2026_07_21_gym,flight_47,20,0,400,ok,True,9,9,-13.472277718131378,1154.2100702244268,219.8265686749273,1313.4713486475462,282.4756742328414,271.19598306730114,MISS_HIGH_WIDE,False,1384.452622586258
2026_07_21_gym,flight_47,20,0,450,ok,True,10,10,97.22102752722911,1199.6252195475165,219.8265686749273,1313.4713486475462,167.31126630080993,185.65954792773283,HIT,True,1376.8606039981391
2026_07_21_gym,flight_47,20,0,490,ok,True,10,10,97.22102752722911,1199.6252195475165,219.8265686749273,1313.4713486475462,167.31126630080993,185.65954792773283,HIT,True,1376.8606039981391
2026_07_21_gym,flight_47,20,0,500,ok,True,11,11,68.74983651148591,1236.1230583517508,219.8265686749273,1313.4713486475462,169.7260646243435,171.3913802823891,HIT,True,1374.5599072942593
2026_07_21_gym,flight_47,20,0,550,ok,True,12,12,36.91244072225468,1257.2113315034394,219.8265686749273,1313.4713486475462,191.3707598713604,175.07327653837768,HIT,True,1373.656829963842
2026_07_21_gym,flight_47,20,0,600,ok,True,12,12,36.91244072225468,1257.2113315034394,219.8265686749273,1313.4713486475462,191.3707598713604,175.07327653837768,HIT,True,1373.656829963842
2026_07_21_gym,flight_47,20,0,650,ok,True,13,13,83.5556350931385,1248.660710641048,219.8265686749273,1313.4713486475462,150.89793284886858,138.9076871507147,HIT,True,1368.8212978032377
2026_07_21_gym,flight_47,20,0,700,ok,True,14,14,114.8735318330127,1233.5181201284329,219.8265686749273,1313.4713486475462,131.9380865897707,128.9037533948781,HIT,True,1367.38959942647
2026_07_21_gym,flight_47,20,0,750,ok,True,15,15,142.35164425769366,1206.0379920588123,219.8265686749273,1313.4713486475462,132.4548603161776,138.4292506465225,HIT,True,1368.0200588034886
2026_07_21_gym,flight_47,20,0,800,ok,True,16,16,109.77326816602702,1230.8438256102013,219.8265686749273,1313.4713486475462,137.6191720516777,135.27739370983247,HIT,True,1367.7285487625718
2026_07_21_gym,flight_47,20,0,850,ok,True,17,17,187.61656041799532,1251.6715612444088,219.8265686749273,1313.4713486475462,69.6900161786794,70.75740128497156,HIT,True,1360.233627364983
2026_07_21_gym,flight_47,20,0,900,ok,True,18,18,150.68122979759804,1250.9198580734985,219.8265686749273,1313.4713486475462,93.24037141440328,88.88065405566671,HIT,True,1362.0412830031692
2026_07_21_gym,flight_47,20,0,950,ok,True,19,19,158.1570030022529,1259.6059272547132,219.8265686749273,1313.4713486475462,81.88173759809798,77.33750459304555,HIT,True,1360.9215487876581
2026_07_21_gym,flight_47,20,0,1000,ok,True,20,20,158.05644261313395,1273.3266057208386,219.8265686749273,1313.4713486475462,73.66918526997075,64.83131335539068,HIT,True,1359.505934615874
2026_07_21_gym,flight_47,20,0,1050,ok,True,21,21,177.2242819990431,1303.6717290986392,219.8265686749273,1313.4713486475462,43.71484156802518,21.499023658393547,HIT,True,1355.9549237800625
2026_07_21_gym,flight_47,20,0,1100,ok,True,22,22,153.34707141135277,1284.374371431852,219.8265686749273,1313.4713486475462,72.5682963800876,62.46764618755067,HIT,True,1359.2312604857786
2026_07_21_gym,flight_47,20,0,1150,ok,True,23,23,163.49200320294858,1289.1619024249842,219.8265686749273,1313.4713486475462,61.35578573015172,47.738576928150934,HIT,True,1357.8507282292076
2026_07_21_gym,flight_47,20,0,1200,ok,True,24,24,180.965556131238,1311.8548352665337,219.8265686749273,1313.4713486475462,38.894619312081836,11.495025486005632,HIT,True,1354.9429220735874
2026_07_21_gym,flight_47,20,0,1250,ok,True,25,25,161.43836559390462,1324.013418180589,219.8265686749273,1313.4713486475462,59.332263475028974,30.354739777654228,HIT,True,1353.5981880160275
2026_07_21_gym,flight_48,20,0,150,not_fit_eligible,True,4,4,,,,,,,,,
2026_07_21_gym,flight_48,20,0,200,not_fit_eligible,True,5,5,,,,,,,,,
2026_07_21_gym,flight_48,20,0,250,not_fit_eligible,True,6,6,,,,,,,,,
2026_07_21_gym,flight_48,20,0,300,not_fit_eligible,True,7,7,,,,,,,,,
2026_07_21_gym,flight_48,20,0,350,ok,True,8,8,51.195998173466386,2093.6170506716517,37.05523741746954,2131.719101117846,40.64144882952237,80.00660924985135,MISS_HIGH_WIDE,True,1056.6272247660365
2026_07_21_gym,flight_48,20,0,400,fit_failed,True,9,9,,,,,,,,,
2026_07_21_gym,flight_48,20,0,450,ok,True,10,10,342.5301233650105,2020.8828726467918,37.05523741746954,2131.719101117846,324.9608830095569,270.18812109286694,MISS_HIGH_WIDE,True,1043.2358338198374
2026_07_21_gym,flight_48,20,0,490,ok,True,10,10,342.5301233650105,2020.8828726467918,37.05523741746954,2131.719101117846,324.9608830095569,270.18812109286694,MISS_HIGH_WIDE,True,1043.2358338198374
2026_07_21_gym,flight_48,20,0,500,ok,True,11,11,223.1117877224591,2081.896129790572,37.05523741746954,2131.719101117846,192.61196324027094,168.0565778934678,MISS_HIGH_WIDE,True,1040.0382996643914
2026_07_21_gym,flight_48,20,0,550,ok,True,12,12,133.02142441406326,2113.025810720555,37.05523741746954,2131.719101117846,97.76987344035304,72.84940001138028,MISS_HIGH_WIDE,True,1041.975147529501
2026_07_21_gym,flight_48,20,0,600,ok,True,13,13,83.52181017289278,2084.7624188029363,37.05523741746954,2131.719101117846,66.06112622154126,49.00812247167468,MISS_HIGH_WIDE,True,1048.0717286313954
2026_07_21_gym,flight_48,20,0,650,ok,True,14,14,31.59762901050929,2073.5631105796215,37.05523741746954,2131.719101117846,58.411511921930206,76.34255573365355,MISS_HIGH_WIDE,True,1052.7950283205785
2026_07_21_gym,flight_48,20,0,700,ok,True,15,15,44.6669174030797,2092.174236120185,37.05523741746954,2131.719101117846,40.27075886901783,39.80342752948055,MISS_HIGH_WIDE,True,1049.1407179477817
2026_07_21_gym,flight_48,20,0,750,ok,True,16,16,35.088917843446886,2090.8042231070963,37.05523741746954,2131.719101117846,40.962100230600036,61.413783919254925,MISS_HIGH_WIDE,True,1050.4571601419145
2026_07_21_gym,flight_48,20,0,800,ok,True,17,17,64.88161988182992,2093.1106899074302,37.05523741746954,2131.719101117846,47.591143895113795,38.78356516590375,MISS_HIGH_WIDE,True,1048.9763300872517
2026_07_21_gym,flight_48,20,0,850,ok,True,18,18,48.52193823160946,2090.3764863375927,37.05523741746954,2131.719101117846,42.90334514265084,52.28751339734205,MISS_HIGH_WIDE,True,1050.3041194471327
2026_07_21_gym,flight_48,20,0,900,ok,True,19,19,78.82670951585122,2080.3339587099053,37.05523741746954,2131.719101117846,66.22151267941733,56.86291425163055,MISS_HIGH_WIDE,True,1050.7056516534647
2026_07_21_gym,flight_48,20,0,950,ok,True,20,20,66.8887620852053,2082.0829317963417,37.05523741746954,2131.719101117846,57.911902913075274,54.442930843067735,MISS_HIGH_WIDE,True,1050.6465569229147
2026_07_21_gym,flight_48,20,0,1000,ok,True,21,21,55.22971968215565,2091.8946878415127,37.05523741746954,2131.719101117846,43.77551482728205,39.82209498042777,MISS_HIGH_WIDE,True,1049.3020892635507
2026_07_21_gym,flight_48,20,0,1050,ok,False,22,22,42.21828114579986,2089.7628359948008,37.05523741746954,2131.719101117846,42.27274776514915,56.92345183495208,MISS_HIGH_WIDE,True,1050.3388802637435
2026_07_21_gym,flight_48,20,0,1100,ok,False,23,23,-17.4123928000657,2135.536184984817,37.05523741746954,2131.719101117846,54.601216751658995,121.6471738323035,MISS_HIGH_WIDE,True,1044.2632998948282
2026_07_21_gym,flight_48,20,0,1150,ok,False,24,24,-10.11697520812498,2133.304346561861,37.05523741746954,2131.719101117846,47.198841586548184,73.43126730643813,MISS_HIGH_WIDE,True,1044.4103836525976
2026_07_21_gym,flight_48,20,0,1200,ok,False,25,25,-7.063282040532571,2131.0801891470865,37.05523741746954,2131.719101117846,44.12314548706258,110.05677965028543,MISS_HIGH_WIDE,True,1044.8168646730028
2026_07_21_gym,flight_48,20,0,1250,ok,False,26,26,55.5597775411082,2105.862185203785,37.05523741746954,2131.719101117846,31.79619640419558,39.17759123388385,MISS_HIGH_WIDE,True,1050.0102459162074
2026_07_21_gym,flight_49,20,0,150,not_fit_eligible,True,4,4,,,,,,,,,
2026_07_21_gym,flight_49,20,0,200,not_fit_eligible,True,5,5,,,,,,,,,
2026_07_21_gym,flight_49,20,0,250,not_fit_eligible,True,6,6,,,,,,,,,
2026_07_21_gym,flight_49,20,0,300,not_fit_eligible,True,7,7,,,,,,,,,
2026_07_21_gym,flight_49,20,0,350,fit_failed,True,8,8,,,,,,,,,
2026_07_21_gym,flight_49,20,0,400,fit_failed,True,9,9,,,,,,,,,
2026_07_21_gym,flight_49,20,0,450,fit_failed,True,10,10,,,,,,,,,
2026_07_21_gym,flight_49,20,0,490,fit_failed,True,10,10,,,,,,,,,
2026_07_21_gym,flight_49,20,0,500,fit_failed,True,11,11,,,,,,,,,
2026_07_21_gym,flight_49,20,0,550,fit_failed,True,12,12,,,,,,,,,
2026_07_21_gym,flight_49,20,0,600,ok,True,13,13,369.02517497081936,1594.8460104007518,464.41568092875656,1657.974301261427,114.38762928700487,184.3640827602808,HIT,True,1173.4870192218912
2026_07_21_gym,flight_49,20,0,650,ok,True,14,14,418.6385742065009,1596.7379687799232,464.41568092875656,1657.974301261427,76.45542437032218,120.6834102285914,HIT,True,1167.124448998528
2026_07_21_gym,flight_49,20,0,700,ok,True,15,15,427.88519055004974,1589.4986890806952,464.41568092875656,1657.974301261427,77.61047732642014,116.9076592240406,HIT,True,1166.554744259383
2026_07_21_gym,flight_49,20,0,750,ok,True,16,16,383.53889577634857,1600.960941526084,464.41568092875656,1657.974301261427,98.95240050094984,152.96047368741463,HIT,True,1167.0504264964427
2026_07_21_gym,flight_49,20,0,800,ok,True,17,17,393.728031162419,1605.1657184819085,464.41568092875656,1657.974301261427,88.23542511185437,147.23225429623358,HIT,True,1166.5273214522686
2026_07_21_gym,flight_49,20,0,850,ok,True,18,18,409.29486165453625,1619.9609198853238,464.41568092875656,1657.974301261427,66.95761257023968,107.5575114639813,HIT,True,1163.9903832797104
2026_07_21_gym,flight_49,20,0,900,ok,True,19,19,424.3004489311422,1604.5090844526064,464.41568092875656,1657.974301261427,66.84131392063298,115.74946479101983,HIT,True,1165.7422897392519
2026_07_21_gym,flight_49,20,0,950,ok,True,20,20,437.03721703332343,1609.0241404634849,464.41568092875656,1657.974301261427,56.08652714706021,91.51336211065626,HIT,True,1164.4619781441595
2026_07_21_gym,flight_49,20,0,1000,ok,True,21,21,454.31428979776587,1602.3958933403349,464.41568092875656,1657.974301261427,56.48891510574946,81.27599698031985,HIT,True,1163.57977058347
2026_07_21_gym,flight_49,20,0,1050,ok,True,22,22,454.314289797087,1602.3958933477752,464.41568092875656,1657.974301261427,56.488915098550436,81.27599697309914,HIT,True,1163.579770582192
2026_07_21_gym,flight_49,20,0,1100,ok,True,23,23,459.41993570023675,1598.7690178693847,464.41568092875656,1657.974301261427,59.415680185623664,79.74271161580529,HIT,True,1163.1619874128974
2026_07_21_gym,flight_49,20,0,1150,ok,True,24,24,447.68893260096655,1620.3652469868198,464.41568092875656,1657.974301261427,41.16096540475664,74.60752859388633,HIT,True,1161.145910132968
2026_07_21_gym,flight_49,20,0,1200,ok,False,25,25,421.97373835075416,1635.138927320528,464.41568092875656,1657.974301261427,48.19515320875265,97.64335388342113,HIT,True,1160.6456981467331
2026_07_21_gym,flight_49,20,0,1250,ok,False,26,26,438.63901649965885,1649.265853104794,464.41568092875656,1657.974301261427,27.207967553403844,57.81318202752625,HIT,True,1157.9075304220369
2026_07_21_gym,flight_51,20,0,150,not_fit_eligible,True,4,4,,,,,,,,,
2026_07_21_gym,flight_51,20,0,200,not_fit_eligible,True,5,5,,,,,,,,,
2026_07_21_gym,flight_51,20,0,250,not_fit_eligible,True,5,5,,,,,,,,,
2026_07_21_gym,flight_51,20,0,300,not_fit_eligible,True,6,6,,,,,,,,,
2026_07_21_gym,flight_51,20,0,350,not_fit_eligible,True,7,7,,,,,,,,,
2026_07_21_gym,flight_51,20,0,400,fit_failed,True,8,8,,,,,,,,,
2026_07_21_gym,flight_51,20,0,450,fit_failed,True,9,9,,,,,,,,,
2026_07_21_gym,flight_51,20,0,490,fit_failed,True,9,9,,,,,,,,,
2026_07_21_gym,flight_51,20,0,500,fit_failed,True,10,10,,,,,,,,,
2026_07_21_gym,flight_51,20,0,550,fit_failed,True,11,11,,,,,,,,,
2026_07_21_gym,flight_51,20,0,600,fit_failed,True,12,12,,,,,,,,,
2026_07_21_gym,flight_51,20,0,650,fit_failed,True,13,13,,,,,,,,,
2026_07_21_gym,flight_51,20,0,700,fit_failed,True,14,14,,,,,,,,,
2026_07_21_gym,flight_51,20,0,750,ok,True,15,15,32.90617207257963,1747.6890005384757,161.776019556798,1727.697537964569,130.41125782097808,91.55132972175407,HIT,True,1344.141495155784
2026_07_21_gym,flight_51,20,0,800,ok,True,16,16,35.899960324909806,1691.3202142638788,161.776019556798,1727.697537964569,131.02706578174835,142.83028186304668,HIT,True,1351.5439885060723
2026_07_21_gym,flight_51,20,0,850,ok,True,17,17,89.90215789196321,1764.3053867605408,161.776019556798,1727.697537964569,80.65969615665898,66.64950098339426,HIT,True,1341.3087145282998
2026_07_21_gym,flight_51,20,0,900,ok,True,18,18,127.94641615455413,1787.4755200839263,161.776019556798,1727.697537964569,68.68660140533464,91.86291991076226,HIT,True,1336.5763447378436
2026_07_21_gym,flight_51,20,0,950,ok,True,19,19,206.82210367019,1758.6367927241652,161.776019556798,1727.697537964569,54.64784697524674,134.25906505047777,HIT,True,1339.4946533194873
2026_07_21_gym,flight_51,20,0,1000,ok,True,20,20,-123.07559131768095,1708.8243961569465,161.776019556798,1727.697537964569,285.47615609622494,250.83632628103547,MISS_HIGH_WIDE,False,1355.9420285727065
2026_07_21_gym,flight_51,20,0,1050,ok,True,21,21,64.26196447268815,1731.5023723698107,161.776019556798,1727.697537964569,97.58825597272512,113.27233507369574,HIT,True,1348.7490706602305
2026_07_21_gym,flight_51,20,0,1100,ok,True,22,22,98.46636427467881,1756.3142015110855,161.776019556798,1727.697537964569,69.47680105240373,54.114910751275644,HIT,True,1343.129021440566
2026_07_21_gym,flight_51,20,0,1150,ok,True,23,23,-14.768961176522666,1856.0302128600515,161.776019556798,1727.697537964569,218.25994975706877,194.59478902219197,MISS_HIGH_WIDE,False,1337.447264924141
2026_07_21_gym,flight_51,20,0,1200,ok,True,24,24,-71.59324077696756,1936.5330667859037,161.776019556798,1727.697537964569,313.16687207751613,289.3586726970786,MISS_HIGH_WIDE,False,1329.2248196960013
2026_07_21_gym,flight_51,20,0,1250,ok,True,25,25,-62.354903454375716,1934.6006644117238,161.776019556798,1727.697537964569,305.0304482890979,273.708435502572,MISS_HIGH_WIDE,False,1328.5624553824111
2026_07_21_gym,flight_52,20,0,150,not_fit_eligible,True,4,4,,,,,,,,,
2026_07_21_gym,flight_52,20,0,200,not_fit_eligible,True,5,5,,,,,,,,,
2026_07_21_gym,flight_52,20,0,250,not_fit_eligible,True,6,6,,,,,,,,,
2026_07_21_gym,flight_52,20,0,300,not_fit_eligible,True,7,7,,,,,,,,,
2026_07_21_gym,flight_52,20,0,350,fit_failed,True,8,8,,,,,,,,,
2026_07_21_gym,flight_52,20,0,400,fit_failed,True,9,9,,,,,,,,,
2026_07_21_gym,flight_52,20,0,450,fit_failed,True,10,10,,,,,,,,,
2026_07_21_gym,flight_52,20,0,490,fit_failed,True,10,10,,,,,,,,,
2026_07_21_gym,flight_52,20,0,500,fit_failed,True,11,11,,,,,,,,,
2026_07_21_gym,flight_52,20,0,550,ok,True,12,12,204.05283818268407,1292.8588509877186,170.71586352203047,1386.124234479474,99.04436196669269,94.99276662552616,HIT,True,1336.220959533692
2026_07_21_gym,flight_52,20,0,600,ok,True,13,13,108.75791369368207,1285.3995757774637,170.71586352203047,1386.124234479474,118.25499743168815,91.76240867982598,HIT,True,1346.0593718687658
2026_07_21_gym,flight_52,20,0,650,ok,True,14,14,119.9997135745542,1282.914516106188,170.71586352203047,1386.124234479474,114.99727749902544,93.70232949708985,HIT,True,1347.170975989749
2026_07_21_gym,flight_52,20,0,700,ok,True,15,15,97.66878028487038,1295.1091582238998,170.71586352203047,1386.124234479474,116.70312967210671,96.26258152978474,HIT,True,1348.6368794737762
2026_07_21_gym,flight_52,20,0,750,ok,True,16,16,87.58870980120685,1307.4927753004667,170.71586352203047,1386.124234479474,114.42477903996716,93.66267643833294,HIT,True,1349.06369413796
2026_07_21_gym,flight_52,20,0,800,ok,True,17,17,84.33883921967146,1318.5477949557417,170.71586352203047,1386.124234479474,109.6702580740784,89.38495740860759,HIT,True,1349.4184597164897
2026_07_21_gym,flight_52,20,0,850,ok,True,18,18,56.543367032785916,1321.712900543314,170.71586352203047,1386.124234479474,131.0884392081242,115.42305271152016,HIT,True,1352.5855798632274
2026_07_21_gym,flight_52,20,0,900,ok,True,19,19,100.65122855966929,1335.4147216112729,170.71586352203047,1386.124234479474,86.48992870698399,69.08601132458027,HIT,True,1348.6819986446758
2026_07_21_gym,flight_52,20,0,950,ok,True,20,20,100.65126829063716,1335.4138380104587,170.71586352203047,1386.124234479474,86.49041458441332,69.08679548034783,HIT,True,1348.6821312311563
2026_07_21_gym,flight_52,20,0,1000,ok,True,21,21,104.66687626268909,1364.5013660436962,170.71586352203047,1386.124234479474,69.4983248530178,44.02129036134842,HIT,True,1345.6758164480448
2026_07_21_gym,flight_52,20,0,1050,ok,True,22,22,108.10788011304933,1401.6035481899346,170.71586352203047,1386.124234479474,64.49316816133407,36.67505594325311,HIT,True,1342.271165416442
2026_07_21_gym,flight_52,20,0,1100,ok,True,23,23,86.73797805789559,1416.527285863775,170.71586352203047,1386.124234479474,89.31198564864522,77.2022804056577,HIT,True,1342.648857942865
2026_07_21_gym,flight_52,20,0,1150,ok,True,24,24,91.74871901406742,1412.5812966744863,170.71586352203047,1386.124234479474,83.28136677392054,66.86213137821079,HIT,True,1342.4707900202018
2026_07_21_gym,flight_52,20,0,1200,ok,True,25,25,118.81455952888778,1421.3221723645177,170.71586352203047,1386.124234479474,62.710766121520216,48.50251604471103,HIT,True,1340.0338967701555
2026_07_21_gym,flight_52,20,0,1250,ok,True,26,26,108.56780765067145,1410.9924131768755,170.71586352203047,1386.124234479474,66.93883148304474,53.99185420215095,HIT,True,1341.2982971141723
2026_07_21_gym,flight_53,20,0,150,not_fit_eligible,True,4,4,,,,,,,,,
2026_07_21_gym,flight_53,20,0,200,not_fit_eligible,True,5,5,,,,,,,,,
2026_07_21_gym,flight_53,20,0,250,not_fit_eligible,True,6,6,,,,,,,,,
2026_07_21_gym,flight_53,20,0,300,not_fit_eligible,True,7,7,,,,,,,,,
2026_07_21_gym,flight_53,20,0,350,fit_failed,True,8,8,,,,,,,,,
2026_07_21_gym,flight_53,20,0,400,ok,True,9,9,1197.7128480694096,673.8263589810977,1247.927537251461,603.0431045149205,86.7858520870402,79.80203710038721,HIT,True,1424.416287734205
2026_07_21_gym,flight_53,20,0,450,ok,True,10,10,1203.568315423003,661.2842450582967,1247.927537251461,603.0431045149205,73.21045699228794,82.87142613860144,HIT,True,1421.4515153113227
2026_07_21_gym,flight_53,20,0,490,ok,True,10,10,1203.568315423003,661.2842450582967,1247.927537251461,603.0431045149205,73.21045699228794,82.87142613860144,HIT,True,1421.4515153113227
2026_07_21_gym,flight_53,20,0,500,ok,True,11,11,1211.3601867319114,627.1586508818397,1247.927537251461,603.0431045149205,43.8033183742354,65.6320991771698,HIT,True,1421.7206607817989
2026_07_21_gym,flight_53,20,0,550,ok,True,12,12,1263.9621104838961,587.4071907121389,1247.927537251461,603.0431045149205,22.396190283044614,52.27275640391149,HIT,True,1420.514307376542
2026_07_21_gym,flight_53,20,0,600,ok,True,13,13,1263.9619317003617,587.4087908232108,1247.927537251461,603.0431045149205,22.39494518755783,52.27366388027332,HIT,True,1420.5140898836457
2026_07_21_gym,flight_53,20,0,650,ok,True,14,14,1263.9619316902872,587.4087909133788,1247.927537251461,603.0431045149205,22.394945117396787,52.27366393131556,HIT,True,1420.5140898713896
2026_07_21_gym,flight_53,20,0,700,ok,True,15,15,1217.886786034817,572.3018784348847,1247.927537251461,603.0431045149205,42.98220230007031,31.170875266698676,HIT,True,1429.7707679908722
2026_07_21_gym,flight_53,20,0,750,ok,True,16,16,1202.289285190582,583.7182115848077,1247.927537251461,603.0431045149205,49.56108895023045,32.59332832081462,HIT,True,1431.5277744918437
2026_07_21_gym,flight_53,20,0,800,ok,True,17,17,1257.1891903647088,580.8198079842823,1247.927537251461,603.0431045149205,24.07598652348038,21.60837173678872,HIT,True,1429.4490818235515
2026_07_21_gym,flight_53,20,0,850,ok,True,18,18,1242.14927696203,598.6557079765719,1247.927537251461,603.0431045149205,7.2551733512804075,18.069576947455534,HIT,True,1431.2540379486982
2026_07_21_gym,flight_53,20,0,900,ok,True,19,19,1252.9303770925578,591.0898731710998,1247.927537251461,603.0431045149205,12.957937568709102,19.39345295527725,HIT,True,1430.3147916063187
2026_07_21_gym,flight_53,20,0,950,ok,True,20,20,1238.1500855366032,570.1738132709606,1247.927537251461,603.0431045149205,34.29269410408918,30.020826490006808,HIT,True,1437.449553888255
2026_07_21_gym,flight_53,20,0,1000,ok,True,20,20,1238.1500855366032,570.1738132709606,1247.927537251461,603.0431045149205,34.29269410408918,30.020826490006808,HIT,True,1437.449553888255
2026_07_21_gym,flight_53,20,0,1050,ok,True,21,21,1238.1499735159211,570.174854663479,1247.927537251461,603.0431045149205,34.291727878590926,30.019925069147792,HIT,True,1437.4494133412916
2026_07_21_gym,flight_53,20,0,1100,ok,True,22,22,1235.7810825501228,587.5142965552083,1247.927537251461,603.0431045149205,19.714974979981132,18.595535598718726,HIT,True,1436.3080007800074
2026_07_21_gym,flight_53,20,0,1150,ok,True,23,23,1228.0632891820014,603.3544018247845,1247.927537251461,603.0431045149205,19.866687126447545,17.310077418097563,HIT,True,1435.8631690331079
2026_07_21_gym,flight_53,20,0,1200,ok,True,24,24,1233.8395611242618,604.442206981447,1247.927537251461,603.0431045149205,14.157279366897297,13.070078418360056,HIT,True,1436.6073559768893
2026_07_21_gym,flight_53,20,0,1250,ok,True,24,24,1233.8395611242618,604.442206981447,1247.927537251461,603.0431045149205,14.157279366897297,13.070078418360056,HIT,True,1436.6073559768893
2026_07_21_gym,flight_54,20,0,150,not_fit_eligible,True,4,4,,,,,,,,,
2026_07_21_gym,flight_54,20,0,200,not_fit_eligible,True,5,5,,,,,,,,,
2026_07_21_gym,flight_54,20,0,250,not_fit_eligible,True,6,6,,,,,,,,,
2026_07_21_gym,flight_54,20,0,300,not_fit_eligible,True,7,7,,,,,,,,,
2026_07_21_gym,flight_54,20,0,350,ok,True,8,8,461.60496550767107,1406.6644157981227,443.15835050498794,1474.499272053195,70.29825978076224,87.81058739032942,HIT,True,960.3381274398281
2026_07_21_gym,flight_54,20,0,400,ok,True,9,9,462.1303612003666,1404.9154189288938,443.15835050498794,1474.499272053195,72.12385046189563,90.49023897402,HIT,True,960.5713866005461
2026_07_21_gym,flight_54,20,0,450,ok,True,10,10,456.15922739708765,1400.4681310220053,443.15835050498794,1474.499272053195,75.16403822536034,100.41719332300447,HIT,True,962.3129758568268
2026_07_21_gym,flight_54,20,0,490,ok,True,10,10,456.15922739708765,1400.4681310220053,443.15835050498794,1474.499272053195,75.16403822536034,100.41719332300447,HIT,True,962.3129758568268
2026_07_21_gym,flight_54,20,0,500,ok,True,11,11,456.15920700417223,1400.4683503395663,443.15835050498794,1474.499272053195,75.1638186861325,100.41684763713974,HIT,True,962.3129330176142
2026_07_21_gym,flight_54,20,0,550,ok,True,12,12,448.9496763550234,1429.3550781755648,443.15835050498794,1474.499272053195,45.51414830536052,58.929792750692954,HIT,True,959.4877921379249
2026_07_21_gym,flight_54,20,0,600,ok,True,13,13,480.8994094277872,1431.189893785768,443.15835050498794,1474.499272053195,57.44640784701241,70.21465484344593,HIT,True,959.1645578448223
2026_07_21_gym,flight_54,20,0,650,ok,True,14,14,489.7825962832236,1441.4834397276898,443.15835050498794,1474.499272053195,57.13025011791216,66.77262680465634,HIT,True,957.4606732094798
2026_07_21_gym,flight_54,20,0,700,ok,True,15,15,489.7825991380713,1441.4834117595487,443.15835050498794,1474.499272053195,57.13026861068609,66.77265242509624,HIT,True,957.4606787344118
2026_07_21_gym,flight_54,20,0,750,ok,True,16,16,465.1428978223667,1449.2166912305524,443.15835050498794,1474.499272053195,33.504167111025446,39.335703198846865,HIT,True,956.7763893420447
2026_07_21_gym,flight_54,20,0,800,ok,True,17,17,469.2179913998913,1447.7538697275309,443.15835050498794,1474.499272053195,37.34195266898826,44.63574237389669,HIT,True,957.8708393931687
2026_07_21_gym,flight_54,20,0,850,ok,True,18,18,423.08692380513736,1474.5235648632681,443.15835050498794,1474.499272053195,20.07144140085848,28.661902771784597,HIT,True,955.9777753392715
2026_07_21_gym,flight_54,20,0,900,ok,True,19,19,432.89676048978896,1471.5508212914385,443.15835050498794,1474.499272053195,10.676778143922148,20.592863228569822,HIT,True,956.1684467651885
2026_07_21_gym,flight_54,20,0,950,ok,True,20,20,483.41320369353537,1444.0183937484755,443.15835050498794,1474.499272053195,50.492941560762965,66.1061985163959,HIT,True,960.8447384301029
2026_07_21_gym,flight_54,20,0,1000,ok,False,21,21,451.25859278987764,1462.5482946097172,443.15835050498794,1474.499272053195,14.437443919490374,21.171367769937603,HIT,True,959.7015468734752
2026_07_21_gym,flight_54,20,0,1050,ok,False,22,22,443.3650308021549,1478.9464231677869,443.15835050498794,1474.499272053195,4.451951233027227,4.730011089543874,HIT,True,958.3548508514453
2026_07_21_gym,flight_54,20,0,1100,ok,False,23,23,473.1127766510228,1464.0066679659149,443.15835050498794,1474.499272053195,31.738972671948034,40.272994762727734,HIT,True,960.6166227189556
2026_07_21_gym,flight_54,20,0,1150,ok,False,24,24,438.7352149332915,1480.7177973949056,443.15835050498794,1474.499272053195,7.631132662397041,6.501180758975441,HIT,True,958.3493788772454
2026_07_21_gym,flight_54,20,0,1200,ok,False,24,24,438.7352149332915,1480.7177973949056,443.15835050498794,1474.499272053195,7.631132662397041,6.501180758975441,HIT,True,958.3493788772454
2026_07_21_gym,flight_54,20,0,1250,ok,False,24,24,438.7352149332915,1480.7177973949056,443.15835050498794,1474.499272053195,7.631132662397041,6.501180758975441,HIT,True,958.3493788772454
2026_07_21_gym,flight_55,20,0,150,not_fit_eligible,True,4,4,,,,,,,,,
2026_07_21_gym,flight_55,20,0,200,not_fit_eligible,True,5,5,,,,,,,,,
2026_07_21_gym,flight_55,20,0,250,not_fit_eligible,True,6,6,,,,,,,,,
2026_07_21_gym,flight_55,20,0,300,not_fit_eligible,True,7,7,,,,,,,,,
2026_07_21_gym,flight_55,20,0,350,ok,True,8,8,590.5557559141096,1301.1946792105941,510.1968951667648,1534.4480206321955,246.70765651870894,259.2649395366265,HIT,True,1152.4589036389423
2026_07_21_gym,flight_55,20,0,400,fit_failed,True,9,9,,,,,,,,,
2026_07_21_gym,flight_55,20,0,450,ok,True,10,10,334.4250789847305,1346.6375991296566,510.1968951667648,1534.4480206321955,257.2323575853011,378.1637378794106,HIT,True,1159.9781111383038
2026_07_21_gym,flight_55,20,0,490,ok,True,10,10,334.4250789847305,1346.6375991296566,510.1968951667648,1534.4480206321955,257.2323575853011,378.1637378794106,HIT,True,1159.9781111383038
2026_07_21_gym,flight_55,20,0,500,ok,True,11,11,305.06773119180747,1371.723866983015,510.1968951667648,1534.4480206321955,261.83415379569385,380.26870960806946,HIT,True,1157.5123901727636
2026_07_21_gym,flight_55,20,0,550,ok,True,12,12,301.0745095883082,1340.3918645711121,510.1968951667648,1534.4480206321955,285.28926347696336,425.09244236187243,HIT,True,1163.8668458787497
2026_07_21_gym,flight_55,20,0,600,ok,True,13,13,313.09337340197544,1361.1865535789047,510.1968951667648,1534.4480206321955,262.4296748798454,411.2330965145194,HIT,True,1161.828815347517
2026_07_21_gym,flight_55,20,0,650,ok,True,14,14,325.1814616058805,1379.757915262876,510.1968951667648,1534.4480206321955,241.16330432902348,386.58754783842477,HIT,True,1158.5169362576075
2026_07_21_gym,flight_55,20,0,700,ok,True,15,15,341.27962672265886,1396.999245488666,510.1968951667648,1534.4480206321955,217.77329810395645,359.77521388936054,HIT,True,1155.3106507184089
2026_07_21_gym,flight_55,20,0,750,ok,True,16,16,398.7464263996486,1414.5997580426335,510.1968951667648,1534.4480206321955,163.66066428481383,276.21763130779675,HIT,True,1149.9261789934644
2026_07_21_gym,flight_55,20,0,800,ok,True,17,17,372.47546092147,1441.904571966716,510.1968951667648,1534.4480206321955,165.92613821059444,298.120864442922,HIT,True,1148.477155091799
2026_07_21_gym,flight_55,20,0,850,ok,True,18,18,402.15552188332646,1454.0819226860642,510.1968951667648,1534.4480206321955,134.65380811569509,247.98067767604525,HIT,True,1145.0720490467106
2026_07_21_gym,flight_55,20,0,900,ok,True,19,19,394.61019460166773,1466.1808308923182,510.1968951667648,1534.4480206321955,134.24118050175892,269.4597451807955,HIT,True,1144.4156455753587
2026_07_21_gym,flight_55,20,0,950,ok,True,20,20,403.8433059094136,1464.99374686199,510.1968951667648,1534.4480206321955,127.02354936336813,247.7285361579307,HIT,True,1143.9165512520901
2026_07_21_gym,flight_55,20,0,1000,ok,True,21,21,408.9985303445313,1467.5786579536289,510.1968951667648,1534.4480206321955,121.29559228484585,256.27448801451794,HIT,True,1143.4804563377334
2026_07_21_gym,flight_55,20,0,1050,ok,True,22,22,483.81694249121745,1482.6586823549062,510.1968951667648,1534.4480206321955,58.12088662747344,155.7963515787898,HIT,True,1139.4501773196118
2026_07_21_gym,flight_55,20,0,1100,ok,True,23,23,470.3255438988413,1488.1892959525514,510.1968951667648,1534.4480206321955,61.070404132585,148.9233749199684,HIT,True,1139.0713266362989
2026_07_21_gym,flight_55,20,0,1150,ok,True,24,24,394.466635310248,1514.1298655479668,510.1968951667648,1534.4480206321955,117.50029988252656,243.510788553447,HIT,True,1137.7275189430711
2026_07_21_gym,flight_55,20,0,1200,ok,False,25,25,479.86480079858933,1512.460702509869,510.1968951667648,1534.4480206321955,37.46302319584329,134.79855462293068,HIT,True,1135.7682787649053
2026_07_21_gym,flight_55,20,0,1250,ok,False,26,26,458.8832701948823,1526.0083397095407,510.1968951667648,1534.4480206321955,52.00304146712218,180.88779614643624,HIT,True,1133.8815037816173
2026_07_21_gym,flight_56,20,0,150,not_fit_eligible,True,4,4,,,,,,,,,
2026_07_21_gym,flight_56,20,0,200,not_fit_eligible,True,5,5,,,,,,,,,
2026_07_21_gym,flight_56,20,0,250,not_fit_eligible,True,5,5,,,,,,,,,
2026_07_21_gym,flight_56,20,0,300,not_fit_eligible,True,6,6,,,,,,,,,
2026_07_21_gym,flight_56,20,0,350,not_fit_eligible,True,7,7,,,,,,,,,
2026_07_21_gym,flight_56,20,0,400,fit_failed,True,8,8,,,,,,,,,
2026_07_21_gym,flight_56,20,0,450,fit_failed,True,9,9,,,,,,,,,
2026_07_21_gym,flight_56,20,0,490,fit_failed,True,9,9,,,,,,,,,
2026_07_21_gym,flight_56,20,0,500,ok,True,10,10,1414.2310809195756,798.4673883013829,1205.4387980249257,893.5469282785425,229.4217433431883,242.80492320337103,HIT,True,1157.0688435386398
2026_07_21_gym,flight_56,20,0,550,ok,True,11,11,1406.9098257720766,803.0925062005194,1205.4387980249257,893.5469282785425,220.84514369793683,235.1086200889065,HIT,True,1158.4468942058584
2026_07_21_gym,flight_56,20,0,600,ok,True,12,12,1406.9098585645559,803.092317712936,1205.4387980249257,893.5469282785425,220.84525081499677,235.10865869052623,HIT,True,1158.446922561368
2026_07_21_gym,flight_56,20,0,650,ok,True,13,13,1275.4657961215596,812.8432448580883,1205.4387980249257,893.5469282785425,106.84973083754055,102.24679151656761,HIT,True,1169.3506358342845
2026_07_21_gym,flight_56,20,0,700,ok,True,13,13,1275.4657961215596,812.8432448580883,1205.4387980249257,893.5469282785425,106.84973083754055,102.24679151656761,HIT,True,1169.3506358342845
2026_07_21_gym,flight_56,20,0,750,ok,True,14,14,1376.5902748384021,838.0220645875817,1205.4387980249257,893.5469282785425,179.93287221442816,203.17024830932678,HIT,True,1159.9087737803884
2026_07_21_gym,flight_56,20,0,800,ok,True,15,15,1376.5903046372828,838.0218897750563,1205.4387980249257,893.5469282785425,179.93295450387436,203.17026818684502,HIT,True,1159.9088001791797
2026_07_21_gym,flight_56,20,0,850,ok,True,16,16,1202.312408439214,851.0830556085841,1205.4387980249257,893.5469282785425,42.57880686412062,44.20263151295673,HIT,True,1170.9018667038677
2026_07_21_gym,flight_56,20,0,900,ok,True,17,17,1312.5144473410155,839.8537195294789,1205.4387980249257,893.5469282785425,119.78378580689774,150.7973152950713,HIT,True,1167.3500211931662
2026_07_21_gym,flight_56,20,0,950,ok,True,18,18,1213.072358481295,850.363393763257,1205.4387980249257,893.5469282785425,43.85303750567224,49.909184412736934,HIT,True,1172.0360316491137
2026_07_21_gym,flight_56,20,0,1000,ok,True,18,18,1213.072358481295,850.363393763257,1205.4387980249257,893.5469282785425,43.85303750567224,49.909184412736934,HIT,True,1172.0360316491137
2026_07_21_gym,flight_56,20,0,1050,ok,True,19,19,1224.6382398977994,857.5200675824069,1205.4387980249257,893.5469282785425,40.82344007857023,48.10240313281351,HIT,True,1171.4026150623258
2026_07_21_gym,flight_56,20,0,1100,ok,True,20,20,1228.1038863236272,855.8457563399725,1205.4387980249257,893.5469282785425,43.98959641926207,47.89543548995345,HIT,True,1171.2314597205036
2026_07_21_gym,flight_56,20,0,1150,ok,True,21,21,1222.688008815117,899.9658892162896,1205.4387980249257,893.5469282785425,18.404845351286507,36.55810340732971,HIT,True,1166.9179366749038
2026_07_21_gym,flight_56,20,0,1200,ok,True,22,22,1211.8630734531198,913.8349274100874,1205.4387980249257,893.5469282785425,21.280841701842157,32.96673640769825,HIT,True,1166.0259454876832
2026_07_21_gym,flight_56,20,0,1250,ok,True,23,23,1208.7192423236384,902.5969817537018,1205.4387980249257,893.5469282785425,9.62625486366318,19.084343111138637,HIT,True,1167.2873750385775
2026_07_21_gym,flight_57,20,0,150,not_fit_eligible,True,4,4,,,,,,,,,
2026_07_21_gym,flight_57,20,0,200,not_fit_eligible,True,5,5,,,,,,,,,
2026_07_21_gym,flight_57,20,0,250,not_fit_eligible,True,6,6,,,,,,,,,
2026_07_21_gym,flight_57,20,0,300,not_fit_eligible,True,7,7,,,,,,,,,
2026_07_21_gym,flight_57,20,0,350,fit_failed,True,8,8,,,,,,,,,
2026_07_21_gym,flight_57,20,0,400,ok,True,9,9,504.5165343667068,1114.321852611542,437.4616227829008,1073.0037777988493,78.76258295497495,116.13203032487853,HIT,True,1244.1957704141323
2026_07_21_gym,flight_57,20,0,450,ok,True,10,10,510.653427584088,1074.6184670631603,437.4616227829008,1073.0037777988493,73.20961351813959,89.24587496070725,HIT,True,1248.5114755531447
2026_07_21_gym,flight_57,20,0,490,ok,True,10,10,510.653427584088,1074.6184670631603,437.4616227829008,1073.0037777988493,73.20961351813959,89.24587496070725,HIT,True,1248.5114755531447
2026_07_21_gym,flight_57,20,0,500,ok,True,11,11,469.36921123435224,1063.0463412709228,437.4616227829008,1073.0037777988493,33.4252111884859,34.40732886616267,HIT,True,1256.3346469022115
2026_07_21_gym,flight_57,20,0,550,ok,True,12,12,489.67722089199486,1060.142698026201,437.4616227829008,1073.0037777988493,53.77616627102429,49.28345656380572,HIT,True,1256.8791959324992
2026_07_21_gym,flight_57,20,0,600,ok,True,13,13,504.5349889436044,1072.3883039872903,437.4616227829008,1073.0037777988493,67.07618993458507,69.93585118523762,HIT,True,1255.111360332623
2026_07_21_gym,flight_57,20,0,650,ok,True,14,14,466.63531462658733,1090.0709402754476,437.4616227829008,1073.0037777988493,33.7992948268597,44.51476457289855,HIT,True,1256.7096181127772
2026_07_21_gym,flight_57,20,0,700,ok,True,15,15,413.1705928043782,1090.5310889675864,437.4616227829008,1073.0037777988493,29.95431144632133,24.986838836447458,HIT,True,1259.9285593387867
2026_07_21_gym,flight_57,20,0,750,ok,True,16,16,416.1304799595156,1092.0908361307957,437.4616227829008,1073.0037777988493,28.624001291202806,26.026849285820397,HIT,True,1258.4666745188276
2026_07_21_gym,flight_57,20,0,800,ok,True,17,17,416.13048352275683,1092.0907829406542,437.4616227829008,1073.0037777988493,28.62396316757938,26.02679578494794,HIT,True,1258.4666826507114
2026_07_21_gym,flight_57,20,0,850,ok,True,18,18,352.2306567617927,1115.7132284211177,437.4616227829008,1073.0037777988493,95.33317754773131,79.1917821824918,HIT,True,1258.1924759804585
2026_07_21_gym,flight_57,20,0,900,ok,True,19,19,342.6977235560847,1106.7231471916557,437.4616227829008,1073.0037777988493,100.58425557172792,86.46623366122586,HIT,True,1259.9085995121145
2026_07_21_gym,flight_57,20,0,950,ok,True,20,20,361.0887782563478,1112.1198351530154,437.4616227829008,1073.0037777988493,85.80721020993194,68.2423345132435,HIT,True,1258.1463559667222
2026_07_21_gym,flight_57,20,0,1000,ok,True,21,21,371.1127502381306,1102.1914884939708,437.4616227829008,1073.0037777988493,72.48513877743679,58.012942885197226,HIT,True,1258.481335489901
2026_07_21_gym,flight_57,20,0,1050,ok,True,22,22,442.4626762577494,1072.2105590395356,437.4616227829008,1073.0037777988493,5.0635690830107825,13.682486731369668,HIT,True,1259.4055374986692
2026_07_21_gym,flight_57,20,0,1100,ok,True,23,23,448.31250750988704,1062.5246823426044,437.4616227829008,1073.0037777988493,15.084864631127363,17.95147299462955,HIT,True,1260.0290708338418
2026_07_21_gym,flight_57,20,0,1150,ok,True,24,24,445.09951121713664,1059.8064195882953,437.4616227829008,1073.0037777988493,15.248200007591457,16.06623963589036,HIT,True,1260.2147707343263
2026_07_21_gym,flight_57,20,0,1200,ok,True,25,25,423.85811594360393,1075.665189752652,437.4616227829008,1073.0037777988493,13.861403677645352,11.141536559085896,HIT,True,1258.8350156938054
2026_07_21_gym,flight_57,20,0,1250,ok,True,26,26,434.24124250779835,1088.4441963079835,437.4616227829008,1073.0037777988493,15.772678049509567,26.70691035297774,HIT,True,1257.4603450380605
2026_07_21_gym,flight_58,20,0,150,not_fit_eligible,True,4,4,,,,,,,,,
2026_07_21_gym,flight_58,20,0,200,not_fit_eligible,True,5,5,,,,,,,,,
2026_07_21_gym,flight_58,20,0,250,not_fit_eligible,True,6,6,,,,,,,,,
2026_07_21_gym,flight_58,20,0,300,not_fit_eligible,True,7,7,,,,,,,,,
2026_07_21_gym,flight_58,20,0,350,fit_failed,True,8,8,,,,,,,,,
2026_07_21_gym,flight_58,20,0,400,ok,True,9,9,1021.9827132428244,1762.763650247528,818.1029512374254,1807.2558140387096,208.67800553532103,190.41092037971484,HIT,True,1302.068884274263
2026_07_21_gym,flight_58,20,0,450,ok,True,10,10,790.6650046858715,1789.8374066003,818.1029512374254,1807.2558140387096,32.499874286777896,69.0791023883126,HIT,True,1314.9637524050668
2026_07_21_gym,flight_58,20,0,490,ok,True,10,10,790.6650046858715,1789.8374066003,818.1029512374254,1807.2558140387096,32.499874286777896,69.0791023883126,HIT,True,1314.9637524050668
2026_07_21_gym,flight_58,20,0,500,ok,True,11,11,751.5843495790748,1811.3950251392748,818.1029512374254,1807.2558140387096,66.64726127244361,35.44758299395609,HIT,True,1310.603722079714
2026_07_21_gym,flight_58,20,0,550,ok,True,12,12,801.5067076059777,1788.1811068498632,818.1029512374254,1807.2558140387096,25.2839822222409,46.429699346490544,HIT,True,1306.0332399550955
2026_07_21_gym,flight_58,20,0,600,ok,True,13,13,833.1882918997999,1769.6377522677863,818.1029512374254,1807.2558140387096,40.530063832923965,69.27536080011966,HIT,True,1304.1633422030866
2026_07_21_gym,flight_58,20,0,650,ok,True,14,14,829.7895791404474,1756.4428337800537,818.1029512374254,1807.2558140387096,52.139584142091564,73.54066205883645,HIT,True,1304.5063307603837
2026_07_21_gym,flight_58,20,0,700,ok,True,15,15,829.7895092180344,1756.443416854864,818.1029512374254,1807.2558140387096,52.139000230182965,73.54021497542344,HIT,True,1304.5062406693628
2026_07_21_gym,flight_58,20,0,750,ok,True,16,16,860.1910379578497,1727.8702740521037,818.1029512374254,1807.2558140387096,89.85249580702231,102.98238585963828,HIT,True,1303.816212907548
2026_07_21_gym,flight_58,20,0,800,ok,True,17,17,879.5116159956525,1716.0165622973932,818.1029512374254,1807.2558140387096,109.98011259179376,109.19088929687206,HIT,True,1303.3413846739993
2026_07_21_gym,flight_58,20,0,850,ok,True,18,18,864.8307014573938,1722.713967393345,818.1029512374254,1807.2558140387096,96.59609968745168,98.47160836882347,HIT,True,1304.175352577299
2026_07_21_gym,flight_58,20,0,900,ok,True,19,19,867.9617575040328,1724.5657541378991,818.1029512374254,1807.2558140387096,96.55851370402667,115.23551504302289,HIT,True,1304.217033618743
2026_07_21_gym,flight_58,20,0,950,ok,True,20,20,859.7043402211591,1725.8802697181827,818.1029512374254,1807.2558140387096,91.3928595615541,98.50487301880683,HIT,True,1305.3491660250088
2026_07_21_gym,flight_58,20,0,1000,ok,True,21,21,870.6200600760354,1721.3077765693135,818.1029512374254,1807.2558140387096,100.72294607291387,121.4507580396932,HIT,True,1306.6156888415735
2026_07_21_gym,flight_58,20,0,1050,ok,True,22,22,864.746988996648,1720.3651658446418,818.1029512374254,1807.2558140387096,98.61871527285807,107.48303511699781,HIT,True,1307.1901343076936
2026_07_21_gym,flight_58,20,0,1100,ok,True,23,23,858.1264346896166,1737.6692272308633,818.1029512374254,1807.2558140387096,80.27560209187942,96.17681698973267,HIT,True,1306.9910525445741
2026_07_21_gym,flight_58,20,0,1150,ok,True,24,24,858.5837321580954,1737.3574291385667,818.1029512374254,1807.2558140387096,80.77423992583158,100.90364294616104,HIT,True,1306.9906331750701
2026_07_21_gym,flight_58,20,0,1200,ok,True,25,25,828.4690164600171,1760.326643409833,818.1029512374254,1807.2558140387096,48.06040328704326,56.07245052327686,HIT,True,1307.1803616078105
2026_07_21_gym,flight_58,20,0,1250,ok,True,26,26,827.9026651301322,1784.0085176446798,818.1029512374254,1807.2558140387096,25.228380487276183,56.97947632281833,HIT,True,1305.240318712828
2026_07_21_gym,flight_59,20,0,150,not_fit_eligible,True,4,4,,,,,,,,,
2026_07_21_gym,flight_59,20,0,200,not_fit_eligible,True,5,5,,,,,,,,,
2026_07_21_gym,flight_59,20,0,250,not_fit_eligible,True,5,5,,,,,,,,,
2026_07_21_gym,flight_59,20,0,300,not_fit_eligible,True,6,6,,,,,,,,,
2026_07_21_gym,flight_59,20,0,350,not_fit_eligible,True,6,6,,,,,,,,,
2026_07_21_gym,flight_59,20,0,400,fit_failed,True,8,8,,,,,,,,,
2026_07_21_gym,flight_59,20,0,450,fit_failed,True,9,9,,,,,,,,,
2026_07_21_gym,flight_59,20,0,490,fit_failed,True,9,9,,,,,,,,,
2026_07_21_gym,flight_59,20,0,500,fit_failed,True,10,10,,,,,,,,,
2026_07_21_gym,flight_59,20,0,550,fit_failed,True,11,11,,,,,,,,,
2026_07_21_gym,flight_59,20,0,600,fit_failed,True,11,11,,,,,,,,,
2026_07_21_gym,flight_59,20,0,650,fit_failed,True,13,13,,,,,,,,,
2026_07_21_gym,flight_59,20,0,700,fit_failed,True,14,14,,,,,,,,,
2026_07_21_gym,flight_59,20,0,750,fit_failed,True,15,15,,,,,,,,,
2026_07_21_gym,flight_59,20,0,800,ok,True,16,16,980.359551466,986.7708234958382,1250.5356607016647,1104.98545317215,294.90647444779745,262.4921498708826,HIT,True,1494.3457078119407
2026_07_21_gym,flight_59,20,0,850,ok,True,16,16,980.359551466,986.7708234958382,1250.5356607016647,1104.98545317215,294.90647444779745,262.4921498708826,HIT,True,1494.3457078119407
2026_07_21_gym,flight_59,20,0,900,ok,True,17,17,1201.2654122953709,1053.9528521491136,1250.5356607016647,1104.98545317215,70.93577197151183,57.35777783093428,HIT,True,1466.0614378958956
2026_07_21_gym,flight_59,20,0,950,ok,True,18,18,1244.813797457217,1034.6787155210022,1250.5356607016647,1104.98545317215,70.5391882440923,64.09891992324636,HIT,True,1465.7660706488366
2026_07_21_gym,flight_59,20,0,1000,ok,True,19,19,1247.8384595458654,1038.9779591313488,1250.5356607016647,1104.98545317215,66.0625776337955,61.30586549795779,HIT,True,1465.585517722983
2026_07_21_gym,flight_59,20,0,1050,ok,True,20,20,1222.4981857840296,1074.5946111484077,1250.5356607016647,1104.98545317215,41.348558362645285,33.54514734107666,HIT,True,1463.9035305110824
2026_07_21_gym,flight_59,20,0,1100,ok,True,21,21,1239.9431328303865,1068.4722102710948,1250.5356607016647,1104.98545317215,38.018660600490236,37.73504136281509,HIT,True,1463.8315188774711
2026_07_21_gym,flight_59,20,0,1150,ok,True,22,22,1269.2769478341972,1041.0246686073297,1250.5356607016647,1104.98545317215,66.64996478267186,63.794482557570774,HIT,True,1464.9175774408814
2026_07_21_gym,flight_59,20,0,1200,ok,True,23,23,1269.2769478019175,1041.024668854827,1250.5356607016647,1104.98545317215,66.6499645360837,63.794482353173045,HIT,True,1464.9175774070054
2026_07_21_gym,flight_59,20,0,1250,ok,True,24,24,1232.7672323640802,1068.8556856062553,1250.5356607016647,1104.98545317215,40.26260237433068,35.67906670354767,HIT,True,1465.456759126006
2026_07_21_gym,flight_6,20,0,150,not_fit_eligible,True,4,4,,,,,,,,,
2026_07_21_gym,flight_6,20,0,200,not_fit_eligible,True,5,5,,,,,,,,,
2026_07_21_gym,flight_6,20,0,250,not_fit_eligible,True,6,6,,,,,,,,,
2026_07_21_gym,flight_6,20,0,300,not_fit_eligible,True,7,7,,,,,,,,,
2026_07_21_gym,flight_6,20,0,350,fit_failed,True,8,8,,,,,,,,,
2026_07_21_gym,flight_6,20,0,400,ok,True,9,9,333.8285077160966,783.0017848864989,343.7293430151896,797.8586428943668,17.853648632302438,20.402531479912245,HIT,True,559.0277848170145
2026_07_21_gym,flight_6,20,0,450,ok,True,10,10,333.2016574133584,782.6905848292728,343.7293430151896,797.8586428943668,18.463535674324856,19.891167412182714,HIT,True,558.8083306925546
2026_07_21_gym,flight_6,20,0,490,ok,True,10,10,333.2016574133584,782.6905848292728,343.7293430151896,797.8586428943668,18.463535674324856,19.891167412182714,HIT,True,558.8083306925546
2026_07_21_gym,flight_6,20,0,500,ok,True,11,11,328.28555951863416,782.757260904269,343.7293430151896,797.8586428943668,21.600050617980724,29.620553866576955,HIT,True,558.7970310656523
2026_07_21_gym,flight_6,20,0,550,ok,True,12,12,341.06982964900106,783.4474437875707,343.7293430151896,797.8586428943668,14.65454438188561,16.57052767115607,HIT,True,559.2088809467897
2026_07_21_gym,flight_6,20,0,600,ok,False,13,13,356.67033061946296,788.2309531289447,343.7293430151896,797.8586428943668,16.129524803699837,109.21324808540143,HIT,True,557.7438862797487
2026_07_21_gym,flight_6,20,0,650,ok,False,13,13,356.67033061946296,788.2309531289447,343.7293430151896,797.8586428943668,16.129524803699837,109.21324808540143,HIT,True,557.7438862797487
2026_07_21_gym,flight_6,20,0,700,ok,False,13,13,356.67033061946296,788.2309531289447,343.7293430151896,797.8586428943668,16.129524803699837,109.21324808540143,HIT,True,557.7438862797487
2026_07_21_gym,flight_6,20,0,750,ok,False,13,13,356.67033061946296,788.2309531289447,343.7293430151896,797.8586428943668,16.129524803699837,109.21324808540143,HIT,True,557.7438862797487
2026_07_21_gym,flight_6,20,0,800,ok,False,13,13,356.67033061946296,788.2309531289447,343.7293430151896,797.8586428943668,16.129524803699837,109.21324808540143,HIT,True,557.7438862797487
2026_07_21_gym,flight_6,20,0,850,ok,False,13,13,356.67033061946296,788.2309531289447,343.7293430151896,797.8586428943668,16.129524803699837,109.21324808540143,HIT,True,557.7438862797487
2026_07_21_gym,flight_6,20,0,900,ok,False,13,13,356.67033061946296,788.2309531289447,343.7293430151896,797.8586428943668,16.129524803699837,109.21324808540143,HIT,True,557.7438862797487
2026_07_21_gym,flight_6,20,0,950,ok,False,13,13,356.67033061946296,788.2309531289447,343.7293430151896,797.8586428943668,16.129524803699837,109.21324808540143,HIT,True,557.7438862797487
2026_07_21_gym,flight_6,20,0,1000,ok,False,13,13,356.67033061946296,788.2309531289447,343.7293430151896,797.8586428943668,16.129524803699837,109.21324808540143,HIT,True,557.7438862797487
2026_07_21_gym,flight_6,20,0,1050,ok,False,13,13,356.67033061946296,788.2309531289447,343.7293430151896,797.8586428943668,16.129524803699837,109.21324808540143,HIT,True,557.7438862797487
2026_07_21_gym,flight_6,20,0,1100,ok,False,13,13,356.67033061946296,788.2309531289447,343.7293430151896,797.8586428943668,16.129524803699837,109.21324808540143,HIT,True,557.7438862797487
2026_07_21_gym,flight_6,20,0,1150,ok,False,13,13,356.67033061946296,788.2309531289447,343.7293430151896,797.8586428943668,16.129524803699837,109.21324808540143,HIT,True,557.7438862797487
2026_07_21_gym,flight_6,20,0,1200,ok,False,13,13,356.67033061946296,788.2309531289447,343.7293430151896,797.8586428943668,16.129524803699837,109.21324808540143,HIT,True,557.7438862797487
2026_07_21_gym,flight_6,20,0,1250,ok,False,13,13,356.67033061946296,788.2309531289447,343.7293430151896,797.8586428943668,16.129524803699837,109.21324808540143,HIT,True,557.7438862797487
2026_07_21_gym,flight_61,20,0,150,not_fit_eligible,True,4,4,,,,,,,,,
2026_07_21_gym,flight_61,20,0,200,not_fit_eligible,True,5,5,,,,,,,,,
2026_07_21_gym,flight_61,20,0,250,not_fit_eligible,True,6,6,,,,,,,,,
2026_07_21_gym,flight_61,20,0,300,not_fit_eligible,True,7,7,,,,,,,,,
2026_07_21_gym,flight_61,20,0,350,fit_failed,True,8,8,,,,,,,,,
2026_07_21_gym,flight_61,20,0,400,fit_failed,True,9,9,,,,,,,,,
2026_07_21_gym,flight_61,20,0,450,fit_failed,True,10,10,,,,,,,,,
2026_07_21_gym,flight_61,20,0,490,fit_failed,True,10,10,,,,,,,,,
2026_07_21_gym,flight_61,20,0,500,fit_failed,True,11,11,,,,,,,,,
2026_07_21_gym,flight_61,20,0,550,fit_failed,True,12,12,,,,,,,,,
2026_07_21_gym,flight_61,20,0,600,ok,True,13,13,1460.894227812941,492.5475041134343,1335.9711181960122,523.3557039632246,128.66595701407508,236.93943273517579,HIT,True,620.9203081093412
2026_07_21_gym,flight_61,20,0,650,ok,False,14,14,1439.8124652392446,494.686636330558,1335.9711181960122,523.3557039632246,107.72623076428252,196.9645828782843,HIT,True,620.5495028664002
2026_07_21_gym,flight_61,20,0,700,ok,False,14,14,1439.8124652392446,494.686636330558,1335.9711181960122,523.3557039632246,107.72623076428252,196.9645828782843,HIT,True,620.5495028664002
2026_07_21_gym,flight_61,20,0,750,ok,False,14,14,1439.8124652392446,494.686636330558,1335.9711181960122,523.3557039632246,107.72623076428252,196.9645828782843,HIT,True,620.5495028664002
2026_07_21_gym,flight_61,20,0,800,ok,False,14,14,1439.8124652392446,494.686636330558,1335.9711181960122,523.3557039632246,107.72623076428252,196.9645828782843,HIT,True,620.5495028664002
2026_07_21_gym,flight_61,20,0,850,ok,False,14,14,1439.8124652392446,494.686636330558,1335.9711181960122,523.3557039632246,107.72623076428252,196.9645828782843,HIT,True,620.5495028664002
2026_07_21_gym,flight_61,20,0,900,ok,False,14,14,1439.8124652392446,494.686636330558,1335.9711181960122,523.3557039632246,107.72623076428252,196.9645828782843,HIT,True,620.5495028664002
2026_07_21_gym,flight_61,20,0,950,ok,False,14,14,1439.8124652392446,494.686636330558,1335.9711181960122,523.3557039632246,107.72623076428252,196.9645828782843,HIT,True,620.5495028664002
2026_07_21_gym,flight_61,20,0,1000,ok,False,14,14,1439.8124652392446,494.686636330558,1335.9711181960122,523.3557039632246,107.72623076428252,196.9645828782843,HIT,True,620.5495028664002
2026_07_21_gym,flight_61,20,0,1050,ok,False,14,14,1439.8124652392446,494.686636330558,1335.9711181960122,523.3557039632246,107.72623076428252,196.9645828782843,HIT,True,620.5495028664002
2026_07_21_gym,flight_61,20,0,1100,ok,False,14,14,1439.8124652392446,494.686636330558,1335.9711181960122,523.3557039632246,107.72623076428252,196.9645828782843,HIT,True,620.5495028664002
2026_07_21_gym,flight_61,20,0,1150,ok,False,14,14,1439.8124652392446,494.686636330558,1335.9711181960122,523.3557039632246,107.72623076428252,196.9645828782843,HIT,True,620.5495028664002
2026_07_21_gym,flight_61,20,0,1200,ok,False,14,14,1439.8124652392446,494.686636330558,1335.9711181960122,523.3557039632246,107.72623076428252,196.9645828782843,HIT,True,620.5495028664002
2026_07_21_gym,flight_61,20,0,1250,ok,False,14,14,1439.8124652392446,494.686636330558,1335.9711181960122,523.3557039632246,107.72623076428252,196.9645828782843,HIT,True,620.5495028664002
2026_07_21_gym,flight_62,20,0,150,not_fit_eligible,True,4,4,,,,,,,,,
2026_07_21_gym,flight_62,20,0,200,not_fit_eligible,True,5,5,,,,,,,,,
2026_07_21_gym,flight_62,20,0,250,not_fit_eligible,True,6,6,,,,,,,,,
2026_07_21_gym,flight_62,20,0,300,not_fit_eligible,True,7,7,,,,,,,,,
2026_07_21_gym,flight_62,20,0,350,fit_failed,True,8,8,,,,,,,,,
2026_07_21_gym,flight_62,20,0,400,fit_failed,True,9,9,,,,,,,,,
2026_07_21_gym,flight_62,20,0,450,fit_failed,True,10,10,,,,,,,,,
2026_07_21_gym,flight_62,20,0,490,fit_failed,True,10,10,,,,,,,,,
2026_07_21_gym,flight_62,20,0,500,fit_failed,True,11,11,,,,,,,,,
2026_07_21_gym,flight_62,20,0,550,ok,True,12,12,664.2007995632782,1323.4401673862997,672.461770859789,1340.2053184049012,18.689942092962458,69.29240464299743,HIT,True,535.8123143480616
2026_07_21_gym,flight_62,20,0,600,ok,False,13,13,747.4127910152476,1331.5063567805128,672.461770859789,1340.2053184049012,75.45414074579705,196.79080290713057,HIT,True,538.7208135706653
2026_07_21_gym,flight_62,20,0,650,ok,False,14,14,703.5565204358854,1329.189635881836,672.461770859789,1340.2053184049012,32.98831175809263,138.40787182279863,HIT,True,536.9357539370561
2026_07_21_gym,flight_62,20,0,700,ok,False,15,15,678.4198742111294,1340.3321719129788,672.461770859789,1340.2053184049012,5.959453612351116,75.67465564656378,HIT,True,534.7441307128867
2026_07_21_gym,flight_62,20,0,750,ok,False,15,15,678.4198742111294,1340.3321719129788,672.461770859789,1340.2053184049012,5.959453612351116,75.67465564656378,HIT,True,534.7441307128867
2026_07_21_gym,flight_62,20,0,800,ok,False,15,15,678.4198742111294,1340.3321719129788,672.461770859789,1340.2053184049012,5.959453612351116,75.67465564656378,HIT,True,534.7441307128867
2026_07_21_gym,flight_62,20,0,850,ok,False,15,15,678.4198742111294,1340.3321719129788,672.461770859789,1340.2053184049012,5.959453612351116,75.67465564656378,HIT,True,534.7441307128867
2026_07_21_gym,flight_62,20,0,900,ok,False,15,15,678.4198742111294,1340.3321719129788,672.461770859789,1340.2053184049012,5.959453612351116,75.67465564656378,HIT,True,534.7441307128867
2026_07_21_gym,flight_62,20,0,950,ok,False,15,15,678.4198742111294,1340.3321719129788,672.461770859789,1340.2053184049012,5.959453612351116,75.67465564656378,HIT,True,534.7441307128867
2026_07_21_gym,flight_62,20,0,1000,ok,False,15,15,678.4198742111294,1340.3321719129788,672.461770859789,1340.2053184049012,5.959453612351116,75.67465564656378,HIT,True,534.7441307128867
2026_07_21_gym,flight_62,20,0,1050,ok,False,15,15,678.4198742111294,1340.3321719129788,672.461770859789,1340.2053184049012,5.959453612351116,75.67465564656378,HIT,True,534.7441307128867
2026_07_21_gym,flight_62,20,0,1100,ok,False,15,15,678.4198742111294,1340.3321719129788,672.461770859789,1340.2053184049012,5.959453612351116,75.67465564656378,HIT,True,534.7441307128867
2026_07_21_gym,flight_62,20,0,1150,ok,False,15,15,678.4198742111294,1340.3321719129788,672.461770859789,1340.2053184049012,5.959453612351116,75.67465564656378,HIT,True,534.7441307128867
2026_07_21_gym,flight_62,20,0,1200,ok,False,15,15,678.4198742111294,1340.3321719129788,672.461770859789,1340.2053184049012,5.959453612351116,75.67465564656378,HIT,True,534.7441307128867
2026_07_21_gym,flight_62,20,0,1250,ok,False,15,15,678.4198742111294,1340.3321719129788,672.461770859789,1340.2053184049012,5.959453612351116,75.67465564656378,HIT,True,534.7441307128867
2026_07_21_gym,flight_63,20,0,150,not_fit_eligible,True,4,4,,,,,,,,,
2026_07_21_gym,flight_63,20,0,200,not_fit_eligible,True,5,5,,,,,,,,,
2026_07_21_gym,flight_63,20,0,250,not_fit_eligible,True,6,6,,,,,,,,,
2026_07_21_gym,flight_63,20,0,300,not_fit_eligible,True,7,7,,,,,,,,,
2026_07_21_gym,flight_63,20,0,350,fit_failed,True,8,8,,,,,,,,,
2026_07_21_gym,flight_63,20,0,400,fit_failed,True,9,9,,,,,,,,,
2026_07_21_gym,flight_63,20,0,450,fit_failed,True,10,10,,,,,,,,,
2026_07_21_gym,flight_63,20,0,490,fit_failed,True,10,10,,,,,,,,,
2026_07_21_gym,flight_63,20,0,500,fit_failed,True,10,10,,,,,,,,,
2026_07_21_gym,flight_63,20,0,550,ok,True,11,11,673.1100951289618,818.2162492402384,625.2754215699265,830.7889720403076,49.45937073100356,117.30276567187337,HIT,True,597.709638975464
2026_07_21_gym,flight_63,20,0,600,ok,True,12,12,642.8088598080931,826.7908390403248,625.2754215699265,830.7889720403076,17.983506997723033,50.494799567095896,HIT,True,595.8152680288575
2026_07_21_gym,flight_63,20,0,650,ok,False,13,13,650.878647545695,820.8924721336961,625.2754215699265,830.7889720403076,27.449333157070132,35.32435701412524,HIT,True,596.9379341366174
2026_07_21_gym,flight_63,20,0,700,ok,False,13,13,650.878647545695,820.8924721336961,625.2754215699265,830.7889720403076,27.449333157070132,35.32435701412524,HIT,True,596.9379341366174
2026_07_21_gym,flight_63,20,0,750,ok,False,13,13,650.878647545695,820.8924721336961,625.2754215699265,830.7889720403076,27.449333157070132,35.32435701412524,HIT,True,596.9379341366174
2026_07_21_gym,flight_63,20,0,800,ok,False,13,13,650.878647545695,820.8924721336961,625.2754215699265,830.7889720403076,27.449333157070132,35.32435701412524,HIT,True,596.9379341366174
2026_07_21_gym,flight_63,20,0,850,ok,False,13,13,650.878647545695,820.8924721336961,625.2754215699265,830.7889720403076,27.449333157070132,35.32435701412524,HIT,True,596.9379341366174
2026_07_21_gym,flight_63,20,0,900,ok,False,13,13,650.878647545695,820.8924721336961,625.2754215699265,830.7889720403076,27.449333157070132,35.32435701412524,HIT,True,596.9379341366174
2026_07_21_gym,flight_63,20,0,950,ok,False,13,13,650.878647545695,820.8924721336961,625.2754215699265,830.7889720403076,27.449333157070132,35.32435701412524,HIT,True,596.9379341366174
2026_07_21_gym,flight_63,20,0,1000,ok,False,13,13,650.878647545695,820.8924721336961,625.2754215699265,830.7889720403076,27.449333157070132,35.32435701412524,HIT,True,596.9379341366174
2026_07_21_gym,flight_63,20,0,1050,ok,False,13,13,650.878647545695,820.8924721336961,625.2754215699265,830.7889720403076,27.449333157070132,35.32435701412524,HIT,True,596.9379341366174
2026_07_21_gym,flight_63,20,0,1100,ok,False,13,13,650.878647545695,820.8924721336961,625.2754215699265,830.7889720403076,27.449333157070132,35.32435701412524,HIT,True,596.9379341366174
2026_07_21_gym,flight_63,20,0,1150,ok,False,13,13,650.878647545695,820.8924721336961,625.2754215699265,830.7889720403076,27.449333157070132,35.32435701412524,HIT,True,596.9379341366174
2026_07_21_gym,flight_63,20,0,1200,ok,False,13,13,650.878647545695,820.8924721336961,625.2754215699265,830.7889720403076,27.449333157070132,35.32435701412524,HIT,True,596.9379341366174
2026_07_21_gym,flight_63,20,0,1250,ok,False,13,13,650.878647545695,820.8924721336961,625.2754215699265,830.7889720403076,27.449333157070132,35.32435701412524,HIT,True,596.9379341366174
2026_07_21_gym,flight_64,20,0,150,not_fit_eligible,True,4,4,,,,,,,,,
2026_07_21_gym,flight_64,20,0,200,not_fit_eligible,True,5,5,,,,,,,,,
2026_07_21_gym,flight_64,20,0,250,not_fit_eligible,True,6,6,,,,,,,,,
2026_07_21_gym,flight_64,20,0,300,not_fit_eligible,True,7,7,,,,,,,,,
2026_07_21_gym,flight_64,20,0,350,fit_failed,True,8,8,,,,,,,,,
2026_07_21_gym,flight_64,20,0,400,fit_failed,True,9,9,,,,,,,,,
2026_07_21_gym,flight_64,20,0,450,ok,True,10,10,287.2998522374892,1203.4247108568138,245.20223956600768,1217.3061693237382,44.32723634298699,103.79734081920475,HIT,True,599.6787008083483
2026_07_21_gym,flight_64,20,0,490,ok,True,10,10,287.2998522374892,1203.4247108568138,245.20223956600768,1217.3061693237382,44.32723634298699,103.79734081920475,HIT,True,599.6787008083483
2026_07_21_gym,flight_64,20,0,500,ok,True,11,11,287.29985208021986,1203.4247068150885,245.20223956600768,1217.3061693237382,44.32723745932971,103.79734400827645,HIT,True,599.678701792329
2026_07_21_gym,flight_64,20,0,550,ok,True,12,12,192.0811149365467,1225.0536422680134,245.20223956600768,1217.3061693237382,53.683118565532325,97.0254410155578,HIT,True,596.6941314555643
2026_07_21_gym,flight_64,20,0,600,ok,True,13,13,336.07124810863957,1205.18890372028,245.20223956600768,1217.3061693237382,91.67335948477977,181.5870618399293,HIT,True,600.3075370793507
2026_07_21_gym,flight_64,20,0,650,ok,False,14,14,254.24016469308484,1221.5873241738454,245.20223956600768,1217.3061693237382,10.000618853513476,52.00358801137593,HIT,True,597.9868692946076
2026_07_21_gym,flight_64,20,0,700,ok,False,15,15,208.4040889601347,1229.6514512415022,245.20223956600768,1217.3061693237382,38.81378458282032,66.31521031986846,HIT,True,594.70054878674
2026_07_21_gym,flight_64,20,0,750,ok,False,16,16,236.7563762093142,1223.1347401659634,245.20223956600768,1217.3061693237382,10.261814941947419,43.234222999049976,HIT,True,594.2219529302467
2026_07_21_gym,flight_64,20,0,800,ok,False,16,16,236.7563762093142,1223.1347401659634,245.20223956600768,1217.3061693237382,10.261814941947419,43.234222999049976,HIT,True,594.2219529302467
2026_07_21_gym,flight_64,20,0,850,ok,False,16,16,236.7563762093142,1223.1347401659634,245.20223956600768,1217.3061693237382,10.261814941947419,43.234222999049976,HIT,True,594.2219529302467
2026_07_21_gym,flight_64,20,0,900,ok,False,16,16,236.7563762093142,1223.1347401659634,245.20223956600768,1217.3061693237382,10.261814941947419,43.234222999049976,HIT,True,594.2219529302467
2026_07_21_gym,flight_64,20,0,950,ok,False,16,16,236.7563762093142,1223.1347401659634,245.20223956600768,1217.3061693237382,10.261814941947419,43.234222999049976,HIT,True,594.2219529302467
2026_07_21_gym,flight_64,20,0,1000,ok,False,16,16,236.7563762093142,1223.1347401659634,245.20223956600768,1217.3061693237382,10.261814941947419,43.234222999049976,HIT,True,594.2219529302467
2026_07_21_gym,flight_64,20,0,1050,ok,False,16,16,236.7563762093142,1223.1347401659634,245.20223956600768,1217.3061693237382,10.261814941947419,43.234222999049976,HIT,True,594.2219529302467
2026_07_21_gym,flight_64,20,0,1100,ok,False,16,16,236.7563762093142,1223.1347401659634,245.20223956600768,1217.3061693237382,10.261814941947419,43.234222999049976,HIT,True,594.2219529302467
2026_07_21_gym,flight_64,20,0,1150,ok,False,16,16,236.7563762093142,1223.1347401659634,245.20223956600768,1217.3061693237382,10.261814941947419,43.234222999049976,HIT,True,594.2219529302467
2026_07_21_gym,flight_64,20,0,1200,ok,False,16,16,236.7563762093142,1223.1347401659634,245.20223956600768,1217.3061693237382,10.261814941947419,43.234222999049976,HIT,True,594.2219529302467
2026_07_21_gym,flight_64,20,0,1250,ok,False,16,16,236.7563762093142,1223.1347401659634,245.20223956600768,1217.3061693237382,10.261814941947419,43.234222999049976,HIT,True,594.2219529302467
2026_07_21_gym,flight_65,20,0,150,not_fit_eligible,True,4,4,,,,,,,,,
2026_07_21_gym,flight_65,20,0,200,not_fit_eligible,True,5,5,,,,,,,,,
2026_07_21_gym,flight_65,20,0,250,not_fit_eligible,True,6,6,,,,,,,,,
2026_07_21_gym,flight_65,20,0,300,not_fit_eligible,True,7,7,,,,,,,,,
2026_07_21_gym,flight_65,20,0,350,fit_failed,True,8,8,,,,,,,,,
2026_07_21_gym,flight_65,20,0,400,fit_failed,True,9,9,,,,,,,,,
2026_07_21_gym,flight_65,20,0,450,ok,True,10,10,343.1549407126578,581.8581528802266,432.1015079079062,585.2488539384368,89.01117159932785,217.1105078420752,HIT,True,647.3168492767049
2026_07_21_gym,flight_65,20,0,490,ok,True,10,10,343.1549407126578,581.8581528802266,432.1015079079062,585.2488539384368,89.01117159932785,217.1105078420752,HIT,True,647.3168492767049
2026_07_21_gym,flight_65,20,0,500,ok,True,11,11,420.3084129011891,553.8608289791208,432.1015079079062,585.2488539384368,33.530362370306996,126.67888393903155,HIT,True,650.9167201360574
2026_07_21_gym,flight_65,20,0,550,ok,True,12,12,427.97247144903895,562.4915571330647,432.1015079079062,585.2488539384368,23.128845625462034,98.5432225499486,HIT,True,648.8705818412782
2026_07_21_gym,flight_65,20,0,600,ok,True,13,13,438.98966039851723,571.2612503917981,432.1015079079062,585.2488539384368,15.59165474578796,75.52203613637602,HIT,True,648.1922445704033
2026_07_21_gym,flight_65,20,0,650,ok,True,14,14,430.38411190991144,584.3235202265942,432.1015079079062,585.2488539384368,1.950818159696301,6.8307873904179575,HIT,True,645.383736272793
2026_07_21_gym,flight_65,20,0,700,ok,False,15,15,438.9896605780807,571.2612330933769,432.1015079079062,585.2488539384368,15.591670343897988,75.52204369254562,HIT,True,648.1922480527626
2026_07_21_gym,flight_65,20,0,750,ok,False,15,15,438.9896605780807,571.2612330933769,432.1015079079062,585.2488539384368,15.591670343897988,75.52204369254562,HIT,True,648.1922480527626
2026_07_21_gym,flight_65,20,0,800,ok,False,15,15,438.9896605780807,571.2612330933769,432.1015079079062,585.2488539384368,15.591670343897988,75.52204369254562,HIT,True,648.1922480527626
2026_07_21_gym,flight_65,20,0,850,ok,False,15,15,438.9896605780807,571.2612330933769,432.1015079079062,585.2488539384368,15.591670343897988,75.52204369254562,HIT,True,648.1922480527626
2026_07_21_gym,flight_65,20,0,900,ok,False,15,15,438.9896605780807,571.2612330933769,432.1015079079062,585.2488539384368,15.591670343897988,75.52204369254562,HIT,True,648.1922480527626
2026_07_21_gym,flight_65,20,0,950,ok,False,15,15,438.9896605780807,571.2612330933769,432.1015079079062,585.2488539384368,15.591670343897988,75.52204369254562,HIT,True,648.1922480527626
2026_07_21_gym,flight_65,20,0,1000,ok,False,15,15,438.9896605780807,571.2612330933769,432.1015079079062,585.2488539384368,15.591670343897988,75.52204369254562,HIT,True,648.1922480527626
2026_07_21_gym,flight_65,20,0,1050,ok,False,15,15,438.9896605780807,571.2612330933769,432.1015079079062,585.2488539384368,15.591670343897988,75.52204369254562,HIT,True,648.1922480527626
2026_07_21_gym,flight_65,20,0,1100,ok,False,15,15,438.9896605780807,571.2612330933769,432.1015079079062,585.2488539384368,15.591670343897988,75.52204369254562,HIT,True,648.1922480527626
2026_07_21_gym,flight_65,20,0,1150,ok,False,15,15,438.9896605780807,571.2612330933769,432.1015079079062,585.2488539384368,15.591670343897988,75.52204369254562,HIT,True,648.1922480527626
2026_07_21_gym,flight_65,20,0,1200,ok,False,15,15,438.9896605780807,571.2612330933769,432.1015079079062,585.2488539384368,15.591670343897988,75.52204369254562,HIT,True,648.1922480527626
2026_07_21_gym,flight_65,20,0,1250,ok,False,15,15,438.9896605780807,571.2612330933769,432.1015079079062,585.2488539384368,15.591670343897988,75.52204369254562,HIT,True,648.1922480527626
2026_07_21_gym,flight_66,20,0,150,not_fit_eligible,True,4,4,,,,,,,,,
2026_07_21_gym,flight_66,20,0,200,not_fit_eligible,True,5,5,,,,,,,,,
2026_07_21_gym,flight_66,20,0,250,not_fit_eligible,True,6,6,,,,,,,,,
2026_07_21_gym,flight_66,20,0,300,not_fit_eligible,True,7,7,,,,,,,,,
2026_07_21_gym,flight_66,20,0,350,fit_failed,True,8,8,,,,,,,,,
2026_07_21_gym,flight_66,20,0,400,fit_failed,True,9,9,,,,,,,,,
2026_07_21_gym,flight_66,20,0,450,fit_failed,True,10,10,,,,,,,,,
2026_07_21_gym,flight_66,20,0,490,fit_failed,True,10,10,,,,,,,,,
2026_07_21_gym,flight_66,20,0,500,ok,True,11,11,304.0997587365571,318.73317528468067,299.83480690555757,328.8815487677828,11.008146913685195,43.32637643983881,HIT,True,545.1119962564553
2026_07_21_gym,flight_66,20,0,550,fit_failed,True,12,12,,,,,,,,,
2026_07_21_gym,flight_66,20,0,600,fit_failed,False,12,12,,,,,,,,,
2026_07_21_gym,flight_66,20,0,650,fit_failed,False,12,12,,,,,,,,,
2026_07_21_gym,flight_66,20,0,700,fit_failed,False,12,12,,,,,,,,,
2026_07_21_gym,flight_66,20,0,750,fit_failed,False,12,12,,,,,,,,,
2026_07_21_gym,flight_66,20,0,800,fit_failed,False,12,12,,,,,,,,,
2026_07_21_gym,flight_66,20,0,850,fit_failed,False,12,12,,,,,,,,,
2026_07_21_gym,flight_66,20,0,900,fit_failed,False,12,12,,,,,,,,,
2026_07_21_gym,flight_66,20,0,950,fit_failed,False,12,12,,,,,,,,,
2026_07_21_gym,flight_66,20,0,1000,fit_failed,False,12,12,,,,,,,,,
2026_07_21_gym,flight_66,20,0,1050,fit_failed,False,12,12,,,,,,,,,
2026_07_21_gym,flight_66,20,0,1100,fit_failed,False,12,12,,,,,,,,,
2026_07_21_gym,flight_66,20,0,1150,fit_failed,False,12,12,,,,,,,,,
2026_07_21_gym,flight_66,20,0,1200,fit_failed,False,12,12,,,,,,,,,
2026_07_21_gym,flight_66,20,0,1250,fit_failed,False,12,12,,,,,,,,,
2026_07_21_gym,flight_68,20,0,150,not_fit_eligible,True,4,4,,,,,,,,,
2026_07_21_gym,flight_68,20,0,200,not_fit_eligible,True,5,5,,,,,,,,,
2026_07_21_gym,flight_68,20,0,250,not_fit_eligible,True,6,6,,,,,,,,,
2026_07_21_gym,flight_68,20,0,300,not_fit_eligible,True,7,7,,,,,,,,,
2026_07_21_gym,flight_68,20,0,350,ok,True,8,8,1348.5511875076058,988.9049663003111,1356.530675216053,1058.9734219161458,70.52134922473795,142.8813265699004,HIT,True,674.1457498144562
2026_07_21_gym,flight_68,20,0,400,ok,True,9,9,1421.841877580705,986.6016721768959,1356.530675216053,1058.9734219161458,97.48447730093817,174.23062183046582,HIT,True,672.9933388601657
2026_07_21_gym,flight_68,20,0,450,ok,True,10,10,1421.84214496558,986.6006598074589,1356.530675216053,1058.9734219161458,97.48540801619477,174.23202272625318,HIT,True,672.9935611833977
2026_07_21_gym,flight_68,20,0,490,ok,True,10,10,1421.84214496558,986.6006598074589,1356.530675216053,1058.9734219161458,97.48540801619477,174.23202272625318,HIT,True,672.9935611833977
2026_07_21_gym,flight_68,20,0,500,ok,True,11,11,1285.8251133313602,1021.706542379472,1356.530675216053,1058.9734219161458,79.92557032534125,125.76178179501585,HIT,True,668.5950918190583
2026_07_21_gym,flight_68,20,0,550,ok,True,12,12,1276.2664984545606,1029.6512532819995,1356.530675216053,1058.9734219161458,85.45248764435937,132.5706211280755,HIT,True,667.4846167592352
2026_07_21_gym,flight_68,20,0,600,ok,True,13,13,1302.5712511257395,1042.8679486354538,1356.530675216053,1058.9734219161458,56.31168367002871,81.27968771635885,HIT,True,667.327264616441
2026_07_21_gym,flight_68,20,0,650,ok,True,14,14,1321.7691536546288,1054.627930197881,1356.530675216053,1058.9734219161458,35.032080719518575,43.98723293547055,HIT,True,666.8413809202341
2026_07_21_gym,flight_68,20,0,700,ok,False,15,15,1321.7691282396634,1054.6280366291785,1356.530675216053,1058.9734219161458,35.032092736288696,43.98722249358157,HIT,True,666.8413569223204
2026_07_21_gym,flight_68,20,0,750,ok,False,16,16,1323.676679088859,1059.9089819193825,1356.530675216053,1058.9734219161458,32.86731406801195,43.393580108016884,HIT,True,666.2592839109162
2026_07_21_gym,flight_68,20,0,800,ok,False,17,17,1335.326628475888,1060.4552169282958,1356.530675216053,1058.9734219161458,21.255759563401554,29.032162911661974,HIT,True,666.6788340224894
2026_07_21_gym,flight_68,20,0,850,ok,False,17,17,1335.326628475888,1060.4552169282958,1356.530675216053,1058.9734219161458,21.255759563401554,29.032162911661974,HIT,True,666.6788340224894
2026_07_21_gym,flight_68,20,0,900,ok,False,17,17,1335.326628475888,1060.4552169282958,1356.530675216053,1058.9734219161458,21.255759563401554,29.032162911661974,HIT,True,666.6788340224894
2026_07_21_gym,flight_68,20,0,950,ok,False,17,17,1335.326628475888,1060.4552169282958,1356.530675216053,1058.9734219161458,21.255759563401554,29.032162911661974,HIT,True,666.6788340224894
2026_07_21_gym,flight_68,20,0,1000,ok,False,17,17,1335.326628475888,1060.4552169282958,1356.530675216053,1058.9734219161458,21.255759563401554,29.032162911661974,HIT,True,666.6788340224894
2026_07_21_gym,flight_68,20,0,1050,ok,False,17,17,1335.326628475888,1060.4552169282958,1356.530675216053,1058.9734219161458,21.255759563401554,29.032162911661974,HIT,True,666.6788340224894
2026_07_21_gym,flight_68,20,0,1100,ok,False,17,17,1335.326628475888,1060.4552169282958,1356.530675216053,1058.9734219161458,21.255759563401554,29.032162911661974,HIT,True,666.6788340224894
2026_07_21_gym,flight_68,20,0,1150,ok,False,17,17,1335.326628475888,1060.4552169282958,1356.530675216053,1058.9734219161458,21.255759563401554,29.032162911661974,HIT,True,666.6788340224894
2026_07_21_gym,flight_68,20,0,1200,ok,False,17,17,1335.326628475888,1060.4552169282958,1356.530675216053,1058.9734219161458,21.255759563401554,29.032162911661974,HIT,True,666.6788340224894
2026_07_21_gym,flight_68,20,0,1250,ok,False,17,17,1335.326628475888,1060.4552169282958,1356.530675216053,1058.9734219161458,21.255759563401554,29.032162911661974,HIT,True,666.6788340224894
2026_07_21_gym,flight_69,20,0,150,not_fit_eligible,True,4,4,,,,,,,,,
2026_07_21_gym,flight_69,20,0,200,not_fit_eligible,True,5,5,,,,,,,,,
2026_07_21_gym,flight_69,20,0,250,not_fit_eligible,True,6,6,,,,,,,,,
2026_07_21_gym,flight_69,20,0,300,not_fit_eligible,True,7,7,,,,,,,,,
2026_07_21_gym,flight_69,20,0,350,fit_failed,True,8,8,,,,,,,,,
2026_07_21_gym,flight_69,20,0,400,fit_failed,True,9,9,,,,,,,,,
2026_07_21_gym,flight_69,20,0,450,ok,True,10,10,524.7279976279588,1380.4852647638695,571.7131647745622,1400.189822249651,50.94973520544268,107.4350115128018,HIT,True,587.4554438642361
2026_07_21_gym,flight_69,20,0,490,ok,True,10,10,524.7279976279588,1380.4852647638695,571.7131647745622,1400.189822249651,50.94973520544268,107.4350115128018,HIT,True,587.4554438642361
2026_07_21_gym,flight_69,20,0,500,ok,True,11,11,520.7781696937483,1389.2782944232777,571.7131647745622,1400.189822249651,52.09064372215278,109.9101426085298,HIT,True,585.7048481076899
2026_07_21_gym,flight_69,20,0,550,ok,True,12,12,499.017035481099,1399.2049071344238,571.7131647745622,1400.189822249651,72.702800991682,149.63830983439644,HIT,True,586.0968994222375
2026_07_21_gym,flight_69,20,0,600,ok,True,13,13,547.1387491291565,1396.1886405150535,571.7131647745622,1400.189822249651,24.898019190016605,52.81209243626065,HIT,True,586.2987732062289
2026_07_21_gym,flight_69,20,0,650,ok,False,14,14,547.1387523880557,1396.188564525679,571.7131647745622,1400.189822249651,24.89802818529471,52.812084857269774,HIT,True,586.2987931120233
2026_07_21_gym,flight_69,20,0,700,ok,False,15,15,561.7160298787403,1396.573351194503,571.7131647745622,1400.189822249651,10.631160285593598,21.125971945357634,HIT,True,586.0184657556771
2026_07_21_gym,flight_69,20,0,750,ok,False,16,16,545.7831379167856,1397.1601566225856,571.7131647745622,1400.189822249651,26.106420027587806,58.50777408552529,HIT,True,585.0396658516946
2026_07_21_gym,flight_69,20,0,800,ok,False,16,16,545.7831379167856,1397.1601566225856,571.7131647745622,1400.189822249651,26.106420027587806,58.50777408552529,HIT,True,585.0396658516946
2026_07_21_gym,flight_69,20,0,850,ok,False,16,16,545.7831379167856,1397.1601566225856,571.7131647745622,1400.189822249651,26.106420027587806,58.50777408552529,HIT,True,585.0396658516946
2026_07_21_gym,flight_69,20,0,900,ok,False,16,16,545.7831379167856,1397.1601566225856,571.7131647745622,1400.189822249651,26.106420027587806,58.50777408552529,HIT,True,585.0396658516946
2026_07_21_gym,flight_69,20,0,950,ok,False,16,16,545.7831379167856,1397.1601566225856,571.7131647745622,1400.189822249651,26.106420027587806,58.50777408552529,HIT,True,585.0396658516946
2026_07_21_gym,flight_69,20,0,1000,ok,False,16,16,545.7831379167856,1397.1601566225856,571.7131647745622,1400.189822249651,26.106420027587806,58.50777408552529,HIT,True,585.0396658516946
2026_07_21_gym,flight_69,20,0,1050,ok,False,16,16,545.7831379167856,1397.1601566225856,571.7131647745622,1400.189822249651,26.106420027587806,58.50777408552529,HIT,True,585.0396658516946
2026_07_21_gym,flight_69,20,0,1100,ok,False,16,16,545.7831379167856,1397.1601566225856,571.7131647745622,1400.189822249651,26.106420027587806,58.50777408552529,HIT,True,585.0396658516946
2026_07_21_gym,flight_69,20,0,1150,ok,False,16,16,545.7831379167856,1397.1601566225856,571.7131647745622,1400.189822249651,26.106420027587806,58.50777408552529,HIT,True,585.0396658516946
2026_07_21_gym,flight_69,20,0,1200,ok,False,16,16,545.7831379167856,1397.1601566225856,571.7131647745622,1400.189822249651,26.106420027587806,58.50777408552529,HIT,True,585.0396658516946
2026_07_21_gym,flight_69,20,0,1250,ok,False,16,16,545.7831379167856,1397.1601566225856,571.7131647745622,1400.189822249651,26.106420027587806,58.50777408552529,HIT,True,585.0396658516946
2026_07_21_gym,flight_70,20,0,150,not_fit_eligible,True,4,4,,,,,,,,,
2026_07_21_gym,flight_70,20,0,200,not_fit_eligible,True,5,5,,,,,,,,,
2026_07_21_gym,flight_70,20,0,250,not_fit_eligible,True,6,6,,,,,,,,,
2026_07_21_gym,flight_70,20,0,300,not_fit_eligible,True,7,7,,,,,,,,,
2026_07_21_gym,flight_70,20,0,350,fit_failed,True,8,8,,,,,,,,,
2026_07_21_gym,flight_70,20,0,400,fit_failed,True,9,9,,,,,,,,,
2026_07_21_gym,flight_70,20,0,450,ok,True,10,10,622.6189687765477,653.2430590766385,602.1814507767463,658.0309830574071,20.990863680130637,60.19578858936551,HIT,True,537.9676533843021
2026_07_21_gym,flight_70,20,0,490,ok,True,10,10,622.6189687765477,653.2430590766385,602.1814507767463,658.0309830574071,20.990863680130637,60.19578858936551,HIT,True,537.9676533843021
2026_07_21_gym,flight_70,20,0,500,ok,True,11,11,614.8557269538306,661.7560233560293,602.1814507767463,658.0309830574071,13.210344501161526,39.84042654471912,HIT,True,535.9465174954045
2026_07_21_gym,flight_70,20,0,550,ok,True,12,12,611.6662624211996,668.2055847615076,602.1814507767463,658.0309830574071,13.909858797552257,47.07041869180546,HIT,True,534.4992317331505
2026_07_21_gym,flight_70,20,0,600,ok,False,13,13,614.6706146406561,668.236755887718,602.1814507767463,658.0309830574071,16.1287635323823,41.7480049569915,HIT,True,534.3497124126588
2026_07_21_gym,flight_70,20,0,650,ok,False,13,13,614.6706146406561,668.236755887718,602.1814507767463,658.0309830574071,16.1287635323823,41.7480049569915,HIT,True,534.3497124126588
2026_07_21_gym,flight_70,20,0,700,ok,False,13,13,614.6706146406561,668.236755887718,602.1814507767463,658.0309830574071,16.1287635323823,41.7480049569915,HIT,True,534.3497124126588
2026_07_21_gym,flight_70,20,0,750,ok,False,13,13,614.6706146406561,668.236755887718,602.1814507767463,658.0309830574071,16.1287635323823,41.7480049569915,HIT,True,534.3497124126588
2026_07_21_gym,flight_70,20,0,800,ok,False,13,13,614.6706146406561,668.236755887718,602.1814507767463,658.0309830574071,16.1287635323823,41.7480049569915,HIT,True,534.3497124126588
2026_07_21_gym,flight_70,20,0,850,ok,False,13,13,614.6706146406561,668.236755887718,602.1814507767463,658.0309830574071,16.1287635323823,41.7480049569915,HIT,True,534.3497124126588
2026_07_21_gym,flight_70,20,0,900,ok,False,13,13,614.6706146406561,668.236755887718,602.1814507767463,658.0309830574071,16.1287635323823,41.7480049569915,HIT,True,534.3497124126588
2026_07_21_gym,flight_70,20,0,950,ok,False,13,13,614.6706146406561,668.236755887718,602.1814507767463,658.0309830574071,16.1287635323823,41.7480049569915,HIT,True,534.3497124126588
2026_07_21_gym,flight_70,20,0,1000,ok,False,13,13,614.6706146406561,668.236755887718,602.1814507767463,658.0309830574071,16.1287635323823,41.7480049569915,HIT,True,534.3497124126588
2026_07_21_gym,flight_70,20,0,1050,ok,False,13,13,614.6706146406561,668.236755887718,602.1814507767463,658.0309830574071,16.1287635323823,41.7480049569915,HIT,True,534.3497124126588
2026_07_21_gym,flight_70,20,0,1100,ok,False,13,13,614.6706146406561,668.236755887718,602.1814507767463,658.0309830574071,16.1287635323823,41.7480049569915,HIT,True,534.3497124126588
2026_07_21_gym,flight_70,20,0,1150,ok,False,13,13,614.6706146406561,668.236755887718,602.1814507767463,658.0309830574071,16.1287635323823,41.7480049569915,HIT,True,534.3497124126588
2026_07_21_gym,flight_70,20,0,1200,ok,False,13,13,614.6706146406561,668.236755887718,602.1814507767463,658.0309830574071,16.1287635323823,41.7480049569915,HIT,True,534.3497124126588
2026_07_21_gym,flight_70,20,0,1250,ok,False,13,13,614.6706146406561,668.236755887718,602.1814507767463,658.0309830574071,16.1287635323823,41.7480049569915,HIT,True,534.3497124126588
2026_07_21_gym,flight_72,20,0,150,not_fit_eligible,True,4,4,,,,,,,,,
2026_07_21_gym,flight_72,20,0,200,not_fit_eligible,True,5,5,,,,,,,,,
2026_07_21_gym,flight_72,20,0,250,not_fit_eligible,True,6,6,,,,,,,,,
2026_07_21_gym,flight_72,20,0,300,not_fit_eligible,True,7,7,,,,,,,,,
2026_07_21_gym,flight_72,20,0,350,fit_failed,True,8,8,,,,,,,,,
2026_07_21_gym,flight_72,20,0,400,fit_failed,True,9,9,,,,,,,,,
2026_07_21_gym,flight_72,20,0,450,fit_failed,True,10,10,,,,,,,,,
2026_07_21_gym,flight_72,20,0,490,fit_failed,True,10,10,,,,,,,,,
2026_07_21_gym,flight_72,20,0,500,ok,True,11,11,489.34070224050504,714.5925750618586,494.19157541665595,723.2996054958293,9.967113401040027,76.9220754826929,HIT,True,542.0626258323043
2026_07_21_gym,flight_72,20,0,550,fit_failed,True,12,12,,,,,,,,,
2026_07_21_gym,flight_72,20,0,600,ok,True,13,13,505.17415652634776,716.5947857372151,494.19157541665595,723.2996054958293,12.867466565974114,40.25694605547329,HIT,True,542.0912459704905
2026_07_21_gym,flight_72,20,0,650,ok,False,13,13,505.17415652634776,716.5947857372151,494.19157541665595,723.2996054958293,12.867466565974114,40.25694605547329,HIT,True,542.0912459704905
2026_07_21_gym,flight_72,20,0,700,ok,False,13,13,505.17415652634776,716.5947857372151,494.19157541665595,723.2996054958293,12.867466565974114,40.25694605547329,HIT,True,542.0912459704905
2026_07_21_gym,flight_72,20,0,750,ok,False,13,13,505.17415652634776,716.5947857372151,494.19157541665595,723.2996054958293,12.867466565974114,40.25694605547329,HIT,True,542.0912459704905
2026_07_21_gym,flight_72,20,0,800,ok,False,13,13,505.17415652634776,716.5947857372151,494.19157541665595,723.2996054958293,12.867466565974114,40.25694605547329,HIT,True,542.0912459704905
2026_07_21_gym,flight_72,20,0,850,ok,False,13,13,505.17415652634776,716.5947857372151,494.19157541665595,723.2996054958293,12.867466565974114,40.25694605547329,HIT,True,542.0912459704905
2026_07_21_gym,flight_72,20,0,900,ok,False,13,13,505.17415652634776,716.5947857372151,494.19157541665595,723.2996054958293,12.867466565974114,40.25694605547329,HIT,True,542.0912459704905
2026_07_21_gym,flight_72,20,0,950,ok,False,13,13,505.17415652634776,716.5947857372151,494.19157541665595,723.2996054958293,12.867466565974114,40.25694605547329,HIT,True,542.0912459704905
2026_07_21_gym,flight_72,20,0,1000,ok,False,13,13,505.17415652634776,716.5947857372151,494.19157541665595,723.2996054958293,12.867466565974114,40.25694605547329,HIT,True,542.0912459704905
2026_07_21_gym,flight_72,20,0,1050,ok,False,13,13,505.17415652634776,716.5947857372151,494.19157541665595,723.2996054958293,12.867466565974114,40.25694605547329,HIT,True,542.0912459704905
2026_07_21_gym,flight_72,20,0,1100,ok,False,13,13,505.17415652634776,716.5947857372151,494.19157541665595,723.2996054958293,12.867466565974114,40.25694605547329,HIT,True,542.0912459704905
2026_07_21_gym,flight_72,20,0,1150,ok,False,13,13,505.17415652634776,716.5947857372151,494.19157541665595,723.2996054958293,12.867466565974114,40.25694605547329,HIT,True,542.0912459704905
2026_07_21_gym,flight_72,20,0,1200,ok,False,13,13,505.17415652634776,716.5947857372151,494.19157541665595,723.2996054958293,12.867466565974114,40.25694605547329,HIT,True,542.0912459704905
2026_07_21_gym,flight_72,20,0,1250,ok,False,13,13,505.17415652634776,716.5947857372151,494.19157541665595,723.2996054958293,12.867466565974114,40.25694605547329,HIT,True,542.0912459704905
2026_07_21_gym,flight_73,20,0,150,not_fit_eligible,True,4,4,,,,,,,,,
2026_07_21_gym,flight_73,20,0,200,not_fit_eligible,True,5,5,,,,,,,,,
2026_07_21_gym,flight_73,20,0,250,not_fit_eligible,True,6,6,,,,,,,,,
2026_07_21_gym,flight_73,20,0,300,not_fit_eligible,True,7,7,,,,,,,,,
2026_07_21_gym,flight_73,20,0,350,ok,True,8,8,1316.0738974226726,1145.3727417216348,1254.4479171718779,1195.7443387125934,79.59308528566343,175.7472657680369,HIT,True,715.6717489517055
2026_07_21_gym,flight_73,20,0,400,ok,True,9,9,1265.8782087631369,1146.2123518786013,1254.4479171718779,1195.7443387125934,50.83374160519731,116.60688948776121,HIT,True,716.2904554703649
2026_07_21_gym,flight_73,20,0,450,ok,True,10,10,1281.9369527949787,1140.36964670878,1254.4479171718779,1195.7443387125934,61.82235513149995,140.53145986599378,HIT,True,717.2587045961257
2026_07_21_gym,flight_73,20,0,490,ok,True,10,10,1281.9369527949787,1140.36964670878,1254.4479171718779,1195.7443387125934,61.82235513149995,140.53145986599378,HIT,True,717.2587045961257
2026_07_21_gym,flight_73,20,0,500,ok,True,11,11,1305.2944039459317,1143.795657917488,1254.4479171718779,1195.7443387125934,72.69133822963909,165.58909987775698,HIT,True,716.7599807545197
2026_07_21_gym,flight_73,20,0,550,ok,True,12,12,1305.2944055519765,1143.7956515671258,1254.4479171718779,1195.7443387125934,72.69134389131335,165.58910578656537,HIT,True,716.7599821474532
2026_07_21_gym,flight_73,20,0,600,ok,True,13,13,1223.8855906637841,1170.6185896059094,1254.4479171718779,1195.7443387125934,39.56461891335946,52.73757876193609,HIT,True,713.493547305048
2026_07_21_gym,flight_73,20,0,650,ok,True,14,14,1251.215591525635,1174.8271768751777,1254.4479171718779,1195.7443387125934,21.16543381119319,69.8196085732216,HIT,True,714.5053884428416
2026_07_21_gym,flight_73,20,0,700,ok,True,15,15,1305.1867085024714,1158.6627755594802,1254.4479171718779,1195.7443387125934,62.844787147128116,153.54976927665479,HIT,True,716.6699482186935
2026_07_21_gym,flight_73,20,0,750,ok,False,16,16,1305.1866587499612,1158.6629711853084,1254.4479171718779,1195.7443387125934,62.844631549728355,153.54962854209805,HIT,True,716.6699050756879
2026_07_21_gym,flight_73,20,0,800,ok,False,17,17,1304.8881772540024,1173.1539900859505,1254.4479171718779,1195.7443387125934,55.26792639701286,145.69108647666758,HIT,True,715.6012290182498
2026_07_21_gym,flight_73,20,0,850,ok,False,18,18,1320.2546410653213,1187.6916441025442,1254.4479171718779,1195.7443387125934,66.29759271701056,171.81061513825009,HIT,True,714.432149742837
2026_07_21_gym,flight_73,20,0,900,ok,False,18,18,1320.2546410653213,1187.6916441025442,1254.4479171718779,1195.7443387125934,66.29759271701056,171.81061513825009,HIT,True,714.432149742837
2026_07_21_gym,flight_73,20,0,950,ok,False,18,18,1320.2546410653213,1187.6916441025442,1254.4479171718779,1195.7443387125934,66.29759271701056,171.81061513825009,HIT,True,714.432149742837
2026_07_21_gym,flight_73,20,0,1000,ok,False,18,18,1320.2546410653213,1187.6916441025442,1254.4479171718779,1195.7443387125934,66.29759271701056,171.81061513825009,HIT,True,714.432149742837
2026_07_21_gym,flight_73,20,0,1050,ok,False,18,18,1320.2546410653213,1187.6916441025442,1254.4479171718779,1195.7443387125934,66.29759271701056,171.81061513825009,HIT,True,714.432149742837
2026_07_21_gym,flight_73,20,0,1100,ok,False,18,18,1320.2546410653213,1187.6916441025442,1254.4479171718779,1195.7443387125934,66.29759271701056,171.81061513825009,HIT,True,714.432149742837
2026_07_21_gym,flight_73,20,0,1150,ok,False,18,18,1320.2546410653213,1187.6916441025442,1254.4479171718779,1195.7443387125934,66.29759271701056,171.81061513825009,HIT,True,714.432149742837
2026_07_21_gym,flight_73,20,0,1200,ok,False,18,18,1320.2546410653213,1187.6916441025442,1254.4479171718779,1195.7443387125934,66.29759271701056,171.81061513825009,HIT,True,714.432149742837
2026_07_21_gym,flight_73,20,0,1250,ok,False,18,18,1320.2546410653213,1187.6916441025442,1254.4479171718779,1195.7443387125934,66.29759271701056,171.81061513825009,HIT,True,714.432149742837
2026_07_21_gym,flight_74,20,0,150,not_fit_eligible,True,4,4,,,,,,,,,
2026_07_21_gym,flight_74,20,0,200,not_fit_eligible,True,5,5,,,,,,,,,
2026_07_21_gym,flight_74,20,0,250,not_fit_eligible,True,6,6,,,,,,,,,
2026_07_21_gym,flight_74,20,0,300,not_fit_eligible,True,7,7,,,,,,,,,
2026_07_21_gym,flight_74,20,0,350,ok,True,8,8,1565.2753488404433,1275.2246466826068,1662.5647888234791,1325.1526171294302,109.35281141859869,375.36055481570435,HIT,True,589.0821669007021
2026_07_21_gym,flight_74,20,0,400,ok,True,9,9,1596.667176439604,1282.053684492037,1662.5647888234791,1325.1526171294302,78.74016327375762,305.9568554136563,HIT,True,587.2229263061964
2026_07_21_gym,flight_74,20,0,450,ok,True,10,10,1586.0540429153639,1292.8942232909321,1662.5647888234791,1325.1526171294302,83.03311515567644,291.0669353587191,HIT,True,584.3212554618539
2026_07_21_gym,flight_74,20,0,490,ok,True,10,10,1586.0540429153639,1292.8942232909321,1662.5647888234791,1325.1526171294302,83.03311515567644,291.0669353587191,HIT,True,584.3212554618539
2026_07_21_gym,flight_74,20,0,500,ok,True,11,11,1586.0540443612404,1292.894219249982,1662.5647888234791,1325.1526171294302,83.03311539328628,291.0669385890945,HIT,True,584.3212565147105
2026_07_21_gym,flight_74,20,0,550,ok,True,12,12,1622.0602288310495,1320.7484304364953,1662.5647888234791,1325.1526171294302,40.74329687944459,119.71054758291072,HIT,True,578.477078110483
2026_07_21_gym,flight_74,20,0,600,ok,True,13,13,1604.9478462715158,1331.3927567054204,1662.5647888234791,1325.1526171294302,57.95387313169056,161.87137308979567,HIT,True,575.1796040437983
2026_07_21_gym,flight_74,20,0,650,ok,False,14,14,1646.865583110361,1319.8616587782296,1662.5647888234791,1325.1526171294302,16.566813220922672,56.865491536583015,HIT,True,578.2501670280636
2026_07_21_gym,flight_74,20,0,700,ok,False,15,15,1628.738196210088,1327.7143918618563,1662.5647888234791,1325.1526171294302,33.92345880967949,101.76112568924307,HIT,True,575.9225054387034
2026_07_21_gym,flight_74,20,0,750,ok,False,15,15,1628.738196210088,1327.7143918618563,1662.5647888234791,1325.1526171294302,33.92345880967949,101.76112568924307,HIT,True,575.9225054387034
2026_07_21_gym,flight_74,20,0,800,ok,False,15,15,1628.738196210088,1327.7143918618563,1662.5647888234791,1325.1526171294302,33.92345880967949,101.76112568924307,HIT,True,575.9225054387034
2026_07_21_gym,flight_74,20,0,850,ok,False,15,15,1628.738196210088,1327.7143918618563,1662.5647888234791,1325.1526171294302,33.92345880967949,101.76112568924307,HIT,True,575.9225054387034
2026_07_21_gym,flight_74,20,0,900,ok,False,15,15,1628.738196210088,1327.7143918618563,1662.5647888234791,1325.1526171294302,33.92345880967949,101.76112568924307,HIT,True,575.9225054387034
2026_07_21_gym,flight_74,20,0,950,ok,False,15,15,1628.738196210088,1327.7143918618563,1662.5647888234791,1325.1526171294302,33.92345880967949,101.76112568924307,HIT,True,575.9225054387034
2026_07_21_gym,flight_74,20,0,1000,ok,False,15,15,1628.738196210088,1327.7143918618563,1662.5647888234791,1325.1526171294302,33.92345880967949,101.76112568924307,HIT,True,575.9225054387034
2026_07_21_gym,flight_74,20,0,1050,ok,False,15,15,1628.738196210088,1327.7143918618563,1662.5647888234791,1325.1526171294302,33.92345880967949,101.76112568924307,HIT,True,575.9225054387034
2026_07_21_gym,flight_74,20,0,1100,ok,False,15,15,1628.738196210088,1327.7143918618563,1662.5647888234791,1325.1526171294302,33.92345880967949,101.76112568924307,HIT,True,575.9225054387034
2026_07_21_gym,flight_74,20,0,1150,ok,False,15,15,1628.738196210088,1327.7143918618563,1662.5647888234791,1325.1526171294302,33.92345880967949,101.76112568924307,HIT,True,575.9225054387034
2026_07_21_gym,flight_74,20,0,1200,ok,False,15,15,1628.738196210088,1327.7143918618563,1662.5647888234791,1325.1526171294302,33.92345880967949,101.76112568924307,HIT,True,575.9225054387034
2026_07_21_gym,flight_74,20,0,1250,ok,False,15,15,1628.738196210088,1327.7143918618563,1662.5647888234791,1325.1526171294302,33.92345880967949,101.76112568924307,HIT,True,575.9225054387034
2026_07_21_gym,flight_75,20,0,150,not_fit_eligible,True,4,4,,,,,,,,,
2026_07_21_gym,flight_75,20,0,200,not_fit_eligible,True,5,5,,,,,,,,,
2026_07_21_gym,flight_75,20,0,250,not_fit_eligible,True,6,6,,,,,,,,,
2026_07_21_gym,flight_75,20,0,300,not_fit_eligible,True,7,7,,,,,,,,,
2026_07_21_gym,flight_75,20,0,350,fit_failed,True,8,8,,,,,,,,,
2026_07_21_gym,flight_75,20,0,400,ok,True,9,9,1212.2680375547252,892.5305237438421,1184.5492903426798,923.7531039480931,41.75138873877326,94.36014895309546,HIT,True,626.0308914820669
2026_07_21_gym,flight_75,20,0,450,ok,True,10,10,1214.7566918596212,891.0308582149974,1184.5492903426798,923.7531039480931,44.53349831556936,98.14815095593792,HIT,True,625.7346472010747
2026_07_21_gym,flight_75,20,0,490,ok,True,10,10,1214.7566918596212,891.0308582149974,1184.5492903426798,923.7531039480931,44.53349831556936,98.14815095593792,HIT,True,625.7346472010747
2026_07_21_gym,flight_75,20,0,500,ok,True,11,11,1202.2703233947327,903.8082738129096,1184.5492903426798,923.7531039480931,26.680166070571484,64.03821438760644,HIT,True,625.1286798143644
2026_07_21_gym,flight_75,20,0,550,ok,True,12,12,1188.9483245378635,909.8366539868365,1184.5492903426798,923.7531039480931,14.595173221807089,34.83020546547713,HIT,True,624.488686747493
2026_07_21_gym,flight_75,20,0,600,ok,True,13,13,1188.7788860666165,918.2676602334069,1184.5492903426798,923.7531039480931,6.92672886252476,24.24547208724456,HIT,True,623.3458888105582
2026_07_21_gym,flight_75,20,0,650,ok,False,13,13,1188.7788860666165,918.2676602334069,1184.5492903426798,923.7531039480931,6.92672886252476,24.24547208724456,HIT,True,623.3458888105582
2026_07_21_gym,flight_75,20,0,700,ok,False,14,14,1205.2264605699572,917.635567777787,1184.5492903426798,923.7531039480931,21.563154161736456,62.22635282779026,HIT,True,624.1321081021208
2026_07_21_gym,flight_75,20,0,750,ok,False,14,14,1205.2264605699572,917.635567777787,1184.5492903426798,923.7531039480931,21.563154161736456,62.22635282779026,HIT,True,624.1321081021208
2026_07_21_gym,flight_75,20,0,800,ok,False,14,14,1205.2264605699572,917.635567777787,1184.5492903426798,923.7531039480931,21.563154161736456,62.22635282779026,HIT,True,624.1321081021208
2026_07_21_gym,flight_75,20,0,850,ok,False,14,14,1205.2264605699572,917.635567777787,1184.5492903426798,923.7531039480931,21.563154161736456,62.22635282779026,HIT,True,624.1321081021208
2026_07_21_gym,flight_75,20,0,900,ok,False,14,14,1205.2264605699572,917.635567777787,1184.5492903426798,923.7531039480931,21.563154161736456,62.22635282779026,HIT,True,624.1321081021208
2026_07_21_gym,flight_75,20,0,950,ok,False,14,14,1205.2264605699572,917.635567777787,1184.5492903426798,923.7531039480931,21.563154161736456,62.22635282779026,HIT,True,624.1321081021208
2026_07_21_gym,flight_75,20,0,1000,ok,False,14,14,1205.2264605699572,917.635567777787,1184.5492903426798,923.7531039480931,21.563154161736456,62.22635282779026,HIT,True,624.1321081021208
2026_07_21_gym,flight_75,20,0,1050,ok,False,14,14,1205.2264605699572,917.635567777787,1184.5492903426798,923.7531039480931,21.563154161736456,62.22635282779026,HIT,True,624.1321081021208
2026_07_21_gym,flight_75,20,0,1100,ok,False,14,14,1205.2264605699572,917.635567777787,1184.5492903426798,923.7531039480931,21.563154161736456,62.22635282779026,HIT,True,624.1321081021208
2026_07_21_gym,flight_75,20,0,1150,ok,False,14,14,1205.2264605699572,917.635567777787,1184.5492903426798,923.7531039480931,21.563154161736456,62.22635282779026,HIT,True,624.1321081021208
2026_07_21_gym,flight_75,20,0,1200,ok,False,14,14,1205.2264605699572,917.635567777787,1184.5492903426798,923.7531039480931,21.563154161736456,62.22635282779026,HIT,True,624.1321081021208
2026_07_21_gym,flight_75,20,0,1250,ok,False,14,14,1205.2264605699572,917.635567777787,1184.5492903426798,923.7531039480931,21.563154161736456,62.22635282779026,HIT,True,624.1321081021208
2026_07_21_gym,flight_76,20,0,150,not_fit_eligible,True,4,4,,,,,,,,,
2026_07_21_gym,flight_76,20,0,200,not_fit_eligible,True,5,5,,,,,,,,,
2026_07_21_gym,flight_76,20,0,250,not_fit_eligible,True,6,6,,,,,,,,,
2026_07_21_gym,flight_76,20,0,300,not_fit_eligible,True,7,7,,,,,,,,,
2026_07_21_gym,flight_76,20,0,350,ok,True,8,8,770.9563743431303,737.6153963909876,911.215321356446,768.3043997137119,143.57711218096804,242.77763494566256,HIT,True,687.8606701686731
2026_07_21_gym,flight_76,20,0,400,ok,True,9,9,757.0358583524079,750.053678741721,911.215321356446,768.3043997137119,155.25590368231096,251.22355285780844,HIT,True,685.9446635502404
2026_07_21_gym,flight_76,20,0,450,ok,True,10,10,751.3278884841523,768.0595965271453,911.215321356446,768.3043997137119,159.88762028090977,253.4772095831267,HIT,True,684.6107966722715
2026_07_21_gym,flight_76,20,0,490,ok,True,10,10,751.3278884841523,768.0595965271453,911.215321356446,768.3043997137119,159.88762028090977,253.4772095831267,HIT,True,684.6107966722715
2026_07_21_gym,flight_76,20,0,500,ok,True,11,11,751.3278887381671,768.0595938494952,911.215321356446,768.3043997137119,159.887620030995,253.47720994077804,HIT,True,684.6107972286773
2026_07_21_gym,flight_76,20,0,550,ok,True,12,12,805.9759274003238,781.2195508540374,911.215321356446,768.3043997137119,106.02891666535754,127.83857088394912,HIT,True,678.9302371543456
2026_07_21_gym,flight_76,20,0,600,ok,True,13,13,786.1013412629042,769.5149558427673,911.215321356446,768.3043997137119,125.11983640090318,186.41260874995496,HIT,True,681.4589073540512
2026_07_21_gym,flight_76,20,0,650,ok,True,14,14,844.7910778602093,766.6170293295442,911.215321356446,768.3043997137119,66.44567211535085,100.38901446642828,HIT,True,680.6745997171953
2026_07_21_gym,flight_76,20,0,700,ok,True,15,15,963.9014539665438,763.9387060974709,911.215321356446,768.3043997137119,52.86669887707859,147.87111185343198,HIT,True,682.5491727294185
2026_07_21_gym,flight_76,20,0,750,ok,False,16,16,927.867476131925,761.6288373006844,911.215321356446,768.3043997137119,17.940384393784086,85.50385796003944,HIT,True,680.1214077956332
2026_07_21_gym,flight_76,20,0,800,ok,False,16,16,927.867476131925,761.6288373006844,911.215321356446,768.3043997137119,17.940384393784086,85.50385796003944,HIT,True,680.1214077956332
2026_07_21_gym,flight_76,20,0,850,ok,False,16,16,927.867476131925,761.6288373006844,911.215321356446,768.3043997137119,17.940384393784086,85.50385796003944,HIT,True,680.1214077956332
2026_07_21_gym,flight_76,20,0,900,ok,False,16,16,927.867476131925,761.6288373006844,911.215321356446,768.3043997137119,17.940384393784086,85.50385796003944,HIT,True,680.1214077956332
2026_07_21_gym,flight_76,20,0,950,ok,False,16,16,927.867476131925,761.6288373006844,911.215321356446,768.3043997137119,17.940384393784086,85.50385796003944,HIT,True,680.1214077956332
2026_07_21_gym,flight_76,20,0,1000,ok,False,16,16,927.867476131925,761.6288373006844,911.215321356446,768.3043997137119,17.940384393784086,85.50385796003944,HIT,True,680.1214077956332
2026_07_21_gym,flight_76,20,0,1050,ok,False,16,16,927.867476131925,761.6288373006844,911.215321356446,768.3043997137119,17.940384393784086,85.50385796003944,HIT,True,680.1214077956332
2026_07_21_gym,flight_76,20,0,1100,ok,False,16,16,927.867476131925,761.6288373006844,911.215321356446,768.3043997137119,17.940384393784086,85.50385796003944,HIT,True,680.1214077956332
2026_07_21_gym,flight_76,20,0,1150,ok,False,16,16,927.867476131925,761.6288373006844,911.215321356446,768.3043997137119,17.940384393784086,85.50385796003944,HIT,True,680.1214077956332
2026_07_21_gym,flight_76,20,0,1200,ok,False,16,16,927.867476131925,761.6288373006844,911.215321356446,768.3043997137119,17.940384393784086,85.50385796003944,HIT,True,680.1214077956332
2026_07_21_gym,flight_76,20,0,1250,ok,False,16,16,927.867476131925,761.6288373006844,911.215321356446,768.3043997137119,17.940384393784086,85.50385796003944,HIT,True,680.1214077956332
2026_07_21_gym,flight_77,20,0,150,not_fit_eligible,True,4,4,,,,,,,,,
2026_07_21_gym,flight_77,20,0,200,not_fit_eligible,True,5,5,,,,,,,,,
2026_07_21_gym,flight_77,20,0,250,not_fit_eligible,True,6,6,,,,,,,,,
2026_07_21_gym,flight_77,20,0,300,not_fit_eligible,True,7,7,,,,,,,,,
2026_07_21_gym,flight_77,20,0,350,fit_failed,True,8,8,,,,,,,,,
2026_07_21_gym,flight_77,20,0,400,fit_failed,True,9,9,,,,,,,,,
2026_07_21_gym,flight_77,20,0,450,ok,True,10,10,1189.349639777245,649.8984136264711,1189.7401056776537,688.4004516491287,38.50401791394707,105.49528699611201,HIT,True,642.7753139729602
2026_07_21_gym,flight_77,20,0,490,ok,True,10,10,1189.349639777245,649.8984136264711,1189.7401056776537,688.4004516491287,38.50401791394707,105.49528699611201,HIT,True,642.7753139729602
2026_07_21_gym,flight_77,20,0,500,ok,True,11,11,1200.798225854208,650.2651238119922,1189.7401056776537,688.4004516491287,39.706236929291094,120.8076459675218,HIT,True,644.0768769281706
2026_07_21_gym,flight_77,20,0,550,ok,True,12,12,1212.233782387503,670.2625490658838,1189.7401056776537,688.4004516491287,28.89548411164795,79.42083853721155,HIT,True,642.8956055856103
2026_07_21_gym,flight_77,20,0,600,ok,True,13,13,1237.558334363282,675.0525003589847,1189.7401056776537,688.4004516491287,49.646256639097246,110.3986496832645,HIT,True,642.8736646954922
2026_07_21_gym,flight_77,20,0,650,ok,True,14,14,1214.3188495787838,690.9630935521018,1189.7401056776537,688.4004516491287,24.71197655551279,46.16301432841384,HIT,True,640.6771086496678
2026_07_21_gym,flight_77,20,0,700,ok,False,15,15,1209.2089198012752,694.1157984331792,1189.7401056776537,688.4004516491287,20.29038965229799,36.35605897822534,HIT,True,638.855603798496
2026_07_21_gym,flight_77,20,0,750,ok,False,15,15,1209.2089198012752,694.1157984331792,1189.7401056776537,688.4004516491287,20.29038965229799,36.35605897822534,HIT,True,638.855603798496
2026_07_21_gym,flight_77,20,0,800,ok,False,15,15,1209.2089198012752,694.1157984331792,1189.7401056776537,688.4004516491287,20.29038965229799,36.35605897822534,HIT,True,638.855603798496
2026_07_21_gym,flight_77,20,0,850,ok,False,15,15,1209.2089198012752,694.1157984331792,1189.7401056776537,688.4004516491287,20.29038965229799,36.35605897822534,HIT,True,638.855603798496
2026_07_21_gym,flight_77,20,0,900,ok,False,15,15,1209.2089198012752,694.1157984331792,1189.7401056776537,688.4004516491287,20.29038965229799,36.35605897822534,HIT,True,638.855603798496
2026_07_21_gym,flight_77,20,0,950,ok,False,15,15,1209.2089198012752,694.1157984331792,1189.7401056776537,688.4004516491287,20.29038965229799,36.35605897822534,HIT,True,638.855603798496
2026_07_21_gym,flight_77,20,0,1000,ok,False,15,15,1209.2089198012752,694.1157984331792,1189.7401056776537,688.4004516491287,20.29038965229799,36.35605897822534,HIT,True,638.855603798496
2026_07_21_gym,flight_77,20,0,1050,ok,False,15,15,1209.2089198012752,694.1157984331792,1189.7401056776537,688.4004516491287,20.29038965229799,36.35605897822534,HIT,True,638.855603798496
2026_07_21_gym,flight_77,20,0,1100,ok,False,15,15,1209.2089198012752,694.1157984331792,1189.7401056776537,688.4004516491287,20.29038965229799,36.35605897822534,HIT,True,638.855603798496
2026_07_21_gym,flight_77,20,0,1150,ok,False,15,15,1209.2089198012752,694.1157984331792,1189.7401056776537,688.4004516491287,20.29038965229799,36.35605897822534,HIT,True,638.855603798496
2026_07_21_gym,flight_77,20,0,1200,ok,False,15,15,1209.2089198012752,694.1157984331792,1189.7401056776537,688.4004516491287,20.29038965229799,36.35605897822534,HIT,True,638.855603798496
2026_07_21_gym,flight_77,20,0,1250,ok,False,15,15,1209.2089198012752,694.1157984331792,1189.7401056776537,688.4004516491287,20.29038965229799,36.35605897822534,HIT,True,638.855603798496
2026_07_21_gym,flight_78,20,0,150,not_fit_eligible,True,4,4,,,,,,,,,
2026_07_21_gym,flight_78,20,0,200,not_fit_eligible,True,5,5,,,,,,,,,
2026_07_21_gym,flight_78,20,0,250,not_fit_eligible,True,6,6,,,,,,,,,
2026_07_21_gym,flight_78,20,0,300,not_fit_eligible,True,7,7,,,,,,,,,
2026_07_21_gym,flight_78,20,0,350,ok,True,8,8,839.3203175953973,908.5407185633452,906.2568001043387,910.7784854072523,66.97387767717727,135.15895942236222,HIT,True,543.2997419600665
2026_07_21_gym,flight_78,20,0,400,ok,True,9,9,915.8009826730894,896.5081009445753,906.2568001043387,910.7784854072523,17.167856407200595,104.18078507164343,HIT,True,543.3792995871466
2026_07_21_gym,flight_78,20,0,450,ok,True,10,10,927.532145136695,891.9018121355944,906.2568001043387,910.7784854072523,28.44238210928781,127.31073457773745,HIT,True,543.3198036159403
2026_07_21_gym,flight_78,20,0,490,ok,True,10,10,927.532145136695,891.9018121355944,906.2568001043387,910.7784854072523,28.44238210928781,127.31073457773745,HIT,True,543.3198036159403
2026_07_21_gym,flight_78,20,0,500,ok,True,11,11,946.1364270037284,886.0964884273606,906.2568001043387,910.7784854072523,46.8997400477861,128.89887965157726,HIT,True,543.5039327482716
2026_07_21_gym,flight_78,20,0,550,ok,True,12,12,943.4809852318317,892.4172060034442,906.2568001043387,910.7784854072523,41.50634336761767,113.91840657656692,HIT,True,542.6394513912774
2026_07_21_gym,flight_78,20,0,600,ok,False,13,13,961.870670125598,897.1458231703782,906.2568001043387,910.7784854072523,57.260387864615645,266.8585313522352,HIT,True,541.2994383980433
2026_07_21_gym,flight_78,20,0,650,ok,False,14,14,943.4812071445524,892.415931489538,906.2568001043387,910.7784854072523,41.50710620937668,113.91917100262668,HIT,True,542.639746152062
2026_07_21_gym,flight_78,20,0,700,ok,False,14,14,943.4812071445524,892.415931489538,906.2568001043387,910.7784854072523,41.50710620937668,113.91917100262668,HIT,True,542.639746152062
2026_07_21_gym,flight_78,20,0,750,ok,False,14,14,943.4812071445524,892.415931489538,906.2568001043387,910.7784854072523,41.50710620937668,113.91917100262668,HIT,True,542.639746152062
2026_07_21_gym,flight_78,20,0,800,ok,False,14,14,943.4812071445524,892.415931489538,906.2568001043387,910.7784854072523,41.50710620937668,113.91917100262668,HIT,True,542.639746152062
2026_07_21_gym,flight_78,20,0,850,ok,False,14,14,943.4812071445524,892.415931489538,906.2568001043387,910.7784854072523,41.50710620937668,113.91917100262668,HIT,True,542.639746152062
2026_07_21_gym,flight_78,20,0,900,ok,False,14,14,943.4812071445524,892.415931489538,906.2568001043387,910.7784854072523,41.50710620937668,113.91917100262668,HIT,True,542.639746152062
2026_07_21_gym,flight_78,20,0,950,ok,False,14,14,943.4812071445524,892.415931489538,906.2568001043387,910.7784854072523,41.50710620937668,113.91917100262668,HIT,True,542.639746152062
2026_07_21_gym,flight_78,20,0,1000,ok,False,14,14,943.4812071445524,892.415931489538,906.2568001043387,910.7784854072523,41.50710620937668,113.91917100262668,HIT,True,542.639746152062
2026_07_21_gym,flight_78,20,0,1050,ok,False,14,14,943.4812071445524,892.415931489538,906.2568001043387,910.7784854072523,41.50710620937668,113.91917100262668,HIT,True,542.639746152062
2026_07_21_gym,flight_78,20,0,1100,ok,False,14,14,943.4812071445524,892.415931489538,906.2568001043387,910.7784854072523,41.50710620937668,113.91917100262668,HIT,True,542.639746152062
2026_07_21_gym,flight_78,20,0,1150,ok,False,14,14,943.4812071445524,892.415931489538,906.2568001043387,910.7784854072523,41.50710620937668,113.91917100262668,HIT,True,542.639746152062
2026_07_21_gym,flight_78,20,0,1200,ok,False,14,14,943.4812071445524,892.415931489538,906.2568001043387,910.7784854072523,41.50710620937668,113.91917100262668,HIT,True,542.639746152062
2026_07_21_gym,flight_78,20,0,1250,ok,False,14,14,943.4812071445524,892.415931489538,906.2568001043387,910.7784854072523,41.50710620937668,113.91917100262668,HIT,True,542.639746152062
2026_07_21_gym,flight_79,20,0,150,not_fit_eligible,True,4,4,,,,,,,,,
2026_07_21_gym,flight_79,20,0,200,not_fit_eligible,True,5,5,,,,,,,,,
2026_07_21_gym,flight_79,20,0,250,not_fit_eligible,True,6,6,,,,,,,,,
2026_07_21_gym,flight_79,20,0,300,not_fit_eligible,True,7,7,,,,,,,,,
2026_07_21_gym,flight_79,20,0,350,fit_failed,True,8,8,,,,,,,,,
2026_07_21_gym,flight_79,20,0,400,fit_failed,True,8,8,,,,,,,,,
2026_07_21_gym,flight_79,20,0,450,fit_failed,True,9,9,,,,,,,,,
2026_07_21_gym,flight_79,20,0,490,fit_failed,True,9,9,,,,,,,,,
2026_07_21_gym,flight_79,20,0,500,ok,False,10,10,769.9096580983937,643.9926725535606,778.0715795667869,637.5441055855092,10.401969909476827,45.58060452342684,HIT,True,507.14277605797685
2026_07_21_gym,flight_79,20,0,550,ok,False,10,10,769.9096580983937,643.9926725535606,778.0715795667869,637.5441055855092,10.401969909476827,45.58060452342684,HIT,True,507.14277605797685
2026_07_21_gym,flight_79,20,0,600,ok,False,10,10,769.9096580983937,643.9926725535606,778.0715795667869,637.5441055855092,10.401969909476827,45.58060452342684,HIT,True,507.14277605797685
2026_07_21_gym,flight_79,20,0,650,ok,False,10,10,769.9096580983937,643.9926725535606,778.0715795667869,637.5441055855092,10.401969909476827,45.58060452342684,HIT,True,507.14277605797685
2026_07_21_gym,flight_79,20,0,700,ok,False,10,10,769.9096580983937,643.9926725535606,778.0715795667869,637.5441055855092,10.401969909476827,45.58060452342684,HIT,True,507.14277605797685
2026_07_21_gym,flight_79,20,0,750,ok,False,10,10,769.9096580983937,643.9926725535606,778.0715795667869,637.5441055855092,10.401969909476827,45.58060452342684,HIT,True,507.14277605797685
2026_07_21_gym,flight_79,20,0,800,ok,False,10,10,769.9096580983937,643.9926725535606,778.0715795667869,637.5441055855092,10.401969909476827,45.58060452342684,HIT,True,507.14277605797685
2026_07_21_gym,flight_79,20,0,850,ok,False,10,10,769.9096580983937,643.9926725535606,778.0715795667869,637.5441055855092,10.401969909476827,45.58060452342684,HIT,True,507.14277605797685
2026_07_21_gym,flight_79,20,0,900,ok,False,10,10,769.9096580983937,643.9926725535606,778.0715795667869,637.5441055855092,10.401969909476827,45.58060452342684,HIT,True,507.14277605797685
2026_07_21_gym,flight_79,20,0,950,ok,False,10,10,769.9096580983937,643.9926725535606,778.0715795667869,637.5441055855092,10.401969909476827,45.58060452342684,HIT,True,507.14277605797685
2026_07_21_gym,flight_79,20,0,1000,ok,False,10,10,769.9096580983937,643.9926725535606,778.0715795667869,637.5441055855092,10.401969909476827,45.58060452342684,HIT,True,507.14277605797685
2026_07_21_gym,flight_79,20,0,1050,ok,False,10,10,769.9096580983937,643.9926725535606,778.0715795667869,637.5441055855092,10.401969909476827,45.58060452342684,HIT,True,507.14277605797685
2026_07_21_gym,flight_79,20,0,1100,ok,False,10,10,769.9096580983937,643.9926725535606,778.0715795667869,637.5441055855092,10.401969909476827,45.58060452342684,HIT,True,507.14277605797685
2026_07_21_gym,flight_79,20,0,1150,ok,False,10,10,769.9096580983937,643.9926725535606,778.0715795667869,637.5441055855092,10.401969909476827,45.58060452342684,HIT,True,507.14277605797685
2026_07_21_gym,flight_79,20,0,1200,ok,False,10,10,769.9096580983937,643.9926725535606,778.0715795667869,637.5441055855092,10.401969909476827,45.58060452342684,HIT,True,507.14277605797685
2026_07_21_gym,flight_79,20,0,1250,ok,False,10,10,769.9096580983937,643.9926725535606,778.0715795667869,637.5441055855092,10.401969909476827,45.58060452342684,HIT,True,507.14277605797685
2026_07_21_gym,flight_82,20,0,150,not_fit_eligible,True,4,4,,,,,,,,,
2026_07_21_gym,flight_82,20,0,200,not_fit_eligible,True,5,5,,,,,,,,,
2026_07_21_gym,flight_82,20,0,250,not_fit_eligible,True,6,6,,,,,,,,,
2026_07_21_gym,flight_82,20,0,300,not_fit_eligible,True,7,7,,,,,,,,,
2026_07_21_gym,flight_82,20,0,350,ok,True,8,8,815.5547979334857,510.05495977358106,915.9400529689351,560.9864806235842,112.5665103155753,366.9155276434125,HIT,True,545.8037258436624
2026_07_21_gym,flight_82,20,0,400,ok,True,9,9,883.4189328319281,538.5605653162195,915.9400529689351,560.9864806235842,39.50373314433375,109.972487339368,HIT,True,539.1256830988003
2026_07_21_gym,flight_82,20,0,450,ok,True,10,10,915.2634908051141,539.3704931767993,915.9400529689351,560.9864806235842,21.626572767340523,56.07532304543594,HIT,True,538.5193582345563
2026_07_21_gym,flight_82,20,0,490,ok,True,10,10,915.2634908051141,539.3704931767993,915.9400529689351,560.9864806235842,21.626572767340523,56.07532304543594,HIT,True,538.5193582345563
2026_07_21_gym,flight_82,20,0,500,ok,True,11,11,934.7510434143358,544.6453985765058,915.9400529689351,560.9864806235842,24.917550521796876,48.74040686160957,HIT,True,537.2718257364875
2026_07_21_gym,flight_82,20,0,550,ok,False,12,12,934.7510409872336,544.6454206160405,915.9400529689351,560.9864806235842,24.917534235849136,48.7403919887816,HIT,True,537.2718209906672
2026_07_21_gym,flight_82,20,0,600,ok,False,12,12,934.7510409872336,544.6454206160405,915.9400529689351,560.9864806235842,24.917534235849136,48.7403919887816,HIT,True,537.2718209906672
2026_07_21_gym,flight_82,20,0,650,ok,False,12,12,934.7510409872336,544.6454206160405,915.9400529689351,560.9864806235842,24.917534235849136,48.7403919887816,HIT,True,537.2718209906672
2026_07_21_gym,flight_82,20,0,700,ok,False,12,12,934.7510409872336,544.6454206160405,915.9400529689351,560.9864806235842,24.917534235849136,48.7403919887816,HIT,True,537.2718209906672
2026_07_21_gym,flight_82,20,0,750,ok,False,12,12,934.7510409872336,544.6454206160405,915.9400529689351,560.9864806235842,24.917534235849136,48.7403919887816,HIT,True,537.2718209906672
2026_07_21_gym,flight_82,20,0,800,ok,False,12,12,934.7510409872336,544.6454206160405,915.9400529689351,560.9864806235842,24.917534235849136,48.7403919887816,HIT,True,537.2718209906672
2026_07_21_gym,flight_82,20,0,850,ok,False,12,12,934.7510409872336,544.6454206160405,915.9400529689351,560.9864806235842,24.917534235849136,48.7403919887816,HIT,True,537.2718209906672
2026_07_21_gym,flight_82,20,0,900,ok,False,12,12,934.7510409872336,544.6454206160405,915.9400529689351,560.9864806235842,24.917534235849136,48.7403919887816,HIT,True,537.2718209906672
2026_07_21_gym,flight_82,20,0,950,ok,False,12,12,934.7510409872336,544.6454206160405,915.9400529689351,560.9864806235842,24.917534235849136,48.7403919887816,HIT,True,537.2718209906672
2026_07_21_gym,flight_82,20,0,1000,ok,False,12,12,934.7510409872336,544.6454206160405,915.9400529689351,560.9864806235842,24.917534235849136,48.7403919887816,HIT,True,537.2718209906672
2026_07_21_gym,flight_82,20,0,1050,ok,False,12,12,934.7510409872336,544.6454206160405,915.9400529689351,560.9864806235842,24.917534235849136,48.7403919887816,HIT,True,537.2718209906672
2026_07_21_gym,flight_82,20,0,1100,ok,False,12,12,934.7510409872336,544.6454206160405,915.9400529689351,560.9864806235842,24.917534235849136,48.7403919887816,HIT,True,537.2718209906672
2026_07_21_gym,flight_82,20,0,1150,ok,False,12,12,934.7510409872336,544.6454206160405,915.9400529689351,560.9864806235842,24.917534235849136,48.7403919887816,HIT,True,537.2718209906672
2026_07_21_gym,flight_82,20,0,1200,ok,False,12,12,934.7510409872336,544.6454206160405,915.9400529689351,560.9864806235842,24.917534235849136,48.7403919887816,HIT,True,537.2718209906672
2026_07_21_gym,flight_82,20,0,1250,ok,False,12,12,934.7510409872336,544.6454206160405,915.9400529689351,560.9864806235842,24.917534235849136,48.7403919887816,HIT,True,537.2718209906672
2026_07_21_gym,flight_83,20,0,150,not_fit_eligible,True,4,4,,,,,,,,,
2026_07_21_gym,flight_83,20,0,200,not_fit_eligible,True,5,5,,,,,,,,,
2026_07_21_gym,flight_83,20,0,250,not_fit_eligible,True,6,6,,,,,,,,,
2026_07_21_gym,flight_83,20,0,300,not_fit_eligible,True,7,7,,,,,,,,,
2026_07_21_gym,flight_83,20,0,350,ok,True,8,8,646.8621190758774,827.6730891299118,660.0391917671415,856.1105874478712,31.34208919799067,88.22827821607493,HIT,True,521.8918562443275
2026_07_21_gym,flight_83,20,0,400,ok,True,9,9,675.4001864869297,836.2275922531294,660.0391917671415,856.1105874478712,25.125557838493634,89.76703872199985,HIT,True,521.4173410789261
2026_07_21_gym,flight_83,20,0,450,ok,True,10,10,675.4001869876718,836.2275890091697,660.0391917671415,856.1105874478712,25.12556071172466,89.76704343176776,HIT,True,521.4173418391468
2026_07_21_gym,flight_83,20,0,490,ok,True,10,10,675.4001869876718,836.2275890091697,660.0391917671415,856.1105874478712,25.12556071172466,89.76704343176776,HIT,True,521.4173418391468
2026_07_21_gym,flight_83,20,0,500,ok,True,10,10,675.4001869876718,836.2275890091697,660.0391917671415,856.1105874478712,25.12556071172466,89.76704343176776,HIT,True,521.4173418391468
2026_07_21_gym,flight_83,20,0,550,ok,True,11,11,695.5738248178199,859.0304421178204,660.0391917671415,856.1105874478712,35.654392398973634,91.09282234074138,HIT,True,519.6376742338429
2026_07_21_gym,flight_83,20,0,600,ok,False,12,12,690.6337440265524,858.8629884998836,660.0391917671415,856.1105874478712,30.718110936464647,98.43449647590785,HIT,True,519.7642057295349
2026_07_21_gym,flight_83,20,0,650,ok,False,12,12,690.6337440265524,858.8629884998836,660.0391917671415,856.1105874478712,30.718110936464647,98.43449647590785,HIT,True,519.7642057295349
2026_07_21_gym,flight_83,20,0,700,ok,False,12,12,690.6337440265524,858.8629884998836,660.0391917671415,856.1105874478712,30.718110936464647,98.43449647590785,HIT,True,519.7642057295349
2026_07_21_gym,flight_83,20,0,750,ok,False,12,12,690.6337440265524,858.8629884998836,660.0391917671415,856.1105874478712,30.718110936464647,98.43449647590785,HIT,True,519.7642057295349
2026_07_21_gym,flight_83,20,0,800,ok,False,12,12,690.6337440265524,858.8629884998836,660.0391917671415,856.1105874478712,30.718110936464647,98.43449647590785,HIT,True,519.7642057295349
2026_07_21_gym,flight_83,20,0,850,ok,False,12,12,690.6337440265524,858.8629884998836,660.0391917671415,856.1105874478712,30.718110936464647,98.43449647590785,HIT,True,519.7642057295349
2026_07_21_gym,flight_83,20,0,900,ok,False,12,12,690.6337440265524,858.8629884998836,660.0391917671415,856.1105874478712,30.718110936464647,98.43449647590785,HIT,True,519.7642057295349
2026_07_21_gym,flight_83,20,0,950,ok,False,12,12,690.6337440265524,858.8629884998836,660.0391917671415,856.1105874478712,30.718110936464647,98.43449647590785,HIT,True,519.7642057295349
2026_07_21_gym,flight_83,20,0,1000,ok,False,12,12,690.6337440265524,858.8629884998836,660.0391917671415,856.1105874478712,30.718110936464647,98.43449647590785,HIT,True,519.7642057295349
2026_07_21_gym,flight_83,20,0,1050,ok,False,12,12,690.6337440265524,858.8629884998836,660.0391917671415,856.1105874478712,30.718110936464647,98.43449647590785,HIT,True,519.7642057295349
2026_07_21_gym,flight_83,20,0,1100,ok,False,12,12,690.6337440265524,858.8629884998836,660.0391917671415,856.1105874478712,30.718110936464647,98.43449647590785,HIT,True,519.7642057295349
2026_07_21_gym,flight_83,20,0,1150,ok,False,12,12,690.6337440265524,858.8629884998836,660.0391917671415,856.1105874478712,30.718110936464647,98.43449647590785,HIT,True,519.7642057295349
2026_07_21_gym,flight_83,20,0,1200,ok,False,12,12,690.6337440265524,858.8629884998836,660.0391917671415,856.1105874478712,30.718110936464647,98.43449647590785,HIT,True,519.7642057295349
2026_07_21_gym,flight_83,20,0,1250,ok,False,12,12,690.6337440265524,858.8629884998836,660.0391917671415,856.1105874478712,30.718110936464647,98.43449647590785,HIT,True,519.7642057295349
2026_07_21_gym,flight_85,20,0,150,not_fit_eligible,True,4,4,,,,,,,,,
2026_07_21_gym,flight_85,20,0,200,not_fit_eligible,True,5,5,,,,,,,,,
2026_07_21_gym,flight_85,20,0,250,not_fit_eligible,True,6,6,,,,,,,,,
2026_07_21_gym,flight_85,20,0,300,not_fit_eligible,True,7,7,,,,,,,,,
2026_07_21_gym,flight_85,20,0,350,fit_failed,True,8,8,,,,,,,,,
2026_07_21_gym,flight_85,20,0,400,fit_failed,True,9,9,,,,,,,,,
2026_07_21_gym,flight_85,20,0,450,ok,True,10,10,167.40028359552454,1215.2034767067769,158.19724692733155,1240.7067893735875,27.113001325880706,105.98480673758733,HIT,True,505.82383411894915
2026_07_21_gym,flight_85,20,0,490,ok,True,10,10,167.40028359552454,1215.2034767067769,158.19724692733155,1240.7067893735875,27.113001325880706,105.98480673758733,HIT,True,505.82383411894915
2026_07_21_gym,flight_85,20,0,500,ok,True,11,11,166.16333348281754,1220.6264688142712,158.19724692733155,1240.7067893735875,21.602726882835782,79.4850317373608,HIT,True,504.54837462347433
2026_07_21_gym,flight_85,20,0,550,ok,False,12,12,193.63480877243862,1221.288683965085,158.19724692733155,1240.7067893735875,40.408954542050466,78.40141014722788,HIT,True,504.06453160063325
2026_07_21_gym,flight_85,20,0,600,ok,False,13,13,193.63479789795048,1221.2884373383486,158.19724692733155,1240.7067893735875,40.40906351995408,78.40167045796629,HIT,True,504.06459694578876
2026_07_21_gym,flight_85,20,0,650,ok,False,13,13,193.63479789795048,1221.2884373383486,158.19724692733155,1240.7067893735875,40.40906351995408,78.40167045796629,HIT,True,504.06459694578876
2026_07_21_gym,flight_85,20,0,700,ok,False,13,13,193.63479789795048,1221.2884373383486,158.19724692733155,1240.7067893735875,40.40906351995408,78.40167045796629,HIT,True,504.06459694578876
2026_07_21_gym,flight_85,20,0,750,ok,False,13,13,193.63479789795048,1221.2884373383486,158.19724692733155,1240.7067893735875,40.40906351995408,78.40167045796629,HIT,True,504.06459694578876
2026_07_21_gym,flight_85,20,0,800,ok,False,13,13,193.63479789795048,1221.2884373383486,158.19724692733155,1240.7067893735875,40.40906351995408,78.40167045796629,HIT,True,504.06459694578876
2026_07_21_gym,flight_85,20,0,850,ok,False,13,13,193.63479789795048,1221.2884373383486,158.19724692733155,1240.7067893735875,40.40906351995408,78.40167045796629,HIT,True,504.06459694578876
2026_07_21_gym,flight_85,20,0,900,ok,False,13,13,193.63479789795048,1221.2884373383486,158.19724692733155,1240.7067893735875,40.40906351995408,78.40167045796629,HIT,True,504.06459694578876
2026_07_21_gym,flight_85,20,0,950,ok,False,13,13,193.63479789795048,1221.2884373383486,158.19724692733155,1240.7067893735875,40.40906351995408,78.40167045796629,HIT,True,504.06459694578876
2026_07_21_gym,flight_85,20,0,1000,ok,False,13,13,193.63479789795048,1221.2884373383486,158.19724692733155,1240.7067893735875,40.40906351995408,78.40167045796629,HIT,True,504.06459694578876
2026_07_21_gym,flight_85,20,0,1050,ok,False,13,13,193.63479789795048,1221.2884373383486,158.19724692733155,1240.7067893735875,40.40906351995408,78.40167045796629,HIT,True,504.06459694578876
2026_07_21_gym,flight_85,20,0,1100,ok,False,13,13,193.63479789795048,1221.2884373383486,158.19724692733155,1240.7067893735875,40.40906351995408,78.40167045796629,HIT,True,504.06459694578876
2026_07_21_gym,flight_85,20,0,1150,ok,False,13,13,193.63479789795048,1221.2884373383486,158.19724692733155,1240.7067893735875,40.40906351995408,78.40167045796629,HIT,True,504.06459694578876
2026_07_21_gym,flight_85,20,0,1200,ok,False,13,13,193.63479789795048,1221.2884373383486,158.19724692733155,1240.7067893735875,40.40906351995408,78.40167045796629,HIT,True,504.06459694578876
2026_07_21_gym,flight_85,20,0,1250,ok,False,13,13,193.63479789795048,1221.2884373383486,158.19724692733155,1240.7067893735875,40.40906351995408,78.40167045796629,HIT,True,504.06459694578876
2026_07_21_gym,flight_86,20,0,150,not_fit_eligible,True,4,4,,,,,,,,,
2026_07_21_gym,flight_86,20,0,200,not_fit_eligible,True,5,5,,,,,,,,,
2026_07_21_gym,flight_86,20,0,250,not_fit_eligible,True,6,6,,,,,,,,,
2026_07_21_gym,flight_86,20,0,300,not_fit_eligible,True,7,7,,,,,,,,,
2026_07_21_gym,flight_86,20,0,350,ok,True,8,8,617.7122751327131,435.76435567245517,612.0491670081335,441.98942473923984,8.415597335716507,155.3359955031919,HIT,True,510.83321965254345
2026_07_21_gym,flight_86,20,0,400,ok,True,9,9,534.2948778698941,459.8491750844334,612.0491670081335,441.98942473923984,79.77907095088021,243.901523901322,HIT,True,506.79778506890216
2026_07_21_gym,flight_86,20,0,450,ok,True,10,10,558.3710708356083,461.2882832719509,612.0491670081335,441.98942473923984,57.04194903202783,185.18676539654695,HIT,True,505.51575110068893
2026_07_21_gym,flight_86,20,0,490,ok,True,10,10,558.3710708356083,461.2882832719509,612.0491670081335,441.98942473923984,57.04194903202783,185.18676539654695,HIT,True,505.51575110068893
2026_07_21_gym,flight_86,20,0,500,ok,True,11,11,627.6486433977914,447.5150692825005,612.0491670081335,441.98942473923984,16.549211801471383,56.331535039339585,HIT,True,505.9170732505543
2026_07_21_gym,flight_86,20,0,550,ok,False,11,11,627.6486433977914,447.5150692825005,612.0491670081335,441.98942473923984,16.549211801471383,56.331535039339585,HIT,True,505.9170732505543
2026_07_21_gym,flight_86,20,0,600,ok,False,11,11,627.6486433977914,447.5150692825005,612.0491670081335,441.98942473923984,16.549211801471383,56.331535039339585,HIT,True,505.9170732505543
2026_07_21_gym,flight_86,20,0,650,ok,False,11,11,627.6486433977914,447.5150692825005,612.0491670081335,441.98942473923984,16.549211801471383,56.331535039339585,HIT,True,505.9170732505543
2026_07_21_gym,flight_86,20,0,700,ok,False,11,11,627.6486433977914,447.5150692825005,612.0491670081335,441.98942473923984,16.549211801471383,56.331535039339585,HIT,True,505.9170732505543
2026_07_21_gym,flight_86,20,0,750,ok,False,11,11,627.6486433977914,447.5150692825005,612.0491670081335,441.98942473923984,16.549211801471383,56.331535039339585,HIT,True,505.9170732505543
2026_07_21_gym,flight_86,20,0,800,ok,False,11,11,627.6486433977914,447.5150692825005,612.0491670081335,441.98942473923984,16.549211801471383,56.331535039339585,HIT,True,505.9170732505543
2026_07_21_gym,flight_86,20,0,850,ok,False,11,11,627.6486433977914,447.5150692825005,612.0491670081335,441.98942473923984,16.549211801471383,56.331535039339585,HIT,True,505.9170732505543
2026_07_21_gym,flight_86,20,0,900,ok,False,11,11,627.6486433977914,447.5150692825005,612.0491670081335,441.98942473923984,16.549211801471383,56.331535039339585,HIT,True,505.9170732505543
2026_07_21_gym,flight_86,20,0,950,ok,False,11,11,627.6486433977914,447.5150692825005,612.0491670081335,441.98942473923984,16.549211801471383,56.331535039339585,HIT,True,505.9170732505543
2026_07_21_gym,flight_86,20,0,1000,ok,False,11,11,627.6486433977914,447.5150692825005,612.0491670081335,441.98942473923984,16.549211801471383,56.331535039339585,HIT,True,505.9170732505543
2026_07_21_gym,flight_86,20,0,1050,ok,False,11,11,627.6486433977914,447.5150692825005,612.0491670081335,441.98942473923984,16.549211801471383,56.331535039339585,HIT,True,505.9170732505543
2026_07_21_gym,flight_86,20,0,1100,ok,False,11,11,627.6486433977914,447.5150692825005,612.0491670081335,441.98942473923984,16.549211801471383,56.331535039339585,HIT,True,505.9170732505543
2026_07_21_gym,flight_86,20,0,1150,ok,False,11,11,627.6486433977914,447.5150692825005,612.0491670081335,441.98942473923984,16.549211801471383,56.331535039339585,HIT,True,505.9170732505543
2026_07_21_gym,flight_86,20,0,1200,ok,False,11,11,627.6486433977914,447.5150692825005,612.0491670081335,441.98942473923984,16.549211801471383,56.331535039339585,HIT,True,505.9170732505543
2026_07_21_gym,flight_86,20,0,1250,ok,False,11,11,627.6486433977914,447.5150692825005,612.0491670081335,441.98942473923984,16.549211801471383,56.331535039339585,HIT,True,505.9170732505543
2026_07_21_gym,flight_87,20,0,150,not_fit_eligible,True,4,4,,,,,,,,,
2026_07_21_gym,flight_87,20,0,200,not_fit_eligible,True,5,5,,,,,,,,,
2026_07_21_gym,flight_87,20,0,250,not_fit_eligible,True,6,6,,,,,,,,,
2026_07_21_gym,flight_87,20,0,300,not_fit_eligible,True,7,7,,,,,,,,,
2026_07_21_gym,flight_87,20,0,350,ok,True,8,8,997.605078334507,996.4644338263095,1042.5757845910155,993.5856779541552,45.06275243014606,122.69600938668272,HIT,True,549.007464586443
2026_07_21_gym,flight_87,20,0,400,ok,True,9,9,1021.2052919046959,980.426071849561,1042.5757845910155,993.5856779541552,25.09727456287063,82.77914498014346,HIT,True,549.0528458914393
2026_07_21_gym,flight_87,20,0,450,ok,True,10,10,1021.2052926510568,980.4260691576151,1042.5757845910155,993.5856779541552,25.09727533884539,82.7791477744425,HIT,True,549.052846540635
2026_07_21_gym,flight_87,20,0,490,ok,True,10,10,1021.2052926510568,980.4260691576151,1042.5757845910155,993.5856779541552,25.09727533884539,82.7791477744425,HIT,True,549.052846540635
2026_07_21_gym,flight_87,20,0,500,ok,True,11,11,1017.9435137074071,993.2644982196006,1042.5757845910155,993.5856779541552,24.634364722991133,76.80724817774251,HIT,True,548.1821977893001
2026_07_21_gym,flight_87,20,0,550,ok,False,12,12,1017.9435022549641,993.2645394188252,1042.5757845910155,993.5856779541552,24.63437563734513,76.80723724278378,HIT,True,548.1821877871168
2026_07_21_gym,flight_87,20,0,600,ok,False,13,13,998.6842901750641,1007.825207447245,1042.5757845910155,993.5856779541552,46.143552986848135,121.07616755993259,HIT,True,544.9873895255263
2026_07_21_gym,flight_87,20,0,650,ok,False,14,14,998.6844147767634,1007.8247480162345,1042.5757845910155,993.5856779541552,46.143292691400276,121.07583795961627,HIT,True,544.9875018940779
2026_07_21_gym,flight_87,20,0,700,ok,False,14,14,998.6844147767634,1007.8247480162345,1042.5757845910155,993.5856779541552,46.143292691400276,121.07583795961627,HIT,True,544.9875018940779
2026_07_21_gym,flight_87,20,0,750,ok,False,14,14,998.6844147767634,1007.8247480162345,1042.5757845910155,993.5856779541552,46.143292691400276,121.07583795961627,HIT,True,544.9875018940779
2026_07_21_gym,flight_87,20,0,800,ok,False,14,14,998.6844147767634,1007.8247480162345,1042.5757845910155,993.5856779541552,46.143292691400276,121.07583795961627,HIT,True,544.9875018940779
2026_07_21_gym,flight_87,20,0,850,ok,False,14,14,998.6844147767634,1007.8247480162345,1042.5757845910155,993.5856779541552,46.143292691400276,121.07583795961627,HIT,True,544.9875018940779
2026_07_21_gym,flight_87,20,0,900,ok,False,14,14,998.6844147767634,1007.8247480162345,1042.5757845910155,993.5856779541552,46.143292691400276,121.07583795961627,HIT,True,544.9875018940779
2026_07_21_gym,flight_87,20,0,950,ok,False,14,14,998.6844147767634,1007.8247480162345,1042.5757845910155,993.5856779541552,46.143292691400276,121.07583795961627,HIT,True,544.9875018940779
2026_07_21_gym,flight_87,20,0,1000,ok,False,14,14,998.6844147767634,1007.8247480162345,1042.5757845910155,993.5856779541552,46.143292691400276,121.07583795961627,HIT,True,544.9875018940779
2026_07_21_gym,flight_87,20,0,1050,ok,False,14,14,998.6844147767634,1007.8247480162345,1042.5757845910155,993.5856779541552,46.143292691400276,121.07583795961627,HIT,True,544.9875018940779
2026_07_21_gym,flight_87,20,0,1100,ok,False,14,14,998.6844147767634,1007.8247480162345,1042.5757845910155,993.5856779541552,46.143292691400276,121.07583795961627,HIT,True,544.9875018940779
2026_07_21_gym,flight_87,20,0,1150,ok,False,14,14,998.6844147767634,1007.8247480162345,1042.5757845910155,993.5856779541552,46.143292691400276,121.07583795961627,HIT,True,544.9875018940779
2026_07_21_gym,flight_87,20,0,1200,ok,False,14,14,998.6844147767634,1007.8247480162345,1042.5757845910155,993.5856779541552,46.143292691400276,121.07583795961627,HIT,True,544.9875018940779
2026_07_21_gym,flight_87,20,0,1250,ok,False,14,14,998.6844147767634,1007.8247480162345,1042.5757845910155,993.5856779541552,46.143292691400276,121.07583795961627,HIT,True,544.9875018940779
2026_07_21_gym,flight_88,20,0,150,not_fit_eligible,True,4,4,,,,,,,,,
2026_07_21_gym,flight_88,20,0,200,not_fit_eligible,True,5,5,,,,,,,,,
2026_07_21_gym,flight_88,20,0,250,not_fit_eligible,True,6,6,,,,,,,,,
2026_07_21_gym,flight_88,20,0,300,not_fit_eligible,True,7,7,,,,,,,,,
2026_07_21_gym,flight_88,20,0,350,fit_failed,True,8,8,,,,,,,,,
2026_07_21_gym,flight_88,20,0,400,fit_failed,True,9,9,,,,,,,,,
2026_07_21_gym,flight_88,20,0,450,fit_failed,True,9,9,,,,,,,,,
2026_07_21_gym,flight_88,20,0,490,fit_failed,True,9,9,,,,,,,,,
2026_07_21_gym,flight_88,20,0,500,fit_failed,True,10,10,,,,,,,,,
2026_07_21_gym,flight_88,20,0,550,fit_failed,True,11,11,,,,,,,,,
2026_07_21_gym,flight_88,20,0,600,fit_failed,True,12,12,,,,,,,,,
2026_07_21_gym,flight_88,20,0,650,fit_failed,False,13,13,,,,,,,,,
2026_07_21_gym,flight_88,20,0,700,fit_failed,False,13,13,,,,,,,,,
2026_07_21_gym,flight_88,20,0,750,fit_failed,False,13,13,,,,,,,,,
2026_07_21_gym,flight_88,20,0,800,fit_failed,False,13,13,,,,,,,,,
2026_07_21_gym,flight_88,20,0,850,fit_failed,False,13,13,,,,,,,,,
2026_07_21_gym,flight_88,20,0,900,fit_failed,False,13,13,,,,,,,,,
2026_07_21_gym,flight_88,20,0,950,fit_failed,False,13,13,,,,,,,,,
2026_07_21_gym,flight_88,20,0,1000,fit_failed,False,13,13,,,,,,,,,
2026_07_21_gym,flight_88,20,0,1050,fit_failed,False,13,13,,,,,,,,,
2026_07_21_gym,flight_88,20,0,1100,fit_failed,False,13,13,,,,,,,,,
2026_07_21_gym,flight_88,20,0,1150,fit_failed,False,13,13,,,,,,,,,
2026_07_21_gym,flight_88,20,0,1200,fit_failed,False,13,13,,,,,,,,,
2026_07_21_gym,flight_88,20,0,1250,fit_failed,False,13,13,,,,,,,,,
2026_07_21_gym,flight_9,20,0,150,not_fit_eligible,True,4,4,,,,,,,,,
2026_07_21_gym,flight_9,20,0,200,not_fit_eligible,True,5,5,,,,,,,,,
2026_07_21_gym,flight_9,20,0,250,not_fit_eligible,True,6,6,,,,,,,,,
2026_07_21_gym,flight_9,20,0,300,not_fit_eligible,True,7,7,,,,,,,,,
2026_07_21_gym,flight_9,20,0,350,ok,True,8,8,626.0928582422122,815.6739854373075,728.30196754341,842.0407113478864,105.55522847963428,195.425497754289,HIT,True,552.0499057029266
2026_07_21_gym,flight_9,20,0,400,fit_failed,True,9,9,,,,,,,,,
2026_07_21_gym,flight_9,20,0,450,ok,True,10,10,626.0930223470478,815.6732763089308,728.30196754341,842.0407113478864,105.5552467132094,195.4259716903838,HIT,True,552.0500671063114
2026_07_21_gym,flight_9,20,0,490,ok,True,10,10,626.0930223470478,815.6732763089308,728.30196754341,842.0407113478864,105.5552467132094,195.4259716903838,HIT,True,552.0500671063114
2026_07_21_gym,flight_9,20,0,500,ok,True,11,11,675.4257851720673,850.5893673197957,728.30196754341,842.0407113478864,53.56276860930128,73.50091010043565,HIT,True,548.8427659853812
2026_07_21_gym,flight_9,20,0,550,ok,True,12,12,672.0707664559684,862.4786443907883,728.30196754341,842.0407113478864,59.83023552354141,97.20689548522928,HIT,True,546.6454605638938
2026_07_21_gym,flight_9,20,0,600,ok,False,13,13,692.6455852502404,866.398792368397,728.30196754341,842.0407113478864,43.18209940749084,79.18793965406941,HIT,True,546.6008120563071
2026_07_21_gym,flight_9,20,0,650,ok,False,14,14,790.0805569333497,836.2734260638609,728.30196754341,842.0407113478864,62.04720530820151,144.04354624515022,HIT,True,551.9357683874313
2026_07_21_gym,flight_9,20,0,700,ok,False,14,14,790.0805569333497,836.2734260638609,728.30196754341,842.0407113478864,62.04720530820151,144.04354624515022,HIT,True,551.9357683874313
2026_07_21_gym,flight_9,20,0,750,ok,False,14,14,790.0805569333497,836.2734260638609,728.30196754341,842.0407113478864,62.04720530820151,144.04354624515022,HIT,True,551.9357683874313
2026_07_21_gym,flight_9,20,0,800,ok,False,14,14,790.0805569333497,836.2734260638609,728.30196754341,842.0407113478864,62.04720530820151,144.04354624515022,HIT,True,551.9357683874313
2026_07_21_gym,flight_9,20,0,850,ok,False,14,14,790.0805569333497,836.2734260638609,728.30196754341,842.0407113478864,62.04720530820151,144.04354624515022,HIT,True,551.9357683874313
2026_07_21_gym,flight_9,20,0,900,ok,False,14,14,790.0805569333497,836.2734260638609,728.30196754341,842.0407113478864,62.04720530820151,144.04354624515022,HIT,True,551.9357683874313
2026_07_21_gym,flight_9,20,0,950,ok,False,14,14,790.0805569333497,836.2734260638609,728.30196754341,842.0407113478864,62.04720530820151,144.04354624515022,HIT,True,551.9357683874313
2026_07_21_gym,flight_9,20,0,1000,ok,False,14,14,790.0805569333497,836.2734260638609,728.30196754341,842.0407113478864,62.04720530820151,144.04354624515022,HIT,True,551.9357683874313
2026_07_21_gym,flight_9,20,0,1050,ok,False,14,14,790.0805569333497,836.2734260638609,728.30196754341,842.0407113478864,62.04720530820151,144.04354624515022,HIT,True,551.9357683874313
2026_07_21_gym,flight_9,20,0,1100,ok,False,14,14,790.0805569333497,836.2734260638609,728.30196754341,842.0407113478864,62.04720530820151,144.04354624515022,HIT,True,551.9357683874313
2026_07_21_gym,flight_9,20,0,1150,ok,False,14,14,790.0805569333497,836.2734260638609,728.30196754341,842.0407113478864,62.04720530820151,144.04354624515022,HIT,True,551.9357683874313
2026_07_21_gym,flight_9,20,0,1200,ok,False,14,14,790.0805569333497,836.2734260638609,728.30196754341,842.0407113478864,62.04720530820151,144.04354624515022,HIT,True,551.9357683874313
2026_07_21_gym,flight_9,20,0,1250,ok,False,14,14,790.0805569333497,836.2734260638609,728.30196754341,842.0407113478864,62.04720530820151,144.04354624515022,HIT,True,551.9357683874313
2026_07_21_gym,flight_90,20,0,150,not_fit_eligible,True,4,4,,,,,,,,,
2026_07_21_gym,flight_90,20,0,200,not_fit_eligible,True,5,5,,,,,,,,,
2026_07_21_gym,flight_90,20,0,250,not_fit_eligible,True,6,6,,,,,,,,,
2026_07_21_gym,flight_90,20,0,300,not_fit_eligible,True,7,7,,,,,,,,,
2026_07_21_gym,flight_90,20,0,350,ok,True,8,8,509.0811504269866,964.6234054072204,495.6103115225091,975.1517089622806,17.09703706897421,53.76580568004474,HIT,True,557.0262698877116
2026_07_21_gym,flight_90,20,0,400,ok,True,9,9,517.385702750787,967.6758160916809,495.6103115225091,975.1517089622806,23.02295891837637,67.93924034423732,HIT,True,557.3493930572708
2026_07_21_gym,flight_90,20,0,450,ok,True,10,10,454.7275897033821,975.6817249309387,495.6103115225091,975.1517089622806,40.88615731842695,115.61669017693691,HIT,True,555.6973614875036
2026_07_21_gym,flight_90,20,0,490,ok,True,10,10,454.7275897033821,975.6817249309387,495.6103115225091,975.1517089622806,40.88615731842695,115.61669017693691,HIT,True,555.6973614875036
2026_07_21_gym,flight_90,20,0,500,ok,True,11,11,514.948405586161,979.2830216080141,495.6103115225091,975.1517089622806,19.774469049545846,74.6392471341666,HIT,True,556.9545563704991
2026_07_21_gym,flight_90,20,0,550,ok,True,12,12,500.38412527775637,976.2748638412686,495.6103115225091,975.1517089622806,4.904158913818194,45.522970253557155,HIT,True,557.319629541042
2026_07_21_gym,flight_90,20,0,600,ok,True,13,13,478.7754769174732,978.0828256719515,495.6103115225091,975.1517089622806,17.088098236627317,54.09406484963844,HIT,True,556.2913597386323
2026_07_21_gym,flight_90,20,0,650,ok,False,14,14,490.1965044715,969.6692554780792,495.6103115225091,975.1517089622806,7.704972614616351,23.236106519674745,HIT,True,557.657996332036
2026_07_21_gym,flight_90,20,0,700,ok,False,14,14,490.1965044715,969.6692554780792,495.6103115225091,975.1517089622806,7.704972614616351,23.236106519674745,HIT,True,557.657996332036
2026_07_21_gym,flight_90,20,0,750,ok,False,14,14,490.1965044715,969.6692554780792,495.6103115225091,975.1517089622806,7.704972614616351,23.236106519674745,HIT,True,557.657996332036
2026_07_21_gym,flight_90,20,0,800,ok,False,14,14,490.1965044715,969.6692554780792,495.6103115225091,975.1517089622806,7.704972614616351,23.236106519674745,HIT,True,557.657996332036
2026_07_21_gym,flight_90,20,0,850,ok,False,14,14,490.1965044715,969.6692554780792,495.6103115225091,975.1517089622806,7.704972614616351,23.236106519674745,HIT,True,557.657996332036
2026_07_21_gym,flight_90,20,0,900,ok,False,14,14,490.1965044715,969.6692554780792,495.6103115225091,975.1517089622806,7.704972614616351,23.236106519674745,HIT,True,557.657996332036
2026_07_21_gym,flight_90,20,0,950,ok,False,14,14,490.1965044715,969.6692554780792,495.6103115225091,975.1517089622806,7.704972614616351,23.236106519674745,HIT,True,557.657996332036
2026_07_21_gym,flight_90,20,0,1000,ok,False,14,14,490.1965044715,969.6692554780792,495.6103115225091,975.1517089622806,7.704972614616351,23.236106519674745,HIT,True,557.657996332036
2026_07_21_gym,flight_90,20,0,1050,ok,False,14,14,490.1965044715,969.6692554780792,495.6103115225091,975.1517089622806,7.704972614616351,23.236106519674745,HIT,True,557.657996332036
2026_07_21_gym,flight_90,20,0,1100,ok,False,14,14,490.1965044715,969.6692554780792,495.6103115225091,975.1517089622806,7.704972614616351,23.236106519674745,HIT,True,557.657996332036
2026_07_21_gym,flight_90,20,0,1150,ok,False,14,14,490.1965044715,969.6692554780792,495.6103115225091,975.1517089622806,7.704972614616351,23.236106519674745,HIT,True,557.657996332036
2026_07_21_gym,flight_90,20,0,1200,ok,False,14,14,490.1965044715,969.6692554780792,495.6103115225091,975.1517089622806,7.704972614616351,23.236106519674745,HIT,True,557.657996332036
2026_07_21_gym,flight_90,20,0,1250,ok,False,14,14,490.1965044715,969.6692554780792,495.6103115225091,975.1517089622806,7.704972614616351,23.236106519674745,HIT,True,557.657996332036
2026_07_21_gym,flight_92,20,0,150,not_fit_eligible,True,4,4,,,,,,,,,
2026_07_21_gym,flight_92,20,0,200,not_fit_eligible,True,5,5,,,,,,,,,
2026_07_21_gym,flight_92,20,0,250,not_fit_eligible,True,6,6,,,,,,,,,
2026_07_21_gym,flight_92,20,0,300,not_fit_eligible,True,6,6,,,,,,,,,
2026_07_21_gym,flight_92,20,0,350,not_fit_eligible,True,7,7,,,,,,,,,
2026_07_21_gym,flight_92,20,0,400,fit_failed,True,8,8,,,,,,,,,
2026_07_21_gym,flight_92,20,0,450,fit_failed,True,9,9,,,,,,,,,
2026_07_21_gym,flight_92,20,0,490,fit_failed,True,9,9,,,,,,,,,
2026_07_21_gym,flight_92,20,0,500,ok,True,10,10,943.1289229861218,1248.8816886775185,905.4792378337152,1287.7709979885199,54.12833981161889,66.31817074917464,HIT,True,1139.2619861514786
2026_07_21_gym,flight_92,20,0,550,ok,True,11,11,847.9930102160581,1110.3794177025202,905.4792378337152,1287.7709979885199,186.47369552318457,279.04698486363316,HIT,True,1160.1018392610677
2026_07_21_gym,flight_92,20,0,600,ok,True,12,12,901.1822761808929,1230.7937491897135,905.4792378337152,1287.7709979885199,57.13904759555333,87.63246510606075,HIT,True,1143.7461627941184
2026_07_21_gym,flight_92,20,0,650,ok,True,13,13,847.7274228192083,1293.6514940031336,905.4792378337152,1287.7709979885199,58.05042954920926,57.80350604098523,HIT,True,1139.2616817315336
2026_07_21_gym,flight_92,20,0,700,ok,True,14,14,858.1407425018825,1249.9843086723258,905.4792378337152,1287.7709979885199,60.570347776453396,79.95734789633691,HIT,True,1142.4180107244467
2026_07_21_gym,flight_92,20,0,750,ok,True,15,15,882.8734838742893,1250.1591112940173,905.4792378337152,1287.7709979885199,43.88250372066525,61.86897418071738,HIT,True,1140.8003764440914
2026_07_21_gym,flight_92,20,0,800,ok,True,16,16,828.1745418306473,1292.0309518901445,905.4792378337152,1287.7709979885199,77.42198157739638,77.73460281485931,HIT,True,1139.3889328571765
2026_07_21_gym,flight_92,20,0,850,ok,True,17,17,870.0207511619684,1292.888051011669,905.4792378337152,1287.7709979885199,35.825807858192974,31.086912705158607,HIT,True,1136.465617286116
2026_07_21_gym,flight_92,20,0,900,ok,True,18,18,887.8025059137485,1262.8516680365146,905.4792378337152,1287.7709979885199,30.552247979932222,40.50290736895219,HIT,True,1138.4901287369846
2026_07_21_gym,flight_92,20,0,950,ok,True,19,19,889.5492237518208,1269.4109130358243,905.4792378337152,1287.7709979885199,24.30757223828723,30.344725540390872,HIT,True,1137.4094682178388
2026_07_21_gym,flight_92,20,0,1000,ok,True,20,20,908.2296264091088,1287.7767780582717,905.4792378337152,1287.7709979885199,2.750394648929939,57.747750860846644,HIT,True,1133.8756182864752
2026_07_21_gym,flight_92,20,0,1050,ok,True,21,21,923.1277817730956,1263.8232276569845,905.4792378337152,1287.7709979885199,29.748391671352746,38.62705448869514,HIT,True,1137.0078766777183
2026_07_21_gym,flight_92,20,0,1100,ok,True,22,22,881.6320876123273,1293.7659911818673,905.4792378337152,1287.7709979885199,24.589154460243705,25.69016606027989,HIT,True,1134.2296232017682
2026_07_21_gym,flight_92,20,0,1150,ok,False,23,23,879.0857769544365,1313.5723613823775,905.4792378337152,1287.7709979885199,36.90968883867636,41.528630821035804,HIT,True,1132.3806713802849
2026_07_21_gym,flight_92,20,0,1200,ok,False,24,24,891.3793356599942,1307.3222605291994,905.4792378337152,1287.7709979885199,24.105167666769695,31.478263440017688,HIT,True,1133.1751947421342
2026_07_21_gym,flight_92,20,0,1250,ok,False,25,25,891.3792922534737,1307.3231333697024,905.4792378337152,1287.7709979885199,24.105901006389697,31.479308994313552,HIT,True,1133.1750365679
2026_07_21_gym,flight_93,20,0,150,not_fit_eligible,True,4,4,,,,,,,,,
2026_07_21_gym,flight_93,20,0,200,not_fit_eligible,True,5,5,,,,,,,,,
2026_07_21_gym,flight_93,20,0,250,not_fit_eligible,True,6,6,,,,,,,,,
2026_07_21_gym,flight_93,20,0,300,not_fit_eligible,True,7,7,,,,,,,,,
2026_07_21_gym,flight_93,20,0,350,ok,True,8,8,-37.8909778545783,1283.5639598352757,-96.7384465607923,1397.6653961377565,128.3828740113646,138.40291777722032,MISS_HIGH_WIDE,True,1085.3299171920814
2026_07_21_gym,flight_93,20,0,400,fit_failed,True,9,9,,,,,,,,,
2026_07_21_gym,flight_93,20,0,450,ok,True,10,10,-119.94499900040674,1276.1085112126298,-96.7384465607923,1397.6653961377565,123.75225391415331,148.82911307860667,MISS_HIGH_WIDE,True,1091.3332861897766
2026_07_21_gym,flight_93,20,0,490,ok,True,10,10,-119.94499900040674,1276.1085112126298,-96.7384465607923,1397.6653961377565,123.75225391415331,148.82911307860667,MISS_HIGH_WIDE,True,1091.3332861897766
2026_07_21_gym,flight_93,20,0,500,ok,True,10,10,-119.94499900040674,1276.1085112126298,-96.7384465607923,1397.6653961377565,123.75225391415331,148.82911307860667,MISS_HIGH_WIDE,True,1091.3332861897766
2026_07_21_gym,flight_93,20,0,550,ok,True,11,11,-180.69815487826222,1321.0620597715242,-96.7384465607923,1397.6653961377565,113.65431695801419,108.0933975251376,MISS_HIGH_WIDE,True,1087.9166751619625
2026_07_21_gym,flight_93,20,0,600,ok,True,12,12,-201.93599189232185,1361.7884018217635,-96.7384465607923,1397.6653961377565,111.14711991288398,104.25272794386781,MISS_HIGH_WIDE,True,1087.976622550562
2026_07_21_gym,flight_93,20,0,650,ok,True,13,13,-176.92734711496706,1348.0988951166314,-96.7384465607923,1397.6653961377565,94.27140497290004,84.2647342168325,MISS_HIGH_WIDE,True,1086.433121362947
2026_07_21_gym,flight_93,20,0,700,ok,True,14,14,-190.65362358276903,1378.2406692812485,-96.7384465607923,1397.6653961377565,95.90297434657158,62.32529545557355,MISS_HIGH_WIDE,True,1083.4408485165666
2026_07_21_gym,flight_93,20,0,750,ok,True,15,15,-190.40260791703903,1364.0057398700353,-96.7384465607923,1397.6653961377565,99.52862695039134,91.11952921545397,MISS_HIGH_WIDE,True,1086.85439206736
2026_07_21_gym,flight_93,20,0,800,ok,True,16,16,-170.0402224589973,1359.7268563993218,-96.7384465607923,1397.6653961377565,82.53776800541345,64.19100930053283,MISS_HIGH_WIDE,True,1085.1695893788494
2026_07_21_gym,flight_93,20,0,850,ok,True,17,17,-105.04009175432817,1351.897056844325,-96.7384465607923,1397.6653961377565,46.51513941286226,67.4092262218374,MISS_HIGH_WIDE,True,1083.7111098325436
2026_07_21_gym,flight_93,20,0,900,ok,True,18,18,-105.04015338155766,1351.8962948609048,-96.7384465607923,1397.6653961377565,46.51590016143561,67.4101687911319,MISS_HIGH_WIDE,True,1083.711245802276
2026_07_21_gym,flight_93,20,0,950,ok,True,19,19,-67.85047070758046,1345.227953541442,-96.7384465607923,1397.6653961377565,59.8681930154696,97.57809010279385,MISS_HIGH_WIDE,True,1084.7054068732252
2026_07_21_gym,flight_93,20,0,1000,ok,True,20,20,-170.0402061878589,1359.727032106576,-96.7384465607923,1397.6653961377565,82.53767279119653,64.19079823937096,MISS_HIGH_WIDE,True,1085.1695580033768
2026_07_21_gym,flight_93,20,0,1050,ok,True,21,21,-112.68898521063869,1364.6565298816633,-96.7384465607923,1397.6653961377565,36.660672862522425,47.55639311342802,MISS_HIGH_WIDE,True,1082.3866813032114
2026_07_21_gym,flight_93,20,0,1100,ok,True,22,22,-213.532066431292,1430.7676120580027,-96.7384465607923,1397.6653961377565,121.39401279010998,122.81384259138106,MISS_HIGH_WIDE,True,1076.0822403039751
2026_07_21_gym,flight_93,20,0,1150,ok,True,23,23,-108.11207254904265,1393.9432598142503,-96.7384465607923,1397.6653961377565,11.96719127161291,10.752938635462522,MISS_HIGH_WIDE,True,1080.1812910079104
2026_07_21_gym,flight_93,20,0,1200,ok,False,24,24,-116.29875835587958,1415.4594669600178,-96.7384465607923,1397.6653961377565,26.443047365019854,37.157515839476986,MISS_HIGH_WIDE,True,1077.5563318553443
2026_07_21_gym,flight_93,20,0,1250,ok,False,24,24,-116.29875835587958,1415.4594669600178,-96.7384465607923,1397.6653961377565,26.443047365019854,37.157515839476986,MISS_HIGH_WIDE,True,1077.5563318553443
2026_07_21_gym,flight_94,20,0,150,not_fit_eligible,True,4,4,,,,,,,,,
2026_07_21_gym,flight_94,20,0,200,not_fit_eligible,True,5,5,,,,,,,,,
2026_07_21_gym,flight_94,20,0,250,not_fit_eligible,True,6,6,,,,,,,,,
2026_07_21_gym,flight_94,20,0,300,not_fit_eligible,True,7,7,,,,,,,,,
2026_07_21_gym,flight_94,20,0,350,fit_failed,True,8,8,,,,,,,,,
2026_07_21_gym,flight_94,20,0,400,fit_failed,True,9,9,,,,,,,,,
2026_07_21_gym,flight_94,20,0,450,fit_failed,True,10,10,,,,,,,,,
2026_07_21_gym,flight_94,20,0,490,fit_failed,True,10,10,,,,,,,,,
2026_07_21_gym,flight_94,20,0,500,ok,True,11,11,1170.3864244817248,1741.2520798297046,1188.2341463111723,1799.002339964838,60.445295269168106,103.56790678829798,HIT,True,1196.3430020078147
2026_07_21_gym,flight_94,20,0,550,ok,True,12,12,1099.6821616352192,1784.128633114601,1188.2341463111723,1799.002339964838,89.7924336763238,116.25950964284466,HIT,True,1195.021956189943
2026_07_21_gym,flight_94,20,0,600,ok,True,13,13,1182.0626537325807,1731.7602649353169,1188.2341463111723,1799.002339964838,67.52469159443355,100.56961690016206,HIT,True,1195.1698407012802
2026_07_21_gym,flight_94,20,0,650,ok,True,14,14,1173.5647818403806,1764.6872115077717,1188.2341463111723,1799.002339964838,37.31914113430109,53.030385280008716,HIT,True,1188.3041718380546
2026_07_21_gym,flight_94,20,0,700,ok,True,15,15,1130.6748271985919,1806.127407513057,1188.2341463111723,1799.002339964838,57.998636227678205,76.07483238469439,HIT,True,1185.4796293170702
2026_07_21_gym,flight_94,20,0,750,ok,True,16,16,1136.5709386806745,1797.0288810399168,1188.2341463111723,1799.002339964838,51.70088551272858,70.30752502732474,HIT,True,1184.3203258684334
2026_07_21_gym,flight_94,20,0,800,ok,True,17,17,1122.6440294886145,1819.3330208393434,1188.2341463111723,1799.002339964838,68.66877026434763,87.50695389913967,HIT,True,1182.940904775039
2026_07_21_gym,flight_94,20,0,850,ok,True,18,18,1122.6440373540368,1819.3328973269372,1188.2341463111723,1799.002339964838,68.66872618348553,87.50688368395282,HIT,True,1182.940927948069
2026_07_21_gym,flight_94,20,0,900,ok,True,18,18,1122.6440373540368,1819.3328973269372,1188.2341463111723,1799.002339964838,68.66872618348553,87.50688368395282,HIT,True,1182.940927948069
2026_07_21_gym,flight_94,20,0,950,ok,True,19,19,1140.9641336192335,1809.6905900804443,1188.2341463111723,1799.002339964838,48.463313861412814,56.53310766716577,HIT,True,1182.183679772065
2026_07_21_gym,flight_94,20,0,1000,ok,True,20,20,1220.5500789906507,1750.8889587240285,1188.2341463111723,1799.002339964838,57.958752224043494,45.76967784991576,HIT,True,1187.5939324634144
2026_07_21_gym,flight_94,20,0,1050,ok,True,21,21,1224.5259763752397,1744.1481147533063,1188.2341463111723,1799.002339964838,65.77296521335028,56.75469565551343,HIT,True,1188.669770832221
2026_07_21_gym,flight_94,20,0,1100,ok,True,22,22,1224.5259763743595,1744.1481147643888,1188.2341463111723,1799.002339964838,65.77296520362196,56.75469564007105,HIT,True,1188.6697708301742
2026_07_21_gym,flight_94,20,0,1150,ok,True,23,23,1179.7407192572555,1797.5414431851007,1188.2341463111723,1799.002339964838,8.618150759951487,13.869708253799722,HIT,True,1182.366891002682
2026_07_21_gym,flight_94,20,0,1200,ok,False,24,24,1204.453143348309,1771.6067363399775,1188.2341463111723,1799.002339964838,31.836692084152205,19.66426854140274,HIT,True,1185.1125106405727
2026_07_21_gym,flight_94,20,0,1250,ok,False,25,25,1191.8915145792455,1778.769721944862,1188.2341463111723,1799.002339964838,20.560524667200575,12.543630606770614,HIT,True,1184.9129656566265
2026_07_21_gym,flight_95,20,0,150,not_fit_eligible,True,4,4,,,,,,,,,
2026_07_21_gym,flight_95,20,0,200,not_fit_eligible,True,5,5,,,,,,,,,
2026_07_21_gym,flight_95,20,0,250,not_fit_eligible,True,6,6,,,,,,,,,
2026_07_21_gym,flight_95,20,0,300,not_fit_eligible,True,7,7,,,,,,,,,
2026_07_21_gym,flight_95,20,0,350,ok,True,8,8,122.86664876402664,1889.406316484765,100.94304969799818,2157.278599646131,268.76793760062054,449.5198086704257,HIT,False,1150.2341769907714
2026_07_21_gym,flight_95,20,0,400,ok,True,9,9,253.54208173416808,1889.22069861439,100.94304969799818,2157.278599646131,308.4501627231193,436.1918893304864,HIT,False,1143.512679655965
2026_07_21_gym,flight_95,20,0,450,ok,True,10,10,253.5420807303939,1889.220658006318,100.94304969799818,2157.278599646131,308.45019751687556,436.19194982761366,HIT,False,1143.51268770515
2026_07_21_gym,flight_95,20,0,490,ok,True,10,10,253.5420807303939,1889.220658006318,100.94304969799818,2157.278599646131,308.45019751687556,436.19194982761366,HIT,False,1143.51268770515
2026_07_21_gym,flight_95,20,0,500,ok,True,11,11,210.06796887261214,1907.4155351640738,100.94304969799818,2157.278599646131,272.6532577785029,398.73370432593737,HIT,False,1140.5998799789909
2026_07_21_gym,flight_95,20,0,550,ok,True,12,12,-17.982751780251974,1998.9816420418526,100.94304969799818,2157.278599646131,197.9931136277596,339.6864389309321,MISS_HIGH_WIDE,True,1143.3999951626497
2026_07_21_gym,flight_95,20,0,600,ok,True,12,12,-17.982751780251974,1998.9816420418526,100.94304969799818,2157.278599646131,197.9931136277596,339.6864389309321,MISS_HIGH_WIDE,True,1143.3999951626497
2026_07_21_gym,flight_95,20,0,650,ok,True,13,13,110.46000730515394,2008.8127861480748,100.94304969799818,2157.278599646131,148.77052886824075,266.0026976507973,MISS_HIGH_WIDE,True,1133.3029984957484
2026_07_21_gym,flight_95,20,0,700,ok,True,14,14,135.58263955343216,2017.49663044847,100.94304969799818,2157.278599646131,144.0100694331081,239.81412006916483,MISS_HIGH_WIDE,True,1129.7702395434787
2026_07_21_gym,flight_95,20,0,750,ok,True,15,15,130.07441852705512,2056.5129338489905,100.94304969799818,2157.278599646131,104.89211625949581,184.07696504018554,MISS_HIGH_WIDE,True,1125.4328828407347
2026_07_21_gym,flight_95,20,0,800,ok,True,16,16,127.02937853759117,2064.63844093004,100.94304969799818,2157.278599646131,96.24289874723206,169.5186993988373,MISS_HIGH_WIDE,True,1124.0659381310463
2026_07_21_gym,flight_95,20,0,850,ok,True,17,17,122.40211165529581,2097.1177775917763,100.94304969799818,2157.278599646131,63.87343618706363,120.99767191058208,MISS_HIGH_WIDE,True,1120.1987613722388
2026_07_21_gym,flight_95,20,0,900,ok,True,18,18,124.09590544591752,2107.2553130467263,100.94304969799818,2157.278599646131,55.121537818625484,103.1549868170198,MISS_HIGH_WIDE,True,1118.3862334842795
2026_07_21_gym,flight_95,20,0,950,ok,True,19,19,97.495607526585,2137.959023145763,100.94304969799818,2157.278599646131,19.624752066684163,62.46044990322954,MISS_HIGH_WIDE,True,1115.0805441671253
2026_07_21_gym,flight_95,20,0,1000,ok,True,20,20,118.21012571510447,2105.1462949046254,100.94304969799818,2157.278599646131,54.91747546857697,103.4122525390976,MISS_HIGH_WIDE,True,1118.345802721581
2026_07_21_gym,flight_95,20,0,1050,ok,True,21,21,97.83887285010424,2123.8894552295624,100.94304969799818,2157.278599646131,33.533131061287555,80.1393867241762,MISS_HIGH_WIDE,True,1116.2340906171075
2026_07_21_gym,flight_95,20,0,1100,ok,True,21,21,97.83887285010424,2123.8894552295624,100.94304969799818,2157.278599646131,33.533131061287555,80.1393867241762,MISS_HIGH_WIDE,True,1116.2340906171075
2026_07_21_gym,flight_95,20,0,1150,ok,False,22,22,111.10213135018053,2108.7267738194023,100.94304969799818,2157.278599646131,49.60329355118191,106.15833062865632,MISS_HIGH_WIDE,True,1117.8320116465845
2026_07_21_gym,flight_95,20,0,1200,ok,False,23,23,114.40824882278079,2102.6951160726817,100.94304969799818,2157.278599646131,56.21982093962125,105.71782139327564,MISS_HIGH_WIDE,True,1118.4956067967905
2026_07_21_gym,flight_95,20,0,1250,ok,False,24,24,97.83889159317664,2123.889792493396,100.94304969799818,2157.278599646131,33.53279351056635,80.13886419272451,MISS_HIGH_WIDE,True,1116.2340193446414
2026_07_21_gym,flight_96,20,0,150,not_fit_eligible,True,4,4,,,,,,,,,
2026_07_21_gym,flight_96,20,0,200,not_fit_eligible,True,5,5,,,,,,,,,
2026_07_21_gym,flight_96,20,0,250,not_fit_eligible,True,6,6,,,,,,,,,
2026_07_21_gym,flight_96,20,0,300,not_fit_eligible,True,7,7,,,,,,,,,
2026_07_21_gym,flight_96,20,0,350,fit_failed,True,8,8,,,,,,,,,
2026_07_21_gym,flight_96,20,0,400,ok,True,9,9,2.6311373067747894,226.68137957601616,174.64335948759432,657.7777484691261,464.14683436646203,518.715801472704,HIT,True,1281.388795950502
2026_07_21_gym,flight_96,20,0,450,ok,True,10,10,-28.772667223868392,280.94127589789883,174.64335948759432,657.7777484691261,428.2333557571197,486.12081467586114,MISS_HIGH_WIDE,False,1279.2531028703563
2026_07_21_gym,flight_96,20,0,490,ok,True,10,10,-28.772667223868392,280.94127589789883,174.64335948759432,657.7777484691261,428.2333557571197,486.12081467586114,MISS_HIGH_WIDE,False,1279.2531028703563
2026_07_21_gym,flight_96,20,0,500,ok,True,11,11,-103.38886144289691,387.0782070242127,174.64335948759432,657.7777484691261,388.0465920659887,433.5996389641829,MISS_HIGH_WIDE,False,1274.2486845547778
2026_07_21_gym,flight_96,20,0,550,ok,True,12,12,-28.77264684819662,280.94166223138404,174.64335948759432,657.7777484691261,428.2330061130056,486.12044238055427,MISS_HIGH_WIDE,False,1279.2530455865542
2026_07_21_gym,flight_96,20,0,600,ok,True,13,13,33.582488488967144,439.44440072367894,174.64335948759432,657.7777484691261,259.9377234351061,302.1852515088456,HIT,True,1258.2380799978307
2026_07_21_gym,flight_96,20,0,650,ok,True,14,14,76.49048278470524,469.0987110247752,174.64335948759432,657.7777484691261,212.68231326553536,253.07187931399145,HIT,True,1253.1382263456717
2026_07_21_gym,flight_96,20,0,700,ok,True,15,15,140.9541180473654,500.563724618601,174.64335948759432,657.7777484691261,160.78312810768273,195.41887865743766,HIT,True,1247.0106147479107
2026_07_21_gym,flight_96,20,0,750,ok,True,16,16,140.95411769833217,500.5637141671702,174.64335948759432,657.7777484691261,160.78313840024376,195.41888999657155,HIT,True,1247.0106163537055
2026_07_21_gym,flight_96,20,0,800,ok,True,17,17,9.372456198280476,511.53690282663996,174.64335948759432,657.7777484691261,220.68270527681864,247.08424254251258,HIT,True,1250.5927139095422
2026_07_21_gym,flight_96,20,0,850,ok,True,18,18,113.83278401112118,534.7928591298027,174.64335948759432,657.7777484691261,137.19770076639574,169.26167248376345,HIT,True,1244.3778852216083
2026_07_21_gym,flight_96,20,0,900,ok,True,19,19,142.77367072360292,600.3137778167173,174.64335948759432,657.7777484691261,65.70985455055106,74.48186018855507,HIT,True,1234.9586305109517
2026_07_21_gym,flight_96,20,0,950,ok,True,20,20,140.4492320722757,571.8483414007519,174.64335948759432,657.7777484691261,92.48297869779823,117.33605625695554,HIT,True,1238.9991805267202
2026_07_21_gym,flight_96,20,0,1000,ok,True,21,21,115.35557118091887,602.3527023464151,174.64335948759432,657.7777484691261,81.16019701800758,97.72231112648942,HIT,True,1234.8155748932136
2026_07_21_gym,flight_96,20,0,1050,ok,True,22,22,136.6637540166747,636.8066406234959,174.64335948759432,657.7777484691261,43.38476456084279,40.73220936463254,HIT,True,1229.6855308772554
2026_07_21_gym,flight_96,20,0,1100,ok,True,23,23,158.9695664555723,593.7188534652607,174.64335948759432,657.7777484691261,65.94853915839917,85.83580152587288,HIT,True,1235.3720348513837
2026_07_21_gym,flight_96,20,0,1150,ok,True,24,24,215.4061692540861,615.2565364053011,174.64335948759432,657.7777484691261,58.90382105972394,65.14608188533789,HIT,True,1233.1488437974017
2026_07_21_gym,flight_96,20,0,1200,ok,True,25,25,184.02679191027522,643.3778752596703,174.64335948759432,657.7777484691261,17.187354435148585,19.584057061811237,HIT,True,1229.6347658039433
2026_07_21_gym,flight_96,20,0,1250,ok,False,26,26,188.23149267901672,651.7299261306775,174.64335948759432,657.7777484691261,14.87324842343704,16.9501376710793,HIT,True,1228.962220934206
2026_07_21_gym,flight_98,20,0,150,not_fit_eligible,True,4,4,,,,,,,,,
2026_07_21_gym,flight_98,20,0,200,not_fit_eligible,True,5,5,,,,,,,,,
2026_07_21_gym,flight_98,20,0,250,not_fit_eligible,True,6,6,,,,,,,,,
2026_07_21_gym,flight_98,20,0,300,not_fit_eligible,True,7,7,,,,,,,,,
2026_07_21_gym,flight_98,20,0,350,fit_failed,True,8,8,,,,,,,,,
2026_07_21_gym,flight_98,20,0,400,ok,True,9,9,624.022038737967,806.7457641903455,485.24432711820543,810.1315281783558,138.81900676852655,118.99022467939298,HIT,True,1235.159483454637
2026_07_21_gym,flight_98,20,0,450,ok,True,10,10,637.6939546933892,790.0770870950815,485.24432711820543,810.1315281783558,153.76303052091143,131.21532544317643,HIT,True,1231.164237826113
2026_07_21_gym,flight_98,20,0,490,ok,True,10,10,637.6939546933892,790.0770870950815,485.24432711820543,810.1315281783558,153.76303052091143,131.21532544317643,HIT,True,1231.164237826113
2026_07_21_gym,flight_98,20,0,500,ok,True,11,11,483.3883104416086,852.9698338339854,485.24432711820543,810.1315281783558,42.87849378591734,50.158769291179375,HIT,True,1234.6291464112774
2026_07_21_gym,flight_98,20,0,550,ok,True,12,12,609.4513968021206,767.6702498698047,485.24432711820543,810.1315281783558,131.2644518331646,107.36898434988457,HIT,True,1234.6207321769623
2026_07_21_gym,flight_98,20,0,600,ok,True,13,13,509.400354152149,821.4071643386353,485.24432711820543,810.1315281783558,26.65808719476356,41.038442591232766,HIT,True,1234.1423645462055
2026_07_21_gym,flight_98,20,0,650,ok,True,14,14,525.6960932989309,790.7313706163862,485.24432711820543,810.1315281783558,44.86325334356984,39.25832833663338,HIT,True,1236.6623729141747
2026_07_21_gym,flight_98,20,0,700,ok,True,15,15,526.4516355972567,773.9671772284793,485.24432711820543,810.1315281783558,54.8261119514554,48.31875687572952,HIT,True,1240.3814549530093
2026_07_21_gym,flight_98,20,0,750,ok,True,15,15,526.4516355972567,773.9671772284793,485.24432711820543,810.1315281783558,54.8261119514554,48.31875687572952,HIT,True,1240.3814549530093
2026_07_21_gym,flight_98,20,0,800,ok,True,16,16,506.12048730437255,783.794291056905,485.24432711820543,810.1315281783558,33.60750099769448,29.853609637790107,HIT,True,1238.8964642240157
2026_07_21_gym,flight_98,20,0,850,ok,True,17,17,493.73898869411556,786.174016211491,485.24432711820543,810.1315281783558,25.41892316624985,22.825421946738306,HIT,True,1238.8422695252264
2026_07_21_gym,flight_98,20,0,900,ok,True,18,18,500.2560551606699,780.3081600511942,485.24432711820543,810.1315281783558,33.388400160371695,26.578041127620764,HIT,True,1239.757796061051
2026_07_21_gym,flight_98,20,0,950,ok,True,19,19,496.3101274816848,788.7764359459665,485.24432711820543,810.1315281783558,24.05185859633793,21.726116884972424,HIT,True,1239.4198693167646
2026_07_21_gym,flight_98,20,0,1000,ok,True,20,20,487.74560326329976,794.3000877713085,485.24432711820543,810.1315281783558,16.02781606195635,11.761596610643808,HIT,True,1238.9269637497666
2026_07_21_gym,flight_98,20,0,1050,ok,True,21,21,495.8418914152842,790.228388681059,485.24432711820543,810.1315281783558,22.548688007943497,17.54103069657332,HIT,True,1239.4646475719462
2026_07_21_gym,flight_98,20,0,1100,ok,True,22,22,492.730520399711,792.4126048588637,485.24432711820543,810.1315281783558,19.23547071038553,17.346564242651567,HIT,True,1239.3638074006456
2026_07_21_gym,flight_98,20,0,1150,ok,True,23,23,492.7305203987491,792.4126049492493,485.24432711820543,810.1315281783558,19.235470626751695,17.346564179279437,HIT,True,1239.3638073861798
2026_07_21_gym,flight_98,20,0,1200,ok,True,24,24,511.68284175565725,793.7754516549121,485.24432711820543,810.1315281783558,31.088845193662298,31.26981311746927,HIT,True,1240.4685679626896
2026_07_21_gym,flight_98,20,0,1250,ok,True,25,25,512.8232698526351,799.1290343724069,485.24432711820543,810.1315281783558,29.692641382990775,30.901058910289688,HIT,True,1240.1976737786797
