session,flight,fps,phase,T_ms,status,airborne,n_detected,n_points_used,cy_own,cz_own,cy_ref,cz_ref,position_error_mm,velocity_error_mm_s,cls_own,hit_miss_match,t_cross_own_ms
2026_07_15_gym,flight_11,60,0,150,ok,True,10,10,1592.459597470924,2958.307846674727,1314.3592502562951,2917.588176914399,281.065641134393,252.94615194916298,MISS_HIGH_WIDE,True,1186.8454525343304
2026_07_15_gym,flight_11,60,0,200,ok,True,13,13,1822.5990618837434,2820.419045538733,1314.3592502562951,2917.588176914399,517.4452108343505,381.76555230516095,MISS_HIGH_WIDE,True,1200.0053733750024
2026_07_15_gym,flight_11,60,0,250,ok,True,16,16,1926.0524581987113,2747.7002151714387,1314.3592502562951,2917.588176914399,634.8468320690129,466.26049071447454,MISS_HIGH_WIDE,True,1198.9529136864521
2026_07_15_gym,flight_11,60,0,300,ok,True,19,19,1678.5575671146714,2711.419606359197,1314.3592502562951,2917.588176914399,418.50435300872255,337.37257979592397,MISS_HIGH_WIDE,True,1215.7322921216944
2026_07_15_gym,flight_11,60,0,350,ok,True,22,22,1686.8764495644766,2698.077304815249,1314.3592502562951,2917.588176914399,432.3818760657536,308.8685874200429,MISS_HIGH_WIDE,True,1205.0626869836585
2026_07_15_gym,flight_11,60,0,400,ok,True,24,24,1737.3709034794647,2699.754260095046,1314.3592502562951,2917.588176914399,475.80507992187285,337.9697418053365,MISS_HIGH_WIDE,True,1195.4452100392236
2026_07_15_gym,flight_11,60,0,450,ok,True,26,26,1601.3539068029515,2721.4570066763386,1314.3592502562951,2917.588176914399,347.6109446281637,253.64760172482568,MISS_HIGH_WIDE,True,1198.8259142737215
2026_07_15_gym,flight_11,60,0,490,ok,True,27,27,1323.4544177769699,2821.2078668899358,1314.3592502562951,2917.588176914399,96.80850289432621,132.64815910229484,MISS_HIGH_WIDE,True,1214.119365220972
2026_07_15_gym,flight_11,60,0,500,ok,True,28,28,1645.9743922399032,2701.7476742247777,1314.3592502562951,2917.588176914399,395.6712334680358,277.16236428973144,MISS_HIGH_WIDE,True,1198.5186307202125
2026_07_15_gym,flight_11,60,0,550,ok,True,29,29,1535.7540394697191,2711.09971749902,1314.3592502562951,2917.588176914399,302.7426903536948,204.4307956628778,MISS_HIGH_WIDE,True,1203.6259796440343
2026_07_15_gym,flight_11,60,0,600,ok,True,31,31,1386.672950965313,2695.70622980757,1314.3592502562951,2917.588176914399,233.36852778845548,245.16840495904432,MISS_HIGH_WIDE,True,1221.7671882266357
2026_07_15_gym,flight_11,60,0,650,ok,True,34,34,1287.2605021049167,2772.751316828154,1314.3592502562951,2917.588176914399,147.3501211096019,204.2656550851853,MISS_HIGH_WIDE,True,1221.4774340147023
2026_07_15_gym,flight_11,60,0,700,ok,True,37,37,1324.380085586611,2751.270072763273,1314.3592502562951,2917.588176914399,166.6197134469448,202.920023381795,MISS_HIGH_WIDE,True,1219.357909648037
2026_07_15_gym,flight_11,60,0,750,ok,True,40,40,1322.989979939785,2739.6239976953725,1314.3592502562951,2917.588176914399,178.1733385778333,207.32126341364435,MISS_HIGH_WIDE,True,1219.3411670690984
2026_07_15_gym,flight_11,60,0,800,ok,True,43,43,1318.0986094719042,2748.9059342744868,1314.3592502562951,2917.588176914399,168.7236847314969,196.7478341726095,MISS_HIGH_WIDE,True,1218.082996864298
2026_07_15_gym,flight_11,60,0,850,ok,True,45,45,1337.6754936816526,2760.2371042691757,1314.3592502562951,2917.588176914399,159.06919019745098,169.7022908439999,MISS_HIGH_WIDE,True,1214.660688185293
2026_07_15_gym,flight_11,60,0,900,ok,True,47,47,1378.0665085299852,2760.324167436025,1314.3592502562951,2917.588176914399,169.67788139284588,176.9440462750226,MISS_HIGH_WIDE,True,1213.1087499036496
2026_07_15_gym,flight_11,60,0,950,ok,True,48,48,1296.7127896961404,2787.9962420614256,1314.3592502562951,2917.588176914399,130.78787080321464,155.24774889454366,MISS_HIGH_WIDE,True,1213.8737547774085
2026_07_15_gym,flight_11,60,0,1000,ok,True,49,49,1360.7586811337708,2757.81941821064,1314.3592502562951,2917.588176914399,166.36995955849002,174.4876490466934,MISS_HIGH_WIDE,True,1214.1242694990626
2026_07_15_gym,flight_11,60,0,1050,ok,True,52,52,1414.5031350471809,2756.6142217007964,1314.3592502562951,2917.588176914399,189.58220359021334,212.15777401134633,MISS_HIGH_WIDE,True,1210.639414591837
2026_07_15_gym,flight_11,60,0,1100,ok,True,54,54,1391.2502517665368,2756.798348695817,1314.3592502562951,2917.588176914399,178.22905198594617,180.76389012009784,MISS_HIGH_WIDE,True,1212.1627701587358
2026_07_15_gym,flight_11,60,0,1150,ok,True,54,54,1391.2502517665368,2756.798348695817,1314.3592502562951,2917.588176914399,178.22905198594617,180.76389012009784,MISS_HIGH_WIDE,True,1212.1627701587358
2026_07_15_gym,flight_11,60,0,1200,ok,True,54,54,1391.2502517665368,2756.798348695817,1314.3592502562951,2917.588176914399,178.22905198594617,180.76389012009784,MISS_HIGH_WIDE,True,1212.1627701587358
2026_07_15_gym,flight_11,60,0,1250,ok,False,56,56,1384.5817236607202,2740.0726920194197,1314.3592502562951,2917.588176914399,190.90034873864104,180.6849583413277,MISS_HIGH_WIDE,True,1215.1840587671074
2026_07_15_gym,flight_12,60,0,150,ok,True,10,10,1220.4263364494986,847.428248163721,415.1586485041634,1259.7583479405307,904.6945122143604,571.5813794727554,HIT,True,1396.5327496787252
2026_07_15_gym,flight_12,60,0,200,ok,True,13,13,887.3896794017272,779.5560619776451,415.1586485041634,1259.7583479405307,673.4956436284921,571.009989518285,HIT,True,1445.0505398990476
2026_07_15_gym,flight_12,60,0,250,ok,True,15,15,1306.0096210652066,972.1744084665105,415.1586485041634,1259.7583479405307,936.1196384845014,578.2922894703216,HIT,True,1374.2605410401163
2026_07_15_gym,flight_12,60,0,300,ok,True,18,18,565.5303691902938,884.6048489882787,415.1586485041634,1259.7583479405307,404.168037031907,386.9605414476808,HIT,True,1427.3045763184643
2026_07_15_gym,flight_12,60,0,350,ok,True,21,21,498.89312303438044,837.171690915192,415.1586485041634,1259.7583479405307,430.8026751549981,429.1226508949397,HIT,True,1433.9103840447374
2026_07_15_gym,flight_12,60,0,400,ok,True,23,23,631.4947689635949,1048.0711379609259,415.1586485041634,1259.7583479405307,302.6760510585318,212.928462977036,HIT,True,1393.9638132584596
2026_07_15_gym,flight_12,60,0,450,ok,True,26,26,215.9973320541659,674.6865326571204,415.1586485041634,1259.7583479405307,618.0406612910845,695.0609145853272,HIT,True,1481.3607720933728
2026_07_15_gym,flight_12,60,0,490,ok,True,28,28,-771.3083554033734,1133.4592340316592,415.1586485041634,1259.7583479405307,1193.17032209802,854.7974342714199,MISS_HIGH_WIDE,False,1492.526874437578
2026_07_15_gym,flight_12,60,0,500,ok,True,29,29,529.1149540269217,1086.0392297603976,415.1586485041634,1259.7583479405307,207.76037059477753,168.41251061606968,HIT,True,1396.2440695335836
2026_07_15_gym,flight_12,60,0,550,ok,True,32,32,-193.10938031016937,460.62528185154906,415.1586485041634,1259.7583479405307,1004.2926128347508,1010.2846304067567,MISS_HIGH_WIDE,False,1529.2550660662462
2026_07_15_gym,flight_12,60,0,600,ok,True,35,35,445.207800153612,1141.602017258189,415.1586485041634,1259.7583479405307,121.9174720668306,88.73892939190891,HIT,True,1385.4521165659016
2026_07_15_gym,flight_12,60,0,650,ok,True,38,38,487.2496763749691,1111.5404080747646,415.1586485041634,1259.7583479405307,164.8201261907087,96.79148753662005,HIT,True,1383.2409352757084
2026_07_15_gym,flight_12,60,0,700,ok,True,41,41,518.4830230815126,1100.629756905274,415.1586485041634,1259.7583479405307,189.7309538970021,127.45808782517081,HIT,True,1384.5988532058338
2026_07_15_gym,flight_12,60,0,750,ok,True,44,44,429.8969381318099,1171.0579541032996,415.1586485041634,1259.7583479405307,89.9165004213815,75.60775451461127,HIT,True,1385.873216222063
2026_07_15_gym,flight_12,60,0,800,ok,True,47,47,347.7946596295096,1223.8889768002548,415.1586485041634,1259.7583479405307,76.31853499054694,65.16966161990719,HIT,True,1387.3176706994404
2026_07_15_gym,flight_12,60,0,850,ok,True,49,49,455.23867452250676,1256.729088724245,415.1586485041634,1259.7583479405307,40.19433911672801,69.4931470405699,HIT,True,1378.3231711964438
2026_07_15_gym,flight_12,60,0,900,fit_failed,True,52,52,,,,,,,,,
2026_07_15_gym,flight_12,60,0,950,ok,True,55,55,259.92822700605194,1237.6765073723275,415.1586485041634,1259.7583479405307,156.79314857914198,118.74550972412689,HIT,True,1391.6243373364257
2026_07_15_gym,flight_12,60,0,1000,ok,True,58,58,244.9278029328988,1245.7481072035182,415.1586485041634,1259.7583479405307,170.80640394732507,130.27155202632142,HIT,True,1391.3956620555646
2026_07_15_gym,flight_12,60,0,1050,ok,True,61,61,377.0747785252098,1311.5752845242819,415.1586485041634,1259.7583479405307,64.30688975139702,63.06689357566909,HIT,True,1376.5326634713565
2026_07_15_gym,flight_12,60,0,1100,fit_failed,True,64,64,,,,,,,,,
2026_07_15_gym,flight_12,60,0,1150,ok,True,67,67,412.1264489948012,1294.7843269122925,415.1586485041634,1259.7583479405307,35.156982760112896,61.90656109452381,HIT,True,1378.0707047774704
2026_07_15_gym,flight_12,60,0,1200,fit_failed,True,69,69,,,,,,,,,
2026_07_15_gym,flight_12,60,0,1250,ok,True,72,72,466.1709251580435,1207.1314222049414,415.1586485041634,1259.7583479405307,73.29287606439819,53.459244005207694,HIT,True,1385.5751318073662
2026_07_15_gym,flight_14,60,0,150,ok,True,10,10,2159.4640611535015,1855.0166838769842,1543.2300851558507,1793.9838819110776,619.248993612168,658.1623258502742,MISS_HIGH_WIDE,False,1185.630262641134
2026_07_15_gym,flight_14,60,0,200,ok,True,13,13,1921.418655248469,1705.4468258457284,1543.2300851558507,1793.9838819110776,388.41396067265396,359.83307051442836,HIT,True,1216.550764597064
2026_07_15_gym,flight_14,60,0,250,ok,True,15,15,1921.4184780304745,1705.447765982905,1543.2300851558507,1793.9838819110776,388.4135738214328,359.8335363000986,HIT,True,1216.5506068243437
2026_07_15_gym,flight_14,60,0,300,ok,True,18,18,1528.0390139414428,1669.2689032364522,1543.2300851558507,1793.9838819110776,125.63675636712959,109.43804943897078,HIT,True,1249.3128250193504
2026_07_15_gym,flight_14,60,0,350,ok,True,21,21,1391.8430225995946,1743.5504853628213,1543.2300851558507,1793.9838819110776,159.5668204759544,165.45521902331043,HIT,True,1248.0321504298138
2026_07_15_gym,flight_14,60,0,400,ok,True,24,24,1442.6029004388827,1732.503078690627,1543.2300851558507,1793.9838819110776,117.92251468101657,128.89089546437995,HIT,True,1247.3691388442755
2026_07_15_gym,flight_14,60,0,450,ok,True,27,27,1407.2256239796639,1715.6811575651298,1543.2300851558507,1793.9838819110776,156.93479569497137,148.88646008351867,HIT,True,1252.8910280120724
2026_07_15_gym,flight_14,60,0,490,ok,True,29,29,1395.1127746468335,1714.4224316021991,1543.2300851558507,1793.9838819110776,168.13316760138898,155.42127307175082,HIT,True,1257.0737991566834
2026_07_15_gym,flight_14,60,0,500,ok,True,30,30,1412.8022187293827,1706.4661561852424,1543.2300851558507,1793.9838819110776,157.06934983243255,147.6472720583022,HIT,True,1258.2475105335418
2026_07_15_gym,flight_14,60,0,550,ok,True,33,33,1404.4419184917047,1720.719299679018,1543.2300851558507,1793.9838819110776,156.9390143196809,150.34073434134797,HIT,True,1260.430334323296
2026_07_15_gym,flight_14,60,0,600,ok,True,36,36,1432.0176674758197,1718.1310259316065,1543.2300851558507,1793.9838819110776,134.61744911593016,134.07562229923138,HIT,True,1262.2736671280572
2026_07_15_gym,flight_14,60,0,650,ok,True,39,39,1463.0338585333589,1724.6616806210463,1543.2300851558507,1793.9838819110776,106.00472798975373,108.17863778739425,HIT,True,1261.1987337826117
2026_07_15_gym,flight_14,60,0,700,ok,True,42,42,1369.9284310505946,1748.545875718791,1543.2300851558507,1793.9838819110776,179.1593584559515,167.00004052885308,HIT,True,1260.7787039206464
2026_07_15_gym,flight_14,60,0,750,ok,True,45,45,1437.3126213731628,1730.211089762988,1543.2300851558507,1793.9838819110776,123.6344537437702,127.29783101802852,HIT,True,1264.5752163864393
2026_07_15_gym,flight_14,60,0,800,ok,True,48,48,1468.634642400254,1720.001555968871,1543.2300851558507,1793.9838819110776,105.06124229097237,114.32241771728862,HIT,True,1266.3910107352383
2026_07_15_gym,flight_14,60,0,850,ok,True,51,51,1462.612420485024,1732.8090752176959,1543.2300851558507,1793.9838819110776,101.20061675182862,110.39085090537795,HIT,True,1266.4154474972106
2026_07_15_gym,flight_14,60,0,900,ok,True,54,54,1519.889236761742,1701.2872936971519,1543.2300851558507,1793.9838819110776,95.59002390552516,110.33283839044076,HIT,True,1271.0614353727915
2026_07_15_gym,flight_14,60,0,950,ok,True,57,57,1453.9977870095727,1741.654868660981,1543.2300851558507,1793.9838819110776,103.44432637991815,121.05524601812387,HIT,True,1270.5927733360045
2026_07_15_gym,flight_14,60,0,1000,ok,True,59,59,1429.1355610939681,1750.9356037309703,1543.2300851558507,1793.9838819110776,121.94553979207028,133.6008638357044,HIT,True,1268.8926990615857
2026_07_15_gym,flight_14,60,0,1050,ok,True,60,60,1505.6988925522435,1730.4900578502845,1543.2300851558507,1793.9838819110776,73.75673604567926,98.57883375556793,HIT,True,1272.0998939388933
2026_07_15_gym,flight_14,60,0,1100,ok,True,63,63,1524.0854410262855,1716.9388137120657,1543.2300851558507,1793.9838819110776,79.38803393861124,100.35307423781077,HIT,True,1272.919826968628
2026_07_15_gym,flight_14,60,0,1150,ok,True,66,66,1524.0854410186578,1716.938813771151,1543.2300851558507,1793.9838819110776,79.38803388310913,100.35307417177361,HIT,True,1272.9198269590138
2026_07_15_gym,flight_14,60,0,1200,ok,True,69,69,1492.165749869482,1728.5526994634658,1543.2300851558507,1793.9838819110776,82.99883116485037,106.315049408211,HIT,True,1273.0777527099913
2026_07_15_gym,flight_14,60,0,1250,ok,True,72,72,1505.9156879666955,1788.0789831693412,1543.2300851558507,1793.9838819110776,37.77872505445617,71.51614925151584,HIT,True,1272.1819750015868
2026_07_15_gym,flight_15,60,0,150,fit_failed,True,10,10,,,,,,,,,
2026_07_15_gym,flight_15,60,0,200,fit_failed,True,13,13,,,,,,,,,
2026_07_15_gym,flight_15,60,0,250,ok,True,16,16,1101.873328354467,114.93961658889751,1106.3254149406393,567.9423568328247,453.02461714952943,415.6169319540336,HIT,True,1617.1395122759116
2026_07_15_gym,flight_15,60,0,300,ok,True,19,19,1365.4623025951314,344.1525553238623,1106.3254149406393,567.9423568328247,342.3942198733466,240.90678139381396,HIT,True,1572.1666477320211
2026_07_15_gym,flight_15,60,0,350,ok,True,22,22,1338.6762168693765,360.9538974610908,1106.3254149406393,567.9423568328247,311.17698737215636,200.98462228718367,HIT,True,1562.6309674515583
2026_07_15_gym,flight_15,60,0,400,ok,True,23,23,1328.8191342396983,420.48127501625424,1106.3254149406393,567.9423568328247,266.9236328578677,179.13854369206166,HIT,True,1554.0461323052166
2026_07_15_gym,flight_15,60,0,450,ok,True,24,24,1332.7784118335687,242.08779037407248,1106.3254149406393,567.9423568328247,396.8150177145649,284.86746237548914,HIT,True,1579.5271896536353
2026_07_15_gym,flight_15,60,0,490,ok,True,26,26,1368.6410481278501,163.98500801345713,1106.3254149406393,567.9423568328247,481.65447270795636,335.49087915759657,HIT,True,1585.7824203664677
2026_07_15_gym,flight_15,60,0,500,ok,True,27,27,1381.7551401548421,108.99268756287378,1106.3254149406393,567.9423568328247,535.2535216647981,377.95262126575733,HIT,True,1591.1365624934404
2026_07_15_gym,flight_15,60,0,550,ok,True,28,28,1115.1709327213587,290.0627583720454,1106.3254149406393,567.9423568328247,278.02034894146317,264.4138251096402,HIT,True,1592.5073406222268
2026_07_15_gym,flight_15,60,0,600,ok,True,29,29,1412.125030855529,142.8861857230569,1106.3254149406393,567.9423568328247,523.6278771152184,358.5292118050624,HIT,True,1584.2993549458815
2026_07_15_gym,flight_15,60,0,650,ok,True,31,31,988.9598716044185,511.81862048159104,1106.3254149406393,567.9423568328247,130.09436784361236,99.42685339443806,HIT,True,1571.048629808506
2026_07_15_gym,flight_15,60,0,700,ok,True,34,34,1294.438723626051,22.831414383184438,1106.3254149406393,567.9423568328247,576.6563590934447,431.55186525334375,HIT,True,1606.2414660966015
2026_07_15_gym,flight_15,60,0,750,ok,True,37,37,1179.2363494785377,400.4049036222408,1106.3254149406393,567.9423568328247,182.71508586725477,138.39711706379765,HIT,True,1558.2297717880065
2026_07_15_gym,flight_15,60,0,800,fit_failed,True,40,40,,,,,,,,,
2026_07_15_gym,flight_15,60,0,850,ok,True,43,43,1184.9409835727815,372.87642317798867,1106.3254149406393,567.9423568328247,210.3119732777664,146.65560146331705,HIT,True,1561.4994614136801
2026_07_15_gym,flight_15,60,0,900,ok,True,46,46,1135.5724206656084,414.222540589993,1106.3254149406393,567.9423568328247,156.4773761590036,111.25346484810868,HIT,True,1561.4400783347837
2026_07_15_gym,flight_15,60,0,950,ok,True,46,46,1135.5724206656084,414.222540589993,1106.3254149406393,567.9423568328247,156.4773761590036,111.25346484810868,HIT,True,1561.4400783347837
2026_07_15_gym,flight_15,60,0,1000,ok,True,48,48,1187.4218223159933,376.0273241809888,1106.3254149406393,567.9423568328247,208.34588320133565,145.6674707775373,HIT,True,1560.7468809871182
2026_07_15_gym,flight_15,60,0,1050,ok,True,51,51,1143.376750430954,513.6848700256369,1106.3254149406393,567.9423568328247,65.70141806877537,55.23337231684237,HIT,True,1551.5557242862915
2026_07_15_gym,flight_15,60,0,1100,ok,True,54,54,1069.6612177399197,378.58043837460275,1106.3254149406393,567.9423568328247,192.87871712180052,141.36546275171878,HIT,True,1568.9139972706782
2026_07_15_gym,flight_15,60,0,1150,ok,True,57,57,1144.5036454543126,488.2812938284944,1106.3254149406393,567.9423568328247,88.33720758624331,59.247293529196625,HIT,True,1555.9268463280198
2026_07_15_gym,flight_15,60,0,1200,ok,True,60,60,1199.722011771351,459.44768611697003,1106.3254149406393,567.9423568328247,143.15731861592062,111.97593368236765,HIT,True,1554.0139886160757
2026_07_15_gym,flight_15,60,0,1250,ok,True,63,63,1053.3746036341108,597.9163490729536,1106.3254149406393,567.9423568328247,60.84594176139358,13.458682650565661,HIT,True,1553.6663333130537
2026_07_15_gym,flight_17,60,0,150,ok,True,10,10,141.76370122493427,2476.455863435305,308.745036456572,2440.223426116098,170.86707064215406,132.36907828248258,MISS_HIGH_WIDE,True,1140.0008026270782
2026_07_15_gym,flight_17,60,0,200,ok,True,13,13,-309.9817098990045,2502.959444749636,308.745036456572,2440.223426116098,621.8991837024274,473.19987391817153,MISS_HIGH_WIDE,True,1162.18865156174
2026_07_15_gym,flight_17,60,0,250,ok,True,15,15,82.06582998075665,2502.8113949563735,308.745036456572,2440.223426116098,235.1610437382362,133.20999948581442,MISS_HIGH_WIDE,True,1130.366385836809
2026_07_15_gym,flight_17,60,0,300,ok,True,18,18,132.12224840656302,2495.491654011343,308.745036456572,2440.223426116098,185.06805848994892,117.30960804307897,MISS_HIGH_WIDE,True,1138.6489944026318
2026_07_15_gym,flight_17,60,0,350,ok,True,19,19,108.04253219500058,2489.9810940414172,308.745036456572,2440.223426116098,206.77843391957597,147.0979553987368,MISS_HIGH_WIDE,True,1140.7442688687972
2026_07_15_gym,flight_17,60,0,400,ok,True,20,20,134.89204820578098,2493.423140406205,308.745036456572,2440.223426116098,181.81053634011073,128.72541160076545,MISS_HIGH_WIDE,True,1139.8376095882406
2026_07_15_gym,flight_17,60,0,450,ok,True,21,21,134.8920478334068,2493.4230945735803,308.745036456572,2440.223426116098,181.81052328507405,128.72545897146594,MISS_HIGH_WIDE,True,1139.8376184557458
2026_07_15_gym,flight_17,60,0,490,ok,True,21,21,134.8920478334068,2493.4230945735803,308.745036456572,2440.223426116098,181.81052328507405,128.72545897146594,MISS_HIGH_WIDE,True,1139.8376184557458
2026_07_15_gym,flight_17,60,0,500,ok,True,21,21,134.8920478334068,2493.4230945735803,308.745036456572,2440.223426116098,181.81052328507405,128.72545897146594,MISS_HIGH_WIDE,True,1139.8376184557458
2026_07_15_gym,flight_17,60,0,550,ok,True,23,23,108.04254336104414,2489.982042583502,308.745036456572,2440.223426116098,206.77865133400647,147.09702888253088,MISS_HIGH_WIDE,True,1140.7440855828124
2026_07_15_gym,flight_17,60,0,600,ok,True,26,26,398.7739558631562,2365.06424240786,308.745036456572,2440.223426116098,117.27791448182336,162.65130508078286,MISS_HIGH_WIDE,True,1110.2724561836326
2026_07_15_gym,flight_17,60,0,650,ok,True,26,26,398.7739558631562,2365.06424240786,308.745036456572,2440.223426116098,117.27791448182336,162.65130508078286,MISS_HIGH_WIDE,True,1110.2724561836326
2026_07_15_gym,flight_17,60,0,700,ok,True,29,29,-77.34912509348294,2462.020568094733,308.745036456572,2440.223426116098,386.7089564277981,346.500270132825,MISS_HIGH_WIDE,True,1155.6494929333205
2026_07_15_gym,flight_17,60,0,750,ok,True,32,32,396.7992753081412,2338.887590349147,308.745036456572,2440.223426116098,134.24790721018942,149.8022513438396,MISS_HIGH_WIDE,True,1117.296611119877
2026_07_15_gym,flight_17,60,0,800,ok,True,34,34,656.3829997081216,2328.296502695244,308.745036456572,2440.223426116098,365.2119791027445,346.0636523758628,MISS_HIGH_WIDE,True,1100.166508269698
2026_07_15_gym,flight_17,60,0,850,ok,True,35,35,359.18865956025587,2388.763977305726,308.745036456572,2440.223426116098,72.05993327566866,135.90002446767446,MISS_HIGH_WIDE,True,1112.4935764433276
2026_07_15_gym,flight_17,60,0,900,ok,True,38,38,314.26149971670736,2372.0217067523868,308.745036456572,2440.223426116098,68.4244538967381,56.94437349271322,MISS_HIGH_WIDE,True,1118.0404510618005
2026_07_15_gym,flight_17,60,0,950,ok,True,41,41,389.46199256130205,2301.3851022396334,308.745036456572,2440.223426116098,160.59672219456715,162.06044003973878,MISS_HIGH_WIDE,True,1127.8612702643313
2026_07_15_gym,flight_17,60,0,1000,ok,True,44,44,285.8488563327478,2420.215030593436,308.745036456572,2440.223426116098,30.406758387797247,49.07722546972306,MISS_HIGH_WIDE,True,1115.5341219112995
2026_07_15_gym,flight_17,60,0,1050,ok,True,46,46,354.57961780279504,2401.2871636894433,308.745036456572,2440.223426116098,60.1401810684076,126.2064359593289,MISS_HIGH_WIDE,True,1116.5814514879498
2026_07_15_gym,flight_17,60,0,1100,ok,True,47,47,345.9768656655302,2394.4409004999075,308.745036456572,2440.223426116098,59.0105817463459,63.49523803729392,MISS_HIGH_WIDE,True,1118.4443709725886
2026_07_15_gym,flight_17,60,0,1150,ok,False,50,50,264.26213852716495,2474.113606649161,308.745036456572,2440.223426116098,55.92202200172702,70.04920089764958,MISS_HIGH_WIDE,True,1110.8158226695573
2026_07_15_gym,flight_17,60,0,1200,fit_failed,False,53,53,,,,,,,,,
2026_07_15_gym,flight_17,60,0,1250,ok,False,55,55,357.5533029375808,2387.3518118688703,308.745036456572,2440.223426116098,71.95592032618865,113.35933890370221,MISS_HIGH_WIDE,True,1120.9999724762974
2026_07_15_gym,flight_19,60,0,150,ok,True,10,10,666.241468808858,2504.449540482177,316.77349563971256,2404.6608315670896,363.43589627042974,474.48400505005867,MISS_HIGH_WIDE,True,1046.8816242570674
2026_07_15_gym,flight_19,60,0,200,ok,True,13,13,574.3236976687053,2514.1779563048353,316.77349563971256,2404.6608315670896,279.868017422495,406.8381520473109,MISS_HIGH_WIDE,True,1051.4531939162464
2026_07_15_gym,flight_19,60,0,250,ok,True,16,16,516.6600711581442,2487.8708694545912,316.77349563971256,2404.6608315670896,216.51455719587338,330.2963301227603,MISS_HIGH_WIDE,True,1057.7433576159926
2026_07_15_gym,flight_19,60,0,300,ok,True,19,19,633.3757591428484,2442.52724339354,316.77349563971256,2404.6608315670896,318.8586809229434,395.81309568292244,MISS_HIGH_WIDE,True,1053.1773076283978
2026_07_15_gym,flight_19,60,0,350,ok,True,22,22,341.43074683058353,2456.2971050374954,316.77349563971256,2404.6608315670896,57.221366413257165,145.58138771922992,MISS_HIGH_WIDE,True,1075.976600771728
2026_07_15_gym,flight_19,60,0,400,ok,True,25,25,276.83889721759965,2418.575373458653,316.77349563971256,2404.6608315670896,42.28932048623494,64.72709543175371,MISS_HIGH_WIDE,True,1086.1616614939428
2026_07_15_gym,flight_19,60,0,450,ok,True,28,28,313.9591994468488,2390.925289253836,316.77349563971256,2404.6608315670896,14.020891045163474,36.74069607778551,MISS_HIGH_WIDE,True,1087.3485286068442
2026_07_15_gym,flight_19,60,0,490,ok,True,30,30,381.47034729023017,2363.7941126510073,316.77349563971256,2404.6608315670896,76.52301175760903,64.12441775688393,MISS_HIGH_WIDE,True,1086.6146509544897
2026_07_15_gym,flight_19,60,0,500,ok,True,31,31,350.7002338624061,2366.6787045822666,316.77349563971256,2404.6608315670896,50.92804273406151,46.14653453202951,MISS_HIGH_WIDE,True,1087.6011755070724
2026_07_15_gym,flight_19,60,0,550,ok,True,34,34,318.3914706168201,2373.6393331499876,316.77349563971256,2404.6608315670896,31.063663774075525,27.97001142161684,MISS_HIGH_WIDE,True,1088.3324664350562
2026_07_15_gym,flight_19,60,0,600,ok,True,37,37,316.1694359581156,2367.4196852352475,316.77349563971256,2404.6608315670896,37.24604500089389,28.57753638994202,MISS_HIGH_WIDE,True,1089.325282591947
2026_07_15_gym,flight_19,60,0,650,ok,True,40,40,317.3331817930951,2360.2122388112134,316.77349563971256,2404.6608315670896,44.452116333961214,30.380185634775664,MISS_HIGH_WIDE,True,1090.5810749902585
2026_07_15_gym,flight_19,60,0,700,ok,True,43,43,324.71548127438376,2353.172380053522,316.77349563971256,2404.6608315670896,52.097368216507235,39.97647758074141,MISS_HIGH_WIDE,True,1091.5218638868819
2026_07_15_gym,flight_19,60,0,750,ok,True,46,46,321.82757193396685,2357.298117599186,316.77349563971256,2404.6608315670896,47.63161094896553,35.74334099650276,MISS_HIGH_WIDE,True,1091.4548397836827
2026_07_15_gym,flight_19,60,0,800,ok,True,49,49,324.0701105242006,2353.861972820002,316.77349563971256,2404.6608315670896,51.32021666730472,38.563835683065776,MISS_HIGH_WIDE,True,1093.3771469758601
2026_07_15_gym,flight_19,60,0,850,ok,True,52,52,311.75869215890754,2373.4342742546846,316.77349563971256,2404.6608315670896,31.62666810677359,23.100394783902047,MISS_HIGH_WIDE,True,1091.6322961888138
2026_07_15_gym,flight_19,60,0,900,ok,True,55,55,318.6452039676916,2367.313413495423,316.77349563971256,2404.6608315670896,37.394290054564195,27.577437888540004,MISS_HIGH_WIDE,True,1092.597682634023
2026_07_15_gym,flight_19,60,0,950,ok,True,58,58,311.58296914424847,2373.4887288553987,316.77349563971256,2404.6608315670896,31.601290365558274,22.58190915128821,MISS_HIGH_WIDE,True,1091.632180954297
2026_07_15_gym,flight_19,60,0,1000,ok,True,60,60,349.19089901186345,2341.57507532993,316.77349563971256,2404.6608315670896,70.92743250257325,61.96088761365567,MISS_HIGH_WIDE,True,1093.541783638224
2026_07_15_gym,flight_19,60,0,1050,ok,True,63,63,300.31512385739376,2392.616588994879,316.77349563971256,2404.6608315670896,20.39465079042255,26.934762970717017,MISS_HIGH_WIDE,True,1091.0225712025579
2026_07_15_gym,flight_19,60,0,1100,fit_failed,False,66,66,,,,,,,,,
2026_07_15_gym,flight_19,60,0,1150,ok,False,68,68,316.8662037551564,2398.6498261981487,316.77349563971256,2404.6608315670896,6.011720247991056,6.319941798151678,MISS_HIGH_WIDE,True,1094.8024281105568
2026_07_15_gym,flight_19,60,0,1200,ok,False,70,70,639.5136328474849,2205.3781484627843,316.77349563971256,2404.6608315670896,379.30829670617896,468.8038062827533,MISS_HIGH_WIDE,True,1094.907596696365
2026_07_15_gym,flight_19,60,0,1250,ok,False,72,72,346.74655851777055,2379.2157741787923,316.77349563971256,2404.6608315670896,39.317113879146326,61.892788571004836,MISS_HIGH_WIDE,True,1096.5666087987936
2026_07_15_gym,flight_20,60,0,150,fit_failed,True,10,10,,,,,,,,,
2026_07_15_gym,flight_20,60,0,200,fit_failed,True,13,13,,,,,,,,,
2026_07_15_gym,flight_20,60,0,250,ok,True,16,16,442.4200241114483,2477.400472543196,564.612701189692,2470.8439248657473,122.36845446843967,165.51917733268527,MISS_HIGH_WIDE,True,1125.7636377315669
2026_07_15_gym,flight_20,60,0,300,ok,True,19,19,650.6850649702507,2550.7732559693445,564.612701189692,2470.8439248657473,117.46126926541064,296.2431849163672,MISS_HIGH_WIDE,True,1106.3392453093338
2026_07_15_gym,flight_20,60,0,350,ok,True,22,22,542.5056756818756,2486.2300147994097,564.612701189692,2470.8439248657473,26.934222473462825,124.0335539603384,MISS_HIGH_WIDE,True,1125.738314001065
2026_07_15_gym,flight_20,60,0,400,ok,True,25,25,423.40264760368365,2473.0905057251352,564.612701189692,2470.8439248657473,141.22792344051905,137.7794012359408,MISS_HIGH_WIDE,True,1137.800041230916
2026_07_15_gym,flight_20,60,0,450,ok,True,28,28,404.2887221156735,2480.0845613890865,564.612701189692,2470.8439248657473,160.59006080540217,158.5838276436287,MISS_HIGH_WIDE,True,1143.5462172706207
2026_07_15_gym,flight_20,60,0,490,ok,True,30,30,466.2012016194113,2503.863319923203,564.612701189692,2470.8439248657473,103.8031969528477,120.33275740716294,MISS_HIGH_WIDE,True,1134.1883507504115
2026_07_15_gym,flight_20,60,0,500,ok,True,31,31,439.5133513807712,2487.4766709476758,564.612701189692,2470.8439248657473,126.20022014576926,132.62809249976507,MISS_HIGH_WIDE,True,1139.3443278572643
2026_07_15_gym,flight_20,60,0,550,ok,True,34,34,475.5624537963301,2500.26181582169,564.612701189692,2470.8439248657473,93.78357462324995,122.11627774806003,MISS_HIGH_WIDE,True,1133.3529688106225
2026_07_15_gym,flight_20,60,0,600,ok,True,37,37,619.7500795125702,2480.796703797763,564.612701189692,2470.8439248657473,56.028459703884195,171.0562620185378,MISS_HIGH_WIDE,True,1122.2641403020452
2026_07_15_gym,flight_20,60,0,650,ok,True,40,40,510.04630034771657,2456.3035505423677,564.612701189692,2470.8439248657473,56.47047535049737,82.65587625143881,MISS_HIGH_WIDE,True,1134.31510320871
2026_07_15_gym,flight_20,60,0,700,ok,True,43,43,632.4159194976268,2447.8170151995437,564.612701189692,2470.8439248657473,71.60666855600091,165.1277630973497,MISS_HIGH_WIDE,True,1125.7710169516174
2026_07_15_gym,flight_20,60,0,750,ok,True,46,46,530.0339775832242,2440.987271961193,564.612701189692,2470.8439248657473,45.684875494144876,63.78361800645756,MISS_HIGH_WIDE,True,1136.228157278844
2026_07_15_gym,flight_20,60,0,800,ok,True,48,48,578.6430408427949,2449.2558791281986,564.612701189692,2470.8439248657473,25.74673085166214,84.69233023489662,MISS_HIGH_WIDE,True,1132.3754314573423
2026_07_15_gym,flight_20,60,0,850,ok,True,50,50,541.3722771203539,2443.8420836101222,564.612701189692,2470.8439248657473,35.626068294391445,59.60319041451177,MISS_HIGH_WIDE,True,1135.5214091985965
2026_07_15_gym,flight_20,60,0,900,ok,True,52,52,536.3047154582176,2463.395569552787,564.612701189692,2470.8439248657473,29.271488739752517,68.07684867286854,MISS_HIGH_WIDE,True,1134.1646805199532
2026_07_15_gym,flight_20,60,0,950,ok,True,55,55,607.0657387862233,2451.900073985223,564.612701189692,2470.8439248657473,46.48795421779754,123.39581238902282,MISS_HIGH_WIDE,True,1130.950269595444
2026_07_15_gym,flight_20,60,0,1000,ok,True,58,58,574.8588483790003,2466.9525678498076,564.612701189692,2470.8439248657473,10.960209471103846,76.02638708997395,MISS_HIGH_WIDE,True,1134.3514791659672
2026_07_15_gym,flight_20,60,0,1050,ok,True,61,61,520.8163935591542,2469.5191862261136,564.612701189692,2470.8439248657473,43.81633821455231,75.46611756264524,MISS_HIGH_WIDE,True,1135.7722586238933
2026_07_15_gym,flight_20,60,0,1100,ok,True,64,64,630.0493875004395,2389.4709009399985,564.612701189692,2470.8439248657473,104.41996427001719,107.26643275426416,MISS_HIGH_WIDE,True,1148.7142615456473
2026_07_15_gym,flight_20,60,0,1150,ok,False,67,67,546.2097535695677,2483.8132739552507,564.612701189692,2470.8439248657473,22.513829014950723,55.07859634318581,MISS_HIGH_WIDE,True,1139.0193227896027
2026_07_15_gym,flight_20,60,0,1200,ok,False,70,70,603.6300336755678,2450.285339568582,564.612701189692,2470.8439248657473,44.102241028480684,84.67676792101061,MISS_HIGH_WIDE,True,1140.6246944809957
2026_07_15_gym,flight_20,60,0,1250,ok,False,72,72,613.0058103114923,2447.206986115882,564.612701189692,2470.8439248657473,53.85719899827093,101.70069003588405,MISS_HIGH_WIDE,True,1141.8393246004466
2026_07_15_gym,flight_21,60,0,150,ok,True,10,10,1207.6533612783417,2105.5352298331763,737.4066720812041,2189.8066932697857,477.73803307944524,380.08751237806075,MISS_HIGH_WIDE,True,1145.6556042978198
2026_07_15_gym,flight_21,60,0,200,ok,True,13,13,985.9394093056677,2150.0545075476466,737.4066720812041,2189.8066932697857,251.69179116922294,218.24601341547097,MISS_HIGH_WIDE,True,1159.4119823432416
2026_07_15_gym,flight_21,60,0,250,ok,True,16,16,819.6692100160088,2183.456521690085,737.4066720812041,2189.8066932697857,82.50727135572251,129.99122119076793,MISS_HIGH_WIDE,True,1166.1869694787058
2026_07_15_gym,flight_21,60,0,300,ok,True,19,19,886.929501443976,2093.0476403983366,737.4066720812041,2189.8066932697857,178.09938465145942,184.63392286539022,MISS_HIGH_WIDE,True,1159.8766402036354
2026_07_15_gym,flight_21,60,0,350,ok,True,22,22,801.1156405498626,2113.9749506095336,737.4066720812041,2189.8066932697857,99.04183892795622,109.27650617471991,MISS_HIGH_WIDE,True,1153.0864392781243
2026_07_15_gym,flight_21,60,0,400,ok,True,25,25,743.6444881332199,2148.872110102963,737.4066720812041,2189.8066932697857,41.40713040214604,39.381378623172004,MISS_HIGH_WIDE,True,1145.5249101503468
2026_07_15_gym,flight_21,60,0,450,ok,True,28,28,700.3913857732146,2159.995541262689,737.4066720812041,2189.8066932697857,47.52721540814961,42.45836791965321,MISS_HIGH_WIDE,True,1144.2418962414022
2026_07_15_gym,flight_21,60,0,490,ok,True,30,30,701.7779345777969,2161.4881234065956,737.4066720812041,2189.8066932697857,45.512068016989375,35.57084145912358,MISS_HIGH_WIDE,True,1142.4860443019322
2026_07_15_gym,flight_21,60,0,500,ok,True,31,31,695.4013048482941,2159.8571954193444,737.4066720812041,2189.8066932697857,51.58898426859375,43.04473072534289,MISS_HIGH_WIDE,True,1142.2259040785993
2026_07_15_gym,flight_21,60,0,550,ok,True,34,34,687.6682744485294,2151.140775161875,737.4066720812041,2189.8066932697857,62.99969382619034,53.47106151915506,MISS_HIGH_WIDE,True,1142.8629516556207
2026_07_15_gym,flight_21,60,0,600,ok,True,36,36,678.5458711151798,2142.168375400714,737.4066720812041,2189.8066932697857,75.72320133061358,70.3192296135617,MISS_HIGH_WIDE,True,1143.3306909739367
2026_07_15_gym,flight_21,60,0,650,ok,True,39,39,710.4404032192787,2137.922397109025,737.4066720812041,2189.8066932697857,58.4735824490955,46.99041167808212,MISS_HIGH_WIDE,True,1142.4624010135879
2026_07_15_gym,flight_21,60,0,700,ok,True,42,42,720.7020249303979,2139.890758306414,737.4066720812041,2189.8066932697857,52.636924299397144,41.44534816687044,MISS_HIGH_WIDE,True,1142.3529761761085
2026_07_15_gym,flight_21,60,0,750,ok,True,45,45,719.6233159863586,2140.0147384212332,737.4066720812041,2189.8066932697857,52.872360658820234,42.69681868177739,MISS_HIGH_WIDE,True,1142.9375983258406
2026_07_15_gym,flight_21,60,0,800,ok,True,48,48,720.5310951309502,2143.6178017798984,737.4066720812041,2189.8066932697857,49.175184742596755,39.15986532263202,MISS_HIGH_WIDE,True,1143.2026958433735
2026_07_15_gym,flight_21,60,0,850,ok,True,51,51,709.7007085748461,2153.615100844661,737.4066720812041,2189.8066932697857,45.57907168955934,38.25674325407169,MISS_HIGH_WIDE,True,1142.404162185508
2026_07_15_gym,flight_21,60,0,900,ok,True,54,54,742.7582634334443,2148.707656310143,737.4066720812041,2189.8066932697857,41.445993401189355,33.33768798774856,MISS_HIGH_WIDE,True,1143.5513987966763
2026_07_15_gym,flight_21,60,0,950,ok,True,57,57,721.6455169172204,2182.2136616663815,737.4066720812041,2189.8066932697857,17.49480325792382,27.782887275873584,MISS_HIGH_WIDE,True,1140.8374479797396
2026_07_15_gym,flight_21,60,0,1000,ok,True,60,60,745.6631631499654,2170.5069444426244,737.4066720812041,2189.8066932697857,20.99166381114291,23.160972094269642,MISS_HIGH_WIDE,True,1143.3884633413575
2026_07_15_gym,flight_21,60,0,1050,ok,True,63,63,772.6036286533363,2156.963147180102,737.4066720812041,2189.8066932697857,48.140671699569424,50.06879275662664,MISS_HIGH_WIDE,True,1145.8000200959236
2026_07_15_gym,flight_21,60,0,1100,ok,True,66,66,762.8672905448371,2170.981716318494,737.4066720812041,2189.8066932697857,31.664220340430926,35.704563066512,MISS_HIGH_WIDE,True,1144.8401027273635
2026_07_15_gym,flight_21,60,0,1150,ok,False,68,68,767.2519324851828,2166.8897030503717,737.4066720812041,2189.8066932697857,37.62881886663485,43.57277292882615,MISS_HIGH_WIDE,True,1145.463971907868
2026_07_15_gym,flight_21,60,0,1200,ok,False,70,70,774.3495444093943,2160.5972894217643,737.4066720812041,2189.8066932697857,47.0952767166068,56.236083636520966,MISS_HIGH_WIDE,True,1146.7227360218324
2026_07_15_gym,flight_21,60,0,1250,ok,False,72,72,769.1745075848922,2160.9031705299585,737.4066720812041,2189.8066932697857,42.94891150379828,42.735221554831945,MISS_HIGH_WIDE,True,1146.7819048489569
2026_07_15_gym,flight_22,60,0,150,fit_failed,True,10,10,,,,,,,,,
2026_07_15_gym,flight_22,60,0,200,ok,True,13,13,-63.30123846130421,992.1097571412739,-54.01661882465238,963.2891079591052,30.279266521482043,8.916973994818498,MISS_HIGH_WIDE,True,1404.803819454492
2026_07_15_gym,flight_22,60,0,250,ok,True,16,16,34.65853574632341,799.050924916213,-54.01661882465238,963.2891079591052,186.6479675951951,159.35969730658672,HIT,False,1414.9322121634173
2026_07_15_gym,flight_22,60,0,300,ok,True,19,19,-18.408427686731518,623.9816727091109,-54.01661882465238,963.2891079591052,341.1707474154896,312.70898464036605,MISS_HIGH_WIDE,True,1435.0096149028082
2026_07_15_gym,flight_22,60,0,350,ok,True,21,21,-42.81651216266279,718.1495683349685,-54.01661882465238,963.2891079591052,245.3952653911106,218.16529538862903,MISS_HIGH_WIDE,True,1422.3829440720476
2026_07_15_gym,flight_22,60,0,400,ok,True,23,23,-142.42318203732052,724.1449765201802,-54.01661882465238,963.2891079591052,254.96202858612756,221.6392315089147,MISS_HIGH_WIDE,True,1421.7577145065843
2026_07_15_gym,flight_22,60,0,450,ok,True,26,26,-158.82896616212494,767.4605819995459,-54.01661882465238,963.2891079591052,222.11357395234717,193.84959578686608,MISS_HIGH_WIDE,True,1419.1369719784336
2026_07_15_gym,flight_22,60,0,490,ok,True,28,28,-103.01043745351379,857.4908377770207,-54.01661882465238,963.2891079591052,116.59188752807424,84.57851357330358,MISS_HIGH_WIDE,True,1404.36469738918
2026_07_15_gym,flight_22,60,0,500,ok,True,29,29,-162.41131866773392,822.5206534063914,-54.01661882465238,963.2891079591052,177.66589079289022,143.10120607602997,MISS_HIGH_WIDE,True,1411.0727363627934
2026_07_15_gym,flight_22,60,0,550,ok,True,32,32,-154.50820621526694,853.4414568733906,-54.01661882465238,963.2891079591052,148.87936588169097,111.25450102578583,MISS_HIGH_WIDE,True,1404.6793708107418
2026_07_15_gym,flight_22,60,0,600,ok,True,35,35,-124.54847812670505,854.0807581038546,-54.01661882465238,963.2891079591052,130.00464166602427,96.15050956643032,MISS_HIGH_WIDE,True,1404.4898112630851
2026_07_15_gym,flight_22,60,0,650,ok,True,36,36,-86.34137171423895,880.9832583937024,-54.01661882465238,963.2891079591052,88.4259154436953,57.51291586163213,MISS_HIGH_WIDE,True,1400.9003052392022
2026_07_15_gym,flight_22,60,0,700,ok,True,38,38,-105.05433396564261,847.0430368803995,-54.01661882465238,963.2891079591052,126.95667531897782,96.1101096321779,MISS_HIGH_WIDE,True,1405.4565799974762
2026_07_15_gym,flight_22,60,0,750,ok,True,40,40,-94.09668093939675,842.3872652890216,-54.01661882465238,963.2891079591052,127.37215920342804,95.32165374721363,MISS_HIGH_WIDE,True,1405.3479826036105
2026_07_15_gym,flight_22,60,0,800,ok,True,42,42,-243.29369970766433,803.1748548022231,-54.01661882465238,963.2891079591052,247.91608945685712,202.08783068098364,MISS_HIGH_WIDE,True,1415.7196267960921
2026_07_15_gym,flight_22,60,0,850,ok,True,44,44,-75.41292644311442,879.3651836175458,-54.01661882465238,963.2891079591052,86.60846988944931,54.101170975397096,MISS_HIGH_WIDE,True,1400.5120352452243
2026_07_15_gym,flight_22,60,0,900,ok,True,47,47,-280.8413222281969,988.715949050177,-54.01661882465238,963.2891079591052,228.24541686959793,154.084332094767,MISS_HIGH_WIDE,True,1402.1968016379933
2026_07_15_gym,flight_22,60,0,950,ok,True,50,50,5.425826591544466,906.7538808496973,-54.01661882465238,963.2891079591052,82.03436000463383,55.512013666389905,HIT,False,1397.4616290522595
2026_07_15_gym,flight_22,60,0,1000,ok,True,52,52,-68.50948842722805,921.034583045812,-54.01661882465238,963.2891079591052,44.67088699550719,24.99590259561448,MISS_HIGH_WIDE,True,1399.4467824424398
2026_07_15_gym,flight_22,60,0,1050,ok,True,55,55,-0.5715782561057603,894.9882182952957,-54.01661882465238,963.2891079591052,86.72591244974866,69.77282529051476,MISS_HIGH_WIDE,True,1402.6561064197683
2026_07_15_gym,flight_22,60,0,1100,ok,True,58,58,-67.76181656502663,949.7789618533395,-54.01661882465238,963.2891079591052,19.273155131454857,9.546098390811581,MISS_HIGH_WIDE,True,1398.7650355787134
2026_07_15_gym,flight_22,60,0,1150,ok,True,61,61,-150.61597622157586,968.5859554531828,-54.01661882465238,963.2891079591052,96.7444698309628,74.66131183907696,MISS_HIGH_WIDE,True,1398.1265976267716
2026_07_15_gym,flight_22,60,0,1200,ok,True,64,64,-98.45800891504234,978.8241654866914,-54.01661882465238,963.2891079591052,47.07839382935259,41.224009029867304,MISS_HIGH_WIDE,True,1396.9195751984907
2026_07_15_gym,flight_22,60,0,1250,ok,True,66,66,-4.9325446627446485,923.4110681589707,-54.01661882465238,963.2891079591052,63.241634977542844,52.12971932596993,MISS_HIGH_WIDE,True,1403.4230594293267
2026_07_15_gym,flight_23,60,0,150,ok,True,10,10,521.8093997459234,1270.7446469384001,1765.406641046785,1425.983362582028,1253.2490404567627,1178.9107863852385,HIT,True,1240.814034212662
2026_07_15_gym,flight_23,60,0,200,ok,True,13,13,1425.7498697837457,1583.724383507505,1765.406641046785,1425.983362582028,374.49826694851924,305.43007463083165,HIT,True,1151.803330865843
2026_07_15_gym,flight_23,60,0,250,ok,True,16,16,1622.7280607501657,1528.183939946189,1765.406641046785,1425.983362582028,175.5053711116178,157.25441007822602,HIT,True,1137.6542124296618
2026_07_15_gym,flight_23,60,0,300,ok,True,19,19,1670.827917354526,1448.9244058769118,1765.406641046785,1425.983362582028,97.32125380775966,99.60384672098311,HIT,True,1144.859419541455
2026_07_15_gym,flight_23,60,0,350,ok,True,22,22,1770.9117840507186,1379.5724774441292,1765.406641046785,1425.983362582028,46.73624780378704,75.48468104047254,HIT,True,1149.0560819020786
2026_07_15_gym,flight_23,60,0,400,ok,True,25,25,1723.2233760031293,1397.507579070759,1765.406641046785,1425.983362582028,50.89497122824566,86.01464693101089,HIT,True,1149.1435166583362
2026_07_15_gym,flight_23,60,0,450,ok,True,28,28,1673.9152404324652,1395.2655000957936,1765.406641046785,1425.983362582028,96.51043188222262,122.00793871282266,HIT,True,1147.2708821864935
2026_07_15_gym,flight_23,60,0,490,ok,True,28,28,1673.9152404324652,1395.2655000957936,1765.406641046785,1425.983362582028,96.51043188222262,122.00793871282266,HIT,True,1147.2708821864935
2026_07_15_gym,flight_23,60,0,500,ok,True,29,29,1715.7485771311665,1402.1929649303518,1765.406641046785,1425.983362582028,55.06274904390917,69.11109140213321,HIT,True,1142.1606220100148
2026_07_15_gym,flight_23,60,0,550,ok,True,32,32,1629.7712470238412,1403.76734812546,1765.406641046785,1425.983362582028,137.442756848419,158.0927123005551,HIT,True,1143.8418194005726
2026_07_15_gym,flight_23,60,0,600,ok,True,33,33,1680.8416193160074,1429.2137722623931,1765.406641046785,1425.983362582028,84.62670055620667,87.43860246785539,HIT,True,1137.686421888679
2026_07_15_gym,flight_23,60,0,650,ok,True,36,36,1664.3155107945558,1417.3187962824647,1765.406641046785,1425.983362582028,101.46177272664156,109.69822442957684,HIT,True,1139.9894695663406
2026_07_15_gym,flight_23,60,0,700,ok,True,39,39,1695.9263834457934,1393.3903705035702,1765.406641046785,1425.983362582028,76.74509319120374,109.75178967489096,HIT,True,1141.4376650039787
2026_07_15_gym,flight_23,60,0,750,ok,True,42,42,1723.7900838964797,1403.8719397228629,1765.406641046785,1425.983362582028,47.12592545405793,62.60271401529206,HIT,True,1139.2767038398017
2026_07_15_gym,flight_23,60,0,800,ok,True,44,44,1757.8550859002705,1372.4320309367179,1765.406641046785,1425.983362582028,54.08115296586077,59.886715966393474,HIT,True,1141.918769718341
2026_07_15_gym,flight_23,60,0,850,ok,True,47,47,1762.7251961193913,1381.4802574882622,1765.406641046785,1425.983362582028,44.58381443848655,41.92083258849027,HIT,True,1140.8572451305874
2026_07_15_gym,flight_23,60,0,900,ok,True,50,50,1753.5506871088328,1396.7195682791491,1765.406641046785,1425.983362582028,31.57425059728324,31.500889867291892,HIT,True,1139.3909644040793
2026_07_15_gym,flight_23,60,0,950,ok,True,53,53,1763.3470586740616,1398.8074019614726,1765.406641046785,1425.983362582028,27.253893578716525,20.182529261852796,HIT,True,1138.7956518073352
2026_07_15_gym,flight_23,60,0,1000,ok,True,56,56,1768.4885326242504,1400.9355921731246,1765.406641046785,1425.983362582028,25.236657032031456,16.337013218427902,HIT,True,1139.0306279643194
2026_07_15_gym,flight_23,60,0,1050,ok,True,59,59,1760.926634012914,1405.7471450923858,1765.406641046785,1425.983362582028,20.726190226658332,18.644546447091898,HIT,True,1138.6317285185194
2026_07_15_gym,flight_23,60,0,1100,ok,True,62,62,1766.2129475674699,1406.6489605802474,1765.406641046785,1425.983362582028,19.35120748097528,14.95935325485459,HIT,True,1139.5324762007087
2026_07_15_gym,flight_23,60,0,1150,ok,True,65,65,1757.8391310152897,1401.7892377314392,1765.406641046785,1425.983362582028,25.35000760084012,38.74923604873496,HIT,True,1140.2660319402464
2026_07_15_gym,flight_23,60,0,1200,ok,False,68,68,1738.7374449137776,1433.913939675297,1765.406641046785,1425.983362582028,27.82337282597302,45.792979374724,HIT,True,1136.57907762547
2026_07_15_gym,flight_23,60,0,1250,ok,False,71,71,1774.3722932059993,1408.9340997064198,1765.406641046785,1425.983362582028,19.262925095675723,14.459611503619996,HIT,True,1141.4666089302038
2026_07_15_gym,flight_24,60,0,150,ok,True,10,10,501.6569456479524,1556.583425658837,836.3190685415341,1702.9005785932409,365.2498401676152,409.55958728861947,HIT,True,1213.0958954981306
2026_07_15_gym,flight_24,60,0,200,ok,True,13,13,524.9513207449625,1647.585465808221,836.3190685415341,1702.9005785932409,316.243001614785,297.97549771739745,HIT,True,1191.2282810605625
2026_07_15_gym,flight_24,60,0,250,ok,True,16,16,606.681898267728,1733.8210498976734,836.3190685415341,1702.9005785932409,231.7095283259824,199.66766680219828,HIT,True,1171.093061230409
2026_07_15_gym,flight_24,60,0,300,ok,True,19,19,605.4749377924263,1740.9170096272412,836.3190685415341,1702.9005785932409,233.95354609382193,203.74261363662646,HIT,True,1166.6489530185424
2026_07_15_gym,flight_24,60,0,350,ok,True,22,22,584.2240865947666,1732.411149740847,836.3190685415341,1702.9005785932409,253.81637798258592,218.29698874290747,HIT,True,1169.424728289431
2026_07_15_gym,flight_24,60,0,400,ok,True,25,25,597.1606593484638,1716.4471519126923,836.3190685415341,1702.9005785932409,239.5417590660537,206.16407862305954,HIT,True,1171.6331866842884
2026_07_15_gym,flight_24,60,0,450,ok,True,28,28,681.8147368152141,1677.6552780800089,836.3190685415341,1702.9005785932409,156.5532296702949,136.84203124842765,HIT,True,1171.0367089679728
2026_07_15_gym,flight_24,60,0,490,ok,True,30,30,696.6274888156156,1677.520397862897,836.3190685415341,1702.9005785932409,141.97848787836685,123.89243149630579,HIT,True,1170.57238641947
2026_07_15_gym,flight_24,60,0,500,ok,True,31,31,733.7064202856377,1668.8078704966435,836.3190685415341,1702.9005785932409,108.1280182350907,94.38340874141852,HIT,True,1169.3564969760646
2026_07_15_gym,flight_24,60,0,550,ok,True,34,34,761.7924283444561,1676.9693890147696,836.3190685415341,1702.9005785932409,78.90910398692498,67.5781557496072,HIT,True,1167.1924118598304
2026_07_15_gym,flight_24,60,0,600,ok,True,37,37,743.2866112449843,1710.7438867433157,836.3190685415341,1702.9005785932409,93.36249564665344,87.9662763937305,HIT,True,1164.5873256572165
2026_07_15_gym,flight_24,60,0,650,ok,True,40,40,742.5441875459649,1726.6302308699937,836.3190685415341,1702.9005785932409,96.73068129041981,95.69641036792066,HIT,True,1163.4565867734113
2026_07_15_gym,flight_24,60,0,700,ok,True,43,43,765.2261398134295,1725.1430423600282,836.3190685415341,1702.9005785932409,74.49115188769869,77.39539074120582,HIT,True,1163.6053466984135
2026_07_15_gym,flight_24,60,0,750,ok,True,46,46,785.0587869207725,1720.3081089655327,836.3190685415341,1702.9005785932409,54.13537277512783,59.320691325589124,HIT,True,1164.1581477861766
2026_07_15_gym,flight_24,60,0,800,ok,True,49,49,795.8385498461435,1718.2454952153964,836.3190685415341,1702.9005785932409,43.2913254589043,50.62283143064312,HIT,True,1164.3317412433162
2026_07_15_gym,flight_24,60,0,850,ok,True,52,52,833.7998982409091,1693.3889055151644,836.3190685415341,1702.9005785932409,9.83962111809979,13.509756322609098,HIT,True,1166.5934722794855
2026_07_15_gym,flight_24,60,0,900,ok,True,55,55,826.1653724268672,1701.4452716259025,836.3190685415341,1702.9005785932409,10.2574589035582,19.183913525731754,HIT,True,1166.335087968075
2026_07_15_gym,flight_24,60,0,950,ok,True,58,58,828.819681416013,1705.1567754111888,836.3190685415341,1702.9005785932409,7.831425881648184,20.29904423995432,HIT,True,1166.5875029035687
2026_07_15_gym,flight_24,60,0,1000,ok,True,61,61,826.651243906521,1719.8538209812004,836.3190685415341,1702.9005785932409,19.51612821843191,35.676925471758366,HIT,True,1165.7872107382657
2026_07_15_gym,flight_24,60,0,1050,ok,True,64,64,838.4684406845411,1705.2959264533288,836.3190685415341,1702.9005785932409,3.2183057623479625,16.57621056705465,HIT,True,1167.8845008171527
2026_07_15_gym,flight_24,60,0,1100,ok,True,67,67,825.4777815299149,1715.5575421776973,836.3190685415341,1702.9005785932409,16.6653002147144,25.2857130678086,HIT,True,1167.6905820736492
2026_07_15_gym,flight_24,60,0,1150,ok,True,69,69,852.3762934868447,1692.8630140254745,836.3190685415341,1702.9005785932409,18.936398163230105,19.776899819414897,HIT,True,1170.148241655622
2026_07_15_gym,flight_24,60,0,1200,ok,False,72,72,836.1806699043527,1707.5906372134987,836.3190685415341,1702.9005785932409,4.692100174146757,14.386858458596462,HIT,True,1168.824156041027
2026_07_15_gym,flight_24,60,0,1250,ok,False,75,75,823.4291374394421,1720.3160005678799,836.3190685415341,1702.9005785932409,21.666731326423392,30.60780729508012,HIT,True,1167.39814939133
2026_07_15_gym,flight_25,60,0,150,ok,True,10,10,1226.354324551065,2012.19657274492,1243.4904360138703,2170.667638407165,159.39487121044166,172.7272431976233,MISS_HIGH_WIDE,True,1203.6707280585722
2026_07_15_gym,flight_25,60,0,200,ok,True,13,13,984.5890746305067,2025.6160663444698,1243.4904360138703,2170.667638407165,296.7656878482052,327.18123580527634,MISS_HIGH_WIDE,True,1220.9138541135471
2026_07_15_gym,flight_25,60,0,250,ok,True,16,16,667.8389206152304,2065.3795415110103,1243.4904360138703,2170.667638407165,585.2010342854535,555.6255473133241,MISS_HIGH_WIDE,True,1236.5466319717816
2026_07_15_gym,flight_25,60,0,300,ok,True,19,19,908.4169236501357,2108.5174414311628,1243.4904360138703,2170.667638407165,340.7886524987675,308.20968296600415,MISS_HIGH_WIDE,True,1212.716885404989
2026_07_15_gym,flight_25,60,0,350,ok,True,22,22,913.6070021731897,2149.038271376612,1243.4904360138703,2170.667638407165,330.59175646204653,271.4292477289811,MISS_HIGH_WIDE,True,1202.2848487459216
2026_07_15_gym,flight_25,60,0,400,ok,True,25,25,1130.8503951216676,2130.621752747256,1243.4904360138703,2170.667638407165,119.54686014481364,98.05698198548774,MISS_HIGH_WIDE,True,1184.8624559443117
2026_07_15_gym,flight_25,60,0,450,ok,True,28,28,1139.4092202447723,2132.371317989324,1243.4904360138703,2170.667638407165,110.90314528235663,91.55254728935444,MISS_HIGH_WIDE,True,1184.7835873079027
2026_07_15_gym,flight_25,60,0,490,ok,True,30,30,1158.797186147401,2109.2846216058388,1243.4904360138703,2170.667638407165,104.59838108009197,84.11351826030345,MISS_HIGH_WIDE,True,1189.0659755888457
2026_07_15_gym,flight_25,60,0,500,ok,True,31,31,1166.298578867774,2103.405417129191,1243.4904360138703,2170.667638407165,102.38549321515478,82.19573220825593,MISS_HIGH_WIDE,True,1189.5705687313362
2026_07_15_gym,flight_25,60,0,550,ok,True,34,34,1216.0303714358126,2078.590841458549,1243.4904360138703,2170.667638407165,96.0842946737278,77.68181453387834,MISS_HIGH_WIDE,True,1190.8161577672201
2026_07_15_gym,flight_25,60,0,600,ok,True,37,37,1201.3782728351403,2067.3591701121663,1243.4904360138703,2170.667638407165,111.5619734006654,97.0598175615521,MISS_HIGH_WIDE,True,1193.380077729271
2026_07_15_gym,flight_25,60,0,650,ok,True,40,40,1198.3632781476656,2057.5421019560695,1243.4904360138703,2170.667638407165,121.79428301209195,110.29385155639874,MISS_HIGH_WIDE,True,1194.2491498788827
2026_07_15_gym,flight_25,60,0,700,ok,True,43,43,1214.4269968707129,2061.806530306481,1243.4904360138703,2170.667638407165,112.6739737105996,96.02253494888357,MISS_HIGH_WIDE,True,1192.9817622785295
2026_07_15_gym,flight_25,60,0,750,ok,True,46,46,1205.473619979754,2074.8803511871847,1243.4904360138703,2170.667638407165,103.05572615985433,89.29831411036955,MISS_HIGH_WIDE,True,1192.7653583907697
2026_07_15_gym,flight_25,60,0,800,ok,True,48,48,1205.1923843682232,2094.2431712289763,1243.4904360138703,2170.667638407165,85.4835653404953,70.9853732435024,MISS_HIGH_WIDE,True,1191.3752182039302
2026_07_15_gym,flight_25,60,0,850,ok,True,51,51,1234.9884160044628,2076.2914050152212,1243.4904360138703,2170.667638407165,94.75841795582619,78.43375835139585,MISS_HIGH_WIDE,True,1190.836225426118
2026_07_15_gym,flight_25,60,0,900,ok,True,53,53,1227.539218348191,2077.296138478141,1243.4904360138703,2170.667638407165,94.7242225833162,75.97711634907675,MISS_HIGH_WIDE,True,1191.2814939181133
2026_07_15_gym,flight_25,60,0,950,ok,True,53,53,1227.539218348191,2077.296138478141,1243.4904360138703,2170.667638407165,94.7242225833162,75.97711634907675,MISS_HIGH_WIDE,True,1191.2814939181133
2026_07_15_gym,flight_25,60,0,1000,ok,True,56,56,1225.861900385781,2133.3077547276666,1243.4904360138703,2170.667638407165,41.31012196709761,29.659173907027267,MISS_HIGH_WIDE,True,1189.4166158535868
2026_07_15_gym,flight_25,60,0,1050,ok,True,59,59,1225.0068252579977,2154.5344143325983,1243.4904360138703,2170.667638407165,24.534155490148738,34.2652886272034,MISS_HIGH_WIDE,True,1186.4139678502509
2026_07_15_gym,flight_25,60,0,1100,fit_failed,True,62,62,,,,,,,,,
2026_07_15_gym,flight_25,60,0,1150,ok,True,65,65,1234.4972391932745,2155.091276125299,1243.4904360138703,2170.667638407165,17.986123845618366,19.76488383017138,MISS_HIGH_WIDE,True,1189.7812762003405
2026_07_15_gym,flight_25,60,0,1200,ok,False,68,68,1220.7994971399319,2175.0007659660564,1243.4904360138703,2170.667638407165,23.10096754299335,34.131791675856455,MISS_HIGH_WIDE,True,1190.9073993032266
2026_07_15_gym,flight_25,60,0,1250,ok,False,70,70,1203.3376942925947,2202.431668636765,1243.4904360138703,2170.667638407165,51.197619907202736,69.75731209949807,MISS_HIGH_WIDE,True,1188.4149913876324
2026_07_15_gym,flight_26,60,0,150,ok,True,10,10,228.0928943253985,1399.5457233160362,-137.62928675421554,1464.0741343325371,371.3712826295869,235.27516941885588,HIT,False,1248.97341122954
2026_07_15_gym,flight_26,60,0,200,ok,True,13,13,11.723759728609604,1443.7459702454046,-137.62928675421554,1464.0741343325371,150.73011228302826,81.2976384729083,HIT,False,1258.781897341075
2026_07_15_gym,flight_26,60,0,250,ok,True,16,16,-143.20807054476646,1431.559877251294,-137.62928675421554,1464.0741343325371,32.9893883260494,39.756321919800556,MISS_HIGH_WIDE,True,1264.6519989415738
2026_07_15_gym,flight_26,60,0,300,ok,True,19,19,-274.88662565712497,1368.0876414619568,-137.62928675421554,1464.0741343325371,167.49025015296297,161.62290039003585,MISS_HIGH_WIDE,True,1273.2848990196171
2026_07_15_gym,flight_26,60,0,350,ok,True,22,22,-256.1370342054095,1426.5226447000973,-137.62928675421554,1464.0741343325371,124.31492500730235,118.98750827825013,MISS_HIGH_WIDE,True,1268.0439106876981
2026_07_15_gym,flight_26,60,0,400,ok,True,25,25,-381.67174421081535,1404.0780420783617,-137.62928675421554,1464.0741343325371,251.30907688984863,226.9020139616941,MISS_HIGH_WIDE,True,1278.7926014335635
2026_07_15_gym,flight_26,60,0,450,ok,True,28,28,-436.25994882981166,1384.5697930491986,-137.62928675421554,1464.0741343325371,309.0327047653799,282.5425141595631,MISS_HIGH_WIDE,True,1284.8102541613803
2026_07_15_gym,flight_26,60,0,490,ok,True,30,30,-279.3105289698659,1386.5963518131437,-137.62928675421554,1464.0741343325371,161.4818292560876,153.3378273063045,MISS_HIGH_WIDE,True,1273.4703651840205
2026_07_15_gym,flight_26,60,0,500,ok,True,30,30,-279.3105289698659,1386.5963518131437,-137.62928675421554,1464.0741343325371,161.4818292560876,153.3378273063045,MISS_HIGH_WIDE,True,1273.4703651840205
2026_07_15_gym,flight_26,60,0,550,ok,True,33,33,-388.15104253683796,1425.3048936933785,-137.62928675421554,1464.0741343325371,253.50385429051153,222.49390168652252,MISS_HIGH_WIDE,True,1274.2284096614064
2026_07_15_gym,flight_26,60,0,600,ok,True,36,36,-297.3682251174189,1415.557603433816,-137.62928675421554,1464.0741343325371,166.94424877739826,155.95451488579906,MISS_HIGH_WIDE,True,1267.214899201339
2026_07_15_gym,flight_26,60,0,650,ok,True,39,39,-330.9049403394038,1410.8181383376484,-137.62928675421554,1464.0741343325371,200.47862573897825,181.30570641746135,MISS_HIGH_WIDE,True,1271.2119409789352
2026_07_15_gym,flight_26,60,0,700,ok,True,41,41,-282.0282123011704,1397.0688792458427,-137.62928675421554,1464.0741343325371,159.18779447039276,141.75045964687206,MISS_HIGH_WIDE,True,1270.6657849441187
2026_07_15_gym,flight_26,60,0,750,ok,True,44,44,-233.11339387606046,1399.8026131951153,-137.62928675421554,1464.0741343325371,115.10014397112636,109.05437678008995,MISS_HIGH_WIDE,True,1267.6103517207853
2026_07_15_gym,flight_26,60,0,800,ok,True,47,47,-298.5373897528756,1424.8302587377252,-137.62928675421554,1464.0741343325371,165.62457360648045,150.1089259680625,MISS_HIGH_WIDE,True,1267.896138381999
2026_07_15_gym,flight_26,60,0,850,ok,True,50,50,-186.33668599451966,1384.2577397112193,-137.62928675421554,1464.0741343325371,93.50437204270351,90.0441910546519,MISS_HIGH_WIDE,True,1268.86704103912
2026_07_15_gym,flight_26,60,0,900,ok,True,53,53,-179.38995253514636,1385.3774452780897,-137.62928675421554,1464.0741343325371,89.09052741228439,85.9955718607486,MISS_HIGH_WIDE,True,1269.5121042915048
2026_07_15_gym,flight_26,60,0,950,ok,True,56,56,-178.5593781590784,1395.889423241766,-137.62928675421554,1464.0741343325371,79.52626741487587,75.48049080784864,MISS_HIGH_WIDE,True,1269.0459202440811
2026_07_15_gym,flight_26,60,0,1000,ok,True,58,58,-265.36371428134726,1424.784048874439,-137.62928675421554,1464.0741343325371,133.64054321570507,121.96825352463405,MISS_HIGH_WIDE,True,1266.8950856023478
2026_07_15_gym,flight_26,60,0,1050,ok,True,61,61,-172.02448753031535,1403.3133681001484,-137.62928675421554,1464.0741343325371,69.8204880359283,70.55783512170207,MISS_HIGH_WIDE,True,1269.2722556461426
2026_07_15_gym,flight_26,60,0,1100,ok,True,62,62,-175.58312162539656,1408.4781647700324,-137.62928675421554,1464.0741343325371,67.31571445824389,66.17189205410526,MISS_HIGH_WIDE,True,1268.8719781335524
2026_07_15_gym,flight_26,60,0,1150,ok,True,65,65,-234.05004265280309,1427.1984032384385,-137.62928675421554,1464.0741343325371,103.23168947459534,92.10014909180052,MISS_HIGH_WIDE,True,1268.3062995298642
2026_07_15_gym,flight_26,60,0,1200,ok,True,68,68,-171.181433628506,1390.8255398622125,-137.62928675421554,1464.0741343325371,80.56738267904718,82.94452326027816,MISS_HIGH_WIDE,True,1270.0941456994965
2026_07_15_gym,flight_26,60,0,1250,fit_failed,True,71,71,,,,,,,,,
2026_07_15_gym,flight_28,60,0,150,ok,True,10,10,-459.13717538934105,810.8762307413409,-154.94916916271745,1236.753207837785,523.3560382310819,507.39096681938224,MISS_HIGH_WIDE,True,1455.6201256555646
2026_07_15_gym,flight_28,60,0,200,ok,True,13,13,-381.3999693122455,917.3602647863719,-154.94916916271745,1236.753207837785,391.5249889335351,408.1199911903196,MISS_HIGH_WIDE,True,1445.5342525299345
2026_07_15_gym,flight_28,60,0,250,ok,True,16,16,-273.48878122130765,979.5704790003358,-154.94916916271745,1236.753207837785,283.1865032788075,311.43441326569763,MISS_HIGH_WIDE,True,1431.7468135918887
2026_07_15_gym,flight_28,60,0,300,ok,True,19,19,-274.3866356208852,1114.459047292229,-154.94916916271745,1236.753207837785,170.94200799536733,162.75743510244635,MISS_HIGH_WIDE,True,1409.0163667568509
2026_07_15_gym,flight_28,60,0,350,ok,True,22,22,-208.84538646719204,1125.2750197190333,-154.94916916271745,1236.753207837785,123.82321537567572,108.02219353902996,MISS_HIGH_WIDE,True,1399.0566672111984
2026_07_15_gym,flight_28,60,0,400,ok,True,25,25,-228.41091788021822,1120.6670971090984,-154.94916916271745,1236.753207837785,137.37763147159777,114.78747159831848,MISS_HIGH_WIDE,True,1399.0639427485255
2026_07_15_gym,flight_28,60,0,450,ok,True,28,28,-167.91019621185376,1169.9525108734897,-154.94916916271745,1236.753207837785,68.04646454507441,40.671768725577124,MISS_HIGH_WIDE,True,1387.6229490273197
2026_07_15_gym,flight_28,60,0,490,ok,True,30,30,-171.40819413794244,1165.6645026421606,-154.94916916271745,1236.753207837785,72.96919562065547,43.619286868375475,MISS_HIGH_WIDE,True,1387.852179512705
2026_07_15_gym,flight_28,60,0,500,ok,True,31,31,-144.71630234378856,1205.80381608482,-154.94916916271745,1236.753207837785,32.597184130112204,28.720562764947942,MISS_HIGH_WIDE,True,1381.3087732532333
2026_07_15_gym,flight_28,60,0,550,ok,True,34,34,-188.00764184472402,1216.0203808698489,-154.94916916271745,1236.753207837785,39.02195190081295,32.45488794646377,MISS_HIGH_WIDE,True,1382.5826341335883
2026_07_15_gym,flight_28,60,0,600,ok,True,37,37,-162.07161879851876,1242.7108968035577,-154.94916916271745,1236.753207837785,9.285652730283141,53.856802484513395,MISS_HIGH_WIDE,True,1377.125849081019
2026_07_15_gym,flight_28,60,0,650,ok,True,40,40,-160.60995025363758,1238.8219015851957,-154.94916916271745,1236.753207837785,6.026934243866834,50.45612311003914,MISS_HIGH_WIDE,True,1377.513728181493
2026_07_15_gym,flight_28,60,0,700,ok,True,43,43,-120.30303367456003,1219.3657365178715,-154.94916916271745,1236.753207837785,38.76440200963482,50.62172751052485,MISS_HIGH_WIDE,True,1377.6865205849542
2026_07_15_gym,flight_28,60,0,750,ok,True,46,46,-108.26130289190162,1212.7719466900835,-154.94916916271745,1236.753207837785,52.48673873614025,53.7323568131315,MISS_HIGH_WIDE,True,1378.0709871115055
2026_07_15_gym,flight_28,60,0,800,ok,True,49,49,-99.78321991839282,1204.658761187352,-154.94916916271745,1236.753207837785,63.82268767315352,55.285527798371405,MISS_HIGH_WIDE,True,1379.0774510232816
2026_07_15_gym,flight_28,60,0,850,ok,True,52,52,-96.73676451637205,1196.2545485528262,-154.94916916271745,1236.753207837785,70.91421196480323,54.4051430486007,MISS_HIGH_WIDE,True,1380.8864215768087
2026_07_15_gym,flight_28,60,0,900,ok,True,55,55,-105.21981988384911,1194.804969228785,-154.94916916271745,1236.753207837785,65.05891869757205,47.18217809830676,MISS_HIGH_WIDE,True,1382.6168731585656
2026_07_15_gym,flight_28,60,0,950,ok,True,58,58,-115.24708644476989,1193.023040805113,-154.94916916271745,1236.753207837785,59.064226743843506,40.42837743090224,MISS_HIGH_WIDE,True,1384.3785824852857
2026_07_15_gym,flight_28,60,0,1000,ok,True,61,61,-121.10029858829876,1198.8148444157234,-154.94916916271745,1236.753207837785,50.843539002592806,35.0353143132878,MISS_HIGH_WIDE,True,1384.6048029542637
2026_07_15_gym,flight_28,60,0,1050,ok,True,62,62,-121.10031697598801,1198.8143285556018,-154.94916916271745,1236.753207837785,50.84391168613145,35.035453886711764,MISS_HIGH_WIDE,True,1384.6048781536654
2026_07_15_gym,flight_28,60,0,1100,ok,True,65,65,-117.74130086462417,1194.363966084559,-154.94916916271745,1236.753207837785,56.40277723394214,38.659485185091775,MISS_HIGH_WIDE,True,1386.5813014210305
2026_07_15_gym,flight_28,60,0,1150,ok,True,68,68,-126.56597736713341,1201.4612754564203,-154.94916916271745,1236.753207837785,45.28935932110035,28.844143811976014,MISS_HIGH_WIDE,True,1387.949589888428
2026_07_15_gym,flight_28,60,0,1200,ok,True,71,71,-129.8731930689171,1206.6070118969135,-154.94916916271745,1236.753207837785,39.212213744728466,26.32860420945928,MISS_HIGH_WIDE,True,1387.93928091776
2026_07_15_gym,flight_28,60,0,1250,ok,True,74,74,-142.62389741653897,1211.723666050282,-154.94916916271745,1236.753207837785,27.899646695066085,15.072932327415844,MISS_HIGH_WIDE,True,1388.239485389794
2026_07_15_gym,flight_29,60,0,150,ok,True,9,9,739.9575269409012,-131.51949637331344,1025.4016252392755,343.32772454011547,554.0381001903919,484.79065471797054,MISS_HIGH_WIDE,False,1546.0839386075734
2026_07_15_gym,flight_29,60,0,200,ok,True,12,12,921.9405556777864,-26.435067537136526,1025.4016252392755,343.32772454011547,383.96447142876696,347.67796961519537,MISS_HIGH_WIDE,False,1526.7316532905684
2026_07_15_gym,flight_29,60,0,250,ok,True,15,15,969.8171828234155,-8.025431482791598,1025.4016252392755,343.32772454011547,355.7227438412384,318.89766938800983,MISS_HIGH_WIDE,False,1522.0391662857005
2026_07_15_gym,flight_29,60,0,300,ok,True,18,18,1028.6734643137897,81.9672237692735,1025.4016252392755,343.32772454011547,261.3809792125563,226.18580166697146,HIT,True,1507.6617408197715
2026_07_15_gym,flight_29,60,0,350,ok,True,21,21,1074.7872472813203,124.87219477736963,1025.4016252392755,343.32772454011547,223.96820789657096,181.5561992194066,HIT,True,1500.03592971557
2026_07_15_gym,flight_29,60,0,400,ok,True,24,24,908.780997660729,148.76123438527296,1025.4016252392755,343.32772454011547,226.84022982704914,210.69942031268675,HIT,True,1508.0908574689552
2026_07_15_gym,flight_29,60,0,450,ok,True,27,27,1092.9931132113431,183.99407716561507,1025.4016252392755,343.32772454011547,173.0774983408872,125.76020909995975,HIT,True,1490.333721854093
2026_07_15_gym,flight_29,60,0,490,ok,True,29,29,1117.297980219178,213.39964049514802,1025.4016252392755,343.32772454011547,159.14222281402374,95.62310916009997,HIT,True,1481.520670141486
2026_07_15_gym,flight_29,60,0,500,ok,True,30,30,1120.4573707679406,226.98723875038263,1025.4016252392755,343.32772454011547,150.23549311597893,85.39733462021316,HIT,True,1478.3294919001755
2026_07_15_gym,flight_29,60,0,550,ok,True,33,33,1075.1620012015687,243.97636532576934,1025.4016252392755,343.32772454011547,111.11609961498293,63.3695603139884,HIT,True,1478.911294262926
2026_07_15_gym,flight_29,60,0,600,ok,True,36,36,1057.5920138654524,256.0048536566219,1025.4016252392755,343.32772454011547,93.06720635776915,50.8668600223165,HIT,True,1478.070071196216
2026_07_15_gym,flight_29,60,0,650,ok,True,39,39,1036.2251901724512,274.54635739617606,1025.4016252392755,343.32772454011547,69.627767622207,35.144666939432625,HIT,True,1477.2297608451788
2026_07_15_gym,flight_29,60,0,700,ok,True,42,42,1033.9602155419318,276.5801555369361,1025.4016252392755,343.32772454011547,67.29403714893996,35.20162532223061,HIT,True,1477.3643633414001
2026_07_15_gym,flight_29,60,0,750,ok,True,45,45,1037.4618125713089,278.4099649588384,1025.4016252392755,343.32772454011547,66.02850617374463,34.461425072399436,HIT,True,1477.188704708451
2026_07_15_gym,flight_29,60,0,800,ok,True,48,48,1039.950914825263,283.5464723597992,1025.4016252392755,343.32772454011547,61.52625406851525,29.663800864353128,HIT,True,1476.5399990704248
2026_07_15_gym,flight_29,60,0,850,ok,True,51,51,1027.4453143215853,297.7111309599118,1025.4016252392755,343.32772454011547,45.66235073807117,18.88704511438549,HIT,True,1475.6824969366994
2026_07_15_gym,flight_29,60,0,900,ok,True,54,54,1028.9649665571844,295.94996022459827,1025.4016252392755,343.32772454011547,47.51157704059729,20.41355268348669,HIT,True,1476.2028781750578
2026_07_15_gym,flight_29,60,0,950,ok,True,57,57,1026.1542467358145,297.38419163866797,1025.4016252392755,343.32772454011547,45.949697002085244,20.8762560346828,HIT,True,1477.2896251232394
2026_07_15_gym,flight_29,60,0,1000,ok,True,60,60,1012.7327289510843,316.1895334676692,1025.4016252392755,343.32772454011547,29.949663568152953,13.156379876389487,HIT,True,1477.1739518071302
2026_07_15_gym,flight_29,60,0,1050,ok,True,63,63,1017.9251745090107,321.6135758042612,1025.4016252392755,343.32772454011547,22.96522525134206,8.74741953376071,HIT,True,1477.2434297983639
2026_07_15_gym,flight_29,60,0,1100,ok,True,66,66,1027.430005589962,306.406758011033,1025.4016252392755,343.32772454011547,36.97664257729033,16.271534996442973,HIT,True,1477.89724699335
2026_07_15_gym,flight_29,60,0,1150,ok,True,69,69,1017.9251745034504,321.61357589871227,1025.4016252392755,343.32772454011547,22.965225163846576,8.747419488674344,HIT,True,1477.2434297859106
2026_07_15_gym,flight_29,60,0,1200,ok,True,71,71,1035.5382320825813,320.23609533617287,1025.4016252392755,343.32772454011547,25.218527664955555,9.474254815056058,HIT,True,1477.7772403325216
2026_07_15_gym,flight_29,60,0,1250,ok,True,73,73,1035.8496674197643,320.2720171686802,1025.4016252392755,343.32772454011547,25.31259030211108,10.67229147784732,HIT,True,1477.740503121014
2026_07_15_gym,flight_33,60,0,150,ok,True,10,10,1277.7574656746133,1384.301842329273,847.5982895940475,1336.5944001102284,432.79662291819545,441.73186438100004,HIT,True,1082.2275573849836
2026_07_15_gym,flight_33,60,0,200,ok,True,13,13,1174.115188711793,1306.678824417241,847.5982895940475,1336.5944001102284,327.8844721521757,302.1390460190422,HIT,True,1097.061713008956
2026_07_15_gym,flight_33,60,0,250,ok,True,16,16,1125.252330553876,1269.983724272109,847.5982895940475,1336.5944001102284,285.5323950043727,250.6046206308607,HIT,True,1101.496937885256
2026_07_15_gym,flight_33,60,0,300,ok,True,19,19,1191.8774482389224,1248.8850449359365,847.5982895940475,1336.5944001102284,355.27604769012083,309.8941024391487,HIT,True,1097.875809353544
2026_07_15_gym,flight_33,60,0,350,ok,True,22,22,1052.3799047117268,1284.8912566853119,847.5982895940475,1336.5944001102284,211.20777668027006,188.001212423692,HIT,True,1104.3609242734512
2026_07_15_gym,flight_33,60,0,400,ok,True,25,25,621.4942455039526,1345.7319363900099,847.5982895940475,1336.5944001102284,226.28860626014716,223.58132928149342,HIT,True,1119.9652589375473
2026_07_15_gym,flight_33,60,0,450,ok,True,27,27,768.2126101289831,1307.0175954593262,847.5982895940475,1336.5944001102284,84.71642979663142,98.96239894914453,HIT,True,1118.4432028405386
2026_07_15_gym,flight_33,60,0,490,ok,True,29,29,676.4755668064038,1349.2466950847668,847.5982895940475,1336.5944001102284,171.5898214416563,177.15711452029205,HIT,True,1116.9282442490148
2026_07_15_gym,flight_33,60,0,500,ok,True,30,30,775.4349994033684,1324.3319104619786,847.5982895940475,1336.5944001102284,73.19773974322982,86.30567986867801,HIT,True,1114.4399225001623
2026_07_15_gym,flight_33,60,0,550,ok,True,31,31,762.7943349734876,1330.174887860356,847.5982895940475,1336.5944001102284,85.0465805121655,101.70224230290826,HIT,True,1114.0942659334705
2026_07_15_gym,flight_33,60,0,600,ok,True,34,34,785.7564795097301,1337.261955720742,847.5982895940475,1336.5944001102284,61.84541296650799,64.57146729100243,HIT,True,1113.4084476383928
2026_07_15_gym,flight_33,60,0,650,ok,True,37,37,822.8211594976368,1317.729450676233,847.5982895940475,1336.5944001102284,31.141491501880022,44.184516789036785,HIT,True,1115.2872207318678
2026_07_15_gym,flight_33,60,0,700,ok,True,40,40,886.6926636837072,1302.0066070154191,847.5982895940475,1336.5944001102284,52.19852025327532,30.504640509555763,HIT,True,1115.5365746462658
2026_07_15_gym,flight_33,60,0,750,ok,True,43,43,886.1756260320949,1302.3589051570393,847.5982895940475,1336.5944001102284,51.57790225808079,28.004747140182694,HIT,True,1115.6063159746784
2026_07_15_gym,flight_33,60,0,800,ok,True,46,46,849.5493776779922,1314.9888807724867,847.5982895940475,1336.5944001102284,21.693437038995057,19.58939642532397,HIT,True,1116.7357947425485
2026_07_15_gym,flight_33,60,0,850,ok,True,49,49,859.3152056437207,1312.0600879057245,847.5982895940475,1336.5944001102284,27.188574752332297,16.973789071639633,HIT,True,1118.0297094244286
2026_07_15_gym,flight_33,60,0,900,ok,True,52,52,867.1232124533786,1305.118250161522,847.5982895940475,1336.5944001102284,37.040121871509655,24.224127647002533,HIT,True,1119.6014551036048
2026_07_15_gym,flight_33,60,0,950,ok,True,55,55,883.764614406811,1296.6872287760543,847.5982895940475,1336.5944001102284,53.85708286156464,38.780156952256036,HIT,True,1120.2618322402045
2026_07_15_gym,flight_33,60,0,1000,ok,True,58,58,867.2754239755018,1300.240676931755,847.5982895940475,1336.5944001102284,41.33742621889867,33.76114819807113,HIT,True,1120.8171285893782
2026_07_15_gym,flight_33,60,0,1050,ok,True,60,60,869.204957462067,1297.608885205368,847.5982895940475,1336.5944001102284,44.57262016929219,38.10826036923089,HIT,True,1121.3494048434654
2026_07_15_gym,flight_33,60,0,1100,ok,True,62,62,866.9532015969709,1301.1412412556804,847.5982895940475,1336.5944001102284,40.39231475672973,34.33723115587721,HIT,True,1121.1621399849362
2026_07_15_gym,flight_33,60,0,1150,ok,False,65,65,859.110755989579,1311.0606612826566,847.5982895940475,1336.5944001102284,28.00908247377789,24.354284340628066,HIT,True,1120.2034147668826
2026_07_15_gym,flight_33,60,0,1200,ok,False,68,68,891.2450098308472,1295.2077395250267,847.5982895940475,1336.5944001102284,60.1489140535733,71.95319302284405,HIT,True,1122.0827418336482
2026_07_15_gym,flight_33,60,0,1250,ok,False,71,71,877.3831542355924,1304.7655794421437,847.5982895940475,1336.5944001102284,43.5914210233648,43.16007739880709,HIT,True,1120.8570719569507
2026_07_15_gym,flight_36,60,0,150,fit_failed,True,10,10,,,,,,,,,
2026_07_15_gym,flight_36,60,0,200,ok,True,13,13,-167.86995865473466,-525.4093966630473,986.921841022628,273.84947805604213,1404.406938682413,1122.8124133659524,MISS_HIGH_WIDE,False,1509.6519252700687
2026_07_15_gym,flight_36,60,0,250,ok,True,16,16,463.41113642097923,-121.84753851373517,986.921841022628,273.84947805604213,656.2313515481695,558.3453272828044,MISS_HIGH_WIDE,False,1431.7559122042135
2026_07_15_gym,flight_36,60,0,300,ok,True,19,19,914.5204048489135,181.62140866644432,986.921841022628,273.84947805604213,117.25180059747024,98.50483066128626,HIT,True,1372.3442352137693
2026_07_15_gym,flight_36,60,0,350,ok,True,22,22,1043.6748720017652,118.16014519206956,986.921841022628,273.84947805604213,165.7108170668039,130.96244423236053,HIT,True,1376.8213074885007
2026_07_15_gym,flight_36,60,0,400,ok,True,25,25,963.8489630534482,85.14985649035984,986.921841022628,273.84947805604213,190.1049838294945,172.6763171386923,HIT,True,1383.7891124000441
2026_07_15_gym,flight_36,60,0,450,ok,True,27,27,923.3341837424504,46.48966080981386,986.921841022628,273.84947805604213,236.08446932532357,224.0520749473933,HIT,True,1389.0250498821035
2026_07_15_gym,flight_36,60,0,490,fit_failed,True,28,28,,,,,,,,,
2026_07_15_gym,flight_36,60,0,500,fit_failed,True,29,29,,,,,,,,,
2026_07_15_gym,flight_36,60,0,550,fit_failed,True,32,32,,,,,,,,,
2026_07_15_gym,flight_36,60,0,600,ok,True,34,34,970.9984526508933,163.29404235515986,986.921841022628,273.84947805604213,111.69627863205206,91.49961218516279,HIT,True,1369.7013060417776
2026_07_15_gym,flight_36,60,0,650,ok,True,35,35,994.7151565708575,153.0682226540787,986.921841022628,273.84947805604213,121.03242302667742,89.02733928859358,HIT,True,1369.1587052226907
2026_07_15_gym,flight_36,60,0,700,ok,True,36,36,1009.6562411868031,208.3218572683871,986.921841022628,273.84947805604213,69.35936877535408,44.32089371944639,HIT,True,1363.1299690184094
2026_07_15_gym,flight_36,60,0,750,ok,True,38,38,1089.3819302582287,184.92290545807205,986.921841022628,273.84947805604213,135.6687333182901,93.96820635699703,HIT,True,1363.761390868383
2026_07_15_gym,flight_36,60,0,800,ok,True,41,41,1090.7484608483337,175.27308243540594,986.921841022628,273.84947805604213,143.16868637375916,105.64057141182496,HIT,True,1366.6256070223158
2026_07_15_gym,flight_36,60,0,850,ok,True,44,44,995.053783555008,239.8999351231814,986.921841022628,273.84947805604213,34.909883338391225,35.55505044898325,HIT,True,1364.906875174441
2026_07_15_gym,flight_36,60,0,900,ok,True,47,47,972.3575008741856,212.6378335148895,986.921841022628,273.84947805604213,62.92046909704306,55.86272125687123,HIT,True,1369.0131421007857
2026_07_15_gym,flight_36,60,0,950,ok,True,50,50,909.2042563784618,263.975533435594,986.921841022628,273.84947805604213,78.34231133487712,75.3742748089592,HIT,True,1367.0671332496972
2026_07_15_gym,flight_36,60,0,1000,ok,True,53,53,977.0400724453842,232.78433873849207,986.921841022628,273.84947805604213,42.23736518041813,41.567029611616675,HIT,True,1368.5669588844232
2026_07_15_gym,flight_36,60,0,1050,ok,True,56,56,977.356767954585,169.3847644307982,986.921841022628,273.84947805604213,104.90170168115112,100.13382322815494,HIT,True,1375.8012654200647
2026_07_15_gym,flight_36,60,0,1100,fit_failed,True,59,59,,,,,,,,,
2026_07_15_gym,flight_36,60,0,1150,ok,True,61,61,1080.0018447263287,154.60383845730297,986.921841022628,273.84947805604213,151.27263352237026,150.96229206223072,HIT,True,1374.5616835646917
2026_07_15_gym,flight_36,60,0,1200,ok,True,64,64,878.0362003463388,291.761504289706,986.921841022628,273.84947805604213,110.3490979994011,106.08029303178952,HIT,True,1365.61228248551
2026_07_15_gym,flight_36,60,0,1250,ok,True,67,67,1071.050958321499,141.0429203412014,986.921841022628,273.84947805604213,157.2109733751194,136.91684104170474,HIT,True,1379.2066244735208
2026_07_15_gym,flight_48,60,0,150,fit_failed,True,10,10,,,,,,,,,
2026_07_15_gym,flight_48,60,0,200,ok,True,13,13,1015.2520556102344,1509.5520433519164,1066.0307525893527,1743.9534968170767,239.83852370600692,298.49620100193306,HIT,True,1290.7472719786838
2026_07_15_gym,flight_48,60,0,250,ok,True,16,16,969.501430488301,1573.5189614441806,1066.0307525893527,1743.9534968170767,195.87200124842641,255.48344894020374,HIT,True,1287.9666256658209
2026_07_15_gym,flight_48,60,0,300,ok,True,19,19,999.5492404332774,1572.227672000043,1066.0307525893527,1743.9534968170767,184.14545980731904,228.03900291172857,HIT,True,1282.794916549783
2026_07_15_gym,flight_48,60,0,350,ok,True,22,22,1134.503285107608,1687.8502896771163,1066.0307525893527,1743.9534968170767,88.5215090294604,69.67286033312166,HIT,True,1258.5909761744078
2026_07_15_gym,flight_48,60,0,400,ok,True,25,25,1017.6362253756691,1746.5501245469807,1066.0307525893527,1743.9534968170767,48.46413869866732,32.98157780830847,HIT,True,1257.7005752414273
2026_07_15_gym,flight_48,60,0,450,ok,True,28,28,1127.155094630386,1733.7370270212396,1066.0307525893527,1743.9534968170767,61.97226351391792,76.72800817184716,HIT,True,1249.506639155754
2026_07_15_gym,flight_48,60,0,490,ok,True,30,30,1109.3338136774362,1743.100002928592,1066.0307525893527,1743.9534968170767,43.311471360552645,79.53124328792649,HIT,True,1247.3158547706753
2026_07_15_gym,flight_48,60,0,500,ok,True,31,31,1107.9319448622102,1740.7900110707415,1066.0307525893527,1743.9534968170767,42.02044211992828,83.14814798996866,HIT,True,1246.0938653791636
2026_07_15_gym,flight_48,60,0,550,ok,True,33,33,1128.2325989521833,1709.0422019721689,1066.0307525893527,1743.9534968170767,71.3292941132412,74.34597784424207,HIT,True,1248.5770980881068
2026_07_15_gym,flight_48,60,0,600,ok,True,36,36,1020.5463156690724,1735.5898214581098,1066.0307525893527,1743.9534968170767,46.2470006320966,54.51352871358308,HIT,True,1251.3157048746525
2026_07_15_gym,flight_48,60,0,650,ok,True,39,39,997.1517670751946,1782.4234588525835,1066.0307525893527,1743.9534968170767,78.89393274817105,104.31120021790888,HIT,True,1245.9687038640234
2026_07_15_gym,flight_48,60,0,700,ok,True,41,41,950.159640342111,1766.3599305921002,1066.0307525893527,1743.9534968170767,118.01763820686894,117.11460628079271,HIT,True,1250.8874185997604
2026_07_15_gym,flight_48,60,0,750,ok,True,44,44,1041.642196136771,1755.0497276291392,1066.0307525893527,1743.9534968170767,26.794178921462212,58.217088501658914,HIT,True,1250.1386954802906
2026_07_15_gym,flight_48,60,0,800,ok,True,47,47,981.4741786206347,1756.2473999736255,1066.0307525893527,1743.9534968170767,85.44562163241531,89.81002642705727,HIT,True,1253.895566275015
2026_07_15_gym,flight_48,60,0,850,ok,True,48,48,952.3675406831314,1773.4148805666466,1066.0307525893527,1743.9534968170767,117.41932921490387,102.21865260225978,HIT,True,1252.9860391603697
2026_07_15_gym,flight_48,60,0,900,ok,True,49,49,1181.664191431275,1700.346574793895,1066.0307525893527,1743.9534968170767,123.58258706931345,102.84621930820464,HIT,True,1252.8679074206266
2026_07_15_gym,flight_48,60,0,950,ok,True,52,52,1027.2120876067409,1728.5680220500687,1066.0307525893527,1743.9534968170767,41.756455606750116,53.00846873806651,HIT,True,1256.3531346408677
2026_07_15_gym,flight_48,60,0,1000,ok,True,55,55,1012.4841474102619,1770.2558678219948,1066.0307525893527,1743.9534968170767,59.65780457480634,72.94649623415825,HIT,True,1253.4506211062485
2026_07_15_gym,flight_48,60,0,1050,ok,True,57,57,1097.2030703331322,1728.116542913969,1066.0307525893527,1743.9534968170767,34.964589264687696,36.306700804314666,HIT,True,1255.6786027283022
2026_07_15_gym,flight_48,60,0,1100,ok,True,60,60,1076.509054991351,1748.923877433867,1066.0307525893527,1743.9534968170767,11.597392150974525,32.29678857634022,HIT,True,1256.035322161869
2026_07_15_gym,flight_48,60,0,1150,ok,True,63,63,1039.7533888928986,1769.242560949883,1066.0307525893527,1743.9534968170767,36.46966695143945,61.68429268848702,HIT,True,1256.1349108246343
2026_07_15_gym,flight_48,60,0,1200,ok,True,66,66,1106.3155302954763,1718.325774632848,1066.0307525893527,1743.9534968170767,47.7456119364262,38.86108693004447,HIT,True,1260.3418432485726
2026_07_15_gym,flight_48,60,0,1250,ok,True,67,67,1087.731314719745,1742.8081467477477,1066.0307525893527,1743.9534968170767,21.730766750308742,41.97327744491241,HIT,True,1258.251313980599
2026_07_15_gym,flight_52,60,0,150,fit_failed,True,10,10,,,,,,,,,
2026_07_15_gym,flight_52,60,0,200,ok,True,13,13,464.87160286724003,944.5490612744445,445.24373182980236,941.9631626531138,19.797479464368298,28.607218300892097,HIT,True,792.2849939217924
2026_07_15_gym,flight_52,60,0,250,ok,True,16,16,314.9129828235529,1003.9436783708923,445.24373182980236,941.9631626531138,144.31801157572733,192.8439493908964,HIT,True,790.1073020555801
2026_07_15_gym,flight_52,60,0,300,ok,True,19,19,425.2990590550536,981.7468625004096,445.24373182980236,941.9631626531138,44.50317680381399,85.18588135503337,HIT,True,783.2416426461492
2026_07_15_gym,flight_52,60,0,350,ok,True,22,22,388.7567433302745,935.4290669320683,445.24373182980236,941.9631626531138,56.86364635369049,88.8538782009157,HIT,True,787.3973123393841
2026_07_15_gym,flight_52,60,0,400,ok,True,25,25,347.31954506340884,940.8319802083067,445.24373182980236,941.9631626531138,97.93072004015369,135.98072958680388,HIT,True,787.0552960975809
2026_07_15_gym,flight_52,60,0,450,ok,True,28,28,377.9700888161995,934.1970861740253,445.24373182980236,941.9631626531138,67.72041780881692,116.14387452906993,HIT,True,786.8495804411293
2026_07_15_gym,flight_52,60,0,490,ok,True,29,29,401.67504672050256,940.4325034935499,445.24373182980236,941.9631626531138,43.59556444887574,76.6545017581113,HIT,True,785.1157146650044
2026_07_15_gym,flight_52,60,0,500,ok,True,30,30,392.9618412049938,937.6843309550447,445.24373182980236,941.9631626531138,52.45669154650193,95.77191805878697,HIT,True,785.8173193343636
2026_07_15_gym,flight_52,60,0,550,ok,True,33,33,404.14535131781855,941.9395663506674,445.24373182980236,941.9631626531138,41.09838728579626,74.26521199592189,HIT,True,784.8629107121517
2026_07_15_gym,flight_52,60,0,600,ok,True,36,36,417.21485433924346,941.0794103654953,445.24373182980236,941.9631626531138,28.04280641245862,55.41055809528491,HIT,True,785.043136309677
2026_07_15_gym,flight_52,60,0,650,ok,True,39,39,422.33128648259105,948.334535376889,445.24373182980236,941.9631626531138,23.78181116261356,53.66778535106571,HIT,True,784.5666430977045
2026_07_15_gym,flight_52,60,0,700,ok,True,42,42,422.3312896859462,948.334428087833,445.24373182980236,941.9631626531138,23.78177933282541,53.66770415973808,HIT,True,784.5666647058669
2026_07_15_gym,flight_52,60,0,750,ok,True,45,45,436.79697093151754,947.0124186717925,445.24373182980236,941.9631626531138,9.840871710115723,27.97540415698886,HIT,True,785.7270941334208
2026_07_15_gym,flight_52,60,0,800,ok,False,48,48,415.14488511719037,953.4453240974336,445.24373182980236,941.9631626531138,32.21460235456488,65.35745667868495,HIT,True,784.4937266479686
2026_07_15_gym,flight_52,60,0,850,ok,False,51,51,422.6184021431338,952.3705236152215,445.24373182980236,941.9631626531138,24.904190523404864,52.93545785725038,HIT,True,784.968896459616
2026_07_15_gym,flight_52,60,0,900,ok,False,53,53,442.7279599840591,946.1950605501352,445.24373182980236,941.9631626531138,4.923217219527075,21.949032302310417,HIT,True,786.5398074078281
2026_07_15_gym,flight_52,60,0,950,ok,False,53,53,442.7279599840591,946.1950605501352,445.24373182980236,941.9631626531138,4.923217219527075,21.949032302310417,HIT,True,786.5398074078281
2026_07_15_gym,flight_52,60,0,1000,ok,False,53,53,442.7279599840591,946.1950605501352,445.24373182980236,941.9631626531138,4.923217219527075,21.949032302310417,HIT,True,786.5398074078281
2026_07_15_gym,flight_52,60,0,1050,ok,False,53,53,442.7279599840591,946.1950605501352,445.24373182980236,941.9631626531138,4.923217219527075,21.949032302310417,HIT,True,786.5398074078281
2026_07_15_gym,flight_52,60,0,1100,ok,False,53,53,442.7279599840591,946.1950605501352,445.24373182980236,941.9631626531138,4.923217219527075,21.949032302310417,HIT,True,786.5398074078281
2026_07_15_gym,flight_52,60,0,1150,ok,False,53,53,442.7279599840591,946.1950605501352,445.24373182980236,941.9631626531138,4.923217219527075,21.949032302310417,HIT,True,786.5398074078281
2026_07_15_gym,flight_52,60,0,1200,ok,False,53,53,442.7279599840591,946.1950605501352,445.24373182980236,941.9631626531138,4.923217219527075,21.949032302310417,HIT,True,786.5398074078281
2026_07_15_gym,flight_52,60,0,1250,ok,False,53,53,442.7279599840591,946.1950605501352,445.24373182980236,941.9631626531138,4.923217219527075,21.949032302310417,HIT,True,786.5398074078281
2026_07_15_gym,flight_53,60,0,150,ok,True,10,10,780.30046470277,713.7170522813168,917.7358658591673,670.0210926505915,144.21451514694988,243.00233136364565,HIT,True,575.3688834471247
2026_07_15_gym,flight_53,60,0,200,ok,True,13,13,860.7745860371934,671.7714104014591,917.7358658591673,670.0210926505915,56.98816553624282,121.30339103093249,HIT,True,579.4187199437457
2026_07_15_gym,flight_53,60,0,250,ok,True,16,16,871.643159834937,663.1515415821906,917.7358658591673,670.0210926505915,46.60180554997292,102.03633204488239,HIT,True,581.154295738908
2026_07_15_gym,flight_53,60,0,300,ok,True,19,19,843.7061272416302,647.9375475442602,917.7358658591673,670.0210926505915,77.25338286602245,129.4745891596098,HIT,True,584.3063676744645
2026_07_15_gym,flight_53,60,0,350,ok,True,22,22,899.3103047420419,654.2309460854312,917.7358658591673,670.0210926505915,24.26582022166503,92.9406284480365,HIT,True,585.2814430499112
2026_07_15_gym,flight_53,60,0,400,ok,True,25,25,836.349498058861,669.3727233232635,917.7358658591673,670.0210926505915,81.3889503956856,129.48425907131715,HIT,True,583.4562785027937
2026_07_15_gym,flight_53,60,0,450,ok,True,28,28,947.7586861549269,662.7938095361957,917.7358658591673,670.0210926505915,30.880468903938308,63.752524550937956,HIT,True,584.3924132340449
2026_07_15_gym,flight_53,60,0,490,ok,True,30,30,934.2161344196893,664.748868573252,917.7358658591673,670.0210926505915,17.303051712013303,41.02341706002796,HIT,True,583.3506255831784
2026_07_15_gym,flight_53,60,0,500,ok,True,31,31,961.8842223885443,656.1633042912566,917.7358658591673,670.0210926505915,46.272191243306196,95.93940212360641,HIT,True,584.2716779679448
2026_07_15_gym,flight_53,60,0,550,ok,True,34,34,907.5066195409142,671.6471889929203,917.7358658591673,670.0210926505915,10.357686496222486,16.112641031155743,HIT,True,581.1336414480292
2026_07_15_gym,flight_53,60,0,600,ok,False,37,37,907.4539420488458,670.9919023629052,917.7358658591673,670.0210926505915,10.32765359308592,24.685113833985554,HIT,True,580.6750924161673
2026_07_15_gym,flight_53,60,0,650,ok,False,40,40,939.7127821525409,657.4198064736581,917.7358658591673,670.0210926505915,25.333323174801183,57.10307230994813,HIT,True,583.7578147192247
2026_07_15_gym,flight_53,60,0,700,ok,False,40,40,939.7127821525409,657.4198064736581,917.7358658591673,670.0210926505915,25.333323174801183,57.10307230994813,HIT,True,583.7578147192247
2026_07_15_gym,flight_53,60,0,750,ok,False,40,40,939.7127821525409,657.4198064736581,917.7358658591673,670.0210926505915,25.333323174801183,57.10307230994813,HIT,True,583.7578147192247
2026_07_15_gym,flight_53,60,0,800,ok,False,40,40,939.7127821525409,657.4198064736581,917.7358658591673,670.0210926505915,25.333323174801183,57.10307230994813,HIT,True,583.7578147192247
2026_07_15_gym,flight_53,60,0,850,ok,False,40,40,939.7127821525409,657.4198064736581,917.7358658591673,670.0210926505915,25.333323174801183,57.10307230994813,HIT,True,583.7578147192247
2026_07_15_gym,flight_53,60,0,900,ok,False,40,40,939.7127821525409,657.4198064736581,917.7358658591673,670.0210926505915,25.333323174801183,57.10307230994813,HIT,True,583.7578147192247
2026_07_15_gym,flight_53,60,0,950,ok,False,40,40,939.7127821525409,657.4198064736581,917.7358658591673,670.0210926505915,25.333323174801183,57.10307230994813,HIT,True,583.7578147192247
2026_07_15_gym,flight_53,60,0,1000,ok,False,40,40,939.7127821525409,657.4198064736581,917.7358658591673,670.0210926505915,25.333323174801183,57.10307230994813,HIT,True,583.7578147192247
2026_07_15_gym,flight_53,60,0,1050,ok,False,40,40,939.7127821525409,657.4198064736581,917.7358658591673,670.0210926505915,25.333323174801183,57.10307230994813,HIT,True,583.7578147192247
2026_07_15_gym,flight_53,60,0,1100,ok,False,40,40,939.7127821525409,657.4198064736581,917.7358658591673,670.0210926505915,25.333323174801183,57.10307230994813,HIT,True,583.7578147192247
2026_07_15_gym,flight_53,60,0,1150,ok,False,40,40,939.7127821525409,657.4198064736581,917.7358658591673,670.0210926505915,25.333323174801183,57.10307230994813,HIT,True,583.7578147192247
2026_07_15_gym,flight_53,60,0,1200,ok,False,40,40,939.7127821525409,657.4198064736581,917.7358658591673,670.0210926505915,25.333323174801183,57.10307230994813,HIT,True,583.7578147192247
2026_07_15_gym,flight_53,60,0,1250,ok,False,40,40,939.7127821525409,657.4198064736581,917.7358658591673,670.0210926505915,25.333323174801183,57.10307230994813,HIT,True,583.7578147192247
2026_07_15_gym,flight_56,60,0,150,ok,True,10,10,288.3195423182518,778.828092031439,302.90297543448503,813.1906890626434,37.32913870134941,153.3131300368389,HIT,True,519.8838066894568
2026_07_15_gym,flight_56,60,0,200,ok,True,13,13,153.0947426273382,793.6292676831596,302.90297543448503,813.1906890626434,151.07996499597832,336.8585196592706,HIT,True,520.8382866278089
2026_07_15_gym,flight_56,60,0,250,ok,True,16,16,181.70009220992605,808.3110798099184,302.90297543448503,813.1906890626434,121.30106960948596,270.4622586446931,HIT,True,518.6063061706259
2026_07_15_gym,flight_56,60,0,300,ok,True,19,19,158.75420842585206,815.3366547719295,302.90297543448503,813.1906890626434,144.16473979074976,310.3219183927618,HIT,True,517.7236296334444
2026_07_15_gym,flight_56,60,0,350,ok,True,22,22,355.3653528253039,807.9132146613057,302.90297543448503,813.1906890626434,52.72715408168239,131.77087913672668,HIT,True,515.9522541341859
2026_07_15_gym,flight_56,60,0,400,ok,True,24,24,318.9547727251358,818.6406243262026,302.90297543448503,813.1906890626434,16.951754795216008,57.45318122969307,HIT,True,513.5071869424589
2026_07_15_gym,flight_56,60,0,450,ok,True,27,27,324.10292043897715,815.4437360492275,302.90297543448503,813.1906890626434,21.319331343108445,62.08013931980594,HIT,True,513.3794281277096
2026_07_15_gym,flight_56,60,0,490,ok,True,29,29,288.8067255577307,820.1788884852299,302.90297543448503,813.1906890626434,15.733378269072862,29.689294239915192,HIT,True,511.342512444229
2026_07_15_gym,flight_56,60,0,500,ok,True,30,30,291.82324660665955,817.7040432994427,302.90297543448503,813.1906890626434,11.963726733964666,32.30187985221218,HIT,True,510.95337942521377
2026_07_15_gym,flight_56,60,0,550,ok,False,33,33,294.3719029728314,814.3626405296616,302.90297543448503,813.1906890626434,8.611194318271497,37.219016580707745,HIT,True,511.61602384650763
2026_07_15_gym,flight_56,60,0,600,ok,False,36,36,307.57835693155727,811.5077479208868,302.90297543448503,813.1906890626434,4.969052528378267,29.68095979412452,HIT,True,511.8427892915666
2026_07_15_gym,flight_56,60,0,650,ok,False,37,37,309.9615780190985,809.3676757495683,302.90297543448503,813.1906890626434,8.027409372858807,12.910926482792506,HIT,True,512.2392027170351
2026_07_15_gym,flight_56,60,0,700,ok,False,37,37,309.9615780190985,809.3676757495683,302.90297543448503,813.1906890626434,8.027409372858807,12.910926482792506,HIT,True,512.2392027170351
2026_07_15_gym,flight_56,60,0,750,ok,False,37,37,309.9615780190985,809.3676757495683,302.90297543448503,813.1906890626434,8.027409372858807,12.910926482792506,HIT,True,512.2392027170351
2026_07_15_gym,flight_56,60,0,800,ok,False,37,37,309.9615780190985,809.3676757495683,302.90297543448503,813.1906890626434,8.027409372858807,12.910926482792506,HIT,True,512.2392027170351
2026_07_15_gym,flight_56,60,0,850,ok,False,37,37,309.9615780190985,809.3676757495683,302.90297543448503,813.1906890626434,8.027409372858807,12.910926482792506,HIT,True,512.2392027170351
2026_07_15_gym,flight_56,60,0,900,ok,False,37,37,309.9615780190985,809.3676757495683,302.90297543448503,813.1906890626434,8.027409372858807,12.910926482792506,HIT,True,512.2392027170351
2026_07_15_gym,flight_56,60,0,950,ok,False,37,37,309.9615780190985,809.3676757495683,302.90297543448503,813.1906890626434,8.027409372858807,12.910926482792506,HIT,True,512.2392027170351
2026_07_15_gym,flight_56,60,0,1000,ok,False,37,37,309.9615780190985,809.3676757495683,302.90297543448503,813.1906890626434,8.027409372858807,12.910926482792506,HIT,True,512.2392027170351
2026_07_15_gym,flight_56,60,0,1050,ok,False,37,37,309.9615780190985,809.3676757495683,302.90297543448503,813.1906890626434,8.027409372858807,12.910926482792506,HIT,True,512.2392027170351
2026_07_15_gym,flight_56,60,0,1100,ok,False,37,37,309.9615780190985,809.3676757495683,302.90297543448503,813.1906890626434,8.027409372858807,12.910926482792506,HIT,True,512.2392027170351
2026_07_15_gym,flight_56,60,0,1150,ok,False,37,37,309.9615780190985,809.3676757495683,302.90297543448503,813.1906890626434,8.027409372858807,12.910926482792506,HIT,True,512.2392027170351
2026_07_15_gym,flight_56,60,0,1200,ok,False,37,37,309.9615780190985,809.3676757495683,302.90297543448503,813.1906890626434,8.027409372858807,12.910926482792506,HIT,True,512.2392027170351
2026_07_15_gym,flight_56,60,0,1250,ok,False,37,37,309.9615780190985,809.3676757495683,302.90297543448503,813.1906890626434,8.027409372858807,12.910926482792506,HIT,True,512.2392027170351
2026_07_15_gym,flight_60,60,0,150,ok,True,10,10,516.5959370926981,840.8299616901024,382.5730973882986,758.5657290363598,157.2562416457301,364.7460705485607,HIT,True,553.1028671304249
2026_07_15_gym,flight_60,60,0,200,ok,True,13,13,445.47938535332537,807.2088944813546,382.5730973882986,758.5657290363598,79.51954860314541,225.5678119813665,HIT,True,557.3171892951942
2026_07_15_gym,flight_60,60,0,250,ok,True,16,16,410.0593370586558,774.6861598920719,382.5730973882986,758.5657290363598,31.864740108623394,107.61507175583625,HIT,True,562.9026849161366
2026_07_15_gym,flight_60,60,0,300,ok,True,19,19,396.4716782211016,769.1817539147041,382.5730973882986,758.5657290363598,17.489154736109604,80.455459369802,HIT,True,564.6938499290774
2026_07_15_gym,flight_60,60,0,350,ok,True,22,22,398.2932745292523,769.1854358375754,382.5730973882986,758.5657290363598,18.971086998028,62.829196016747694,HIT,True,566.1158996262876
2026_07_15_gym,flight_60,60,0,400,ok,True,25,25,372.54641385011723,772.292716824797,382.5730973882986,758.5657290363598,16.99895810097612,85.69568735567665,HIT,True,566.4721874984282
2026_07_15_gym,flight_60,60,0,450,ok,True,28,28,374.0523032480726,769.742711388827,382.5730973882986,758.5657290363598,14.054496337025894,77.06180624402774,HIT,True,567.0547365317368
2026_07_15_gym,flight_60,60,0,490,ok,True,30,30,369.2873988824477,770.0748003088057,382.5730973882986,758.5657290363598,17.577500002634306,74.09720924626829,HIT,True,567.0382804276231
2026_07_15_gym,flight_60,60,0,500,ok,True,31,31,336.51414073167945,776.4398245613744,382.5730973882986,758.5657290363598,49.405574373077265,144.3117729832567,HIT,True,566.0501794735219
2026_07_15_gym,flight_60,60,0,550,ok,True,34,34,330.19020908791794,774.7202220464261,382.5730973882986,758.5657290363598,54.81728405441516,148.54398732397925,HIT,True,566.004151561593
2026_07_15_gym,flight_60,60,0,600,ok,False,37,37,381.2783257206324,758.6844252691538,382.5730973882986,758.5657290363598,1.3002009333447944,44.41291469022078,HIT,True,570.0921765189516
2026_07_15_gym,flight_60,60,0,650,ok,False,40,40,386.14633443755605,752.6977789595106,382.5730973882986,758.5657290363598,6.870288284677753,26.890886904070705,HIT,True,570.8632564188387
2026_07_15_gym,flight_60,60,0,700,ok,False,41,41,360.96219082390917,756.8853291600292,382.5730973882986,758.5657290363598,21.676139561258193,85.21848580236316,HIT,True,569.4672644415684
2026_07_15_gym,flight_60,60,0,750,ok,False,41,41,360.96219082390917,756.8853291600292,382.5730973882986,758.5657290363598,21.676139561258193,85.21848580236316,HIT,True,569.4672644415684
2026_07_15_gym,flight_60,60,0,800,ok,False,41,41,360.96219082390917,756.8853291600292,382.5730973882986,758.5657290363598,21.676139561258193,85.21848580236316,HIT,True,569.4672644415684
2026_07_15_gym,flight_60,60,0,850,ok,False,41,41,360.96219082390917,756.8853291600292,382.5730973882986,758.5657290363598,21.676139561258193,85.21848580236316,HIT,True,569.4672644415684
2026_07_15_gym,flight_60,60,0,900,ok,False,41,41,360.96219082390917,756.8853291600292,382.5730973882986,758.5657290363598,21.676139561258193,85.21848580236316,HIT,True,569.4672644415684
2026_07_15_gym,flight_60,60,0,950,ok,False,41,41,360.96219082390917,756.8853291600292,382.5730973882986,758.5657290363598,21.676139561258193,85.21848580236316,HIT,True,569.4672644415684
2026_07_15_gym,flight_60,60,0,1000,ok,False,41,41,360.96219082390917,756.8853291600292,382.5730973882986,758.5657290363598,21.676139561258193,85.21848580236316,HIT,True,569.4672644415684
2026_07_15_gym,flight_60,60,0,1050,ok,False,41,41,360.96219082390917,756.8853291600292,382.5730973882986,758.5657290363598,21.676139561258193,85.21848580236316,HIT,True,569.4672644415684
2026_07_15_gym,flight_60,60,0,1100,ok,False,41,41,360.96219082390917,756.8853291600292,382.5730973882986,758.5657290363598,21.676139561258193,85.21848580236316,HIT,True,569.4672644415684
2026_07_15_gym,flight_60,60,0,1150,ok,False,41,41,360.96219082390917,756.8853291600292,382.5730973882986,758.5657290363598,21.676139561258193,85.21848580236316,HIT,True,569.4672644415684
2026_07_15_gym,flight_60,60,0,1200,ok,False,41,41,360.96219082390917,756.8853291600292,382.5730973882986,758.5657290363598,21.676139561258193,85.21848580236316,HIT,True,569.4672644415684
2026_07_15_gym,flight_60,60,0,1250,ok,False,41,41,360.96219082390917,756.8853291600292,382.5730973882986,758.5657290363598,21.676139561258193,85.21848580236316,HIT,True,569.4672644415684
2026_07_21_gym,flight_1,60,0,150,fit_failed,True,10,10,,,,,,,,,
2026_07_21_gym,flight_1,60,0,200,ok,True,13,13,-266.14055904521916,1657.0246609949506,209.69952973324772,2114.6982101773515,660.2188029054571,732.2417092948181,MISS_HIGH_WIDE,True,1285.3719482608926
2026_07_21_gym,flight_1,60,0,250,ok,True,16,16,-0.6468054393521883,1810.1351497849157,209.69952973324772,2114.6982101773515,370.1408360018524,429.1361696819524,MISS_HIGH_WIDE,True,1251.41593902603
2026_07_21_gym,flight_1,60,0,300,ok,True,19,19,-16.094952342845428,1948.6104605300045,209.69952973324772,2114.6982101773515,280.3003544752146,282.44403742989687,MISS_HIGH_WIDE,True,1236.960604047303
2026_07_21_gym,flight_1,60,0,350,ok,True,21,21,372.80664639819486,1936.6604497666501,209.69952973324772,2114.6982101773515,241.4567779931037,172.69189814871157,HIT,False,1210.1652625197266
2026_07_21_gym,flight_1,60,0,400,ok,True,24,24,274.15256826377055,1947.890803485192,209.69952973324772,2114.6982101773515,178.82646645052446,128.39662638884238,HIT,False,1212.9281940457574
2026_07_21_gym,flight_1,60,0,450,ok,True,26,26,104.04452591630329,1982.2657362333318,209.69952973324772,2114.6982101773515,169.4146982598971,152.1076802198951,HIT,False,1218.7103526968633
2026_07_21_gym,flight_1,60,0,490,ok,True,28,28,129.42038586662173,2044.840857151917,209.69952973324772,2114.6982101773515,106.41799994210861,88.10140086824718,MISS_HIGH_WIDE,True,1213.665484602082
2026_07_21_gym,flight_1,60,0,500,ok,True,29,29,308.258633513048,2019.104280335177,209.69952973324772,2114.6982101773515,137.30293646003355,78.72546811673323,MISS_HIGH_WIDE,True,1207.2861373211078
2026_07_21_gym,flight_1,60,0,550,ok,True,32,32,235.17650215684188,2062.66608402777,209.69952973324772,2114.6982101773515,57.934603438001865,39.63546201382095,MISS_HIGH_WIDE,True,1206.572349485485
2026_07_21_gym,flight_1,60,0,600,ok,True,35,35,180.72151223016095,2087.8475306074665,209.69952973324772,2114.6982101773515,39.50549951302781,24.683878389929117,MISS_HIGH_WIDE,True,1209.8169036891172
2026_07_21_gym,flight_1,60,0,650,ok,True,38,38,179.74925255689817,2071.509169474879,209.69952973324772,2114.6982101773515,52.55770485609121,46.83332807281801,MISS_HIGH_WIDE,True,1211.9912800609075
2026_07_21_gym,flight_1,60,0,700,ok,True,41,41,159.1538192518604,2075.6376092266287,209.69952973324772,2114.6982101773515,63.879569462386286,55.40572571145495,MISS_HIGH_WIDE,True,1213.8219345983018
2026_07_21_gym,flight_1,60,0,750,ok,True,44,44,145.1092085724313,2077.3748754897233,209.69952973324772,2114.6982101773515,74.59853148596237,79.63728130379846,MISS_HIGH_WIDE,True,1216.2090192028297
2026_07_21_gym,flight_1,60,0,800,ok,True,47,47,209.864358204303,2107.9570381660938,209.69952973324772,2114.6982101773515,6.743186821543285,25.466026634879935,MISS_HIGH_WIDE,True,1209.373500289992
2026_07_21_gym,flight_1,60,0,850,ok,True,49,49,182.42101643569566,2122.8741488021597,209.69952973324772,2114.6982101773515,28.477416668675446,39.734294956159495,MISS_HIGH_WIDE,True,1209.4657781497
2026_07_21_gym,flight_1,60,0,900,ok,True,52,52,248.79066425346093,2164.8215210557014,209.69952973324772,2114.6982101773515,63.564637114398096,138.31736708532793,MISS_HIGH_WIDE,True,1200.9494637250275
2026_07_21_gym,flight_1,60,0,950,ok,True,55,55,171.00634533497708,2119.87176309231,209.69952973324772,2114.6982101773515,39.03752257306361,41.486318591671925,MISS_HIGH_WIDE,True,1210.8437934681328
2026_07_21_gym,flight_1,60,0,1000,ok,True,58,58,237.8081124438205,2128.36572854624,209.69952973324772,2114.6982101773515,31.255295237143688,68.96125995883266,MISS_HIGH_WIDE,True,1207.939383914274
2026_07_21_gym,flight_1,60,0,1050,ok,True,61,61,214.15920722363762,2108.5839205415373,209.69952973324772,2114.6982101773515,7.567909953805964,13.023140947959558,MISS_HIGH_WIDE,True,1211.2255524047694
2026_07_21_gym,flight_1,60,0,1100,ok,True,64,64,248.92538217940762,2083.880260361357,209.69952973324772,2114.6982101773515,49.88400075163432,38.86231517335049,MISS_HIGH_WIDE,True,1213.797566686672
2026_07_21_gym,flight_1,60,0,1150,ok,True,67,67,197.5131191622314,2122.8122322354407,209.69952973324772,2114.6982101773515,14.640558615180506,32.862134512665286,MISS_HIGH_WIDE,True,1209.9675225486783
2026_07_21_gym,flight_1,60,0,1200,ok,True,70,70,216.5532216779509,2098.98437828343,209.69952973324772,2114.6982101773515,17.14344207162938,4.825659820802861,MISS_HIGH_WIDE,True,1213.1139617232716
2026_07_21_gym,flight_1,60,0,1250,ok,False,71,71,174.87450686314264,2137.905303600134,209.69952973324772,2114.6982101773515,41.849150565299475,53.81712479541473,MISS_HIGH_WIDE,True,1209.2786121237862
2026_07_21_gym,flight_100,60,0,150,fit_failed,True,10,10,,,,,,,,,
2026_07_21_gym,flight_100,60,0,200,ok,True,13,13,282.3230958986368,1370.3388061604185,493.64828246950776,1974.0513495935859,639.6304945652274,855.3421132561799,HIT,True,1200.6762380211837
2026_07_21_gym,flight_100,60,0,250,ok,True,16,16,349.2193316427228,1515.1907927110371,493.64828246950776,1974.0513495935859,481.0537729812423,680.5253417902123,HIT,True,1185.6182098489592
2026_07_21_gym,flight_100,60,0,300,ok,True,18,18,443.668079597583,1564.17606439593,493.64828246950776,1974.0513495935859,412.911334422995,578.8260696722538,HIT,True,1172.8328047476505
2026_07_21_gym,flight_100,60,0,350,ok,True,21,21,630.0503025533557,1744.4454681292564,493.64828246950776,1974.0513495935859,267.06623127225606,342.3912865482266,HIT,True,1147.521880945957
2026_07_21_gym,flight_100,60,0,400,ok,True,24,24,463.29501663050064,1699.8440506061922,493.64828246950776,1974.0513495935859,275.882155213155,415.35957602183066,HIT,True,1159.67471345099
2026_07_21_gym,flight_100,60,0,450,ok,True,26,26,491.5520532126802,1717.6767252972347,493.64828246950776,1974.0513495935859,256.38319398937284,383.58916800608085,HIT,True,1156.2072454621587
2026_07_21_gym,flight_100,60,0,490,ok,True,28,28,496.99012599803734,1763.9056774147436,493.64828246950776,1974.0513495935859,210.17224234819068,319.2836250007972,HIT,True,1150.5996681907686
2026_07_21_gym,flight_100,60,0,500,ok,True,29,29,472.5882018336407,1799.3087084671217,493.64828246950776,1974.0513495935859,176.00715219627145,286.1904814732076,HIT,True,1149.2096620921516
2026_07_21_gym,flight_100,60,0,550,ok,True,32,32,505.0699617593758,1816.1966187670869,493.64828246950776,1974.0513495935859,158.26740284122647,238.47778859507207,HIT,True,1142.5176533171104
2026_07_21_gym,flight_100,60,0,600,ok,True,34,34,496.8886697486506,1876.7818462092707,493.64828246950776,1974.0513495935859,97.32346273304361,157.20821493940545,HIT,True,1136.1411927650474
2026_07_21_gym,flight_100,60,0,650,ok,True,37,37,534.8494812350355,1874.1450582127684,493.64828246950776,1974.0513495935859,108.06852380404447,153.18040119967384,HIT,True,1132.778880962585
2026_07_21_gym,flight_100,60,0,700,ok,True,40,40,515.1897794237389,1887.955138284784,493.64828246950776,1974.0513495935859,88.75017573367964,134.12314341952376,HIT,True,1132.8907947337946
2026_07_21_gym,flight_100,60,0,750,ok,True,42,42,512.8672413701493,1869.5146053013325,493.64828246950776,1974.0513495935859,106.28875428966377,153.7576186459943,HIT,True,1134.889585187467
2026_07_21_gym,flight_100,60,0,800,ok,True,44,44,509.6372314332306,1913.9650277602634,493.64828246950776,1974.0513495935859,62.177267231860064,94.98395820440454,HIT,True,1129.7225841180546
2026_07_21_gym,flight_100,60,0,850,ok,True,47,47,486.2510563313409,1934.0299886773648,493.64828246950776,1974.0513495935859,40.69924181266286,63.222455319439405,HIT,True,1127.1128441389797
2026_07_21_gym,flight_100,60,0,900,ok,True,50,50,469.86694978140395,1953.4046347604499,493.64828246950776,1974.0513495935859,31.49346944722212,42.76019333529618,HIT,True,1125.8911308059512
2026_07_21_gym,flight_100,60,0,950,ok,True,53,53,505.2680769369284,1929.006057303241,493.64828246950776,1974.0513495935859,46.519866519452734,65.43549746812184,HIT,True,1126.5049165859689
2026_07_21_gym,flight_100,60,0,1000,ok,True,56,56,489.90352479304187,1945.7478361601584,493.64828246950776,1974.0513495935859,28.550167823178572,44.42771286368082,HIT,True,1124.8149394054105
2026_07_21_gym,flight_100,60,0,1050,ok,True,58,58,511.77534947986476,1938.2389354178665,493.64828246950776,1974.0513495935859,40.13875393545792,57.74427461848191,HIT,True,1124.69888532555
2026_07_21_gym,flight_100,60,0,1100,ok,True,60,60,476.79799794652934,1952.674004349089,493.64828246950776,1974.0513495935859,27.219900407748334,36.07182266308179,HIT,True,1124.8771547780004
2026_07_21_gym,flight_100,60,0,1150,ok,False,63,63,477.7504509120902,1953.292748491066,493.64828246950776,1974.0513495935859,26.146903601794996,33.89414571451918,HIT,True,1124.095052720925
2026_07_21_gym,flight_100,60,0,1200,ok,False,66,66,508.3355093121157,1944.5332114435976,493.64828246950776,1974.0513495935859,32.97021553111259,41.4706925837322,HIT,True,1125.249861285758
2026_07_21_gym,flight_100,60,0,1250,ok,False,69,69,499.8453700268972,1959.534413768756,493.64828246950776,1974.0513495935859,15.784337804804558,25.17844925100878,HIT,True,1123.4195306287452
2026_07_21_gym,flight_103,60,0,150,fit_failed,True,10,10,,,,,,,,,
2026_07_21_gym,flight_103,60,0,200,ok,True,13,13,1251.0547221757804,553.6717789577419,1392.683033523964,954.156121070473,424.78969720651776,532.3464433272662,HIT,True,1201.468015854917
2026_07_21_gym,flight_103,60,0,250,ok,True,16,16,1291.9478549292855,554.0732262993725,1392.683033523964,954.156121070473,412.5698715307811,545.1829161944355,HIT,True,1206.3131561267162
2026_07_21_gym,flight_103,60,0,300,ok,True,19,19,1115.325280199838,562.1316770217662,1392.683033523964,954.156121070473,480.2192083420907,594.1287125417973,HIT,True,1210.1126204469142
2026_07_21_gym,flight_103,60,0,350,ok,True,22,22,1125.6126809258583,609.7061786919479,1392.683033523964,954.156121070473,435.8581604621459,547.9936666734372,HIT,True,1204.1853949631616
2026_07_21_gym,flight_103,60,0,400,ok,True,25,25,1302.627459489606,678.868494073127,1392.683033523964,954.156121070473,289.6433738107738,372.2279392127769,HIT,True,1186.2868365188622
2026_07_21_gym,flight_103,60,0,450,ok,True,28,28,1570.0756295506794,868.2467125220162,1392.683033523964,954.156121070473,197.10037950811537,205.54884871487306,HIT,True,1155.7382246994096
2026_07_21_gym,flight_103,60,0,490,ok,True,30,30,1492.9353055287997,845.1796477813677,1392.683033523964,954.156121070473,148.07562180407226,156.3889321097952,HIT,True,1161.8322048857247
2026_07_21_gym,flight_103,60,0,500,ok,True,31,31,1416.0933838777842,850.3360847587759,1392.683033523964,954.156121070473,106.42670925783015,132.78544466168083,HIT,True,1164.402220246355
2026_07_21_gym,flight_103,60,0,550,ok,True,34,34,1344.93998620949,796.3091065507433,1392.683033523964,954.156121070473,164.90930404214268,234.05021146883308,HIT,True,1173.4424938952627
2026_07_21_gym,flight_103,60,0,600,ok,True,37,37,1313.4039287182059,803.1138234907509,1392.683033523964,954.156121070473,170.58414966509554,247.76273942934918,HIT,True,1175.1542150803202
2026_07_21_gym,flight_103,60,0,650,ok,True,38,38,1341.570310357113,797.5468063376329,1392.683033523964,954.156121070473,164.73915117731096,236.69751669544615,HIT,True,1173.8038886092481
2026_07_21_gym,flight_103,60,0,700,ok,True,40,40,1400.747294074896,906.6127850207439,1392.683033523964,954.156121070473,48.22241284891068,80.80669479463813,HIT,True,1160.4276595806443
2026_07_21_gym,flight_103,60,0,750,ok,True,42,42,1285.655381154267,874.3306594300243,1392.683033523964,954.156121070473,133.51787407639273,199.2910890587216,HIT,True,1167.5546778357475
2026_07_21_gym,flight_103,60,0,800,ok,True,45,45,1282.7131134489202,866.1103988997618,1392.683033523964,954.156121070473,140.87381770177728,222.1842172200441,HIT,True,1167.550447924613
2026_07_21_gym,flight_103,60,0,850,ok,True,48,48,1351.0059333701251,876.609049210754,1392.683033523964,954.156121070473,88.03708895260864,136.9031200020281,HIT,True,1163.6642394481712
2026_07_21_gym,flight_103,60,0,900,ok,True,51,51,1349.99307987841,895.2692352301428,1392.683033523964,954.156121070473,72.7330562140188,113.75246188964624,HIT,True,1160.2635948091747
2026_07_21_gym,flight_103,60,0,950,ok,True,53,53,1343.8992787415361,911.4781293800484,1392.683033523964,954.156121070473,64.81717137765276,103.35445442254864,HIT,True,1158.626215748616
2026_07_21_gym,flight_103,60,0,1000,ok,True,56,56,1376.0547927116236,938.5373333505365,1392.683033523964,954.156121070473,22.813261984065797,19.434894875970077,HIT,True,1153.6297012135203
2026_07_21_gym,flight_103,60,0,1050,ok,True,58,58,1381.8418466131993,916.8303627690534,1392.683033523964,954.156121070473,38.86828484008688,63.53789737906103,HIT,True,1156.8383831668825
2026_07_21_gym,flight_103,60,0,1100,ok,True,61,61,1394.393667139091,928.6144375913929,1392.683033523964,954.156121070473,25.598903537275117,42.3014806234927,HIT,True,1155.730723172094
2026_07_21_gym,flight_103,60,0,1150,ok,True,64,64,1408.932977809621,950.3577712484397,1392.683033523964,954.156121070473,16.687964245452342,22.261481250954375,HIT,True,1152.5659430621708
2026_07_21_gym,flight_103,60,0,1200,ok,False,65,65,1417.040069907611,946.0713813112255,1392.683033523964,954.156121070473,25.663753395968044,33.750977158474356,HIT,True,1153.2546628056618
2026_07_21_gym,flight_103,60,0,1250,ok,False,68,68,1398.4529875298838,936.2173667303573,1392.683033523964,954.156121070473,18.84386575269121,43.397936675770616,HIT,True,1154.463263771232
2026_07_21_gym,flight_104,60,0,150,fit_failed,True,9,9,,,,,,,,,
2026_07_21_gym,flight_104,60,0,200,ok,True,12,12,225.1327333566063,-539.5514483435293,283.01065187392584,357.9684148874173,899.3840994513938,800.7787492642155,MISS_HIGH_WIDE,False,1472.23172173758
2026_07_21_gym,flight_104,60,0,250,ok,True,15,15,26.661188896435927,-608.2374922797343,283.01065187392584,357.9684148874173,999.6343842693416,912.9038293187634,MISS_HIGH_WIDE,False,1491.6286219452136
2026_07_21_gym,flight_104,60,0,300,ok,True,18,18,-7.531176069895781,-482.59728955748716,283.01065187392584,357.9684148874173,889.3622756075814,830.5111759626227,MISS_HIGH_WIDE,False,1483.346824946623
2026_07_21_gym,flight_104,60,0,350,ok,True,21,21,149.50639307693535,-342.41318510799846,283.01065187392584,357.9684148874173,712.9921266950095,676.0907149668092,MISS_HIGH_WIDE,False,1461.6879363254477
2026_07_21_gym,flight_104,60,0,400,ok,True,24,24,517.41901560018,141.7324777543573,283.01065187392584,357.9684148874173,318.91262360187716,214.98214627252733,HIT,True,1388.2135291697302
2026_07_21_gym,flight_104,60,0,450,ok,True,27,27,445.9958947522761,136.30267851570719,283.01065187392584,357.9684148874173,275.1361264489404,213.09333173738517,HIT,True,1396.5247899253393
2026_07_21_gym,flight_104,60,0,490,ok,True,29,29,159.6534033873871,-182.7690960953775,283.01065187392584,357.9684148874173,554.6296661178861,543.6041387320927,MISS_HIGH_WIDE,False,1445.8967566082456
2026_07_21_gym,flight_104,60,0,500,ok,True,30,30,199.82052383999064,-152.5025038917666,283.01065187392584,357.9684148874173,517.2051394964735,505.71155675330044,MISS_HIGH_WIDE,False,1440.843655410166
2026_07_21_gym,flight_104,60,0,550,ok,True,31,31,584.761387252411,236.15314295673582,283.01065187392584,357.9684148874173,325.41122718339403,218.97008323565822,HIT,True,1381.3702482817878
2026_07_21_gym,flight_104,60,0,600,ok,True,34,34,276.96185156398786,43.319002217711024,283.01065187392584,357.9684148874173,314.7075481754141,293.9061664041388,HIT,True,1410.7909092925297
2026_07_21_gym,flight_104,60,0,650,ok,True,37,37,490.75025307219965,326.5229439724481,283.01065187392584,357.9684148874173,210.10606737331986,160.79399063227493,HIT,True,1371.3047384159622
2026_07_21_gym,flight_104,60,0,700,ok,True,40,40,333.83395739557665,340.0485830796496,283.01065187392584,357.9684148874173,53.88996897536447,46.14889448819461,HIT,True,1378.1739440318695
2026_07_21_gym,flight_104,60,0,750,ok,True,43,43,353.2378975335037,336.9213787923483,283.01065187392584,357.9684148874173,73.31332594636417,74.44951374028557,HIT,True,1377.3959296880223
2026_07_21_gym,flight_104,60,0,800,ok,True,46,46,315.7291732326661,291.5021318660918,283.01065187392584,357.9684148874173,74.08284834273908,60.39755099391575,HIT,True,1384.7814807220252
2026_07_21_gym,flight_104,60,0,850,ok,True,49,49,303.13998478441283,295.8932890865134,283.01065187392584,357.9684148874173,65.25726999054787,54.51364676958257,HIT,True,1385.0847163130857
2026_07_21_gym,flight_104,60,0,900,ok,True,52,52,321.5206748127372,332.6261018620857,283.01065187392584,357.9684148874173,46.100484772089615,29.11305937796307,HIT,True,1380.1204754420728
2026_07_21_gym,flight_104,60,0,950,ok,True,55,55,301.90184496299185,349.20875723869466,283.01065187392584,357.9684148874173,20.82327492137584,21.770252587957273,HIT,True,1379.6303766538608
2026_07_21_gym,flight_104,60,0,1000,ok,True,58,58,286.7719244864543,337.535252378157,283.01065187392584,357.9684148874173,20.77646028070221,16.858281555084872,HIT,True,1381.78564746216
2026_07_21_gym,flight_104,60,0,1050,ok,True,61,61,311.8434657943527,342.09009202106427,283.01065187392584,357.9684148874173,32.91583654744492,14.926849961804244,HIT,True,1379.9491704234324
2026_07_21_gym,flight_104,60,0,1100,ok,True,64,64,286.3200168460757,313.3426486986538,283.01065187392584,357.9684148874173,44.74830616294964,41.855145229492514,HIT,True,1384.4784503014807
2026_07_21_gym,flight_104,60,0,1150,ok,True,67,67,293.2525066511081,339.7206338141153,283.01065187392584,357.9684148874173,20.925513216550986,7.676514008538087,HIT,True,1381.3808572254181
2026_07_21_gym,flight_104,60,0,1200,ok,True,70,70,251.0016641663482,324.41656342967974,283.01065187392584,357.9684148874173,46.371349239653796,62.75082518328927,HIT,True,1384.4320381390792
2026_07_21_gym,flight_104,60,0,1250,ok,True,73,73,318.6228305948495,359.71929848530897,283.01065187392584,357.9684148874173,35.65519410442713,49.94077177742586,HIT,True,1378.899542192807
2026_07_21_gym,flight_106,60,0,150,fit_failed,True,10,10,,,,,,,,,
2026_07_21_gym,flight_106,60,0,200,fit_failed,True,13,13,,,,,,,,,
2026_07_21_gym,flight_106,60,0,250,fit_failed,True,16,16,,,,,,,,,
2026_07_21_gym,flight_106,60,0,300,ok,True,19,19,1252.0637133015784,1118.9214507132706,601.2461852677189,1439.2491321391703,725.37802440093,500.45422263762396,HIT,True,1289.7592498918139
2026_07_21_gym,flight_106,60,0,350,ok,True,22,22,338.5401437080604,910.3382789681602,601.2461852677189,1439.2491321391703,590.5600349448232,650.0893937112148,HIT,True,1359.8083857748757
2026_07_21_gym,flight_106,60,0,400,ok,True,25,25,591.5093144068649,1124.5035838424444,601.2461852677189,1439.2491321391703,314.89612069183636,357.44878161127866,HIT,True,1330.593930807226
2026_07_21_gym,flight_106,60,0,450,ok,True,28,28,623.5170476640282,1161.9897495596144,601.2461852677189,1439.2491321391703,278.1523980487529,305.95178733269347,HIT,True,1323.4244632392094
2026_07_21_gym,flight_106,60,0,490,ok,True,30,30,343.082119965601,1057.1251438516163,601.2461852677189,1439.2491321391703,461.1587872285456,533.6368875571707,HIT,True,1350.1948291108329
2026_07_21_gym,flight_106,60,0,500,ok,True,31,31,363.649082393452,1022.3264138562529,601.2461852677189,1439.2491321391703,479.87179153880464,558.1867647216926,HIT,True,1352.1163820099862
2026_07_21_gym,flight_106,60,0,550,ok,True,34,34,428.7683184697904,1051.6459529330157,601.2461852677189,1439.2491321391703,424.24620100347676,499.92629245531333,HIT,True,1345.4464817283363
2026_07_21_gym,flight_106,60,0,600,ok,True,36,36,440.0832891285319,1095.2597566199454,601.2461852677189,1439.2491321391703,379.87125392963964,450.2549147327774,HIT,True,1340.3528733619528
2026_07_21_gym,flight_106,60,0,650,ok,True,39,39,390.9370484418974,1097.0642352233756,601.2461852677189,1439.2491321391703,401.6471544897277,475.23257593903736,HIT,True,1342.8962721634007
2026_07_21_gym,flight_106,60,0,700,ok,True,42,42,647.9962087988348,1282.6629539857704,601.2461852677189,1439.2491321391703,163.41602090629974,169.60611239326377,HIT,True,1309.0676440423085
2026_07_21_gym,flight_106,60,0,750,ok,True,45,45,605.6457077876356,1312.3017389792428,601.2461852677189,1439.2491321391703,127.02360579240563,142.3119255640769,HIT,True,1307.248931640573
2026_07_21_gym,flight_106,60,0,800,ok,True,48,48,639.5821202165328,1335.2420428437658,601.2461852677189,1439.2491321391703,110.84727570897687,122.23911309953257,HIT,True,1303.8327373331997
2026_07_21_gym,flight_106,60,0,850,ok,True,50,50,635.8151697686113,1344.4224062169897,601.2461852677189,1439.2491321391703,100.9312768102302,105.93533312304329,HIT,True,1301.8912277609506
2026_07_21_gym,flight_106,60,0,900,ok,True,53,53,484.9607483049777,1326.2714605646356,601.2461852677189,1439.2491321391703,162.13037076383654,195.79449067618114,HIT,True,1312.1828492336012
2026_07_21_gym,flight_106,60,0,950,ok,True,55,55,597.5972682152284,1389.6861514719653,601.2461852677189,1439.2491321391703,49.697119114428496,53.4988933953459,HIT,True,1299.2766858167108
2026_07_21_gym,flight_106,60,0,1000,ok,True,58,58,568.7229808131572,1422.5396917562564,601.2461852677189,1439.2491321391703,36.56452140946716,27.194482584007453,HIT,True,1296.894875695118
2026_07_21_gym,flight_106,60,0,1050,ok,True,61,61,561.5144781894388,1411.3038501745673,601.2461852677189,1439.2491321391703,48.57517196506281,57.757313608079805,HIT,True,1298.9359644068404
2026_07_21_gym,flight_106,60,0,1100,ok,True,64,64,587.3614954570482,1434.2744966079208,601.2461852677189,1439.2491321391703,14.748952837653015,11.471848329766173,HIT,True,1295.0237498609567
2026_07_21_gym,flight_106,60,0,1150,ok,True,67,67,584.2598884616103,1459.3778324835143,601.2461852677189,1439.2491321391703,26.338163503509687,24.32032900753745,HIT,True,1292.0283168766637
2026_07_21_gym,flight_106,60,0,1200,ok,True,70,70,610.1571278185245,1435.3518827435892,601.2461852677189,1439.2491321391703,9.72591640901333,18.000023482382964,HIT,True,1293.9313559150805
2026_07_21_gym,flight_106,60,0,1250,ok,True,73,73,604.1142150980437,1435.2576696565422,601.2461852677189,1439.2491321391703,4.915014532822898,24.06632575664572,HIT,True,1294.0126611294718
2026_07_21_gym,flight_107,60,0,150,ok,True,10,10,-145.7107451700725,-769.0480628117535,483.4546978258169,474.03899689440937,1393.23888571527,1402.1537417054462,MISS_HIGH_WIDE,False,1431.9278736215645
2026_07_21_gym,flight_107,60,0,200,ok,True,13,13,-325.58962297979684,-715.5996260707783,483.4546978258169,474.03899689440937,1438.6774364944786,1393.8898854218683,MISS_HIGH_WIDE,False,1427.4671880882863
2026_07_21_gym,flight_107,60,0,250,ok,True,16,16,440.83478016292753,-252.55778476145386,483.4546978258169,474.03899689440937,727.8456845336445,781.1349596537729,MISS_HIGH_WIDE,False,1342.2381140643777
2026_07_21_gym,flight_107,60,0,300,ok,True,19,19,-445.5163407698513,-493.12473458671417,483.4546978258169,474.03899689440937,1341.041712267745,1261.5850117769521,MISS_HIGH_WIDE,False,1406.2406254134944
2026_07_21_gym,flight_107,60,0,350,ok,True,22,22,383.54186305873816,-18.843678809121943,483.4546978258169,474.03899689440937,502.90745327531783,537.0774486014931,MISS_HIGH_WIDE,False,1309.409322251818
2026_07_21_gym,flight_107,60,0,400,ok,True,25,25,437.63062963663003,208.41998431585696,483.4546978258169,474.03899689440937,269.5427703883234,284.2534299850252,HIT,True,1280.3332424329626
2026_07_21_gym,flight_107,60,0,450,ok,True,28,28,431.55451329081274,165.32633838546997,483.4546978258169,474.03899689440937,313.044940349504,334.8443254888193,HIT,True,1286.33908149936
2026_07_21_gym,flight_107,60,0,490,ok,True,30,30,506.61749630227877,231.80585445041814,483.4546978258169,474.03899689440937,243.33805812398546,250.41419594591133,HIT,True,1274.7117457218228
2026_07_21_gym,flight_107,60,0,500,ok,True,31,31,524.5186738179349,331.078542976523,483.4546978258169,474.03899689440937,148.74118968426114,151.9474432501643,HIT,True,1262.278284514367
2026_07_21_gym,flight_107,60,0,550,ok,True,34,34,508.7880162543323,245.83039045514738,483.4546978258169,474.03899689440937,229.6104202242366,239.91039583661504,HIT,True,1274.3529510419908
2026_07_21_gym,flight_107,60,0,600,ok,True,37,37,572.6245375248069,311.7057835631747,483.4546978258169,474.03899689440937,185.21158835879498,196.3435288783168,HIT,True,1264.5361277849645
2026_07_21_gym,flight_107,60,0,650,ok,True,40,40,370.6664409122094,161.31668294293695,483.4546978258169,474.03899689440937,332.4401247454543,371.30994038198554,HIT,True,1293.059479738382
2026_07_21_gym,flight_107,60,0,700,ok,True,43,43,296.1531958311871,177.853488891176,483.4546978258169,474.03899689440937,350.43930687150055,389.8578321773404,HIT,True,1294.4422751045263
2026_07_21_gym,flight_107,60,0,750,ok,True,46,46,364.75714338244745,283.94656095984334,483.4546978258169,474.03899689440937,224.1076608025119,251.30318812568936,HIT,True,1280.094073337736
2026_07_21_gym,flight_107,60,0,800,ok,True,49,49,490.510077733247,277.2078854252266,483.4546978258169,474.03899689440937,196.95752036373736,219.35359677135733,HIT,True,1275.6281189801914
2026_07_21_gym,flight_107,60,0,850,ok,True,52,52,468.37816213241575,359.31047722530485,483.4546978258169,474.03899689440937,115.7148873480785,132.5468958670101,HIT,True,1267.6758708188756
2026_07_21_gym,flight_107,60,0,900,ok,True,55,55,499.67730626268064,368.2723814720157,483.4546978258169,474.03899689440937,107.00350443982816,120.55941886973044,HIT,True,1265.9397531874415
2026_07_21_gym,flight_107,60,0,950,ok,True,58,58,452.61197187791356,409.2582273590048,483.4546978258169,474.03899689440937,71.74832294553418,79.65416879442678,HIT,True,1262.2716219335348
2026_07_21_gym,flight_107,60,0,1000,ok,True,61,61,511.97857446945955,429.44602055419784,483.4546978258169,474.03899689440937,52.935291419434044,55.877023755710326,HIT,True,1257.7294670761814
2026_07_21_gym,flight_107,60,0,1050,ok,True,64,64,513.975344237226,434.4480439700717,483.4546978258169,474.03899689440937,49.98953301269556,55.190609295732344,HIT,True,1257.2484958754112
2026_07_21_gym,flight_107,60,0,1100,ok,True,67,67,501.2569506745399,441.88978539937546,483.4546978258169,474.03899689440937,36.74904088874003,41.203453289388335,HIT,True,1256.7847159147332
2026_07_21_gym,flight_107,60,0,1150,ok,True,70,70,405.0945318061301,453.02558104054276,483.4546978258169,474.03899689440937,81.12878197335648,76.01131149487156,HIT,True,1258.3049831684705
2026_07_21_gym,flight_107,60,0,1200,ok,True,73,73,530.5031011631011,481.383947651215,483.4546978258169,474.03899689440937,47.61827966451196,87.92213797860721,HIT,True,1253.162032526037
2026_07_21_gym,flight_107,60,0,1250,ok,True,76,76,536.0130707651016,489.763265891961,483.4546978258169,474.03899689440937,54.860142193876044,72.5493979907064,HIT,True,1253.47503167302
2026_07_21_gym,flight_108,60,0,150,fit_failed,True,9,9,,,,,,,,,
2026_07_21_gym,flight_108,60,0,200,fit_failed,True,12,12,,,,,,,,,
2026_07_21_gym,flight_108,60,0,250,fit_failed,True,15,15,,,,,,,,,
2026_07_21_gym,flight_108,60,0,300,ok,True,16,16,370.9328534843951,142.33995141086547,721.0104021445848,468.28421628408967,478.3241096575355,499.57251406106434,HIT,True,1331.2824028276084
2026_07_21_gym,flight_108,60,0,350,ok,True,19,19,860.4739883373904,549.4764960216426,721.0104021445848,468.28421628408967,161.37620073213765,155.6693381615268,HIT,True,1255.3384909455974
2026_07_21_gym,flight_108,60,0,400,ok,True,22,22,732.8778499933336,518.4238316381786,721.0104021445848,468.28421628408967,51.52491966319566,63.127687408586,HIT,True,1268.5314866432507
2026_07_21_gym,flight_108,60,0,450,ok,True,25,25,72.50355473635858,410.58103780159223,721.0104021445848,468.28421628408967,651.0689579010347,535.6942066511322,HIT,True,1317.1015973422045
2026_07_21_gym,flight_108,60,0,490,ok,True,27,27,537.1369375921222,391.7921276282745,721.0104021445848,468.28421628408967,199.14941775826208,223.63460869945186,HIT,True,1292.5771795259316
2026_07_21_gym,flight_108,60,0,500,ok,True,28,28,537.1369366323754,391.7919227415801,721.0104021445848,468.28421628408967,199.149497340222,223.63470774184418,HIT,True,1292.5772101307257
2026_07_21_gym,flight_108,60,0,550,ok,True,30,30,505.30551442920995,445.8348656845295,721.0104021445848,468.28421628408967,216.8699424232054,209.98140805219845,HIT,True,1287.2500004329738
2026_07_21_gym,flight_108,60,0,600,ok,True,33,33,402.2743065167479,368.64786140682094,721.0104021445848,468.28421628408967,333.94625595940823,359.0938333689015,HIT,True,1300.0416391165768
2026_07_21_gym,flight_108,60,0,650,ok,True,36,36,586.2537851844506,460.2348920558701,721.0104021445848,468.28421628408967,134.99680527727799,157.61091560800674,HIT,True,1281.3725031592346
2026_07_21_gym,flight_108,60,0,700,ok,True,39,39,683.199826829677,495.2175265690479,721.0104021445848,468.28421628408967,46.422438632089836,63.49237947946398,HIT,True,1272.0404371689024
2026_07_21_gym,flight_108,60,0,750,ok,True,42,42,513.970232831604,554.3614956489764,721.0104021445848,468.28421628408967,224.220716554043,194.5433566550179,HIT,True,1272.4810452042523
2026_07_21_gym,flight_108,60,0,800,ok,True,45,45,684.9468152638595,481.1021401439865,721.0104021445848,468.28421628408967,38.2737700100438,55.69504141450545,HIT,True,1273.104410385057
2026_07_21_gym,flight_108,60,0,850,ok,True,47,47,728.7215412408825,472.72432460274945,721.0104021445848,468.28421628408967,8.898102496818273,20.701965854056965,HIT,True,1273.60176444079
2026_07_21_gym,flight_108,60,0,900,ok,True,50,50,717.7649472323317,508.11274712410767,721.0104021445848,468.28421628408967,39.96054111822978,52.99366384973483,HIT,True,1268.4805059934513
2026_07_21_gym,flight_108,60,0,950,ok,True,53,53,713.851460097848,475.2145462314495,721.0104021445848,468.28421628408967,9.963931172374117,32.90033776527096,HIT,True,1273.0077690114797
2026_07_21_gym,flight_108,60,0,1000,ok,True,56,56,732.6987064025218,440.42845272877827,721.0104021445848,468.28421628408967,30.20860837038879,52.74344361303876,HIT,True,1277.5372687481383
2026_07_21_gym,flight_108,60,0,1050,ok,True,59,59,693.3379617383121,479.76539975744794,721.0104021445848,468.28421628408967,29.95966508470395,44.97442258748685,HIT,True,1273.0793940161334
2026_07_21_gym,flight_108,60,0,1100,ok,True,62,62,729.4600727773637,468.94610215585476,721.0104021445848,468.28421628408967,8.475554654988056,14.384738951886808,HIT,True,1272.7884825241483
2026_07_21_gym,flight_108,60,0,1150,ok,True,65,65,736.8792057694546,474.10999687712825,721.0104021445848,468.28421628408967,16.90439729783078,37.62626065202369,HIT,True,1272.7392475391775
2026_07_21_gym,flight_108,60,0,1200,ok,True,68,68,664.6525535671834,504.35598428330223,721.0104021445848,468.28421628408967,66.9132239759998,81.37939586522855,HIT,True,1270.097986549857
2026_07_21_gym,flight_108,60,0,1250,ok,True,70,70,693.8421114682054,485.0636021353522,721.0104021445848,468.28421628408967,31.93217511886389,48.97579475829087,HIT,True,1272.42163848194
2026_07_21_gym,flight_109,60,0,150,ok,True,10,10,630.1126741651651,1651.2175054070017,513.9415986051856,1988.5498886558728,356.7756376003352,427.6081706073213,HIT,True,1105.8306223859777
2026_07_21_gym,flight_109,60,0,200,ok,True,13,13,802.1183845078813,1645.3706854165612,513.9415986051856,1988.5498886558728,448.1270193473909,452.4128307461254,HIT,True,1097.8608875860361
2026_07_21_gym,flight_109,60,0,250,ok,True,16,16,737.590702626888,1688.9401169233367,513.9415986051856,1988.5498886558728,373.8782382639201,379.449271439381,HIT,True,1094.4081524893463
2026_07_21_gym,flight_109,60,0,300,ok,True,19,19,642.8812615775341,1755.5936593674487,513.9415986051856,1988.5498886558728,266.2593499798714,292.23075469822413,HIT,True,1094.7369532331109
2026_07_21_gym,flight_109,60,0,350,ok,True,22,22,630.6082254003044,1765.713792732577,513.9415986051856,1988.5498886558728,251.52937692064475,289.28347567194015,HIT,True,1095.7343397008244
2026_07_21_gym,flight_109,60,0,400,ok,True,25,25,462.6725425127166,1807.9662009271058,513.9415986051856,1988.5498886558728,187.720495381654,292.44049672022373,HIT,True,1104.961138033225
2026_07_21_gym,flight_109,60,0,450,ok,True,28,28,527.9350675279496,1850.2215264323588,513.9415986051856,1988.5498886558728,139.03435894746326,197.63869558089638,HIT,True,1094.7073192448454
2026_07_21_gym,flight_109,60,0,490,ok,True,30,30,564.5181990680755,1849.2154123411437,513.9415986051856,1988.5498886558728,148.22985125905842,197.9005964672898,HIT,True,1093.3535642933252
2026_07_21_gym,flight_109,60,0,500,ok,True,31,31,434.064096380308,1880.891512741978,513.9415986051856,1988.5498886558728,134.0549934396433,210.05371952212755,HIT,True,1098.7967149770489
2026_07_21_gym,flight_109,60,0,550,ok,True,34,34,491.99661903472406,1880.117247536831,513.9415986051856,1988.5498886558728,110.63100735507606,177.02680610204558,HIT,True,1095.1350185312526
2026_07_21_gym,flight_109,60,0,600,ok,True,36,36,489.8087502210883,1892.9470660418406,513.9415986051856,1988.5498886558728,98.60169401638056,153.17284499763966,HIT,True,1092.5474866560924
2026_07_21_gym,flight_109,60,0,650,ok,True,39,39,459.3088019630117,1922.404415378044,513.9415986051856,1988.5498886558728,85.79024480728037,130.5694198974808,HIT,True,1090.8775571279623
2026_07_21_gym,flight_109,60,0,700,ok,True,42,42,508.5489069166455,1925.124379079182,513.9415986051856,1988.5498886558728,63.654350901651156,98.13785611081681,HIT,True,1087.7718978113771
2026_07_21_gym,flight_109,60,0,750,ok,True,45,45,513.915752213037,1939.2837639236727,513.9415986051856,1988.5498886558728,49.26613151207107,78.24989148552793,HIT,True,1086.931227212645
2026_07_21_gym,flight_109,60,0,800,ok,True,48,48,520.9033276223663,1945.1158397490842,513.9415986051856,1988.5498886558728,43.98843342682207,68.15242055676352,HIT,True,1085.957450415056
2026_07_21_gym,flight_109,60,0,850,ok,True,51,51,514.0175578189588,1940.8885734075707,513.9415986051856,1988.5498886558728,47.66137577745939,77.40261744196201,HIT,True,1086.688979740619
2026_07_21_gym,flight_109,60,0,900,ok,True,54,54,528.3661974616182,1948.7896262238992,513.9415986051856,1988.5498886558728,42.29595158911084,61.737393093159476,HIT,True,1085.3545532967553
2026_07_21_gym,flight_109,60,0,950,ok,True,57,57,517.5512059901097,1960.9028728264118,513.9415986051856,1988.5498886558728,27.881656151451356,44.2038898723609,HIT,True,1083.913299873684
2026_07_21_gym,flight_109,60,0,1000,ok,True,60,60,504.2126207036033,1976.2188211886657,513.9415986051856,1988.5498886558728,15.706948649890245,25.92444535735541,HIT,True,1081.717786086123
2026_07_21_gym,flight_109,60,0,1050,ok,True,63,63,515.0146595812065,1972.8910137373528,513.9415986051856,1988.5498886558728,15.695598859938888,20.578334746359005,HIT,True,1081.9321395353097
2026_07_21_gym,flight_109,60,0,1100,ok,False,66,66,595.1563124476254,1914.5337872908935,513.9415986051856,1988.5498886558728,109.88272387313786,131.59457673942876,HIT,True,1086.9543096187135
2026_07_21_gym,flight_109,60,0,1150,ok,False,69,69,523.6682106258345,1971.9971979220472,513.9415986051856,1988.5498886558728,19.198920592832962,17.804110038275013,HIT,True,1081.5603614289578
2026_07_21_gym,flight_109,60,0,1200,ok,False,71,71,548.3282241093932,1952.6613943005982,513.9415986051856,1988.5498886558728,49.70336045636346,47.76019243464677,HIT,True,1083.0163989645605
2026_07_21_gym,flight_109,60,0,1250,ok,False,74,74,505.4336905685483,1987.47186111945,513.9415986051856,1988.5498886558728,8.575933915858013,15.174971427993404,HIT,True,1079.6484436047372
2026_07_21_gym,flight_11,60,0,150,ok,True,10,10,1622.42960917451,600.7541340055271,1566.3291176105513,588.2383069222026,57.47965797825769,71.75438604528688,HIT,True,874.4575372205794
2026_07_21_gym,flight_11,60,0,200,ok,True,13,13,1633.6486728143382,640.878320027122,1566.3291176105513,588.2383069222026,85.45696865979856,114.64476608154894,HIT,True,867.7523280113779
2026_07_21_gym,flight_11,60,0,250,ok,True,16,16,1632.8879706133694,625.064647336403,1566.3291176105513,588.2383069222026,76.06747176916896,99.7872191002489,HIT,True,869.1823539482068
2026_07_21_gym,flight_11,60,0,300,ok,True,19,19,1563.0432609440647,585.7341546497069,1566.3291176105513,588.2383069222026,4.131299146338794,66.69915565654539,HIT,True,879.7864638738804
2026_07_21_gym,flight_11,60,0,350,ok,True,22,22,1498.714303877664,593.7445444828986,1566.3291176105513,588.2383069222026,67.83864450449957,113.16623662841927,HIT,True,880.2418096851989
2026_07_21_gym,flight_11,60,0,400,ok,True,25,25,1445.3252878132291,601.3017368491726,1566.3291176105513,588.2383069222026,121.70694321638419,164.48199044085044,HIT,True,879.9751643554673
2026_07_21_gym,flight_11,60,0,450,ok,True,28,28,1419.307794957866,609.1473756882966,1566.3291176105513,588.2383069222026,148.5007019216079,190.48192870640503,HIT,True,878.6418101396558
2026_07_21_gym,flight_11,60,0,490,ok,True,30,30,1434.5087995444442,600.7251937344,1566.3291176105513,588.2383069222026,132.41041725374282,169.62143688067016,HIT,True,877.5745176857174
2026_07_21_gym,flight_11,60,0,500,ok,True,31,31,1447.1402032342878,597.9387439433428,1566.3291176105513,588.2383069222026,119.58300794257258,155.7199315064541,HIT,True,876.7093794280249
2026_07_21_gym,flight_11,60,0,550,ok,True,34,34,1485.7335848729517,588.652546019624,1566.3291176105513,588.2383069222026,80.59659726866462,102.94322513818426,HIT,True,875.6211144222068
2026_07_21_gym,flight_11,60,0,600,ok,True,37,37,1516.8011828274682,611.7026985999267,1566.3291176105513,588.2383069222026,54.805054517653595,47.20914289910723,HIT,True,871.9165016810085
2026_07_21_gym,flight_11,60,0,650,ok,True,40,40,1513.11852662021,597.5405141617999,1566.3291176105513,588.2383069222026,54.017571706527086,63.536497413888895,HIT,True,872.703957709402
2026_07_21_gym,flight_11,60,0,700,ok,True,43,43,1523.968033957667,597.4468889177475,1566.3291176105513,588.2383069222026,43.35042549520508,42.62783659273458,HIT,True,871.0908011485468
2026_07_21_gym,flight_11,60,0,750,ok,True,46,46,1577.1207121400275,582.5268196299121,1566.3291176105513,588.2383069222026,12.209815706169248,20.283433786864254,HIT,True,872.0182462521511
2026_07_21_gym,flight_11,60,0,800,ok,True,49,49,1556.4080087127786,594.6228896931779,1566.3291176105513,588.2383069222026,11.797936214478302,11.731072216790018,HIT,True,870.3473778635665
2026_07_21_gym,flight_11,60,0,850,ok,True,51,51,1563.5027717021653,595.5763480623222,1566.3291176105513,588.2383069222026,7.86352840447197,16.02173031554165,HIT,True,869.6308918067973
2026_07_21_gym,flight_11,60,0,900,ok,False,54,54,1535.178121100542,605.1119333162683,1566.3291176105513,588.2383069222026,35.42744488744733,35.57918768366397,HIT,True,868.7218938436285
2026_07_21_gym,flight_11,60,0,950,ok,False,55,55,1548.0378767681111,606.5923560780925,1566.3291176105513,588.2383069222026,25.912171116542417,35.15719756939194,HIT,True,868.4576110613834
2026_07_21_gym,flight_11,60,0,1000,ok,False,55,55,1548.0378767681111,606.5923560780925,1566.3291176105513,588.2383069222026,25.912171116542417,35.15719756939194,HIT,True,868.4576110613834
2026_07_21_gym,flight_11,60,0,1050,ok,False,55,55,1548.0378767681111,606.5923560780925,1566.3291176105513,588.2383069222026,25.912171116542417,35.15719756939194,HIT,True,868.4576110613834
2026_07_21_gym,flight_11,60,0,1100,ok,False,55,55,1548.0378767681111,606.5923560780925,1566.3291176105513,588.2383069222026,25.912171116542417,35.15719756939194,HIT,True,868.4576110613834
2026_07_21_gym,flight_11,60,0,1150,ok,False,55,55,1548.0378767681111,606.5923560780925,1566.3291176105513,588.2383069222026,25.912171116542417,35.15719756939194,HIT,True,868.4576110613834
2026_07_21_gym,flight_11,60,0,1200,ok,False,55,55,1548.0378767681111,606.5923560780925,1566.3291176105513,588.2383069222026,25.912171116542417,35.15719756939194,HIT,True,868.4576110613834
2026_07_21_gym,flight_11,60,0,1250,ok,False,55,55,1548.0378767681111,606.5923560780925,1566.3291176105513,588.2383069222026,25.912171116542417,35.15719756939194,HIT,True,868.4576110613834
2026_07_21_gym,flight_114,60,0,150,fit_failed,True,8,8,,,,,,,,,
2026_07_21_gym,flight_114,60,0,200,fit_failed,True,11,11,,,,,,,,,
2026_07_21_gym,flight_114,60,0,250,fit_failed,True,14,14,,,,,,,,,
2026_07_21_gym,flight_114,60,0,300,ok,True,17,17,540.1960758546513,805.7194493776448,835.8049668499062,1085.3867339324554,406.9378410589336,478.9945447049821,HIT,True,1243.5924131756012
2026_07_21_gym,flight_114,60,0,350,ok,True,20,20,535.2346729413173,798.862738446308,835.8049668499062,1085.3867339324554,415.25715113606583,488.74452162632815,HIT,True,1240.6346187828744
2026_07_21_gym,flight_114,60,0,400,ok,True,23,23,527.7200953920013,776.6522750891993,835.8049668499062,1085.3867339324554,436.15737308736624,528.6122256363768,HIT,True,1247.404229114986
2026_07_21_gym,flight_114,60,0,450,ok,True,26,26,699.5087090802533,890.5961890102194,835.8049668499062,1085.3867339324554,237.7394083300312,295.7949004630802,HIT,True,1220.1148864165116
2026_07_21_gym,flight_114,60,0,490,ok,True,28,28,762.937760044824,938.5342386076478,835.8049668499062,1085.3867339324554,163.93683298971362,203.68033176511915,HIT,True,1211.2233995273905
2026_07_21_gym,flight_114,60,0,500,ok,True,29,29,680.877762132102,877.1800517369494,835.8049668499062,1085.3867339324554,259.52352739690645,332.6762066642383,HIT,True,1224.5328749608184
2026_07_21_gym,flight_114,60,0,550,ok,True,32,32,662.6672203543425,906.6320940886305,835.8049668499062,1085.3867339324554,248.85718902064622,315.693164534287,HIT,True,1220.9337111164302
2026_07_21_gym,flight_114,60,0,600,ok,True,35,35,702.5644567489015,963.9677484361991,835.8049668499062,1085.3867339324554,180.26536986042555,217.8819324666597,HIT,True,1209.3691329545861
2026_07_21_gym,flight_114,60,0,650,ok,True,38,38,917.5357915427189,1054.5712650439702,835.8049668499062,1085.3867339324554,87.3471283316428,117.81458633295965,HIT,True,1187.3662154555832
2026_07_21_gym,flight_114,60,0,700,ok,True,41,41,855.2745486184238,1021.3088057620803,835.8049668499062,1085.3867339324554,66.97048225038209,66.59624887341748,HIT,True,1195.1151799697286
2026_07_21_gym,flight_114,60,0,750,ok,True,44,44,766.2276059828207,981.8102304337816,835.8049668499062,1085.3867339324554,124.77620455134637,149.219705456806,HIT,True,1204.145312564156
2026_07_21_gym,flight_114,60,0,800,ok,True,46,46,874.771865502698,1040.2650087884288,835.8049668499062,1085.3867339324554,59.61869900115258,88.90272937365118,HIT,True,1191.9038641557092
2026_07_21_gym,flight_114,60,0,850,ok,True,49,49,898.5801780306334,1012.2294013771909,835.8049668499062,1085.3867339324554,96.3987678623874,114.96949668563377,HIT,True,1194.7796140999383
2026_07_21_gym,flight_114,60,0,900,ok,True,52,52,855.7004224205143,1028.501206268683,835.8049668499062,1085.3867339324554,60.26435438920629,64.99993524340871,HIT,True,1194.8196458843734
2026_07_21_gym,flight_114,60,0,950,ok,True,55,55,833.3704905958678,1048.256119546398,835.8049668499062,1085.3867339324554,37.210337264227725,34.39601494824426,HIT,True,1194.239132264772
2026_07_21_gym,flight_114,60,0,1000,ok,True,57,57,903.3962757616787,1013.5765514498446,835.8049668499062,1085.3867339324554,98.61687152101567,114.05382415813895,HIT,True,1196.2265612992685
2026_07_21_gym,flight_114,60,0,1050,ok,True,60,60,859.6713380439654,1053.0333904730169,835.8049668499062,1085.3867339324554,40.20376234852916,59.35556598927857,HIT,True,1194.5796395196637
2026_07_21_gym,flight_114,60,0,1100,ok,True,62,62,816.7955389497175,1063.678595080719,835.8049668499062,1085.3867339324554,28.854837402049863,27.218817852801912,HIT,True,1194.6382372808398
2026_07_21_gym,flight_114,60,0,1150,ok,True,65,65,791.3223352788907,1076.4503969299185,835.8049668499062,1085.3867339324554,45.37138559164375,59.48391378629715,HIT,True,1195.0784314144478
2026_07_21_gym,flight_114,60,0,1200,ok,False,68,68,837.1490541088999,1083.5895919288587,835.8049668499062,1085.3867339324554,2.2441679841047497,4.947564498741919,HIT,True,1194.3684311661439
2026_07_21_gym,flight_114,60,0,1250,ok,False,71,71,829.6475657542801,1110.2897095116477,835.8049668499062,1085.3867339324554,25.652909794997296,43.538575369489195,HIT,True,1190.6954228846162
2026_07_21_gym,flight_115,60,0,150,fit_failed,True,9,9,,,,,,,,,
2026_07_21_gym,flight_115,60,0,200,fit_failed,True,12,12,,,,,,,,,
2026_07_21_gym,flight_115,60,0,250,fit_failed,True,15,15,,,,,,,,,
2026_07_21_gym,flight_115,60,0,300,ok,True,18,18,1257.3604649012568,1488.8604998033836,838.2265530214266,1343.143384598761,443.7417196424588,658.2813578289029,HIT,True,1001.6161824658592
2026_07_21_gym,flight_115,60,0,350,ok,True,21,21,948.0630622786665,1325.7144475866983,838.2265530214266,1343.143384598761,111.21073064765915,132.13128672345618,HIT,True,1043.9302373694347
2026_07_21_gym,flight_115,60,0,400,ok,True,24,24,754.0288869119731,1202.738931868926,838.2265530214266,1343.143384598761,163.71517133315245,215.18226758610868,HIT,True,1071.1367539271746
2026_07_21_gym,flight_115,60,0,450,ok,True,27,27,916.2681522373567,1259.0416454585147,838.2265530214266,1343.143384598761,114.73270560129704,97.03882811631725,HIT,True,1059.5818751605186
2026_07_21_gym,flight_115,60,0,490,ok,True,29,29,898.0225138254526,1269.343843082587,838.2265530214266,1343.143384598761,94.98383681697695,79.4478337047205,HIT,True,1061.1303125086877
2026_07_21_gym,flight_115,60,0,500,ok,True,30,30,603.2679735937818,1228.6505933814021,838.2265530214266,1343.143384598761,261.3697252693942,374.0106801446756,HIT,True,1082.4425769304705
2026_07_21_gym,flight_115,60,0,550,ok,True,33,33,692.0398761869235,1307.4804538015555,838.2265530214266,1343.143384598761,150.47388184320138,209.08788331288673,HIT,True,1069.5015696905791
2026_07_21_gym,flight_115,60,0,600,ok,True,36,36,712.5103666290817,1320.2946291278975,838.2265530214266,1343.143384598761,127.77568292755137,184.3460364037962,HIT,True,1066.9093594289259
2026_07_21_gym,flight_115,60,0,650,ok,True,39,39,754.7427401799862,1323.4413666346786,838.2265530214266,1343.143384598761,85.77713284087831,133.92699312307366,HIT,True,1064.6698494077675
2026_07_21_gym,flight_115,60,0,700,ok,True,42,42,722.7871079144546,1343.2846332117779,838.2265530214266,1343.143384598761,115.43953152094946,167.79518485626681,HIT,True,1063.480165107112
2026_07_21_gym,flight_115,60,0,750,ok,True,45,45,817.9959488350748,1341.1624462811908,838.2265530214266,1343.143384598761,20.32735748598063,25.00217381734492,HIT,True,1059.5059710664734
2026_07_21_gym,flight_115,60,0,800,ok,True,48,48,808.8500991486517,1343.5306647015036,838.2265530214266,1343.143384598761,29.379006586630105,32.634895786383126,HIT,True,1059.4089273200289
2026_07_21_gym,flight_115,60,0,850,ok,True,51,51,788.0247582738641,1331.653173990156,838.2265530214266,1343.143384598761,51.49995277382785,92.95044924352031,HIT,True,1062.0773997198487
2026_07_21_gym,flight_115,60,0,900,ok,True,54,54,789.9217690663498,1332.122476046673,838.2265530214266,1343.143384598761,49.54606521470834,90.09700330419996,HIT,True,1061.7172501172956
2026_07_21_gym,flight_115,60,0,950,ok,True,56,56,799.1309128068681,1337.7741357548928,838.2265530214266,1343.143384598761,39.46261416750782,81.63535074977997,HIT,True,1060.7058981434639
2026_07_21_gym,flight_115,60,0,1000,ok,True,59,59,772.5171917461538,1352.3403049343794,838.2265530214266,1343.143384598761,66.34985684132285,98.80691153551503,HIT,True,1059.6738219145632
2026_07_21_gym,flight_115,60,0,1050,ok,True,62,62,833.9658654905724,1335.7081671193575,838.2265530214266,1343.143384598761,8.569475900053888,23.609356272756127,HIT,True,1060.693968315391
2026_07_21_gym,flight_115,60,0,1100,ok,False,64,64,813.0640480507657,1341.0508648286489,838.2265530214266,1343.143384598761,25.249362276834795,65.06617526636603,HIT,True,1060.0164815486762
2026_07_21_gym,flight_115,60,0,1150,ok,False,66,66,799.6179740264879,1337.0770535678378,838.2265530214266,1343.143384598761,39.0822561296705,76.3333682900885,HIT,True,1061.1719735719396
2026_07_21_gym,flight_115,60,0,1200,ok,False,69,69,789.100588609375,1355.155396597003,838.2265530214266,1343.143384598761,50.573202505477845,94.49843561839432,HIT,True,1058.868094289938
2026_07_21_gym,flight_115,60,0,1250,ok,False,71,71,838.3425946521731,1337.8518996886883,838.2265530214266,1343.143384598761,5.292757146666954,7.016223062454265,HIT,True,1060.6463535864436
2026_07_21_gym,flight_117,60,0,150,fit_failed,True,10,10,,,,,,,,,
2026_07_21_gym,flight_117,60,0,200,ok,True,13,13,880.7478688174995,845.4476966157198,758.1778165157115,847.2733636708601,122.58364809981497,123.14405488109261,HIT,True,1249.1631736148984
2026_07_21_gym,flight_117,60,0,250,ok,True,16,16,928.5026955422236,773.9268733118686,758.1778165157115,847.2733636708601,185.446143296046,134.41626481919573,HIT,True,1254.6347459286637
2026_07_21_gym,flight_117,60,0,300,ok,True,19,19,967.7320722243392,746.5208069011693,758.1778165157115,847.2733636708601,232.5168032233944,161.87928546948706,HIT,True,1253.9833471813029
2026_07_21_gym,flight_117,60,0,350,ok,True,22,22,956.7711477822884,735.9643469944309,758.1778165157115,847.2733636708601,227.65985244884516,157.62523897885947,HIT,True,1255.1296168660801
2026_07_21_gym,flight_117,60,0,400,ok,True,25,25,863.9793254173326,718.6261151122826,758.1778165157115,847.2733636708601,166.5655241865862,108.76061815432143,HIT,True,1261.9025924156945
2026_07_21_gym,flight_117,60,0,450,ok,True,28,28,787.6628782127617,686.3905535955116,758.1778165157115,847.2733636708601,163.5623656010744,119.95808390197436,HIT,True,1270.1282029749316
2026_07_21_gym,flight_117,60,0,490,ok,True,30,30,812.355420338438,711.497754346131,758.1778165157115,847.2733636708601,146.18559725046026,97.09470692882735,HIT,True,1265.6309738823481
2026_07_21_gym,flight_117,60,0,500,ok,True,31,31,766.5190438167997,714.5092513306703,758.1778165157115,847.2733636708601,133.02588318957694,96.02403467895296,HIT,True,1268.7818306274607
2026_07_21_gym,flight_117,60,0,550,ok,True,34,34,735.0333679253868,692.1658757981121,758.1778165157115,847.2733636708601,156.8247375089302,134.3777243465472,HIT,True,1275.2710861576338
2026_07_21_gym,flight_117,60,0,600,ok,True,36,36,507.60932506783877,532.7571794405558,758.1778165157115,847.2733636708601,402.1256010865926,430.83529467610884,HIT,True,1306.531010453256
2026_07_21_gym,flight_117,60,0,650,ok,True,38,38,739.314523192088,727.314369398244,758.1778165157115,847.2733636708601,121.43304386331837,117.3834424806281,HIT,True,1278.089352104663
2026_07_21_gym,flight_117,60,0,700,ok,True,40,40,725.6998255234138,750.0179010714064,758.1778165157115,847.2733636708601,102.53509108753701,96.79361010452888,HIT,True,1275.7920687405733
2026_07_21_gym,flight_117,60,0,750,ok,True,43,43,792.169780153076,733.1973696897713,758.1778165157115,847.2733636708601,119.03270976793446,98.80019124448322,HIT,True,1273.7975746048107
2026_07_21_gym,flight_117,60,0,800,ok,True,45,45,712.0845472963844,794.4918652359358,758.1778165157115,847.2733636708601,70.07478893554574,63.640169926016284,HIT,True,1272.684987512485
2026_07_21_gym,flight_117,60,0,850,ok,True,47,47,784.7356570093189,792.963400571683,758.1778165157115,847.2733636708601,60.45569438454805,46.052334160333935,HIT,True,1270.8016823141681
2026_07_21_gym,flight_117,60,0,900,ok,True,50,50,761.0571942795548,816.0230101463345,758.1778165157115,847.2733636708601,31.382724733756728,23.776958783882456,HIT,True,1270.3574097868948
2026_07_21_gym,flight_117,60,0,950,ok,True,53,53,781.0019351796365,805.8981371842692,758.1778165157115,847.2733636708601,47.25303968636964,44.217028220673605,HIT,True,1270.1274429090747
2026_07_21_gym,flight_117,60,0,1000,ok,True,56,56,810.8244083391936,787.1121075452891,758.1778165157115,847.2733636708601,79.94398269560317,64.36064127840267,HIT,True,1271.396085749836
2026_07_21_gym,flight_117,60,0,1050,ok,True,59,59,795.21673323491,793.9569527188619,758.1778165157115,847.2733636708601,64.91934248383974,55.206608356331316,HIT,True,1271.962120263708
2026_07_21_gym,flight_117,60,0,1100,ok,True,62,62,792.4949396681204,795.807775140058,758.1778165157115,847.2733636708601,61.857673285368875,52.73310308815959,HIT,True,1271.9686205164185
2026_07_21_gym,flight_117,60,0,1150,ok,True,65,65,806.3135556132761,792.404634330401,758.1778165157115,847.2733636708601,72.9905941742179,62.668852682242076,HIT,True,1272.8660045091367
2026_07_21_gym,flight_117,60,0,1200,ok,True,68,68,785.9074958478463,813.3792812846425,758.1778165157115,847.2733636708601,43.7920533506564,33.46291806018082,HIT,True,1271.188832495636
2026_07_21_gym,flight_117,60,0,1250,ok,True,71,71,785.7659833539933,819.0816781050124,758.1778165157115,847.2733636708601,39.444620476568154,27.673928689114632,HIT,True,1271.549980174632
2026_07_21_gym,flight_118,60,0,150,fit_failed,True,9,9,,,,,,,,,
2026_07_21_gym,flight_118,60,0,200,ok,True,12,12,-358.61636378183647,778.2121546388588,431.5127002767695,1095.3219882403728,851.3886212752133,842.7360051002026,MISS_HIGH_WIDE,False,1126.1900668952094
2026_07_21_gym,flight_118,60,0,250,ok,True,15,15,-419.53835318689073,748.7832237926888,431.5127002767695,1095.3219882403728,918.8998916457294,911.636661471735,MISS_HIGH_WIDE,False,1135.0519664769092
2026_07_21_gym,flight_118,60,0,300,ok,True,18,18,-85.1615139242716,815.6709231799947,431.5127002767695,1095.3219882403728,587.500605795149,629.5039917392393,MISS_HIGH_WIDE,False,1117.4629372493516
2026_07_21_gym,flight_118,60,0,350,ok,True,21,21,535.8684236369622,961.8100904609684,431.5127002767695,1095.3219882403728,169.4566134639991,169.19727996133952,HIT,True,1071.9793357271603
2026_07_21_gym,flight_118,60,0,400,ok,True,24,24,256.19192450457024,881.142090278773,431.5127002767695,1095.3219882403728,276.78584340281395,322.2557864158701,HIT,True,1098.2501448067428
2026_07_21_gym,flight_118,60,0,450,ok,True,27,27,237.22567159572807,883.3065468647353,431.5127002767695,1095.3219882403728,287.57259413131527,350.45834631332497,HIT,True,1099.565421085888
2026_07_21_gym,flight_118,60,0,490,ok,True,29,29,314.4202785424169,955.6531762512617,431.5127002767695,1095.3219882403728,182.25809246797564,207.40488906027224,HIT,True,1092.387329346617
2026_07_21_gym,flight_118,60,0,500,ok,True,30,30,370.7026609901529,969.6457714272102,431.5127002767695,1095.3219882403728,139.61508640010544,152.78092768797933,HIT,True,1086.9911944124665
2026_07_21_gym,flight_118,60,0,550,ok,True,33,33,444.9306514785013,980.2330678663707,431.5127002767695,1095.3219882403728,115.86846424849797,136.0884396939651,HIT,True,1084.031202798883
2026_07_21_gym,flight_118,60,0,600,ok,True,36,36,443.0474392043083,991.0401111508713,431.5127002767695,1095.3219882403728,104.91787307907249,132.4082982870124,HIT,True,1085.2739842203068
2026_07_21_gym,flight_118,60,0,650,ok,True,39,39,404.785495419916,1010.3796648702969,431.5127002767695,1095.3219882403728,89.04797459216438,110.33604430358457,HIT,True,1086.5523863423293
2026_07_21_gym,flight_118,60,0,700,ok,True,42,42,451.92191075150225,1003.7768938231332,431.5127002767695,1095.3219882403728,93.7925379977707,123.69411950654721,HIT,True,1085.006837633206
2026_07_21_gym,flight_118,60,0,750,ok,True,45,45,590.5325070035649,951.9153844048475,431.5127002767695,1095.3219882403728,214.13255930630132,250.06333548009835,HIT,True,1086.3473463717492
2026_07_21_gym,flight_118,60,0,800,ok,True,48,48,329.475346074702,1051.9141597769622,431.5127002767695,1095.3219882403728,110.88670445309064,118.28017351278788,HIT,True,1085.0315313221972
2026_07_21_gym,flight_118,60,0,850,ok,True,51,51,491.4424525693279,1009.5660972634569,431.5127002767695,1095.3219882403728,104.6214511803965,128.21629221149433,HIT,True,1084.1518966665822
2026_07_21_gym,flight_118,60,0,900,ok,True,54,54,459.28037580462507,1019.7885423704249,431.5127002767695,1095.3219882403728,80.47574323489414,87.74254841987647,HIT,True,1085.0305652013847
2026_07_21_gym,flight_118,60,0,950,ok,True,57,57,383.97845480459296,1063.0700191122255,431.5127002767695,1095.3219882403728,57.442963061214925,55.522777022753104,HIT,True,1081.2326794134076
2026_07_21_gym,flight_118,60,0,1000,ok,True,60,60,332.4297052351396,1096.6028689803559,431.5127002767695,1095.3219882403728,99.09127389376788,87.82210285418626,HIT,True,1077.763810250068
2026_07_21_gym,flight_118,60,0,1050,ok,True,63,63,457.84011438693386,1051.700361363869,431.5127002767695,1095.3219882403728,50.950751369150574,75.83742193719245,HIT,True,1082.213368902441
2026_07_21_gym,flight_118,60,0,1100,ok,False,66,66,439.30679499726625,1093.2392703817852,431.5127002767695,1095.3219882403728,8.067566311506496,54.66591687902678,HIT,True,1079.5052401727332
2026_07_21_gym,flight_118,60,0,1150,ok,False,69,69,432.4609029719248,1108.9034178222835,431.5127002767695,1095.3219882403728,13.614489261059287,75.34187290644778,HIT,True,1078.8724269172762
2026_07_21_gym,flight_118,60,0,1200,ok,False,72,72,455.9628903594764,1091.899161344552,431.5127002767695,1095.3219882403728,24.688611525139482,48.0732662246413,HIT,True,1080.3350708922444
2026_07_21_gym,flight_118,60,0,1250,ok,False,72,72,455.9628903594764,1091.899161344552,431.5127002767695,1095.3219882403728,24.688611525139482,48.0732662246413,HIT,True,1080.3350708922444
2026_07_21_gym,flight_119,60,0,150,ok,True,10,10,179.12136918558892,865.6238476115655,727.0310609169251,708.7948067898615,569.9126058775885,505.3461107440112,HIT,True,1006.0618189910906
2026_07_21_gym,flight_119,60,0,200,ok,True,12,12,766.4651152427426,829.922351909506,727.0310609169251,708.7948067898615,127.38495526271167,188.57753407266034,HIT,True,967.3955743468797
2026_07_21_gym,flight_119,60,0,250,ok,True,15,15,862.1673431922552,837.232304603553,727.0310609169251,708.7948067898615,186.4349903635037,245.8284512787251,HIT,True,962.6212779624403
2026_07_21_gym,flight_119,60,0,300,ok,True,18,18,878.2822569062391,768.8820787520528,727.0310609169251,708.7948067898615,162.7495147152711,180.5991335073092,HIT,True,969.808957289246
2026_07_21_gym,flight_119,60,0,350,ok,True,21,21,726.228981507799,763.432744446395,727.0310609169251,708.7948067898615,54.643824561772625,77.05675357828653,HIT,True,979.3564505382399
2026_07_21_gym,flight_119,60,0,400,ok,True,24,24,760.4864335548158,753.144057651488,727.0310609169251,708.7948067898615,55.552839804348494,77.884886959199,HIT,True,979.4717406266091
2026_07_21_gym,flight_119,60,0,450,ok,True,27,27,743.1269976935087,729.905970151733,727.0310609169251,708.7948067898615,26.54732376732919,34.191320345168016,HIT,True,981.8388556638753
2026_07_21_gym,flight_119,60,0,490,ok,True,29,29,731.4657181399344,704.7733663613078,727.0310609169251,708.7948067898615,5.986498793618437,25.96899050356972,HIT,True,984.7511418870827
2026_07_21_gym,flight_119,60,0,500,ok,True,30,30,753.9646604935755,705.833901856891,727.0310609169251,708.7948067898615,27.095862122793438,12.719758485875202,HIT,True,983.3581944032818
2026_07_21_gym,flight_119,60,0,550,ok,True,33,33,752.3369502621118,687.110953781906,727.0310609169251,708.7948067898615,33.325328457818024,22.991803726853515,HIT,True,985.3234438388539
2026_07_21_gym,flight_119,60,0,600,ok,True,36,36,704.9288826658536,684.0888040456617,727.0310609169251,708.7948067898615,33.14955286332744,65.21939166213848,HIT,True,987.7372826055458
2026_07_21_gym,flight_119,60,0,650,ok,True,39,39,712.367253589139,687.6756115719907,727.0310609169251,708.7948067898615,25.710846971598798,41.97817920375494,HIT,True,986.651317739805
2026_07_21_gym,flight_119,60,0,700,ok,True,42,42,705.8469335724844,686.9403615693391,727.0310609169251,708.7948067898615,30.436557414436535,60.48600307028192,HIT,True,986.988073594281
2026_07_21_gym,flight_119,60,0,750,ok,True,45,45,733.0436675005398,686.5479071686324,727.0310609169251,708.7948067898615,23.04508582510314,28.866986649436413,HIT,True,985.8475322952236
2026_07_21_gym,flight_119,60,0,800,ok,True,48,48,690.1530314408682,694.183375922824,727.0310609169251,708.7948067898615,39.66715228018186,69.71920354512915,HIT,True,985.5666573795627
2026_07_21_gym,flight_119,60,0,850,ok,True,51,51,714.8553529271604,687.4493603424858,727.0310609169251,708.7948067898615,24.57388754531531,37.16935537878172,HIT,True,985.7437238203512
2026_07_21_gym,flight_119,60,0,900,ok,True,54,54,691.6126004544689,699.7554680480426,727.0310609169251,708.7948067898615,36.55375475132371,69.49353683333773,HIT,True,984.9942748269514
2026_07_21_gym,flight_119,60,0,950,ok,True,55,55,683.5140600204146,704.762165560551,727.0310609169251,708.7948067898615,43.70345023349103,79.13489998424102,HIT,True,984.2249555378799
2026_07_21_gym,flight_119,60,0,1000,ok,False,58,58,743.4497553095608,706.4255169390901,727.0310609169251,708.7948067898615,16.588763062860863,37.68389934070311,HIT,True,983.7481403707505
2026_07_21_gym,flight_119,60,0,1050,ok,False,61,61,752.023865413806,699.6612082758442,727.0310609169251,708.7948067898615,26.609451299013482,33.88182623069712,HIT,True,983.9528097640112
2026_07_21_gym,flight_119,60,0,1100,ok,False,61,61,752.023865413806,699.6612082758442,727.0310609169251,708.7948067898615,26.609451299013482,33.88182623069712,HIT,True,983.9528097640112
2026_07_21_gym,flight_119,60,0,1150,ok,False,61,61,752.023865413806,699.6612082758442,727.0310609169251,708.7948067898615,26.609451299013482,33.88182623069712,HIT,True,983.9528097640112
2026_07_21_gym,flight_119,60,0,1200,ok,False,61,61,752.023865413806,699.6612082758442,727.0310609169251,708.7948067898615,26.609451299013482,33.88182623069712,HIT,True,983.9528097640112
2026_07_21_gym,flight_119,60,0,1250,ok,False,61,61,752.023865413806,699.6612082758442,727.0310609169251,708.7948067898615,26.609451299013482,33.88182623069712,HIT,True,983.9528097640112
2026_07_21_gym,flight_12,60,0,150,ok,True,10,10,851.5942646137908,464.09180806114506,1027.2503773162528,648.6292335802102,254.77270526283726,613.4485874911119,HIT,True,651.2003445563115
2026_07_21_gym,flight_12,60,0,200,ok,True,13,13,924.3831747982379,531.2383594340547,1027.2503773162528,648.6292335802102,156.08420383459952,370.57898355790394,HIT,True,635.2223153085921
2026_07_21_gym,flight_12,60,0,250,ok,True,16,16,929.1358447468202,566.7818125211422,1027.2503773162528,648.6292335802102,127.77113068036378,281.6704734890106,HIT,True,628.710331680966
2026_07_21_gym,flight_12,60,0,300,ok,True,19,19,1024.013815711455,585.7588693110087,1027.2503773162528,648.6292335802102,62.95361811972166,150.24751309866028,HIT,True,623.9926921973865
2026_07_21_gym,flight_12,60,0,350,ok,True,22,22,1026.1427472768314,589.4180122449056,1027.2503773162528,648.6292335802102,59.22158032611639,150.31033954329638,HIT,True,624.0577511963974
2026_07_21_gym,flight_12,60,0,400,ok,True,25,25,1009.3778236804225,594.6157224176994,1027.2503773162528,648.6292335802102,56.893651329197596,142.31129628974705,HIT,True,622.9599195956994
2026_07_21_gym,flight_12,60,0,450,ok,True,28,28,1050.8803710021427,604.432245492869,1027.2503773162528,648.6292335802102,50.1173658285008,111.0177946974553,HIT,True,621.4757196370449
2026_07_21_gym,flight_12,60,0,490,ok,True,30,30,1013.3333706090383,617.1309778184091,1027.2503773162528,648.6292335802102,34.435783593879364,93.16745140913676,HIT,True,620.894975392052
2026_07_21_gym,flight_12,60,0,500,ok,True,31,31,989.0901909045457,620.3773620360521,1027.2503773162528,648.6292335802102,47.48018610666815,110.5297741846569,HIT,True,619.51588604239
2026_07_21_gym,flight_12,60,0,550,ok,True,34,34,1029.6762038759641,627.5317397687887,1027.2503773162528,648.6292335802102,21.23649876087791,56.22331137311121,HIT,True,620.0757837582871
2026_07_21_gym,flight_12,60,0,600,ok,True,37,37,1049.3932388270312,638.5770986195565,1027.2503773162528,648.6292335802102,24.31772467055065,46.69988104154812,HIT,True,619.0615295825971
2026_07_21_gym,flight_12,60,0,650,ok,False,40,40,1056.3488207756254,644.5402527706307,1027.2503773162528,648.6292335802102,29.38433555177687,49.62335280175929,HIT,True,617.7164475495741
2026_07_21_gym,flight_12,60,0,700,ok,False,40,40,1056.3488207756254,644.5402527706307,1027.2503773162528,648.6292335802102,29.38433555177687,49.62335280175929,HIT,True,617.7164475495741
2026_07_21_gym,flight_12,60,0,750,ok,False,40,40,1056.3488207756254,644.5402527706307,1027.2503773162528,648.6292335802102,29.38433555177687,49.62335280175929,HIT,True,617.7164475495741
2026_07_21_gym,flight_12,60,0,800,ok,False,40,40,1056.3488207756254,644.5402527706307,1027.2503773162528,648.6292335802102,29.38433555177687,49.62335280175929,HIT,True,617.7164475495741
2026_07_21_gym,flight_12,60,0,850,ok,False,40,40,1056.3488207756254,644.5402527706307,1027.2503773162528,648.6292335802102,29.38433555177687,49.62335280175929,HIT,True,617.7164475495741
2026_07_21_gym,flight_12,60,0,900,ok,False,40,40,1056.3488207756254,644.5402527706307,1027.2503773162528,648.6292335802102,29.38433555177687,49.62335280175929,HIT,True,617.7164475495741
2026_07_21_gym,flight_12,60,0,950,ok,False,40,40,1056.3488207756254,644.5402527706307,1027.2503773162528,648.6292335802102,29.38433555177687,49.62335280175929,HIT,True,617.7164475495741
2026_07_21_gym,flight_12,60,0,1000,ok,False,40,40,1056.3488207756254,644.5402527706307,1027.2503773162528,648.6292335802102,29.38433555177687,49.62335280175929,HIT,True,617.7164475495741
2026_07_21_gym,flight_12,60,0,1050,ok,False,40,40,1056.3488207756254,644.5402527706307,1027.2503773162528,648.6292335802102,29.38433555177687,49.62335280175929,HIT,True,617.7164475495741
2026_07_21_gym,flight_12,60,0,1100,ok,False,40,40,1056.3488207756254,644.5402527706307,1027.2503773162528,648.6292335802102,29.38433555177687,49.62335280175929,HIT,True,617.7164475495741
2026_07_21_gym,flight_12,60,0,1150,ok,False,40,40,1056.3488207756254,644.5402527706307,1027.2503773162528,648.6292335802102,29.38433555177687,49.62335280175929,HIT,True,617.7164475495741
2026_07_21_gym,flight_12,60,0,1200,ok,False,40,40,1056.3488207756254,644.5402527706307,1027.2503773162528,648.6292335802102,29.38433555177687,49.62335280175929,HIT,True,617.7164475495741
2026_07_21_gym,flight_12,60,0,1250,ok,False,40,40,1056.3488207756254,644.5402527706307,1027.2503773162528,648.6292335802102,29.38433555177687,49.62335280175929,HIT,True,617.7164475495741
2026_07_21_gym,flight_121,60,0,150,fit_failed,True,10,10,,,,,,,,,
2026_07_21_gym,flight_121,60,0,200,fit_failed,True,13,13,,,,,,,,,
2026_07_21_gym,flight_121,60,0,250,fit_failed,True,16,16,,,,,,,,,
2026_07_21_gym,flight_121,60,0,300,ok,True,17,17,326.6838737535984,1338.6089552781423,551.2059810616963,1613.2865600805737,354.76465896431927,484.4751005504334,HIT,True,1295.0096912670622
2026_07_21_gym,flight_121,60,0,350,ok,True,17,17,326.6838737535984,1338.6089552781423,551.2059810616963,1613.2865600805737,354.76465896431927,484.4751005504334,HIT,True,1295.0096912670622
2026_07_21_gym,flight_121,60,0,400,ok,True,18,18,326.6838782589697,1338.6087355735765,551.2059810616963,1613.2865600805737,354.7648262199269,484.47532087087177,HIT,True,1295.0097253951214
2026_07_21_gym,flight_121,60,0,450,fit_failed,True,21,21,,,,,,,,,
2026_07_21_gym,flight_121,60,0,490,ok,True,23,23,54.34460795721728,1572.0901324308463,551.2059810616963,1613.2865600805737,498.56631427962276,447.3892962449033,HIT,True,1270.4826630947143
2026_07_21_gym,flight_121,60,0,500,ok,True,24,24,247.3684839937362,1570.5205477493498,551.2059810616963,1613.2865600805737,306.83245661962997,289.3903921471247,HIT,True,1261.183775693922
2026_07_21_gym,flight_121,60,0,550,ok,True,27,27,517.1488112015651,1527.9057259386025,551.2059810616963,1613.2865600805737,91.92267216340394,108.27619143855148,HIT,True,1244.5816560293053
2026_07_21_gym,flight_121,60,0,600,ok,True,30,30,108.25983068428901,1591.2043090545844,551.2059810616963,1613.2865600805737,443.49624343903923,388.29617977804406,HIT,True,1264.6924772100856
2026_07_21_gym,flight_121,60,0,650,ok,True,33,33,405.0393208282618,1481.3879814007062,551.2059810616963,1613.2865600805737,196.88049070836223,245.93780271287966,HIT,True,1253.3304549604009
2026_07_21_gym,flight_121,60,0,700,ok,True,36,36,589.0353687109856,1564.2833656409778,551.2059810616963,1613.2865600805737,61.90618414346866,102.38267251887738,HIT,True,1231.5808053160633
2026_07_21_gym,flight_121,60,0,750,ok,True,39,39,465.828896330058,1532.1272252277124,551.2059810616963,1613.2865600805737,117.79679210841108,134.24147208281025,HIT,True,1245.0474467802953
2026_07_21_gym,flight_121,60,0,800,ok,True,42,42,427.6336841777051,1560.4021573257517,551.2059810616963,1613.2865600805737,134.4130671174477,142.5840319191484,HIT,True,1244.2860613028686
2026_07_21_gym,flight_121,60,0,850,ok,True,45,45,586.982512422169,1568.622649659256,551.2059810616963,1613.2865600805737,57.22608749783944,114.23854929961213,HIT,True,1234.392802011698
2026_07_21_gym,flight_121,60,0,900,ok,True,48,48,508.55862303714946,1555.523142177701,551.2059810616963,1613.2865600805737,71.80118100906006,78.76306501439066,HIT,True,1241.4567570124677
2026_07_21_gym,flight_121,60,0,950,ok,True,51,51,498.65463202681946,1543.6753419679567,551.2059810616963,1613.2865600805737,87.22021538902433,110.59197610900326,HIT,True,1243.6218025360324
2026_07_21_gym,flight_121,60,0,1000,ok,True,54,54,490.5241188128938,1571.8611525718563,551.2059810616963,1613.2865600805737,73.47348360630484,92.98225215227993,HIT,True,1241.2507944052293
2026_07_21_gym,flight_121,60,0,1050,ok,True,57,57,524.5614185760794,1571.7048136688547,551.2059810616963,1613.2865600805737,49.38597315734955,59.73704596365751,HIT,True,1240.2841921995305
2026_07_21_gym,flight_121,60,0,1100,ok,True,60,60,558.9612851594602,1586.5742191561067,551.2059810616963,1613.2865600805737,27.815353661489755,36.871946915613506,HIT,True,1237.5826895173132
2026_07_21_gym,flight_121,60,0,1150,ok,True,63,63,531.1241168590147,1585.1703134196148,551.2059810616963,1613.2865600805737,34.55147748150329,54.0266603344811,HIT,True,1238.4767946871175
2026_07_21_gym,flight_121,60,0,1200,ok,True,66,66,524.2980089611927,1595.8905306666904,551.2059810616963,1613.2865600805737,32.04154805764184,37.93007191839594,HIT,True,1236.9309636387477
2026_07_21_gym,flight_121,60,0,1250,ok,False,69,69,511.7139928843192,1638.2144261409078,551.2059810616963,1613.2865600805737,46.701345125424886,53.60029523010146,HIT,True,1231.2478000446247
2026_07_21_gym,flight_122,60,0,150,ok,True,10,10,1083.306238596786,199.46911112301788,1249.8202072823037,945.3022706264059,764.195003635988,688.216704660542,HIT,True,1556.2042808955764
2026_07_21_gym,flight_122,60,0,200,ok,True,13,13,2208.9327646891197,1098.5007202017832,1249.8202072823037,945.3022706264059,971.2706433985032,727.7003312164726,MISS_HIGH_WIDE,False,1407.102052730583
2026_07_21_gym,flight_122,60,0,250,ok,True,16,16,1286.5973568493118,319.1170957770852,1249.8202072823037,945.3022706264059,627.2642441039887,548.9011256033652,HIT,True,1533.7536888156624
2026_07_21_gym,flight_122,60,0,300,ok,True,19,19,1935.1954064507497,693.6867338294761,1249.8202072823037,945.3022706264059,730.1024188377917,466.20486209635163,HIT,True,1489.196323631696
2026_07_21_gym,flight_122,60,0,350,ok,True,21,21,2329.679120581474,1012.9717314522032,1249.8202072823037,945.3022706264059,1081.9770924377829,816.8820968386843,MISS_HIGH_WIDE,False,1391.7257344897698
2026_07_21_gym,flight_122,60,0,400,ok,True,24,24,1438.383262621261,231.18019783163834,1249.8202072823037,945.3022706264059,738.5975634210134,649.8705301554684,HIT,True,1550.1335125072756
2026_07_21_gym,flight_122,60,0,450,ok,True,27,27,761.4670519675536,298.1598492604103,1249.8202072823037,945.3022706264059,810.7293739820435,820.3203670453274,HIT,True,1592.2895290446959
2026_07_21_gym,flight_122,60,0,490,ok,True,29,29,1508.31849553948,571.1446814588062,1249.8202072823037,945.3022706264059,454.76946529379086,301.6879455885033,HIT,True,1488.093341635633
2026_07_21_gym,flight_122,60,0,500,ok,True,30,30,1262.3889213083903,575.6506733958122,1249.8202072823037,945.3022706264059,369.86521316203635,340.2260317021425,HIT,True,1507.7898535164584
2026_07_21_gym,flight_122,60,0,550,ok,True,33,33,1318.3615550958293,604.4409417308112,1249.8202072823037,945.3022706264059,347.6842847995368,279.0837873283472,HIT,True,1494.6720316262938
2026_07_21_gym,flight_122,60,0,600,ok,True,36,36,1286.1934664257697,638.8753558094293,1249.8202072823037,945.3022706264059,308.5781393828285,255.98266165808434,HIT,True,1492.563374175636
2026_07_21_gym,flight_122,60,0,650,ok,True,39,39,1387.5474213604707,721.1391001552623,1249.8202072823037,945.3022706264059,263.09297309774007,192.2447164752527,HIT,True,1479.475463164473
2026_07_21_gym,flight_122,60,0,700,ok,True,42,42,1364.5198559604942,768.1929354464488,1249.8202072823037,945.3022706264059,211.00645965179996,171.86909008836875,HIT,True,1476.6787034566648
2026_07_21_gym,flight_122,60,0,750,ok,True,44,44,1269.1101745226406,661.8688429640931,1249.8202072823037,945.3022706264059,284.08908946409883,240.76026005081434,HIT,True,1491.8644966203817
2026_07_21_gym,flight_122,60,0,800,ok,True,47,47,1249.2644653870461,674.4264991516387,1249.8202072823037,945.3022706264059,270.87634156770577,232.76154608783835,HIT,True,1492.2809969147438
2026_07_21_gym,flight_122,60,0,850,ok,True,50,50,1346.693089114111,744.1436202486713,1249.8202072823037,945.3022706264059,223.26924968788458,181.144460402472,HIT,True,1481.7015403549947
2026_07_21_gym,flight_122,60,0,900,ok,True,53,53,1303.7202707870179,816.4733184680357,1249.8202072823037,945.3022706264059,139.64997586836827,138.39019986107078,HIT,True,1479.7096410136053
2026_07_21_gym,flight_122,60,0,950,ok,True,56,56,1265.913631826405,737.9792137000452,1249.8202072823037,945.3022706264059,207.94674377553417,185.24538168951722,HIT,True,1488.4005367090135
2026_07_21_gym,flight_122,60,0,1000,ok,True,59,59,1323.850338946367,781.4567817631297,1249.8202072823037,945.3022706264059,179.79378358287167,158.0043933157059,HIT,True,1481.5781894258287
2026_07_21_gym,flight_122,60,0,1050,ok,True,62,62,1271.5940509112493,804.1760273353126,1249.8202072823037,945.3022706264059,142.79606721417304,129.27341286681695,HIT,True,1481.6457109174203
2026_07_21_gym,flight_122,60,0,1100,ok,True,65,65,1275.8213963043327,834.9139989735594,1249.8202072823037,945.3022706264059,113.40913697344631,102.99650767383316,HIT,True,1478.5187065598018
2026_07_21_gym,flight_122,60,0,1150,ok,True,68,68,1279.357085847582,833.6753846345327,1249.8202072823037,945.3022706264059,115.46856226533106,90.59971101407629,HIT,True,1479.3617291147723
2026_07_21_gym,flight_122,60,0,1200,ok,True,71,71,1290.2540600087689,878.8045060225699,1249.8202072823037,945.3022706264059,77.8257614393374,77.33431932591343,HIT,True,1474.8782970775615
2026_07_21_gym,flight_122,60,0,1250,ok,True,74,74,1275.2707049261949,876.8668145820443,1249.8202072823037,945.3022706264059,73.01465246319708,68.59175600683464,HIT,True,1475.4737109704515
2026_07_21_gym,flight_123,60,0,150,ok,True,10,10,-239.80529246566982,1410.1414823364385,622.8285248825156,1700.2736822960753,910.117462905817,847.230645037812,MISS_HIGH_WIDE,False,1282.2267598053093
2026_07_21_gym,flight_123,60,0,200,ok,True,13,13,606.8929539824954,1708.1709708372814,622.8285248825156,1700.2736822960753,17.785094495465394,42.286341614905005,HIT,True,1196.2665894048857
2026_07_21_gym,flight_123,60,0,250,ok,True,16,16,293.898202986007,1688.9904110236764,622.8285248825156,1700.2736822960753,329.1237895891868,288.84874047840935,HIT,True,1222.624308941447
2026_07_21_gym,flight_123,60,0,300,ok,True,19,19,552.7146142507543,1719.4076433431405,622.8285248825156,1700.2736822960753,72.67784345609893,88.65642513146207,HIT,True,1197.6871227087904
2026_07_21_gym,flight_123,60,0,350,ok,True,22,22,531.4299463318298,1708.955557334678,622.8285248825156,1700.2736822960753,91.80999463714062,85.24240599615383,HIT,True,1198.6574333900046
2026_07_21_gym,flight_123,60,0,400,ok,True,25,25,481.4718812410664,1680.3194476646693,622.8285248825156,1700.2736822960753,142.75808972279248,145.24838334426914,HIT,True,1204.7763999834328
2026_07_21_gym,flight_123,60,0,450,ok,True,28,28,500.71757006866414,1665.850290532231,622.8285248825156,1700.2736822960753,126.87022970767246,134.34655195519156,HIT,True,1205.3913960519606
2026_07_21_gym,flight_123,60,0,490,ok,True,30,30,504.3919880490964,1662.7290388563847,622.8285248825156,1700.2736822960753,124.24497377402176,136.96372993900468,HIT,True,1206.5322909515512
2026_07_21_gym,flight_123,60,0,500,ok,True,31,31,505.3627914202046,1663.7545751661862,622.8285248825156,1700.2736822960753,123.01155930807074,131.04280184123445,HIT,True,1206.4628483637648
2026_07_21_gym,flight_123,60,0,550,ok,True,34,34,546.9898096636462,1649.5782123613335,622.8285248825156,1700.2736822960753,91.2224829631001,99.30119477959471,HIT,True,1205.3385716635482
2026_07_21_gym,flight_123,60,0,600,ok,True,37,37,583.9517067372915,1635.8525114764127,622.8285248825156,1700.2736822960753,75.2429015846211,82.63121509374716,HIT,True,1205.8755169858252
2026_07_21_gym,flight_123,60,0,650,ok,True,39,39,559.7568524077662,1631.6965847979425,622.8285248825156,1700.2736822960753,93.17110158214547,104.43029524677247,HIT,True,1207.3535099237351
2026_07_21_gym,flight_123,60,0,700,ok,True,41,41,584.7956474766704,1635.883210807293,622.8285248825156,1700.2736822960753,74.78390590438391,81.29165629519012,HIT,True,1205.8311698930331
2026_07_21_gym,flight_123,60,0,750,ok,True,42,42,542.3908699578874,1628.7506139102609,622.8285248825156,1700.2736822960753,107.63719450587446,125.29796407918064,HIT,True,1208.8154977545923
2026_07_21_gym,flight_123,60,0,800,ok,True,45,45,684.6374668769618,1589.5165918691382,622.8285248825156,1700.2736822960753,126.83642375245975,138.31453248582537,HIT,True,1209.5716683760638
2026_07_21_gym,flight_123,60,0,850,ok,True,46,46,557.981762242352,1679.7703615359346,622.8285248825156,1700.2736822960753,68.01094608298672,64.66010023521648,HIT,True,1202.9284866131952
2026_07_21_gym,flight_123,60,0,900,ok,True,48,48,614.2042811736914,1681.8515708400732,622.8285248825156,1700.2736822960753,20.340889116421568,14.935796095741619,HIT,True,1200.0037379832784
2026_07_21_gym,flight_123,60,0,950,ok,True,51,51,542.6129443612203,1717.9435434385516,622.8285248825156,1700.2736822960753,82.13868364639644,68.06709512726722,HIT,True,1198.865369108766
2026_07_21_gym,flight_123,60,0,1000,ok,True,54,54,642.6607770130338,1631.0652571882415,622.8285248825156,1700.2736822960753,71.99391870481205,84.1292587753966,HIT,True,1206.8682280948533
2026_07_21_gym,flight_123,60,0,1050,ok,True,57,57,625.8068890134599,1649.6433679051484,622.8285248825156,1700.2736822960753,50.717840926252,62.28405291290808,HIT,True,1205.3601185339464
2026_07_21_gym,flight_123,60,0,1100,ok,True,60,60,649.1598265741131,1634.6091101951658,622.8285248825156,1700.2736822960753,70.7472506742804,87.02910013733019,HIT,True,1206.6288902005933
2026_07_21_gym,flight_123,60,0,1150,ok,True,63,63,620.9019520996238,1641.0203314108599,622.8285248825156,1700.2736822960753,59.284663057271764,72.0250886493766,HIT,True,1206.2014550776375
2026_07_21_gym,flight_123,60,0,1200,ok,True,66,66,597.2357383193646,1683.3299453750947,622.8285248825156,1700.2736822960753,30.6933371420314,24.464514828312556,HIT,True,1200.677891587647
2026_07_21_gym,flight_123,60,0,1250,ok,False,69,69,677.0629549793932,1607.4590514091847,622.8285248825156,1700.2736822960753,107.49850749942003,123.77184769494728,HIT,True,1210.3252523498902
2026_07_21_gym,flight_124,60,0,150,ok,True,10,10,319.85778694589044,1293.4336865502853,-24.22203266801343,1199.7493646375153,356.60576893509744,246.36622755256968,HIT,False,1195.252974805313
2026_07_21_gym,flight_124,60,0,200,ok,True,13,13,-742.208582459165,862.8680979736599,-24.22203266801343,1199.7493646375153,793.0912138651174,759.2080671176686,MISS_HIGH_WIDE,True,1295.0742410226067
2026_07_21_gym,flight_124,60,0,250,ok,True,16,16,-399.2860025984814,1023.1028611845683,-24.22203266801343,1199.7493646375153,414.58047315588203,449.2640430280155,MISS_HIGH_WIDE,True,1258.4916616495127
2026_07_21_gym,flight_124,60,0,300,ok,True,18,18,-399.28603103037574,1023.1025163549896,-24.22203266801343,1199.7493646375153,414.5806458045429,449.2642904182834,MISS_HIGH_WIDE,True,1258.4917145873007
2026_07_21_gym,flight_124,60,0,350,ok,True,20,20,50.962357487515895,1164.8093691066206,-24.22203266801343,1199.7493646375153,82.9065486602705,28.763574746959964,HIT,False,1209.484435024921
2026_07_21_gym,flight_124,60,0,400,ok,True,22,22,70.26027584212272,1111.0611503386542,-24.22203266801343,1199.7493646375153,129.58590192195004,61.125700388994304,HIT,False,1208.9282805525734
2026_07_21_gym,flight_124,60,0,450,ok,True,25,25,-299.4109016795824,1169.9483153603765,-24.22203266801343,1199.7493646375153,276.79778930816076,248.1124177949844,MISS_HIGH_WIDE,True,1217.5840697315518
2026_07_21_gym,flight_124,60,0,490,ok,True,27,27,-241.79523201545769,1091.3783406387086,-24.22203266801343,1199.7493646375153,243.06866502458243,249.80897936351155,MISS_HIGH_WIDE,True,1221.6953249399905
2026_07_21_gym,flight_124,60,0,500,ok,True,28,28,-193.7002265145609,1067.5157528860939,-24.22203266801343,1199.7493646375153,214.96182513719404,231.8933807433418,MISS_HIGH_WIDE,True,1222.3902240319544
2026_07_21_gym,flight_124,60,0,550,ok,True,31,31,-107.1032617982282,1094.4475275285597,-24.22203266801343,1199.7493646375153,134.00662312235238,142.22956470553785,MISS_HIGH_WIDE,True,1217.7238735926164
2026_07_21_gym,flight_124,60,0,600,ok,True,34,34,-161.1842728320815,1131.9846472394338,-24.22203266801343,1199.7493646375153,152.80939812328856,163.7020067996071,MISS_HIGH_WIDE,True,1217.0496784090176
2026_07_21_gym,flight_124,60,0,650,ok,True,37,37,-135.6190913643797,1122.8570194825468,-24.22203266801343,1199.7493646375153,135.3578125917839,178.88021471967005,MISS_HIGH_WIDE,True,1221.090396037768
2026_07_21_gym,flight_124,60,0,700,ok,True,40,40,-131.50701744610222,1206.8035822391262,-24.22203266801343,1199.7493646375153,107.51664961672503,98.17336934156627,MISS_HIGH_WIDE,True,1212.4984985356643
2026_07_21_gym,flight_124,60,0,750,ok,True,43,43,-156.5927264656103,1150.5110363077008,-24.22203266801343,1199.7493646375153,141.23177246346432,175.74041086478618,MISS_HIGH_WIDE,True,1220.1337202493328
2026_07_21_gym,flight_124,60,0,800,ok,True,45,45,-129.9427181136815,1181.682400087274,-24.22203266801343,1199.7493646375153,107.25333812596033,121.74123123307032,MISS_HIGH_WIDE,True,1215.4788396522654
2026_07_21_gym,flight_124,60,0,850,ok,True,48,48,-130.20650903605872,1188.876990239721,-24.22203266801343,1199.7493646375153,106.540685918829,120.78679974384579,MISS_HIGH_WIDE,True,1213.9606210018344
2026_07_21_gym,flight_124,60,0,900,ok,True,51,51,-64.42604187968601,1182.8688098494354,-24.22203266801343,1199.7493646375153,43.604076491144994,60.41406709468779,MISS_HIGH_WIDE,True,1212.2373821264314
2026_07_21_gym,flight_124,60,0,950,ok,True,54,54,-13.44774718062937,1158.4685067611867,-24.22203266801343,1199.7493646375153,42.66373699957956,41.47540656025055,MISS_HIGH_WIDE,True,1212.1207099152848
2026_07_21_gym,flight_124,60,0,1000,ok,True,57,57,-21.650931935253187,1159.1264261800445,-24.22203266801343,1199.7493646375153,40.70422199105961,44.35326347539508,MISS_HIGH_WIDE,True,1213.2499657465587
2026_07_21_gym,flight_124,60,0,1050,ok,True,60,60,-42.448630231140434,1160.0589229586642,-24.22203266801343,1199.7493646375153,43.67539375197973,57.13230107001417,MISS_HIGH_WIDE,True,1213.3898896178068
2026_07_21_gym,flight_124,60,0,1100,ok,True,63,63,7.339843745022027,1149.220387238343,-24.22203266801343,1199.7493646375153,59.57625029924087,66.22244845298675,HIT,False,1213.068671269173
2026_07_21_gym,flight_124,60,0,1150,ok,True,66,66,-35.17891726227708,1156.5252720904641,-24.22203266801343,1199.7493646375153,44.59120425070465,57.27232203385806,MISS_HIGH_WIDE,True,1213.311075341871
2026_07_21_gym,flight_124,60,0,1200,ok,True,69,69,-61.76240213501799,1202.8123748826627,-24.22203266801343,1199.7493646375153,37.665121418642556,58.05984448047094,MISS_HIGH_WIDE,True,1208.8879733758997
2026_07_21_gym,flight_124,60,0,1250,ok,False,71,71,-41.745088647883975,1185.572200102895,-24.22203266801343,1199.7493646375153,22.539953085917713,41.068631748164776,MISS_HIGH_WIDE,True,1210.631990193747
2026_07_21_gym,flight_125,60,0,150,fit_failed,True,10,10,,,,,,,,,
2026_07_21_gym,flight_125,60,0,200,fit_failed,True,13,13,,,,,,,,,
2026_07_21_gym,flight_125,60,0,250,ok,True,16,16,671.4456041781059,983.4534684397896,776.3523058129111,814.8556034858839,198.57153903545566,220.1060123560962,HIT,True,1245.660744261964
2026_07_21_gym,flight_125,60,0,300,ok,True,19,19,955.8513947089363,858.9970964738582,776.3523058129111,814.8556034858839,184.84694835920476,214.6348633125122,HIT,True,1242.5344289624718
2026_07_21_gym,flight_125,60,0,350,ok,True,22,22,1138.3425107454168,1033.5776551123915,776.3523058129111,814.8556034858839,422.93763646049064,528.7921747171496,HIT,True,1211.4340325973585
2026_07_21_gym,flight_125,60,0,400,ok,True,25,25,492.21966238100913,736.0583898799615,776.3523058129111,814.8556034858839,294.85650736529067,220.62352188022442,HIT,True,1289.9203796025324
2026_07_21_gym,flight_125,60,0,450,ok,True,28,28,275.9774514416364,719.6741710402608,776.3523058129111,814.8556034858839,509.347131109497,389.5414955624232,HIT,True,1306.4304419369676
2026_07_21_gym,flight_125,60,0,490,ok,True,30,30,890.7963953753668,709.6347655608956,776.3523058129111,814.8556034858839,155.46341810669168,131.69450102179226,HIT,True,1275.8804258568043
2026_07_21_gym,flight_125,60,0,500,ok,True,31,31,561.5149126488326,757.7547987174856,776.3523058129111,814.8556034858839,222.29621545751874,158.3352421503142,HIT,True,1288.106432153656
2026_07_21_gym,flight_125,60,0,550,ok,True,34,34,888.346857006747,694.8764664932525,776.3523058129111,814.8556034858839,164.12730671830732,156.77816982176824,HIT,True,1279.686301838957
2026_07_21_gym,flight_125,60,0,600,ok,True,37,37,882.7695931183953,779.6643763769326,776.3523058129111,814.8556034858839,112.08506369223215,160.0616773675954,HIT,True,1269.0933955412163
2026_07_21_gym,flight_125,60,0,650,ok,True,40,40,803.0127794057931,651.9117271570444,776.3523058129111,814.8556034858839,165.11053172122269,161.98311734059897,HIT,True,1291.0243183233463
2026_07_21_gym,flight_125,60,0,700,ok,True,43,43,874.3655320944623,697.8882113786387,776.3523058129111,814.8556034858839,152.60394274883132,136.81317141363905,HIT,True,1281.446495213453
2026_07_21_gym,flight_125,60,0,750,ok,True,46,46,804.35578253654,685.2594216846311,776.3523058129111,814.8556034858839,132.5871978966076,128.16308659299,HIT,True,1287.8936414507955
2026_07_21_gym,flight_125,60,0,800,ok,True,49,49,833.5796881121097,737.1030285979199,776.3523058129111,814.8556034858839,96.54240615670956,84.57029245400398,HIT,True,1280.0835214892422
2026_07_21_gym,flight_125,60,0,850,ok,True,52,52,843.149614746745,752.6037836473278,776.3523058129111,814.8556034858839,91.30810234592595,89.56984073574921,HIT,True,1278.308399497872
2026_07_21_gym,flight_125,60,0,900,ok,True,55,55,824.7426576917576,754.555283849649,776.3523058129111,814.8556034858839,77.31594080906392,70.19559542947677,HIT,True,1280.5444162039357
2026_07_21_gym,flight_125,60,0,950,ok,True,57,57,854.775194315674,758.2054087883621,776.3523058129111,814.8556034858839,96.7439610538244,109.39140390696832,HIT,True,1278.839378449187
2026_07_21_gym,flight_125,60,0,1000,ok,True,60,60,765.1135037570959,763.5471433725123,776.3523058129111,814.8556034858839,52.52493456307428,55.752575787410265,HIT,True,1282.5640199253444
2026_07_21_gym,flight_125,60,0,1050,ok,True,63,63,767.906234619157,802.6337648877618,776.3523058129111,814.8556034858839,14.856293525927336,25.081547619684486,HIT,True,1276.722337381955
2026_07_21_gym,flight_125,60,0,1100,ok,True,66,66,777.2275335575082,779.1183116328002,776.3523058129111,814.8556034858839,35.74800767311924,35.65786672650193,HIT,True,1281.111255414527
2026_07_21_gym,flight_125,60,0,1150,ok,True,69,69,768.4148096142596,795.2892347816239,776.3523058129111,814.8556034858839,21.115080633865706,23.68979572661698,HIT,True,1280.1219588315712
2026_07_21_gym,flight_125,60,0,1200,ok,True,72,72,761.8238259160483,803.8096862733679,776.3523058129111,814.8556034858839,18.25072642881107,24.186772954069202,HIT,True,1279.40646306468
2026_07_21_gym,flight_125,60,0,1250,ok,True,75,75,746.7153447787302,826.3458997691824,776.3523058129111,814.8556034858839,31.78641798031892,37.465755878768135,HIT,True,1276.8765303251096
2026_07_21_gym,flight_126,60,0,150,fit_failed,True,10,10,,,,,,,,,
2026_07_21_gym,flight_126,60,0,200,ok,True,13,13,-33.944095766365706,776.9130190882124,-80.24002514026628,1237.238970570636,462.6481326935101,610.835110165502,MISS_HIGH_WIDE,True,1362.4520042231807
2026_07_21_gym,flight_126,60,0,250,ok,True,16,16,507.32382636123987,1192.5251602118442,-80.24002514026628,1237.238970570636,589.2627634833937,441.7216273296034,HIT,False,1270.717764487188
2026_07_21_gym,flight_126,60,0,300,ok,True,19,19,221.78591827387064,1054.6314466482036,-80.24002514026628,1237.238970570636,352.9379241287073,284.4595050088464,HIT,False,1297.6329272405924
2026_07_21_gym,flight_126,60,0,350,ok,True,22,22,408.4330193790272,1289.0549756996043,-80.24002514026628,1237.238970570636,491.41249763033164,416.88413201343735,HIT,False,1241.221155117721
2026_07_21_gym,flight_126,60,0,400,ok,True,25,25,286.4481567988815,1313.69758462139,-80.24002514026628,1237.238970570636,374.5746153123563,341.46205311929316,HIT,False,1247.7739885607737
2026_07_21_gym,flight_126,60,0,450,ok,True,28,28,-96.30656378434243,1278.2934542046357,-80.24002514026628,1237.238970570636,44.08632770435692,42.45159839833005,MISS_HIGH_WIDE,True,1275.3040042974535
2026_07_21_gym,flight_126,60,0,490,ok,True,30,30,-65.03370319107,1257.0229078400628,-80.24002514026628,1237.238970570636,24.952683244557566,46.19673003802266,MISS_HIGH_WIDE,True,1275.1851297884807
2026_07_21_gym,flight_126,60,0,500,ok,True,31,31,-199.36100942188787,1185.2491535533381,-80.24002514026628,1237.238970570636,129.9721122768821,123.98014039374723,MISS_HIGH_WIDE,True,1293.4586278652564
2026_07_21_gym,flight_126,60,0,550,ok,True,34,34,31.034839393614423,1195.3288431509486,-80.24002514026628,1237.238970570636,118.90565275615761,85.98566780829445,HIT,False,1274.6918597361646
2026_07_21_gym,flight_126,60,0,600,ok,True,37,37,-44.58967713884396,1174.67217525706,-80.24002514026628,1237.238970570636,72.0107713361927,64.41422204027327,MISS_HIGH_WIDE,True,1283.9850454950981
2026_07_21_gym,flight_126,60,0,650,ok,True,40,40,-62.76378073880248,1240.6446417518493,-80.24002514026628,1237.238970570636,17.804991282621913,35.420708714014125,MISS_HIGH_WIDE,True,1277.007328128104
2026_07_21_gym,flight_126,60,0,700,ok,True,43,43,-58.75510197262831,1224.7306629642737,-80.24002514026628,1237.238970570636,24.86080615536604,29.750874690185956,MISS_HIGH_WIDE,True,1277.3345285233424
2026_07_21_gym,flight_126,60,0,750,ok,True,46,46,-93.25568185884238,1186.941841339306,-80.24002514026628,1237.238970570636,51.95390773299856,55.6015381898398,MISS_HIGH_WIDE,True,1284.2529271521696
2026_07_21_gym,flight_126,60,0,800,ok,True,49,49,-118.67340344019253,1188.6147921387153,-80.24002514026628,1237.238970570636,61.97931344992859,63.12003995089826,MISS_HIGH_WIDE,True,1284.1242379325868
2026_07_21_gym,flight_126,60,0,850,ok,True,52,52,-93.79410498738594,1196.6384198400644,-80.24002514026628,1237.238970570636,42.80324520556597,38.503223143030866,MISS_HIGH_WIDE,True,1280.1018636931537
2026_07_21_gym,flight_126,60,0,900,ok,True,55,55,-109.63378228873162,1193.3845417118569,-80.24002514026628,1237.238970570636,52.79397588582124,46.78689494484834,MISS_HIGH_WIDE,True,1281.4763790069196
2026_07_21_gym,flight_126,60,0,950,ok,True,58,58,-107.48197949075475,1227.0789557098985,-80.24002514026628,1237.238970570636,29.074902902752793,18.525806123235263,MISS_HIGH_WIDE,True,1277.2626872244975
2026_07_21_gym,flight_126,60,0,1000,ok,True,61,61,-85.20346982959444,1187.8213449152815,-80.24002514026628,1237.238970570636,49.66626127057243,46.6597867349268,MISS_HIGH_WIDE,True,1282.3196100150678
2026_07_21_gym,flight_126,60,0,1050,ok,True,64,64,-93.20674881844084,1219.5269357973114,-80.24002514026628,1237.238970570636,21.951129783170447,25.17673470390974,MISS_HIGH_WIDE,True,1277.6725979205123
2026_07_21_gym,flight_126,60,0,1100,ok,True,67,67,-71.71305273865873,1211.8285834702817,-80.24002514026628,1237.238970570636,26.802929521371826,43.37894692222684,MISS_HIGH_WIDE,True,1278.1661586959751
2026_07_21_gym,flight_126,60,0,1150,ok,True,70,70,-72.83773333557798,1221.5166711907832,-80.24002514026628,1237.238970570636,17.377704731968315,36.91688462926394,MISS_HIGH_WIDE,True,1277.1980285523587
2026_07_21_gym,flight_126,60,0,1200,ok,True,72,72,-98.83019347260469,1235.581865051721,-80.24002514026628,1237.238970570636,18.66387841059559,19.299753898482518,MISS_HIGH_WIDE,True,1276.960261195762
2026_07_21_gym,flight_126,60,0,1250,ok,True,75,75,-97.53912791114483,1236.8243397553006,-80.24002514026628,1237.238970570636,17.3040710640717,15.235478950367364,MISS_HIGH_WIDE,True,1276.7282804067474
2026_07_21_gym,flight_13,60,0,150,fit_failed,True,10,10,,,,,,,,,
2026_07_21_gym,flight_13,60,0,200,ok,True,13,13,1083.4557999553776,922.6760769584293,867.3621528353062,928.8121455991962,216.1807476719843,553.5610353739213,HIT,True,629.5812321433419
2026_07_21_gym,flight_13,60,0,250,ok,True,16,16,926.9479154884528,924.5419652250355,867.3621528353062,928.8121455991962,59.7385767438846,185.92561374453692,HIT,True,645.4609624450529
2026_07_21_gym,flight_13,60,0,300,ok,True,19,19,923.7017138770996,957.2659259619431,867.3621528353062,928.8121455991962,63.117063899657104,242.57542310389212,HIT,True,643.5156909434868
2026_07_21_gym,flight_13,60,0,350,ok,True,22,22,856.5203588372926,961.7232655295862,867.3621528353062,928.8121455991962,34.65092079826851,115.4109115674211,HIT,True,649.0789509573021
2026_07_21_gym,flight_13,60,0,400,ok,True,25,25,927.8649998465986,946.9907959276794,867.3621528353062,928.8121455991962,63.17481954257655,204.45575978984422,HIT,True,646.2116416713302
2026_07_21_gym,flight_13,60,0,450,ok,True,28,28,900.6040749351512,952.9242101078981,867.3621528353062,928.8121455991962,41.06600832518254,149.38775976779306,HIT,True,648.967572901928
2026_07_21_gym,flight_13,60,0,490,ok,True,30,30,855.1421309773241,952.3977903647515,867.3621528353062,928.8121455991962,26.56335018811679,79.06193175881863,HIT,True,651.3587322874462
2026_07_21_gym,flight_13,60,0,500,ok,True,31,31,866.1189048944517,941.940531053597,867.3621528353062,928.8121455991962,13.187121372072143,60.362528143269735,HIT,True,651.8592336460457
2026_07_21_gym,flight_13,60,0,550,ok,True,34,34,849.363810087292,939.9948873614358,867.3621528353062,928.8121455991962,21.189479818908545,55.4546102029232,HIT,True,652.755846971083
2026_07_21_gym,flight_13,60,0,600,ok,True,37,37,853.1392234947511,937.8844205706117,867.3621528353062,928.8121455991962,16.87002940671398,49.43203969354745,HIT,True,653.1761207779275
2026_07_21_gym,flight_13,60,0,650,ok,True,40,40,861.6746511805133,938.5802633675615,867.3621528353062,928.8121455991962,11.30326500662206,47.37591977513323,HIT,True,652.9324400107154
2026_07_21_gym,flight_13,60,0,700,ok,False,43,43,860.6084790329957,934.4517293042421,867.3621528353062,928.8121455991962,8.798693891381559,36.84264528227992,HIT,True,653.2582650421981
2026_07_21_gym,flight_13,60,0,750,ok,False,45,45,862.6893189232586,935.5946747698317,867.3621528353062,928.8121455991962,8.236387479963748,42.71078722821675,HIT,True,653.084651521404
2026_07_21_gym,flight_13,60,0,800,ok,False,46,46,866.8765057436091,928.7794639120098,867.3621528353062,928.8121455991962,0.4867455088146834,19.19233021558319,HIT,True,653.9562095863113
2026_07_21_gym,flight_13,60,0,850,ok,False,46,46,866.8765057436091,928.7794639120098,867.3621528353062,928.8121455991962,0.4867455088146834,19.19233021558319,HIT,True,653.9562095863113
2026_07_21_gym,flight_13,60,0,900,ok,False,46,46,866.8765057436091,928.7794639120098,867.3621528353062,928.8121455991962,0.4867455088146834,19.19233021558319,HIT,True,653.9562095863113
2026_07_21_gym,flight_13,60,0,950,ok,False,46,46,866.8765057436091,928.7794639120098,867.3621528353062,928.8121455991962,0.4867455088146834,19.19233021558319,HIT,True,653.9562095863113
2026_07_21_gym,flight_13,60,0,1000,ok,False,46,46,866.8765057436091,928.7794639120098,867.3621528353062,928.8121455991962,0.4867455088146834,19.19233021558319,HIT,True,653.9562095863113
2026_07_21_gym,flight_13,60,0,1050,ok,False,46,46,866.8765057436091,928.7794639120098,867.3621528353062,928.8121455991962,0.4867455088146834,19.19233021558319,HIT,True,653.9562095863113
2026_07_21_gym,flight_13,60,0,1100,ok,False,46,46,866.8765057436091,928.7794639120098,867.3621528353062,928.8121455991962,0.4867455088146834,19.19233021558319,HIT,True,653.9562095863113
2026_07_21_gym,flight_13,60,0,1150,ok,False,46,46,866.8765057436091,928.7794639120098,867.3621528353062,928.8121455991962,0.4867455088146834,19.19233021558319,HIT,True,653.9562095863113
2026_07_21_gym,flight_13,60,0,1200,ok,False,46,46,866.8765057436091,928.7794639120098,867.3621528353062,928.8121455991962,0.4867455088146834,19.19233021558319,HIT,True,653.9562095863113
2026_07_21_gym,flight_13,60,0,1250,ok,False,46,46,866.8765057436091,928.7794639120098,867.3621528353062,928.8121455991962,0.4867455088146834,19.19233021558319,HIT,True,653.9562095863113
2026_07_21_gym,flight_14,60,0,150,ok,True,10,10,1227.6362644944852,356.83375674811754,1175.1617332896342,451.72457156442846,108.43358871526985,213.79206795786007,HIT,True,613.8775326122383
2026_07_21_gym,flight_14,60,0,200,ok,True,13,13,1085.6682873050445,396.4103714057804,1175.1617332896342,451.72457156442846,105.20806819530362,265.199984647094,HIT,True,616.0634017348557
2026_07_21_gym,flight_14,60,0,250,ok,True,16,16,1128.4766021399494,415.3508074457516,1175.1617332896342,451.72457156442846,59.18236381409933,144.2909678780832,HIT,True,609.0981967242707
2026_07_21_gym,flight_14,60,0,300,ok,True,19,19,1178.5890583796786,435.8254694963157,1175.1617332896342,451.72457156442846,16.26431688836379,26.978846388479948,HIT,True,603.6326660743335
2026_07_21_gym,flight_14,60,0,350,ok,True,22,22,1174.5697217270183,432.01375806797876,1175.1617332896342,451.72457156442846,19.719701985123777,41.177504027004055,HIT,True,604.0347874923395
2026_07_21_gym,flight_14,60,0,400,ok,True,25,25,1167.6670624685737,443.6412326602962,1175.1617332896342,451.72457156442846,11.023178242009564,32.084196853763366,HIT,True,603.2460359009269
2026_07_21_gym,flight_14,60,0,450,ok,True,28,28,1161.7080238188344,442.88053969142754,1175.1617332896342,451.72457156442846,16.100285658811924,40.599144138261124,HIT,True,602.8733597865404
2026_07_21_gym,flight_14,60,0,490,ok,True,30,30,1131.4068879598935,448.041312718371,1175.1617332896342,451.72457156442846,43.9095990138442,94.5910937988765,HIT,True,601.8526159812945
2026_07_21_gym,flight_14,60,0,500,ok,True,31,31,1110.265082699753,451.70504830585793,1175.1617332896342,451.72457156442846,64.89665352653203,143.66249589142168,HIT,True,601.5082220704389
2026_07_21_gym,flight_14,60,0,550,ok,True,34,34,1150.1359753921859,454.4051767340352,1175.1617332896342,451.72457156442846,25.16891341351509,61.10144376851471,HIT,True,601.984599982711
2026_07_21_gym,flight_14,60,0,600,ok,True,37,37,1173.4808569770914,458.78177104690343,1175.1617332896342,451.72457156442846,7.254612995433479,25.70518317870596,HIT,True,602.3594841516142
2026_07_21_gym,flight_14,60,0,650,ok,False,39,39,1183.550028199976,451.60159493100605,1175.1617332896342,451.72457156442846,8.389196311639948,11.819013444374994,HIT,True,602.6272021499105
2026_07_21_gym,flight_14,60,0,700,ok,False,39,39,1183.550028199976,451.60159493100605,1175.1617332896342,451.72457156442846,8.389196311639948,11.819013444374994,HIT,True,602.6272021499105
2026_07_21_gym,flight_14,60,0,750,ok,False,39,39,1183.550028199976,451.60159493100605,1175.1617332896342,451.72457156442846,8.389196311639948,11.819013444374994,HIT,True,602.6272021499105
2026_07_21_gym,flight_14,60,0,800,ok,False,39,39,1183.550028199976,451.60159493100605,1175.1617332896342,451.72457156442846,8.389196311639948,11.819013444374994,HIT,True,602.6272021499105
2026_07_21_gym,flight_14,60,0,850,ok,False,39,39,1183.550028199976,451.60159493100605,1175.1617332896342,451.72457156442846,8.389196311639948,11.819013444374994,HIT,True,602.6272021499105
2026_07_21_gym,flight_14,60,0,900,ok,False,39,39,1183.550028199976,451.60159493100605,1175.1617332896342,451.72457156442846,8.389196311639948,11.819013444374994,HIT,True,602.6272021499105
2026_07_21_gym,flight_14,60,0,950,ok,False,39,39,1183.550028199976,451.60159493100605,1175.1617332896342,451.72457156442846,8.389196311639948,11.819013444374994,HIT,True,602.6272021499105
2026_07_21_gym,flight_14,60,0,1000,ok,False,39,39,1183.550028199976,451.60159493100605,1175.1617332896342,451.72457156442846,8.389196311639948,11.819013444374994,HIT,True,602.6272021499105
2026_07_21_gym,flight_14,60,0,1050,ok,False,39,39,1183.550028199976,451.60159493100605,1175.1617332896342,451.72457156442846,8.389196311639948,11.819013444374994,HIT,True,602.6272021499105
2026_07_21_gym,flight_14,60,0,1100,ok,False,39,39,1183.550028199976,451.60159493100605,1175.1617332896342,451.72457156442846,8.389196311639948,11.819013444374994,HIT,True,602.6272021499105
2026_07_21_gym,flight_14,60,0,1150,ok,False,39,39,1183.550028199976,451.60159493100605,1175.1617332896342,451.72457156442846,8.389196311639948,11.819013444374994,HIT,True,602.6272021499105
2026_07_21_gym,flight_14,60,0,1200,ok,False,39,39,1183.550028199976,451.60159493100605,1175.1617332896342,451.72457156442846,8.389196311639948,11.819013444374994,HIT,True,602.6272021499105
2026_07_21_gym,flight_14,60,0,1250,ok,False,39,39,1183.550028199976,451.60159493100605,1175.1617332896342,451.72457156442846,8.389196311639948,11.819013444374994,HIT,True,602.6272021499105
2026_07_21_gym,flight_15,60,0,150,ok,True,10,10,770.0729124468702,1476.5343872899468,733.3937240211717,1442.5177347933918,50.02494888192569,93.98699761665743,HIT,True,662.3163497930406
2026_07_21_gym,flight_15,60,0,200,ok,True,13,13,744.4026171885592,1503.014677229476,733.3937240211717,1442.5177347933918,61.49045269703133,110.85091630915389,HIT,True,665.5455882671858
2026_07_21_gym,flight_15,60,0,250,ok,True,16,16,791.0338977198679,1515.626449306904,733.3937240211717,1442.5177347933918,93.09819419212229,163.34509962087,HIT,True,661.2499236232595
2026_07_21_gym,flight_15,60,0,300,ok,True,19,19,736.1604030608511,1517.6626220141322,733.3937240211717,1442.5177347933918,75.19580166689094,149.81646883506963,HIT,True,659.698705841378
2026_07_21_gym,flight_15,60,0,350,ok,True,22,22,735.7719984326172,1495.5239176969774,733.3937240211717,1442.5177347933918,53.059510129518756,116.0009193885198,HIT,True,659.6566450096433
2026_07_21_gym,flight_15,60,0,400,ok,True,25,25,731.6165263107841,1478.070235197029,733.3937240211717,1442.5177347933918,35.596891952141384,82.86171592841237,HIT,True,660.7010272199427
2026_07_21_gym,flight_15,60,0,450,ok,True,28,28,716.1337344524998,1471.2502781566084,733.3937240211717,1442.5177347933918,33.51814863666822,76.30074917478383,HIT,True,661.4939634535132
2026_07_21_gym,flight_15,60,0,490,ok,True,30,30,699.9536178686097,1473.577024889846,733.3937240211717,1442.5177347933918,45.63902059411775,97.01804676658563,HIT,True,661.2089745744429
2026_07_21_gym,flight_15,60,0,500,ok,True,31,31,699.95361811185,1473.577023846848,733.3937240211717,1442.5177347933918,45.639019706089215,97.01804503377365,HIT,True,661.2089748447347
2026_07_21_gym,flight_15,60,0,550,ok,True,34,34,730.2746638487713,1462.715878770415,733.3937240211717,1442.5177347933918,20.437552604840224,52.62139476795024,HIT,True,661.7263384833393
2026_07_21_gym,flight_15,60,0,600,ok,True,37,37,709.5607499942415,1460.7288440477028,733.3937240211717,1442.5177347933918,29.994251970015487,67.14809796389754,HIT,True,661.6042887088505
2026_07_21_gym,flight_15,60,0,650,ok,True,40,40,721.3318755790391,1447.5759505428402,733.3937240211717,1442.5177347933918,13.079515832359577,35.541987196420564,HIT,True,662.2616430069863
2026_07_21_gym,flight_15,60,0,700,ok,False,43,43,703.4397284072193,1463.6204474654382,733.3937240211717,1442.5177347933918,36.64104713787026,82.24069422936958,HIT,True,660.7670165138001
2026_07_21_gym,flight_15,60,0,750,ok,False,46,46,678.6517899725194,1473.9561263077685,733.3937240211717,1442.5177347933918,63.1272667268133,138.09643555330774,HIT,True,659.1279360098771
2026_07_21_gym,flight_15,60,0,800,ok,False,49,49,669.2653373537574,1473.394902972357,733.3937240211717,1442.5177347933918,71.17478128745806,157.57979939179398,HIT,True,658.2129082959817
2026_07_21_gym,flight_15,60,0,850,ok,False,52,52,740.5795603934561,1437.41736636414,733.3937240211717,1442.5177347933918,8.8119238809328,20.82556058400084,HIT,True,663.6824425669772
2026_07_21_gym,flight_15,60,0,900,ok,False,54,54,749.2987664160623,1438.156745736543,733.3937240211717,1442.5177347933918,16.4920768594263,28.472146885335782,HIT,True,663.5067958518956
2026_07_21_gym,flight_15,60,0,950,ok,False,54,54,749.2987664160623,1438.156745736543,733.3937240211717,1442.5177347933918,16.4920768594263,28.472146885335782,HIT,True,663.5067958518956
2026_07_21_gym,flight_15,60,0,1000,ok,False,54,54,749.2987664160623,1438.156745736543,733.3937240211717,1442.5177347933918,16.4920768594263,28.472146885335782,HIT,True,663.5067958518956
2026_07_21_gym,flight_15,60,0,1050,ok,False,54,54,749.2987664160623,1438.156745736543,733.3937240211717,1442.5177347933918,16.4920768594263,28.472146885335782,HIT,True,663.5067958518956
2026_07_21_gym,flight_15,60,0,1100,ok,False,54,54,749.2987664160623,1438.156745736543,733.3937240211717,1442.5177347933918,16.4920768594263,28.472146885335782,HIT,True,663.5067958518956
2026_07_21_gym,flight_15,60,0,1150,ok,False,54,54,749.2987664160623,1438.156745736543,733.3937240211717,1442.5177347933918,16.4920768594263,28.472146885335782,HIT,True,663.5067958518956
2026_07_21_gym,flight_15,60,0,1200,ok,False,54,54,749.2987664160623,1438.156745736543,733.3937240211717,1442.5177347933918,16.4920768594263,28.472146885335782,HIT,True,663.5067958518956
2026_07_21_gym,flight_15,60,0,1250,ok,False,54,54,749.2987664160623,1438.156745736543,733.3937240211717,1442.5177347933918,16.4920768594263,28.472146885335782,HIT,True,663.5067958518956
2026_07_21_gym,flight_16,60,0,150,fit_failed,True,10,10,,,,,,,,,
2026_07_21_gym,flight_16,60,0,200,ok,True,13,13,839.2694860707314,485.05906140760294,733.0109474354193,488.5735986451432,106.31664500399819,218.48820305948317,HIT,True,540.0283845961666
2026_07_21_gym,flight_16,60,0,250,ok,True,16,16,735.6388784900888,464.9105683491251,733.0109474354193,488.5735986451432,23.808507395852537,78.88357427278987,HIT,True,545.3066678061821
2026_07_21_gym,flight_16,60,0,300,ok,True,19,19,830.9165130586946,484.63238247215315,733.0109474354193,488.5735986451432,97.98486089664922,214.70795897453996,HIT,True,541.6778075445095
2026_07_21_gym,flight_16,60,0,350,ok,True,22,22,844.8625380471813,481.94305075824724,733.0109474354193,488.5735986451432,112.04794727107503,221.7588160058495,HIT,True,543.7328108687029
2026_07_21_gym,flight_16,60,0,400,ok,True,24,24,823.75887884806,487.83125631039326,733.0109474354193,488.5735986451432,90.75096764120646,175.64690624658797,HIT,True,543.1988987354877
2026_07_21_gym,flight_16,60,0,450,ok,True,27,27,850.829503081816,485.25276740216447,733.0109474354193,488.5735986451432,117.86534679348048,234.2846683693286,HIT,True,544.5182195712629
2026_07_21_gym,flight_16,60,0,490,ok,True,29,29,800.3221296845666,487.39251986640636,733.0109474354193,488.5735986451432,67.32154337847207,137.95867515474657,HIT,True,544.5360033180515
2026_07_21_gym,flight_16,60,0,500,ok,True,30,30,801.2191953379289,485.97201621408254,733.0109474354193,488.5735986451432,68.25784433364275,120.48221053261314,HIT,True,544.760621613806
2026_07_21_gym,flight_16,60,0,550,ok,False,33,33,728.3166360411817,487.51236219628225,733.0109474354193,488.5735986451432,4.812772825145613,33.666123632158964,HIT,True,544.2004301191807
2026_07_21_gym,flight_16,60,0,600,ok,False,34,34,767.1772867899609,478.1538322036885,733.0109474354193,488.5735986451432,35.71988630418864,55.79792976317123,HIT,True,545.9085740262152
2026_07_21_gym,flight_16,60,0,650,ok,False,34,34,767.1772867899609,478.1538322036885,733.0109474354193,488.5735986451432,35.71988630418864,55.79792976317123,HIT,True,545.9085740262152
2026_07_21_gym,flight_16,60,0,700,ok,False,34,34,767.1772867899609,478.1538322036885,733.0109474354193,488.5735986451432,35.71988630418864,55.79792976317123,HIT,True,545.9085740262152
2026_07_21_gym,flight_16,60,0,750,ok,False,34,34,767.1772867899609,478.1538322036885,733.0109474354193,488.5735986451432,35.71988630418864,55.79792976317123,HIT,True,545.9085740262152
2026_07_21_gym,flight_16,60,0,800,ok,False,34,34,767.1772867899609,478.1538322036885,733.0109474354193,488.5735986451432,35.71988630418864,55.79792976317123,HIT,True,545.9085740262152
2026_07_21_gym,flight_16,60,0,850,ok,False,34,34,767.1772867899609,478.1538322036885,733.0109474354193,488.5735986451432,35.71988630418864,55.79792976317123,HIT,True,545.9085740262152
2026_07_21_gym,flight_16,60,0,900,ok,False,34,34,767.1772867899609,478.1538322036885,733.0109474354193,488.5735986451432,35.71988630418864,55.79792976317123,HIT,True,545.9085740262152
2026_07_21_gym,flight_16,60,0,950,ok,False,34,34,767.1772867899609,478.1538322036885,733.0109474354193,488.5735986451432,35.71988630418864,55.79792976317123,HIT,True,545.9085740262152
2026_07_21_gym,flight_16,60,0,1000,ok,False,34,34,767.1772867899609,478.1538322036885,733.0109474354193,488.5735986451432,35.71988630418864,55.79792976317123,HIT,True,545.9085740262152
2026_07_21_gym,flight_16,60,0,1050,ok,False,34,34,767.1772867899609,478.1538322036885,733.0109474354193,488.5735986451432,35.71988630418864,55.79792976317123,HIT,True,545.9085740262152
2026_07_21_gym,flight_16,60,0,1100,ok,False,34,34,767.1772867899609,478.1538322036885,733.0109474354193,488.5735986451432,35.71988630418864,55.79792976317123,HIT,True,545.9085740262152
2026_07_21_gym,flight_16,60,0,1150,ok,False,34,34,767.1772867899609,478.1538322036885,733.0109474354193,488.5735986451432,35.71988630418864,55.79792976317123,HIT,True,545.9085740262152
2026_07_21_gym,flight_16,60,0,1200,ok,False,34,34,767.1772867899609,478.1538322036885,733.0109474354193,488.5735986451432,35.71988630418864,55.79792976317123,HIT,True,545.9085740262152
2026_07_21_gym,flight_16,60,0,1250,ok,False,34,34,767.1772867899609,478.1538322036885,733.0109474354193,488.5735986451432,35.71988630418864,55.79792976317123,HIT,True,545.9085740262152
2026_07_21_gym,flight_18,60,0,150,fit_failed,True,10,10,,,,,,,,,
2026_07_21_gym,flight_18,60,0,200,fit_failed,True,13,13,,,,,,,,,
2026_07_21_gym,flight_18,60,0,250,fit_failed,True,16,16,,,,,,,,,
2026_07_21_gym,flight_18,60,0,300,ok,True,19,19,292.28178414509756,533.5672530851962,-361.39329616542835,337.4237103158979,682.4686073286185,834.495995332553,HIT,False,998.1029842240883
2026_07_21_gym,flight_18,60,0,350,ok,True,22,22,286.0603638651953,506.5031554999247,-361.39329616542835,337.4237103158979,669.166721132177,792.861900122577,HIT,False,1001.3053494176133
2026_07_21_gym,flight_18,60,0,400,ok,True,25,25,-163.1844396143528,335.54733402744495,-361.39329616542835,337.4237103158979,198.21773786233337,227.52709760869632,MISS_HIGH_WIDE,True,1040.59725968402
2026_07_21_gym,flight_18,60,0,450,ok,True,28,28,-347.146453662526,253.39089172438767,-361.39329616542835,337.4237103158979,85.23196068222396,104.12406723129702,MISS_HIGH_WIDE,True,1065.011285309798
2026_07_21_gym,flight_18,60,0,490,ok,True,30,30,-316.3541277771178,244.96644083721662,-361.39329616542835,337.4237103158979,102.8439272323071,124.5527643015437,MISS_HIGH_WIDE,True,1066.1243629229277
2026_07_21_gym,flight_18,60,0,500,ok,True,31,31,-404.84297815872924,217.34448924777587,-361.39329616542835,337.4237103158979,127.69845025545884,178.01204121164517,MISS_HIGH_WIDE,True,1074.1995044974847
2026_07_21_gym,flight_18,60,0,550,ok,True,34,34,-269.2650628955469,305.965400115487,-361.39329616542835,337.4237103158979,97.35109987100795,111.52627021741519,MISS_HIGH_WIDE,True,1055.9823871164558
2026_07_21_gym,flight_18,60,0,600,ok,True,37,37,-352.4291729193218,216.49210291933056,-361.39329616542835,337.4237103158979,121.26338760355034,154.5708767680997,MISS_HIGH_WIDE,True,1071.2166387665766
2026_07_21_gym,flight_18,60,0,650,ok,True,40,40,-417.9307414886177,241.16612859098967,-361.39329616542835,337.4237103158979,111.63334969085183,152.43708926797163,MISS_HIGH_WIDE,True,1069.272784977612
2026_07_21_gym,flight_18,60,0,700,ok,True,43,43,-418.4819216148866,271.1942695847124,-361.39329616542835,337.4237103158979,87.4382637937999,116.20219353663482,MISS_HIGH_WIDE,True,1066.234216360081
2026_07_21_gym,flight_18,60,0,750,ok,True,46,46,-393.7240294679268,286.37298194445674,-361.39329616542835,337.4237103158979,60.42725530033571,80.97254563967135,MISS_HIGH_WIDE,True,1064.5036874136856
2026_07_21_gym,flight_18,60,0,800,ok,True,48,48,-422.17569280458144,284.82920010306105,-361.39329616542835,337.4237103158979,80.37836926516691,132.09983768848963,MISS_HIGH_WIDE,True,1066.3655453312583
2026_07_21_gym,flight_18,60,0,850,ok,True,50,50,-389.21871634771975,284.3600957295026,-361.39329616542835,337.4237103158979,59.916618740501164,83.2233454266696,MISS_HIGH_WIDE,True,1064.468095523203
2026_07_21_gym,flight_18,60,0,900,ok,True,52,52,-393.8740121842228,285.8809970453127,-361.39329616542835,337.4237103158979,60.92329771431721,96.29546033128277,MISS_HIGH_WIDE,True,1065.5766143183055
2026_07_21_gym,flight_18,60,0,950,ok,True,55,55,-329.282831209278,281.78622266663325,-361.39329616542835,337.4237103158979,64.23871100529831,70.71906910592348,MISS_HIGH_WIDE,True,1064.3141390109977
2026_07_21_gym,flight_18,60,0,1000,ok,True,58,58,-293.68834424680057,278.8619666267279,-361.39329616542835,337.4237103158979,89.51781017328194,93.74690070493415,MISS_HIGH_WIDE,True,1066.8361826142236
2026_07_21_gym,flight_18,60,0,1050,ok,True,61,61,-329.22309582534876,302.2109116268437,-361.39329616542835,337.4237103158979,47.695523704397175,62.63656135809756,MISS_HIGH_WIDE,True,1064.9981930169397
2026_07_21_gym,flight_18,60,0,1100,ok,False,62,62,-309.2344844201914,312.8177911316727,-361.39329616542835,337.4237103158979,57.67142187926087,61.30379319845035,MISS_HIGH_WIDE,True,1062.2887981470276
2026_07_21_gym,flight_18,60,0,1150,ok,False,62,62,-309.2344844201914,312.8177911316727,-361.39329616542835,337.4237103158979,57.67142187926087,61.30379319845035,MISS_HIGH_WIDE,True,1062.2887981470276
2026_07_21_gym,flight_18,60,0,1200,ok,False,62,62,-309.2344844201914,312.8177911316727,-361.39329616542835,337.4237103158979,57.67142187926087,61.30379319845035,MISS_HIGH_WIDE,True,1062.2887981470276
2026_07_21_gym,flight_18,60,0,1250,ok,False,62,62,-309.2344844201914,312.8177911316727,-361.39329616542835,337.4237103158979,57.67142187926087,61.30379319845035,MISS_HIGH_WIDE,True,1062.2887981470276
2026_07_21_gym,flight_19,60,0,150,fit_failed,True,10,10,,,,,,,,,
2026_07_21_gym,flight_19,60,0,200,ok,True,13,13,402.9199050172183,737.4875082972532,389.2904956612864,814.9236620566472,78.6264504377508,107.64484108899751,HIT,True,876.2590301429032
2026_07_21_gym,flight_19,60,0,250,ok,True,16,16,578.4328555997778,821.1201408907248,389.2904956612864,814.9236620566472,189.24383391023073,313.7309162469723,HIT,True,858.3359096972274
2026_07_21_gym,flight_19,60,0,300,ok,True,19,19,391.114611999866,862.5400109993319,389.2904956612864,814.9236620566472,47.65127581763348,164.69784576235628,HIT,True,857.8726741922475
2026_07_21_gym,flight_19,60,0,350,ok,True,22,22,126.67957979458811,795.8959822008062,389.2904956612864,814.9236620566472,263.29934624499634,287.69515759237817,HIT,True,881.2227996028902
2026_07_21_gym,flight_19,60,0,400,ok,True,25,25,312.1014429926442,790.795136513624,389.2904956612864,814.9236620566472,80.87234135823411,89.54824641443228,HIT,True,877.3419053276205
2026_07_21_gym,flight_19,60,0,450,ok,True,28,28,434.87110294589144,806.6523053311397,389.2904956612864,814.9236620566472,46.32501594726103,151.03709320032016,HIT,True,865.5387432366438
2026_07_21_gym,flight_19,60,0,490,ok,True,30,30,463.72809159979215,799.0808393454207,389.2904956612864,814.9236620566472,76.10486660236388,145.42652192858773,HIT,True,868.1558199130866
2026_07_21_gym,flight_19,60,0,500,ok,True,31,31,373.36279650118126,786.2468582750811,389.2904956612864,814.9236620566472,32.803211362018516,34.52031477950035,HIT,True,873.9768006949876
2026_07_21_gym,flight_19,60,0,550,ok,True,34,34,431.08658046503723,807.8750582150117,389.2904956612864,814.9236620566472,42.386265712358416,107.63102013288598,HIT,True,869.1908522549836
2026_07_21_gym,flight_19,60,0,600,ok,True,37,37,436.49505775266846,823.7195126954575,389.2904956612864,814.9236620566472,48.01705603948876,129.51383578812687,HIT,True,867.4173430552686
2026_07_21_gym,flight_19,60,0,650,ok,True,40,40,420.8414535566683,807.2323646635169,389.2904956612864,814.9236620566472,32.47489799376949,56.58635615412977,HIT,True,871.6856905767307
2026_07_21_gym,flight_19,60,0,700,ok,True,43,43,380.6778853039263,818.5166645424623,389.2904956612864,814.9236620566472,9.332026791152057,34.638627637834645,HIT,True,870.6923496732292
2026_07_21_gym,flight_19,60,0,750,ok,True,46,46,335.1820286737191,834.0413225417657,389.2904956612864,814.9236620566472,57.3865066210596,78.37221117822111,HIT,True,869.526024255045
2026_07_21_gym,flight_19,60,0,800,ok,True,49,49,393.85300642358374,817.5407673841428,389.2904956612864,814.9236620566472,5.259823642602917,28.17605292303516,HIT,True,872.0455031127315
2026_07_21_gym,flight_19,60,0,850,ok,True,51,51,426.39970189324976,810.8974812980681,389.2904956612864,814.9236620566472,37.32697842937653,78.1770435201549,HIT,True,872.2151500649043
2026_07_21_gym,flight_19,60,0,900,ok,False,54,54,396.2095221378697,819.3105787193163,389.2904956612864,814.9236620566472,8.192555473651929,42.2188881550635,HIT,True,873.3149749795322
2026_07_21_gym,flight_19,60,0,950,ok,False,57,57,401.47742602137663,818.7974146486494,389.2904956612864,814.9236620566472,12.78777661463212,62.94465841919623,HIT,True,873.1859779356815
2026_07_21_gym,flight_19,60,0,1000,ok,False,58,58,342.58458839505846,833.501312773082,389.2904956612864,814.9236620566472,50.26500651251656,68.09569861447537,HIT,True,870.416845851705
2026_07_21_gym,flight_19,60,0,1050,ok,False,58,58,342.58458839505846,833.501312773082,389.2904956612864,814.9236620566472,50.26500651251656,68.09569861447537,HIT,True,870.416845851705
2026_07_21_gym,flight_19,60,0,1100,ok,False,58,58,342.58458839505846,833.501312773082,389.2904956612864,814.9236620566472,50.26500651251656,68.09569861447537,HIT,True,870.416845851705
2026_07_21_gym,flight_19,60,0,1150,ok,False,58,58,342.58458839505846,833.501312773082,389.2904956612864,814.9236620566472,50.26500651251656,68.09569861447537,HIT,True,870.416845851705
2026_07_21_gym,flight_19,60,0,1200,ok,False,58,58,342.58458839505846,833.501312773082,389.2904956612864,814.9236620566472,50.26500651251656,68.09569861447537,HIT,True,870.416845851705
2026_07_21_gym,flight_19,60,0,1250,ok,False,58,58,342.58458839505846,833.501312773082,389.2904956612864,814.9236620566472,50.26500651251656,68.09569861447537,HIT,True,870.416845851705
2026_07_21_gym,flight_2,60,0,150,ok,True,10,10,765.0021057638946,182.02981378726372,799.9221228918444,304.5992213638513,127.44672326070982,365.4354743390061,HIT,True,508.5841906453051
2026_07_21_gym,flight_2,60,0,200,ok,True,13,13,657.3083837321731,203.2995823864994,799.9221228918444,304.5992213638513,174.92940134249764,436.58892012209077,HIT,True,506.2710301574882
2026_07_21_gym,flight_2,60,0,250,ok,True,16,16,683.173559013157,246.16714993030095,799.9221228918444,304.5992213638513,130.55471703370768,325.7205680046236,HIT,True,501.791799110666
2026_07_21_gym,flight_2,60,0,300,ok,True,19,19,723.888957010872,257.8602386807976,799.9221228918444,304.5992213638513,89.25006899790199,221.12315735720605,HIT,True,498.8464127987659
2026_07_21_gym,flight_2,60,0,350,ok,True,21,21,760.9510960798618,271.50605649941394,799.9221228918444,304.5992213638513,51.12629941160517,130.50798222617826,HIT,True,497.0432400513962
2026_07_21_gym,flight_2,60,0,400,ok,True,23,23,786.0493506923325,292.6254559828581,799.9221228918444,304.5992213638513,18.325524982892638,46.06545750897082,HIT,True,494.67835554743357
2026_07_21_gym,flight_2,60,0,450,ok,True,26,26,823.444600095213,298.49981258817564,799.9221228918444,304.5992213638513,24.300405782533414,73.63801487011246,HIT,True,494.75186228782206
2026_07_21_gym,flight_2,60,0,490,ok,True,27,27,823.4446010310376,298.49980850213166,799.9221228918444,304.5992213638513,24.300407713997934,73.63801598646822,HIT,True,494.7518630983796
2026_07_21_gym,flight_2,60,0,500,ok,False,27,27,823.4446010310376,298.49980850213166,799.9221228918444,304.5992213638513,24.300407713997934,73.63801598646822,HIT,True,494.7518630983796
2026_07_21_gym,flight_2,60,0,550,ok,False,27,27,823.4446010310376,298.49980850213166,799.9221228918444,304.5992213638513,24.300407713997934,73.63801598646822,HIT,True,494.7518630983796
2026_07_21_gym,flight_2,60,0,600,ok,False,27,27,823.4446010310376,298.49980850213166,799.9221228918444,304.5992213638513,24.300407713997934,73.63801598646822,HIT,True,494.7518630983796
2026_07_21_gym,flight_2,60,0,650,ok,False,27,27,823.4446010310376,298.49980850213166,799.9221228918444,304.5992213638513,24.300407713997934,73.63801598646822,HIT,True,494.7518630983796
2026_07_21_gym,flight_2,60,0,700,ok,False,27,27,823.4446010310376,298.49980850213166,799.9221228918444,304.5992213638513,24.300407713997934,73.63801598646822,HIT,True,494.7518630983796
2026_07_21_gym,flight_2,60,0,750,ok,False,27,27,823.4446010310376,298.49980850213166,799.9221228918444,304.5992213638513,24.300407713997934,73.63801598646822,HIT,True,494.7518630983796
2026_07_21_gym,flight_2,60,0,800,ok,False,27,27,823.4446010310376,298.49980850213166,799.9221228918444,304.5992213638513,24.300407713997934,73.63801598646822,HIT,True,494.7518630983796
2026_07_21_gym,flight_2,60,0,850,ok,False,27,27,823.4446010310376,298.49980850213166,799.9221228918444,304.5992213638513,24.300407713997934,73.63801598646822,HIT,True,494.7518630983796
2026_07_21_gym,flight_2,60,0,900,ok,False,27,27,823.4446010310376,298.49980850213166,799.9221228918444,304.5992213638513,24.300407713997934,73.63801598646822,HIT,True,494.7518630983796
2026_07_21_gym,flight_2,60,0,950,ok,False,27,27,823.4446010310376,298.49980850213166,799.9221228918444,304.5992213638513,24.300407713997934,73.63801598646822,HIT,True,494.7518630983796
2026_07_21_gym,flight_2,60,0,1000,ok,False,27,27,823.4446010310376,298.49980850213166,799.9221228918444,304.5992213638513,24.300407713997934,73.63801598646822,HIT,True,494.7518630983796
2026_07_21_gym,flight_2,60,0,1050,ok,False,27,27,823.4446010310376,298.49980850213166,799.9221228918444,304.5992213638513,24.300407713997934,73.63801598646822,HIT,True,494.7518630983796
2026_07_21_gym,flight_2,60,0,1100,ok,False,27,27,823.4446010310376,298.49980850213166,799.9221228918444,304.5992213638513,24.300407713997934,73.63801598646822,HIT,True,494.7518630983796
2026_07_21_gym,flight_2,60,0,1150,ok,False,27,27,823.4446010310376,298.49980850213166,799.9221228918444,304.5992213638513,24.300407713997934,73.63801598646822,HIT,True,494.7518630983796
2026_07_21_gym,flight_2,60,0,1200,ok,False,27,27,823.4446010310376,298.49980850213166,799.9221228918444,304.5992213638513,24.300407713997934,73.63801598646822,HIT,True,494.7518630983796
2026_07_21_gym,flight_2,60,0,1250,ok,False,27,27,823.4446010310376,298.49980850213166,799.9221228918444,304.5992213638513,24.300407713997934,73.63801598646822,HIT,True,494.7518630983796
2026_07_21_gym,flight_20,60,0,150,ok,True,10,10,-13.385651688046924,823.7231505318654,659.4521107727188,1034.7234981360566,705.1466523229756,1058.5737359486327,MISS_HIGH_WIDE,False,694.6914374405682
2026_07_21_gym,flight_20,60,0,200,ok,True,13,13,643.7440522921813,997.9506356701817,659.4521107727188,1034.7234981360566,39.98732943273581,59.74470692085123,HIT,True,658.9334288164895
2026_07_21_gym,flight_20,60,0,250,ok,True,16,16,737.3439450277563,986.27851928564,659.4521107727188,1034.7234981360566,91.7281517279812,152.26456018772052,HIT,True,661.1558570219861
2026_07_21_gym,flight_20,60,0,300,ok,True,19,19,647.3411681334779,1008.7384822853646,659.4521107727188,1034.7234981360566,28.668728265685175,38.63403857147745,HIT,True,661.7464980453843
2026_07_21_gym,flight_20,60,0,350,ok,True,22,22,670.2612073542227,1028.3300857819481,659.4521107727188,1034.7234981360566,12.558355403393659,33.431118560180096,HIT,True,660.7206372043989
2026_07_21_gym,flight_20,60,0,400,ok,True,25,25,684.9976536022589,1037.1535064475083,659.4521107727188,1034.7234981360566,25.66085927730384,63.93162462779306,HIT,True,659.0929593867069
2026_07_21_gym,flight_20,60,0,450,ok,True,28,28,702.0971427446656,1031.993432353293,659.4521107727188,1034.7234981360566,42.732329810888835,84.89004470037855,HIT,True,660.5356803968886
2026_07_21_gym,flight_20,60,0,490,ok,True,29,29,682.5080924138232,1032.6042666847993,659.4521107727188,1034.7234981360566,23.153173246424352,53.77457935773663,HIT,True,660.8035872892245
2026_07_21_gym,flight_20,60,0,500,ok,True,30,30,689.6733353352837,1031.579248228291,659.4521107727188,1034.7234981360566,30.384349944395055,62.52533274083015,HIT,True,660.6635822355767
2026_07_21_gym,flight_20,60,0,550,ok,True,33,33,663.0053456273324,1041.9103242256176,659.4521107727188,1034.7234981360566,8.017228147784978,41.82055257863806,HIT,True,660.0120429317747
2026_07_21_gym,flight_20,60,0,600,ok,True,36,36,637.2925836214911,1042.5604918944798,659.4521107727188,1034.7234981360566,23.504533918705206,41.30239832850505,HIT,True,660.0275744178343
2026_07_21_gym,flight_20,60,0,650,ok,True,38,38,713.7634823296931,1048.0866724969078,659.4521107727188,1034.7234981360566,55.93120336089893,108.80752183835912,HIT,True,661.0920871218934
2026_07_21_gym,flight_20,60,0,700,ok,False,41,41,680.5808033297297,1046.2245016180677,659.4521107727188,1034.7234981360566,24.056074706026365,58.39370908395057,HIT,True,661.2218494328938
2026_07_21_gym,flight_20,60,0,750,ok,False,44,44,699.2148051213388,1043.505410977985,659.4521107727188,1034.7234981360566,40.72092650008109,101.24775661877219,HIT,True,662.4962376061995
2026_07_21_gym,flight_20,60,0,800,ok,False,47,47,636.8635484709424,1038.7061849590584,659.4521107727188,1034.7234981360566,22.936977594952346,44.22058654618801,HIT,True,659.9469092567493
2026_07_21_gym,flight_20,60,0,850,ok,False,48,48,668.6989829504355,1034.037322190999,659.4521107727188,1034.7234981360566,9.272296506184782,25.116926439450808,HIT,True,661.4624661447415
2026_07_21_gym,flight_20,60,0,900,ok,False,48,48,668.6989829504355,1034.037322190999,659.4521107727188,1034.7234981360566,9.272296506184782,25.116926439450808,HIT,True,661.4624661447415
2026_07_21_gym,flight_20,60,0,950,ok,False,48,48,668.6989829504355,1034.037322190999,659.4521107727188,1034.7234981360566,9.272296506184782,25.116926439450808,HIT,True,661.4624661447415
2026_07_21_gym,flight_20,60,0,1000,ok,False,48,48,668.6989829504355,1034.037322190999,659.4521107727188,1034.7234981360566,9.272296506184782,25.116926439450808,HIT,True,661.4624661447415
2026_07_21_gym,flight_20,60,0,1050,ok,False,48,48,668.6989829504355,1034.037322190999,659.4521107727188,1034.7234981360566,9.272296506184782,25.116926439450808,HIT,True,661.4624661447415
2026_07_21_gym,flight_20,60,0,1100,ok,False,48,48,668.6989829504355,1034.037322190999,659.4521107727188,1034.7234981360566,9.272296506184782,25.116926439450808,HIT,True,661.4624661447415
2026_07_21_gym,flight_20,60,0,1150,ok,False,48,48,668.6989829504355,1034.037322190999,659.4521107727188,1034.7234981360566,9.272296506184782,25.116926439450808,HIT,True,661.4624661447415
2026_07_21_gym,flight_20,60,0,1200,ok,False,48,48,668.6989829504355,1034.037322190999,659.4521107727188,1034.7234981360566,9.272296506184782,25.116926439450808,HIT,True,661.4624661447415
2026_07_21_gym,flight_20,60,0,1250,ok,False,48,48,668.6989829504355,1034.037322190999,659.4521107727188,1034.7234981360566,9.272296506184782,25.116926439450808,HIT,True,661.4624661447415
2026_07_21_gym,flight_21,60,0,150,fit_failed,True,9,9,,,,,,,,,
2026_07_21_gym,flight_21,60,0,200,fit_failed,True,11,11,,,,,,,,,
2026_07_21_gym,flight_21,60,0,250,ok,True,14,14,53.830897817378,1228.6325245059431,433.65524860629125,1829.7054703142333,711.0240668464571,937.2471727695954,HIT,True,1206.055067596656
2026_07_21_gym,flight_21,60,0,300,ok,True,17,17,-156.0153334670888,1187.9283570163286,433.65524860629125,1829.7054703142333,871.5441804726541,1143.6372583130976,MISS_HIGH_WIDE,False,1230.265375062621
2026_07_21_gym,flight_21,60,0,350,ok,True,20,20,250.22802549276605,1480.0383284671223,433.65524860629125,1829.7054703142333,394.8577671347831,568.9460544896472,HIT,True,1172.085118804448
2026_07_21_gym,flight_21,60,0,400,ok,True,23,23,396.31642515917844,1610.966037103608,433.65524860629125,1829.7054703142333,221.9034190311638,334.75369608982777,HIT,True,1151.0949604536847
2026_07_21_gym,flight_21,60,0,450,ok,True,26,26,443.2591499091939,1634.7989343539698,433.65524860629125,1829.7054703142333,195.1430057170007,294.059362950487,HIT,True,1147.3355862058104
2026_07_21_gym,flight_21,60,0,490,ok,True,28,28,310.71903505132013,1594.603761475123,433.65524860629125,1829.7054703142333,265.3038373305279,413.0667740009145,HIT,True,1158.2365217700292
2026_07_21_gym,flight_21,60,0,500,ok,True,29,29,323.81281881504475,1617.7820175397464,433.65524860629125,1829.7054703142333,238.69836450697574,369.31373447940683,HIT,True,1153.2241672377545
2026_07_21_gym,flight_21,60,0,550,ok,True,32,32,401.3406510106088,1669.6248871028129,433.65524860629125,1829.7054703142333,163.30960271545388,259.8974041504396,HIT,True,1144.0573469378792
2026_07_21_gym,flight_21,60,0,600,ok,True,35,35,415.341138094845,1764.9589197097723,433.65524860629125,1829.7054703142333,67.28686691325052,100.70785780167644,HIT,True,1130.502243707186
2026_07_21_gym,flight_21,60,0,650,ok,True,38,38,378.04640959626494,1732.2702275453148,433.65524860629125,1829.7054703142333,112.18720742348968,181.32487155239102,HIT,True,1137.0658863404253
2026_07_21_gym,flight_21,60,0,700,ok,True,41,41,423.3181774316739,1766.3753446196824,433.65524860629125,1829.7054703142333,64.1682153480733,93.62348510487347,HIT,True,1129.419211266553
2026_07_21_gym,flight_21,60,0,750,ok,True,44,44,436.1316535191088,1771.4969387234269,433.65524860629125,1829.7054703142333,58.26118546039149,83.75196667755921,HIT,True,1127.3937820901035
2026_07_21_gym,flight_21,60,0,800,ok,True,45,45,381.02458836502194,1741.1719015846884,433.65524860629125,1829.7054703142333,102.9960154055533,167.38781049921488,HIT,True,1135.7462535344223
2026_07_21_gym,flight_21,60,0,850,ok,True,48,48,429.15501502109635,1796.8046965265748,433.65524860629125,1829.7054703142333,33.207123003174885,45.909925294898166,HIT,True,1125.1307828868578
2026_07_21_gym,flight_21,60,0,900,ok,True,51,51,402.2608390248329,1820.6201274299171,433.65524860629125,1829.7054703142333,32.68260100258177,21.714568853605442,HIT,True,1122.9535013466655
2026_07_21_gym,flight_21,60,0,950,ok,True,54,54,394.22028638401963,1823.8063063518525,433.65524860629125,1829.7054703142333,39.87375554079452,50.50515917912655,HIT,True,1123.21130632105
2026_07_21_gym,flight_21,60,0,1000,ok,True,57,57,380.39587479488546,1830.6674710776988,433.65524860629125,1829.7054703142333,53.26806120229988,65.85195898972674,HIT,True,1122.5244597665094
2026_07_21_gym,flight_21,60,0,1050,ok,True,59,59,386.3628675097576,1830.9028970116613,433.65524860629125,1829.7054703142333,47.3075378821968,57.741217848965405,HIT,True,1122.2364824372128
2026_07_21_gym,flight_21,60,0,1100,ok,True,62,62,372.15353678889846,1841.7255993160788,433.65524860629125,1829.7054703142333,62.6653337794561,73.05345594602541,HIT,True,1121.612332663627
2026_07_21_gym,flight_21,60,0,1150,ok,False,65,65,377.6287926392742,1835.1291132549761,433.65524860629125,1829.7054703142333,56.28836177197531,70.85103824907269,HIT,True,1121.3205298357484
2026_07_21_gym,flight_21,60,0,1200,ok,False,68,68,407.7367756667362,1830.7778562961735,433.65524860629125,1829.7054703142333,25.940648627447793,31.253940942911665,HIT,True,1121.6323386457698
2026_07_21_gym,flight_21,60,0,1250,ok,False,71,71,391.7482557737852,1829.5600958287357,433.65524860629125,1829.7054703142333,41.90724498227897,56.14413141139511,HIT,True,1121.715721426266
2026_07_21_gym,flight_23,60,0,150,ok,True,10,10,89.91443506995091,1359.5010357590572,301.1510390448869,1635.125267240205,347.2601616057293,599.0863568164436,HIT,True,1124.5443743041467
2026_07_21_gym,flight_23,60,0,200,ok,True,13,13,307.9375853461211,1372.1292284765618,301.1510390448869,1635.125267240205,263.0835867477606,378.08158477739227,HIT,True,1090.2186982248923
2026_07_21_gym,flight_23,60,0,250,ok,True,16,16,272.80929554015967,1329.7069362401103,301.1510390448869,1635.125267240205,306.7305190811164,506.2212205819816,HIT,True,1108.2544281900075
2026_07_21_gym,flight_23,60,0,300,ok,True,19,19,178.00665073685926,1421.8093640781278,301.1510390448869,1635.125267240205,246.3091856054316,380.264877212508,HIT,True,1095.2037633797179
2026_07_21_gym,flight_23,60,0,350,ok,True,22,22,281.10774527556725,1436.0680293629568,301.1510390448869,1635.125267240205,200.0637837701831,304.90594378656715,HIT,True,1085.5185185189016
2026_07_21_gym,flight_23,60,0,400,ok,True,25,25,314.6657065623524,1464.0218505820824,301.1510390448869,1635.125267240205,171.6363173404473,246.61194571814661,HIT,True,1078.8389837147206
2026_07_21_gym,flight_23,60,0,450,ok,True,28,28,195.32793020579197,1491.4307011348528,301.1510390448869,1635.125267240205,178.45632152595869,274.17300690417744,HIT,True,1084.3020734826785
2026_07_21_gym,flight_23,60,0,490,ok,True,30,30,272.7323537526069,1507.1629598249526,301.1510390448869,1635.125267240205,131.08002819948274,206.24477426670646,HIT,True,1077.6438260374196
2026_07_21_gym,flight_23,60,0,500,ok,True,31,31,182.7999444622035,1526.155842354643,301.1510390448869,1635.125267240205,160.87671412858165,237.46238378703526,HIT,True,1081.5123410588235
2026_07_21_gym,flight_23,60,0,550,ok,True,34,34,320.40319580923955,1522.7734303482805,301.1510390448869,1635.125267240205,113.98938894944916,159.10558321449204,HIT,True,1071.4142586047135
2026_07_21_gym,flight_23,60,0,600,ok,True,37,37,306.19548496128215,1530.284541464373,301.1510390448869,1635.125267240205,104.96201320385691,160.18853298803964,HIT,True,1073.264489208761
2026_07_21_gym,flight_23,60,0,650,ok,True,40,40,299.5288703547059,1539.7978899269078,301.1510390448869,1635.125267240205,95.34117838946149,150.266510280347,HIT,True,1072.8876716396646
2026_07_21_gym,flight_23,60,0,700,ok,True,43,43,309.91200407951953,1567.8819703766278,301.1510390448869,1635.125267240205,67.81161759920802,102.27397470039156,HIT,True,1068.627438671899
2026_07_21_gym,flight_23,60,0,750,ok,True,46,46,268.37230878711614,1596.0816872375042,301.1510390448869,1635.125267240205,50.978880889432936,74.85815006638384,HIT,True,1067.280042793557
2026_07_21_gym,flight_23,60,0,800,ok,True,49,49,319.3983572968034,1574.5027817164648,301.1510390448869,1635.125267240205,63.3091650115748,86.51932476465107,HIT,True,1066.560420378734
2026_07_21_gym,flight_23,60,0,850,ok,True,52,52,254.80715498458537,1611.7607663358644,301.1510390448869,1635.125267240205,51.90043826697032,68.09732224393684,HIT,True,1065.6017325376383
2026_07_21_gym,flight_23,60,0,900,ok,True,55,55,298.6405438890205,1600.7926732715455,301.1510390448869,1635.125267240205,34.42425880893387,47.69156891549473,HIT,True,1064.354357444501
2026_07_21_gym,flight_23,60,0,950,ok,True,58,58,274.9999467278123,1612.4729853215215,301.1510390448869,1635.125267240205,34.59776734848176,42.38316363494503,HIT,True,1063.8744862942822
2026_07_21_gym,flight_23,60,0,1000,ok,True,61,61,262.8372358854096,1615.4508488157664,301.1510390448869,1635.125267240205,43.07006214162056,60.3226774268011,HIT,True,1064.1728711125893
2026_07_21_gym,flight_23,60,0,1050,ok,True,63,63,265.6944138830809,1621.0953773347028,301.1510390448869,1635.125267240205,38.131484086320626,49.74439839267746,HIT,True,1063.4315955799145
2026_07_21_gym,flight_23,60,0,1100,ok,False,66,66,307.4023601676441,1613.9554237814618,301.1510390448869,1635.125267240205,22.073542711751525,27.299133357633863,HIT,True,1063.0760864091737
2026_07_21_gym,flight_23,60,0,1150,ok,False,69,69,311.3943505926701,1618.3319146530812,301.1510390448869,1635.125267240205,19.67084448061153,25.817023451301004,HIT,True,1063.7508820629007
2026_07_21_gym,flight_23,60,0,1200,ok,False,72,72,357.33339181510775,1604.2457783986627,301.1510390448869,1635.125267240205,64.10927853214758,85.50645397466279,HIT,True,1066.0664568380346
2026_07_21_gym,flight_23,60,0,1250,ok,False,74,74,310.57287678465553,1630.1156505627328,301.1510390448869,1635.125267240205,10.670861523313679,10.724438991912844,HIT,True,1062.1880172527096
2026_07_21_gym,flight_24,60,0,150,fit_failed,True,10,10,,,,,,,,,
2026_07_21_gym,flight_24,60,0,200,fit_failed,True,13,13,,,,,,,,,
2026_07_21_gym,flight_24,60,0,250,ok,True,16,16,178.85408246983562,600.4868726418537,432.9927411757478,996.312451689549,470.3874433669371,579.4811397284091,HIT,True,1209.7527107740782
2026_07_21_gym,flight_24,60,0,300,ok,True,19,19,360.22121130505246,733.8657103887176,432.9927411757478,996.312451689549,272.349017951501,342.4064577382632,HIT,True,1185.8085240518988
2026_07_21_gym,flight_24,60,0,350,ok,True,22,22,153.074975071159,675.9358551334394,432.9927411757478,996.312451689549,425.4352117559847,531.7384812744339,HIT,True,1206.3954200124613
2026_07_21_gym,flight_24,60,0,400,ok,True,23,23,328.50885443230646,751.1157512065633,432.9927411757478,996.312451689549,266.53011934255994,346.06346581263375,HIT,True,1187.0247301625411
2026_07_21_gym,flight_24,60,0,450,ok,True,26,26,265.8069922739281,798.0360704350741,432.9927411757478,996.312451689549,259.35419410380126,325.88308116434524,HIT,True,1183.7591076104407
2026_07_21_gym,flight_24,60,0,490,ok,True,28,28,352.0171114421579,809.2118023169414,432.9927411757478,996.312451689549,203.87178717616345,268.9170326914807,HIT,True,1177.652654992054
2026_07_21_gym,flight_24,60,0,500,ok,True,29,29,289.0190561219784,832.5821666932517,432.9927411757478,996.312451689549,218.02758589896538,280.10116951293105,HIT,True,1178.2922930630791
2026_07_21_gym,flight_24,60,0,550,ok,True,32,32,379.5539298902514,863.1598276735936,432.9927411757478,996.312451689549,143.47587892723044,180.23327014749,HIT,True,1168.5091365235312
2026_07_21_gym,flight_24,60,0,600,ok,True,35,35,369.46496196729703,892.6843416467195,432.9927411757478,996.312451689549,121.55066401384423,155.99387336433543,HIT,True,1166.104527708545
2026_07_21_gym,flight_24,60,0,650,ok,True,38,38,415.14160932868623,899.9934648676426,432.9927411757478,996.312451689549,97.95922687843014,120.93875743910807,HIT,True,1163.8577137558987
2026_07_21_gym,flight_24,60,0,700,ok,True,41,41,411.51230010860286,903.2316276040957,432.9927411757478,996.312451689549,95.5272168592082,124.22235651220643,HIT,True,1165.058511233115
2026_07_21_gym,flight_24,60,0,750,ok,True,44,44,473.23878633208517,917.354262790561,432.9927411757478,996.312451689549,88.62358458635154,91.39628086261668,HIT,True,1160.3849958364926
2026_07_21_gym,flight_24,60,0,800,ok,True,46,46,447.5819535059917,905.0633521182895,432.9927411757478,996.312451689549,92.40802610694905,107.96376723098852,HIT,True,1163.3797062162218
2026_07_21_gym,flight_24,60,0,850,ok,True,49,49,380.93926974390195,913.3584094362424,432.9927411757478,996.312451689549,97.93332943523046,140.30298864369468,HIT,True,1165.2241668886763
2026_07_21_gym,flight_24,60,0,900,ok,True,52,52,359.7110564425769,943.2501657030907,432.9927411757478,996.312451689549,90.47547464059278,132.03938006497785,HIT,True,1161.421672342512
2026_07_21_gym,flight_24,60,0,950,ok,True,55,55,409.1588563090644,945.5135627578752,432.9927411757478,996.312451689549,56.11221956517895,78.3079326561992,HIT,True,1159.9227321348287
2026_07_21_gym,flight_24,60,0,1000,ok,True,58,58,428.25440766835294,950.032188369909,432.9927411757478,996.312451689549,46.52219445987596,56.64337514106153,HIT,True,1159.1732097559532
2026_07_21_gym,flight_24,60,0,1050,ok,True,61,61,442.34183811954125,949.4682839950395,432.9927411757478,996.312451689549,47.767998290233706,54.163087951099435,HIT,True,1159.167076040083
2026_07_21_gym,flight_24,60,0,1100,ok,True,64,64,407.3322232189619,969.9217215390626,432.9927411757478,996.312451689549,36.80941210731744,77.02359546663499,HIT,True,1158.4326875013926
2026_07_21_gym,flight_24,60,0,1150,ok,True,67,67,415.3250582034175,976.8075703301281,432.9927411757478,996.312451689549,26.317055657042186,66.85533428736267,HIT,True,1158.480105020488
2026_07_21_gym,flight_24,60,0,1200,ok,False,70,70,410.4699039083434,970.1014659480271,432.9927411757478,996.312451689549,34.55855859430838,74.4750847922908,HIT,True,1158.8902823380206
2026_07_21_gym,flight_24,60,0,1250,ok,False,73,73,431.25412690865795,987.3091188704027,432.9927411757478,996.312451689549,9.16966637463137,38.84852734188509,HIT,True,1157.6202596529313
2026_07_21_gym,flight_25,60,0,150,fit_failed,True,10,10,,,,,,,,,
2026_07_21_gym,flight_25,60,0,200,ok,True,13,13,946.5741043238929,2027.7625121163207,831.7024681173147,2201.3766310655105,208.17625970143638,210.92527643944618,MISS_HIGH_WIDE,True,1057.1877700346681
2026_07_21_gym,flight_25,60,0,250,fit_failed,True,16,16,,,,,,,,,
2026_07_21_gym,flight_25,60,0,300,ok,True,18,18,496.0225606404935,2130.241937860966,831.7024681173147,2201.3766310655105,343.13429566417847,411.8973409430854,MISS_HIGH_WIDE,True,1075.8738674960894
2026_07_21_gym,flight_25,60,0,350,ok,True,21,21,662.0214984166435,2170.2968440214686,831.7024681173147,2201.3766310655105,172.50386848202302,166.7798762366422,MISS_HIGH_WIDE,True,1057.9673205926924
2026_07_21_gym,flight_25,60,0,400,ok,True,24,24,992.454667384582,2155.2991405866933,831.7024681173147,2201.3766310655105,167.22561017406608,228.95988676897852,MISS_HIGH_WIDE,True,1036.9274835322256
2026_07_21_gym,flight_25,60,0,450,ok,True,27,27,960.8811771241855,2129.2653659570096,831.7024681173147,2201.3766310655105,147.94314251167677,186.4030905320387,MISS_HIGH_WIDE,True,1041.905696291365
2026_07_21_gym,flight_25,60,0,490,ok,True,29,29,918.2057899071638,2145.8250298266394,831.7024681173147,2201.3766310655105,102.80469386599397,141.36661117946116,MISS_HIGH_WIDE,True,1043.7952213611552
2026_07_21_gym,flight_25,60,0,500,ok,True,30,30,875.5151155713886,2127.8011658381215,831.7024681173147,2201.3766310655105,85.632337118414,102.18598750559705,MISS_HIGH_WIDE,True,1049.1627256954475
2026_07_21_gym,flight_25,60,0,550,ok,True,33,33,950.6758834152164,2137.863067098663,831.7024681173147,2201.3766310655105,134.86528966126835,182.6368376564602,MISS_HIGH_WIDE,True,1043.1372866134748
2026_07_21_gym,flight_25,60,0,600,ok,True,36,36,813.068639061713,2162.0125250729984,831.7024681173147,2201.3766310655105,43.55172127325292,51.69704684550556,MISS_HIGH_WIDE,True,1049.3752938680661
2026_07_21_gym,flight_25,60,0,650,ok,True,39,39,876.2229577068597,2166.303428614096,831.7024681173147,2201.3766310655105,56.67630477978164,104.21454693767053,MISS_HIGH_WIDE,True,1045.6403533181542
2026_07_21_gym,flight_25,60,0,700,ok,True,42,42,724.0232960656565,2198.6329931711953,831.7024681173147,2201.3766310655105,107.71411997795704,148.9956537950987,MISS_HIGH_WIDE,True,1050.5516737894359
2026_07_21_gym,flight_25,60,0,750,ok,True,45,45,782.4748287256691,2190.9332895059965,831.7024681173147,2201.3766310655105,50.32319408585433,48.139592794449456,MISS_HIGH_WIDE,True,1048.1679612544885
2026_07_21_gym,flight_25,60,0,800,ok,True,48,48,849.5864637258228,2184.8634792083585,831.7024681173147,2201.3766310655105,24.341764175640638,65.05087003940525,MISS_HIGH_WIDE,True,1045.522124711306
2026_07_21_gym,flight_25,60,0,850,ok,True,51,51,841.7232731729116,2194.8724771390375,831.7024681173147,2201.3766310655105,11.946570732286807,64.73696444982608,MISS_HIGH_WIDE,True,1045.3530326299908
2026_07_21_gym,flight_25,60,0,900,ok,True,53,53,838.4428086120133,2181.4278636418053,831.7024681173147,2201.3766310655105,21.05672129533842,37.93571386075292,MISS_HIGH_WIDE,True,1047.2352476462404
2026_07_21_gym,flight_25,60,0,950,ok,True,55,55,812.3833558229765,2203.323438688728,831.7024681173147,2201.3766310655105,19.41695547100695,28.117294844175746,MISS_HIGH_WIDE,True,1046.219317017313
2026_07_21_gym,flight_25,60,0,1000,ok,True,58,58,788.4751043171376,2222.4536426959203,831.7024681173147,2201.3766310655105,48.09205132224331,58.16114659345818,MISS_HIGH_WIDE,True,1044.2254169006533
2026_07_21_gym,flight_25,60,0,1050,ok,True,61,61,799.7812322833009,2215.380817385438,831.7024681173147,2201.3766310655105,34.858033961397894,46.85738693974565,MISS_HIGH_WIDE,True,1044.5051259209486
2026_07_21_gym,flight_25,60,0,1100,ok,False,63,63,824.40105757727,2206.4009248353295,831.7024681173147,2201.3766310655105,8.863076427500646,41.481748552566735,MISS_HIGH_WIDE,True,1045.448894144693
2026_07_21_gym,flight_25,60,0,1150,ok,False,65,65,825.4942792430018,2205.833030005656,831.7024681173147,2201.3766310655105,7.642061280366142,41.61647191050425,MISS_HIGH_WIDE,True,1045.7691987497492
2026_07_21_gym,flight_25,60,0,1200,ok,False,68,68,799.9713604957257,2223.3537120634346,831.7024681173147,2201.3766310655105,38.59864350054518,60.52489396167203,MISS_HIGH_WIDE,True,1044.077929125411
2026_07_21_gym,flight_25,60,0,1250,ok,False,71,71,814.7525451593177,2219.315838166528,831.7024681173147,2201.3766310655105,24.680256070292852,49.4979607593566,MISS_HIGH_WIDE,True,1045.3323855265478
2026_07_21_gym,flight_29,60,0,150,fit_failed,True,10,10,,,,,,,,,
2026_07_21_gym,flight_29,60,0,200,ok,True,13,13,-1160.36109795821,227.44730415881992,-272.75026199371473,1212.0085671278782,1325.5994405026042,1287.7619350802165,MISS_HIGH_WIDE,True,1433.613531043564
2026_07_21_gym,flight_29,60,0,250,ok,True,16,16,-617.2863928925107,698.8047613311624,-272.75026199371473,1212.0085671278782,618.1288634087115,676.1161140297932,MISS_HIGH_WIDE,True,1358.808782803048
2026_07_21_gym,flight_29,60,0,300,ok,True,19,19,-274.4003373559609,1025.1328783072884,-272.75026199371473,1212.0085671278782,186.8829735981077,215.4164719135497,MISS_HIGH_WIDE,True,1303.558747025789
2026_07_21_gym,flight_29,60,0,350,ok,True,22,22,-612.7305327604457,760.441593284485,-272.75026199371473,1212.0085671278782,565.2427057262213,618.74460909615,MISS_HIGH_WIDE,True,1352.865278819615
2026_07_21_gym,flight_29,60,0,400,ok,True,25,25,-317.87190660016586,940.0957687358708,-272.75026199371473,1212.0085671278782,275.631153430383,325.65825529778505,MISS_HIGH_WIDE,True,1316.066109078348
2026_07_21_gym,flight_29,60,0,450,ok,True,28,28,-99.70621285640927,1112.7255285368674,-272.75026199371473,1212.0085671278782,199.50279369898143,180.4915973772581,MISS_HIGH_WIDE,True,1283.977400276252
2026_07_21_gym,flight_29,60,0,490,ok,True,30,30,-157.02951545464396,1081.9007598954145,-272.75026199371473,1212.0085671278782,174.12447467946546,170.9896231730515,MISS_HIGH_WIDE,True,1293.5704430573437
2026_07_21_gym,flight_29,60,0,500,ok,True,31,31,-126.76584593349159,1121.3409375204965,-272.75026199371473,1212.0085671278782,171.84897087578298,167.40766163454853,MISS_HIGH_WIDE,True,1287.9293377273657
2026_07_21_gym,flight_29,60,0,550,ok,True,34,34,-262.8021528043329,1013.1022513871253,-272.75026199371473,1212.0085671278782,199.15493294920907,246.09385190424814,MISS_HIGH_WIDE,True,1308.1898040101426
2026_07_21_gym,flight_29,60,0,600,ok,True,37,37,-287.2209134572255,1046.9830704786364,-272.75026199371473,1212.0085671278782,165.65872840906192,210.68707157648464,MISS_HIGH_WIDE,True,1304.941467024826
2026_07_21_gym,flight_29,60,0,650,ok,True,40,40,-302.60150434784475,1070.600632520873,-272.75026199371473,1212.0085671278782,144.52439461870816,183.18711897038418,MISS_HIGH_WIDE,True,1302.0736461878632
2026_07_21_gym,flight_29,60,0,700,ok,True,42,42,-220.64200181110797,1120.03526498368,-272.75026199371473,1212.0085671278782,105.70884109934333,119.72460585779173,MISS_HIGH_WIDE,True,1292.836410504606
2026_07_21_gym,flight_29,60,0,750,ok,True,45,45,-235.3064041103522,1170.8160835200417,-272.75026199371473,1212.0085671278782,55.66743391760868,61.90772086607397,MISS_HIGH_WIDE,True,1286.9784328523506
2026_07_21_gym,flight_29,60,0,800,ok,True,48,48,-257.77674158227234,1124.9539037977013,-272.75026199371473,1212.0085671278782,88.33301037008948,106.35179890333916,MISS_HIGH_WIDE,True,1292.7396740658633
2026_07_21_gym,flight_29,60,0,850,ok,True,51,51,-249.14449876875668,1156.64968026671,-272.75026199371473,1212.0085671278782,60.18171160693593,63.91761682823417,MISS_HIGH_WIDE,True,1287.5194507199992
2026_07_21_gym,flight_29,60,0,900,ok,True,54,54,-223.03664838969738,1194.9133043840054,-272.75026199371473,1212.0085671278782,52.570822571570865,52.60959209465551,MISS_HIGH_WIDE,True,1282.2202192041516
2026_07_21_gym,flight_29,60,0,950,ok,True,57,57,-263.57578774914447,1161.6796967176285,-272.75026199371473,1212.0085671278782,51.15824639719378,62.86063281182866,MISS_HIGH_WIDE,True,1288.665562701831
2026_07_21_gym,flight_29,60,0,1000,ok,True,60,60,-246.7566526619753,1190.9154013977538,-272.75026199371473,1212.0085671278782,33.47520525119428,30.776627503168836,MISS_HIGH_WIDE,True,1283.6179986091972
2026_07_21_gym,flight_29,60,0,1050,ok,True,63,63,-242.77714037908032,1189.3463507773167,-272.75026199371473,1212.0085671278782,37.576110352793584,37.071081558127624,MISS_HIGH_WIDE,True,1283.6999471638908
2026_07_21_gym,flight_29,60,0,1100,ok,True,66,66,-246.70437839432643,1207.1533690292335,-272.75026199371473,1212.0085671278782,26.494546628503905,30.256153559099193,MISS_HIGH_WIDE,True,1281.3925058630139
2026_07_21_gym,flight_29,60,0,1150,ok,True,69,69,-286.559575487487,1230.2607658266697,-272.75026199371473,1212.0085671278782,22.887548940623752,31.042798843805123,MISS_HIGH_WIDE,True,1279.7135595811576
2026_07_21_gym,flight_29,60,0,1200,ok,True,72,72,-292.288117726875,1233.1832423215335,-272.75026199371473,1212.0085671278782,28.811363664474182,33.52999251392815,MISS_HIGH_WIDE,True,1279.1004479331764
2026_07_21_gym,flight_29,60,0,1250,ok,True,75,75,-300.63087842407907,1234.7964539828943,-272.75026199371473,1212.0085671278782,36.00856231306819,42.024398330647514,MISS_HIGH_WIDE,True,1279.6331600013448
2026_07_21_gym,flight_3,60,0,150,ok,True,10,10,378.15046670908686,1163.991579389941,197.60760318219624,1256.7684731335632,202.9859048880114,415.5914220909014,HIT,True,519.3239008335379
2026_07_21_gym,flight_3,60,0,200,ok,True,13,13,301.92372974179517,1170.8945914937394,197.60760318219624,1256.7684731335632,135.11542402068216,289.0296751014809,HIT,True,519.2775613159218
2026_07_21_gym,flight_3,60,0,250,ok,True,16,16,262.8924404512417,1171.615626269396,197.60760318219624,1256.7684731335632,107.29919527339462,238.98218986659438,HIT,True,519.5252461047683
2026_07_21_gym,flight_3,60,0,300,ok,True,19,19,224.51520845887072,1191.5288505839633,197.60760318219624,1256.7684731335632,70.57072744516378,170.79763656536772,HIT,True,519.5503813916687
2026_07_21_gym,flight_3,60,0,350,ok,True,22,22,201.696705874133,1200.924256848981,197.60760318219624,1256.7684731335632,55.993725124020834,141.90500623993032,HIT,True,519.0374787206941
2026_07_21_gym,flight_3,60,0,400,ok,True,25,25,190.16266649124893,1210.3649978330855,197.60760318219624,1256.7684731335632,46.996910561166324,121.74913400033847,HIT,True,518.5453305643226
2026_07_21_gym,flight_3,60,0,450,ok,True,28,28,137.16550614681643,1230.8269281530618,197.60760318219624,1256.7684731335632,65.77393746773605,163.0996822873529,HIT,True,517.434813861138
2026_07_21_gym,flight_3,60,0,490,ok,True,29,29,117.63907094492734,1235.1927368925867,197.60760318219624,1256.7684731335632,82.82800578622731,241.01489620509568,HIT,True,517.5098796732169
2026_07_21_gym,flight_3,60,0,500,ok,True,30,30,140.10058402422862,1229.6059715105303,197.60760318219624,1256.7684731335632,63.59920397973645,178.8809443689433,HIT,True,517.6082266746696
2026_07_21_gym,flight_3,60,0,550,ok,False,33,33,135.6042721382565,1231.6638362185076,197.60760318219624,1256.7684731335632,66.89286849269625,162.6326686309335,HIT,True,517.4224943196448
2026_07_21_gym,flight_3,60,0,600,ok,False,36,36,81.66411093485122,1244.3155025539259,197.60760318219624,1256.7684731335632,116.61033346478119,329.46595568929587,HIT,True,516.1192537739454
2026_07_21_gym,flight_3,60,0,650,ok,False,39,39,240.81743167555172,1249.4469083271931,197.60760318219624,1256.7684731335632,43.82572976733043,117.41491830048294,HIT,True,517.6078047988468
2026_07_21_gym,flight_3,60,0,700,ok,False,40,40,217.7437408220568,1253.8297340146246,197.60760318219624,1256.7684731335632,20.34945273614475,33.14615534016682,HIT,True,516.2001445228606
2026_07_21_gym,flight_3,60,0,750,ok,False,40,40,217.7437408220568,1253.8297340146246,197.60760318219624,1256.7684731335632,20.34945273614475,33.14615534016682,HIT,True,516.2001445228606
2026_07_21_gym,flight_3,60,0,800,ok,False,40,40,217.7437408220568,1253.8297340146246,197.60760318219624,1256.7684731335632,20.34945273614475,33.14615534016682,HIT,True,516.2001445228606
2026_07_21_gym,flight_3,60,0,850,ok,False,40,40,217.7437408220568,1253.8297340146246,197.60760318219624,1256.7684731335632,20.34945273614475,33.14615534016682,HIT,True,516.2001445228606
2026_07_21_gym,flight_3,60,0,900,ok,False,40,40,217.7437408220568,1253.8297340146246,197.60760318219624,1256.7684731335632,20.34945273614475,33.14615534016682,HIT,True,516.2001445228606
2026_07_21_gym,flight_3,60,0,950,ok,False,40,40,217.7437408220568,1253.8297340146246,197.60760318219624,1256.7684731335632,20.34945273614475,33.14615534016682,HIT,True,516.2001445228606
2026_07_21_gym,flight_3,60,0,1000,ok,False,40,40,217.7437408220568,1253.8297340146246,197.60760318219624,1256.7684731335632,20.34945273614475,33.14615534016682,HIT,True,516.2001445228606
2026_07_21_gym,flight_3,60,0,1050,ok,False,40,40,217.7437408220568,1253.8297340146246,197.60760318219624,1256.7684731335632,20.34945273614475,33.14615534016682,HIT,True,516.2001445228606
2026_07_21_gym,flight_3,60,0,1100,ok,False,40,40,217.7437408220568,1253.8297340146246,197.60760318219624,1256.7684731335632,20.34945273614475,33.14615534016682,HIT,True,516.2001445228606
2026_07_21_gym,flight_3,60,0,1150,ok,False,40,40,217.7437408220568,1253.8297340146246,197.60760318219624,1256.7684731335632,20.34945273614475,33.14615534016682,HIT,True,516.2001445228606
2026_07_21_gym,flight_3,60,0,1200,ok,False,40,40,217.7437408220568,1253.8297340146246,197.60760318219624,1256.7684731335632,20.34945273614475,33.14615534016682,HIT,True,516.2001445228606
2026_07_21_gym,flight_3,60,0,1250,ok,False,40,40,217.7437408220568,1253.8297340146246,197.60760318219624,1256.7684731335632,20.34945273614475,33.14615534016682,HIT,True,516.2001445228606
2026_07_21_gym,flight_35,60,0,150,fit_failed,True,10,10,,,,,,,,,
2026_07_21_gym,flight_35,60,0,200,ok,True,13,13,-397.6288973946252,1042.5098078245512,842.2946569994792,2297.103065226605,1763.9202539400712,2065.7624888791615,MISS_HIGH_WIDE,True,1415.0164889287946
2026_07_21_gym,flight_35,60,0,250,ok,True,15,15,-12.587952817770558,1406.606609622434,842.2946569994792,2297.103065226605,1234.4262691678039,1522.531466091059,MISS_HIGH_WIDE,True,1345.1208366946507
2026_07_21_gym,flight_35,60,0,300,ok,True,18,18,253.02409254301003,1730.3156363512549,842.2946569994792,2297.103065226605,817.6110246724758,1055.16313264063,HIT,False,1294.9053780937377
2026_07_21_gym,flight_35,60,0,350,ok,True,21,21,452.1994338364876,1903.1947350308958,842.2946569994792,2297.103065226605,554.3807858612671,757.4215018426114,HIT,False,1259.8614773519394
2026_07_21_gym,flight_35,60,0,400,ok,True,24,24,784.6484644463103,2091.554974181493,842.2946569994792,2297.103065226605,213.47857327649223,339.54509093505453,MISS_HIGH_WIDE,True,1217.4419689258718
2026_07_21_gym,flight_35,60,0,450,ok,True,27,27,705.7969964141528,2030.1037433166657,842.2946569994792,2297.103065226605,299.8670526177131,463.38018177195613,MISS_HIGH_WIDE,True,1228.3239814101426
2026_07_21_gym,flight_35,60,0,490,ok,True,29,29,734.6512916785463,2033.4800438352602,842.2946569994792,2297.103065226605,284.7528603984818,440.50351371765123,MISS_HIGH_WIDE,True,1225.552903070664
2026_07_21_gym,flight_35,60,0,500,ok,True,30,30,1027.9579420097846,2248.412704514782,842.2946569994792,2297.103065226605,191.9416750658004,225.18300282679647,MISS_HIGH_WIDE,True,1178.5824314694692
2026_07_21_gym,flight_35,60,0,550,ok,True,31,31,738.3544187791629,2052.9956420922927,842.2946569994792,2297.103065226605,265.31492070852386,412.92894751287804,MISS_HIGH_WIDE,True,1222.790497288126
2026_07_21_gym,flight_35,60,0,600,ok,True,34,34,720.6802660317186,2071.350212812296,842.2946569994792,2297.103065226605,256.4262281118219,398.2123003096749,MISS_HIGH_WIDE,True,1221.06608346183
2026_07_21_gym,flight_35,60,0,650,ok,True,37,37,811.581437092683,2121.766159267614,842.2946569994792,2297.103065226605,178.0065517567127,269.7201774324196,MISS_HIGH_WIDE,True,1207.2239039097194
2026_07_21_gym,flight_35,60,0,700,ok,True,40,40,831.4153512157736,2160.4349082102945,842.2946569994792,2297.103065226605,137.10049028566698,208.71087639980732,MISS_HIGH_WIDE,True,1201.9153914692708
2026_07_21_gym,flight_35,60,0,750,ok,True,43,43,853.82209795164,2243.2153772717415,842.2946569994792,2297.103065226605,55.106849011953884,73.45006774963792,MISS_HIGH_WIDE,True,1190.6607718285213
2026_07_21_gym,flight_35,60,0,800,ok,True,46,46,941.8835221223228,2266.4446365946087,842.2946569994792,2297.103065226605,104.20115787571238,162.23790602401567,MISS_HIGH_WIDE,True,1182.176878080262
2026_07_21_gym,flight_35,60,0,850,ok,True,49,49,861.03789394989,2228.9433426270593,842.2946569994792,2297.103065226605,70.68986289579469,101.12325191782635,MISS_HIGH_WIDE,True,1193.0991074509266
2026_07_21_gym,flight_35,60,0,900,ok,True,49,49,861.03789394989,2228.9433426270593,842.2946569994792,2297.103065226605,70.68986289579469,101.12325191782635,MISS_HIGH_WIDE,True,1193.0991074509266
2026_07_21_gym,flight_35,60,0,950,ok,True,52,52,832.693016865145,2224.5452067373626,842.2946569994792,2297.103065226605,73.19039774324344,133.10552656191012,MISS_HIGH_WIDE,True,1195.5059831001047
2026_07_21_gym,flight_35,60,0,1000,ok,True,55,55,855.7531035288082,2244.4607437538593,842.2946569994792,2297.103065226605,54.33547453572758,84.79088623583523,MISS_HIGH_WIDE,True,1192.0436463858107
2026_07_21_gym,flight_35,60,0,1050,ok,True,58,58,902.5043051763834,2293.198147717108,842.2946569994792,2297.103065226605,60.33614268697122,113.22142065325082,MISS_HIGH_WIDE,True,1182.3317722422187
2026_07_21_gym,flight_35,60,0,1100,ok,True,61,61,911.3143229533298,2293.446407479991,842.2946569994792,2297.103065226605,69.11646283091308,135.75343630622646,MISS_HIGH_WIDE,True,1182.5313702051626
2026_07_21_gym,flight_35,60,0,1150,ok,True,64,64,866.132908189343,2277.111812863884,842.2946569994792,2297.103065226605,31.11129040751977,37.007444818749875,MISS_HIGH_WIDE,True,1187.8511088415612
2026_07_21_gym,flight_35,60,0,1200,ok,False,66,66,855.3805636957419,2273.5978419848516,842.2946569994792,2297.103065226605,26.902350709704802,48.12980613573986,MISS_HIGH_WIDE,True,1188.7129768268992
2026_07_21_gym,flight_35,60,0,1250,ok,False,69,69,874.5221568793407,2285.7508532289653,842.2946569994792,2297.103065226605,34.168471808757076,44.248298226140385,MISS_HIGH_WIDE,True,1186.1737030590032
2026_07_21_gym,flight_36,60,0,150,ok,True,10,10,-146.30503568553615,59.39622468913172,782.5342995133234,1118.152950075591,1408.4418036126724,1338.9781899284937,MISS_HIGH_WIDE,False,1399.6296080351235
2026_07_21_gym,flight_36,60,0,200,ok,True,13,13,44.238233466130026,114.24900903649512,782.5342995133234,1118.152950075591,1246.1557703491926,1254.4553656880757,HIT,True,1395.8901325871716
2026_07_21_gym,flight_36,60,0,250,ok,True,16,16,918.1432400299955,814.8567720938454,782.5342995133234,1118.152950075591,332.2323830188578,281.26215688807827,HIT,True,1271.9327469403274
2026_07_21_gym,flight_36,60,0,300,ok,True,19,19,538.9194643992117,680.8402901994253,782.5342995133234,1118.152950075591,500.590202037198,562.5547005181174,HIT,True,1314.5880700582043
2026_07_21_gym,flight_36,60,0,350,ok,True,22,22,722.8581102771337,720.7782070389214,782.5342995133234,1118.152950075591,401.8307280002522,464.4078833958309,HIT,True,1303.1927225086506
2026_07_21_gym,flight_36,60,0,400,ok,True,25,25,758.8194396881019,871.5261462900226,782.5342995133234,1118.152950075591,247.76435361450842,272.01562920075094,HIT,True,1280.2893211493715
2026_07_21_gym,flight_36,60,0,450,ok,True,28,28,734.50250711399,869.6952419804509,782.5342995133234,1118.152950075591,253.05787044267663,286.93528410143506,HIT,True,1282.9850453694091
2026_07_21_gym,flight_36,60,0,490,ok,True,30,30,721.5676678431785,885.8826659935426,782.5342995133234,1118.152950075591,240.1383248145922,280.7668567316837,HIT,True,1283.4573826936066
2026_07_21_gym,flight_36,60,0,500,ok,True,31,31,732.1748903553259,886.8929259481336,782.5342995133234,1118.152950075591,236.67967561701363,274.2317389678141,HIT,True,1282.328564251866
2026_07_21_gym,flight_36,60,0,550,ok,True,34,34,720.0131001114016,899.9851642814014,782.5342995133234,1118.152950075591,226.94951670579576,262.15104465660863,HIT,True,1280.9581463902316
2026_07_21_gym,flight_36,60,0,600,ok,True,37,37,768.4469990250999,963.8966268096713,782.5342995133234,1118.152950075591,154.89824176718543,177.6073061850718,HIT,True,1272.6324620775397
2026_07_21_gym,flight_36,60,0,650,ok,True,40,40,813.4897723038492,983.6082625735927,782.5342995133234,1118.152950075591,138.05982120332968,142.38701269486918,HIT,True,1266.8301636469973
2026_07_21_gym,flight_36,60,0,700,ok,True,43,43,734.9417751454683,974.182179741754,782.5342995133234,1118.152950075591,151.63321234552578,179.2566692776501,HIT,True,1273.2704431578932
2026_07_21_gym,flight_36,60,0,750,ok,True,46,46,690.7571769703625,1020.3900314643568,782.5342995133234,1118.152950075591,134.0918658146439,162.280897418806,HIT,True,1272.526881618939
2026_07_21_gym,flight_36,60,0,800,ok,True,49,49,765.1068795585481,1015.9781360577332,782.5342995133234,1118.152950075591,103.6504104471561,119.75516791313346,HIT,True,1267.118283028338
2026_07_21_gym,flight_36,60,0,850,ok,True,52,52,775.7487695969041,1076.5974245749399,782.5342995133234,1118.152950075591,42.10587982552896,42.210228142068196,HIT,True,1259.002713911333
2026_07_21_gym,flight_36,60,0,900,ok,True,55,55,786.0508097430987,1096.8752009352252,782.5342995133234,1118.152950075591,21.566373192459896,34.261549135457415,HIT,True,1256.813972614212
2026_07_21_gym,flight_36,60,0,950,ok,True,58,58,774.7862473357741,1085.5903288688764,782.5342995133234,1118.152950075591,33.47172855407982,31.34768771641827,HIT,True,1258.8957269953842
2026_07_21_gym,flight_36,60,0,1000,ok,True,61,61,775.6417207382807,1105.6239517458898,782.5342995133234,1118.152950075591,14.299770673539605,14.99281447609143,HIT,True,1256.6220315854932
2026_07_21_gym,flight_36,60,0,1050,ok,True,64,64,781.6187676491344,1111.2457294567762,782.5342995133234,1118.152950075591,6.967631970140614,23.029467145347493,HIT,True,1255.6106697903667
2026_07_21_gym,flight_36,60,0,1100,ok,True,67,67,784.4108295575594,1109.5290638748418,782.5342995133234,1118.152950075591,8.825688540300584,17.50628073372357,HIT,True,1256.1244534375817
2026_07_21_gym,flight_36,60,0,1150,ok,True,69,69,817.7949757683514,1094.9331641232093,782.5342995133234,1118.152950075591,42.21935278561619,52.85763333211418,HIT,True,1257.8049015876143
2026_07_21_gym,flight_36,60,0,1200,ok,True,72,72,784.1542606028222,1111.953310455811,782.5342995133234,1118.152950075591,6.407792548657808,14.25650010907831,HIT,True,1256.2910309789627
2026_07_21_gym,flight_36,60,0,1250,ok,True,75,75,789.7457172354767,1113.1098809710961,782.5342995133234,1118.152950075591,8.799834745953909,17.42615548769684,HIT,True,1256.8274381839187
2026_07_21_gym,flight_39,60,0,150,fit_failed,True,10,10,,,,,,,,,
2026_07_21_gym,flight_39,60,0,200,ok,True,13,13,727.0887402074559,1153.693338900063,478.24342276910716,1244.9033375705076,265.03444279650716,202.04831587883012,HIT,True,1230.2381972988235
2026_07_21_gym,flight_39,60,0,250,ok,True,16,16,-8.781230526396312,814.6925937683527,478.24342276910716,1244.9033375705076,649.826359114809,710.9169516814005,MISS_HIGH_WIDE,False,1319.3539474425356
2026_07_21_gym,flight_39,60,0,300,ok,True,19,19,-29.40004882008623,846.2311762519232,478.24342276910716,1244.9033375705076,645.4776421051,692.4195691203115,MISS_HIGH_WIDE,False,1314.1888553627273
2026_07_21_gym,flight_39,60,0,350,ok,True,22,22,578.0408583581454,1167.1392628731508,478.24342276910716,1244.9033375705076,126.51790175182458,114.84331431592226,HIT,True,1241.8735202346659
2026_07_21_gym,flight_39,60,0,400,ok,True,25,25,592.6229321164686,1193.8033136811746,478.24342276910716,1244.9033375705076,125.27523538207204,126.53775876621658,HIT,True,1241.871477936664
2026_07_21_gym,flight_39,60,0,450,ok,True,28,28,400.83294240823835,1136.181609814326,478.24342276910716,1244.9033375705076,133.46458914629642,171.0626804704026,HIT,True,1257.8513886642936
2026_07_21_gym,flight_39,60,0,490,ok,True,30,30,252.02030577670402,1048.3432710175482,478.24342276910716,1244.9033375705076,299.6877682273041,358.30061058367744,HIT,True,1274.1033709030798
2026_07_21_gym,flight_39,60,0,500,ok,True,31,31,332.9804105197755,1058.3144314490403,478.24342276910716,1244.9033375705076,236.46725484801317,301.5427862096654,HIT,True,1268.446347883439
2026_07_21_gym,flight_39,60,0,550,ok,True,34,34,437.15306192504005,1112.802167646075,478.24342276910716,1244.9033375705076,138.34426930559658,177.8189459505279,HIT,True,1256.7507530606033
2026_07_21_gym,flight_39,60,0,600,ok,True,36,36,414.9547921703622,1175.7358072203538,478.24342276910716,1244.9033375705076,93.75285605144965,118.70608162205315,HIT,True,1252.0523417638665
2026_07_21_gym,flight_39,60,0,650,ok,True,39,39,468.9010475806829,1261.1413015010608,478.24342276910716,1244.9033375705076,18.73369816056698,30.798435633856453,HIT,True,1237.5187758041482
2026_07_21_gym,flight_39,60,0,700,ok,True,42,42,442.7827081894257,1268.5269366331233,478.24342276910716,1244.9033375705076,42.6091153530891,24.472321497267718,HIT,True,1236.218911786718
2026_07_21_gym,flight_39,60,0,750,ok,True,45,45,495.69488874787834,1243.110766380505,478.24342276910716,1244.9033375705076,17.54328863923281,29.72629719706814,HIT,True,1234.948819393713
2026_07_21_gym,flight_39,60,0,800,ok,True,48,48,490.0824714119885,1267.154064108129,478.24342276910716,1244.9033375705076,25.20432312561715,61.75614041598639,HIT,True,1232.9732609696239
2026_07_21_gym,flight_39,60,0,850,ok,True,51,51,502.9540629911109,1265.3592715873604,478.24342276910716,1244.9033375705076,32.078980293693,69.1167459714637,HIT,True,1232.246550150761
2026_07_21_gym,flight_39,60,0,900,ok,True,54,54,476.12128038307173,1273.2778664091825,478.24342276910716,1244.9033375705076,28.45377611360928,55.10762204533097,HIT,True,1233.0070410524693
2026_07_21_gym,flight_39,60,0,950,ok,True,56,56,492.4256738034788,1248.364604601166,478.24342276910716,1244.9033375705076,14.598514097655928,36.19902665312009,HIT,True,1234.743669140354
2026_07_21_gym,flight_39,60,0,1000,ok,True,59,59,447.2323641090403,1287.0999735889081,478.24342276910716,1244.9033375705076,52.3664191107955,63.856614139846265,HIT,True,1230.6755797143292
2026_07_21_gym,flight_39,60,0,1050,ok,True,62,62,455.7063936511982,1274.972354672226,478.24342276910716,1244.9033375705076,37.5774330007374,49.97741823045091,HIT,True,1232.2103267520868
2026_07_21_gym,flight_39,60,0,1100,ok,True,65,65,497.4474393739129,1229.9632798212854,478.24342276910716,1244.9033375705076,24.331041476018854,22.87333381665495,HIT,True,1237.5216171916688
2026_07_21_gym,flight_39,60,0,1150,ok,True,68,68,420.94902270294295,1286.8916233248044,478.24342276910716,1244.9033375705076,71.03284042980516,70.05345618128595,HIT,True,1231.6446791781502
2026_07_21_gym,flight_39,60,0,1200,ok,True,71,71,463.8970544012194,1276.1145130029029,478.24342276910716,1244.9033375705076,34.350484090022455,50.84296672476448,HIT,True,1232.1245365133148
2026_07_21_gym,flight_39,60,0,1250,ok,False,74,74,437.57406146799497,1299.2130770097203,478.24342276910716,1244.9033375705076,67.84942701744491,74.97057200833275,HIT,True,1229.9286428219852
2026_07_21_gym,flight_40,60,0,150,fit_failed,True,10,10,,,,,,,,,
2026_07_21_gym,flight_40,60,0,200,fit_failed,True,12,12,,,,,,,,,
2026_07_21_gym,flight_40,60,0,250,ok,True,15,15,1007.1710625864654,813.6411825751628,1086.8140067038262,1172.412062619012,367.50448012931633,508.2952703805009,HIT,True,1143.8124085094198
2026_07_21_gym,flight_40,60,0,300,ok,True,18,18,1054.0500828603554,892.5702396243587,1086.8140067038262,1172.412062619012,281.7532974121006,384.08155112435014,HIT,True,1131.889920609689
2026_07_21_gym,flight_40,60,0,350,ok,True,21,21,1006.5762944844644,951.1013276946738,1086.8140067038262,1172.412062619012,235.40716185993105,334.7362580653976,HIT,True,1129.3954856574844
2026_07_21_gym,flight_40,60,0,400,ok,True,24,24,1172.7456380599497,1030.982038770951,1086.8140067038262,1172.412062619012,165.48926525061316,170.64579393058258,HIT,True,1110.8755109446029
2026_07_21_gym,flight_40,60,0,450,ok,True,27,27,1230.8248263527516,1072.440686315821,1086.8140067038262,1172.412062619012,175.3094186172253,143.85044154557735,HIT,True,1104.922835372668
2026_07_21_gym,flight_40,60,0,490,ok,True,29,29,1139.614645967702,1025.2867179878283,1086.8140067038262,1172.412062619012,156.31306579911518,199.6751993202528,HIT,True,1116.7058985815045
2026_07_21_gym,flight_40,60,0,500,ok,True,30,30,1386.5763185257251,1040.742550492151,1086.8140067038262,1172.412062619012,327.4054123140529,266.88598074442746,HIT,True,1103.2473847052795
2026_07_21_gym,flight_40,60,0,550,ok,True,33,33,1146.474147103927,1062.1336612787636,1086.8140067038262,1172.412062619012,125.3820487738202,139.14362284152165,HIT,True,1110.193704492073
2026_07_21_gym,flight_40,60,0,600,ok,True,36,36,1130.45205184537,1073.0346487722913,1086.8140067038262,1172.412062619012,108.53639650659959,136.33471984352124,HIT,True,1111.5914177568875
2026_07_21_gym,flight_40,60,0,650,ok,True,39,39,1101.2193623604614,1039.1658484072457,1086.8140067038262,1172.412062619012,134.0226394060424,207.76773286815273,HIT,True,1118.1559131835925
2026_07_21_gym,flight_40,60,0,700,ok,True,41,41,1032.2905491728638,1075.365762706959,1086.8140067038262,1172.412062619012,111.31393330464425,200.4471894973896,HIT,True,1115.127399187814
2026_07_21_gym,flight_40,60,0,750,ok,True,44,44,1104.6828231339002,1084.52899397775,1086.8140067038262,1172.412062619012,89.68125977268866,135.91190647036913,HIT,True,1112.0334540688193
2026_07_21_gym,flight_40,60,0,800,ok,True,46,46,1127.7530054176007,1141.1356896492994,1086.8140067038262,1172.412062619012,51.519055909701976,45.53225643077665,HIT,True,1104.0759404094956
2026_07_21_gym,flight_40,60,0,850,ok,True,49,49,1128.117559345683,1105.7277707337732,1086.8140067038262,1172.412062619012,78.43964715036878,89.94794349853397,HIT,True,1107.6771241902347
2026_07_21_gym,flight_40,60,0,900,ok,True,52,52,1046.2853044976277,1127.8262539689613,1086.8140067038262,1172.412062619012,60.253381942407586,130.78647925352166,HIT,True,1107.26439953556
2026_07_21_gym,flight_40,60,0,950,ok,True,55,55,1122.4162534212746,1116.6580731844579,1086.8140067038262,1172.412062619012,66.15154804838993,73.4071631226012,HIT,True,1106.1666696657471
2026_07_21_gym,flight_40,60,0,1000,ok,True,57,57,1071.0031690819285,1139.7500551921664,1086.8140067038262,1172.412062619012,36.287591756099346,97.36831759114169,HIT,True,1104.752645338087
2026_07_21_gym,flight_40,60,0,1050,ok,True,60,60,1085.178748447494,1148.4998217960479,1086.8140067038262,1172.412062619012,23.968089843379982,55.12470251913135,HIT,True,1103.219700911939
2026_07_21_gym,flight_40,60,0,1100,ok,True,63,63,1080.1319912187173,1159.9128668459725,1086.8140067038262,1172.412062619012,14.17318686520438,63.645120918215504,HIT,True,1102.2968929960646
2026_07_21_gym,flight_40,60,0,1150,ok,False,66,66,1072.4653039379896,1167.8322202153333,1086.8140067038262,1172.412062619012,15.06187994590516,73.6328374299669,HIT,True,1101.0412276732354
2026_07_21_gym,flight_40,60,0,1200,ok,False,69,69,1086.686089183744,1169.998093134524,1086.8140067038262,1172.412062619012,2.4173563171330983,47.97714909135636,HIT,True,1100.9124013523008
2026_07_21_gym,flight_40,60,0,1250,ok,False,72,72,1058.8504267704034,1180.349349919487,1086.8140067038262,1172.412062619012,29.068235797571337,85.09765575269742,HIT,True,1098.72453462591
2026_07_21_gym,flight_43,60,0,150,ok,True,10,10,-74.04909451122715,-928.4011624084877,819.089716353249,905.4802509676498,2039.8083179060895,1771.050308567713,MISS_HIGH_WIDE,False,1597.5214924289755
2026_07_21_gym,flight_43,60,0,200,ok,True,13,13,628.1713890409565,295.3133934611874,819.089716353249,905.4802509676498,639.338252963981,658.8325366508341,HIT,True,1441.3802013743905
2026_07_21_gym,flight_43,60,0,250,ok,True,16,16,831.3173536031128,444.02596162860084,819.089716353249,905.4802509676498,461.61626516200766,482.65863918307934,HIT,True,1417.755226325369
2026_07_21_gym,flight_43,60,0,300,ok,True,18,18,361.3411926061021,416.04549835031656,819.089716353249,905.4802509676498,670.1343806001021,651.1810005990726,HIT,True,1434.0574580279554
2026_07_21_gym,flight_43,60,0,350,ok,True,21,21,316.3458310604548,474.40747751802866,819.089716353249,905.4802509676498,662.2500662203383,621.3964054546909,HIT,True,1426.9661924198947
2026_07_21_gym,flight_43,60,0,400,ok,True,24,24,513.7278893714522,738.1550963342527,819.089716353249,905.4802509676498,348.2004490961363,308.30507087771576,HIT,True,1377.833542041513
2026_07_21_gym,flight_43,60,0,450,ok,True,27,27,689.6430409058892,968.5401651566993,819.089716353249,905.4802509676498,143.9895640729021,133.59328706739439,HIT,True,1338.2960915808776
2026_07_21_gym,flight_43,60,0,490,ok,True,29,29,708.3301484221711,895.4812166067991,819.089716353249,905.4802509676498,111.20999315002463,95.5780377055157,HIT,True,1345.952317673793
2026_07_21_gym,flight_43,60,0,500,ok,True,30,30,688.7501892565792,887.4695882512924,819.089716353249,905.4802509676498,131.57802360297816,104.49659825029121,HIT,True,1348.009965897948
2026_07_21_gym,flight_43,60,0,550,ok,True,33,33,678.7342599619946,896.155617699893,819.089716353249,905.4802509676498,140.66486030411244,111.20779737337445,HIT,True,1349.1100025401056
2026_07_21_gym,flight_43,60,0,600,ok,True,36,36,675.6903948312503,910.7099161128862,819.089716353249,905.4802509676498,143.49465080796864,113.17205201032715,HIT,True,1350.6800566295988
2026_07_21_gym,flight_43,60,0,650,ok,True,39,39,705.5603228267529,908.5761315157491,819.089716353249,905.4802509676498,113.57159711328403,91.68916444297818,HIT,True,1350.2179008387056
2026_07_21_gym,flight_43,60,0,700,ok,True,42,42,787.7473355082367,872.1164211292578,819.089716353249,905.4802509676498,45.776522132190955,35.617078146312544,HIT,True,1350.8907776921847
2026_07_21_gym,flight_43,60,0,750,ok,True,45,45,787.056855256421,863.3173255622709,819.089716353249,905.4802509676498,52.951076181586885,39.40526570589929,HIT,True,1353.142184689959
2026_07_21_gym,flight_43,60,0,800,ok,True,48,48,748.5068934085747,894.3854535639606,819.089716353249,905.4802509676498,71.44948862146002,60.445902180434494,HIT,True,1353.0082102354809
2026_07_21_gym,flight_43,60,0,850,ok,True,51,51,731.3214822255434,908.2212401342373,819.089716353249,905.4802509676498,87.81102404315241,73.16569637294062,HIT,True,1353.5501390483123
2026_07_21_gym,flight_43,60,0,900,ok,True,54,54,754.0227263830045,902.7360870304042,819.089716353249,905.4802509676498,65.12483105162246,55.9657316350956,HIT,True,1353.7074492652239
2026_07_21_gym,flight_43,60,0,950,ok,True,57,57,744.7682546878757,927.6013774125153,819.089716353249,905.4802509676498,77.54369026082826,66.55050846471765,HIT,True,1351.2483022464621
2026_07_21_gym,flight_43,60,0,1000,ok,True,60,60,763.1447654380534,939.464583434046,819.089716353249,905.4802509676498,65.4581727982854,61.683150064343735,HIT,True,1348.8591072921556
2026_07_21_gym,flight_43,60,0,1050,ok,True,63,63,791.1162256593426,918.9441409296041,819.089716353249,905.4802509676498,31.045007883872085,32.02369795253208,HIT,True,1350.784869063715
2026_07_21_gym,flight_43,60,0,1100,ok,True,66,66,769.0156732681721,920.5312945113942,819.089716353249,905.4802509676498,52.28712750421293,48.47848915487187,HIT,True,1351.7350149271822
2026_07_21_gym,flight_43,60,0,1150,ok,True,69,69,729.7969405470916,945.9352377837829,819.089716353249,905.4802509676498,98.0296167974872,82.60509601604898,HIT,True,1350.037129095187
2026_07_21_gym,flight_43,60,0,1200,ok,True,72,72,837.2025794567919,872.0447001515416,819.089716353249,905.4802509676498,38.026462735629764,21.917225890829705,HIT,True,1356.2091505638305
2026_07_21_gym,flight_43,60,0,1250,ok,True,74,74,785.1524443189162,910.5291243577802,819.089716353249,905.4802509676498,34.310779000801936,32.705241739234474,HIT,True,1353.2448027007893
2026_07_21_gym,flight_45,60,0,150,fit_failed,True,9,9,,,,,,,,,
2026_07_21_gym,flight_45,60,0,200,fit_failed,True,12,12,,,,,,,,,
2026_07_21_gym,flight_45,60,0,250,fit_failed,True,15,15,,,,,,,,,
2026_07_21_gym,flight_45,60,0,300,fit_failed,True,18,18,,,,,,,,,
2026_07_21_gym,flight_45,60,0,350,ok,True,21,21,839.7121636596673,754.2150451464247,864.4297748844406,815.2082819075667,65.81136098926815,141.6905488960847,HIT,True,1266.3719493467752
2026_07_21_gym,flight_45,60,0,400,ok,True,24,24,442.9345240388043,770.7705768572622,864.4297748844406,815.2082819075667,423.8312826061377,381.08812004874346,HIT,True,1283.7672175177368
2026_07_21_gym,flight_45,60,0,450,ok,True,27,27,521.3512903155231,752.7653191868865,864.4297748844406,815.2082819075667,348.71474039312017,337.233007480207,HIT,True,1278.7070276895236
2026_07_21_gym,flight_45,60,0,490,ok,True,29,29,668.058077410045,735.3796519809623,864.4297748844406,815.2082819075667,211.97748400463266,234.8258663163445,HIT,True,1273.768334712528
2026_07_21_gym,flight_45,60,0,500,ok,True,30,30,924.0402335629133,740.5074780314113,864.4297748844406,815.2082819075667,95.56995806006057,85.97955682162473,HIT,True,1251.9814255513343
2026_07_21_gym,flight_45,60,0,550,ok,True,33,33,708.6443621018591,703.141293459463,864.4297748844406,815.2082819075667,191.9064999828477,224.70639162964778,HIT,True,1265.8837401815751
2026_07_21_gym,flight_45,60,0,600,ok,True,36,36,937.610676389406,719.6247645853784,864.4297748844406,815.2082819075667,120.3812823023601,88.37050841807948,HIT,True,1248.8935798821417
2026_07_21_gym,flight_45,60,0,650,ok,True,39,39,811.8670865324592,758.4875957838891,864.4297748844406,815.2082819075667,77.33092810207488,93.97188068574694,HIT,True,1253.028886648037
2026_07_21_gym,flight_45,60,0,700,ok,True,42,42,950.1237823730268,787.8310823263785,864.4297748844406,815.2082819075667,89.96095806716423,86.42533140190608,HIT,True,1239.820257411089
2026_07_21_gym,flight_45,60,0,750,ok,True,45,45,932.6661456064617,790.4512223047135,864.4297748844406,815.2082819075667,72.58866502073396,38.88427056377118,HIT,True,1242.5526824145973
2026_07_21_gym,flight_45,60,0,800,ok,True,48,48,934.6871095727555,799.3257643624132,864.4297748844406,815.2082819075667,72.030184236041,39.84732482600412,HIT,True,1241.5090197416969
2026_07_21_gym,flight_45,60,0,850,ok,True,51,51,924.7987077319698,804.4851125356256,864.4297748844406,815.2082819075667,61.313900663135335,33.96469088454832,HIT,True,1241.0916138637872
2026_07_21_gym,flight_45,60,0,900,ok,True,54,54,950.77180971948,813.2624441872354,864.4297748844406,815.2082819075667,86.36395813004994,82.79851187212307,HIT,True,1238.0714525465255
2026_07_21_gym,flight_45,60,0,950,ok,True,57,57,856.1402170634877,820.8340458899742,864.4297748844406,815.2082819075667,10.018282749686842,25.251157434909704,HIT,True,1241.3842678213327
2026_07_21_gym,flight_45,60,0,1000,ok,True,60,60,913.7596332778606,807.3765350424367,864.4297748844406,815.2082819075667,49.94768451164029,27.332065179955556,HIT,True,1240.5444134626084
2026_07_21_gym,flight_45,60,0,1050,ok,True,63,63,869.7593825399063,813.2340299909692,864.4297748844406,815.2082819075667,5.6835190147818855,19.148358374966147,HIT,True,1241.418128675725
2026_07_21_gym,flight_45,60,0,1100,ok,True,65,65,851.5679163530777,827.7304626727831,864.4297748844406,815.2082819075667,17.950833295352773,29.401912222662215,HIT,True,1240.2426516524692
2026_07_21_gym,flight_45,60,0,1150,ok,True,68,68,874.7096399516419,814.8805203386096,864.4297748844406,815.2082819075667,10.285088888577995,10.778704926246647,HIT,True,1241.1160288126491
2026_07_21_gym,flight_45,60,0,1200,ok,True,71,71,835.7576700352291,822.9848504656234,864.4297748844406,815.2082819075667,29.707989077390103,44.97980969151869,HIT,True,1241.5206972593335
2026_07_21_gym,flight_45,60,0,1250,ok,False,74,74,922.5427959388223,787.6158440616557,864.4297748844406,815.2082819075667,64.33090891902182,38.5405945310656,HIT,True,1246.2152441983715
2026_07_21_gym,flight_47,60,0,150,fit_failed,True,8,8,,,,,,,,,
2026_07_21_gym,flight_47,60,0,200,ok,True,11,11,-183.54022553376177,1028.9142873592696,219.8265686749273,1313.4713486475462,493.63700408216454,428.09062528146393,MISS_HIGH_WIDE,False,1396.681299764307
2026_07_21_gym,flight_47,60,0,250,ok,True,14,14,-383.6257075084751,804.7859131960918,219.8265686749273,1313.4713486475462,789.2499742612382,721.4071089161894,MISS_HIGH_WIDE,False,1439.2853332404839
2026_07_21_gym,flight_47,60,0,300,ok,True,17,17,-384.24387605047474,778.6242320687676,219.8265686749273,1313.4713486475462,806.8224961559876,743.3770763727671,MISS_HIGH_WIDE,False,1442.6665835361048
2026_07_21_gym,flight_47,60,0,350,ok,True,20,20,190.5372746321212,1126.9626857287335,219.8265686749273,1313.4713486475462,188.79444930741275,170.33392319818182,HIT,True,1366.8454608052782
2026_07_21_gym,flight_47,60,0,400,ok,True,22,22,87.16516349305647,1180.1198877099323,219.8265686749273,1313.4713486475462,188.1001343939564,188.81922659581755,HIT,True,1375.4361363813098
2026_07_21_gym,flight_47,60,0,450,ok,True,25,25,203.5202281763041,1220.4312798366398,219.8265686749273,1313.4713486475462,94.45819786972034,134.55766288048397,HIT,True,1372.0454538563397
2026_07_21_gym,flight_47,60,0,490,ok,True,27,27,245.71273103293,1246.2286970911853,219.8265686749273,1313.4713486475462,72.0532274777129,97.81550070976301,HIT,True,1365.1759834976735
2026_07_21_gym,flight_47,60,0,500,ok,True,28,28,194.74259298517177,1245.1184365210436,219.8265686749273,1313.4713486475462,72.81020829923254,109.26146353470384,HIT,True,1369.3196137927307
2026_07_21_gym,flight_47,60,0,550,ok,True,30,30,181.6469999589352,1281.7346670463803,219.8265686749273,1313.4713486475462,49.6477232750198,68.70868938169804,HIT,True,1363.9974728648428
2026_07_21_gym,flight_47,60,0,600,ok,True,30,30,181.6469999589352,1281.7346670463803,219.8265686749273,1313.4713486475462,49.6477232750198,68.70868938169804,HIT,True,1363.9974728648428
2026_07_21_gym,flight_47,60,0,650,ok,True,32,32,172.29849876334205,1255.01643718121,219.8265686749273,1313.4713486475462,75.33853000993406,81.61354755455655,HIT,True,1362.6592444632247
2026_07_21_gym,flight_47,60,0,700,ok,True,35,35,139.76854674786847,1225.230976518746,219.8265686749273,1313.4713486475462,119.14549990789646,125.81350351150812,HIT,True,1367.123254805939
2026_07_21_gym,flight_47,60,0,750,ok,True,38,38,218.61293537712075,1231.614370019808,219.8265686749273,1313.4713486475462,81.86597495812009,86.6965040300975,HIT,True,1360.3597663095575
2026_07_21_gym,flight_47,60,0,800,ok,True,41,41,242.02513161128982,1212.6589183899034,219.8265686749273,1313.4713486475462,103.22752680797758,106.34371489660491,HIT,True,1360.4637658955558
2026_07_21_gym,flight_47,60,0,850,ok,True,44,44,212.96760884682345,1223.6014694101325,219.8265686749273,1313.4713486475462,90.13124055548586,92.82056681320117,HIT,True,1360.8605252700368
2026_07_21_gym,flight_47,60,0,900,ok,True,47,47,200.8227414204596,1235.6611593972082,219.8265686749273,1313.4713486475462,80.09725963783696,83.29534048521974,HIT,True,1360.4992610475174
2026_07_21_gym,flight_47,60,0,950,ok,True,50,50,199.24881598546136,1247.0941815021895,219.8265686749273,1313.4713486475462,69.49368477776552,72.24816273368954,HIT,True,1359.500617085868
2026_07_21_gym,flight_47,60,0,1000,ok,True,53,53,215.737465569736,1258.6084378214937,219.8265686749273,1313.4713486475462,55.01508655371063,59.45872261683315,HIT,True,1357.9464795359581
2026_07_21_gym,flight_47,60,0,1050,ok,True,56,56,248.19317386419587,1248.8190403571214,219.8265686749273,1313.4713486475462,70.60159528823672,76.71280698687028,HIT,True,1357.6926086623535
2026_07_21_gym,flight_47,60,0,1100,ok,True,59,59,222.29538136356024,1266.1149543307067,219.8265686749273,1313.4713486475462,47.420703482588046,53.1426488287246,HIT,True,1357.05588782783
2026_07_21_gym,flight_47,60,0,1150,ok,True,62,62,215.26395548923975,1259.1158689913102,219.8265686749273,1313.4713486475462,54.54663699754267,56.32149692222722,HIT,True,1358.2300447559176
2026_07_21_gym,flight_47,60,0,1200,ok,True,65,65,235.92034359622988,1249.6302610764856,219.8265686749273,1313.4713486475462,65.83839346060455,65.38330007460112,HIT,True,1359.2955479689656
2026_07_21_gym,flight_47,60,0,1250,ok,True,68,68,232.8943667769238,1262.933659262625,219.8265686749273,1313.4713486475462,52.199860110936235,53.227709008484446,HIT,True,1358.3684637157944
2026_07_21_gym,flight_48,60,0,150,ok,True,10,10,571.7974338805437,2286.7024326836026,37.05523741746954,2131.719101117846,556.7486414364872,667.4666261613935,MISS_HIGH_WIDE,True,994.7434340355438
2026_07_21_gym,flight_48,60,0,200,ok,True,12,12,222.73428699471737,2252.502452836578,37.05523741746954,2131.719101117846,221.50694685341347,299.7016679865854,MISS_HIGH_WIDE,True,1020.9120541886819
2026_07_21_gym,flight_48,60,0,250,ok,True,15,15,284.64538908014015,2265.046684798437,37.05523741746954,2131.719101117846,281.20655712562825,360.9398802196707,MISS_HIGH_WIDE,True,1020.2589125482062
2026_07_21_gym,flight_48,60,0,300,ok,True,18,18,54.241590886520136,2190.0348301528215,37.05523741746954,2131.719101117846,60.79551791410141,53.31364180628762,MISS_HIGH_WIDE,True,1048.6085486886464
2026_07_21_gym,flight_48,60,0,350,ok,True,21,21,33.679703905708095,2120.5458995885683,37.05523741746954,2131.719101117846,11.671960371029359,72.24688883730133,MISS_HIGH_WIDE,True,1058.5437860661075
2026_07_21_gym,flight_48,60,0,400,ok,True,24,24,126.95085656741563,2121.819026085134,37.05523741746954,2131.719101117846,90.43911669186893,91.66557374162124,MISS_HIGH_WIDE,True,1050.3021692331454
2026_07_21_gym,flight_48,60,0,450,ok,True,25,25,-69.81614722362148,2118.941043204156,37.05523741746954,2131.719101117846,107.63257694187968,141.8901216282325,MISS_HIGH_WIDE,True,1065.01837890792
2026_07_21_gym,flight_48,60,0,490,ok,True,27,27,168.53979954497754,2126.7528452014813,37.05523741746954,2131.719101117846,131.57831803032497,149.92173155063242,MISS_HIGH_WIDE,True,1047.0826305150158
2026_07_21_gym,flight_48,60,0,500,ok,True,28,28,241.97936634246435,2117.7914032430067,37.05523741746954,2131.719101117846,205.39688260477737,217.6936732625688,MISS_HIGH_WIDE,True,1036.9307150569318
2026_07_21_gym,flight_48,60,0,550,ok,True,31,31,182.77459970052112,2133.523297798901,37.05523741746954,2131.719101117846,145.73053101475736,165.8383949283799,MISS_HIGH_WIDE,True,1039.1456177015182
2026_07_21_gym,flight_48,60,0,600,ok,True,34,34,65.79437389802048,2124.4558350614993,37.05523741746954,2131.719101117846,29.642756272874035,43.82469155106426,MISS_HIGH_WIDE,True,1045.8745791512265
2026_07_21_gym,flight_48,60,0,650,ok,True,37,37,91.85713406566887,2083.998947437909,37.05523741746954,2131.719101117846,72.66678019202952,59.25388871407397,MISS_HIGH_WIDE,True,1048.5660383244424
2026_07_21_gym,flight_48,60,0,700,ok,True,40,40,62.337786605829194,2098.3377834301973,37.05523741746954,2131.719101117846,41.87504822714308,47.934216203302114,MISS_HIGH_WIDE,True,1047.718871485389
2026_07_21_gym,flight_48,60,0,750,ok,True,43,43,53.67946796664564,2098.4175338719538,37.05523741746954,2131.719101117846,37.22041674114959,36.534296233224865,MISS_HIGH_WIDE,True,1049.0506684502361
2026_07_21_gym,flight_48,60,0,800,ok,True,46,46,50.950498972961604,2106.936658338314,37.05523741746954,2131.719101117846,28.412105937721723,25.628467844122657,MISS_HIGH_WIDE,True,1048.2149787924404
2026_07_21_gym,flight_48,60,0,850,ok,True,49,49,61.37858753988545,2112.531283356814,37.05523741746954,2131.719101117846,30.98060218278857,38.77978267171573,MISS_HIGH_WIDE,True,1046.492909494944
2026_07_21_gym,flight_48,60,0,900,ok,True,52,52,94.4518904693279,2102.294125433711,37.05523741746954,2131.719101117846,64.49965097244588,70.44887139362753,MISS_HIGH_WIDE,True,1046.6138505214221
2026_07_21_gym,flight_48,60,0,950,ok,True,55,55,54.091537516805516,2129.927394626582,37.05523741746954,2131.719101117846,17.13025782717448,41.747318920046915,MISS_HIGH_WIDE,True,1043.9758555628673
2026_07_21_gym,flight_48,60,0,1000,ok,True,58,58,77.84268814795043,2100.0344122547785,37.05523741746954,2131.719101117846,51.64819111489581,37.42655694809771,MISS_HIGH_WIDE,True,1047.8782648583299
2026_07_21_gym,flight_48,60,0,1050,ok,False,61,61,46.619433485967306,2119.251229322927,37.05523741746954,2131.719101117846,15.71374155098676,3.862629866720427,MISS_HIGH_WIDE,True,1045.882426716051
2026_07_21_gym,flight_48,60,0,1100,ok,False,63,63,53.665875265639976,2123.17358173881,37.05523741746954,2131.719101117846,18.679914110631135,48.7864596604724,MISS_HIGH_WIDE,True,1044.9733102623577
2026_07_21_gym,flight_48,60,0,1150,ok,False,66,66,47.888297601734216,2114.4895466862995,37.05523741746954,2131.719101117846,20.352217050373845,14.290948398598404,MISS_HIGH_WIDE,True,1047.1209600893874
2026_07_21_gym,flight_48,60,0,1200,ok,False,69,69,56.93470479215869,2119.10652527353,37.05523741746954,2131.719101117846,23.542945706303417,48.26512603739792,MISS_HIGH_WIDE,True,1047.3480683227372
2026_07_21_gym,flight_48,60,0,1250,ok,False,72,72,27.266996403979817,2129.5703465014353,37.05523741746954,2131.719101117846,10.021317704758637,32.700935482853886,MISS_HIGH_WIDE,True,1045.9786561768858
2026_07_21_gym,flight_49,60,0,150,fit_failed,True,10,10,,,,,,,,,
2026_07_21_gym,flight_49,60,0,200,ok,True,13,13,-80.36362210267895,1611.2412755853163,464.41568092875656,1657.974301261427,546.780088061243,492.3590879229804,MISS_HIGH_WIDE,False,1209.4596927367752
2026_07_21_gym,flight_49,60,0,250,ok,True,16,16,154.4066959855288,1727.4800710732306,464.41568092875656,1657.974301261427,317.7052451292894,287.2734362074158,HIT,True,1179.576257760858
2026_07_21_gym,flight_49,60,0,300,ok,True,19,19,-90.48103780277945,1691.3838768303804,464.41568092875656,1657.974301261427,555.9015813961344,465.7475518323798,MISS_HIGH_WIDE,False,1201.1778355766828
2026_07_21_gym,flight_49,60,0,350,ok,True,22,22,118.8872600407937,1718.8437066855363,464.41568092875656,1657.974301261427,350.84893352839737,286.7993180954264,HIT,True,1183.8933037544225
2026_07_21_gym,flight_49,60,0,400,ok,True,25,25,126.72604796641166,1640.7411131504414,464.41568092875656,1657.974301261427,338.12907444156855,324.634294426045,HIT,True,1197.0064320553863
2026_07_21_gym,flight_49,60,0,450,ok,True,28,28,183.94708415921676,1633.5392056599323,464.41568092875656,1657.974301261427,281.5310065888461,288.3857026445804,HIT,True,1197.2808194297286
2026_07_21_gym,flight_49,60,0,490,ok,True,30,30,251.23003849820802,1648.1742753217436,464.41568092875656,1657.974301261427,213.41077443968047,206.2287898221322,HIT,True,1190.048884503213
2026_07_21_gym,flight_49,60,0,500,ok,True,31,31,371.4279695930283,1621.0608705035208,464.41568092875656,1657.974301261427,100.0465683058417,128.3208166650864,HIT,True,1185.7795849618199
2026_07_21_gym,flight_49,60,0,550,ok,True,34,34,364.6298923319915,1611.6526791581716,464.41568092875656,1657.974301261427,110.01316412209529,151.88620131696302,HIT,True,1187.026201339693
2026_07_21_gym,flight_49,60,0,600,ok,True,37,37,488.48877924638305,1625.8273325542664,464.41568092875656,1657.974301261427,40.161444940007726,66.71993132494126,HIT,True,1176.707035430993
2026_07_21_gym,flight_49,60,0,650,ok,True,40,40,358.1805681949916,1617.9168224860414,464.41568092875656,1657.974301261427,113.5363412454189,146.57321713301693,HIT,True,1184.7773834846182
2026_07_21_gym,flight_49,60,0,700,ok,True,43,43,394.19794972955896,1605.6237310242684,464.41568092875656,1657.974301261427,87.58488442030644,122.88934966030831,HIT,True,1183.0282316441499
2026_07_21_gym,flight_49,60,0,750,ok,True,46,46,421.2101902067008,1614.366167338858,464.41568092875656,1657.974301261427,61.3871629312053,78.98360735749965,HIT,True,1179.895315869268
2026_07_21_gym,flight_49,60,0,800,ok,True,49,49,415.6565378880275,1602.0046468545966,464.41568092875656,1657.974301261427,74.2297530946069,105.88028512079136,HIT,True,1181.5622432772964
2026_07_21_gym,flight_49,60,0,850,ok,True,52,52,443.71443286594945,1625.7367902071294,464.41568092875656,1657.974301261427,38.31186226658569,48.29443936289988,HIT,True,1177.2185488157863
2026_07_21_gym,flight_49,60,0,900,ok,True,55,55,457.46791229617764,1622.8656179297843,464.41568092875656,1657.974301261427,35.78953945293804,50.06667319857248,HIT,True,1177.5071254996624
2026_07_21_gym,flight_49,60,0,950,ok,True,58,58,469.26944751842353,1613.544169086051,464.41568092875656,1657.974301261427,44.6944705218481,55.753584758637125,HIT,True,1178.1516831190274
2026_07_21_gym,flight_49,60,0,1000,ok,True,61,61,467.86717915791723,1622.0402419518007,464.41568092875656,1657.974301261427,36.099438478924256,47.038147846173295,HIT,True,1176.953453570899
2026_07_21_gym,flight_49,60,0,1050,ok,True,64,64,504.39057403808437,1630.054898232499,464.41568092875656,1657.974301261427,48.7594621032051,103.29811019316796,HIT,True,1173.1849535215506
2026_07_21_gym,flight_49,60,0,1100,ok,True,67,67,396.55158106912546,1640.9691294179913,464.41568092875656,1657.974301261427,69.96221779777109,92.61134803216348,HIT,True,1177.1529937587266
2026_07_21_gym,flight_49,60,0,1150,ok,True,70,70,491.35842131652475,1616.9917960796884,464.41568092875656,1657.974301261427,49.0456623013076,69.73592200500936,HIT,True,1176.2237546473975
2026_07_21_gym,flight_49,60,0,1200,ok,False,73,73,469.9208627950095,1633.481377466491,464.41568092875656,1657.974301261427,25.103990587256398,33.89678174171397,HIT,True,1174.9648543238666
2026_07_21_gym,flight_49,60,0,1250,ok,False,76,76,466.0650325873472,1636.7232079249202,464.41568092875656,1657.974301261427,21.315002437030532,25.029512709413307,HIT,True,1175.5467494382694
2026_07_21_gym,flight_51,60,0,150,ok,True,10,10,81.8777309949789,2039.0662705598788,161.776019556798,1727.697537964569,321.45641096907264,394.21404034069633,MISS_HIGH_WIDE,False,1318.3470866582088
2026_07_21_gym,flight_51,60,0,200,ok,True,13,13,-33.27520695814399,1818.5252942672957,161.776019556798,1727.697537964569,215.16194431165272,137.9871197025851,MISS_HIGH_WIDE,False,1362.2864658105862
2026_07_21_gym,flight_51,60,0,250,ok,True,16,16,749.10585884441,1993.3651206205557,161.776019556798,1727.697537964569,644.6205120781433,653.1229097969283,HIT,True,1285.1657491638152
2026_07_21_gym,flight_51,60,0,300,ok,True,17,17,-33.27521366754987,1818.5255928567778,161.776019556798,1727.697537964569,215.16207643969477,137.98728290984428,MISS_HIGH_WIDE,False,1362.286419735497
2026_07_21_gym,flight_51,60,0,350,ok,True,19,19,675.5564852117769,2012.5129801156538,161.776019556798,1727.697537964569,587.4437870778488,627.6889192859742,MISS_HIGH_WIDE,False,1288.7830453407357
2026_07_21_gym,flight_51,60,0,400,ok,True,22,22,-359.5905328385641,1588.5562342509227,161.776019556798,1727.697537964569,539.6141068909884,434.3422693492443,MISS_HIGH_WIDE,False,1416.600378604441
2026_07_21_gym,flight_51,60,0,450,ok,True,25,25,57.65427024117656,1720.8625555416013,161.776019556798,1727.697537964569,104.34584642077225,67.35911081419914,HIT,True,1362.9314665901181
2026_07_21_gym,flight_51,60,0,490,ok,True,27,27,12.548450617212357,1716.713285561242,161.776019556798,1727.697537964569,149.63128393647762,93.36145225953962,HIT,True,1365.9853287852582
2026_07_21_gym,flight_51,60,0,500,ok,True,28,28,-66.42915364993763,1729.8660712840826,161.776019556798,1727.697537964569,228.21547628299453,142.02248803839387,MISS_HIGH_WIDE,False,1371.1141613689879
2026_07_21_gym,flight_51,60,0,550,ok,True,31,31,30.40638655384347,1643.461941745609,161.776019556798,1727.697537964569,156.0564517913137,118.05011529736574,HIT,True,1373.313568622663
2026_07_21_gym,flight_51,60,0,600,ok,True,34,34,57.131526825868775,1698.0669103965238,161.776019556798,1727.697537964569,108.75864999617131,63.49818242463744,HIT,True,1363.1175244972676
2026_07_21_gym,flight_51,60,0,650,ok,True,37,37,52.62281957517192,1696.2350051725894,161.776019556798,1727.697537964569,113.59714800960121,69.58457908323348,HIT,True,1363.4534015152424
2026_07_21_gym,flight_51,60,0,700,ok,True,40,40,125.5648499446522,1678.8593015579324,161.776019556798,1727.697537964569,60.79820836167877,37.12763294647067,HIT,True,1359.843860111354
2026_07_21_gym,flight_51,60,0,750,ok,True,43,43,101.54710022660451,1683.7395583267669,161.776019556798,1727.697537964569,74.56424543653864,47.485662324945615,HIT,True,1362.0497299248289
2026_07_21_gym,flight_51,60,0,800,ok,True,46,46,116.02228500832729,1727.3223777343787,161.776019556798,1727.697537964569,45.75527259595595,50.73710504370059,HIT,True,1356.2082953873557
2026_07_21_gym,flight_51,60,0,850,ok,True,49,49,100.55757405092345,1746.9150438973072,161.776019556798,1727.697537964569,64.1639353876503,51.79730249455061,HIT,True,1358.3333252763898
2026_07_21_gym,flight_51,60,0,900,ok,True,52,52,97.23402233709729,1738.6920981280384,161.776019556798,1727.697537964569,65.47174778708755,47.09785454107534,HIT,True,1360.6315378423137
2026_07_21_gym,flight_51,60,0,950,ok,True,53,53,26.22853337579405,1694.4802024030705,161.776019556798,1727.697537964569,139.55827597027215,165.94147808310322,HIT,True,1371.2541395208123
2026_07_21_gym,flight_51,60,0,1000,ok,True,56,56,86.52247150105005,1745.9410063454536,161.776019556798,1727.697537964569,77.43333024959668,53.57390597425854,HIT,True,1360.0924544142042
2026_07_21_gym,flight_51,60,0,1050,ok,True,58,58,164.89807765480066,1705.0416078431033,161.776019556798,1727.697537964569,22.870033153365526,27.337902754302004,HIT,True,1361.0672779374036
2026_07_21_gym,flight_51,60,0,1100,ok,True,61,61,104.071176905314,1734.8243160196355,161.776019556798,1727.697537964569,58.14326986744643,43.515282908065394,HIT,True,1361.1011824980092
2026_07_21_gym,flight_51,60,0,1150,ok,True,64,64,129.9771621052914,1766.1162830069175,161.776019556798,1727.697537964569,49.87150795644959,66.80643159547985,HIT,True,1356.9572854416006
2026_07_21_gym,flight_51,60,0,1200,ok,True,67,67,146.86713388224345,1730.9171563418201,161.776019556798,1727.697537964569,15.252567474103213,36.712906527500714,HIT,True,1360.5069525869683
2026_07_21_gym,flight_51,60,0,1250,ok,True,69,69,164.43962207188133,1724.0135935008643,161.776019556798,1727.697537964569,4.546012007245275,31.709769150624165,HIT,True,1362.2334800417239
2026_07_21_gym,flight_52,60,0,150,fit_failed,True,9,9,,,,,,,,,
2026_07_21_gym,flight_52,60,0,200,ok,True,12,12,170.39806196184537,1580.988517640157,170.71586352203047,1386.124234479474,194.86454230967345,192.3408215541778,HIT,True,1322.5002824432547
2026_07_21_gym,flight_52,60,0,250,ok,True,15,15,221.72995550395297,1568.1331715740373,170.71586352203047,1386.124234479474,189.0229900383358,201.4151536627923,HIT,True,1318.4243516633246
2026_07_21_gym,flight_52,60,0,300,ok,True,18,18,19.13710368918056,1347.4471506893865,170.71586352203047,1386.124234479474,156.43540917250877,134.0591281844217,HIT,True,1352.5025805874186
2026_07_21_gym,flight_52,60,0,350,ok,True,21,21,-8.379076694505022,1276.5593715914686,170.71586352203047,1386.124234479474,209.9510818996459,195.3765770960757,MISS_HIGH_WIDE,False,1359.4756894461766
2026_07_21_gym,flight_52,60,0,400,ok,True,24,24,20.99606477969584,1294.5318512816011,170.71586352203047,1386.124234479474,175.51405298525572,159.4147464383191,HIT,True,1352.4339168492295
2026_07_21_gym,flight_52,60,0,450,ok,True,27,27,10.426034574218077,1270.7775287359268,170.71586352203047,1386.124234479474,197.47833245702526,179.58229972534173,HIT,True,1353.825774983572
2026_07_21_gym,flight_52,60,0,490,ok,True,29,29,25.704449754242827,1264.935123880124,170.71586352203047,1386.124234479474,188.9844190688587,167.4432284364406,HIT,True,1351.7413547316773
2026_07_21_gym,flight_52,60,0,500,ok,True,30,30,37.87648532479264,1259.939663830858,170.71586352203047,1386.124234479474,183.21802932463905,163.01568573783783,HIT,True,1351.1675779815541
2026_07_21_gym,flight_52,60,0,550,ok,True,33,33,46.741909161468904,1241.578969257049,170.71586352203047,1386.124234479474,190.4281362037022,174.8008820854312,HIT,True,1353.3418467044098
2026_07_21_gym,flight_52,60,0,600,ok,True,36,36,85.90915327216247,1233.6363991742194,170.71586352203047,1386.124234479474,174.48414833298608,158.94589810410721,HIT,True,1352.2723029085207
2026_07_21_gym,flight_52,60,0,650,ok,True,39,39,94.63886079321848,1232.6630877280254,170.71586352203047,1386.124234479474,171.283489882911,158.00267830123934,HIT,True,1352.7870191497543
2026_07_21_gym,flight_52,60,0,700,ok,True,42,42,84.39711114395455,1245.7178763582015,170.71586352203047,1386.124234479474,164.8176944778278,153.5009232312051,HIT,True,1352.496225797793
2026_07_21_gym,flight_52,60,0,750,ok,True,45,45,101.87093876184815,1279.9334095585632,170.71586352203047,1386.124234479474,126.55479035824236,111.30446772598395,HIT,True,1348.7872476069238
2026_07_21_gym,flight_52,60,0,800,ok,True,48,48,107.88930771799188,1254.1333900824566,170.71586352203047,1386.124234479474,146.18057025075396,142.7723008705412,HIT,True,1353.5186291790762
2026_07_21_gym,flight_52,60,0,850,ok,True,51,51,112.7443959766487,1254.1362845651554,170.71586352203047,1386.124234479474,144.15793412764316,145.1354663732395,HIT,True,1354.5669589827005
2026_07_21_gym,flight_52,60,0,900,ok,True,54,54,94.91194325037915,1278.0845183629863,170.71586352203047,1386.124234479474,131.9803568228322,138.24230134824475,HIT,True,1354.2531840458578
2026_07_21_gym,flight_52,60,0,950,ok,True,57,57,112.12373866310705,1276.4865614399769,170.71586352203047,1386.124234479474,124.31193202987124,124.1625498253492,HIT,True,1352.4694445646642
2026_07_21_gym,flight_52,60,0,1000,ok,True,60,60,113.183234459643,1311.691358596495,170.71586352203047,1386.124234479474,94.07580145308994,93.2621721119607,HIT,True,1349.0632901795552
2026_07_21_gym,flight_52,60,0,1050,ok,True,63,63,94.76421369960285,1354.0553078472176,170.71586352203047,1386.124234479474,82.44433980628209,78.76608135591486,HIT,True,1345.9981413897285
2026_07_21_gym,flight_52,60,0,1100,ok,True,66,66,104.76782173057349,1366.5538875175907,170.71586352203047,1386.124234479474,68.7905712749665,66.28534054638416,HIT,True,1344.6545351119107
2026_07_21_gym,flight_52,60,0,1150,ok,True,69,69,164.36590895846885,1350.5106301108367,170.71586352203047,1386.124234479474,36.175278009783305,27.583128987761814,HIT,True,1343.6371570152517
2026_07_21_gym,flight_52,60,0,1200,ok,True,72,72,128.8564110979611,1393.4826633587331,170.71586352203047,1386.124234479474,42.50129683685011,27.536192078625803,HIT,True,1341.0054043752355
2026_07_21_gym,flight_52,60,0,1250,ok,True,75,75,176.23378794228407,1348.112417033744,170.71586352203047,1386.124234479474,38.41022982793952,32.93034176596245,HIT,True,1345.07590003961
2026_07_21_gym,flight_53,60,0,150,ok,True,10,10,1833.1414352504987,587.8040879404233,1247.927537251461,603.0431045149205,585.4122769786998,361.3884854989364,HIT,True,1412.8962447658039
2026_07_21_gym,flight_53,60,0,200,ok,True,13,13,1543.4967902688086,383.1540463554009,1247.927537251461,603.0431045149205,368.39161394840875,267.87692201969435,HIT,True,1467.567830733892
2026_07_21_gym,flight_53,60,0,250,ok,True,16,16,1378.4699147004897,251.5166137590208,1247.927537251461,603.0431045149205,374.9829142950413,386.51455065794437,HIT,True,1495.7916862730142
2026_07_21_gym,flight_53,60,0,300,ok,True,19,19,1193.012748305661,535.0921385461162,1247.927537251461,603.0431045149205,87.36685768101859,118.62194974459054,HIT,True,1455.70955548607
2026_07_21_gym,flight_53,60,0,350,ok,True,22,22,1156.347417379649,621.7185565984703,1247.927537251461,603.0431045149205,93.46491783691046,63.77675481844184,HIT,True,1439.1413276511967
2026_07_21_gym,flight_53,60,0,400,ok,True,25,25,1161.7182538090199,628.900678645892,1247.927537251461,603.0431045149205,90.0036371020518,63.122501669663656,HIT,True,1433.8487882705351
2026_07_21_gym,flight_53,60,0,450,ok,True,28,28,1172.7913168570612,607.9525344036555,1247.927537251461,603.0431045149205,75.29644159579001,55.914439077522374,HIT,True,1431.4111684532797
2026_07_21_gym,flight_53,60,0,490,ok,True,30,30,1166.2249445753657,585.6157962298983,1247.927537251461,603.0431045149205,83.54055736022558,59.10212065878145,HIT,True,1431.8754442868333
2026_07_21_gym,flight_53,60,0,500,ok,True,31,31,1173.1012999840316,578.192437048567,1247.927537251461,603.0431045149205,78.8449203000734,55.17995748441609,HIT,True,1431.4267246533532
2026_07_21_gym,flight_53,60,0,550,ok,True,34,34,1212.4572100051753,552.7841488712044,1247.927537251461,603.0431045149205,61.5150935734932,34.90062095344853,HIT,True,1429.3052451819306
2026_07_21_gym,flight_53,60,0,600,ok,True,37,37,1216.195042849489,540.4009677609938,1247.927537251461,603.0431045149205,70.22099755820075,37.47390135169412,HIT,True,1429.8248389426292
2026_07_21_gym,flight_53,60,0,650,ok,True,40,40,1178.8063473786588,553.0356921959606,1247.927537251461,603.0431045149205,85.31400926149495,54.58760938434665,HIT,True,1431.520288652482
2026_07_21_gym,flight_53,60,0,700,ok,True,43,43,1179.219291793678,551.9654572852901,1247.927537251461,603.0431045149205,85.61395353796914,57.15365152239321,HIT,True,1434.1616170315176
2026_07_21_gym,flight_53,60,0,750,ok,True,46,46,1173.0619267676266,548.1687423713685,1247.927537251461,603.0431045149205,92.82270871817367,66.00709523549834,HIT,True,1436.3568712022682
2026_07_21_gym,flight_53,60,0,800,ok,True,47,47,1173.0617750165054,548.1702403619146,1247.927537251461,603.0431045149205,92.82194554831926,66.00634291986961,HIT,True,1436.3566692186394
2026_07_21_gym,flight_53,60,0,850,ok,True,50,50,1226.5558963992296,558.2696800366346,1247.927537251461,603.0431045149205,49.6125646608754,32.00636827039677,HIT,True,1435.5098411948607
2026_07_21_gym,flight_53,60,0,900,ok,True,53,53,1205.948599999423,563.9427333357092,1247.927537251461,603.0431045149205,57.367849873972354,42.22400741115564,HIT,True,1437.388048336443
2026_07_21_gym,flight_53,60,0,950,ok,True,56,56,1213.2816777675002,550.1286111697415,1247.927537251461,603.0431045149205,63.24776031891841,51.75417805951444,HIT,True,1439.8331812249774
2026_07_21_gym,flight_53,60,0,1000,ok,True,56,56,1213.2816777675002,550.1286111697415,1247.927537251461,603.0431045149205,63.24776031891841,51.75417805951444,HIT,True,1439.8331812249774
2026_07_21_gym,flight_53,60,0,1050,ok,True,59,59,1212.990619601926,560.1013437992036,1247.927537251461,603.0431045149205,55.35867617832162,43.95957139295093,HIT,True,1438.6846413810745
2026_07_21_gym,flight_53,60,0,1100,ok,True,62,62,1202.1357921622653,577.1729719666615,1247.927537251461,603.0431045149205,52.59417911117513,40.5246285344253,HIT,True,1437.8198440439874
2026_07_21_gym,flight_53,60,0,1150,ok,True,65,65,1214.5887417599013,585.8298723631854,1247.927537251461,603.0431045149205,37.52026980096987,29.07458818572405,HIT,True,1437.0844729246917
2026_07_21_gym,flight_53,60,0,1200,ok,True,68,68,1211.686379717662,590.7503237268813,1247.927537251461,603.0431045149205,38.26922992290829,30.607199788763307,HIT,True,1438.09793440076
2026_07_21_gym,flight_53,60,0,1250,ok,True,70,70,1216.2533666199424,589.4296531375031,1247.927537251461,603.0431045149205,34.47577618560401,28.287261385599585,HIT,True,1437.7907060678301
2026_07_21_gym,flight_54,60,0,150,ok,True,9,9,184.74183278046883,1394.8396959025845,443.15835050498794,1474.499272053195,270.41587361943385,324.07841910338783,HIT,True,984.8406436369406
2026_07_21_gym,flight_54,60,0,200,ok,True,12,12,280.4331830038092,1421.9211009334376,443.15835050498794,1474.499272053195,171.00860860373425,202.60485889932318,HIT,True,973.3712823154941
2026_07_21_gym,flight_54,60,0,250,ok,True,15,15,277.7613256527225,1438.645290337175,443.15835050498794,1474.499272053195,169.23854122177252,182.96243682476037,HIT,True,968.7389118626869
2026_07_21_gym,flight_54,60,0,300,ok,True,18,18,420.62747897301045,1426.2998152082605,443.15835050498794,1474.499272053195,53.205524263342966,58.83435142572674,HIT,True,958.7846508317633
2026_07_21_gym,flight_54,60,0,350,ok,True,21,21,461.48291615289673,1419.5986261921798,443.15835050498794,1474.499272053195,57.87806684868734,71.63685920974298,HIT,True,957.2960563987602
2026_07_21_gym,flight_54,60,0,400,ok,True,24,24,444.05970609434456,1428.6962437235334,443.15835050498794,1474.499272053195,45.811896337810005,55.31822958220183,HIT,True,957.2253958929166
2026_07_21_gym,flight_54,60,0,450,ok,True,27,27,418.2389158698876,1424.7777423990967,443.15835050498794,1474.499272053195,55.616622817970644,65.01594658995946,HIT,True,960.4216339311822
2026_07_21_gym,flight_54,60,0,490,ok,True,29,29,421.70838603667585,1423.7571412295433,443.15835050498794,1474.499272053195,55.08960715249685,64.39561830606317,HIT,True,960.270057163982
2026_07_21_gym,flight_54,60,0,500,ok,True,30,30,448.21248100639025,1426.7507106722671,443.15835050498794,1474.499272053195,48.01530328003189,59.846239829798925,HIT,True,957.8427420043159
2026_07_21_gym,flight_54,60,0,550,ok,True,33,33,398.71137446477815,1444.670041812372,443.15835050498794,1474.499272053195,53.52865266265366,53.17873415414327,HIT,True,959.1189469348327
2026_07_21_gym,flight_54,60,0,600,ok,True,36,36,479.4698764510569,1433.260537250296,443.15835050498794,1474.499272053195,54.94688494060307,72.97374333922917,HIT,True,957.1998499715631
2026_07_21_gym,flight_54,60,0,650,ok,True,39,39,401.4563404933619,1472.085780976428,443.15835050498794,1474.499272053195,41.7717916564204,36.69688735939917,HIT,True,956.0088762789316
2026_07_21_gym,flight_54,60,0,700,ok,True,42,42,399.9865273721087,1478.5397633312332,443.15835050498794,1474.499272053195,43.360487570880814,46.093804600575815,HIT,True,955.3824075962319
2026_07_21_gym,flight_54,60,0,750,ok,True,45,45,382.15361864718807,1486.0580881536216,443.15835050498794,1474.499272053195,62.090124324932255,70.88700060092037,HIT,True,954.7042461642708
2026_07_21_gym,flight_54,60,0,800,ok,True,48,48,429.07521065482763,1468.6010361017727,443.15835050498794,1474.499272053195,15.268399240844593,17.22611106235106,HIT,True,956.214225387793
2026_07_21_gym,flight_54,60,0,850,ok,True,51,51,446.51466567593087,1462.5569697925087,443.15835050498794,1474.499272053195,12.404976211677955,28.90019490472322,HIT,True,956.2855085840101
2026_07_21_gym,flight_54,60,0,900,ok,True,54,54,432.1634951798926,1468.5583388178395,443.15835050498794,1474.499272053195,12.497260952973997,11.897963425040606,HIT,True,956.9933185837598
2026_07_21_gym,flight_54,60,0,950,ok,True,57,57,433.0981721301078,1469.1787561547414,443.15835050498794,1474.499272053195,11.380469162565442,15.43093787081684,HIT,True,957.1293714253902
2026_07_21_gym,flight_54,60,0,1000,ok,False,60,60,446.4779522115972,1464.8426893249632,443.15835050498794,1474.499272053195,10.211236236504755,25.885316161108356,HIT,True,958.4214500189977
2026_07_21_gym,flight_54,60,0,1050,ok,False,63,63,475.46278047249956,1460.4371649747306,443.15835050498794,1474.499272053195,35.232358010954364,64.43472818038771,HIT,True,960.5043062442898
2026_07_21_gym,flight_54,60,0,1100,ok,False,66,66,439.2287039353751,1487.7690725935151,443.15835050498794,1474.499272053195,13.839426597296246,29.894839636285013,HIT,True,957.1759524243804
2026_07_21_gym,flight_54,60,0,1150,ok,False,69,69,451.690023729238,1474.517563624962,443.15835050498794,1474.499272053195,8.531692832432702,28.79903590166691,HIT,True,958.1870230193498
2026_07_21_gym,flight_54,60,0,1200,ok,False,69,69,451.690023729238,1474.517563624962,443.15835050498794,1474.499272053195,8.531692832432702,28.79903590166691,HIT,True,958.1870230193498
2026_07_21_gym,flight_54,60,0,1250,ok,False,69,69,451.690023729238,1474.517563624962,443.15835050498794,1474.499272053195,8.531692832432702,28.79903590166691,HIT,True,958.1870230193498
2026_07_21_gym,flight_55,60,0,150,fit_failed,True,10,10,,,,,,,,,
2026_07_21_gym,flight_55,60,0,200,ok,True,13,13,-306.40811245166134,1157.4752000736519,510.1968951667648,1534.4480206321955,899.4177260357691,911.6148390513789,MISS_HIGH_WIDE,False,1255.7891931507663
2026_07_21_gym,flight_55,60,0,250,fit_failed,True,16,16,,,,,,,,,
2026_07_21_gym,flight_55,60,0,300,ok,True,19,19,532.5242182768914,1403.8823562236437,510.1968951667648,1534.4480206321955,132.46094548851207,176.18098362436982,HIT,True,1183.1892600824506
2026_07_21_gym,flight_55,60,0,350,ok,True,22,22,385.4397723017415,1441.87520435245,510.1968951667648,1534.4480206321955,155.35142747822442,199.0910978213165,HIT,True,1186.6923759570207
2026_07_21_gym,flight_55,60,0,400,ok,True,25,25,367.7837278986376,1393.649833558435,510.1968951667648,1534.4480206321955,200.26392509535324,267.14131324290514,HIT,True,1187.5559199968138
2026_07_21_gym,flight_55,60,0,450,ok,True,28,28,350.80228080470175,1402.100685400477,510.1968951667648,1534.4480206321955,207.1773641848155,271.6067452913715,HIT,True,1189.8648390842834
2026_07_21_gym,flight_55,60,0,490,ok,True,30,30,282.9039170090443,1384.173672669661,510.1968951667648,1534.4480206321955,272.478398364661,349.8123158156422,HIT,True,1192.141654890568
2026_07_21_gym,flight_55,60,0,500,ok,True,31,31,282.6222526068785,1397.652114622438,510.1968951667648,1534.4480206321955,265.5246463838912,337.48169003742447,HIT,True,1189.744427889853
2026_07_21_gym,flight_55,60,0,550,ok,True,34,34,374.36908616115267,1420.370622618376,510.1968951667648,1534.4480206321955,177.37769430474745,228.54923558495136,HIT,True,1182.5893502367292
2026_07_21_gym,flight_55,60,0,600,ok,True,37,37,413.90480402406047,1412.3700615926844,510.1968951667648,1534.4480206321955,155.48374480918397,210.14323684958245,HIT,True,1182.5446435055098
2026_07_21_gym,flight_55,60,0,650,ok,True,40,40,441.7886939629311,1409.6696817845957,510.1968951667648,1534.4480206321955,142.30009078532112,194.49264841420242,HIT,True,1181.3817603992748
2026_07_21_gym,flight_55,60,0,700,ok,True,43,43,493.4572276034706,1438.0392077896122,510.1968951667648,1534.4480206321955,97.85129362377312,123.82052043235458,HIT,True,1175.8151460124031
2026_07_21_gym,flight_55,60,0,750,ok,True,46,46,435.701779880838,1439.1004015905055,510.1968951667648,1534.4480206321955,120.99872172210239,168.73528941757155,HIT,True,1178.8860509617882
2026_07_21_gym,flight_55,60,0,800,ok,True,49,49,487.81879495833357,1461.1132594542794,510.1968951667648,1534.4480206321955,76.67311501406853,100.76338973974669,HIT,True,1174.2466354217534
2026_07_21_gym,flight_55,60,0,850,ok,True,52,52,488.2548085781955,1474.5024112939311,510.1968951667648,1534.4480206321955,63.83518812376199,84.28835040986232,HIT,True,1172.8203076994532
2026_07_21_gym,flight_55,60,0,900,ok,True,55,55,485.44790393135355,1482.2250814409952,510.1968951667648,1534.4480206321955,57.79055238478234,74.53449262605844,HIT,True,1171.80853598879
2026_07_21_gym,flight_55,60,0,950,ok,True,58,58,503.7933588819658,1480.7226501229964,510.1968951667648,1534.4480206321955,54.105644005976515,70.0498441292048,HIT,True,1171.3401632412426
2026_07_21_gym,flight_55,60,0,1000,ok,True,61,61,464.30593280474864,1473.6025725604388,510.1968951667648,1534.4480206321955,76.21121293854877,113.18011124754223,HIT,True,1173.8245542425846
2026_07_21_gym,flight_55,60,0,1050,ok,True,62,62,464.30593280442054,1473.6025725646834,510.1968951667648,1534.4480206321955,76.21121293535752,113.18011124332918,HIT,True,1173.8245542418701
2026_07_21_gym,flight_55,60,0,1100,ok,True,65,65,481.44417901697597,1482.4194192641794,510.1968951667648,1534.4480206321955,59.44488242315107,106.83986548586451,HIT,True,1172.9264632472452
2026_07_21_gym,flight_55,60,0,1150,ok,True,68,68,481.23350914923236,1485.1599764825194,510.1968951667648,1534.4480206321955,57.16807698096043,73.44188146704444,HIT,True,1171.4802033616209
2026_07_21_gym,flight_55,60,0,1200,ok,False,71,71,545.0106852456671,1502.9256187149997,510.1968951667648,1534.4480206321955,46.964473831685844,40.20383344808426,HIT,True,1168.8650672389017
2026_07_21_gym,flight_55,60,0,1250,ok,False,74,74,537.1636101066961,1482.997472709851,510.1968951667648,1534.4480206321955,58.089264035284266,64.42131416876488,HIT,True,1171.1261112074694
2026_07_21_gym,flight_56,60,0,150,fit_failed,True,9,9,,,,,,,,,
2026_07_21_gym,flight_56,60,0,200,fit_failed,True,12,12,,,,,,,,,
2026_07_21_gym,flight_56,60,0,250,fit_failed,True,15,15,,,,,,,,,
2026_07_21_gym,flight_56,60,0,300,ok,True,18,18,1737.4025325744137,1073.7365025827717,1205.4387980249257,893.5469282785425,561.6526484970736,599.5797842262674,HIT,True,1199.9549896631115
2026_07_21_gym,flight_56,60,0,350,ok,True,20,20,1760.1396792161504,829.0505210392597,1205.4387980249257,893.5469282785425,558.4378695442283,459.916163391911,HIT,True,1215.5507466484883
2026_07_21_gym,flight_56,60,0,400,ok,True,23,23,1468.3752045681601,681.0712883703575,1205.4387980249257,893.5469282785425,338.05539699916307,261.7809448227115,HIT,True,1251.1353149735487
2026_07_21_gym,flight_56,60,0,450,ok,True,26,26,1440.0837108439725,632.9916437222288,1205.4387980249257,893.5469282785425,350.6384055149688,273.10640585019723,HIT,True,1255.8489309130903
2026_07_21_gym,flight_56,60,0,490,ok,True,28,28,1445.3608457693638,748.9846123820448,1205.4387980249257,893.5469282785425,280.10864351398226,242.47774569007777,HIT,True,1244.4679282570003
2026_07_21_gym,flight_56,60,0,500,ok,True,29,29,1447.9625544174537,745.4016450831299,1205.4387980249257,893.5469282785425,284.1914800760066,245.28914888387908,HIT,True,1244.8286595083903
2026_07_21_gym,flight_56,60,0,550,ok,True,32,32,1400.4515017334847,755.7735675133428,1205.4387980249257,893.5469282785425,238.7707133302996,209.36703717099928,HIT,True,1246.025054465623
2026_07_21_gym,flight_56,60,0,600,ok,True,35,35,1189.270248555527,674.8207799936112,1205.4387980249257,893.5469282785425,219.32293527013124,221.3967053552269,HIT,True,1266.460652973599
2026_07_21_gym,flight_56,60,0,650,ok,True,38,38,1286.8491677462157,748.1559617391896,1205.4387980249257,893.5469282785425,166.6318740499679,143.11901215434747,HIT,True,1254.8134215221341
2026_07_21_gym,flight_56,60,0,700,ok,True,41,41,1211.14928268378,745.086316996553,1205.4387980249257,893.5469282785425,148.57039657098917,148.24233218512063,HIT,True,1261.3560315892923
2026_07_21_gym,flight_56,60,0,750,ok,True,44,44,1215.9079660570776,757.8338372165732,1205.4387980249257,893.5469282785425,136.11629793995942,133.03721295917904,HIT,True,1260.515941240686
2026_07_21_gym,flight_56,60,0,800,ok,True,45,45,1141.115109113587,765.7538121439582,1205.4387980249257,893.5469282785425,143.06857616734024,185.45158075990696,HIT,True,1265.3453564989775
2026_07_21_gym,flight_56,60,0,850,ok,True,47,47,1309.8103322066636,800.0654779905113,1205.4387980249257,893.5469282785425,140.1149481511638,130.16666704325866,HIT,True,1250.9472896740565
2026_07_21_gym,flight_56,60,0,900,ok,True,50,50,1246.2080439281788,799.5386848552338,1205.4387980249257,893.5469282785425,102.46795227316676,98.70645453608549,HIT,True,1256.2069959616447
2026_07_21_gym,flight_56,60,0,950,ok,True,53,53,1175.9167542342836,778.2638433188054,1205.4387980249257,893.5469282785425,119.00311234337765,147.56191553953693,HIT,True,1263.0711180800267
2026_07_21_gym,flight_56,60,0,1000,ok,True,56,56,1139.7177751040897,834.4837591387666,1205.4387980249257,893.5469282785425,88.36125170341826,125.80137811134263,HIT,True,1258.4565783842943
2026_07_21_gym,flight_56,60,0,1050,ok,True,59,59,1216.3174697792963,837.4918310268187,1205.4387980249257,893.5469282785425,57.1009581972103,57.04833154116167,HIT,True,1255.5027379970788
2026_07_21_gym,flight_56,60,0,1100,ok,True,61,61,1216.5867680275123,847.1189472507521,1205.4387980249257,893.5469282785425,47.74761415500717,45.94719659127422,HIT,True,1254.532857972747
2026_07_21_gym,flight_56,60,0,1150,ok,True,64,64,1210.9164661912798,863.7842242673532,1205.4387980249257,893.5469282785425,30.262574222930056,26.083591036530784,HIT,True,1253.8585806123144
2026_07_21_gym,flight_56,60,0,1200,ok,True,67,67,1240.7524406770563,889.2526430668422,1205.4387980249257,893.5469282785425,35.573785894135575,90.7833368610741,HIT,True,1249.1180643078574
2026_07_21_gym,flight_56,60,0,1250,ok,True,70,70,1167.2843925259615,852.5755858252411,1205.4387980249257,893.5469282785425,55.98579785450139,102.70801188894676,HIT,True,1256.8182186041822
2026_07_21_gym,flight_57,60,0,150,fit_failed,True,8,8,,,,,,,,,
2026_07_21_gym,flight_57,60,0,200,fit_failed,True,11,11,,,,,,,,,
2026_07_21_gym,flight_57,60,0,250,fit_failed,True,14,14,,,,,,,,,
2026_07_21_gym,flight_57,60,0,300,ok,True,17,17,556.5721352623846,1148.8922623720375,437.4616227829008,1073.0037777988493,141.23164048449016,121.16657991571593,HIT,True,1251.432206219712
2026_07_21_gym,flight_57,60,0,350,ok,True,20,20,601.5870024962926,1205.422900136714,437.4616227829008,1073.0037777988493,210.88376947217958,235.7253976316779,HIT,True,1235.1017088758394
2026_07_21_gym,flight_57,60,0,400,ok,True,23,23,544.4155795562832,1149.3706926559034,437.4616227829008,1073.0037777988493,131.41938424093723,161.93034406623764,HIT,True,1240.2277794517572
2026_07_21_gym,flight_57,60,0,450,ok,True,26,26,430.50578320044104,1086.4973963832765,437.4616227829008,1073.0037777988493,15.180956715533847,43.535207864869335,HIT,True,1254.5388472194984
2026_07_21_gym,flight_57,60,0,490,ok,True,28,28,412.8051170407665,1124.4062486398755,437.4616227829008,1073.0037777988493,57.01015070997832,72.53216392310446,HIT,True,1253.0664810412368
2026_07_21_gym,flight_57,60,0,500,ok,True,29,29,332.622455726805,1035.5893539285103,437.4616227829008,1073.0037777988493,111.31527326726265,121.06298996035979,HIT,True,1270.2547789803975
2026_07_21_gym,flight_57,60,0,550,ok,True,32,32,425.9794310303166,1091.9489364167398,437.4616227829008,1073.0037777988493,22.15309825961464,29.215924867056998,HIT,True,1259.7178072236998
2026_07_21_gym,flight_57,60,0,600,ok,True,35,35,475.25008600340425,1102.1807607948645,437.4616227829008,1073.0037777988493,47.74164104130792,55.73395053380728,HIT,True,1255.9853644147076
2026_07_21_gym,flight_57,60,0,650,ok,True,38,38,450.3838471319284,1100.8073527271627,437.4616227829008,1073.0037777988493,30.659788990156706,35.516022005672035,HIT,True,1258.4462441668438
2026_07_21_gym,flight_57,60,0,700,ok,True,41,41,434.96674934608365,1092.9496872816117,437.4616227829008,1073.0037777988493,20.101335740698516,21.93502876819296,HIT,True,1259.83170408299
2026_07_21_gym,flight_57,60,0,750,ok,True,44,44,425.6737146739665,1086.1339218995636,437.4616227829008,1073.0037777988493,17.64526740205995,16.061773762702124,HIT,True,1260.1435011555902
2026_07_21_gym,flight_57,60,0,800,ok,True,47,47,436.9557489561341,1071.8308739249371,437.4616227829008,1073.0037777988493,1.2773456173040665,5.347383044180437,HIT,True,1260.4260982247752
2026_07_21_gym,flight_57,60,0,850,ok,True,50,50,394.96361442927855,1087.7590430138603,437.4616227829008,1073.0037777988493,44.9866487481548,39.52499888487981,HIT,True,1260.3043115924918
2026_07_21_gym,flight_57,60,0,900,ok,True,53,53,460.00731674517004,1056.8290813568085,437.4616227829008,1073.0037777988493,27.747596674891906,27.97551290163802,HIT,True,1261.4269032013522
2026_07_21_gym,flight_57,60,0,950,ok,True,56,56,449.042503901998,1056.2394520214577,437.4616227829008,1073.0037777988493,20.375461375516824,14.719287538580929,HIT,True,1261.4863411878596
2026_07_21_gym,flight_57,60,0,1000,ok,True,59,59,390.85271452516463,1089.822404897317,437.4616227829008,1073.0037777988493,49.55054536990868,37.57202405411379,HIT,True,1259.3458095468804
2026_07_21_gym,flight_57,60,0,1050,ok,True,62,62,438.45657965372277,1040.9295186967295,437.4616227829008,1073.0037777988493,32.08968737966631,33.97500668417896,HIT,True,1263.8775802180983
2026_07_21_gym,flight_57,60,0,1100,ok,True,65,65,427.2713823637976,1058.027211408286,437.4616227829008,1073.0037777988493,18.114594686331767,18.694622028802335,HIT,True,1261.3077053428046
2026_07_21_gym,flight_57,60,0,1150,ok,True,68,68,418.85310119353767,1058.6206554440046,437.4616227829008,1073.0037777988493,23.519168446529513,32.698493046754905,HIT,True,1261.7908934438092
2026_07_21_gym,flight_57,60,0,1200,ok,True,71,71,422.6339802973363,1045.994899929778,437.4616227829008,1073.0037777988493,30.811336638096808,55.84555232774825,HIT,True,1263.8903462307153
2026_07_21_gym,flight_57,60,0,1250,ok,True,74,74,415.5354790323505,1077.0452742343734,437.4616227829008,1073.0037777988493,22.295503430246864,35.93978068377759,HIT,True,1259.762240353555
2026_07_21_gym,flight_58,60,0,150,fit_failed,True,9,9,,,,,,,,,
2026_07_21_gym,flight_58,60,0,200,fit_failed,True,12,12,,,,,,,,,
2026_07_21_gym,flight_58,60,0,250,ok,True,14,14,986.6589693244481,1629.1136250190996,818.1029512374254,1807.2558140387096,245.24634705139073,311.9339609107792,HIT,True,1344.6519021946608
2026_07_21_gym,flight_58,60,0,300,ok,True,17,17,1314.1479488947346,1868.312521535364,818.1029512374254,1807.2558140387096,499.78851650590366,407.9922104363259,HIT,True,1289.2792492697827
2026_07_21_gym,flight_58,60,0,350,ok,True,20,20,1100.6543360867565,1782.6980548864426,818.1029512374254,1807.2558140387096,283.6165873408246,237.96170172288197,HIT,True,1305.130263833552
2026_07_21_gym,flight_58,60,0,400,ok,True,22,22,1049.6800227016622,1795.1796955687944,818.1029512374254,1807.2558140387096,231.891726168166,196.08473470623642,HIT,True,1300.8570158282985
2026_07_21_gym,flight_58,60,0,450,ok,True,24,24,938.2820132472317,1805.3038484551541,818.1029512374254,1807.2558140387096,120.19491301713339,115.2333675414918,HIT,True,1303.3345245085077
2026_07_21_gym,flight_58,60,0,490,ok,True,26,26,871.2392758357761,1793.1815594251175,818.1029512374254,1807.2558140387096,54.9686604780352,76.68596768353859,HIT,True,1310.2140702799304
2026_07_21_gym,flight_58,60,0,500,ok,True,27,27,621.075718441765,1753.1652082332635,818.1029512374254,1807.2558140387096,204.31721439838466,208.16589814688032,HIT,True,1317.9619313076794
2026_07_21_gym,flight_58,60,0,550,ok,True,30,30,870.0348882982673,1780.064236167924,818.1029512374254,1807.2558140387096,58.620030655009415,72.63940839354541,HIT,True,1305.9454296262388
2026_07_21_gym,flight_58,60,0,600,ok,True,33,33,910.6770869815487,1753.9921528585412,818.1029512374254,1807.2558140387096,106.80350280345274,109.72161088560637,HIT,True,1302.4419840865671
2026_07_21_gym,flight_58,60,0,650,ok,True,36,36,884.3496736112908,1745.645372810618,818.1029512374254,1807.2558140387096,90.46808660295696,97.03836708798605,HIT,True,1303.793779294422
2026_07_21_gym,flight_58,60,0,700,ok,True,39,39,847.1780028768885,1693.6438220239643,818.1029512374254,1807.2558140387096,117.27337019714234,112.12456710490694,HIT,True,1308.610517301451
2026_07_21_gym,flight_58,60,0,750,ok,True,42,42,824.2878955002444,1687.336150479175,818.1029512374254,1807.2558140387096,120.0790541425361,112.45374609425373,HIT,True,1307.6579144982993
2026_07_21_gym,flight_58,60,0,800,ok,True,45,45,905.0508360286375,1700.942987437288,818.1029512374254,1807.2558140387096,137.34027730294505,129.98376339108916,HIT,True,1302.984166078718
2026_07_21_gym,flight_58,60,0,850,ok,True,48,48,861.965694129109,1706.214869484243,818.1029512374254,1807.2558140387096,110.150863321359,105.01392554430163,HIT,True,1305.8605666265582
2026_07_21_gym,flight_58,60,0,900,ok,True,51,51,848.2601058452935,1697.0802210208922,818.1029512374254,1807.2558140387096,114.22834705479458,106.24472208947822,HIT,True,1307.465076365685
2026_07_21_gym,flight_58,60,0,950,ok,True,54,54,840.2978066682663,1705.2968825652547,818.1029512374254,1807.2558140387096,104.34670725425212,99.5809289722324,HIT,True,1307.705201128801
2026_07_21_gym,flight_58,60,0,1000,ok,True,57,57,867.6392110039233,1703.8836108976875,818.1029512374254,1807.2558140387096,114.6283272750793,107.58762977128156,HIT,True,1307.1493729186673
2026_07_21_gym,flight_58,60,0,1050,ok,True,60,60,780.0688430706216,1735.2797127781107,818.1029512374254,1807.2558140387096,81.40732483456331,93.35189108016125,HIT,True,1310.1288243868253
2026_07_21_gym,flight_58,60,0,1100,ok,True,63,63,787.2054819863773,1752.1150365813976,818.1029512374254,1807.2558140387096,63.20726971414177,75.81166707375108,HIT,True,1309.399298795429
2026_07_21_gym,flight_58,60,0,1150,ok,True,66,66,816.0415255369519,1764.7702053701948,818.1029512374254,1807.2558140387096,42.53559003767017,38.09172961326038,HIT,True,1307.8649774747769
2026_07_21_gym,flight_58,60,0,1200,ok,True,69,69,801.9060676020081,1800.2497919479051,818.1029512374254,1807.2558140387096,17.647191987284785,15.584484007034476,HIT,True,1305.8709112267302
2026_07_21_gym,flight_58,60,0,1250,ok,True,72,72,810.7450442549593,1773.9220244785831,818.1029512374254,1807.2558140387096,34.13620250703667,43.867939003109576,HIT,True,1308.3956842105924
2026_07_21_gym,flight_59,60,0,150,fit_failed,True,9,9,,,,,,,,,
2026_07_21_gym,flight_59,60,0,200,ok,True,12,12,1082.3169637362412,157.37041654635738,1250.5356607016647,1104.98545317215,962.4301468927745,921.8442583855368,HIT,True,1601.772540905818
2026_07_21_gym,flight_59,60,0,250,ok,True,15,15,998.7057351146536,74.05382436405586,1250.5356607016647,1104.98545317215,1061.2437678017573,1011.1838029405897,HIT,True,1616.033804446695
2026_07_21_gym,flight_59,60,0,300,ok,True,18,18,1271.0084893751798,409.6865984084195,1250.5356607016647,1104.98545317215,695.6001970598128,621.3515323698498,HIT,True,1549.0849467478454
2026_07_21_gym,flight_59,60,0,350,ok,True,20,20,1291.4483311485174,467.86438009570253,1250.5356607016647,1104.98545317215,638.4333233480039,562.3685115164404,HIT,True,1539.856944166121
2026_07_21_gym,flight_59,60,0,400,ok,True,23,23,1221.9619771400344,621.3246158454164,1250.5356607016647,1104.98545317215,484.5041392556697,452.1727627180381,HIT,True,1527.4856995842476
2026_07_21_gym,flight_59,60,0,450,ok,True,26,26,1125.761879628004,663.3068757106555,1250.5356607016647,1104.98545317215,458.9645544394766,452.536686355634,HIT,True,1529.8722547070172
2026_07_21_gym,flight_59,60,0,490,ok,True,28,28,1160.5508940238826,695.2675517171169,1250.5356607016647,1104.98545317215,419.4830354219001,406.2253094977476,HIT,True,1522.2284211276071
2026_07_21_gym,flight_59,60,0,500,ok,True,29,29,803.7700451183953,737.3343230422059,1250.5356607016647,1104.98545317215,578.5904153659329,566.0546919468092,HIT,True,1551.100847382145
2026_07_21_gym,flight_59,60,0,550,ok,True,32,32,762.83995359012,698.2839406811535,1250.5356607016647,1104.98545317215,635.0222224438244,623.3768745968183,HIT,True,1560.4719132311045
2026_07_21_gym,flight_59,60,0,600,ok,True,35,35,706.3777474612364,749.7697815449771,1250.5356607016647,1104.98545317215,649.8353698527967,614.7304844654218,HIT,True,1558.8281836740318
2026_07_21_gym,flight_59,60,0,650,ok,True,38,38,1230.4928110478488,1037.3110045044461,1250.5356607016647,1104.98545317215,70.5800738503663,67.42290388151514,HIT,True,1477.6007214244996
2026_07_21_gym,flight_59,60,0,700,ok,True,41,41,1162.3990258622503,945.3274932631806,1250.5356607016647,1104.98545317215,182.36976329180885,199.78709427313217,HIT,True,1496.1278204326543
2026_07_21_gym,flight_59,60,0,750,ok,True,44,44,1167.486794585394,939.001961663183,1250.5356607016647,1104.98545317215,185.60073711250615,193.53603153919923,HIT,True,1494.6875547838163
2026_07_21_gym,flight_59,60,0,800,ok,True,47,47,1170.1076234131115,932.0907413605215,1250.5356607016647,1104.98545317215,190.68626210221598,194.8051001530297,HIT,True,1494.253288444085
2026_07_21_gym,flight_59,60,0,850,ok,True,49,49,1198.1185992138298,923.5273878044461,1250.5356607016647,1104.98545317215,188.87715007911726,187.19110219473905,HIT,True,1492.5561322196904
2026_07_21_gym,flight_59,60,0,900,ok,True,50,50,1177.4805446020282,937.3580271447602,1250.5356607016647,1104.98545317215,182.85514470448854,187.0120628023543,HIT,True,1493.1155668874376
2026_07_21_gym,flight_59,60,0,950,ok,True,53,53,1151.5461054892844,976.2122049343034,1250.5356607016647,1104.98545317215,162.42377136020139,170.17243604224842,HIT,True,1491.3621006782594
2026_07_21_gym,flight_59,60,0,1000,ok,True,56,56,1206.7178138260679,977.8779770546132,1250.5356607016647,1104.98545317215,134.4481840330447,133.61882391478045,HIT,True,1486.2232191514502
2026_07_21_gym,flight_59,60,0,1050,ok,True,59,59,1243.1418405554962,979.8966392867292,1250.5356607016647,1104.98545317215,125.30714239665414,119.96845706194897,HIT,True,1483.8343816978706
2026_07_21_gym,flight_59,60,0,1100,ok,True,61,61,1219.6636176582097,1020.7228169946987,1250.5356607016647,1104.98545317215,89.74004065772687,87.7924164682681,HIT,True,1480.6002178222686
2026_07_21_gym,flight_59,60,0,1150,ok,True,64,64,1218.4198353490926,1011.6622675206215,1250.5356607016647,1104.98545317215,98.69469701167624,100.77381520335256,HIT,True,1482.1213141511728
2026_07_21_gym,flight_59,60,0,1200,ok,True,67,67,1265.196562038734,1045.6501649159375,1250.5356607016647,1104.98545317215,61.1197059913014,49.86472871898001,HIT,True,1475.330360258177
2026_07_21_gym,flight_59,60,0,1250,ok,True,70,70,1276.8668708979321,1084.4030434032097,1250.5356607016647,1104.98545317215,33.42107452336906,42.31701842125605,HIT,True,1470.164598718596
2026_07_21_gym,flight_6,60,0,150,ok,True,10,10,170.36582141943285,748.4623420208654,343.7293430151896,797.8586428943668,180.26343267581444,387.0860042622798,HIT,True,610.6629532511274
2026_07_21_gym,flight_6,60,0,200,ok,True,13,13,98.54928140065572,778.1997854982959,343.7293430151896,797.8586428943668,245.9669353539733,434.2091027232219,HIT,True,600.3905437980043
2026_07_21_gym,flight_6,60,0,250,ok,True,16,16,172.30308627461125,797.1333928377665,343.7293430151896,797.8586428943668,171.42779088505833,305.332155814658,HIT,True,596.9587207170356
2026_07_21_gym,flight_6,60,0,300,ok,True,19,19,179.20044952175752,793.7930484991844,343.7293430151896,797.8586428943668,164.5791173021634,292.49206562379214,HIT,True,596.3105803356078
2026_07_21_gym,flight_6,60,0,350,ok,True,22,22,266.47048081882764,799.5402299644518,343.7293430151896,797.8586428943668,77.27716042240894,133.7879554498361,HIT,True,592.9172798156236
2026_07_21_gym,flight_6,60,0,400,ok,True,25,25,331.81061889023624,795.7425714979364,343.7293430151896,797.8586428943668,12.105112263896448,24.753729925281597,HIT,True,591.5510338617222
2026_07_21_gym,flight_6,60,0,450,ok,True,28,28,314.7055084085523,796.7401807902303,343.7293430151896,797.8586428943668,29.045377132201722,37.725997403987606,HIT,True,591.5506312359929
2026_07_21_gym,flight_6,60,0,490,ok,True,30,30,318.270195485847,793.48060134678,343.7293430151896,797.8586428943668,25.83283648214473,30.87506802660288,HIT,True,591.5799525105136
2026_07_21_gym,flight_6,60,0,500,ok,True,31,31,324.58919793901106,793.455951614683,343.7293430151896,797.8586428943668,19.639980754607816,38.15941373665242,HIT,True,591.6998696848764
2026_07_21_gym,flight_6,60,0,550,ok,True,34,34,341.56971235873374,791.6663167213308,343.7293430151896,797.8586428943668,6.558117718184906,21.267341649470648,HIT,True,592.3885808344771
2026_07_21_gym,flight_6,60,0,600,ok,False,37,37,333.6707625341533,794.1574396248873,343.7293430151896,797.8586428943668,10.717926428908259,8.70076265168898,HIT,True,591.8050753482742
2026_07_21_gym,flight_6,60,0,650,ok,False,40,40,363.3960088351373,793.9597829057344,343.7293430151896,797.8586428943668,20.04941030764888,20.151232150912726,HIT,True,591.9733122664447
2026_07_21_gym,flight_6,60,0,700,ok,False,41,41,356.5833577936884,794.4273471640893,343.7293430151896,797.8586428943668,13.304115390152225,33.14563073571685,HIT,True,591.7260768471223
2026_07_21_gym,flight_6,60,0,750,ok,False,41,41,356.5833577936884,794.4273471640893,343.7293430151896,797.8586428943668,13.304115390152225,33.14563073571685,HIT,True,591.7260768471223
2026_07_21_gym,flight_6,60,0,800,ok,False,41,41,356.5833577936884,794.4273471640893,343.7293430151896,797.8586428943668,13.304115390152225,33.14563073571685,HIT,True,591.7260768471223
2026_07_21_gym,flight_6,60,0,850,ok,False,41,41,356.5833577936884,794.4273471640893,343.7293430151896,797.8586428943668,13.304115390152225,33.14563073571685,HIT,True,591.7260768471223
2026_07_21_gym,flight_6,60,0,900,ok,False,41,41,356.5833577936884,794.4273471640893,343.7293430151896,797.8586428943668,13.304115390152225,33.14563073571685,HIT,True,591.7260768471223
2026_07_21_gym,flight_6,60,0,950,ok,False,41,41,356.5833577936884,794.4273471640893,343.7293430151896,797.8586428943668,13.304115390152225,33.14563073571685,HIT,True,591.7260768471223
2026_07_21_gym,flight_6,60,0,1000,ok,False,41,41,356.5833577936884,794.4273471640893,343.7293430151896,797.8586428943668,13.304115390152225,33.14563073571685,HIT,True,591.7260768471223
2026_07_21_gym,flight_6,60,0,1050,ok,False,41,41,356.5833577936884,794.4273471640893,343.7293430151896,797.8586428943668,13.304115390152225,33.14563073571685,HIT,True,591.7260768471223
2026_07_21_gym,flight_6,60,0,1100,ok,False,41,41,356.5833577936884,794.4273471640893,343.7293430151896,797.8586428943668,13.304115390152225,33.14563073571685,HIT,True,591.7260768471223
2026_07_21_gym,flight_6,60,0,1150,ok,False,41,41,356.5833577936884,794.4273471640893,343.7293430151896,797.8586428943668,13.304115390152225,33.14563073571685,HIT,True,591.7260768471223
2026_07_21_gym,flight_6,60,0,1200,ok,False,41,41,356.5833577936884,794.4273471640893,343.7293430151896,797.8586428943668,13.304115390152225,33.14563073571685,HIT,True,591.7260768471223
2026_07_21_gym,flight_6,60,0,1250,ok,False,41,41,356.5833577936884,794.4273471640893,343.7293430151896,797.8586428943668,13.304115390152225,33.14563073571685,HIT,True,591.7260768471223
2026_07_21_gym,flight_61,60,0,150,ok,True,10,10,1325.4080442783822,367.97875359944084,1335.9711181960122,523.3557039632246,155.73559398846191,310.5367710292467,HIT,True,647.9684783811911
2026_07_21_gym,flight_61,60,0,200,ok,True,13,13,1363.5642851053128,499.4485249148888,1335.9711181960122,523.3557039632246,36.509397011368335,217.23907752831843,HIT,True,651.4063097081167
2026_07_21_gym,flight_61,60,0,250,ok,True,16,16,1211.4464090941833,521.3540759249911,1335.9711181960122,523.3557039632246,124.54079529093487,250.00076518258408,HIT,True,643.303734336923
2026_07_21_gym,flight_61,60,0,300,ok,True,19,19,1332.184949599239,517.1885159882407,1335.9711181960122,523.3557039632246,7.236662225223572,179.33277682556593,HIT,True,624.2346972884395
2026_07_21_gym,flight_61,60,0,350,ok,True,22,22,1285.9748835957728,490.37590897003093,1335.9711181960122,523.3557039632246,59.89399262025584,124.99524960132825,HIT,True,637.0959370617995
2026_07_21_gym,flight_61,60,0,400,ok,True,25,25,1285.9748526316325,490.3760633822467,1335.9711181960122,523.3557039632246,59.89393344266565,124.99510089019553,HIT,True,637.0959064354635
2026_07_21_gym,flight_61,60,0,450,ok,True,28,28,1387.1499385461782,485.60657568093586,1335.9711181960122,523.3557039632246,63.59456217718037,108.33453645792635,HIT,True,636.1936156739587
2026_07_21_gym,flight_61,60,0,490,ok,True,30,30,1397.262001336932,483.7035196730937,1335.9711181960122,523.3557039632246,72.99909639969789,124.93162858670651,HIT,True,636.7105695783837
2026_07_21_gym,flight_61,60,0,500,ok,True,31,31,1358.262042575672,492.6118217245095,1335.9711181960122,523.3557039632246,37.97461790206316,73.5047819495486,HIT,True,635.582261920752
2026_07_21_gym,flight_61,60,0,550,ok,True,34,34,1348.794500819647,513.5010325589293,1335.9711181960122,523.3557039632246,16.17262163035966,33.90779557510507,HIT,True,633.8580481735754
2026_07_21_gym,flight_61,60,0,600,ok,True,37,37,1354.6885610597824,515.989781754005,1335.9711181960122,523.3557039632246,20.11465827079291,35.23782038285444,HIT,True,633.8210889062968
2026_07_21_gym,flight_61,60,0,650,ok,False,40,40,1357.0008794961873,514.6700707295465,1335.9711181960122,523.3557039632246,22.752825868720482,42.96086463034093,HIT,True,633.2534438822737
2026_07_21_gym,flight_61,60,0,700,ok,False,41,41,1400.961718011819,506.0623975178901,1335.9711181960122,523.3557039632246,67.25203723479747,133.3510261637185,HIT,True,634.8935059487927
2026_07_21_gym,flight_61,60,0,750,ok,False,41,41,1400.961718011819,506.0623975178901,1335.9711181960122,523.3557039632246,67.25203723479747,133.3510261637185,HIT,True,634.8935059487927
2026_07_21_gym,flight_61,60,0,800,ok,False,41,41,1400.961718011819,506.0623975178901,1335.9711181960122,523.3557039632246,67.25203723479747,133.3510261637185,HIT,True,634.8935059487927
2026_07_21_gym,flight_61,60,0,850,ok,False,41,41,1400.961718011819,506.0623975178901,1335.9711181960122,523.3557039632246,67.25203723479747,133.3510261637185,HIT,True,634.8935059487927
2026_07_21_gym,flight_61,60,0,900,ok,False,41,41,1400.961718011819,506.0623975178901,1335.9711181960122,523.3557039632246,67.25203723479747,133.3510261637185,HIT,True,634.8935059487927
2026_07_21_gym,flight_61,60,0,950,ok,False,41,41,1400.961718011819,506.0623975178901,1335.9711181960122,523.3557039632246,67.25203723479747,133.3510261637185,HIT,True,634.8935059487927
2026_07_21_gym,flight_61,60,0,1000,ok,False,41,41,1400.961718011819,506.0623975178901,1335.9711181960122,523.3557039632246,67.25203723479747,133.3510261637185,HIT,True,634.8935059487927
2026_07_21_gym,flight_61,60,0,1050,ok,False,41,41,1400.961718011819,506.0623975178901,1335.9711181960122,523.3557039632246,67.25203723479747,133.3510261637185,HIT,True,634.8935059487927
2026_07_21_gym,flight_61,60,0,1100,ok,False,41,41,1400.961718011819,506.0623975178901,1335.9711181960122,523.3557039632246,67.25203723479747,133.3510261637185,HIT,True,634.8935059487927
2026_07_21_gym,flight_61,60,0,1150,ok,False,41,41,1400.961718011819,506.0623975178901,1335.9711181960122,523.3557039632246,67.25203723479747,133.3510261637185,HIT,True,634.8935059487927
2026_07_21_gym,flight_61,60,0,1200,ok,False,41,41,1400.961718011819,506.0623975178901,1335.9711181960122,523.3557039632246,67.25203723479747,133.3510261637185,HIT,True,634.8935059487927
2026_07_21_gym,flight_61,60,0,1250,ok,False,41,41,1400.961718011819,506.0623975178901,1335.9711181960122,523.3557039632246,67.25203723479747,133.3510261637185,HIT,True,634.8935059487927
2026_07_21_gym,flight_62,60,0,150,ok,True,10,10,620.6477110059747,1240.7260409667895,672.461770859789,1340.2053184049012,112.16426988191672,275.90257191771343,HIT,True,559.2400801309585
2026_07_21_gym,flight_62,60,0,200,ok,True,13,13,694.3997970327948,1250.2795258093417,672.461770859789,1340.2053184049012,92.56308749337965,222.7891884886369,HIT,True,556.7243287016236
2026_07_21_gym,flight_62,60,0,250,ok,True,16,16,718.1329060760905,1270.1100659515894,672.461770859789,1340.2053184049012,83.66120372334605,203.37461807929867,HIT,True,556.454941489694
2026_07_21_gym,flight_62,60,0,300,ok,True,19,19,795.7712682100546,1282.5769449668387,672.461770859789,1340.2053184049012,136.1112102726735,284.6748796548729,HIT,True,553.6563858608006
2026_07_21_gym,flight_62,60,0,350,ok,True,22,22,794.4090040262921,1283.6882497480037,672.461770859789,1340.2053184049012,134.40724209109393,284.741358111031,HIT,True,554.5570011827081
2026_07_21_gym,flight_62,60,0,400,ok,True,25,25,662.4890778670552,1319.3269671523847,672.461770859789,1340.2053184049012,23.137851165369224,100.07570706369717,HIT,True,554.4323579567126
2026_07_21_gym,flight_62,60,0,450,ok,True,28,28,665.6781719058711,1307.6031489962643,672.461770859789,1340.2053184049012,33.30043040137852,128.4096879038196,HIT,True,554.8228228510245
2026_07_21_gym,flight_62,60,0,490,ok,True,30,30,688.6685942417669,1305.0031324818638,672.461770859789,1340.2053184049012,38.753774240642905,116.85398833858227,HIT,True,554.8081621895311
2026_07_21_gym,flight_62,60,0,500,ok,True,31,31,712.8665717556157,1303.2094504347815,672.461770859789,1340.2053184049012,54.78359409799549,141.91040678641798,HIT,True,555.582272208488
2026_07_21_gym,flight_62,60,0,550,ok,True,34,34,679.4895832039404,1318.7433884005538,672.461770859789,1340.2053184049012,22.58328111360504,139.99228340977106,HIT,True,554.7005414317189
2026_07_21_gym,flight_62,60,0,600,ok,False,37,37,701.4681587576046,1329.3501697774454,672.461770859789,1340.2053184049012,30.971031474632785,72.622517953557,HIT,True,552.9067589997042
2026_07_21_gym,flight_62,60,0,650,ok,False,39,39,717.7375522310559,1317.313982873513,672.461770859789,1340.2053184049012,50.73371286619341,126.13926310803545,HIT,True,554.3999382315004
2026_07_21_gym,flight_62,60,0,700,ok,False,41,41,718.5552728524314,1317.776119782482,672.461770859789,1340.2053184049012,51.26090007783372,114.04863406210553,HIT,True,554.9489548048654
2026_07_21_gym,flight_62,60,0,750,ok,False,43,43,686.0687230918742,1335.3625619352115,672.461770859789,1340.2053184049012,14.44304120574919,90.18346834485293,HIT,True,552.4955746296031
2026_07_21_gym,flight_62,60,0,800,ok,False,43,43,686.0687230918742,1335.3625619352115,672.461770859789,1340.2053184049012,14.44304120574919,90.18346834485293,HIT,True,552.4955746296031
2026_07_21_gym,flight_62,60,0,850,ok,False,43,43,686.0687230918742,1335.3625619352115,672.461770859789,1340.2053184049012,14.44304120574919,90.18346834485293,HIT,True,552.4955746296031
2026_07_21_gym,flight_62,60,0,900,ok,False,43,43,686.0687230918742,1335.3625619352115,672.461770859789,1340.2053184049012,14.44304120574919,90.18346834485293,HIT,True,552.4955746296031
2026_07_21_gym,flight_62,60,0,950,ok,False,43,43,686.0687230918742,1335.3625619352115,672.461770859789,1340.2053184049012,14.44304120574919,90.18346834485293,HIT,True,552.4955746296031
2026_07_21_gym,flight_62,60,0,1000,ok,False,43,43,686.0687230918742,1335.3625619352115,672.461770859789,1340.2053184049012,14.44304120574919,90.18346834485293,HIT,True,552.4955746296031
2026_07_21_gym,flight_62,60,0,1050,ok,False,43,43,686.0687230918742,1335.3625619352115,672.461770859789,1340.2053184049012,14.44304120574919,90.18346834485293,HIT,True,552.4955746296031
2026_07_21_gym,flight_62,60,0,1100,ok,False,43,43,686.0687230918742,1335.3625619352115,672.461770859789,1340.2053184049012,14.44304120574919,90.18346834485293,HIT,True,552.4955746296031
2026_07_21_gym,flight_62,60,0,1150,ok,False,43,43,686.0687230918742,1335.3625619352115,672.461770859789,1340.2053184049012,14.44304120574919,90.18346834485293,HIT,True,552.4955746296031
2026_07_21_gym,flight_62,60,0,1200,ok,False,43,43,686.0687230918742,1335.3625619352115,672.461770859789,1340.2053184049012,14.44304120574919,90.18346834485293,HIT,True,552.4955746296031
2026_07_21_gym,flight_62,60,0,1250,ok,False,43,43,686.0687230918742,1335.3625619352115,672.461770859789,1340.2053184049012,14.44304120574919,90.18346834485293,HIT,True,552.4955746296031
2026_07_21_gym,flight_63,60,0,150,ok,True,9,9,985.3209015254538,792.1416264258706,625.2754215699265,830.7889720403076,362.1137458858028,640.2758965916992,HIT,True,607.0466681168168
2026_07_21_gym,flight_63,60,0,200,ok,True,12,12,862.4034892710781,798.5861893742548,625.2754215699265,830.7889720403076,239.3047005453904,441.02530514742597,HIT,True,606.9496170530298
2026_07_21_gym,flight_63,60,0,250,ok,True,15,15,517.4885008638398,781.6131585806265,625.2754215699265,830.7889720403076,118.47481126687464,251.6246114786048,HIT,True,620.5454220799304
2026_07_21_gym,flight_63,60,0,300,ok,True,18,18,665.3494204147701,779.4537738764976,625.2754215699265,830.7889720403076,65.12471077812296,192.11429007030725,HIT,True,613.1478049349918
2026_07_21_gym,flight_63,60,0,350,ok,True,21,21,511.4573563799653,780.2952509817918,625.2754215699265,830.7889720403076,124.51573326259401,262.1361877593675,HIT,True,620.2928448704641
2026_07_21_gym,flight_63,60,0,400,ok,True,24,24,505.32234001086607,793.4263728973941,625.2754215699265,830.7889720403076,125.63719827435122,254.59768161463273,HIT,True,618.4875483259361
2026_07_21_gym,flight_63,60,0,450,ok,True,27,27,505.32234009084715,793.426371759956,625.2754215699265,830.7889720403076,125.63719853624552,254.59768236169444,HIT,True,618.4875485737838
2026_07_21_gym,flight_63,60,0,490,ok,True,28,28,652.7404504778757,790.9053447534179,625.2754215699265,830.7889720403076,48.42552569125107,108.39086371275717,HIT,True,617.0383144926413
2026_07_21_gym,flight_63,60,0,500,ok,True,29,29,587.1466054970023,802.7011010237085,625.2754215699265,830.7889720403076,47.35752435852189,104.506141024263,HIT,True,616.8452629230543
2026_07_21_gym,flight_63,60,0,550,ok,True,31,31,642.5227034306586,807.8368452477101,625.2754215699265,830.7889720403076,28.710082826195553,70.89358718968342,HIT,True,616.0070973383448
2026_07_21_gym,flight_63,60,0,600,ok,True,34,34,629.6631664879932,818.1435140814102,625.2754215699265,830.7889720403076,13.385063035199405,43.388853561161255,HIT,True,615.0986844778334
2026_07_21_gym,flight_63,60,0,650,ok,False,37,37,624.3911211806026,826.2741884804502,625.2754215699265,830.7889720403076,4.600571461342279,18.35012502860902,HIT,True,613.5424394825885
2026_07_21_gym,flight_63,60,0,700,ok,False,40,40,626.0188275764706,826.4341590060288,625.2754215699265,830.7889720403076,4.41781043664055,29.010027275553018,HIT,True,613.4773346710404
2026_07_21_gym,flight_63,60,0,750,ok,False,40,40,626.0188275764706,826.4341590060288,625.2754215699265,830.7889720403076,4.41781043664055,29.010027275553018,HIT,True,613.4773346710404
2026_07_21_gym,flight_63,60,0,800,ok,False,40,40,626.0188275764706,826.4341590060288,625.2754215699265,830.7889720403076,4.41781043664055,29.010027275553018,HIT,True,613.4773346710404
2026_07_21_gym,flight_63,60,0,850,ok,False,40,40,626.0188275764706,826.4341590060288,625.2754215699265,830.7889720403076,4.41781043664055,29.010027275553018,HIT,True,613.4773346710404
2026_07_21_gym,flight_63,60,0,900,ok,False,40,40,626.0188275764706,826.4341590060288,625.2754215699265,830.7889720403076,4.41781043664055,29.010027275553018,HIT,True,613.4773346710404
2026_07_21_gym,flight_63,60,0,950,ok,False,40,40,626.0188275764706,826.4341590060288,625.2754215699265,830.7889720403076,4.41781043664055,29.010027275553018,HIT,True,613.4773346710404
2026_07_21_gym,flight_63,60,0,1000,ok,False,40,40,626.0188275764706,826.4341590060288,625.2754215699265,830.7889720403076,4.41781043664055,29.010027275553018,HIT,True,613.4773346710404
2026_07_21_gym,flight_63,60,0,1050,ok,False,40,40,626.0188275764706,826.4341590060288,625.2754215699265,830.7889720403076,4.41781043664055,29.010027275553018,HIT,True,613.4773346710404
2026_07_21_gym,flight_63,60,0,1100,ok,False,40,40,626.0188275764706,826.4341590060288,625.2754215699265,830.7889720403076,4.41781043664055,29.010027275553018,HIT,True,613.4773346710404
2026_07_21_gym,flight_63,60,0,1150,ok,False,40,40,626.0188275764706,826.4341590060288,625.2754215699265,830.7889720403076,4.41781043664055,29.010027275553018,HIT,True,613.4773346710404
2026_07_21_gym,flight_63,60,0,1200,ok,False,40,40,626.0188275764706,826.4341590060288,625.2754215699265,830.7889720403076,4.41781043664055,29.010027275553018,HIT,True,613.4773346710404
2026_07_21_gym,flight_63,60,0,1250,ok,False,40,40,626.0188275764706,826.4341590060288,625.2754215699265,830.7889720403076,4.41781043664055,29.010027275553018,HIT,True,613.4773346710404
2026_07_21_gym,flight_64,60,0,150,ok,True,10,10,142.99595474839703,1116.5269233858078,245.20223956600768,1217.3061693237382,143.5359922390075,296.662693209354,HIT,True,639.9983769079656
2026_07_21_gym,flight_64,60,0,200,ok,True,13,13,112.38010720249503,1133.5631425768554,245.20223956600768,1217.3061693237382,157.01787597060283,316.2208639922952,HIT,True,640.5701107085445
2026_07_21_gym,flight_64,60,0,250,ok,True,16,16,-10.873665217325042,1154.1593053861798,245.20223956600768,1217.3061693237382,263.7468396696935,488.4035528617625,MISS_HIGH_WIDE,False,644.2678180754612
2026_07_21_gym,flight_64,60,0,300,ok,True,19,19,71.20839090072904,1170.6257409719963,245.20223956600768,1217.3061693237382,180.14694492124477,355.0428138146487,HIT,True,639.4961859397034
2026_07_21_gym,flight_64,60,0,350,ok,True,22,22,157.97806794245622,1184.7166409654567,245.20223956600768,1217.3061693237382,93.11355150583611,207.82454967330455,HIT,True,636.5157659292358
2026_07_21_gym,flight_64,60,0,400,ok,True,25,25,157.97807852039858,1184.7167535789997,245.20223956600768,1217.3061693237382,93.11350218251788,207.824451521711,HIT,True,636.5157387770445
2026_07_21_gym,flight_64,60,0,450,ok,True,28,28,227.36067799890498,1192.1002617303645,245.20223956600768,1217.3061693237382,30.881371354886586,120.6012053204913,HIT,True,634.7269532510545
2026_07_21_gym,flight_64,60,0,490,ok,True,30,30,260.4305306619724,1189.8710577192332,245.20223956600768,1217.3061693237382,31.37811655366017,98.29292616216746,HIT,True,633.6904054402012
2026_07_21_gym,flight_64,60,0,500,ok,True,31,31,244.55775211651994,1188.9892396385353,245.20223956600768,1217.3061693237382,28.324262936028425,100.00971826443194,HIT,True,633.9599069449533
2026_07_21_gym,flight_64,60,0,550,ok,True,34,34,158.41531617217126,1211.507672226404,245.20223956600768,1217.3061693237382,86.98041527122886,142.61009024068997,HIT,True,629.7596723486885
2026_07_21_gym,flight_64,60,0,600,ok,True,37,37,168.8501247654188,1223.1858307311281,245.20223956600768,1217.3061693237382,76.57816825171423,122.42363290113884,HIT,True,628.8279837409981
2026_07_21_gym,flight_64,60,0,650,ok,False,40,40,220.95109895541702,1220.425813205403,245.20223956600768,1217.3061693237382,24.450971327598584,31.751957891268958,HIT,True,629.0712147478935
2026_07_21_gym,flight_64,60,0,700,ok,False,43,43,226.58514765293532,1221.3481547608656,245.20223956600768,1217.3061693237382,19.050820391094277,32.63580320134727,HIT,True,629.0043219499147
2026_07_21_gym,flight_64,60,0,750,ok,False,46,46,170.7276761077257,1228.917686140334,245.20223956600768,1217.3061693237382,75.374318737112,131.09971011667062,HIT,True,627.3396198753447
2026_07_21_gym,flight_64,60,0,800,ok,False,48,48,223.43237570883588,1219.8946266649077,245.20223956600768,1217.3061693237382,21.92320879266649,33.387348390544865,HIT,True,627.5961626072296
2026_07_21_gym,flight_64,60,0,850,ok,False,48,48,223.43237570883588,1219.8946266649077,245.20223956600768,1217.3061693237382,21.92320879266649,33.387348390544865,HIT,True,627.5961626072296
2026_07_21_gym,flight_64,60,0,900,ok,False,48,48,223.43237570883588,1219.8946266649077,245.20223956600768,1217.3061693237382,21.92320879266649,33.387348390544865,HIT,True,627.5961626072296
2026_07_21_gym,flight_64,60,0,950,ok,False,48,48,223.43237570883588,1219.8946266649077,245.20223956600768,1217.3061693237382,21.92320879266649,33.387348390544865,HIT,True,627.5961626072296
2026_07_21_gym,flight_64,60,0,1000,ok,False,48,48,223.43237570883588,1219.8946266649077,245.20223956600768,1217.3061693237382,21.92320879266649,33.387348390544865,HIT,True,627.5961626072296
2026_07_21_gym,flight_64,60,0,1050,ok,False,48,48,223.43237570883588,1219.8946266649077,245.20223956600768,1217.3061693237382,21.92320879266649,33.387348390544865,HIT,True,627.5961626072296
2026_07_21_gym,flight_64,60,0,1100,ok,False,48,48,223.43237570883588,1219.8946266649077,245.20223956600768,1217.3061693237382,21.92320879266649,33.387348390544865,HIT,True,627.5961626072296
2026_07_21_gym,flight_64,60,0,1150,ok,False,48,48,223.43237570883588,1219.8946266649077,245.20223956600768,1217.3061693237382,21.92320879266649,33.387348390544865,HIT,True,627.5961626072296
2026_07_21_gym,flight_64,60,0,1200,ok,False,48,48,223.43237570883588,1219.8946266649077,245.20223956600768,1217.3061693237382,21.92320879266649,33.387348390544865,HIT,True,627.5961626072296
2026_07_21_gym,flight_64,60,0,1250,ok,False,48,48,223.43237570883588,1219.8946266649077,245.20223956600768,1217.3061693237382,21.92320879266649,33.387348390544865,HIT,True,627.5961626072296
2026_07_21_gym,flight_65,60,0,150,ok,True,10,10,95.3800613298037,526.1518409021095,432.1015079079062,585.2488539384368,341.86808791618114,604.6739451345227,HIT,True,683.8370371770062
2026_07_21_gym,flight_65,60,0,200,ok,True,13,13,271.13207896860143,535.4035046118529,432.1015079079062,585.2488539384368,168.51028426340946,359.15415632793565,HIT,True,678.3103144648412
2026_07_21_gym,flight_65,60,0,250,ok,True,16,16,201.28685599071474,552.8058216111318,432.1015079079062,585.2488539384368,233.0835770410365,445.67670160474466,HIT,True,678.1345670384129
2026_07_21_gym,flight_65,60,0,300,ok,True,19,19,168.29371697018118,579.4330631632773,432.1015079079062,585.2488539384368,263.8718893360618,478.19844777439084,HIT,True,675.0339027555983
2026_07_21_gym,flight_65,60,0,350,ok,True,22,22,235.56926465766378,579.2096078986632,432.1015079079062,585.2488539384368,196.62501145505718,373.76337217877756,HIT,True,672.0518246918251
2026_07_21_gym,flight_65,60,0,400,ok,True,25,25,461.9271172333872,552.5618986034608,432.1015079079062,585.2488539384368,44.249339212093744,96.11645401068965,HIT,True,668.8151435447738
2026_07_21_gym,flight_65,60,0,450,ok,True,28,28,409.1534410965557,560.7079702618383,432.1015079079062,585.2488539384368,33.598641966700725,107.59115446211078,HIT,True,665.8943576151368
2026_07_21_gym,flight_65,60,0,490,ok,True,30,30,354.9846814447454,578.7407645360768,432.1015079079062,585.2488539384368,77.39095652218268,159.21316613576371,HIT,True,664.4651360335072
2026_07_21_gym,flight_65,60,0,500,ok,True,30,30,354.9846814447454,578.7407645360768,432.1015079079062,585.2488539384368,77.39095652218268,159.21316613576371,HIT,True,664.4651360335072
2026_07_21_gym,flight_65,60,0,550,ok,True,33,33,483.641051592413,574.4863123534335,432.1015079079062,585.2488539384368,52.65127600140489,63.029606839760554,HIT,True,665.7927322622413
2026_07_21_gym,flight_65,60,0,600,ok,True,36,36,403.6914514414348,579.4079114089856,432.1015079079062,585.2488539384368,29.004274134348602,97.70734134278086,HIT,True,663.4783207965653
2026_07_21_gym,flight_65,60,0,650,ok,True,39,39,467.49332687393274,581.5910212591428,432.1015079079062,585.2488539384368,35.58033993139622,32.49445887395478,HIT,True,663.7699423036319
2026_07_21_gym,flight_65,60,0,700,ok,False,42,42,431.7227862127459,584.4364842169075,432.1015079079062,585.2488539384368,0.8963117129897782,43.055487739798885,HIT,True,662.6050490560868
2026_07_21_gym,flight_65,60,0,750,ok,False,43,43,485.54649978547576,580.1762258505482,432.1015079079062,585.2488539384368,53.685181498356826,105.87529383932905,HIT,True,663.7439041793843
2026_07_21_gym,flight_65,60,0,800,ok,False,43,43,485.54649978547576,580.1762258505482,432.1015079079062,585.2488539384368,53.685181498356826,105.87529383932905,HIT,True,663.7439041793843
2026_07_21_gym,flight_65,60,0,850,ok,False,43,43,485.54649978547576,580.1762258505482,432.1015079079062,585.2488539384368,53.685181498356826,105.87529383932905,HIT,True,663.7439041793843
2026_07_21_gym,flight_65,60,0,900,ok,False,43,43,485.54649978547576,580.1762258505482,432.1015079079062,585.2488539384368,53.685181498356826,105.87529383932905,HIT,True,663.7439041793843
2026_07_21_gym,flight_65,60,0,950,ok,False,43,43,485.54649978547576,580.1762258505482,432.1015079079062,585.2488539384368,53.685181498356826,105.87529383932905,HIT,True,663.7439041793843
2026_07_21_gym,flight_65,60,0,1000,ok,False,43,43,485.54649978547576,580.1762258505482,432.1015079079062,585.2488539384368,53.685181498356826,105.87529383932905,HIT,True,663.7439041793843
2026_07_21_gym,flight_65,60,0,1050,ok,False,43,43,485.54649978547576,580.1762258505482,432.1015079079062,585.2488539384368,53.685181498356826,105.87529383932905,HIT,True,663.7439041793843
2026_07_21_gym,flight_65,60,0,1100,ok,False,43,43,485.54649978547576,580.1762258505482,432.1015079079062,585.2488539384368,53.685181498356826,105.87529383932905,HIT,True,663.7439041793843
2026_07_21_gym,flight_65,60,0,1150,ok,False,43,43,485.54649978547576,580.1762258505482,432.1015079079062,585.2488539384368,53.685181498356826,105.87529383932905,HIT,True,663.7439041793843
2026_07_21_gym,flight_65,60,0,1200,ok,False,43,43,485.54649978547576,580.1762258505482,432.1015079079062,585.2488539384368,53.685181498356826,105.87529383932905,HIT,True,663.7439041793843
2026_07_21_gym,flight_65,60,0,1250,ok,False,43,43,485.54649978547576,580.1762258505482,432.1015079079062,585.2488539384368,53.685181498356826,105.87529383932905,HIT,True,663.7439041793843
2026_07_21_gym,flight_66,60,0,150,ok,True,10,10,69.31352763201967,280.5022324037964,299.83480690555757,328.8815487677828,235.5432411464085,396.6265094989693,HIT,True,586.0285304305236
2026_07_21_gym,flight_66,60,0,200,ok,True,13,13,203.97249699256827,252.54605627281182,299.83480690555757,328.8815487677828,122.54260433132544,223.0191633559918,HIT,True,584.5636046422437
2026_07_21_gym,flight_66,60,0,250,ok,True,16,16,301.28907680063315,250.3155111257706,299.83480690555757,328.8815487677828,78.57949587324804,163.9234079547603,HIT,True,582.4047783539143
2026_07_21_gym,flight_66,60,0,300,ok,True,19,19,327.820776616609,266.6125268478801,299.83480690555757,328.8815487677828,68.26892112469052,144.66852450123037,HIT,True,580.7637588487369
2026_07_21_gym,flight_66,60,0,350,ok,True,22,22,311.1775884060994,279.6723850094781,299.83480690555757,328.8815487677828,50.49950979921177,108.58345805567473,HIT,True,580.2211632966104
2026_07_21_gym,flight_66,60,0,400,ok,True,25,25,273.4509342937699,295.9737403112096,299.83480690555757,328.8815487677828,42.17857976994427,84.55664186273262,HIT,True,579.214983081112
2026_07_21_gym,flight_66,60,0,450,ok,True,28,28,294.9642702812981,308.65969710716337,299.83480690555757,328.8815487677828,20.800130085947785,40.976547171805514,HIT,True,577.9877562876854
2026_07_21_gym,flight_66,60,0,490,ok,True,30,30,242.61875955874254,312.87570310837515,299.83480690555757,328.8815487677828,59.412651592617536,103.96792992782399,HIT,True,576.236426388594
2026_07_21_gym,flight_66,60,0,500,ok,True,31,31,285.59539635545394,307.16426456250775,299.83480690555757,328.8815487677828,25.969236532233523,45.194252973182195,HIT,True,577.9461035899254
2026_07_21_gym,flight_66,60,0,550,ok,True,34,34,339.0196682858179,327.9000509585856,299.83480690555757,328.8815487677828,39.19715167381012,91.73195121100208,HIT,True,578.0029823165476
2026_07_21_gym,flight_66,60,0,600,ok,False,36,36,355.36356545403174,323.16202243059814,299.83480690555757,328.8815487677828,55.822540317120044,131.08149167973883,HIT,True,578.9821159586759
2026_07_21_gym,flight_66,60,0,650,ok,False,36,36,355.36356545403174,323.16202243059814,299.83480690555757,328.8815487677828,55.822540317120044,131.08149167973883,HIT,True,578.9821159586759
2026_07_21_gym,flight_66,60,0,700,ok,False,36,36,355.36356545403174,323.16202243059814,299.83480690555757,328.8815487677828,55.822540317120044,131.08149167973883,HIT,True,578.9821159586759
2026_07_21_gym,flight_66,60,0,750,ok,False,36,36,355.36356545403174,323.16202243059814,299.83480690555757,328.8815487677828,55.822540317120044,131.08149167973883,HIT,True,578.9821159586759
2026_07_21_gym,flight_66,60,0,800,ok,False,36,36,355.36356545403174,323.16202243059814,299.83480690555757,328.8815487677828,55.822540317120044,131.08149167973883,HIT,True,578.9821159586759
2026_07_21_gym,flight_66,60,0,850,ok,False,36,36,355.36356545403174,323.16202243059814,299.83480690555757,328.8815487677828,55.822540317120044,131.08149167973883,HIT,True,578.9821159586759
2026_07_21_gym,flight_66,60,0,900,ok,False,36,36,355.36356545403174,323.16202243059814,299.83480690555757,328.8815487677828,55.822540317120044,131.08149167973883,HIT,True,578.9821159586759
2026_07_21_gym,flight_66,60,0,950,ok,False,36,36,355.36356545403174,323.16202243059814,299.83480690555757,328.8815487677828,55.822540317120044,131.08149167973883,HIT,True,578.9821159586759
2026_07_21_gym,flight_66,60,0,1000,ok,False,36,36,355.36356545403174,323.16202243059814,299.83480690555757,328.8815487677828,55.822540317120044,131.08149167973883,HIT,True,578.9821159586759
2026_07_21_gym,flight_66,60,0,1050,ok,False,36,36,355.36356545403174,323.16202243059814,299.83480690555757,328.8815487677828,55.822540317120044,131.08149167973883,HIT,True,578.9821159586759
2026_07_21_gym,flight_66,60,0,1100,ok,False,36,36,355.36356545403174,323.16202243059814,299.83480690555757,328.8815487677828,55.822540317120044,131.08149167973883,HIT,True,578.9821159586759
2026_07_21_gym,flight_66,60,0,1150,ok,False,36,36,355.36356545403174,323.16202243059814,299.83480690555757,328.8815487677828,55.822540317120044,131.08149167973883,HIT,True,578.9821159586759
2026_07_21_gym,flight_66,60,0,1200,ok,False,36,36,355.36356545403174,323.16202243059814,299.83480690555757,328.8815487677828,55.822540317120044,131.08149167973883,HIT,True,578.9821159586759
2026_07_21_gym,flight_66,60,0,1250,ok,False,36,36,355.36356545403174,323.16202243059814,299.83480690555757,328.8815487677828,55.822540317120044,131.08149167973883,HIT,True,578.9821159586759
2026_07_21_gym,flight_68,60,0,150,ok,True,10,10,1384.6435961439586,935.5509256224606,1356.530675216053,1058.9734219161458,126.58376244393831,244.54046000358977,HIT,True,696.122539961662
2026_07_21_gym,flight_68,60,0,200,ok,True,13,13,1405.3378626228653,957.5478367558206,1356.530675216053,1058.9734219161458,112.55794448939649,200.3773944383628,HIT,True,692.4328413347258
2026_07_21_gym,flight_68,60,0,250,ok,True,16,16,1436.9361673451879,958.5284315810086,1356.530675216053,1058.9734219161458,128.66327855279522,209.4768170533447,HIT,True,691.172402037807
2026_07_21_gym,flight_68,60,0,300,ok,True,19,19,1346.481524336214,981.1943582521685,1356.530675216053,1058.9734219161458,78.42555819279063,154.6920868335983,HIT,True,690.7577993019382
2026_07_21_gym,flight_68,60,0,350,ok,True,22,22,1297.27322442841,993.6700302795953,1356.530675216053,1058.9734219161458,88.18150845322741,170.13913402950553,HIT,True,690.6989813884354
2026_07_21_gym,flight_68,60,0,400,ok,True,25,25,1326.3498054080123,999.9823373545544,1356.530675216053,1058.9734219161458,66.2633606159748,131.23214243637202,HIT,True,689.5150313212341
2026_07_21_gym,flight_68,60,0,450,ok,True,28,28,1316.0521600832885,1013.7867885538916,1356.530675216053,1058.9734219161458,60.665822519506136,119.1022382726846,HIT,True,688.868890057033
2026_07_21_gym,flight_68,60,0,490,ok,True,30,30,1315.6922526136523,1020.927849622412,1356.530675216053,1058.9734219161458,55.814355965199375,115.93203488069993,HIT,True,688.734992562351
2026_07_21_gym,flight_68,60,0,500,ok,True,31,31,1337.1320494331196,1010.3798313040508,1356.530675216053,1058.9734219161458,52.322497368170154,106.04509076084838,HIT,True,688.8365280997557
2026_07_21_gym,flight_68,60,0,550,ok,True,34,34,1293.1989767513974,1031.7286256282991,1356.530675216053,1058.9734219161458,68.94333147726702,118.38682809804772,HIT,True,686.2212989699964
2026_07_21_gym,flight_68,60,0,600,ok,True,37,37,1289.2671382955,1032.8966571563244,1356.530675216053,1058.9734219161458,72.14139629506522,122.4700277755598,HIT,True,685.7900668487634
2026_07_21_gym,flight_68,60,0,650,ok,True,40,40,1307.4662599745873,1048.4897957073413,1356.530675216053,1058.9734219161458,50.171936991438756,70.44220535375163,HIT,True,684.3930213531254
2026_07_21_gym,flight_68,60,0,700,ok,False,43,43,1359.3183331046794,1049.652159974438,1356.530675216053,1058.9734219161458,9.729180884840684,21.45286848373665,HIT,True,685.278149272546
2026_07_21_gym,flight_68,60,0,750,ok,False,46,46,1352.63669302145,1049.7263932115688,1356.530675216053,1058.9734219161458,10.03347582820404,15.59715094884649,HIT,True,685.1370939766707
2026_07_21_gym,flight_68,60,0,800,ok,False,47,47,1354.8348038714257,1053.094580894952,1356.530675216053,1058.9734219161458,6.118557948569046,11.169813620021491,HIT,True,684.7273674841593
2026_07_21_gym,flight_68,60,0,850,ok,False,49,49,1335.515987271627,1064.1352051436406,1356.530675216053,1058.9734219161458,21.63934184510357,24.237324383190593,HIT,True,683.5255885911778
2026_07_21_gym,flight_68,60,0,900,ok,False,49,49,1335.515987271627,1064.1352051436406,1356.530675216053,1058.9734219161458,21.63934184510357,24.237324383190593,HIT,True,683.5255885911778
2026_07_21_gym,flight_68,60,0,950,ok,False,49,49,1335.515987271627,1064.1352051436406,1356.530675216053,1058.9734219161458,21.63934184510357,24.237324383190593,HIT,True,683.5255885911778
2026_07_21_gym,flight_68,60,0,1000,ok,False,49,49,1335.515987271627,1064.1352051436406,1356.530675216053,1058.9734219161458,21.63934184510357,24.237324383190593,HIT,True,683.5255885911778
2026_07_21_gym,flight_68,60,0,1050,ok,False,49,49,1335.515987271627,1064.1352051436406,1356.530675216053,1058.9734219161458,21.63934184510357,24.237324383190593,HIT,True,683.5255885911778
2026_07_21_gym,flight_68,60,0,1100,ok,False,49,49,1335.515987271627,1064.1352051436406,1356.530675216053,1058.9734219161458,21.63934184510357,24.237324383190593,HIT,True,683.5255885911778
2026_07_21_gym,flight_68,60,0,1150,ok,False,49,49,1335.515987271627,1064.1352051436406,1356.530675216053,1058.9734219161458,21.63934184510357,24.237324383190593,HIT,True,683.5255885911778
2026_07_21_gym,flight_68,60,0,1200,ok,False,49,49,1335.515987271627,1064.1352051436406,1356.530675216053,1058.9734219161458,21.63934184510357,24.237324383190593,HIT,True,683.5255885911778
2026_07_21_gym,flight_68,60,0,1250,ok,False,49,49,1335.515987271627,1064.1352051436406,1356.530675216053,1058.9734219161458,21.63934184510357,24.237324383190593,HIT,True,683.5255885911778
2026_07_21_gym,flight_69,60,0,150,ok,True,10,10,611.7926841790642,1318.9817806610818,571.7131647745622,1400.189822249651,90.56000162514698,146.6400523361569,HIT,True,622.1783168499823
2026_07_21_gym,flight_69,60,0,200,ok,True,13,13,504.9607725753332,1326.950167164212,571.7131647745622,1400.189822249651,99.095554599355,211.45777036367878,HIT,True,627.9005164963446
2026_07_21_gym,flight_69,60,0,250,ok,True,16,16,318.76631819252316,1353.2743836547509,571.7131647745622,1400.189822249651,257.2608900986495,456.60786520564216,HIT,True,631.6912960739389
2026_07_21_gym,flight_69,60,0,300,ok,True,19,19,225.33763111580146,1378.844445633348,571.7131647745622,1400.189822249651,347.03261434666786,608.0041862325907,HIT,True,630.2402123975966
2026_07_21_gym,flight_69,60,0,350,ok,True,22,22,389.80710659557167,1365.8145904704852,571.7131647745622,1400.189822249651,185.12555350920533,323.7254449982702,HIT,True,626.9473760645426
2026_07_21_gym,flight_69,60,0,400,ok,True,25,25,416.0916652460669,1392.2564782116447,571.7131647745622,1400.189822249651,155.82358314171455,264.38761000335325,HIT,True,623.7567113834372
2026_07_21_gym,flight_69,60,0,450,ok,True,28,28,425.0980185582284,1392.660168219042,571.7131647745622,1400.189822249651,146.80836757439138,248.99924990148813,HIT,True,622.9744280905836
2026_07_21_gym,flight_69,60,0,490,ok,True,30,30,423.77704828727633,1407.414427064443,571.7131647745622,1400.189822249651,148.11242174804156,263.5520152103702,HIT,True,619.6003728224135
2026_07_21_gym,flight_69,60,0,500,ok,True,31,31,535.6940484745235,1379.9900123521277,571.7131647745622,1400.189822249651,41.29659863635008,76.56319611326863,HIT,True,620.6763929471767
2026_07_21_gym,flight_69,60,0,550,ok,True,33,33,535.8533164596209,1383.7041261324061,571.7131647745622,1400.189822249651,39.467795702835154,71.48997117668874,HIT,True,619.6627831534539
2026_07_21_gym,flight_69,60,0,600,ok,True,36,36,544.4277861970489,1390.8746347375034,571.7131647745622,1400.189822249651,28.83165972511275,51.456431882787214,HIT,True,619.3193185620686
2026_07_21_gym,flight_69,60,0,650,ok,False,39,39,550.4489432405674,1399.124535213913,571.7131647745622,1400.189822249651,21.290888988375293,40.28560913628743,HIT,True,618.7328499439872
2026_07_21_gym,flight_69,60,0,700,ok,False,42,42,538.8965843115011,1396.6069893855565,571.7131647745622,1400.189822249651,33.01158349156546,62.91961807636386,HIT,True,618.4493331770327
2026_07_21_gym,flight_69,60,0,750,ok,False,45,45,549.4213179908725,1399.3043039865008,571.7131647745622,1400.189822249651,22.30942795371208,41.17851271178762,HIT,True,618.2378262309768
2026_07_21_gym,flight_69,60,0,800,ok,False,48,48,531.3169163459311,1399.8308617983414,571.7131647745622,1400.189822249651,40.397843255714605,86.50221308912171,HIT,True,617.1016565172656
2026_07_21_gym,flight_69,60,0,850,ok,False,49,49,567.9071740155774,1398.3670585884565,571.7131647745622,1400.189822249651,4.219956518976003,9.252447324319688,HIT,True,619.1363182340759
2026_07_21_gym,flight_69,60,0,900,ok,False,49,49,567.9071740155774,1398.3670585884565,571.7131647745622,1400.189822249651,4.219956518976003,9.252447324319688,HIT,True,619.1363182340759
2026_07_21_gym,flight_69,60,0,950,ok,False,49,49,567.9071740155774,1398.3670585884565,571.7131647745622,1400.189822249651,4.219956518976003,9.252447324319688,HIT,True,619.1363182340759
2026_07_21_gym,flight_69,60,0,1000,ok,False,49,49,567.9071740155774,1398.3670585884565,571.7131647745622,1400.189822249651,4.219956518976003,9.252447324319688,HIT,True,619.1363182340759
2026_07_21_gym,flight_69,60,0,1050,ok,False,49,49,567.9071740155774,1398.3670585884565,571.7131647745622,1400.189822249651,4.219956518976003,9.252447324319688,HIT,True,619.1363182340759
2026_07_21_gym,flight_69,60,0,1100,ok,False,49,49,567.9071740155774,1398.3670585884565,571.7131647745622,1400.189822249651,4.219956518976003,9.252447324319688,HIT,True,619.1363182340759
2026_07_21_gym,flight_69,60,0,1150,ok,False,49,49,567.9071740155774,1398.3670585884565,571.7131647745622,1400.189822249651,4.219956518976003,9.252447324319688,HIT,True,619.1363182340759
2026_07_21_gym,flight_69,60,0,1200,ok,False,49,49,567.9071740155774,1398.3670585884565,571.7131647745622,1400.189822249651,4.219956518976003,9.252447324319688,HIT,True,619.1363182340759
2026_07_21_gym,flight_69,60,0,1250,ok,False,49,49,567.9071740155774,1398.3670585884565,571.7131647745622,1400.189822249651,4.219956518976003,9.252447324319688,HIT,True,619.1363182340759
2026_07_21_gym,flight_70,60,0,150,ok,True,10,10,215.9802673740259,570.1786183249486,602.1814507767463,658.0309830574071,396.06740846823857,828.4376154660537,HIT,True,602.1521419630426
2026_07_21_gym,flight_70,60,0,200,ok,True,13,13,399.9700290019025,582.4006232891041,602.1814507767463,658.0309830574071,215.89212680152718,485.7108035322458,HIT,True,587.2249430406255
2026_07_21_gym,flight_70,60,0,250,ok,True,16,16,570.8746720515592,587.8570020187689,602.1814507767463,658.0309830574071,76.84075747257428,222.9868830497838,HIT,True,577.9915889896332
2026_07_21_gym,flight_70,60,0,300,ok,True,19,19,620.1805449417363,591.1850981361775,602.1814507767463,658.0309830574071,69.22672693160092,179.9980271613344,HIT,True,576.1425068534033
2026_07_21_gym,flight_70,60,0,350,ok,True,22,22,617.0718367710258,606.8077099597745,602.1814507767463,658.0309830574071,53.343671619914666,150.11293869114817,HIT,True,575.1043149053111
2026_07_21_gym,flight_70,60,0,400,ok,True,25,25,604.430505506813,627.6367163192831,602.1814507767463,658.0309830574071,30.477363693847686,115.05617597245033,HIT,True,573.6747576725829
2026_07_21_gym,flight_70,60,0,450,ok,True,28,28,560.3967059793064,644.8364845372854,602.1814507767463,658.0309830574071,43.81848569935607,144.7043157836224,HIT,True,571.5764890843041
2026_07_21_gym,flight_70,60,0,490,ok,True,30,30,613.723291769304,639.9688973841585,602.1814507767463,658.0309830574071,21.43485554803804,67.50376437434575,HIT,True,571.7315991126704
2026_07_21_gym,flight_70,60,0,500,ok,True,31,31,607.3729043520135,638.1429949597588,602.1814507767463,658.0309830574071,20.554397602371022,86.3717090253081,HIT,True,572.2833176319511
2026_07_21_gym,flight_70,60,0,550,ok,True,34,34,628.9823802377691,646.5347318022027,602.1814507767463,658.0309830574071,29.162537833623308,58.78932197852389,HIT,True,570.8397170687108
2026_07_21_gym,flight_70,60,0,600,ok,False,37,37,625.8745698690539,651.1187334122843,602.1814507767463,658.0309830574071,24.68082428685822,42.62815108491726,HIT,True,570.0490155022516
2026_07_21_gym,flight_70,60,0,650,ok,False,40,40,628.9214375504395,648.8848304591801,602.1814507767463,658.0309830574071,28.260909398095134,44.71571677890384,HIT,True,569.9667898237539
2026_07_21_gym,flight_70,60,0,700,ok,False,41,41,650.5806082597544,648.9505571671535,602.1814507767463,658.0309830574071,49.243604451881964,92.74174645670568,HIT,True,570.3825236601622
2026_07_21_gym,flight_70,60,0,750,ok,False,41,41,650.5806082597544,648.9505571671535,602.1814507767463,658.0309830574071,49.243604451881964,92.74174645670568,HIT,True,570.3825236601622
2026_07_21_gym,flight_70,60,0,800,ok,False,41,41,650.5806082597544,648.9505571671535,602.1814507767463,658.0309830574071,49.243604451881964,92.74174645670568,HIT,True,570.3825236601622
2026_07_21_gym,flight_70,60,0,850,ok,False,41,41,650.5806082597544,648.9505571671535,602.1814507767463,658.0309830574071,49.243604451881964,92.74174645670568,HIT,True,570.3825236601622
2026_07_21_gym,flight_70,60,0,900,ok,False,41,41,650.5806082597544,648.9505571671535,602.1814507767463,658.0309830574071,49.243604451881964,92.74174645670568,HIT,True,570.3825236601622
2026_07_21_gym,flight_70,60,0,950,ok,False,41,41,650.5806082597544,648.9505571671535,602.1814507767463,658.0309830574071,49.243604451881964,92.74174645670568,HIT,True,570.3825236601622
2026_07_21_gym,flight_70,60,0,1000,ok,False,41,41,650.5806082597544,648.9505571671535,602.1814507767463,658.0309830574071,49.243604451881964,92.74174645670568,HIT,True,570.3825236601622
2026_07_21_gym,flight_70,60,0,1050,ok,False,41,41,650.5806082597544,648.9505571671535,602.1814507767463,658.0309830574071,49.243604451881964,92.74174645670568,HIT,True,570.3825236601622
2026_07_21_gym,flight_70,60,0,1100,ok,False,41,41,650.5806082597544,648.9505571671535,602.1814507767463,658.0309830574071,49.243604451881964,92.74174645670568,HIT,True,570.3825236601622
2026_07_21_gym,flight_70,60,0,1150,ok,False,41,41,650.5806082597544,648.9505571671535,602.1814507767463,658.0309830574071,49.243604451881964,92.74174645670568,HIT,True,570.3825236601622
2026_07_21_gym,flight_70,60,0,1200,ok,False,41,41,650.5806082597544,648.9505571671535,602.1814507767463,658.0309830574071,49.243604451881964,92.74174645670568,HIT,True,570.3825236601622
2026_07_21_gym,flight_70,60,0,1250,ok,False,41,41,650.5806082597544,648.9505571671535,602.1814507767463,658.0309830574071,49.243604451881964,92.74174645670568,HIT,True,570.3825236601622
2026_07_21_gym,flight_72,60,0,150,fit_failed,True,9,9,,,,,,,,,
2026_07_21_gym,flight_72,60,0,200,ok,True,12,12,745.4377014892298,645.6323610789743,494.19157541665595,723.2996054958293,262.9768368540909,423.3835904223631,HIT,True,621.5055742611371
2026_07_21_gym,flight_72,60,0,250,ok,True,15,15,489.7202776832173,668.5021215373288,494.19157541665595,723.2996054958293,54.9796030506148,137.32885156013035,HIT,True,629.4137140623067
2026_07_21_gym,flight_72,60,0,300,ok,True,18,18,382.2772084862918,683.2468481262295,494.19157541665595,723.2996054958293,118.86567586285042,293.28425071615715,HIT,True,632.6395814811859
2026_07_21_gym,flight_72,60,0,350,ok,True,21,21,361.5760589162612,687.8858464912912,494.19157541665595,723.2996054958293,137.2625569610954,323.565549354971,HIT,True,631.792270002997
2026_07_21_gym,flight_72,60,0,400,ok,True,24,24,498.13101366871825,685.5238712078325,494.19157541665595,723.2996054958293,37.980590763430044,116.66109087351299,HIT,True,630.1881336682574
2026_07_21_gym,flight_72,60,0,450,ok,True,27,27,390.1245719475212,704.6624939832858,494.19157541665595,723.2996054958293,105.72267087326108,270.98397649576816,HIT,True,628.3015953825088
2026_07_21_gym,flight_72,60,0,490,ok,True,29,29,459.4185372800771,703.6791048525399,494.19157541665595,723.2996054958293,39.92653537111986,129.9879797190325,HIT,True,627.8866784308964
2026_07_21_gym,flight_72,60,0,500,ok,True,30,30,559.32506474914,695.9266180315246,494.19157541665595,723.2996054958293,70.65162330297719,121.59525730014207,HIT,True,626.5985710338879
2026_07_21_gym,flight_72,60,0,550,ok,True,33,33,502.32849835087296,703.9994514872125,494.19157541665595,723.2996054958293,20.94529683708765,64.99165615529557,HIT,True,627.1934964069735
2026_07_21_gym,flight_72,60,0,600,ok,True,36,36,526.4839358694301,713.1431803663164,494.19157541665595,723.2996054958293,33.85187609311026,42.5467032391569,HIT,True,626.3569970966876
2026_07_21_gym,flight_72,60,0,650,ok,False,39,39,520.7953114167814,714.4848779017623,494.19157541665595,723.2996054958293,28.026027041340974,30.186028411467767,HIT,True,625.8780854819171
2026_07_21_gym,flight_72,60,0,700,ok,False,41,41,530.3745133369895,714.1168606398238,494.19157541665595,723.2996054958293,37.32998526167945,60.19169078941538,HIT,True,625.4738173770985
2026_07_21_gym,flight_72,60,0,750,ok,False,41,41,530.3745133369895,714.1168606398238,494.19157541665595,723.2996054958293,37.32998526167945,60.19169078941538,HIT,True,625.4738173770985
2026_07_21_gym,flight_72,60,0,800,ok,False,41,41,530.3745133369895,714.1168606398238,494.19157541665595,723.2996054958293,37.32998526167945,60.19169078941538,HIT,True,625.4738173770985
2026_07_21_gym,flight_72,60,0,850,ok,False,41,41,530.3745133369895,714.1168606398238,494.19157541665595,723.2996054958293,37.32998526167945,60.19169078941538,HIT,True,625.4738173770985
2026_07_21_gym,flight_72,60,0,900,ok,False,41,41,530.3745133369895,714.1168606398238,494.19157541665595,723.2996054958293,37.32998526167945,60.19169078941538,HIT,True,625.4738173770985
2026_07_21_gym,flight_72,60,0,950,ok,False,41,41,530.3745133369895,714.1168606398238,494.19157541665595,723.2996054958293,37.32998526167945,60.19169078941538,HIT,True,625.4738173770985
2026_07_21_gym,flight_72,60,0,1000,ok,False,41,41,530.3745133369895,714.1168606398238,494.19157541665595,723.2996054958293,37.32998526167945,60.19169078941538,HIT,True,625.4738173770985
2026_07_21_gym,flight_72,60,0,1050,ok,False,41,41,530.3745133369895,714.1168606398238,494.19157541665595,723.2996054958293,37.32998526167945,60.19169078941538,HIT,True,625.4738173770985
2026_07_21_gym,flight_72,60,0,1100,ok,False,41,41,530.3745133369895,714.1168606398238,494.19157541665595,723.2996054958293,37.32998526167945,60.19169078941538,HIT,True,625.4738173770985
2026_07_21_gym,flight_72,60,0,1150,ok,False,41,41,530.3745133369895,714.1168606398238,494.19157541665595,723.2996054958293,37.32998526167945,60.19169078941538,HIT,True,625.4738173770985
2026_07_21_gym,flight_72,60,0,1200,ok,False,41,41,530.3745133369895,714.1168606398238,494.19157541665595,723.2996054958293,37.32998526167945,60.19169078941538,HIT,True,625.4738173770985
2026_07_21_gym,flight_72,60,0,1250,ok,False,41,41,530.3745133369895,714.1168606398238,494.19157541665595,723.2996054958293,37.32998526167945,60.19169078941538,HIT,True,625.4738173770985
2026_07_21_gym,flight_73,60,0,150,ok,True,10,10,1258.6517648662098,1078.2633664316268,1254.4479171718779,1195.7443387125934,117.55616182709602,205.87428491586826,HIT,True,756.9353454293624
2026_07_21_gym,flight_73,60,0,200,ok,True,13,13,1251.6059704271659,1078.8578147703017,1254.4479171718779,1195.7443387125934,116.92106799294857,267.05537856389765,HIT,True,765.9021113938343
2026_07_21_gym,flight_73,60,0,250,ok,True,16,16,1206.2439415677854,1084.4389614593188,1254.4479171718779,1195.7443387125934,121.29513703992309,278.10134998727153,HIT,True,766.6916447695335
2026_07_21_gym,flight_73,60,0,300,ok,True,19,19,1184.0290670215506,1131.7604297232751,1254.4479171718779,1195.7443387125934,95.14596715598408,183.97695912363662,HIT,True,759.6320064263675
2026_07_21_gym,flight_73,60,0,350,ok,True,22,22,1230.7999138486819,1120.4493710693096,1254.4479171718779,1195.7443387125934,78.92122790211165,175.133390502285,HIT,True,758.5172943236431
2026_07_21_gym,flight_73,60,0,400,ok,True,25,25,1245.9292172205746,1121.8885305689935,1254.4479171718779,1195.7443387125934,74.34546822372278,156.19947123262585,HIT,True,756.5490669599483
2026_07_21_gym,flight_73,60,0,450,ok,True,28,28,1236.1971133345232,1127.2834608158332,1254.4479171718779,1195.7443387125934,70.85184290549331,139.46231471269815,HIT,True,754.7551471927321
2026_07_21_gym,flight_73,60,0,490,ok,True,30,30,1245.828094947054,1129.3465991953244,1254.4479171718779,1195.7443387125934,66.95491877517789,130.45964786606464,HIT,True,754.0740032327835
2026_07_21_gym,flight_73,60,0,500,ok,True,31,31,1252.260331425662,1138.0315396703368,1254.4479171718779,1195.7443387125934,57.75424404049406,107.89024094723541,HIT,True,752.4842851774656
2026_07_21_gym,flight_73,60,0,550,ok,True,34,34,1262.822694284418,1151.3057978534287,1254.4479171718779,1195.7443387125934,45.22080058309871,88.13313160061477,HIT,True,750.6913354378203
2026_07_21_gym,flight_73,60,0,600,ok,True,37,37,1247.1299180605426,1146.599732053424,1254.4479171718779,1195.7443387125934,49.68647174712621,96.50428069281158,HIT,True,752.3031669285635
2026_07_21_gym,flight_73,60,0,650,ok,True,40,40,1247.0521675936877,1163.0920504105836,1254.4479171718779,1195.7443387125934,33.47938235960848,57.324386930314276,HIT,True,749.3941286694997
2026_07_21_gym,flight_73,60,0,700,ok,True,43,43,1272.6273466938608,1170.3188296733276,1254.4479171718779,1195.7443387125934,31.25617007329159,66.8526680780954,HIT,True,750.562219253497
2026_07_21_gym,flight_73,60,0,750,ok,False,46,46,1269.4226265276584,1182.785115226255,1254.4479171718779,1195.7443387125934,19.80362072094313,44.40655573876458,HIT,True,749.375095048836
2026_07_21_gym,flight_73,60,0,800,ok,False,49,49,1268.530119245805,1186.69880312218,1254.4479171718779,1195.7443387125934,16.73708843760933,24.3469458127495,HIT,True,749.0203817050174
2026_07_21_gym,flight_73,60,0,850,ok,False,51,51,1295.8838187588624,1184.4398885958985,1254.4479171718779,1195.7443387125934,42.95025649244844,97.83351209758034,HIT,True,748.55779694969
2026_07_21_gym,flight_73,60,0,900,ok,False,54,54,1234.241677792771,1181.6244533019023,1254.4479171718779,1195.7443387125934,24.650827042044913,28.452050626264953,HIT,True,748.2680078775752
2026_07_21_gym,flight_73,60,0,950,ok,False,55,55,1304.8981147738425,1190.0180132788053,1254.4479171718779,1195.7443387125934,50.774139490994116,122.75485118591047,HIT,True,748.3400967251054
2026_07_21_gym,flight_73,60,0,1000,ok,False,55,55,1304.8981147738425,1190.0180132788053,1254.4479171718779,1195.7443387125934,50.774139490994116,122.75485118591047,HIT,True,748.3400967251054
2026_07_21_gym,flight_73,60,0,1050,ok,False,55,55,1304.8981147738425,1190.0180132788053,1254.4479171718779,1195.7443387125934,50.774139490994116,122.75485118591047,HIT,True,748.3400967251054
2026_07_21_gym,flight_73,60,0,1100,ok,False,55,55,1304.8981147738425,1190.0180132788053,1254.4479171718779,1195.7443387125934,50.774139490994116,122.75485118591047,HIT,True,748.3400967251054
2026_07_21_gym,flight_73,60,0,1150,ok,False,55,55,1304.8981147738425,1190.0180132788053,1254.4479171718779,1195.7443387125934,50.774139490994116,122.75485118591047,HIT,True,748.3400967251054
2026_07_21_gym,flight_73,60,0,1200,ok,False,55,55,1304.8981147738425,1190.0180132788053,1254.4479171718779,1195.7443387125934,50.774139490994116,122.75485118591047,HIT,True,748.3400967251054
2026_07_21_gym,flight_73,60,0,1250,ok,False,55,55,1304.8981147738425,1190.0180132788053,1254.4479171718779,1195.7443387125934,50.774139490994116,122.75485118591047,HIT,True,748.3400967251054
2026_07_21_gym,flight_74,60,0,150,fit_failed,True,10,10,,,,,,,,,
2026_07_21_gym,flight_74,60,0,200,ok,True,13,13,1220.8127474624982,1270.4986549888217,1662.5647888234791,1325.1526171294302,445.1201204442019,894.6581747305678,HIT,True,630.0132269240908
2026_07_21_gym,flight_74,60,0,250,ok,True,16,16,1489.1318154841615,1246.3260808275638,1662.5647888234791,1325.1526171294302,190.5062179212687,428.11645942740813,HIT,True,620.5466664024594
2026_07_21_gym,flight_74,60,0,300,ok,True,19,19,1527.9329067021454,1261.6566118636526,1662.5647888234791,1325.1526171294302,148.85390948256736,383.17936358602304,HIT,True,619.6955715511573
2026_07_21_gym,flight_74,60,0,350,ok,True,22,22,1609.9660860090285,1281.376912662544,1662.5647888234791,1325.1526171294302,68.43197965377774,175.86472924746002,HIT,True,616.3504321213192
2026_07_21_gym,flight_74,60,0,400,ok,True,25,25,1544.1986246228305,1284.586454878525,1662.5647888234791,1325.1526171294302,125.12458730138405,361.623097602043,HIT,True,619.5500742746291
2026_07_21_gym,flight_74,60,0,450,ok,True,28,28,1578.9341137188203,1298.1251761790384,1662.5647888234791,1325.1526171294302,87.88954649324299,262.7714576107165,HIT,True,617.1407868325986
2026_07_21_gym,flight_74,60,0,490,ok,True,30,30,1570.8516286030615,1302.855894923125,1662.5647888234791,1325.1526171294302,94.38457277945976,307.11008373316844,HIT,True,617.2938095603339
2026_07_21_gym,flight_74,60,0,500,ok,True,31,31,1608.7446182752774,1310.947807251814,1662.5647888234791,1325.1526171294302,55.663160002794875,120.20979280397118,HIT,True,613.7337397179638
2026_07_21_gym,flight_74,60,0,550,ok,True,34,34,1603.099496180315,1305.2489817997882,1662.5647888234791,1325.1526171294302,62.707860180941516,197.7932369369117,HIT,True,614.9042447415763
2026_07_21_gym,flight_74,60,0,600,ok,True,36,36,1631.8972500010357,1318.630473849776,1662.5647888234791,1325.1526171294302,31.353409549623382,65.96094041322876,HIT,True,611.9263264132956
2026_07_21_gym,flight_74,60,0,650,ok,False,38,38,1634.8238529188482,1315.648892770102,1662.5647888234791,1325.1526171294302,29.323715684799065,91.38284685765014,HIT,True,612.288082130659
2026_07_21_gym,flight_74,60,0,700,ok,False,41,41,1653.1575189538762,1316.7083943638972,1662.5647888234791,1325.1526171294302,12.641266728990558,47.559052454755445,HIT,True,612.1172931569482
2026_07_21_gym,flight_74,60,0,750,ok,False,44,44,1668.7758716180172,1321.5576333039808,1662.5647888234791,1325.1526171294302,7.176451643106702,95.58770422444175,HIT,True,611.327118702576
2026_07_21_gym,flight_74,60,0,800,ok,False,45,45,1681.5159555964578,1317.6486477868905,1662.5647888234791,1325.1526171294302,20.3827446128098,91.87152047901844,HIT,True,612.3712526483652
2026_07_21_gym,flight_74,60,0,850,ok,False,45,45,1681.5159555964578,1317.6486477868905,1662.5647888234791,1325.1526171294302,20.3827446128098,91.87152047901844,HIT,True,612.3712526483652
2026_07_21_gym,flight_74,60,0,900,ok,False,45,45,1681.5159555964578,1317.6486477868905,1662.5647888234791,1325.1526171294302,20.3827446128098,91.87152047901844,HIT,True,612.3712526483652
2026_07_21_gym,flight_74,60,0,950,ok,False,45,45,1681.5159555964578,1317.6486477868905,1662.5647888234791,1325.1526171294302,20.3827446128098,91.87152047901844,HIT,True,612.3712526483652
2026_07_21_gym,flight_74,60,0,1000,ok,False,45,45,1681.5159555964578,1317.6486477868905,1662.5647888234791,1325.1526171294302,20.3827446128098,91.87152047901844,HIT,True,612.3712526483652
2026_07_21_gym,flight_74,60,0,1050,ok,False,45,45,1681.5159555964578,1317.6486477868905,1662.5647888234791,1325.1526171294302,20.3827446128098,91.87152047901844,HIT,True,612.3712526483652
2026_07_21_gym,flight_74,60,0,1100,ok,False,45,45,1681.5159555964578,1317.6486477868905,1662.5647888234791,1325.1526171294302,20.3827446128098,91.87152047901844,HIT,True,612.3712526483652
2026_07_21_gym,flight_74,60,0,1150,ok,False,45,45,1681.5159555964578,1317.6486477868905,1662.5647888234791,1325.1526171294302,20.3827446128098,91.87152047901844,HIT,True,612.3712526483652
2026_07_21_gym,flight_74,60,0,1200,ok,False,45,45,1681.5159555964578,1317.6486477868905,1662.5647888234791,1325.1526171294302,20.3827446128098,91.87152047901844,HIT,True,612.3712526483652
2026_07_21_gym,flight_74,60,0,1250,ok,False,45,45,1681.5159555964578,1317.6486477868905,1662.5647888234791,1325.1526171294302,20.3827446128098,91.87152047901844,HIT,True,612.3712526483652
2026_07_21_gym,flight_75,60,0,150,ok,True,10,10,1561.9552823124993,818.952227995245,1184.5492903426798,923.7531039480931,391.68674521255855,761.2175630961881,HIT,True,622.2639153654592
2026_07_21_gym,flight_75,60,0,200,ok,True,13,13,1563.2182945362197,840.6714188137535,1184.5492903426798,923.7531039480931,387.6761291873523,727.7106489532501,HIT,True,628.6504635340506
2026_07_21_gym,flight_75,60,0,250,ok,True,16,16,1477.4871533873627,844.2634609529574,1184.5492903426798,923.7531039480931,303.53120918396434,569.9728054751362,HIT,True,636.3002231821796
2026_07_21_gym,flight_75,60,0,300,ok,True,19,19,1302.872598455375,882.0727217768206,1184.5492903426798,923.7531039480931,125.44982861955272,250.51686563421654,HIT,True,644.717927294212
2026_07_21_gym,flight_75,60,0,350,ok,True,22,22,1363.2476400807304,874.960956347196,1184.5492903426798,923.7531039480931,185.23977398661012,347.9837167953696,HIT,True,644.4706943418638
2026_07_21_gym,flight_75,60,0,400,ok,True,25,25,1311.1713606496062,884.6286593342074,1184.5492903426798,923.7531039480931,132.52875482383897,262.4557730280569,HIT,True,643.0386312643135
2026_07_21_gym,flight_75,60,0,450,ok,True,28,28,1242.206013002239,900.8015678334315,1184.5492903426798,923.7531039480931,62.05699539829444,144.29074074527958,HIT,True,641.3111449130871
2026_07_21_gym,flight_75,60,0,490,ok,True,30,30,1213.834597663742,902.3357626722399,1184.5492903426798,923.7531039480931,36.281286253596704,87.55978341089788,HIT,True,640.6011176904806
2026_07_21_gym,flight_75,60,0,500,ok,True,31,31,1220.1876215794719,904.8062787318107,1184.5492903426798,923.7531039480931,40.361774479322165,96.300037556353,HIT,True,640.5394835580278
2026_07_21_gym,flight_75,60,0,550,ok,True,34,34,1200.5769408225276,912.2289248315232,1184.5492903426798,923.7531039480931,19.740625223506786,56.218926168163065,HIT,True,640.13594199732
2026_07_21_gym,flight_75,60,0,600,ok,True,37,37,1202.3251643504655,918.2871353937946,1184.5492903426798,923.7531039480931,18.597271546580412,63.6617047498369,HIT,True,640.345405783263
2026_07_21_gym,flight_75,60,0,650,ok,False,40,40,1178.2126677254712,931.6511921887618,1184.5492903426798,923.7531039480931,10.125837449332712,36.963004437023784,HIT,True,638.3301262495528
2026_07_21_gym,flight_75,60,0,700,ok,False,42,42,1177.695506004307,932.9915330814764,1184.5492903426798,923.7531039480931,11.503170545961254,39.04324006006702,HIT,True,638.1701812877295
2026_07_21_gym,flight_75,60,0,750,ok,False,45,45,1167.3578666336984,933.0044225669635,1184.5492903426798,923.7531039480931,19.522600885373453,36.9577936371993,HIT,True,637.690594290851
2026_07_21_gym,flight_75,60,0,800,ok,False,45,45,1167.3578666336984,933.0044225669635,1184.5492903426798,923.7531039480931,19.522600885373453,36.9577936371993,HIT,True,637.690594290851
2026_07_21_gym,flight_75,60,0,850,ok,False,45,45,1167.3578666336984,933.0044225669635,1184.5492903426798,923.7531039480931,19.522600885373453,36.9577936371993,HIT,True,637.690594290851
2026_07_21_gym,flight_75,60,0,900,ok,False,45,45,1167.3578666336984,933.0044225669635,1184.5492903426798,923.7531039480931,19.522600885373453,36.9577936371993,HIT,True,637.690594290851
2026_07_21_gym,flight_75,60,0,950,ok,False,45,45,1167.3578666336984,933.0044225669635,1184.5492903426798,923.7531039480931,19.522600885373453,36.9577936371993,HIT,True,637.690594290851
2026_07_21_gym,flight_75,60,0,1000,ok,False,45,45,1167.3578666336984,933.0044225669635,1184.5492903426798,923.7531039480931,19.522600885373453,36.9577936371993,HIT,True,637.690594290851
2026_07_21_gym,flight_75,60,0,1050,ok,False,45,45,1167.3578666336984,933.0044225669635,1184.5492903426798,923.7531039480931,19.522600885373453,36.9577936371993,HIT,True,637.690594290851
2026_07_21_gym,flight_75,60,0,1100,ok,False,45,45,1167.3578666336984,933.0044225669635,1184.5492903426798,923.7531039480931,19.522600885373453,36.9577936371993,HIT,True,637.690594290851
2026_07_21_gym,flight_75,60,0,1150,ok,False,45,45,1167.3578666336984,933.0044225669635,1184.5492903426798,923.7531039480931,19.522600885373453,36.9577936371993,HIT,True,637.690594290851
2026_07_21_gym,flight_75,60,0,1200,ok,False,45,45,1167.3578666336984,933.0044225669635,1184.5492903426798,923.7531039480931,19.522600885373453,36.9577936371993,HIT,True,637.690594290851
2026_07_21_gym,flight_75,60,0,1250,ok,False,45,45,1167.3578666336984,933.0044225669635,1184.5492903426798,923.7531039480931,19.522600885373453,36.9577936371993,HIT,True,637.690594290851
2026_07_21_gym,flight_76,60,0,150,ok,True,10,10,184.22601835626088,508.6932467503786,911.215321356446,768.3043997137119,771.9529761712473,1209.5909546521086,HIT,True,771.1456015814808
2026_07_21_gym,flight_76,60,0,200,ok,True,13,13,568.5747692458823,642.3838713275,911.215321356446,768.3043997137119,365.04592508298833,604.1173011472698,HIT,True,737.4227614940957
2026_07_21_gym,flight_76,60,0,250,ok,True,16,16,717.3319488421157,666.7715167171364,911.215321356446,768.3043997137119,218.8599745662209,387.88764760052106,HIT,True,730.5023219873616
2026_07_21_gym,flight_76,60,0,300,ok,True,19,19,762.9150133638678,711.0498119947127,911.215321356446,768.3043997137119,158.96876789346422,286.9425874440392,HIT,True,725.3486423308875
2026_07_21_gym,flight_76,60,0,350,ok,True,22,22,803.2784328597625,739.9643772134676,911.215321356446,768.3043997137119,111.59537971466311,187.81617078352807,HIT,True,720.0438914145062
2026_07_21_gym,flight_76,60,0,400,ok,True,25,25,850.736381074762,735.0598429673481,911.215321356446,768.3043997137119,69.01378681725629,161.2973567712895,HIT,True,721.4185383715403
2026_07_21_gym,flight_76,60,0,450,ok,True,28,28,808.3831070639089,753.7751908007374,911.215321356446,768.3043997137119,103.853561363793,173.118039640286,HIT,True,718.733977051755
2026_07_21_gym,flight_76,60,0,490,ok,True,30,30,782.7867835221549,761.6415874973551,911.215321356446,768.3043997137119,128.60125348099984,214.285784454043,HIT,True,718.8398352699695
2026_07_21_gym,flight_76,60,0,500,ok,True,31,31,885.8619788211034,745.4259531690928,911.215321356446,768.3043997137119,34.1498944948502,89.16118307310332,HIT,True,719.1703957433257
2026_07_21_gym,flight_76,60,0,550,ok,True,34,34,949.0908276441415,748.1535461370594,911.215321356446,768.3043997137119,42.902341153099705,95.92307685971008,HIT,True,718.1375884907259
2026_07_21_gym,flight_76,60,0,600,ok,True,37,37,918.1872838020445,750.675726648308,911.215321356446,768.3043997137119,18.95727761018789,54.67825381466734,HIT,True,716.889470719267
2026_07_21_gym,flight_76,60,0,650,ok,True,39,39,901.9733879132349,760.5573045521187,911.215321356446,768.3043997137119,12.059470022000312,69.99164909327808,HIT,True,715.8387075761332
2026_07_21_gym,flight_76,60,0,700,ok,True,42,42,953.7596406175861,766.1465265140405,911.215321356446,768.3043997137119,42.59900841732913,101.95061933147387,HIT,True,715.5274970441218
2026_07_21_gym,flight_76,60,0,750,ok,False,45,45,951.1770309400395,768.4053538293765,911.215321356446,768.3043997137119,39.961837102127014,96.48099067401328,HIT,True,715.0067878514669
2026_07_21_gym,flight_76,60,0,800,ok,False,48,48,973.1370677868986,761.2337034131492,911.215321356446,768.3043997137119,62.324131980895295,148.14190789561104,HIT,True,715.8268818204409
2026_07_21_gym,flight_76,60,0,850,ok,False,48,48,973.1370677868986,761.2337034131492,911.215321356446,768.3043997137119,62.324131980895295,148.14190789561104,HIT,True,715.8268818204409
2026_07_21_gym,flight_76,60,0,900,ok,False,48,48,973.1370677868986,761.2337034131492,911.215321356446,768.3043997137119,62.324131980895295,148.14190789561104,HIT,True,715.8268818204409
2026_07_21_gym,flight_76,60,0,950,ok,False,48,48,973.1370677868986,761.2337034131492,911.215321356446,768.3043997137119,62.324131980895295,148.14190789561104,HIT,True,715.8268818204409
2026_07_21_gym,flight_76,60,0,1000,ok,False,48,48,973.1370677868986,761.2337034131492,911.215321356446,768.3043997137119,62.324131980895295,148.14190789561104,HIT,True,715.8268818204409
2026_07_21_gym,flight_76,60,0,1050,ok,False,48,48,973.1370677868986,761.2337034131492,911.215321356446,768.3043997137119,62.324131980895295,148.14190789561104,HIT,True,715.8268818204409
2026_07_21_gym,flight_76,60,0,1100,ok,False,48,48,973.1370677868986,761.2337034131492,911.215321356446,768.3043997137119,62.324131980895295,148.14190789561104,HIT,True,715.8268818204409
2026_07_21_gym,flight_76,60,0,1150,ok,False,48,48,973.1370677868986,761.2337034131492,911.215321356446,768.3043997137119,62.324131980895295,148.14190789561104,HIT,True,715.8268818204409
2026_07_21_gym,flight_76,60,0,1200,ok,False,48,48,973.1370677868986,761.2337034131492,911.215321356446,768.3043997137119,62.324131980895295,148.14190789561104,HIT,True,715.8268818204409
2026_07_21_gym,flight_76,60,0,1250,ok,False,48,48,973.1370677868986,761.2337034131492,911.215321356446,768.3043997137119,62.324131980895295,148.14190789561104,HIT,True,715.8268818204409
2026_07_21_gym,flight_77,60,0,150,ok,True,10,10,692.8507445007416,426.27627796883775,1189.7401056776537,688.4004516491287,561.790102866164,962.2831580885922,HIT,True,712.9153075514096
2026_07_21_gym,flight_77,60,0,200,ok,True,13,13,1064.7947872611874,492.6470679111607,1189.7401056776537,688.4004516491287,232.22988575774718,436.2914371357238,HIT,True,690.1685952613952
2026_07_21_gym,flight_77,60,0,250,ok,True,16,16,1033.903726609528,544.3112046708337,1189.7401056776537,688.4004516491287,212.24205081895693,430.07558058159594,HIT,True,688.540266871774
2026_07_21_gym,flight_77,60,0,300,ok,True,19,19,1159.3084862772016,583.5256324654557,1189.7401056776537,688.4004516491287,109.20078368831463,208.80692753652318,HIT,True,680.1476399888784
2026_07_21_gym,flight_77,60,0,350,ok,True,22,22,1201.1725057333972,593.6902700341095,1189.7401056776537,688.4004516491287,95.39768483870292,181.01076175966648,HIT,True,678.9159238354754
2026_07_21_gym,flight_77,60,0,400,ok,True,25,25,1247.049771671552,618.1018142644949,1189.7401056776537,688.4004516491287,90.69893182650179,162.32090583611617,HIT,True,676.0141769230903
2026_07_21_gym,flight_77,60,0,450,ok,True,28,28,1214.0252840654746,628.5565661914547,1189.7401056776537,688.4004516491287,64.58374807952453,123.13815294957783,HIT,True,676.9349143224707
2026_07_21_gym,flight_77,60,0,490,ok,True,30,30,1174.3500258214335,626.6202851925568,1189.7401056776537,688.4004516491287,63.668230110334996,171.829912263884,HIT,True,678.7840549478776
2026_07_21_gym,flight_77,60,0,500,ok,True,31,31,1185.704342828152,638.3805486601228,1189.7401056776537,688.4004516491287,50.182447895723264,124.13913395381398,HIT,True,677.5161666549816
2026_07_21_gym,flight_77,60,0,550,ok,True,34,34,1203.2019207949386,642.1580514147569,1189.7401056776537,688.4004516491287,48.16201870445005,103.58896367317521,HIT,True,677.1533871850089
2026_07_21_gym,flight_77,60,0,600,ok,True,37,37,1192.010000130279,670.7227202200796,1189.7401056776537,688.4004516491287,17.82286759485269,37.92285610890473,HIT,True,674.2852827133676
2026_07_21_gym,flight_77,60,0,650,ok,True,40,40,1185.7437365278713,677.0223568372504,1189.7401056776537,688.4004516491287,12.059519390482555,26.697356823260403,HIT,True,673.586363096366
2026_07_21_gym,flight_77,60,0,700,ok,False,41,41,1177.6444215419288,684.3844482652501,1189.7401056776537,688.4004516491287,12.74495421296415,58.35841468084094,HIT,True,672.9942559703978
2026_07_21_gym,flight_77,60,0,750,ok,False,44,44,1189.3887472347196,687.8471131511598,1189.7401056776537,688.4004516491287,0.6554664360252184,11.576518827795253,HIT,True,671.5490015488641
2026_07_21_gym,flight_77,60,0,800,ok,False,44,44,1189.3887472347196,687.8471131511598,1189.7401056776537,688.4004516491287,0.6554664360252184,11.576518827795253,HIT,True,671.5490015488641
2026_07_21_gym,flight_77,60,0,850,ok,False,44,44,1189.3887472347196,687.8471131511598,1189.7401056776537,688.4004516491287,0.6554664360252184,11.576518827795253,HIT,True,671.5490015488641
2026_07_21_gym,flight_77,60,0,900,ok,False,44,44,1189.3887472347196,687.8471131511598,1189.7401056776537,688.4004516491287,0.6554664360252184,11.576518827795253,HIT,True,671.5490015488641
2026_07_21_gym,flight_77,60,0,950,ok,False,44,44,1189.3887472347196,687.8471131511598,1189.7401056776537,688.4004516491287,0.6554664360252184,11.576518827795253,HIT,True,671.5490015488641
2026_07_21_gym,flight_77,60,0,1000,ok,False,44,44,1189.3887472347196,687.8471131511598,1189.7401056776537,688.4004516491287,0.6554664360252184,11.576518827795253,HIT,True,671.5490015488641
2026_07_21_gym,flight_77,60,0,1050,ok,False,44,44,1189.3887472347196,687.8471131511598,1189.7401056776537,688.4004516491287,0.6554664360252184,11.576518827795253,HIT,True,671.5490015488641
2026_07_21_gym,flight_77,60,0,1100,ok,False,44,44,1189.3887472347196,687.8471131511598,1189.7401056776537,688.4004516491287,0.6554664360252184,11.576518827795253,HIT,True,671.5490015488641
2026_07_21_gym,flight_77,60,0,1150,ok,False,44,44,1189.3887472347196,687.8471131511598,1189.7401056776537,688.4004516491287,0.6554664360252184,11.576518827795253,HIT,True,671.5490015488641
2026_07_21_gym,flight_77,60,0,1200,ok,False,44,44,1189.3887472347196,687.8471131511598,1189.7401056776537,688.4004516491287,0.6554664360252184,11.576518827795253,HIT,True,671.5490015488641
2026_07_21_gym,flight_77,60,0,1250,ok,False,44,44,1189.3887472347196,687.8471131511598,1189.7401056776537,688.4004516491287,0.6554664360252184,11.576518827795253,HIT,True,671.5490015488641
2026_07_21_gym,flight_78,60,0,150,ok,True,10,10,735.8111653828842,835.0747093574736,906.2568001043387,910.7784854072523,186.50141046060367,481.17262557135155,HIT,True,598.1763270173117
2026_07_21_gym,flight_78,60,0,200,ok,True,13,13,750.4354678328029,864.8466912590043,906.2568001043387,910.7784854072523,162.45004556648604,349.22748985611514,HIT,True,586.3166956106453
2026_07_21_gym,flight_78,60,0,250,ok,True,16,16,785.5516027159427,859.580992431467,906.2568001043387,910.7784854072523,131.1141791095731,279.5431905094611,HIT,True,582.9993213887914
2026_07_21_gym,flight_78,60,0,300,ok,True,19,19,836.3073785003588,860.2849425976278,906.2568001043387,910.7784854072523,86.27003795176348,181.55847052882322,HIT,True,579.4964109147738
2026_07_21_gym,flight_78,60,0,350,ok,True,22,22,817.3535516155584,881.2021293498283,906.2568001043387,910.7784854072523,93.69390817707058,180.6146191569234,HIT,True,577.779188629385
2026_07_21_gym,flight_78,60,0,400,ok,True,25,25,849.8547496844822,878.9837155898249,906.2568001043387,910.7784854072523,64.74641827396505,114.79521376968829,HIT,True,576.3425550223735
2026_07_21_gym,flight_78,60,0,450,ok,True,28,28,918.081362095225,875.6754422790098,906.2568001043387,910.7784854072523,37.04111098684233,96.1767346906437,HIT,True,575.9705734412701
2026_07_21_gym,flight_78,60,0,490,ok,True,30,30,922.1955640203105,876.7827150315084,906.2568001043387,910.7784854072523,37.5467255377802,98.90975452728115,HIT,True,576.0630175172753
2026_07_21_gym,flight_78,60,0,500,ok,True,31,31,918.4345690398972,885.8133231078876,906.2568001043387,910.7784854072523,27.77692180356694,82.22240994300157,HIT,True,575.2853538328619
2026_07_21_gym,flight_78,60,0,550,ok,True,33,33,926.8979132859453,891.9674298850334,906.2568001043387,910.7784854072523,27.92689318982501,83.88299484707198,HIT,True,574.564258935773
2026_07_21_gym,flight_78,60,0,600,ok,False,36,36,926.9987648989014,903.8330254217116,906.2568001043387,910.7784854072523,21.873923240919236,72.85659716510902,HIT,True,573.6078641563385
2026_07_21_gym,flight_78,60,0,650,ok,False,39,39,929.7186636913573,903.764009606459,906.2568001043387,910.7784854072523,24.487995298427002,60.902482744075314,HIT,True,573.6260374268982
2026_07_21_gym,flight_78,60,0,700,ok,False,42,42,906.3610378774973,911.7348900273994,906.2568001043387,910.7784854072523,0.9620682464314572,61.76854126466605,HIT,True,571.2050865846383
2026_07_21_gym,flight_78,60,0,750,ok,False,42,42,906.3610378774973,911.7348900273994,906.2568001043387,910.7784854072523,0.9620682464314572,61.76854126466605,HIT,True,571.2050865846383
2026_07_21_gym,flight_78,60,0,800,ok,False,42,42,906.3610378774973,911.7348900273994,906.2568001043387,910.7784854072523,0.9620682464314572,61.76854126466605,HIT,True,571.2050865846383
2026_07_21_gym,flight_78,60,0,850,ok,False,42,42,906.3610378774973,911.7348900273994,906.2568001043387,910.7784854072523,0.9620682464314572,61.76854126466605,HIT,True,571.2050865846383
2026_07_21_gym,flight_78,60,0,900,ok,False,42,42,906.3610378774973,911.7348900273994,906.2568001043387,910.7784854072523,0.9620682464314572,61.76854126466605,HIT,True,571.2050865846383
2026_07_21_gym,flight_78,60,0,950,ok,False,42,42,906.3610378774973,911.7348900273994,906.2568001043387,910.7784854072523,0.9620682464314572,61.76854126466605,HIT,True,571.2050865846383
2026_07_21_gym,flight_78,60,0,1000,ok,False,42,42,906.3610378774973,911.7348900273994,906.2568001043387,910.7784854072523,0.9620682464314572,61.76854126466605,HIT,True,571.2050865846383
2026_07_21_gym,flight_78,60,0,1050,ok,False,42,42,906.3610378774973,911.7348900273994,906.2568001043387,910.7784854072523,0.9620682464314572,61.76854126466605,HIT,True,571.2050865846383
2026_07_21_gym,flight_78,60,0,1100,ok,False,42,42,906.3610378774973,911.7348900273994,906.2568001043387,910.7784854072523,0.9620682464314572,61.76854126466605,HIT,True,571.2050865846383
2026_07_21_gym,flight_78,60,0,1150,ok,False,42,42,906.3610378774973,911.7348900273994,906.2568001043387,910.7784854072523,0.9620682464314572,61.76854126466605,HIT,True,571.2050865846383
2026_07_21_gym,flight_78,60,0,1200,ok,False,42,42,906.3610378774973,911.7348900273994,906.2568001043387,910.7784854072523,0.9620682464314572,61.76854126466605,HIT,True,571.2050865846383
2026_07_21_gym,flight_78,60,0,1250,ok,False,42,42,906.3610378774973,911.7348900273994,906.2568001043387,910.7784854072523,0.9620682464314572,61.76854126466605,HIT,True,571.2050865846383
2026_07_21_gym,flight_79,60,0,150,ok,True,10,10,1068.7720087717082,569.2135864275915,778.0715795667869,637.5441055855092,298.62317289238626,685.7262756238462,HIT,True,501.3597370196375
2026_07_21_gym,flight_79,60,0,200,ok,True,13,13,771.0115967784676,553.4581010764011,778.0715795667869,637.5441055855092,84.38186719477775,230.44170825527016,HIT,True,514.6934062669841
2026_07_21_gym,flight_79,60,0,250,ok,True,16,16,783.3051273151344,553.0410844522033,778.0715795667869,637.5441055855092,84.6649313629331,252.33951115334867,HIT,True,516.5116704305659
2026_07_21_gym,flight_79,60,0,300,ok,True,19,19,776.6978959995294,570.8621846744018,778.0715795667869,637.5441055855092,66.69606872176308,211.77358630903564,HIT,True,515.3681661784774
2026_07_21_gym,flight_79,60,0,350,ok,True,22,22,804.625150146192,588.5675998804467,778.0715795667869,637.5441055855092,55.71167042544563,177.69026275934007,HIT,True,513.7710647655757
2026_07_21_gym,flight_79,60,0,400,ok,True,24,24,815.3656019429852,598.7719212025511,778.0715795667869,637.5441055855092,53.79708530043689,165.01001413193265,HIT,True,512.8224803441744
2026_07_21_gym,flight_79,60,0,450,ok,True,27,27,826.0813186760538,602.6941653585835,778.0715795667869,637.5441055855092,59.32498110543454,176.10889264855007,HIT,True,512.7093778679447
2026_07_21_gym,flight_79,60,0,490,ok,True,29,29,823.237133430806,610.0016580851026,778.0715795667869,637.5441055855092,52.90097986007695,161.61723566133435,HIT,True,512.4510648644538
2026_07_21_gym,flight_79,60,0,500,ok,False,30,30,784.0056018510071,630.6248418639238,778.0715795667869,637.5441055855092,9.11530750542565,39.776931655338224,HIT,True,509.266721316593
2026_07_21_gym,flight_79,60,0,550,ok,False,32,32,795.8708435831948,636.0935411833105,778.0715795667869,637.5441055855092,17.858273617870154,51.94013437662471,HIT,True,508.7275434088052
2026_07_21_gym,flight_79,60,0,600,ok,False,32,32,795.8708435831948,636.0935411833105,778.0715795667869,637.5441055855092,17.858273617870154,51.94013437662471,HIT,True,508.7275434088052
2026_07_21_gym,flight_79,60,0,650,ok,False,32,32,795.8708435831948,636.0935411833105,778.0715795667869,637.5441055855092,17.858273617870154,51.94013437662471,HIT,True,508.7275434088052
2026_07_21_gym,flight_79,60,0,700,ok,False,32,32,795.8708435831948,636.0935411833105,778.0715795667869,637.5441055855092,17.858273617870154,51.94013437662471,HIT,True,508.7275434088052
2026_07_21_gym,flight_79,60,0,750,ok,False,32,32,795.8708435831948,636.0935411833105,778.0715795667869,637.5441055855092,17.858273617870154,51.94013437662471,HIT,True,508.7275434088052
2026_07_21_gym,flight_79,60,0,800,ok,False,32,32,795.8708435831948,636.0935411833105,778.0715795667869,637.5441055855092,17.858273617870154,51.94013437662471,HIT,True,508.7275434088052
2026_07_21_gym,flight_79,60,0,850,ok,False,32,32,795.8708435831948,636.0935411833105,778.0715795667869,637.5441055855092,17.858273617870154,51.94013437662471,HIT,True,508.7275434088052
2026_07_21_gym,flight_79,60,0,900,ok,False,32,32,795.8708435831948,636.0935411833105,778.0715795667869,637.5441055855092,17.858273617870154,51.94013437662471,HIT,True,508.7275434088052
2026_07_21_gym,flight_79,60,0,950,ok,False,32,32,795.8708435831948,636.0935411833105,778.0715795667869,637.5441055855092,17.858273617870154,51.94013437662471,HIT,True,508.7275434088052
2026_07_21_gym,flight_79,60,0,1000,ok,False,32,32,795.8708435831948,636.0935411833105,778.0715795667869,637.5441055855092,17.858273617870154,51.94013437662471,HIT,True,508.7275434088052
2026_07_21_gym,flight_79,60,0,1050,ok,False,32,32,795.8708435831948,636.0935411833105,778.0715795667869,637.5441055855092,17.858273617870154,51.94013437662471,HIT,True,508.7275434088052
2026_07_21_gym,flight_79,60,0,1100,ok,False,32,32,795.8708435831948,636.0935411833105,778.0715795667869,637.5441055855092,17.858273617870154,51.94013437662471,HIT,True,508.7275434088052
2026_07_21_gym,flight_79,60,0,1150,ok,False,32,32,795.8708435831948,636.0935411833105,778.0715795667869,637.5441055855092,17.858273617870154,51.94013437662471,HIT,True,508.7275434088052
2026_07_21_gym,flight_79,60,0,1200,ok,False,32,32,795.8708435831948,636.0935411833105,778.0715795667869,637.5441055855092,17.858273617870154,51.94013437662471,HIT,True,508.7275434088052
2026_07_21_gym,flight_79,60,0,1250,ok,False,32,32,795.8708435831948,636.0935411833105,778.0715795667869,637.5441055855092,17.858273617870154,51.94013437662471,HIT,True,508.7275434088052
2026_07_21_gym,flight_82,60,0,150,ok,True,10,10,671.6836050548042,400.80454962245705,915.9400529689351,560.9864806235842,292.0949560791463,785.9495821077579,HIT,True,567.8930265800666
2026_07_21_gym,flight_82,60,0,200,ok,True,13,13,737.9221270411759,450.66201689756224,915.9400529689351,560.9864806235842,209.43225455515557,585.5393860932963,HIT,True,558.0254996800204
2026_07_21_gym,flight_82,60,0,250,ok,True,16,16,874.1407348843702,489.7163518552119,915.9400529689351,560.9864806235842,82.62332749892732,269.8144637608843,HIT,True,547.4270922359195
2026_07_21_gym,flight_82,60,0,300,ok,True,19,19,843.3625915835077,503.93048825475955,915.9400529689351,560.9864806235842,92.3194138106638,252.86562109204456,HIT,True,544.4472536285825
2026_07_21_gym,flight_82,60,0,350,ok,True,22,22,860.4803125577649,529.2913267961642,915.9400529689351,560.9864806235842,63.8777393355322,177.574168547594,HIT,True,541.6264543170487
2026_07_21_gym,flight_82,60,0,400,ok,True,25,25,871.5575740729588,541.0036145927081,915.9400529689351,560.9864806235842,48.67360031639042,127.67996759102297,HIT,True,539.3930809518783
2026_07_21_gym,flight_82,60,0,450,ok,True,28,28,895.8228605238851,541.6389472855066,915.9400529689351,560.9864806235842,27.91108163685531,71.56891237749346,HIT,True,538.0777138506886
2026_07_21_gym,flight_82,60,0,490,ok,True,30,30,899.1144316147787,545.3725945504472,915.9400529689351,560.9864806235842,22.954192912371045,56.36267690369476,HIT,True,537.5478699210339
2026_07_21_gym,flight_82,60,0,500,ok,True,31,31,917.2902295853156,549.3191424338306,915.9400529689351,560.9864806235842,11.745201459723969,27.166385806144962,HIT,True,536.9424125865634
2026_07_21_gym,flight_82,60,0,550,ok,False,34,34,917.9365895212661,555.6787466681748,915.9400529689351,560.9864806235842,5.670819865433885,10.8209512606628,HIT,True,536.3287816081789
2026_07_21_gym,flight_82,60,0,600,ok,False,35,35,920.9976106105219,557.8829152474005,915.9400529689351,560.9864806235842,5.933886360743546,26.073365999813305,HIT,True,535.9710558134218
2026_07_21_gym,flight_82,60,0,650,ok,False,35,35,920.9976106105219,557.8829152474005,915.9400529689351,560.9864806235842,5.933886360743546,26.073365999813305,HIT,True,535.9710558134218
2026_07_21_gym,flight_82,60,0,700,ok,False,35,35,920.9976106105219,557.8829152474005,915.9400529689351,560.9864806235842,5.933886360743546,26.073365999813305,HIT,True,535.9710558134218
2026_07_21_gym,flight_82,60,0,750,ok,False,35,35,920.9976106105219,557.8829152474005,915.9400529689351,560.9864806235842,5.933886360743546,26.073365999813305,HIT,True,535.9710558134218
2026_07_21_gym,flight_82,60,0,800,ok,False,35,35,920.9976106105219,557.8829152474005,915.9400529689351,560.9864806235842,5.933886360743546,26.073365999813305,HIT,True,535.9710558134218
2026_07_21_gym,flight_82,60,0,850,ok,False,35,35,920.9976106105219,557.8829152474005,915.9400529689351,560.9864806235842,5.933886360743546,26.073365999813305,HIT,True,535.9710558134218
2026_07_21_gym,flight_82,60,0,900,ok,False,35,35,920.9976106105219,557.8829152474005,915.9400529689351,560.9864806235842,5.933886360743546,26.073365999813305,HIT,True,535.9710558134218
2026_07_21_gym,flight_82,60,0,950,ok,False,35,35,920.9976106105219,557.8829152474005,915.9400529689351,560.9864806235842,5.933886360743546,26.073365999813305,HIT,True,535.9710558134218
2026_07_21_gym,flight_82,60,0,1000,ok,False,35,35,920.9976106105219,557.8829152474005,915.9400529689351,560.9864806235842,5.933886360743546,26.073365999813305,HIT,True,535.9710558134218
2026_07_21_gym,flight_82,60,0,1050,ok,False,35,35,920.9976106105219,557.8829152474005,915.9400529689351,560.9864806235842,5.933886360743546,26.073365999813305,HIT,True,535.9710558134218
2026_07_21_gym,flight_82,60,0,1100,ok,False,35,35,920.9976106105219,557.8829152474005,915.9400529689351,560.9864806235842,5.933886360743546,26.073365999813305,HIT,True,535.9710558134218
2026_07_21_gym,flight_82,60,0,1150,ok,False,35,35,920.9976106105219,557.8829152474005,915.9400529689351,560.9864806235842,5.933886360743546,26.073365999813305,HIT,True,535.9710558134218
2026_07_21_gym,flight_82,60,0,1200,ok,False,35,35,920.9976106105219,557.8829152474005,915.9400529689351,560.9864806235842,5.933886360743546,26.073365999813305,HIT,True,535.9710558134218
2026_07_21_gym,flight_82,60,0,1250,ok,False,35,35,920.9976106105219,557.8829152474005,915.9400529689351,560.9864806235842,5.933886360743546,26.073365999813305,HIT,True,535.9710558134218
2026_07_21_gym,flight_83,60,0,150,ok,True,10,10,375.88795023134065,807.1689977495171,660.0391917671415,856.1105874478712,288.3352341780988,616.6094563449192,HIT,True,572.4089372819631
2026_07_21_gym,flight_83,60,0,200,ok,True,13,13,571.6638833173564,817.0063522727027,660.0391917671415,856.1105874478712,96.6402418883021,251.54110247917,HIT,True,561.1002379469364
2026_07_21_gym,flight_83,60,0,250,ok,True,16,16,589.7974900723403,817.7392130986107,660.0391917671415,856.1105874478712,80.03910935556766,201.3675229854976,HIT,True,558.2582121488662
2026_07_21_gym,flight_83,60,0,300,ok,True,19,19,591.9676116243573,813.1805488562311,660.0391917671415,856.1105874478712,80.47812272049586,196.19740801886513,HIT,True,557.5542552723392
2026_07_21_gym,flight_83,60,0,350,ok,True,22,22,626.2403391815253,811.6990675264576,660.0391917671415,856.1105874478712,55.809905373816314,158.26429010245081,HIT,True,557.9949835869359
2026_07_21_gym,flight_83,60,0,400,ok,True,25,25,631.8994373856309,818.4894449030909,660.0391917671415,856.1105874478712,46.980806112990706,125.6682079905992,HIT,True,556.2626277782446
2026_07_21_gym,flight_83,60,0,450,ok,True,28,28,658.8889721505861,827.3952922982337,660.0391917671415,856.1105874478712,28.738322510144986,88.94208572501584,HIT,True,555.950980992867
2026_07_21_gym,flight_83,60,0,490,ok,True,30,30,673.5214972795247,832.1864300200624,660.0391917671415,856.1105874478712,27.461570795564867,76.91359274613478,HIT,True,555.4970143961635
2026_07_21_gym,flight_83,60,0,500,ok,True,31,31,656.8748044160118,834.0991794949837,660.0391917671415,856.1105874478712,22.237702834969973,65.96301433365602,HIT,True,554.8991404265763
2026_07_21_gym,flight_83,60,0,550,ok,True,33,33,671.1122881757003,840.1403955916385,660.0391917671415,856.1105874478712,19.433488930146385,50.27139916952695,HIT,True,554.4130283786558
2026_07_21_gym,flight_83,60,0,600,ok,False,36,36,669.7744824147337,851.0478475791349,660.0391917671415,856.1105874478712,10.973022326213943,14.699850941741001,HIT,True,552.8361540555802
2026_07_21_gym,flight_83,60,0,650,ok,False,39,39,666.1114720402367,852.4985126468123,660.0391917671415,856.1105874478712,7.065385487251649,11.753312470002713,HIT,True,552.4129723742784
2026_07_21_gym,flight_83,60,0,700,ok,False,40,40,678.6207743578146,851.7182278000831,660.0391917671415,856.1105874478712,19.093664783103474,35.0054164516141,HIT,True,552.8033111666558
2026_07_21_gym,flight_83,60,0,750,ok,False,40,40,678.6207743578146,851.7182278000831,660.0391917671415,856.1105874478712,19.093664783103474,35.0054164516141,HIT,True,552.8033111666558
2026_07_21_gym,flight_83,60,0,800,ok,False,40,40,678.6207743578146,851.7182278000831,660.0391917671415,856.1105874478712,19.093664783103474,35.0054164516141,HIT,True,552.8033111666558
2026_07_21_gym,flight_83,60,0,850,ok,False,40,40,678.6207743578146,851.7182278000831,660.0391917671415,856.1105874478712,19.093664783103474,35.0054164516141,HIT,True,552.8033111666558
2026_07_21_gym,flight_83,60,0,900,ok,False,40,40,678.6207743578146,851.7182278000831,660.0391917671415,856.1105874478712,19.093664783103474,35.0054164516141,HIT,True,552.8033111666558
2026_07_21_gym,flight_83,60,0,950,ok,False,40,40,678.6207743578146,851.7182278000831,660.0391917671415,856.1105874478712,19.093664783103474,35.0054164516141,HIT,True,552.8033111666558
2026_07_21_gym,flight_83,60,0,1000,ok,False,40,40,678.6207743578146,851.7182278000831,660.0391917671415,856.1105874478712,19.093664783103474,35.0054164516141,HIT,True,552.8033111666558
2026_07_21_gym,flight_83,60,0,1050,ok,False,40,40,678.6207743578146,851.7182278000831,660.0391917671415,856.1105874478712,19.093664783103474,35.0054164516141,HIT,True,552.8033111666558
2026_07_21_gym,flight_83,60,0,1100,ok,False,40,40,678.6207743578146,851.7182278000831,660.0391917671415,856.1105874478712,19.093664783103474,35.0054164516141,HIT,True,552.8033111666558
2026_07_21_gym,flight_83,60,0,1150,ok,False,40,40,678.6207743578146,851.7182278000831,660.0391917671415,856.1105874478712,19.093664783103474,35.0054164516141,HIT,True,552.8033111666558
2026_07_21_gym,flight_83,60,0,1200,ok,False,40,40,678.6207743578146,851.7182278000831,660.0391917671415,856.1105874478712,19.093664783103474,35.0054164516141,HIT,True,552.8033111666558
2026_07_21_gym,flight_83,60,0,1250,ok,False,40,40,678.6207743578146,851.7182278000831,660.0391917671415,856.1105874478712,19.093664783103474,35.0054164516141,HIT,True,552.8033111666558
2026_07_21_gym,flight_85,60,0,150,ok,True,10,10,101.19070500380835,1191.6277404996308,158.19724692733155,1240.7067893735875,75.22299422683625,363.76895516464293,HIT,True,549.5522660927732
2026_07_21_gym,flight_85,60,0,200,ok,True,13,13,17.391696358395862,1248.9510169868736,158.19724692733155,1240.7067893735875,141.04669567189717,447.14072612003525,HIT,True,548.5616243757893
2026_07_21_gym,flight_85,60,0,250,ok,True,16,16,3.140219396751935,1233.7404969756678,158.19724692733155,1240.7067893735875,155.21343697113414,458.8159168862076,HIT,True,547.1467986849451
2026_07_21_gym,flight_85,60,0,300,ok,True,19,19,58.84641190061497,1215.9291668863143,158.19724692733155,1240.7067893735875,102.39394023392049,368.86971729253054,HIT,True,546.5864714583632
2026_07_21_gym,flight_85,60,0,350,ok,True,22,22,68.97253652034372,1223.0498110687704,158.19724692733155,1240.7067893735875,90.9550319117509,321.7235099558691,HIT,True,543.0352122626823
2026_07_21_gym,flight_85,60,0,400,ok,True,25,25,65.18269039842188,1229.3766857895484,158.19724692733155,1240.7067893735875,93.70207560932035,313.31453997236326,HIT,True,541.1710455097985
2026_07_21_gym,flight_85,60,0,450,ok,True,28,28,57.54804395452445,1235.6531807759625,158.19724692733155,1240.7067893735875,100.77599425914542,310.6735646470688,HIT,True,539.7744562496646
2026_07_21_gym,flight_85,60,0,490,ok,True,30,30,83.95562428298813,1232.1420808634016,158.19724692733155,1240.7067893735875,74.73401343919339,215.3849849998081,HIT,True,538.149378575824
2026_07_21_gym,flight_85,60,0,500,ok,True,31,31,79.14757467389893,1232.1767592921806,158.19724692733155,1240.7067893735875,79.50856618355547,257.4209244267422,HIT,True,538.341738925654
2026_07_21_gym,flight_85,60,0,550,ok,False,34,34,121.86154153748805,1235.469207909122,158.19724692733155,1240.7067893735875,36.711248218691985,166.83287292039986,HIT,True,536.9005073718855
2026_07_21_gym,flight_85,60,0,600,ok,False,37,37,178.11957070543676,1230.019865481346,158.19724692733155,1240.7067893735875,22.607727152418924,63.078503464510725,HIT,True,536.8468494461049
2026_07_21_gym,flight_85,60,0,650,ok,False,39,39,173.8260803526092,1233.069081873839,158.19724692733155,1240.7067893735875,17.395258264446426,80.39899836386414,HIT,True,536.5283202894004
2026_07_21_gym,flight_85,60,0,700,ok,False,40,40,176.72078432565056,1232.241988690594,158.19724692733155,1240.7067893735875,20.366008159424098,55.63286860247026,HIT,True,535.8968580486072
2026_07_21_gym,flight_85,60,0,750,ok,False,40,40,176.72078432565056,1232.241988690594,158.19724692733155,1240.7067893735875,20.366008159424098,55.63286860247026,HIT,True,535.8968580486072
2026_07_21_gym,flight_85,60,0,800,ok,False,40,40,176.72078432565056,1232.241988690594,158.19724692733155,1240.7067893735875,20.366008159424098,55.63286860247026,HIT,True,535.8968580486072
2026_07_21_gym,flight_85,60,0,850,ok,False,40,40,176.72078432565056,1232.241988690594,158.19724692733155,1240.7067893735875,20.366008159424098,55.63286860247026,HIT,True,535.8968580486072
2026_07_21_gym,flight_85,60,0,900,ok,False,40,40,176.72078432565056,1232.241988690594,158.19724692733155,1240.7067893735875,20.366008159424098,55.63286860247026,HIT,True,535.8968580486072
2026_07_21_gym,flight_85,60,0,950,ok,False,40,40,176.72078432565056,1232.241988690594,158.19724692733155,1240.7067893735875,20.366008159424098,55.63286860247026,HIT,True,535.8968580486072
2026_07_21_gym,flight_85,60,0,1000,ok,False,40,40,176.72078432565056,1232.241988690594,158.19724692733155,1240.7067893735875,20.366008159424098,55.63286860247026,HIT,True,535.8968580486072
2026_07_21_gym,flight_85,60,0,1050,ok,False,40,40,176.72078432565056,1232.241988690594,158.19724692733155,1240.7067893735875,20.366008159424098,55.63286860247026,HIT,True,535.8968580486072
2026_07_21_gym,flight_85,60,0,1100,ok,False,40,40,176.72078432565056,1232.241988690594,158.19724692733155,1240.7067893735875,20.366008159424098,55.63286860247026,HIT,True,535.8968580486072
2026_07_21_gym,flight_85,60,0,1150,ok,False,40,40,176.72078432565056,1232.241988690594,158.19724692733155,1240.7067893735875,20.366008159424098,55.63286860247026,HIT,True,535.8968580486072
2026_07_21_gym,flight_85,60,0,1200,ok,False,40,40,176.72078432565056,1232.241988690594,158.19724692733155,1240.7067893735875,20.366008159424098,55.63286860247026,HIT,True,535.8968580486072
2026_07_21_gym,flight_85,60,0,1250,ok,False,40,40,176.72078432565056,1232.241988690594,158.19724692733155,1240.7067893735875,20.366008159424098,55.63286860247026,HIT,True,535.8968580486072
2026_07_21_gym,flight_86,60,0,150,ok,True,10,10,501.22088821723696,344.22795253168454,612.0491670081335,441.98942473923984,147.784345679579,452.7858642385221,HIT,True,523.0892002000824
2026_07_21_gym,flight_86,60,0,200,ok,True,13,13,528.4653294313009,368.54372950396424,612.0491670081335,441.98942473923984,111.26782128119214,357.1972178106749,HIT,True,518.9760744070385
2026_07_21_gym,flight_86,60,0,250,ok,True,16,16,587.4878772309064,397.5337969903503,612.0491670081335,441.98942473923984,50.78936693904303,226.51035421670966,HIT,True,514.7835417485135
2026_07_21_gym,flight_86,60,0,300,ok,True,19,19,633.8414527380572,426.1027789017172,612.0491670081335,441.98942473923984,26.968300526757556,116.67151128200139,HIT,True,510.11138443070257
2026_07_21_gym,flight_86,60,0,350,ok,True,22,22,626.9618257946344,448.9487344664148,612.0491670081335,441.98942473923984,16.45659089730778,82.58050526824266,HIT,True,508.18519065349767
2026_07_21_gym,flight_86,60,0,400,ok,True,25,25,611.538164608273,449.1892030906372,612.0491670081335,441.98942473923984,7.217889702808798,68.69272544107547,HIT,True,507.77032295667647
2026_07_21_gym,flight_86,60,0,450,ok,True,28,28,596.0286101023943,451.78563930867494,612.0491670081335,441.98942473923984,18.778287021462887,54.86240279644131,HIT,True,505.76584284900173
2026_07_21_gym,flight_86,60,0,490,ok,True,30,30,573.2457029874822,457.2311456877341,612.0491670081335,441.98942473923984,41.689553577290184,117.39697284883297,HIT,True,503.6161852610074
2026_07_21_gym,flight_86,60,0,500,ok,True,31,31,586.2784099120718,458.87993160622756,612.0491670081335,441.98942473923984,30.812678292027393,78.88914721199338,HIT,True,504.5608241838136
2026_07_21_gym,flight_86,60,0,550,ok,False,32,32,613.4383092583818,459.04785015001676,612.0491670081335,441.98942473923984,17.1148939139705,54.719119546827955,HIT,True,504.05164076442765
2026_07_21_gym,flight_86,60,0,600,ok,False,32,32,613.4383092583818,459.04785015001676,612.0491670081335,441.98942473923984,17.1148939139705,54.719119546827955,HIT,True,504.05164076442765
2026_07_21_gym,flight_86,60,0,650,ok,False,32,32,613.4383092583818,459.04785015001676,612.0491670081335,441.98942473923984,17.1148939139705,54.719119546827955,HIT,True,504.05164076442765
2026_07_21_gym,flight_86,60,0,700,ok,False,32,32,613.4383092583818,459.04785015001676,612.0491670081335,441.98942473923984,17.1148939139705,54.719119546827955,HIT,True,504.05164076442765
2026_07_21_gym,flight_86,60,0,750,ok,False,32,32,613.4383092583818,459.04785015001676,612.0491670081335,441.98942473923984,17.1148939139705,54.719119546827955,HIT,True,504.05164076442765
2026_07_21_gym,flight_86,60,0,800,ok,False,32,32,613.4383092583818,459.04785015001676,612.0491670081335,441.98942473923984,17.1148939139705,54.719119546827955,HIT,True,504.05164076442765
2026_07_21_gym,flight_86,60,0,850,ok,False,32,32,613.4383092583818,459.04785015001676,612.0491670081335,441.98942473923984,17.1148939139705,54.719119546827955,HIT,True,504.05164076442765
2026_07_21_gym,flight_86,60,0,900,ok,False,32,32,613.4383092583818,459.04785015001676,612.0491670081335,441.98942473923984,17.1148939139705,54.719119546827955,HIT,True,504.05164076442765
2026_07_21_gym,flight_86,60,0,950,ok,False,32,32,613.4383092583818,459.04785015001676,612.0491670081335,441.98942473923984,17.1148939139705,54.719119546827955,HIT,True,504.05164076442765
2026_07_21_gym,flight_86,60,0,1000,ok,False,32,32,613.4383092583818,459.04785015001676,612.0491670081335,441.98942473923984,17.1148939139705,54.719119546827955,HIT,True,504.05164076442765
2026_07_21_gym,flight_86,60,0,1050,ok,False,32,32,613.4383092583818,459.04785015001676,612.0491670081335,441.98942473923984,17.1148939139705,54.719119546827955,HIT,True,504.05164076442765
2026_07_21_gym,flight_86,60,0,1100,ok,False,32,32,613.4383092583818,459.04785015001676,612.0491670081335,441.98942473923984,17.1148939139705,54.719119546827955,HIT,True,504.05164076442765
2026_07_21_gym,flight_86,60,0,1150,ok,False,32,32,613.4383092583818,459.04785015001676,612.0491670081335,441.98942473923984,17.1148939139705,54.719119546827955,HIT,True,504.05164076442765
2026_07_21_gym,flight_86,60,0,1200,ok,False,32,32,613.4383092583818,459.04785015001676,612.0491670081335,441.98942473923984,17.1148939139705,54.719119546827955,HIT,True,504.05164076442765
2026_07_21_gym,flight_86,60,0,1250,ok,False,32,32,613.4383092583818,459.04785015001676,612.0491670081335,441.98942473923984,17.1148939139705,54.719119546827955,HIT,True,504.05164076442765
2026_07_21_gym,flight_87,60,0,150,ok,True,10,10,753.1334691836802,1001.3975341647856,1042.5757845910155,993.5856779541552,289.5477146271663,612.1517288966534,HIT,True,558.211196417
2026_07_21_gym,flight_87,60,0,200,ok,True,13,13,1045.2155230123792,949.0711738203988,1042.5757845910155,993.5856779541552,44.59270452896349,167.97282943112242,HIT,True,553.1187297520119
2026_07_21_gym,flight_87,60,0,250,ok,True,16,16,974.1368198612855,961.1377075074738,1042.5757845910155,993.5856779541552,75.7414198400448,249.74447982130653,HIT,True,552.9291972144348
2026_07_21_gym,flight_87,60,0,300,ok,True,19,19,1015.911193608754,966.6413299985312,1042.5757845910155,993.5856779541552,37.90776040608358,125.85042465629326,HIT,True,550.7397378859185
2026_07_21_gym,flight_87,60,0,350,ok,True,22,22,994.7512712619349,978.4223226262254,1042.5757845910155,993.5856779541552,50.17082239673236,186.61379781122446,HIT,True,550.5516971564301
2026_07_21_gym,flight_87,60,0,400,ok,True,25,25,1020.3998465455682,969.8905240631245,1042.5757845910155,993.5856779541552,32.453544430695786,145.1334546018188,HIT,True,550.5816774795546
2026_07_21_gym,flight_87,60,0,450,ok,True,28,28,1015.70891147121,974.3120525050267,1042.5757845910155,993.5856779541552,33.06511014935567,146.96483164439147,HIT,True,549.798699266939
2026_07_21_gym,flight_87,60,0,490,ok,True,30,30,1013.5414535159223,975.3154556822661,1042.5757845910155,993.5856779541552,34.304422496849504,147.30941971425264,HIT,True,549.4490595567729
2026_07_21_gym,flight_87,60,0,500,ok,True,31,31,1009.4775982916497,981.9106665085275,1042.5757845910155,993.5856779541552,35.09694899222817,145.03026568028983,HIT,True,549.1065271008661
2026_07_21_gym,flight_87,60,0,550,ok,False,34,34,1023.1575150215886,989.2489836506899,1042.5757845910155,993.5856779541552,19.89663565914198,109.34205496235795,HIT,True,548.4788816705392
2026_07_21_gym,flight_87,60,0,600,ok,False,36,36,1018.0563201730603,997.2712578553668,1042.5757845910155,993.5856779541552,24.794911464887008,92.62700647120027,HIT,True,546.8491378525295
2026_07_21_gym,flight_87,60,0,650,ok,False,38,38,1070.4766428386201,983.5391056994332,1042.5757845910155,993.5856779541552,29.654535994047865,61.066112455044994,HIT,True,549.2800294378408
2026_07_21_gym,flight_87,60,0,700,ok,False,40,40,1050.7049327554817,985.6775487687977,1042.5757845910155,993.5856779541552,11.341144434850827,56.88361531742225,HIT,True,548.2369630816083
2026_07_21_gym,flight_87,60,0,750,ok,False,40,40,1050.7049327554817,985.6775487687977,1042.5757845910155,993.5856779541552,11.341144434850827,56.88361531742225,HIT,True,548.2369630816083
2026_07_21_gym,flight_87,60,0,800,ok,False,40,40,1050.7049327554817,985.6775487687977,1042.5757845910155,993.5856779541552,11.341144434850827,56.88361531742225,HIT,True,548.2369630816083
2026_07_21_gym,flight_87,60,0,850,ok,False,40,40,1050.7049327554817,985.6775487687977,1042.5757845910155,993.5856779541552,11.341144434850827,56.88361531742225,HIT,True,548.2369630816083
2026_07_21_gym,flight_87,60,0,900,ok,False,40,40,1050.7049327554817,985.6775487687977,1042.5757845910155,993.5856779541552,11.341144434850827,56.88361531742225,HIT,True,548.2369630816083
2026_07_21_gym,flight_87,60,0,950,ok,False,40,40,1050.7049327554817,985.6775487687977,1042.5757845910155,993.5856779541552,11.341144434850827,56.88361531742225,HIT,True,548.2369630816083
2026_07_21_gym,flight_87,60,0,1000,ok,False,40,40,1050.7049327554817,985.6775487687977,1042.5757845910155,993.5856779541552,11.341144434850827,56.88361531742225,HIT,True,548.2369630816083
2026_07_21_gym,flight_87,60,0,1050,ok,False,40,40,1050.7049327554817,985.6775487687977,1042.5757845910155,993.5856779541552,11.341144434850827,56.88361531742225,HIT,True,548.2369630816083
2026_07_21_gym,flight_87,60,0,1100,ok,False,40,40,1050.7049327554817,985.6775487687977,1042.5757845910155,993.5856779541552,11.341144434850827,56.88361531742225,HIT,True,548.2369630816083
2026_07_21_gym,flight_87,60,0,1150,ok,False,40,40,1050.7049327554817,985.6775487687977,1042.5757845910155,993.5856779541552,11.341144434850827,56.88361531742225,HIT,True,548.2369630816083
2026_07_21_gym,flight_87,60,0,1200,ok,False,40,40,1050.7049327554817,985.6775487687977,1042.5757845910155,993.5856779541552,11.341144434850827,56.88361531742225,HIT,True,548.2369630816083
2026_07_21_gym,flight_87,60,0,1250,ok,False,40,40,1050.7049327554817,985.6775487687977,1042.5757845910155,993.5856779541552,11.341144434850827,56.88361531742225,HIT,True,548.2369630816083
2026_07_21_gym,flight_88,60,0,150,fit_failed,True,10,10,,,,,,,,,
2026_07_21_gym,flight_88,60,0,200,ok,True,13,13,2184.0124945696894,1220.6603536710456,2083.989622278325,1265.817554080348,109.7440099969947,231.27753691015283,MISS_HIGH_WIDE,True,610.8856077991578
2026_07_21_gym,flight_88,60,0,250,ok,True,16,16,2216.1237424286114,1240.1374016600212,2083.989622278325,1265.817554080348,134.60644834561808,426.43961470923284,MISS_HIGH_WIDE,True,604.1818728229738
2026_07_21_gym,flight_88,60,0,300,ok,True,19,19,2234.330821748131,1219.716130196817,2083.989622278325,1265.817554080348,157.25081094261148,442.17655088207715,MISS_HIGH_WIDE,True,606.655530600224
2026_07_21_gym,flight_88,60,0,350,ok,True,22,22,2190.741421578655,1222.5595229539083,2083.989622278325,1265.817554080348,115.18334910391309,359.68567655840155,MISS_HIGH_WIDE,True,607.6326388176487
2026_07_21_gym,flight_88,60,0,400,ok,True,25,25,2213.9141481919364,1223.5557168769983,2083.989622278325,1265.817554080348,136.62520015604412,440.3758623085554,MISS_HIGH_WIDE,True,606.7816470161862
2026_07_21_gym,flight_88,60,0,450,ok,True,28,28,2150.315055429925,1220.658220622187,2083.989622278325,1265.817554080348,80.23981855122018,247.22300866252723,MISS_HIGH_WIDE,True,609.9155571389784
2026_07_21_gym,flight_88,60,0,490,ok,True,28,28,2150.315055429925,1220.658220622187,2083.989622278325,1265.817554080348,80.23981855122018,247.22300866252723,MISS_HIGH_WIDE,True,609.9155571389784
2026_07_21_gym,flight_88,60,0,500,ok,True,29,29,2019.4365719506006,1262.0053483693819,2083.989622278325,1265.817554080348,64.66551800609375,130.46750897381642,MISS_HIGH_WIDE,True,611.2283907186885
2026_07_21_gym,flight_88,60,0,550,ok,True,31,31,1996.9598639870999,1273.0228738082274,2083.989622278325,1265.817554080348,87.32751834679624,172.9519820270909,HIT,False,610.9200552470439
2026_07_21_gym,flight_88,60,0,600,ok,True,34,34,2006.7107194832245,1281.165587362627,2083.989622278325,1265.817554080348,78.78826653029336,171.48186208893978,MISS_HIGH_WIDE,True,608.2397124258156
2026_07_21_gym,flight_88,60,0,650,ok,False,37,37,2022.3852620726443,1277.2156425840947,2083.989622278325,1265.817554080348,62.64992911321207,146.66705419157535,MISS_HIGH_WIDE,True,608.5496174513355
2026_07_21_gym,flight_88,60,0,700,ok,False,40,40,2069.081237031761,1281.6803959082854,2083.989622278325,1265.817554080348,21.769007821169424,82.42223269999235,MISS_HIGH_WIDE,True,609.2397068725182
2026_07_21_gym,flight_88,60,0,750,ok,False,40,40,2069.081237031761,1281.6803959082854,2083.989622278325,1265.817554080348,21.769007821169424,82.42223269999235,MISS_HIGH_WIDE,True,609.2397068725182
2026_07_21_gym,flight_88,60,0,800,ok,False,40,40,2069.081237031761,1281.6803959082854,2083.989622278325,1265.817554080348,21.769007821169424,82.42223269999235,MISS_HIGH_WIDE,True,609.2397068725182
2026_07_21_gym,flight_88,60,0,850,ok,False,40,40,2069.081237031761,1281.6803959082854,2083.989622278325,1265.817554080348,21.769007821169424,82.42223269999235,MISS_HIGH_WIDE,True,609.2397068725182
2026_07_21_gym,flight_88,60,0,900,ok,False,40,40,2069.081237031761,1281.6803959082854,2083.989622278325,1265.817554080348,21.769007821169424,82.42223269999235,MISS_HIGH_WIDE,True,609.2397068725182
2026_07_21_gym,flight_88,60,0,950,ok,False,40,40,2069.081237031761,1281.6803959082854,2083.989622278325,1265.817554080348,21.769007821169424,82.42223269999235,MISS_HIGH_WIDE,True,609.2397068725182
2026_07_21_gym,flight_88,60,0,1000,ok,False,40,40,2069.081237031761,1281.6803959082854,2083.989622278325,1265.817554080348,21.769007821169424,82.42223269999235,MISS_HIGH_WIDE,True,609.2397068725182
2026_07_21_gym,flight_88,60,0,1050,ok,False,40,40,2069.081237031761,1281.6803959082854,2083.989622278325,1265.817554080348,21.769007821169424,82.42223269999235,MISS_HIGH_WIDE,True,609.2397068725182
2026_07_21_gym,flight_88,60,0,1100,ok,False,40,40,2069.081237031761,1281.6803959082854,2083.989622278325,1265.817554080348,21.769007821169424,82.42223269999235,MISS_HIGH_WIDE,True,609.2397068725182
2026_07_21_gym,flight_88,60,0,1150,ok,False,40,40,2069.081237031761,1281.6803959082854,2083.989622278325,1265.817554080348,21.769007821169424,82.42223269999235,MISS_HIGH_WIDE,True,609.2397068725182
2026_07_21_gym,flight_88,60,0,1200,ok,False,40,40,2069.081237031761,1281.6803959082854,2083.989622278325,1265.817554080348,21.769007821169424,82.42223269999235,MISS_HIGH_WIDE,True,609.2397068725182
2026_07_21_gym,flight_88,60,0,1250,ok,False,40,40,2069.081237031761,1281.6803959082854,2083.989622278325,1265.817554080348,21.769007821169424,82.42223269999235,MISS_HIGH_WIDE,True,609.2397068725182
2026_07_21_gym,flight_9,60,0,150,ok,True,10,10,663.5854045907481,803.0688083469394,728.30196754341,842.0407113478864,75.54497166536679,199.25385143346605,HIT,True,574.6878623061749
2026_07_21_gym,flight_9,60,0,200,ok,True,13,13,745.622678132117,805.9840383696846,728.30196754341,842.0407113478864,40.00113350337376,73.72591757591239,HIT,True,566.9638699981821
2026_07_21_gym,flight_9,60,0,250,ok,True,16,16,756.2456038594948,794.714369921038,728.30196754341,842.0407113478864,54.96025294170539,107.40708247431631,HIT,True,568.5869493277181
2026_07_21_gym,flight_9,60,0,300,ok,True,19,19,729.1215377682076,799.7098898158371,728.30196754341,842.0407113478864,42.3387546691159,113.84611796015017,HIT,True,570.6784727190255
2026_07_21_gym,flight_9,60,0,350,ok,True,22,22,718.191699099204,810.2495105820593,728.30196754341,842.0407113478864,33.36012551155991,88.40081993677288,HIT,True,569.121749067647
2026_07_21_gym,flight_9,60,0,400,ok,True,25,25,701.8525314270368,818.864609162884,728.30196754341,842.0407113478864,35.1668079780321,83.70505883964827,HIT,True,567.6573612781701
2026_07_21_gym,flight_9,60,0,450,ok,True,28,28,692.8564633975544,824.7805323956029,728.30196754341,842.0407113478864,39.42458042413025,88.90281337103963,HIT,True,566.7362399419824
2026_07_21_gym,flight_9,60,0,490,ok,True,30,30,732.848154017831,820.4696436068126,728.30196754341,842.0407113478864,22.044926285887225,51.64070521974272,HIT,True,567.6562994936261
2026_07_21_gym,flight_9,60,0,500,ok,True,31,31,724.7449104471237,825.6442010124844,728.30196754341,842.0407113478864,16.77790828337029,39.77726866956004,HIT,True,567.025026337248
2026_07_21_gym,flight_9,60,0,550,ok,True,34,34,675.1565610115916,848.4291839292682,728.30196754341,842.0407113478864,53.5280003115688,122.85957240402885,HIT,True,563.9414132734174
2026_07_21_gym,flight_9,60,0,600,ok,False,37,37,711.5733898359587,846.1977548287565,728.30196754341,842.0407113478864,17.237352540807496,42.59580921254186,HIT,True,564.8543382545273
2026_07_21_gym,flight_9,60,0,650,ok,False,40,40,680.0976483454249,854.2145353331846,728.30196754341,842.0407113478864,49.717787357909025,119.25497891038728,HIT,True,562.9056228614102
2026_07_21_gym,flight_9,60,0,700,ok,False,41,41,679.473075827836,854.1742208362507,728.30196754341,842.0407113478864,50.313842217380625,108.22051168061314,HIT,True,562.944255720062
2026_07_21_gym,flight_9,60,0,750,ok,False,41,41,679.473075827836,854.1742208362507,728.30196754341,842.0407113478864,50.313842217380625,108.22051168061314,HIT,True,562.944255720062
2026_07_21_gym,flight_9,60,0,800,ok,False,41,41,679.473075827836,854.1742208362507,728.30196754341,842.0407113478864,50.313842217380625,108.22051168061314,HIT,True,562.944255720062
2026_07_21_gym,flight_9,60,0,850,ok,False,41,41,679.473075827836,854.1742208362507,728.30196754341,842.0407113478864,50.313842217380625,108.22051168061314,HIT,True,562.944255720062
2026_07_21_gym,flight_9,60,0,900,ok,False,41,41,679.473075827836,854.1742208362507,728.30196754341,842.0407113478864,50.313842217380625,108.22051168061314,HIT,True,562.944255720062
2026_07_21_gym,flight_9,60,0,950,ok,False,41,41,679.473075827836,854.1742208362507,728.30196754341,842.0407113478864,50.313842217380625,108.22051168061314,HIT,True,562.944255720062
2026_07_21_gym,flight_9,60,0,1000,ok,False,41,41,679.473075827836,854.1742208362507,728.30196754341,842.0407113478864,50.313842217380625,108.22051168061314,HIT,True,562.944255720062
2026_07_21_gym,flight_9,60,0,1050,ok,False,41,41,679.473075827836,854.1742208362507,728.30196754341,842.0407113478864,50.313842217380625,108.22051168061314,HIT,True,562.944255720062
2026_07_21_gym,flight_9,60,0,1100,ok,False,41,41,679.473075827836,854.1742208362507,728.30196754341,842.0407113478864,50.313842217380625,108.22051168061314,HIT,True,562.944255720062
2026_07_21_gym,flight_9,60,0,1150,ok,False,41,41,679.473075827836,854.1742208362507,728.30196754341,842.0407113478864,50.313842217380625,108.22051168061314,HIT,True,562.944255720062
2026_07_21_gym,flight_9,60,0,1200,ok,False,41,41,679.473075827836,854.1742208362507,728.30196754341,842.0407113478864,50.313842217380625,108.22051168061314,HIT,True,562.944255720062
2026_07_21_gym,flight_9,60,0,1250,ok,False,41,41,679.473075827836,854.1742208362507,728.30196754341,842.0407113478864,50.313842217380625,108.22051168061314,HIT,True,562.944255720062
2026_07_21_gym,flight_90,60,0,150,ok,True,9,9,452.3458750211834,852.4095576949871,495.6103115225091,975.1517089622806,130.1439478558277,265.083750798505,HIT,True,635.5423869592131
2026_07_21_gym,flight_90,60,0,200,ok,True,12,12,498.2554125118649,879.0267300766352,495.6103115225091,975.1517089622806,96.16136503299893,178.24906571191187,HIT,True,629.7291769155933
2026_07_21_gym,flight_90,60,0,250,ok,True,15,15,439.93991884204945,912.7146559232449,495.6103115225091,975.1517089622806,83.65152845821729,161.64140920069465,HIT,True,629.2169224750016
2026_07_21_gym,flight_90,60,0,300,ok,True,18,18,441.76281135570537,940.9721611841688,495.6103115225091,975.1517089622806,63.77926591401123,119.93444180336502,HIT,True,626.9848689181906
2026_07_21_gym,flight_90,60,0,350,ok,True,21,21,435.00383892266024,949.7515492147028,495.6103115225091,975.1517089622806,65.71386943559713,114.2252696282632,HIT,True,627.0445648662397
2026_07_21_gym,flight_90,60,0,400,ok,True,24,24,476.30541987635075,964.1368752531542,495.6103115225091,975.1517089622806,22.226232319257832,31.64634219013391,HIT,True,625.5033383804878
2026_07_21_gym,flight_90,60,0,450,ok,True,27,27,485.3405345504639,968.0951942103864,495.6103115225091,975.1517089622806,12.460446199845817,12.48224373806105,HIT,True,625.001389815953
2026_07_21_gym,flight_90,60,0,490,ok,True,29,29,482.56601158800635,967.2729196857389,495.6103115225091,975.1517089622806,15.23906431659824,28.625184128101942,HIT,True,623.6798298113087
2026_07_21_gym,flight_90,60,0,500,ok,True,30,30,464.39927276742475,969.3667902562448,495.6103115225091,975.1517089622806,31.742624727750865,56.230526041285174,HIT,True,623.8524979717022
2026_07_21_gym,flight_90,60,0,550,ok,True,33,33,495.36769370667935,969.2461890821992,495.6103115225091,975.1517089622806,5.910501540359763,18.475251137987748,HIT,True,623.9092647766743
2026_07_21_gym,flight_90,60,0,600,ok,True,36,36,504.17965156085035,973.4044311518198,495.6103115225091,975.1517089622806,8.745659977362878,32.177022387454684,HIT,True,624.1697661423556
2026_07_21_gym,flight_90,60,0,650,ok,False,39,39,474.2682128373688,976.6260181279663,495.6103115225091,975.1517089622806,21.39296061330202,47.18929251603807,HIT,True,623.6698692192809
2026_07_21_gym,flight_90,60,0,700,ok,False,42,42,523.7574440698767,975.0746852281484,495.6103115225091,975.1517089622806,28.14723793367118,66.46713490784116,HIT,True,624.8907179776538
2026_07_21_gym,flight_90,60,0,750,ok,False,45,45,511.1411833983057,971.9452526577378,495.6103115225091,975.1517089622806,15.85841553419989,46.218425361899456,HIT,True,624.8326703910303
2026_07_21_gym,flight_90,60,0,800,ok,False,45,45,511.1411833983057,971.9452526577378,495.6103115225091,975.1517089622806,15.85841553419989,46.218425361899456,HIT,True,624.8326703910303
2026_07_21_gym,flight_90,60,0,850,ok,False,45,45,511.1411833983057,971.9452526577378,495.6103115225091,975.1517089622806,15.85841553419989,46.218425361899456,HIT,True,624.8326703910303
2026_07_21_gym,flight_90,60,0,900,ok,False,45,45,511.1411833983057,971.9452526577378,495.6103115225091,975.1517089622806,15.85841553419989,46.218425361899456,HIT,True,624.8326703910303
2026_07_21_gym,flight_90,60,0,950,ok,False,45,45,511.1411833983057,971.9452526577378,495.6103115225091,975.1517089622806,15.85841553419989,46.218425361899456,HIT,True,624.8326703910303
2026_07_21_gym,flight_90,60,0,1000,ok,False,45,45,511.1411833983057,971.9452526577378,495.6103115225091,975.1517089622806,15.85841553419989,46.218425361899456,HIT,True,624.8326703910303
2026_07_21_gym,flight_90,60,0,1050,ok,False,45,45,511.1411833983057,971.9452526577378,495.6103115225091,975.1517089622806,15.85841553419989,46.218425361899456,HIT,True,624.8326703910303
2026_07_21_gym,flight_90,60,0,1100,ok,False,45,45,511.1411833983057,971.9452526577378,495.6103115225091,975.1517089622806,15.85841553419989,46.218425361899456,HIT,True,624.8326703910303
2026_07_21_gym,flight_90,60,0,1150,ok,False,45,45,511.1411833983057,971.9452526577378,495.6103115225091,975.1517089622806,15.85841553419989,46.218425361899456,HIT,True,624.8326703910303
2026_07_21_gym,flight_90,60,0,1200,ok,False,45,45,511.1411833983057,971.9452526577378,495.6103115225091,975.1517089622806,15.85841553419989,46.218425361899456,HIT,True,624.8326703910303
2026_07_21_gym,flight_90,60,0,1250,ok,False,45,45,511.1411833983057,971.9452526577378,495.6103115225091,975.1517089622806,15.85841553419989,46.218425361899456,HIT,True,624.8326703910303
2026_07_21_gym,flight_92,60,0,150,fit_failed,True,10,10,,,,,,,,,
2026_07_21_gym,flight_92,60,0,200,ok,True,13,13,905.7154878147588,1015.7565765362062,905.4792378337152,1287.7709979885199,272.0145240462179,366.43229800275066,HIT,True,1169.246929917667
2026_07_21_gym,flight_92,60,0,250,ok,True,16,16,1009.8154050307503,1077.753146123864,905.4792378337152,1287.7709979885199,234.5070017871794,284.9627279395481,HIT,True,1157.7475969078703
2026_07_21_gym,flight_92,60,0,300,ok,True,18,18,447.4021972756748,852.0204853357785,905.4792378337152,1287.7709979885199,632.2286646171142,780.2625052187818,HIT,True,1213.3198947041283
2026_07_21_gym,flight_92,60,0,350,ok,True,21,21,981.4440446573382,1157.4947519163784,905.4792378337152,1287.7709979885199,150.8063399409969,171.01078584964498,HIT,True,1145.2096521888725
2026_07_21_gym,flight_92,60,0,400,ok,True,24,24,993.656297195016,1159.4580517447168,905.4792378337152,1287.7709979885199,155.69009593218016,177.9050425650482,HIT,True,1146.163113754344
2026_07_21_gym,flight_92,60,0,450,ok,True,27,27,964.6852638754475,1153.6159119490883,905.4792378337152,1287.7709979885199,146.6388101080392,179.29712990549942,HIT,True,1147.9233730163462
2026_07_21_gym,flight_92,60,0,490,ok,True,28,28,955.2336697096979,1160.1150032611965,905.4792378337152,1287.7709979885199,137.00932990539079,170.03567759850003,HIT,True,1147.4626830339091
2026_07_21_gym,flight_92,60,0,500,ok,True,29,29,939.7173623516638,1181.509179630994,905.4792378337152,1287.7709979885199,111.64149412809915,144.39875313178257,HIT,True,1146.1236962283292
2026_07_21_gym,flight_92,60,0,550,ok,True,32,32,957.7269657087586,1179.9364092060973,905.4792378337152,1287.7709979885199,119.82538798593043,140.48288709394285,HIT,True,1143.6331391405645
2026_07_21_gym,flight_92,60,0,600,ok,True,35,35,936.857044994882,1174.085033595301,905.4792378337152,1287.7709979885199,117.93670031953417,151.8390261369375,HIT,True,1146.7236917447394
2026_07_21_gym,flight_92,60,0,650,ok,True,38,38,896.4241547016823,1181.036920376207,905.4792378337152,1287.7709979885199,107.11749555641808,151.78927875802037,HIT,True,1148.7985050089148
2026_07_21_gym,flight_92,60,0,700,ok,True,41,41,874.2716254775877,1197.2498688876508,905.4792378337152,1287.7709979885199,95.74962079646335,136.5689166734367,HIT,True,1147.5697434806455
2026_07_21_gym,flight_92,60,0,750,ok,True,44,44,923.5259129638499,1197.2528415581494,905.4792378337152,1287.7709979885199,92.29961607073804,112.25156671589468,HIT,True,1143.022893636864
2026_07_21_gym,flight_92,60,0,800,ok,True,47,47,874.1460814634332,1228.4031960372504,905.4792378337152,1287.7709979885199,67.1289996696636,93.46353582823455,HIT,True,1143.2621743489249
2026_07_21_gym,flight_92,60,0,850,ok,True,50,50,909.6846542624326,1231.8638936199968,905.4792378337152,1287.7709979885199,56.065050131181145,72.4072381500188,HIT,True,1140.3523521439618
2026_07_21_gym,flight_92,60,0,900,ok,True,53,53,891.5099166825706,1234.189746559785,905.4792378337152,1287.7709979885199,55.37230750197364,71.45011387079587,HIT,True,1140.541178881298
2026_07_21_gym,flight_92,60,0,950,ok,True,56,56,890.0869394325651,1238.9192735789795,905.4792378337152,1287.7709979885199,51.21927203558953,67.0458789041047,HIT,True,1140.4144709167542
2026_07_21_gym,flight_92,60,0,1000,ok,True,59,59,920.8968334950806,1236.3591633355527,905.4792378337152,1287.7709979885199,53.67382041890992,66.68246531001186,HIT,True,1139.6308919381634
2026_07_21_gym,flight_92,60,0,1050,ok,True,62,62,896.719015300223,1243.4476109038794,905.4792378337152,1287.7709979885199,45.18079394489627,58.06754717346875,HIT,True,1139.6415677712503
2026_07_21_gym,flight_92,60,0,1100,ok,True,65,65,892.356653236325,1261.3738263171122,905.4792378337152,1287.7709979885199,29.479024725479498,33.59461620872856,HIT,True,1137.3334091604243
2026_07_21_gym,flight_92,60,0,1150,ok,False,68,68,897.9400282741323,1277.2606455846985,905.4792378337152,1287.7709979885199,12.934728000070944,9.029863664836439,HIT,True,1135.50960448226
2026_07_21_gym,flight_92,60,0,1200,ok,False,71,71,910.5682407545467,1280.1289640421012,905.4792378337152,1287.7709979885199,9.181428732307781,5.3164562305355165,HIT,True,1135.2376626163077
2026_07_21_gym,flight_92,60,0,1250,ok,False,74,74,899.5501051297966,1279.798294159383,905.4792378337152,1287.7709979885199,9.935724481275145,8.058529745349729,HIT,True,1135.9115234416895
2026_07_21_gym,flight_93,60,0,150,fit_failed,True,8,8,,,,,,,,,
2026_07_21_gym,flight_93,60,0,200,fit_failed,True,10,10,,,,,,,,,
2026_07_21_gym,flight_93,60,0,250,ok,True,13,13,127.10067115191532,1308.4803755299074,-96.7384465607923,1397.6653961377565,240.95210835190016,201.17274792678717,HIT,False,1152.471705615804
2026_07_21_gym,flight_93,60,0,300,ok,True,16,16,188.50163108490707,1215.7236699685452,-96.7384465607923,1397.6653961377565,338.3263123328673,308.255287073244,HIT,False,1173.0357631229342
2026_07_21_gym,flight_93,60,0,350,ok,True,18,18,190.03918963359044,1242.4015885752335,-96.7384465607923,1397.6653961377565,326.1108133135881,280.4052690059069,HIT,False,1162.1250627169143
2026_07_21_gym,flight_93,60,0,400,ok,True,21,21,103.94387470836455,1238.2967773393439,-96.7384465607923,1397.6653961377565,256.26500098080277,237.16793973118135,HIT,False,1168.9083992092274
2026_07_21_gym,flight_93,60,0,450,ok,True,24,24,-66.97507768670526,1239.3178408658457,-96.7384465607923,1397.6653961377565,161.12047165809133,198.38977376316123,MISS_HIGH_WIDE,True,1178.4071101165732
2026_07_21_gym,flight_93,60,0,490,ok,True,26,26,-226.5270615286706,1198.998650291127,-96.7384465607923,1397.6653961377565,237.30478393949298,308.823286896333,MISS_HIGH_WIDE,True,1192.0081924731594
2026_07_21_gym,flight_93,60,0,500,ok,True,27,27,-250.74487829545927,1209.437879329497,-96.7384465607923,1397.6653961377565,243.2027530671646,309.53563714053945,MISS_HIGH_WIDE,True,1191.7233836894045
2026_07_21_gym,flight_93,60,0,550,ok,True,30,30,-130.188123930331,1245.6421707981247,-96.7384465607923,1397.6653961377565,155.6596992120655,197.40196416875116,MISS_HIGH_WIDE,True,1179.832092441981
2026_07_21_gym,flight_93,60,0,600,ok,True,30,30,-130.188123930331,1245.6421707981247,-96.7384465607923,1397.6653961377565,155.6596992120655,197.40196416875116,MISS_HIGH_WIDE,True,1179.832092441981
2026_07_21_gym,flight_93,60,0,650,ok,True,33,33,-195.33788398305094,1296.5120382329987,-96.7384465607923,1397.6653961377565,141.25810021161234,167.2412657448886,MISS_HIGH_WIDE,True,1177.2819410628001
2026_07_21_gym,flight_93,60,0,700,ok,True,36,36,-149.19740267951892,1322.8451135531843,-96.7384465607923,1397.6653961377565,91.37842613605095,113.96729624245121,MISS_HIGH_WIDE,True,1173.6017213875946
2026_07_21_gym,flight_93,60,0,750,ok,True,39,39,-197.23667422173045,1336.820082580547,-96.7384465607923,1397.6653961377565,117.48210904161064,136.55954615820875,MISS_HIGH_WIDE,True,1173.8542449899617
2026_07_21_gym,flight_93,60,0,800,ok,True,42,42,-208.38528345766846,1368.114090036479,-96.7384465607923,1397.6653961377565,115.4915403021757,125.48853254965285,MISS_HIGH_WIDE,True,1170.2875321363708
2026_07_21_gym,flight_93,60,0,850,ok,True,45,45,-158.94775211313612,1345.0213477048292,-96.7384465607923,1397.6653961377565,81.49474543007832,88.68043876875585,MISS_HIGH_WIDE,True,1170.8024274713048
2026_07_21_gym,flight_93,60,0,900,ok,True,48,48,-170.08453528854272,1355.0433156913605,-96.7384465607923,1397.6653961377565,84.83095233013768,97.01619412369699,MISS_HIGH_WIDE,True,1170.315106197677
2026_07_21_gym,flight_93,60,0,950,ok,True,51,51,-171.37882718714476,1360.5972668292932,-96.7384465607923,1397.6653961377565,83.33806231534142,88.67550889417049,MISS_HIGH_WIDE,True,1170.2792277732476
2026_07_21_gym,flight_93,60,0,1000,ok,True,54,54,-98.43071860553526,1353.7371810121947,-96.7384465607923,1397.6653961377565,43.96079922830173,60.77885381724531,MISS_HIGH_WIDE,True,1166.7834721683328
2026_07_21_gym,flight_93,60,0,1050,ok,True,57,57,-147.90581695844074,1380.6669669572448,-96.7384465607923,1397.6653961377565,53.9170324481515,40.27391004885901,MISS_HIGH_WIDE,True,1165.2767995036402
2026_07_21_gym,flight_93,60,0,1100,ok,True,60,60,-132.28865234514774,1376.0913227477804,-96.7384465607923,1397.6653961377565,41.58434529899555,32.95624703771567,MISS_HIGH_WIDE,True,1164.8652520847852
2026_07_21_gym,flight_93,60,0,1150,ok,True,62,62,-116.50492264182645,1369.6488560163057,-96.7384465607923,1397.6653961377565,34.28760850568261,33.57327383671683,MISS_HIGH_WIDE,True,1165.3346314983717
2026_07_21_gym,flight_93,60,0,1200,ok,False,65,65,-92.04736595402424,1372.366216819458,-96.7384465607923,1397.6653961377565,25.73042384879456,37.12825726816977,MISS_HIGH_WIDE,True,1165.0508437956457
2026_07_21_gym,flight_93,60,0,1250,ok,False,68,68,-117.75324683113473,1398.5372089130124,-96.7384465607923,1397.6653961377565,21.032876358631594,8.156248519277888,MISS_HIGH_WIDE,True,1162.9109318242974
2026_07_21_gym,flight_94,60,0,150,ok,True,10,10,1483.8556383743855,1701.0726747735946,1188.2341463111723,1799.002339964838,311.4197904664209,234.00955055533987,HIT,True,1193.2592513206118
2026_07_21_gym,flight_94,60,0,200,ok,True,13,13,1529.1231816850427,1740.0162228593917,1188.2341463111723,1799.002339964838,345.95476069755904,253.12383573379395,HIT,True,1184.2557581898361
2026_07_21_gym,flight_94,60,0,250,ok,True,16,16,1284.7956146453785,1729.5248267796742,1188.2341463111723,1799.002339964838,118.9589929566173,139.47210060975544,HIT,True,1201.9724790694622
2026_07_21_gym,flight_94,60,0,300,ok,True,19,19,1256.2427152433206,1767.897197835372,1188.2341463111723,1799.002339964838,74.78432533019908,84.58606447133388,HIT,True,1195.9097465877037
2026_07_21_gym,flight_94,60,0,350,ok,True,22,22,1232.4711332048466,1777.157788717407,1188.2341463111723,1799.002339964838,49.336552662633046,58.3323484389361,HIT,True,1193.599889471637
2026_07_21_gym,flight_94,60,0,400,ok,True,25,25,1141.5481136258284,1780.3607730483898,1188.2341463111723,1799.002339964838,50.270206534262584,74.63286801681659,HIT,True,1194.4693145341362
2026_07_21_gym,flight_94,60,0,450,ok,True,28,28,1136.6953896337434,1816.7533287797871,1188.2341463111723,1799.002339964838,54.51000865679317,60.64347962969589,HIT,True,1191.3273414047578
2026_07_21_gym,flight_94,60,0,490,ok,True,30,30,1212.7254183500072,1774.519028086839,1188.2341463111723,1799.002339964838,34.63026085081644,50.272157759699596,HIT,True,1192.7176307279246
2026_07_21_gym,flight_94,60,0,500,ok,True,31,31,1035.651869350995,1755.518262040221,1188.2341463111723,1799.002339964838,158.65754402267297,196.69050100179732,HIT,True,1200.0114261341596
2026_07_21_gym,flight_94,60,0,550,ok,True,34,34,1173.4663298875967,1784.788824296024,1188.2341463111723,1799.002339964838,20.4966443494552,38.73717865896608,HIT,True,1189.8389734244408
2026_07_21_gym,flight_94,60,0,600,ok,True,37,37,1171.0450951609369,1778.1778404189972,1188.2341463111723,1799.002339964838,27.002282510560715,42.26847455105618,HIT,True,1189.8255345127257
2026_07_21_gym,flight_94,60,0,650,ok,True,40,40,1171.374024659371,1785.8711819940172,1188.2341463111723,1799.002339964838,21.3703301745245,30.329158784678288,HIT,True,1187.6318882612923
2026_07_21_gym,flight_94,60,0,700,ok,True,42,42,1118.3388599506854,1821.5784086157123,1188.2341463111723,1799.002339964838,73.45086746351905,70.79544578039247,HIT,True,1187.2312630653157
2026_07_21_gym,flight_94,60,0,750,ok,True,45,45,1125.7349440944151,1828.3914587263946,1188.2341463111723,1799.002339964838,69.06424964706396,75.53626321307985,HIT,True,1183.909332028602
2026_07_21_gym,flight_94,60,0,800,ok,True,48,48,1134.33727162139,1829.2875732933423,1188.2341463111723,1799.002339964838,61.82287973790959,64.20870793379552,HIT,True,1183.0657656325864
2026_07_21_gym,flight_94,60,0,850,ok,True,50,50,1131.6974246816003,1831.463464810599,1188.2341463111723,1799.002339964838,65.19298673071962,72.88276231588868,HIT,True,1183.5883100171116
2026_07_21_gym,flight_94,60,0,900,ok,True,52,52,1122.6072797911715,1840.6780968015833,1188.2341463111723,1799.002339964838,77.74158679335987,77.73292870446387,HIT,True,1182.5532771621579
2026_07_21_gym,flight_94,60,0,950,ok,True,54,54,1139.7499905620878,1825.3664000595945,1188.2341463111723,1799.002339964838,55.18855880870069,62.56684656239516,HIT,True,1182.951911894825
2026_07_21_gym,flight_94,60,0,1000,ok,True,56,56,1171.6064611512172,1805.188966248901,1188.2341463111723,1799.002339964838,17.741315017699403,23.575359725426317,HIT,True,1184.2406206160708
2026_07_21_gym,flight_94,60,0,1050,ok,True,59,59,1164.613808415276,1824.5282621394117,1188.2341463111723,1799.002339964838,34.77776682276629,40.83535465810081,HIT,True,1182.0649802637727
2026_07_21_gym,flight_94,60,0,1100,ok,True,62,62,1162.7594468302464,1816.9578750679502,1188.2341463111723,1799.002339964838,31.166673779577124,40.460899338452016,HIT,True,1182.7302796344625
2026_07_21_gym,flight_94,60,0,1150,ok,True,65,65,1200.8287682688767,1791.3781259666403,1188.2341463111723,1799.002339964838,14.722538549713722,4.3546940971478225,HIT,True,1184.996054794669
2026_07_21_gym,flight_94,60,0,1200,ok,False,68,68,1194.911895926253,1796.8049664419377,1188.2341463111723,1799.002339964838,7.029992199202963,10.64170811218005,HIT,True,1184.4705620327727
2026_07_21_gym,flight_94,60,0,1250,ok,False,71,71,1165.924155469995,1817.9156447759306,1188.2341463111723,1799.002339964838,29.248056178329367,37.119639142846104,HIT,True,1182.3209217799283
2026_07_21_gym,flight_95,60,0,150,ok,True,10,10,-93.84919147891733,1643.5049793802618,100.94304969799818,2157.278599646131,549.4609632210675,849.9664010599878,MISS_HIGH_WIDE,True,1192.7808449908173
2026_07_21_gym,flight_95,60,0,200,ok,True,13,13,165.79982578650063,1752.3219962643775,100.94304969799818,2157.278599646131,410.1173637229727,606.836687693542,HIT,False,1160.662880808866
2026_07_21_gym,flight_95,60,0,250,ok,True,16,16,-3.4740749409595924,1786.524223569004,100.94304969799818,2157.278599646131,385.17754775974083,613.7353112904265,MISS_HIGH_WIDE,True,1167.0438000789213
2026_07_21_gym,flight_95,60,0,300,ok,True,19,19,-81.20431846581613,1794.4938247432196,100.94304969799818,2157.278599646131,405.94390823161797,638.1631794680233,MISS_HIGH_WIDE,True,1171.3851751200766
2026_07_21_gym,flight_95,60,0,350,ok,True,22,22,79.60684860488686,1856.7357107541866,100.94304969799818,2157.278599646131,301.2992889812411,492.39216809221745,HIT,False,1154.045476892417
2026_07_21_gym,flight_95,60,0,400,ok,True,25,25,156.59621671525008,1891.2832311883444,100.94304969799818,2157.278599646131,271.75505706434217,413.4698322856868,HIT,False,1142.8146050600112
2026_07_21_gym,flight_95,60,0,450,ok,True,28,28,223.41161761692115,1889.6060153906851,100.94304969799818,2157.278599646131,294.3589008168442,415.24783184203187,HIT,False,1140.6655036112236
2026_07_21_gym,flight_95,60,0,490,ok,True,30,30,147.86613469313798,1947.2598315438293,100.94304969799818,2157.278599646131,215.19679100922855,336.0850224046815,HIT,False,1136.3614175887667
2026_07_21_gym,flight_95,60,0,500,ok,True,31,31,199.58258722137356,1928.5961824855983,100.94304969799818,2157.278599646131,249.04900377477793,354.269714705986,HIT,False,1135.6787536564962
2026_07_21_gym,flight_95,60,0,550,ok,True,34,34,217.41561599894507,1941.319658803755,100.94304969799818,2157.278599646131,245.36528448517208,341.7953765464425,HIT,False,1133.1100336813022
2026_07_21_gym,flight_95,60,0,600,ok,True,35,35,172.8271728264789,1964.152489371897,100.94304969799818,2157.278599646131,206.07042880434406,297.0215339398552,HIT,False,1131.1961732695684
2026_07_21_gym,flight_95,60,0,650,ok,True,38,38,181.2153451493309,1998.773486866783,100.94304969799818,2157.278599646131,177.67248575460385,254.45248879409596,HIT,False,1126.438191476735
2026_07_21_gym,flight_95,60,0,700,ok,True,40,40,156.68116879690106,1982.2655809521307,100.94304969799818,2157.278599646131,183.6744256369679,277.97632283355887,HIT,False,1131.0721234432074
2026_07_21_gym,flight_95,60,0,750,ok,True,43,43,83.97774628513636,2049.5624067353983,100.94304969799818,2157.278599646131,109.04402659051377,196.5095293284868,MISS_HIGH_WIDE,True,1127.3870066308896
2026_07_21_gym,flight_95,60,0,800,ok,True,46,46,160.9479680913773,2032.8575027328072,100.94304969799818,2157.278599646131,138.13471536333955,201.91711762337454,MISS_HIGH_WIDE,True,1123.8146112958932
2026_07_21_gym,flight_95,60,0,850,ok,True,49,49,98.93837742859871,2086.1462157141964,100.94304969799818,2157.278599646131,71.1606264358871,140.96457986962415,MISS_HIGH_WIDE,True,1122.3206187595024
2026_07_21_gym,flight_95,60,0,900,ok,True,52,52,141.77454827140446,2083.7706547444336,100.94304969799818,2157.278599646131,84.08703371757791,131.66166961865125,MISS_HIGH_WIDE,True,1119.8552074416602
2026_07_21_gym,flight_95,60,0,950,ok,True,55,55,133.58580392307752,2089.774431899238,100.94304969799818,2157.278599646131,74.98241171501225,123.81658446547972,MISS_HIGH_WIDE,True,1119.5583568541324
2026_07_21_gym,flight_95,60,0,1000,ok,True,58,58,111.32419189870014,2103.6058172282833,100.94304969799818,2157.278599646131,54.66750118548347,96.527141557298,MISS_HIGH_WIDE,True,1117.987454208703
2026_07_21_gym,flight_95,60,0,1050,ok,True,61,61,123.89045436727385,2095.2573520174856,100.94304969799818,2157.278599646131,66.13031482209405,110.05737285837158,MISS_HIGH_WIDE,True,1118.5939642475698
2026_07_21_gym,flight_95,60,0,1100,ok,True,63,63,138.11279295421372,2087.751532189113,100.94304969799818,2157.278599646131,78.83909514261158,124.56295591141256,MISS_HIGH_WIDE,True,1119.3883489329908
2026_07_21_gym,flight_95,60,0,1150,ok,False,66,66,116.56068807346634,2094.2213474242203,100.94304969799818,2157.278599646131,64.96250985148725,106.97668885643444,MISS_HIGH_WIDE,True,1118.584514906493
2026_07_21_gym,flight_95,60,0,1200,ok,False,69,69,111.33919931024903,2098.766222211743,100.94304969799818,2157.278599646131,59.42876609677017,109.63972935548857,MISS_HIGH_WIDE,True,1117.8105099420418
2026_07_21_gym,flight_95,60,0,1250,ok,False,72,72,153.02258235829436,2090.8362615124042,100.94304969799818,2157.278599646131,84.42074400756819,126.84637877898712,MISS_HIGH_WIDE,True,1119.3614607862373
2026_07_21_gym,flight_96,60,0,150,ok,True,10,10,176.8048582207038,-126.59721635911004,174.64335948759432,657.7777484691261,784.3779430389854,734.7386339313265,MISS_HIGH_WIDE,False,1289.2557206869199
2026_07_21_gym,flight_96,60,0,200,ok,True,13,13,185.96992328616747,-101.02321049717386,174.64335948759432,657.7777484691261,758.8854896330931,763.2184687356349,MISS_HIGH_WIDE,False,1301.1765817868502
2026_07_21_gym,flight_96,60,0,250,ok,True,16,16,-9.885740714876203,133.0252439977109,174.64335948759432,657.7777484691261,556.251903161289,584.1462813106934,MISS_HIGH_WIDE,False,1286.0883527380504
2026_07_21_gym,flight_96,60,0,300,ok,True,19,19,16.159125482795286,201.7548180809177,174.64335948759432,657.7777484691261,482.77755277968,530.9923704838283,HIT,True,1283.6430716846642
2026_07_21_gym,flight_96,60,0,350,ok,True,21,21,2.3652920139410316,257.8016448030294,174.64335948759432,657.7777484691261,435.50042024821147,482.0581701611593,HIT,True,1278.7625863250619
2026_07_21_gym,flight_96,60,0,400,ok,True,24,24,46.509179533081024,298.07100718304946,174.64335948759432,657.7777484691261,381.84723096974795,433.30826061924023,HIT,True,1273.996076289506
2026_07_21_gym,flight_96,60,0,450,ok,True,27,27,84.12063232869677,396.7880799659606,174.64335948759432,657.7777484691261,276.2425948286694,322.7530733230154,HIT,True,1263.0263327309394
2026_07_21_gym,flight_96,60,0,490,ok,True,29,29,57.43916845582564,394.0208064480145,174.64335948759432,657.7777484691261,288.6252706533843,345.4944251767371,HIT,True,1266.7496037520395
2026_07_21_gym,flight_96,60,0,500,ok,True,30,30,79.28630327635527,400.6200510864242,174.64335948759432,657.7777484691261,274.2682072214107,329.5611276459253,HIT,True,1264.5850177742414
2026_07_21_gym,flight_96,60,0,550,ok,True,33,33,102.93762515769639,466.91471361278343,174.64335948759432,657.7777484691261,203.88823019086556,240.26593229593294,HIT,True,1252.9609987297597
2026_07_21_gym,flight_96,60,0,600,ok,True,36,36,104.30343603138071,487.896230416299,174.64335948759432,657.7777484691261,183.8679825520447,217.37229420430583,HIT,True,1250.6178675403078
2026_07_21_gym,flight_96,60,0,650,ok,True,39,39,148.7603756505003,533.1505510773412,174.64335948759432,657.7777484691261,127.2865553860351,154.94920146695375,HIT,True,1244.5418172946024
2026_07_21_gym,flight_96,60,0,700,ok,True,42,42,138.49205530395542,530.8706987574719,174.64335948759432,657.7777484691261,131.95573523229012,162.80872174194354,HIT,True,1245.18721855981
2026_07_21_gym,flight_96,60,0,750,ok,True,45,45,110.83828729924241,564.8989600541189,174.64335948759432,657.7777484691261,112.68343522630322,134.17630818378166,HIT,True,1242.7966456578872
2026_07_21_gym,flight_96,60,0,800,ok,True,47,47,209.25098331476934,562.0296804740138,174.64335948759432,657.7777484691261,101.81051100824459,121.47760326057596,HIT,True,1238.9407564595106
2026_07_21_gym,flight_96,60,0,850,ok,True,50,50,200.4348049336957,594.104623064423,174.64335948759432,657.7777484691261,68.69836647986814,84.84935443509421,HIT,True,1235.6430401308908
2026_07_21_gym,flight_96,60,0,900,ok,True,53,53,148.71089944062552,590.6566051261377,174.64335948759432,657.7777484691261,71.95651720141565,86.9791090143029,HIT,True,1237.3155832501945
2026_07_21_gym,flight_96,60,0,950,ok,True,56,56,205.4760327432804,599.1672471902283,174.64335948759432,657.7777484691261,66.22570951115269,75.16993324748633,HIT,True,1234.8813386634308
2026_07_21_gym,flight_96,60,0,1000,ok,True,59,59,221.16612098146996,612.1923115593374,174.64335948759432,657.7777484691261,65.13370398858305,77.15387918307192,HIT,True,1232.9095373037487
2026_07_21_gym,flight_96,60,0,1050,ok,True,62,62,141.17437422308353,599.0868849497864,174.64335948759432,657.7777484691261,67.56323286582578,81.20246166207286,HIT,True,1235.910511994654
2026_07_21_gym,flight_96,60,0,1100,ok,True,65,65,169.87305852518548,604.117301526573,174.64335948759432,657.7777484691261,53.87206453577323,64.94497273794357,HIT,True,1234.3832112521766
2026_07_21_gym,flight_96,60,0,1150,ok,True,68,68,231.4271828633078,616.2532433425748,174.64335948759432,657.7777484691261,70.34690556925163,82.18807613792907,HIT,True,1233.3738142795767
2026_07_21_gym,flight_96,60,0,1200,ok,True,71,71,179.46699108452253,641.1407356236322,174.64335948759432,657.7777484691261,17.322171290112973,18.55417315879915,HIT,True,1230.7028876903935
2026_07_21_gym,flight_96,60,0,1250,ok,False,73,73,146.61877895760787,623.3134423172402,174.64335948759432,657.7777484691261,44.4203276936654,46.392643286743414,HIT,True,1232.0621198432902
2026_07_21_gym,flight_98,60,0,150,fit_failed,True,9,9,,,,,,,,,
2026_07_21_gym,flight_98,60,0,200,ok,True,12,12,428.68337165049587,643.6734213087008,485.24432711820543,810.1315281783558,175.80512798564698,205.0241014070397,HIT,True,1278.0377999919508
2026_07_21_gym,flight_98,60,0,250,ok,True,15,15,519.8782810793327,721.8130919773004,485.24432711820543,810.1315281783558,94.86652170276605,98.88002018983669,HIT,True,1263.7890445874762
2026_07_21_gym,flight_98,60,0,300,ok,True,18,18,583.5153554544377,710.7789437640382,485.24432711820543,810.1315281783558,139.74308941791952,118.95199753061272,HIT,True,1261.3809917543235
2026_07_21_gym,flight_98,60,0,350,ok,True,21,21,638.4522497647025,718.0124127570234,485.24432711820543,810.1315281783558,178.7696813994582,143.50116309346518,HIT,True,1259.2073783874725
2026_07_21_gym,flight_98,60,0,400,ok,True,23,23,568.5853219407778,669.2967062147945,485.24432711820543,810.1315281783558,163.64647413104882,165.9532799166797,HIT,True,1270.1157595375482
2026_07_21_gym,flight_98,60,0,450,ok,True,25,25,562.3916042195477,732.2437420580143,485.24432711820543,810.1315281783558,109.62759502460754,85.12887728344964,HIT,True,1257.1028867094337
2026_07_21_gym,flight_98,60,0,490,ok,True,27,27,556.2924178336483,729.2860772242215,485.24432711820543,810.1315281783558,107.628147500025,80.36681733554293,HIT,True,1255.9818511730641
2026_07_21_gym,flight_98,60,0,500,ok,True,28,28,556.2924213412817,729.2858749424439,485.24432711820543,810.1315281783558,107.62830176060773,80.36699093593309,HIT,True,1255.9818833016059
2026_07_21_gym,flight_98,60,0,550,ok,True,31,31,567.054213143081,729.3722625660489,485.24432711820543,810.1315281783558,114.9561500470604,86.02703583684976,HIT,True,1255.8091784088872
2026_07_21_gym,flight_98,60,0,600,ok,True,34,34,465.3274047629221,765.69811183032,485.24432711820543,810.1315281783558,48.69304143780994,58.96808482417842,HIT,True,1262.2496018290205
2026_07_21_gym,flight_98,60,0,650,ok,True,37,37,470.7821293016767,751.4037553108925,485.24432711820543,810.1315281783558,60.48228229536947,67.3104644584754,HIT,True,1261.3007451053306
2026_07_21_gym,flight_98,60,0,700,ok,True,40,40,495.6334224465477,745.8417040579603,485.24432711820543,810.1315281783558,65.12384192577065,66.64865035559089,HIT,True,1261.229622748026
2026_07_21_gym,flight_98,60,0,750,ok,True,43,43,514.9057262543276,768.8755663669389,485.24432711820543,810.1315281783558,50.81193741334257,45.31048198685735,HIT,True,1258.7216252469118
2026_07_21_gym,flight_98,60,0,800,ok,True,45,45,489.4337979987912,763.5547165148442,485.24432711820543,810.1315281783558,46.76484845476889,51.342373110564864,HIT,True,1260.6360593265092
2026_07_21_gym,flight_98,60,0,850,ok,True,48,48,463.6165728227006,815.599475656947,485.24432711820543,810.1315281783558,22.308254200975902,18.243862964909923,HIT,True,1254.7189393741683
2026_07_21_gym,flight_98,60,0,900,ok,True,51,51,492.3913185498697,793.1342643488417,485.24432711820543,810.1315281783558,18.438721870411445,11.257389598540223,HIT,True,1255.0951465208736
2026_07_21_gym,flight_98,60,0,950,ok,True,54,54,477.7860717687747,797.613032426282,485.24432711820543,810.1315281783558,14.571832717678381,12.64352789401629,HIT,True,1255.672928743695
2026_07_21_gym,flight_98,60,0,1000,ok,True,57,57,486.873191792799,800.3487487813719,485.24432711820543,810.1315281783558,9.91745798368669,1.982827260716134,HIT,True,1255.0747438636486
2026_07_21_gym,flight_98,60,0,1050,ok,True,60,60,482.529579626137,798.0898530940312,485.24432711820543,810.1315281783558,12.343896985236645,10.119281925127508,HIT,True,1255.8177045030031
2026_07_21_gym,flight_98,60,0,1100,ok,True,63,63,489.2348523209273,795.6726059001146,485.24432711820543,810.1315281783558,14.999490819417085,8.888817533963072,HIT,True,1255.9250253169416
2026_07_21_gym,flight_98,60,0,1150,ok,True,66,66,482.03732538360765,804.0816291507159,485.24432711820543,810.1315281783558,6.847345352058051,5.967732675074925,HIT,True,1254.7892718234712
2026_07_21_gym,flight_98,60,0,1200,ok,True,69,69,499.93455220521076,798.0175198293839,485.24432711820543,810.1315281783558,19.040795975637185,15.425854713981767,HIT,True,1256.229187558061
2026_07_21_gym,flight_98,60,0,1250,ok,True,72,72,501.50671105734733,802.6054114298744,485.24432711820543,810.1315281783558,17.919474453672812,18.164921567407237,HIT,True,1255.9000686732238
