session,flight,fps,phase,T_ms,status,airborne,n_detected,n_points_used,cy_own,cz_own,cy_ref,cz_ref,position_error_mm,velocity_error_mm_s,cls_own,hit_miss_match,t_cross_own_ms
2026_07_15_gym,flight_11,30,1,150,not_fit_eligible,True,5,5,,,,,,,,,
2026_07_15_gym,flight_11,30,1,200,not_fit_eligible,True,7,7,,,,,,,,,
2026_07_15_gym,flight_11,30,1,250,fit_failed,True,8,8,,,,,,,,,
2026_07_15_gym,flight_11,30,1,300,fit_failed,True,10,10,,,,,,,,,
2026_07_15_gym,flight_11,30,1,350,fit_failed,True,11,11,,,,,,,,,
2026_07_15_gym,flight_11,30,1,400,fit_failed,True,12,12,,,,,,,,,
2026_07_15_gym,flight_11,30,1,450,ok,True,13,13,1642.1272330261927,2712.6147503403167,1314.3592502562951,2917.588176914399,386.5824053556609,281.0309241461914,MISS_HIGH_WIDE,True,1197.631962848047
2026_07_15_gym,flight_11,30,1,490,ok,True,14,14,1355.2324033458883,2797.3764285869743,1314.3592502562951,2917.588176914399,126.97038662389511,169.40542475652506,MISS_HIGH_WIDE,True,1217.2638017771496
2026_07_15_gym,flight_11,30,1,500,ok,True,15,15,1355.2324273480788,2797.3762633829024,1314.3592502562951,2917.588176914399,126.97055076071894,169.4056652748789,MISS_HIGH_WIDE,True,1217.2638329998565
2026_07_15_gym,flight_11,30,1,550,ok,True,15,15,1355.2324273480788,2797.3762633829024,1314.3592502562951,2917.588176914399,126.97055076071894,169.4056652748789,MISS_HIGH_WIDE,True,1217.2638329998565
2026_07_15_gym,flight_11,30,1,600,ok,True,17,17,1287.4392550884663,2778.1871181609927,1314.3592502562951,2917.588176914399,141.97655201267054,204.85806836303257,MISS_HIGH_WIDE,True,1222.853036435094
2026_07_15_gym,flight_11,30,1,650,ok,True,18,18,1353.6328679111825,2780.336830555618,1314.3592502562951,2917.588176914399,142.75976016020897,180.74624792678105,MISS_HIGH_WIDE,True,1217.208306077533
2026_07_15_gym,flight_11,30,1,700,ok,True,20,20,1289.3825448102016,2774.9965043446728,1314.3592502562951,2917.588176914399,144.76263641275986,191.80620012179205,MISS_HIGH_WIDE,True,1219.7370816138118
2026_07_15_gym,flight_11,30,1,750,ok,True,21,21,1382.8627214759251,2767.642044442891,1314.3592502562951,2917.588176914399,164.85317167801688,186.0014811479134,MISS_HIGH_WIDE,True,1212.7981952549392
2026_07_15_gym,flight_11,30,1,800,ok,True,23,23,1333.644296985922,2762.680298094342,1314.3592502562951,2917.588176914399,156.10369613783428,177.9569774998624,MISS_HIGH_WIDE,True,1216.0816569166634
2026_07_15_gym,flight_11,30,1,850,ok,True,24,24,1292.853178608376,2804.2240365009197,1314.3592502562951,2917.588176914399,115.38604529756813,137.4316989429619,MISS_HIGH_WIDE,True,1212.9823321781028
2026_07_15_gym,flight_11,30,1,900,ok,True,25,25,1320.3410216411855,2773.2937493015115,1314.3592502562951,2917.588176914399,144.41836250640668,159.65028103297385,MISS_HIGH_WIDE,True,1214.684303061768
2026_07_15_gym,flight_11,30,1,950,ok,True,26,26,1369.7748235756,2774.3926551640507,1314.3592502562951,2917.588176914399,153.54427119128124,167.31547789103567,MISS_HIGH_WIDE,True,1212.1249134690872
2026_07_15_gym,flight_11,30,1,1000,ok,True,26,26,1369.7748235756,2774.3926551640507,1314.3592502562951,2917.588176914399,153.54427119128124,167.31547789103567,MISS_HIGH_WIDE,True,1212.1249134690872
2026_07_15_gym,flight_11,30,1,1050,ok,True,27,27,1349.742672385305,2794.480272211855,1314.3592502562951,2917.588176914399,128.09193090046807,140.33414607576867,MISS_HIGH_WIDE,True,1210.6173801672119
2026_07_15_gym,flight_11,30,1,1100,ok,True,28,28,1345.390942135859,2773.7811247098193,1314.3592502562951,2917.588176914399,147.11707638706957,158.32901142448318,MISS_HIGH_WIDE,True,1213.0876911897583
2026_07_15_gym,flight_11,30,1,1150,ok,True,28,28,1345.390942135859,2773.7811247098193,1314.3592502562951,2917.588176914399,147.11707638706957,158.32901142448318,MISS_HIGH_WIDE,True,1213.0876911897583
2026_07_15_gym,flight_11,30,1,1200,ok,True,28,28,1345.390942135859,2773.7811247098193,1314.3592502562951,2917.588176914399,147.11707638706957,158.32901142448318,MISS_HIGH_WIDE,True,1213.0876911897583
2026_07_15_gym,flight_11,30,1,1250,ok,False,28,28,1345.390942135859,2773.7811247098193,1314.3592502562951,2917.588176914399,147.11707638706957,158.32901142448318,MISS_HIGH_WIDE,True,1213.0876911897583
2026_07_15_gym,flight_12,30,1,150,not_fit_eligible,True,5,5,,,,,,,,,
2026_07_15_gym,flight_12,30,1,200,not_fit_eligible,True,7,7,,,,,,,,,
2026_07_15_gym,flight_12,30,1,250,not_fit_eligible,True,7,7,,,,,,,,,
2026_07_15_gym,flight_12,30,1,300,fit_failed,True,9,9,,,,,,,,,
2026_07_15_gym,flight_12,30,1,350,fit_failed,True,10,10,,,,,,,,,
2026_07_15_gym,flight_12,30,1,400,fit_failed,True,12,12,,,,,,,,,
2026_07_15_gym,flight_12,30,1,450,fit_failed,True,13,13,,,,,,,,,
2026_07_15_gym,flight_12,30,1,490,fit_failed,True,14,14,,,,,,,,,
2026_07_15_gym,flight_12,30,1,500,fit_failed,True,15,15,,,,,,,,,
2026_07_15_gym,flight_12,30,1,550,fit_failed,True,16,16,,,,,,,,,
2026_07_15_gym,flight_12,30,1,600,ok,True,18,18,387.95811448711737,1130.0424190674628,415.1586485041634,1259.7583479405307,132.5371316055063,89.1904771765124,HIT,True,1367.8366459397396
2026_07_15_gym,flight_12,30,1,650,ok,True,19,19,534.3803947487087,1100.7119009559926,415.1586485041634,1259.7583479405307,198.77021174211248,132.75968129377353,HIT,True,1365.3415431948742
2026_07_15_gym,flight_12,30,1,700,ok,True,21,21,432.71138230169106,1115.6968960874997,415.1586485041634,1259.7583479405307,145.12684236132904,87.19138771793685,HIT,True,1367.9780819179716
2026_07_15_gym,flight_12,30,1,750,ok,True,22,22,335.4228946563512,1172.0291218976076,415.1586485041634,1259.7583479405307,118.55044303489207,106.7809475439542,HIT,True,1375.1472098539125
2026_07_15_gym,flight_12,30,1,800,ok,True,24,24,419.0118654975772,1220.396294036228,415.1586485041634,1259.7583479405307,39.55020314440323,34.04222401334887,HIT,True,1367.2695703587847
2026_07_15_gym,flight_12,30,1,850,ok,True,25,25,478.7248855622249,1161.1493359628334,415.1586485041634,1259.7583479405307,117.32179566022383,61.829962317535106,HIT,True,1365.9576144146286
2026_07_15_gym,flight_12,30,1,900,fit_failed,True,27,27,,,,,,,,,
2026_07_15_gym,flight_12,30,1,950,fit_failed,True,28,28,,,,,,,,,
2026_07_15_gym,flight_12,30,1,1000,fit_failed,True,30,30,,,,,,,,,
2026_07_15_gym,flight_12,30,1,1050,fit_failed,True,31,31,,,,,,,,,
2026_07_15_gym,flight_12,30,1,1100,fit_failed,True,33,33,,,,,,,,,
2026_07_15_gym,flight_12,30,1,1150,fit_failed,True,34,34,,,,,,,,,
2026_07_15_gym,flight_12,30,1,1200,ok,True,36,36,361.7612670176475,1293.6352914941906,415.1586485041634,1259.7583479405307,63.23707499682735,37.17288466155661,HIT,True,1362.80611965294
2026_07_15_gym,flight_12,30,1,1250,ok,True,37,37,490.66591108253334,1265.6163297811554,415.1586485041634,1259.7583479405307,75.73415777127248,182.65250977525602,HIT,True,1363.9922943217498
2026_07_15_gym,flight_14,30,1,150,not_fit_eligible,True,5,5,,,,,,,,,
2026_07_15_gym,flight_14,30,1,200,not_fit_eligible,True,7,7,,,,,,,,,
2026_07_15_gym,flight_14,30,1,250,fit_failed,True,8,8,,,,,,,,,
2026_07_15_gym,flight_14,30,1,300,ok,True,10,10,1555.467013333264,1706.3249091458974,1543.2300851558507,1793.9838819110776,88.50897083045177,112.8484958892866,HIT,True,1243.594609057624
2026_07_15_gym,flight_14,30,1,350,ok,True,11,11,1497.535963662546,1745.5063593141908,1543.2300851558507,1793.9838819110776,66.61848794573885,122.50567100984692,HIT,True,1243.2952471886883
2026_07_15_gym,flight_14,30,1,400,ok,True,13,13,1457.4645654678438,1733.8248992421436,1543.2300851558507,1793.9838819110776,104.76081119920268,125.81861779350979,HIT,True,1246.6155981276113
2026_07_15_gym,flight_14,30,1,450,ok,True,14,14,1457.1991572142665,1729.2453507073028,1543.2300851558507,1793.9838819110776,107.66799888969874,121.78214853977173,HIT,True,1248.7937595671985
2026_07_15_gym,flight_14,30,1,490,ok,True,15,15,1423.4561376635027,1735.8451642596035,1543.2300851558507,1793.9838819110776,133.13868328948416,134.4661019244732,HIT,True,1252.055816491066
2026_07_15_gym,flight_14,30,1,500,ok,True,16,16,1454.599929713926,1718.7952776542866,1543.2300851558507,1793.9838819110776,116.2266349153414,117.71119278915171,HIT,True,1254.4936809577998
2026_07_15_gym,flight_14,30,1,550,ok,True,17,17,1432.6711856696008,1734.8949950096842,1543.2300851558507,1793.9838819110776,125.3585530024033,125.78143518513087,HIT,True,1257.1892391139781
2026_07_15_gym,flight_14,30,1,600,ok,True,19,19,1446.2135851328385,1736.4257460805418,1543.2300851558507,1793.9838819110776,112.805763491949,116.55386193234615,HIT,True,1259.857739278555
2026_07_15_gym,flight_14,30,1,650,ok,True,20,20,1448.8285594359897,1730.1263496264612,1543.2300851558507,1793.9838819110776,113.9711914815248,119.47773657998835,HIT,True,1261.6732939295393
2026_07_15_gym,flight_14,30,1,700,ok,True,22,22,1481.2473798643794,1714.434890303031,1543.2300851558507,1793.9838819110776,100.8459112760972,104.7825327321912,HIT,True,1260.5996560210665
2026_07_15_gym,flight_14,30,1,750,fit_failed,True,23,23,,,,,,,,,
2026_07_15_gym,flight_14,30,1,800,fit_failed,True,25,25,,,,,,,,,
2026_07_15_gym,flight_14,30,1,850,ok,True,26,26,1481.5107132469916,1731.90605996677,1543.2300851558507,1793.9838819110776,87.53820221008205,99.5179690942388,HIT,True,1265.529806876136
2026_07_15_gym,flight_14,30,1,900,ok,True,28,28,1490.1068895973983,1742.1443958270488,1543.2300851558507,1793.9838819110776,74.22537452783774,90.68979055990748,HIT,True,1267.5721570412056
2026_07_15_gym,flight_14,30,1,950,ok,True,29,29,1498.8334325454086,1741.1439170748852,1543.2300851558507,1793.9838819110776,69.01539427477265,88.46010640904467,HIT,True,1269.1977557984894
2026_07_15_gym,flight_14,30,1,1000,ok,True,31,31,1495.8416387374627,1744.3040315979063,1543.2300851558507,1793.9838819110776,68.6567722885917,89.65261874030531,HIT,True,1270.1730435750387
2026_07_15_gym,flight_14,30,1,1050,ok,True,31,31,1495.8416387374627,1744.3040315979063,1543.2300851558507,1793.9838819110776,68.6567722885917,89.65261874030531,HIT,True,1270.1730435750387
2026_07_15_gym,flight_14,30,1,1100,ok,True,33,33,1508.2607930177733,1772.8777519047796,1543.2300851558507,1793.9838819110776,40.84507456818941,66.09451611950573,HIT,True,1269.8976984158285
2026_07_15_gym,flight_14,30,1,1150,ok,True,34,34,1507.678770538933,1795.164114374947,1543.2300851558507,1793.9838819110776,35.57089989949432,52.97584544083593,HIT,True,1270.4324982048279
2026_07_15_gym,flight_14,30,1,1200,ok,True,36,36,1436.2936479853583,1740.395467153347,1543.2300851558507,1793.9838819110776,119.61237306802843,143.25503675466615,HIT,True,1272.4561318008214
2026_07_15_gym,flight_14,30,1,1250,ok,True,37,37,1508.680648860139,1807.9835515731183,1543.2300851558507,1793.9838819110776,37.278067264783324,55.47754875215066,HIT,True,1271.050900663251
2026_07_15_gym,flight_15,30,1,150,not_fit_eligible,True,5,5,,,,,,,,,
2026_07_15_gym,flight_15,30,1,200,not_fit_eligible,True,7,7,,,,,,,,,
2026_07_15_gym,flight_15,30,1,250,fit_failed,True,8,8,,,,,,,,,
2026_07_15_gym,flight_15,30,1,300,ok,True,10,10,1339.5598655803985,368.48728617693513,1106.3254149406393,567.9423568328247,306.8886348100499,212.34978647738203,HIT,True,1549.6267684525653
2026_07_15_gym,flight_15,30,1,350,ok,True,11,11,1419.4821538048252,405.7261935314138,1106.3254149406393,567.9423568328247,352.6772274081244,220.0422525430164,HIT,True,1534.6300138854156
2026_07_15_gym,flight_15,30,1,400,ok,True,11,11,1419.4821538048252,405.7261935314138,1106.3254149406393,567.9423568328247,352.6772274081244,220.0422525430164,HIT,True,1534.6300138854156
2026_07_15_gym,flight_15,30,1,450,ok,True,11,11,1419.4821538048252,405.7261935314138,1106.3254149406393,567.9423568328247,352.6772274081244,220.0422525430164,HIT,True,1534.6300138854156
2026_07_15_gym,flight_15,30,1,490,ok,True,12,12,1392.6753610951296,171.53913923169281,1106.3254149406393,567.9423568328247,489.0110454654473,333.894164459444,HIT,True,1567.3505210564297
2026_07_15_gym,flight_15,30,1,500,ok,True,13,13,1392.6754540854192,171.5377530719673,1106.3254149406393,567.9423568328247,489.01222357014683,333.8950761476133,HIT,True,1567.3506938172209
2026_07_15_gym,flight_15,30,1,550,ok,True,13,13,1392.6754540854192,171.5377530719673,1106.3254149406393,567.9423568328247,489.01222357014683,333.8950761476133,HIT,True,1567.3506938172209
2026_07_15_gym,flight_15,30,1,600,ok,True,14,14,1362.095757935772,110.35803608347966,1106.3254149406393,567.9423568328247,524.2154890419466,372.97166452937205,HIT,True,1577.4780908015437
2026_07_15_gym,flight_15,30,1,650,ok,True,14,14,1362.095757935772,110.35803608347966,1106.3254149406393,567.9423568328247,524.2154890419466,372.97166452937205,HIT,True,1577.4780908015437
2026_07_15_gym,flight_15,30,1,700,ok,True,16,16,994.7362256182444,559.8373973828078,1106.3254149406393,567.9423568328247,111.88314234644882,58.439882874477924,HIT,True,1548.5874692218988
2026_07_15_gym,flight_15,30,1,750,fit_failed,True,17,17,,,,,,,,,
2026_07_15_gym,flight_15,30,1,800,ok,True,19,19,1047.5225916384825,497.16927213763734,1106.3254149406393,567.9423568328247,92.01413774837452,74.35914430388192,HIT,True,1546.3006804781585
2026_07_15_gym,flight_15,30,1,850,ok,True,20,20,1179.148222372679,388.73004074161844,1106.3254149406393,567.9423568328247,193.44305498274764,137.24779430382725,HIT,True,1543.6653419390536
2026_07_15_gym,flight_15,30,1,900,ok,True,21,21,1132.9591214528164,456.44736816491525,1106.3254149406393,567.9423568328247,114.63196247397158,88.17231421949035,HIT,True,1539.9712291348458
2026_07_15_gym,flight_15,30,1,950,ok,True,21,21,1132.9591214528164,456.44736816491525,1106.3254149406393,567.9423568328247,114.63196247397158,88.17231421949035,HIT,True,1539.9712291348458
2026_07_15_gym,flight_15,30,1,1000,ok,True,23,23,1149.475314492494,502.4947693665275,1106.3254149406393,567.9423568328247,78.3919672957233,69.24191246144079,HIT,True,1534.898233927842
2026_07_15_gym,flight_15,30,1,1050,ok,True,24,24,1108.818231019937,540.8936641541007,1106.3254149406393,567.9423568328247,27.1633191571512,17.268450967953793,HIT,True,1534.0868107244914
2026_07_15_gym,flight_15,30,1,1100,ok,True,26,26,1148.98120450345,548.5357850652637,1106.3254149406393,567.9423568328247,46.862900155627216,73.1575039484664,HIT,True,1530.9952060526305
2026_07_15_gym,flight_15,30,1,1150,ok,True,27,27,1111.181862317345,553.7905262189952,1106.3254149406393,567.9423568328247,14.961931387532537,31.786820005840283,HIT,True,1535.0095891720466
2026_07_15_gym,flight_15,30,1,1200,ok,True,29,29,1148.3762276709724,523.4220237531296,1106.3254149406393,567.9423568328247,61.239945369085156,63.55214712822619,HIT,True,1536.8847090548643
2026_07_15_gym,flight_15,30,1,1250,ok,True,30,30,1062.1628626220563,604.705421138091,1106.3254149406393,567.9423568328247,57.4617605404214,35.959271168865584,HIT,True,1535.6614410349275
2026_07_15_gym,flight_17,30,1,150,not_fit_eligible,True,5,5,,,,,,,,,
2026_07_15_gym,flight_17,30,1,200,not_fit_eligible,True,6,6,,,,,,,,,
2026_07_15_gym,flight_17,30,1,250,not_fit_eligible,True,7,7,,,,,,,,,
2026_07_15_gym,flight_17,30,1,300,fit_failed,True,8,8,,,,,,,,,
2026_07_15_gym,flight_17,30,1,350,fit_failed,True,8,8,,,,,,,,,
2026_07_15_gym,flight_17,30,1,400,fit_failed,True,9,9,,,,,,,,,
2026_07_15_gym,flight_17,30,1,450,fit_failed,True,10,10,,,,,,,,,
2026_07_15_gym,flight_17,30,1,490,fit_failed,True,10,10,,,,,,,,,
2026_07_15_gym,flight_17,30,1,500,fit_failed,True,10,10,,,,,,,,,
2026_07_15_gym,flight_17,30,1,550,fit_failed,True,11,11,,,,,,,,,
2026_07_15_gym,flight_17,30,1,600,fit_failed,True,12,12,,,,,,,,,
2026_07_15_gym,flight_17,30,1,650,fit_failed,True,12,12,,,,,,,,,
2026_07_15_gym,flight_17,30,1,700,fit_failed,True,14,14,,,,,,,,,
2026_07_15_gym,flight_17,30,1,750,fit_failed,True,15,15,,,,,,,,,
2026_07_15_gym,flight_17,30,1,800,ok,True,16,16,414.5736028126671,2346.422894343018,308.745036456572,2440.223426116098,141.41508129580453,197.62572834453908,MISS_HIGH_WIDE,True,1099.1173014427302
2026_07_15_gym,flight_17,30,1,850,ok,True,16,16,414.5736028126671,2346.422894343018,308.745036456572,2440.223426116098,141.41508129580453,197.62572834453908,MISS_HIGH_WIDE,True,1099.1173014427302
2026_07_15_gym,flight_17,30,1,900,ok,True,18,18,427.2656557952383,2320.774947802461,308.745036456572,2440.223426116098,168.27084173992947,198.1445708931313,MISS_HIGH_WIDE,True,1105.2424644242878
2026_07_15_gym,flight_17,30,1,950,ok,True,19,19,331.39512840782777,2376.4510896914726,308.745036456572,2440.223426116098,67.67523593203009,54.34601159307589,MISS_HIGH_WIDE,True,1099.5743673536479
2026_07_15_gym,flight_17,30,1,1000,fit_failed,True,21,21,,,,,,,,,
2026_07_15_gym,flight_17,30,1,1050,fit_failed,True,21,21,,,,,,,,,
2026_07_15_gym,flight_17,30,1,1100,ok,True,23,23,348.0950079853197,2400.185616819726,308.745036456572,2440.223426116098,56.13774516816562,89.21433511027801,MISS_HIGH_WIDE,True,1100.3071547798043
2026_07_15_gym,flight_17,30,1,1150,fit_failed,False,24,24,,,,,,,,,
2026_07_15_gym,flight_17,30,1,1200,fit_failed,False,26,26,,,,,,,,,
2026_07_15_gym,flight_17,30,1,1250,fit_failed,False,27,27,,,,,,,,,
2026_07_15_gym,flight_19,30,1,150,not_fit_eligible,True,5,5,,,,,,,,,
2026_07_15_gym,flight_19,30,1,200,not_fit_eligible,True,7,7,,,,,,,,,
2026_07_15_gym,flight_19,30,1,250,ok,True,8,8,566.8686030573008,2479.7978096856395,316.77349563971256,2404.6608315670896,261.13814013851453,364.7472840338949,MISS_HIGH_WIDE,True,1054.8404159523286
2026_07_15_gym,flight_19,30,1,300,ok,True,10,10,658.0736702125132,2417.101732062242,316.77349563971256,2404.6608315670896,341.5268439940768,397.60461824511265,MISS_HIGH_WIDE,True,1053.723431694543
2026_07_15_gym,flight_19,30,1,350,ok,True,11,11,482.34601158934066,2470.266034590834,316.77349563971256,2404.6608315670896,178.0963242228108,253.0812572658109,MISS_HIGH_WIDE,True,1067.0511278721135
2026_07_15_gym,flight_19,30,1,400,ok,True,13,13,425.87911422720714,2422.2664508028374,316.77349563971256,2404.6608315670896,110.51693913619746,154.60914478418442,MISS_HIGH_WIDE,True,1075.3813435716363
2026_07_15_gym,flight_19,30,1,450,ok,True,14,14,404.4515271790215,2393.7578244531624,316.77349563971256,2404.6608315670896,88.35334050693503,94.93679493373618,MISS_HIGH_WIDE,True,1083.0205460408122
2026_07_15_gym,flight_19,30,1,490,ok,True,15,15,372.68741036274986,2386.510620134833,316.77349563971256,2404.6608315670896,58.786019041016075,65.36798532241284,MISS_HIGH_WIDE,True,1084.4811263241188
2026_07_15_gym,flight_19,30,1,500,ok,True,16,16,343.9138171884788,2375.120435538077,316.77349563971256,2404.6608315670896,40.11523465369905,43.985035841223166,MISS_HIGH_WIDE,True,1086.5168510203732
2026_07_15_gym,flight_19,30,1,550,ok,True,17,17,365.8322660395236,2372.2720908827728,316.77349563971256,2404.6608315670896,58.78599728045188,52.17884480383176,MISS_HIGH_WIDE,True,1085.9112021255942
2026_07_15_gym,flight_19,30,1,600,ok,True,19,19,314.6762844884667,2368.976454082737,316.77349563971256,2404.6608315670896,35.74595209333073,27.66341802992708,MISS_HIGH_WIDE,True,1089.0051872030822
2026_07_15_gym,flight_19,30,1,650,ok,True,20,20,302.5074838045671,2354.5377002952655,316.77349563971256,2404.6608315670896,52.11379262894831,46.27919661715103,MISS_HIGH_WIDE,True,1092.6296103083357
2026_07_15_gym,flight_19,30,1,700,ok,True,22,22,321.3323651444419,2357.3858098088886,316.77349563971256,2404.6608315670896,47.49432569686128,32.5321480968812,MISS_HIGH_WIDE,True,1091.0071220766374
2026_07_15_gym,flight_19,30,1,750,ok,True,23,23,304.73132458918104,2354.4784400230014,316.77349563971256,2404.6608315670896,51.607037356298946,44.510512765407505,MISS_HIGH_WIDE,True,1092.4557353012333
2026_07_15_gym,flight_19,30,1,800,ok,True,25,25,320.4848895616614,2367.3640798009446,316.77349563971256,2404.6608315670896,37.48095699350964,24.52214396859986,MISS_HIGH_WIDE,True,1091.00177418742
2026_07_15_gym,flight_19,30,1,850,ok,True,26,26,295.40926164699135,2377.681033702422,316.77349563971256,2404.6608315670896,34.41424104806121,38.42252310635244,MISS_HIGH_WIDE,True,1092.6857056860306
2026_07_15_gym,flight_19,30,1,900,ok,True,28,28,308.1897579920286,2379.661520089661,316.77349563971256,2404.6608315670896,26.431914920220425,21.44214608027889,MISS_HIGH_WIDE,True,1091.392275399809
2026_07_15_gym,flight_19,30,1,950,ok,True,29,29,313.1130752582717,2386.314103519839,316.77349563971256,2404.6608315670896,18.708316530587037,13.356601338200402,MISS_HIGH_WIDE,True,1092.6241343661427
2026_07_15_gym,flight_19,30,1,1000,fit_failed,True,30,30,,,,,,,,,
2026_07_15_gym,flight_19,30,1,1050,ok,True,31,31,307.9268894687574,2408.6754138459846,316.77349563971256,2404.6608315670896,9.714901523844679,21.75898773492768,MISS_HIGH_WIDE,True,1092.5294833084145
2026_07_15_gym,flight_19,30,1,1100,fit_failed,False,33,33,,,,,,,,,
2026_07_15_gym,flight_19,30,1,1150,fit_failed,False,33,33,,,,,,,,,
2026_07_15_gym,flight_19,30,1,1200,ok,False,34,34,296.2914027491871,2382.730759257279,316.77349563971256,2404.6608315670896,30.007402431560873,48.082759353419085,MISS_HIGH_WIDE,True,1095.3920668921796
2026_07_15_gym,flight_19,30,1,1250,ok,False,35,35,316.4705922184664,2403.349843465387,316.77349563971256,2404.6608315670896,1.345526025541106,9.471603959811214,MISS_HIGH_WIDE,True,1094.0529843762226
2026_07_15_gym,flight_20,30,1,150,not_fit_eligible,True,5,5,,,,,,,,,
2026_07_15_gym,flight_20,30,1,200,not_fit_eligible,True,7,7,,,,,,,,,
2026_07_15_gym,flight_20,30,1,250,fit_failed,True,8,8,,,,,,,,,
2026_07_15_gym,flight_20,30,1,300,ok,True,10,10,266.4423184488134,2454.832942713147,564.612701189692,2470.8439248657473,298.5999475775789,276.67436948965525,MISS_HIGH_WIDE,True,1153.2106640445352
2026_07_15_gym,flight_20,30,1,350,ok,True,11,11,328.18836804655916,2424.7823798993195,564.612701189692,2470.8439248657473,240.86953154533535,238.94031588200716,MISS_HIGH_WIDE,True,1155.1427298678154
2026_07_15_gym,flight_20,30,1,400,ok,True,13,13,373.5917398063391,2439.5193991138317,564.612701189692,2470.8439248657473,193.57229554200885,191.68396732754084,MISS_HIGH_WIDE,True,1151.2801116980902
2026_07_15_gym,flight_20,30,1,450,ok,True,14,14,367.07164630566206,2460.3867014533507,564.612701189692,2470.8439248657473,197.81764806556592,191.61159412619867,MISS_HIGH_WIDE,True,1151.4861361609994
2026_07_15_gym,flight_20,30,1,490,ok,True,15,15,367.0716472297385,2460.386626539469,564.612701189692,2470.8439248657473,197.81765110296408,191.6116268984684,MISS_HIGH_WIDE,True,1151.4861506323093
2026_07_15_gym,flight_20,30,1,500,ok,True,16,16,446.8750656647451,2466.642423812526,564.612701189692,2470.8439248657473,117.81257755479868,117.01662525216334,MISS_HIGH_WIDE,True,1141.8402757325414
2026_07_15_gym,flight_20,30,1,550,ok,True,17,17,539.020624822196,2477.1123167847904,564.612701189692,2470.8439248657473,26.348569411838422,94.1625057227872,MISS_HIGH_WIDE,True,1129.276039585771
2026_07_15_gym,flight_20,30,1,600,ok,True,19,19,595.8585623799755,2472.778315001172,564.612701189692,2470.8439248657473,31.30568170026803,144.98925952479865,MISS_HIGH_WIDE,True,1123.185414991437
2026_07_15_gym,flight_20,30,1,650,ok,True,20,20,528.2890096976536,2456.976848726901,564.612701189692,2470.8439248657473,38.880668258780474,78.65402712077955,MISS_HIGH_WIDE,True,1132.3052758487788
2026_07_15_gym,flight_20,30,1,700,ok,True,22,22,537.7416423942886,2442.2898887498773,564.612701189692,2470.8439248657473,39.20952408908369,63.57371106840019,MISS_HIGH_WIDE,True,1134.5327366668598
2026_07_15_gym,flight_20,30,1,750,ok,True,23,23,586.9857684503885,2442.910686252634,564.612701189692,2470.8439248657473,35.78854506778347,101.89332036183484,MISS_HIGH_WIDE,True,1130.0845270041484
2026_07_15_gym,flight_20,30,1,800,ok,True,25,25,533.2324925184149,2457.7928605596057,564.612701189692,2470.8439248657473,33.98599381768811,62.60692662450211,MISS_HIGH_WIDE,True,1135.6633311499281
2026_07_15_gym,flight_20,30,1,850,ok,True,26,26,586.5620546962067,2442.3113900520825,564.612701189692,2470.8439248657473,35.99832860351916,94.83927355575383,MISS_HIGH_WIDE,True,1131.8057828364579
2026_07_15_gym,flight_20,30,1,900,ok,True,28,28,592.141321906723,2461.918927278255,564.612701189692,2470.8439248657473,28.939256046396416,123.74503860640851,MISS_HIGH_WIDE,True,1129.2365837126024
2026_07_15_gym,flight_20,30,1,950,ok,True,29,29,572.0874606332939,2428.183299395101,564.612701189692,2470.8439248657473,43.310518286975785,69.48240471737445,MISS_HIGH_WIDE,True,1135.2874679497859
2026_07_15_gym,flight_20,30,1,1000,ok,True,31,31,596.619227085332,2472.5751146061957,564.612701189692,2470.8439248657473,32.05331055953051,123.05539757011525,MISS_HIGH_WIDE,True,1130.6424914245372
2026_07_15_gym,flight_20,30,1,1050,ok,True,32,32,636.7715256900124,2439.361710278646,564.612701189692,2470.8439248657473,78.72754148693029,149.62909376070263,MISS_HIGH_WIDE,True,1137.4041980297304
2026_07_15_gym,flight_20,30,1,1100,fit_failed,True,34,34,,,,,,,,,
2026_07_15_gym,flight_20,30,1,1150,ok,False,35,35,684.5647640219773,2423.002355842728,564.612701189692,2470.8439248657473,129.1406717665077,195.3243429086527,MISS_HIGH_WIDE,True,1135.1634110816542
2026_07_15_gym,flight_20,30,1,1200,ok,False,37,37,565.2667646576632,2486.194044952096,564.612701189692,2470.8439248657473,15.36404847966398,63.94105278933026,MISS_HIGH_WIDE,True,1139.0063654767946
2026_07_15_gym,flight_20,30,1,1250,ok,False,38,38,594.8145851194184,2464.6087604358304,564.612701189692,2470.8439248657473,30.838791616611246,69.60900336973884,MISS_HIGH_WIDE,True,1142.1771712826003
2026_07_15_gym,flight_21,30,1,150,not_fit_eligible,True,5,5,,,,,,,,,
2026_07_15_gym,flight_21,30,1,200,not_fit_eligible,True,7,7,,,,,,,,,
2026_07_15_gym,flight_21,30,1,250,ok,True,8,8,802.2591138576805,2227.6964672932277,737.4066720812041,2189.8066932697857,75.10974756926538,115.31715000348137,MISS_HIGH_WIDE,True,1152.4116765543358
2026_07_15_gym,flight_21,30,1,300,ok,True,10,10,801.0793266578183,2148.849254232653,737.4066720812041,2189.8066932697857,75.708115504966,112.86627058441307,MISS_HIGH_WIDE,True,1142.0536784483318
2026_07_15_gym,flight_21,30,1,350,ok,True,11,11,819.4359964048676,2136.513210460227,737.4066720812041,2189.8066932697857,97.82129297330665,105.58931222067069,MISS_HIGH_WIDE,True,1135.6991364510202
2026_07_15_gym,flight_21,30,1,400,ok,True,13,13,755.6893029792096,2149.5970868881677,737.4066720812041,2189.8066932697857,44.17088450458468,54.203096877258034,MISS_HIGH_WIDE,True,1132.0448986618553
2026_07_15_gym,flight_21,30,1,450,ok,True,14,14,716.8681856789043,2164.7136933795978,737.4066720812041,2189.8066932697857,32.42665673772774,33.07567300843336,MISS_HIGH_WIDE,True,1129.5945033906285
2026_07_15_gym,flight_21,30,1,490,ok,True,15,15,699.5372765223549,2167.0227803526973,737.4066720812041,2189.8066932697857,44.19499754277688,37.7629107919964,MISS_HIGH_WIDE,True,1127.6613111126258
2026_07_15_gym,flight_21,30,1,500,ok,True,16,16,691.492339385714,2164.4917439761966,737.4066720812041,2189.8066932697857,52.43064566271462,44.14910361583053,MISS_HIGH_WIDE,True,1126.025554166665
2026_07_15_gym,flight_21,30,1,550,ok,True,17,17,702.7823508000203,2152.407501434063,737.4066720812041,2189.8066932697857,50.96609828256266,41.93296430098485,MISS_HIGH_WIDE,True,1126.559599667474
2026_07_15_gym,flight_21,30,1,600,ok,True,19,19,705.8993704963282,2146.2700123986374,737.4066720812041,2189.8066932697857,53.74153546779747,42.86504631386886,MISS_HIGH_WIDE,True,1125.4544125854845
2026_07_15_gym,flight_21,30,1,650,ok,True,20,20,717.0812449601444,2141.181179897932,737.4066720812041,2189.8066932697857,52.702595176422086,41.77773300118224,MISS_HIGH_WIDE,True,1125.3999784943392
2026_07_15_gym,flight_21,30,1,700,ok,True,22,22,699.9824892925941,2157.4770842489133,737.4066720812041,2189.8066932697857,49.45475787866888,40.5510314782084,MISS_HIGH_WIDE,True,1124.7911304779145
2026_07_15_gym,flight_21,30,1,750,ok,True,23,23,715.9350218124747,2150.4961646605766,737.4066720812041,2189.8066932697857,44.79229202438822,35.594002463629764,MISS_HIGH_WIDE,True,1125.2968206923665
2026_07_15_gym,flight_21,30,1,800,ok,True,25,25,724.0267731737873,2166.5806173440196,737.4066720812041,2189.8066932697857,26.804333561611667,29.358773445575117,MISS_HIGH_WIDE,True,1124.214032583123
2026_07_15_gym,flight_21,30,1,850,ok,True,26,26,741.2557163254041,2160.7675168955816,737.4066720812041,2189.8066932697857,29.293154594306543,36.76708512913648,MISS_HIGH_WIDE,True,1125.4956080249885
2026_07_15_gym,flight_21,30,1,900,ok,True,28,28,709.4559707729278,2165.815056130237,737.4066720812041,2189.8066932697857,36.835313983462356,31.248584722530303,MISS_HIGH_WIDE,True,1125.0544244754565
2026_07_15_gym,flight_21,30,1,950,ok,True,29,29,708.6158914226708,2191.5876705696173,737.4066720812041,2189.8066932697857,28.845813059615637,40.31285869027935,MISS_HIGH_WIDE,True,1123.6588740997454
2026_07_15_gym,flight_21,30,1,1000,ok,True,31,31,757.5686400582224,2158.7455577490637,737.4066720812041,2189.8066932697857,37.03105578488103,40.777790302722046,MISS_HIGH_WIDE,True,1128.5794621695852
2026_07_15_gym,flight_21,30,1,1050,ok,True,32,32,770.4659692256969,2163.1142141546266,737.4066720812041,2189.8066932697857,42.490064356283064,60.24139688222189,MISS_HIGH_WIDE,True,1128.014234287834
2026_07_15_gym,flight_21,30,1,1100,ok,True,34,34,761.2448257160784,2173.585304584679,737.4066720812041,2189.8066932697857,28.833851972866583,33.8866211092088,MISS_HIGH_WIDE,True,1128.0907395652434
2026_07_15_gym,flight_21,30,1,1150,ok,False,34,34,761.2448257160784,2173.585304584679,737.4066720812041,2189.8066932697857,28.833851972866583,33.8866211092088,MISS_HIGH_WIDE,True,1128.0907395652434
2026_07_15_gym,flight_21,30,1,1200,ok,False,35,35,768.7834753282508,2174.154893239085,737.4066720812041,2189.8066932697857,35.06397904124572,55.48993662629942,MISS_HIGH_WIDE,True,1127.7515880365759
2026_07_15_gym,flight_21,30,1,1250,ok,False,36,36,761.2447613209416,2173.5866121626204,737.4066720812041,2189.8066932697857,28.833063134615262,33.886293388787585,MISS_HIGH_WIDE,True,1128.0904927446811
2026_07_15_gym,flight_22,30,1,150,not_fit_eligible,True,5,5,,,,,,,,,
2026_07_15_gym,flight_22,30,1,200,not_fit_eligible,True,7,7,,,,,,,,,
2026_07_15_gym,flight_22,30,1,250,fit_failed,True,8,8,,,,,,,,,
2026_07_15_gym,flight_22,30,1,300,fit_failed,True,10,10,,,,,,,,,
2026_07_15_gym,flight_22,30,1,350,fit_failed,True,10,10,,,,,,,,,
2026_07_15_gym,flight_22,30,1,400,ok,True,12,12,-19.280649142701392,801.1125250329075,-54.01661882465238,963.2891079591052,165.85485111796794,124.8418597124758,MISS_HIGH_WIDE,True,1393.1835628228396
2026_07_15_gym,flight_22,30,1,450,ok,True,13,13,-88.27548633518403,872.8018859708161,-54.01661882465238,963.2891079591052,96.75539957161084,72.26289871022927,MISS_HIGH_WIDE,True,1388.1836287635488
2026_07_15_gym,flight_22,30,1,490,ok,True,14,14,-118.85810682652492,879.6656826014038,-54.01661882465238,963.2891079591052,105.81727569188332,76.65585225573997,MISS_HIGH_WIDE,True,1386.7332318667616
2026_07_15_gym,flight_22,30,1,500,ok,True,15,15,-57.600554932151184,941.2446355083628,-54.01661882465238,963.2891079591052,22.33390614411585,32.919688568866896,MISS_HIGH_WIDE,True,1373.534220290931
2026_07_15_gym,flight_22,30,1,550,ok,True,16,16,-69.2141410879486,928.0486777975843,-54.01661882465238,963.2891079591052,38.377761801757195,22.553961922576022,MISS_HIGH_WIDE,True,1376.8533524367765
2026_07_15_gym,flight_22,30,1,600,ok,True,17,17,-77.20723186684188,914.0826986408528,-54.01661882465238,963.2891079591052,54.39738276119514,27.260735087968914,MISS_HIGH_WIDE,True,1379.0061512925618
2026_07_15_gym,flight_22,30,1,650,ok,True,18,18,-101.14054007758463,898.9244682815489,-54.01661882465238,963.2891079591052,79.77136575911317,50.63714340165971,MISS_HIGH_WIDE,True,1382.0304909162733
2026_07_15_gym,flight_22,30,1,700,ok,True,20,20,-196.57595697925484,919.21662777762,-54.01661882465238,963.2891079591052,149.21644816985054,125.42190279361155,MISS_HIGH_WIDE,True,1381.3824273212244
2026_07_15_gym,flight_22,30,1,750,fit_failed,True,21,21,,,,,,,,,
2026_07_15_gym,flight_22,30,1,800,fit_failed,True,23,23,,,,,,,,,
2026_07_15_gym,flight_22,30,1,850,fit_failed,True,23,23,,,,,,,,,
2026_07_15_gym,flight_22,30,1,900,fit_failed,True,25,25,,,,,,,,,
2026_07_15_gym,flight_22,30,1,950,ok,True,26,26,-334.78989320158473,1018.8010176445548,-54.01661882465238,963.2891079591052,286.20832224320395,223.13149631618523,MISS_HIGH_WIDE,True,1383.4076493874127
2026_07_15_gym,flight_22,30,1,1000,fit_failed,True,27,27,,,,,,,,,
2026_07_15_gym,flight_22,30,1,1050,ok,True,28,28,-92.68519142955007,941.2404959526858,-54.01661882465238,963.2891079591052,44.51291721185958,26.761772314251992,MISS_HIGH_WIDE,True,1382.0187975743956
2026_07_15_gym,flight_22,30,1,1100,ok,True,30,30,-60.4448149351628,950.2441919044401,-54.01661882465238,963.2891079591052,14.542748712277234,11.386828763681581,MISS_HIGH_WIDE,True,1384.1821463056208
2026_07_15_gym,flight_22,30,1,1150,ok,True,31,31,22.096716147174472,920.3135035609628,-54.01661882465238,963.2891079591052,87.40790773104662,81.53252995932696,HIT,False,1387.6282137512978
2026_07_15_gym,flight_22,30,1,1200,ok,True,32,32,85.64044370263746,911.2636702534173,-54.01661882465238,963.2891079591052,149.0326852815172,147.6177657431513,HIT,False,1385.674860290798
2026_07_15_gym,flight_22,30,1,1250,ok,True,33,33,-61.33502006212005,947.9015131269869,-54.01661882465238,963.2891079591052,17.039280248590412,7.519029348482094,MISS_HIGH_WIDE,True,1383.783403310225
2026_07_15_gym,flight_23,30,1,150,not_fit_eligible,True,5,5,,,,,,,,,
2026_07_15_gym,flight_23,30,1,200,not_fit_eligible,True,7,7,,,,,,,,,
2026_07_15_gym,flight_23,30,1,250,fit_failed,True,8,8,,,,,,,,,
2026_07_15_gym,flight_23,30,1,300,fit_failed,True,10,10,,,,,,,,,
2026_07_15_gym,flight_23,30,1,350,ok,True,11,11,1610.3671821838602,1411.354405019296,1765.406641046785,1425.983362582028,155.72809702773844,181.4067225421541,HIT,True,1136.343096409887
2026_07_15_gym,flight_23,30,1,400,ok,True,13,13,1679.3085538112337,1405.3346718432574,1765.406641046785,1425.983362582028,88.53953385265804,119.71410770864209,HIT,True,1132.8003608889835
2026_07_15_gym,flight_23,30,1,450,ok,True,14,14,1649.469359189039,1379.5984672303593,1765.406641046785,1425.983362582028,124.87198181076344,166.05263985276508,HIT,True,1131.8444083725356
2026_07_15_gym,flight_23,30,1,490,ok,True,14,14,1649.469359189039,1379.5984672303593,1765.406641046785,1425.983362582028,124.87198181076344,166.05263985276508,HIT,True,1131.8444083725356
2026_07_15_gym,flight_23,30,1,500,ok,True,15,15,1681.4743768461751,1410.6023576083157,1765.406641046785,1425.983362582028,85.32994953615243,99.6070546139684,HIT,True,1126.6205391942428
2026_07_15_gym,flight_23,30,1,550,ok,True,16,16,1621.0932186543857,1419.2898883360217,1765.406641046785,1425.983362582028,144.46856571617565,168.14163752581695,HIT,True,1126.8206888244126
2026_07_15_gym,flight_23,30,1,600,ok,True,17,17,1628.7997169220503,1415.144279709894,1765.406641046785,1425.983362582028,137.03626321645666,165.49457456879333,HIT,True,1126.8415410326184
2026_07_15_gym,flight_23,30,1,650,ok,True,18,18,1628.7996192446697,1415.144900897332,1765.406641046785,1425.983362582028,137.03631145551972,165.49446272388903,HIT,True,1126.8414345485983
2026_07_15_gym,flight_23,30,1,700,fit_failed,True,20,20,,,,,,,,,
2026_07_15_gym,flight_23,30,1,750,ok,True,21,21,1719.7627980406494,1422.6835787928255,1765.406641046785,1425.983362582028,45.7629651292858,66.31850468955656,HIT,True,1120.8007599770285
2026_07_15_gym,flight_23,30,1,800,ok,True,23,23,1751.298167039874,1394.8116072770292,1765.406641046785,1425.983362582028,34.215893494082444,35.060143439466295,HIT,True,1122.8060299008107
2026_07_15_gym,flight_23,30,1,850,ok,True,24,24,1759.2005933049618,1382.0190412837585,1765.406641046785,1425.983362582028,44.40018666392352,45.26797538945431,HIT,True,1124.3343478309432
2026_07_15_gym,flight_23,30,1,900,ok,True,26,26,1740.6280471559978,1398.5080067956446,1765.406641046785,1425.983362582028,36.99829578227753,50.829891787133164,HIT,True,1123.5232280971206
2026_07_15_gym,flight_23,30,1,950,ok,True,27,27,1757.4508192740584,1397.12613514404,1765.406641046785,1425.983362582028,29.933838301947624,35.72388330504941,HIT,True,1123.6321512816332
2026_07_15_gym,flight_23,30,1,1000,ok,True,29,29,1744.6820395398468,1387.0794522625895,1765.406641046785,1425.983362582028,44.07973849473576,63.052202464430984,HIT,True,1124.9677095815316
2026_07_15_gym,flight_23,30,1,1050,ok,True,30,30,1776.6683702433954,1389.4389526341422,1765.406641046785,1425.983362582028,38.24029867740205,43.0849677313356,HIT,True,1123.227595427292
2026_07_15_gym,flight_23,30,1,1100,ok,True,32,32,1735.7291052689015,1424.0977137550508,1765.406641046785,1425.983362582028,29.737380539419178,58.239660219353205,HIT,True,1121.9925761809945
2026_07_15_gym,flight_23,30,1,1150,ok,True,33,33,1738.483490095415,1404.5930505848096,1765.406641046785,1425.983362582028,34.386065556975176,49.80346410934307,HIT,True,1122.7974802214526
2026_07_15_gym,flight_23,30,1,1200,ok,False,35,35,1730.9781365895872,1447.9697014506662,1765.406641046785,1425.983362582028,40.849981836053246,76.96571372778277,HIT,True,1120.2557599425277
2026_07_15_gym,flight_23,30,1,1250,ok,False,36,36,1770.1107158891145,1411.2829794793008,1765.406641046785,1425.983362582028,15.434687670606825,28.44717323300083,HIT,True,1125.1729243940931
2026_07_15_gym,flight_24,30,1,150,not_fit_eligible,True,5,5,,,,,,,,,
2026_07_15_gym,flight_24,30,1,200,not_fit_eligible,True,7,7,,,,,,,,,
2026_07_15_gym,flight_24,30,1,250,fit_failed,True,8,8,,,,,,,,,
2026_07_15_gym,flight_24,30,1,300,ok,True,10,10,689.0028757266315,1797.8960848535908,836.3190685415341,1702.9005785932409,175.28892399446616,182.13665024140153,HIT,True,1140.054024355755
2026_07_15_gym,flight_24,30,1,350,ok,True,11,11,533.8634243286147,1657.1821462161213,836.3190685415341,1702.9005785932409,305.8914705827434,297.122158044573,HIT,True,1166.415856538065
2026_07_15_gym,flight_24,30,1,400,ok,True,13,13,687.1332440259742,1695.206111690385,836.3190685415341,1702.9005785932409,149.38411916032626,130.16691996696747,HIT,True,1152.5015862390567
2026_07_15_gym,flight_24,30,1,450,ok,True,14,14,728.4358479838368,1675.2366403995395,836.3190685415341,1702.9005785932409,111.37361785578169,95.92713784945238,HIT,True,1152.5160408747684
2026_07_15_gym,flight_24,30,1,490,ok,True,15,15,743.6237600606494,1673.0870200926106,836.3190685415341,1702.9005785932409,97.37180538963463,82.52357868328195,HIT,True,1151.6685571745957
2026_07_15_gym,flight_24,30,1,500,ok,True,16,16,767.5517033497873,1673.2955793152187,836.3190685415341,1702.9005785932409,74.86926270283926,61.12792133462154,HIT,True,1150.6324545930138
2026_07_15_gym,flight_24,30,1,550,ok,True,17,17,763.1600584831564,1692.693871490846,836.3190685415341,1702.9005785932409,73.86756813782276,64.68374087299458,HIT,True,1148.8450000796204
2026_07_15_gym,flight_24,30,1,600,ok,True,19,19,736.7944591516695,1730.0555063284733,836.3190685415341,1702.9005785932409,103.16267723605675,102.14005893850933,HIT,True,1146.1648536916819
2026_07_15_gym,flight_24,30,1,650,ok,True,20,20,740.4754368467502,1739.2657698080827,836.3190685415341,1702.9005785932409,102.5106280760068,105.1465627487764,HIT,True,1145.5091258016514
2026_07_15_gym,flight_24,30,1,700,ok,True,22,22,769.9740478661428,1733.770585507365,836.3190685415341,1702.9005785932409,73.17526286455124,79.55983214002003,HIT,True,1146.181021614704
2026_07_15_gym,flight_24,30,1,750,ok,True,23,23,789.1786257265701,1724.5273075092302,836.3190685415341,1702.9005785932409,51.86460018545,59.11912510061279,HIT,True,1147.0427544166305
2026_07_15_gym,flight_24,30,1,800,ok,True,25,25,803.7833107034318,1714.2891903814725,836.3190685415341,1702.9005785932409,34.471379673037234,41.578318853251766,HIT,True,1147.84886687077
2026_07_15_gym,flight_24,30,1,850,ok,True,26,26,829.8699312017432,1702.3358900824123,836.3190685415341,1702.9005785932409,6.473812288114886,24.605729461302346,HIT,True,1148.658688241393
2026_07_15_gym,flight_24,30,1,900,ok,True,28,28,830.1036104001168,1711.6322927636354,836.3190685415341,1702.9005785932409,10.71796399794188,29.959030970850677,HIT,True,1149.0515185807424
2026_07_15_gym,flight_24,30,1,950,ok,True,29,29,830.1034764349967,1711.6344275726124,836.3190685415341,1702.9005785932409,10.719780931964923,29.961635599288385,HIT,True,1149.0511474051668
2026_07_15_gym,flight_24,30,1,1000,ok,True,31,31,831.7850020910736,1717.4222821112057,836.3190685415341,1702.9005785932409,15.213074365192075,32.71338431933171,HIT,True,1149.7002430707212
2026_07_15_gym,flight_24,30,1,1050,ok,True,32,32,851.777086462399,1682.5738344461527,836.3190685415341,1702.9005785932409,25.536774378589122,26.21269210276068,HIT,True,1152.5370207447597
2026_07_15_gym,flight_24,30,1,1100,ok,True,34,34,826.3191973354708,1719.149789509172,836.3190685415341,1702.9005785932409,19.07968237493144,31.49735413348537,HIT,True,1150.3990491379056
2026_07_15_gym,flight_24,30,1,1150,ok,True,34,34,826.3191973354708,1719.149789509172,836.3190685415341,1702.9005785932409,19.07968237493144,31.49735413348537,HIT,True,1150.3990491379056
2026_07_15_gym,flight_24,30,1,1200,ok,False,36,36,843.2939724828917,1705.4158929608982,836.3190685415341,1702.9005785932409,7.414586391654602,20.234351260452897,HIT,True,1152.262927351927
2026_07_15_gym,flight_24,30,1,1250,ok,False,37,37,843.2940144510485,1705.4152455862445,836.3190685415341,1702.9005785932409,7.41440628279526,20.23382630836677,HIT,True,1152.2630396557768
2026_07_15_gym,flight_25,30,1,150,not_fit_eligible,True,5,5,,,,,,,,,
2026_07_15_gym,flight_25,30,1,200,not_fit_eligible,True,7,7,,,,,,,,,
2026_07_15_gym,flight_25,30,1,250,fit_failed,True,8,8,,,,,,,,,
2026_07_15_gym,flight_25,30,1,300,ok,True,10,10,1194.6171547687502,2106.477500504104,1243.4904360138703,2170.667638407165,80.67819670566921,60.38889853567165,MISS_HIGH_WIDE,True,1172.603105017861
2026_07_15_gym,flight_25,30,1,350,ok,True,11,11,939.2426514846177,2163.5763536505883,1243.4904360138703,2170.667638407165,304.3304137125591,247.88332350427652,MISS_HIGH_WIDE,True,1183.4318881687786
2026_07_15_gym,flight_25,30,1,400,ok,True,13,13,1194.006860969563,2122.1705758714697,1243.4904360138703,2170.667638407165,69.28628488926763,53.0591745440762,MISS_HIGH_WIDE,True,1165.8144649944516
2026_07_15_gym,flight_25,30,1,450,ok,True,14,14,1165.8649596494374,2139.5765455783303,1243.4904360138703,2170.667638407165,83.62039604125513,69.07578985206202,MISS_HIGH_WIDE,True,1166.1567926081552
2026_07_15_gym,flight_25,30,1,490,ok,True,15,15,1201.7244193040738,2103.4750133731895,1243.4904360138703,2170.667638407165,79.115415759253,54.95346801472107,MISS_HIGH_WIDE,True,1170.7773883763896
2026_07_15_gym,flight_25,30,1,500,ok,True,16,16,1220.730201083084,2078.8011308884024,1243.4904360138703,2170.667638407165,94.64398289273059,74.753782363804,MISS_HIGH_WIDE,True,1174.1507527930355
2026_07_15_gym,flight_25,30,1,550,ok,True,17,17,1238.6509495038824,2074.618480949819,1243.4904360138703,2170.667638407165,96.17100019208716,78.36457030330104,MISS_HIGH_WIDE,True,1173.5084388177888
2026_07_15_gym,flight_25,30,1,600,ok,True,19,19,1236.3006484163554,2055.3368698209943,1243.4904360138703,2170.667638407165,115.5546590509197,98.586362176318,MISS_HIGH_WIDE,True,1176.0996744286288
2026_07_15_gym,flight_25,30,1,650,ok,True,20,20,1250.6818066139258,2054.147290026041,1243.4904360138703,2170.667638407165,116.74205496720494,100.25132820759957,MISS_HIGH_WIDE,True,1174.8468052482074
2026_07_15_gym,flight_25,30,1,700,ok,True,22,22,1252.9249903001134,2065.8552937453433,1243.4904360138703,2170.667638407165,105.2361079102065,88.85871456609738,MISS_HIGH_WIDE,True,1174.0386386556506
2026_07_15_gym,flight_25,30,1,750,ok,True,23,23,1239.553830862398,2066.934457641812,1243.4904360138703,2170.667638407165,103.80784966377077,84.54368411813216,MISS_HIGH_WIDE,True,1174.7220345267697
2026_07_15_gym,flight_25,30,1,800,ok,True,25,25,1214.6994469841713,2063.246220359645,1243.4904360138703,2170.667638407165,111.2127785133,96.44303927002878,MISS_HIGH_WIDE,True,1176.2778219095221
2026_07_15_gym,flight_25,30,1,850,ok,True,26,26,1220.2361560032116,2059.0260924448685,1243.4904360138703,2170.667638407165,114.03769694125593,98.75368864963983,MISS_HIGH_WIDE,True,1176.540275995263
2026_07_15_gym,flight_25,30,1,900,ok,True,26,26,1220.2361560032116,2059.0260924448685,1243.4904360138703,2170.667638407165,114.03769694125593,98.75368864963983,MISS_HIGH_WIDE,True,1176.540275995263
2026_07_15_gym,flight_25,30,1,950,ok,True,26,26,1220.2361560032116,2059.0260924448685,1243.4904360138703,2170.667638407165,114.03769694125593,98.75368864963983,MISS_HIGH_WIDE,True,1176.540275995263
2026_07_15_gym,flight_25,30,1,1000,ok,True,28,28,1241.869822220773,2153.6021116780603,1243.4904360138703,2170.667638407165,17.1423041510811,32.631267027511164,MISS_HIGH_WIDE,True,1169.9835676599018
2026_07_15_gym,flight_25,30,1,1050,ok,True,29,29,1226.5593588336476,2107.301850195152,1243.4904360138703,2170.667638407165,65.588752772197,45.4260359586441,MISS_HIGH_WIDE,True,1172.5348458558044
2026_07_15_gym,flight_25,30,1,1100,ok,True,31,31,1251.1233192055586,2089.9035665247147,1243.4904360138703,2170.667638407165,81.12395585060916,61.8316006312057,MISS_HIGH_WIDE,True,1174.460652886413
2026_07_15_gym,flight_25,30,1,1150,ok,True,32,32,1209.756725268673,2198.0603930036505,1243.4904360138703,2170.667638407165,43.45487596373847,69.61200817446804,MISS_HIGH_WIDE,True,1170.2662244368444
2026_07_15_gym,flight_25,30,1,1200,ok,False,33,33,1219.3732357743247,2180.098608326735,1243.4904360138703,2170.667638407165,25.89560852766671,45.845648100531996,MISS_HIGH_WIDE,True,1172.4789552579393
2026_07_15_gym,flight_25,30,1,1250,ok,False,34,34,1205.5259971787023,2204.468624343854,1243.4904360138703,2170.667638407165,50.83114464933341,70.91171273505466,MISS_HIGH_WIDE,True,1171.7858824996883
2026_07_15_gym,flight_26,30,1,150,not_fit_eligible,True,5,5,,,,,,,,,
2026_07_15_gym,flight_26,30,1,200,not_fit_eligible,True,7,7,,,,,,,,,
2026_07_15_gym,flight_26,30,1,250,ok,True,8,8,-201.9430100646022,1343.0945881240473,-137.62928675421554,1464.0741343325371,137.01206372745835,153.19302461460094,MISS_HIGH_WIDE,True,1263.2917757352923
2026_07_15_gym,flight_26,30,1,300,ok,True,10,10,-272.90544857934594,1392.2210962326476,-137.62928675421554,1464.0741343325371,153.17473369431085,145.87602935727384,MISS_HIGH_WIDE,True,1257.5077131312494
2026_07_15_gym,flight_26,30,1,350,ok,True,11,11,-288.43263041812156,1413.1258061854342,-137.62928675421554,1464.0741343325371,159.17719874780755,148.0258695904395,MISS_HIGH_WIDE,True,1257.098467735994
2026_07_15_gym,flight_26,30,1,400,ok,True,13,13,-331.1534724809052,1406.1382461369915,-137.62928675421554,1464.0741343325371,202.01034033480818,181.4503899597524,MISS_HIGH_WIDE,True,1259.3898812800176
2026_07_15_gym,flight_26,30,1,450,ok,True,14,14,-377.1407660549847,1411.2419605749747,-137.62928675421554,1464.0741343325371,245.26921392786343,217.72718686253376,MISS_HIGH_WIDE,True,1264.107065813746
2026_07_15_gym,flight_26,30,1,490,ok,True,15,15,-377.1407713788438,1411.2418939942613,-137.62928675421554,1464.0741343325371,245.26923346855978,217.72721869400982,MISS_HIGH_WIDE,True,1264.1070762601682
2026_07_15_gym,flight_26,30,1,500,ok,True,16,16,-371.36860482616925,1440.3793407965743,-137.62928675421554,1464.0741343325371,234.93725131075712,200.08974078154424,MISS_HIGH_WIDE,True,1257.1162534396778
2026_07_15_gym,flight_26,30,1,550,ok,True,17,17,-377.7054721276137,1459.5744028653617,-137.62928675421554,1464.0741343325371,240.11835074962286,201.85135263771946,MISS_HIGH_WIDE,True,1253.494727463598
2026_07_15_gym,flight_26,30,1,600,ok,True,19,19,-298.582873307758,1434.3182368877674,-137.62928675421554,1464.0741343325371,163.68100212667426,144.84354471984366,MISS_HIGH_WIDE,True,1248.5294257636456
2026_07_15_gym,flight_26,30,1,650,ok,True,20,20,-360.18816649733594,1449.7843932437258,-137.62928675421554,1464.0741343325371,223.01715551252553,189.26693569851588,MISS_HIGH_WIDE,True,1252.9404581076265
2026_07_15_gym,flight_26,30,1,700,ok,True,21,21,-301.59835360798735,1418.1995976334078,-137.62928675421554,1464.0741343325371,170.2654633278765,148.0517978249105,MISS_HIGH_WIDE,True,1252.6786299501312
2026_07_15_gym,flight_26,30,1,750,ok,True,22,22,-301.598353826081,1418.1995945928954,-137.62928675421554,1464.0741343325371,170.26546435710878,148.05179897086805,MISS_HIGH_WIDE,True,1252.6786304300524
2026_07_15_gym,flight_26,30,1,800,ok,True,24,24,-315.8424016089679,1453.4074158310157,-137.62928675421554,1464.0741343325371,178.5320508755329,153.65471629068816,MISS_HIGH_WIDE,True,1249.70309053783
2026_07_15_gym,flight_26,30,1,850,ok,True,25,25,-205.2516928318557,1381.1586353115667,-137.62928675421554,1464.0741343325371,106.9942511615732,101.75204244994549,MISS_HIGH_WIDE,True,1253.7254144458066
2026_07_15_gym,flight_26,30,1,900,ok,True,27,27,-172.35998460374822,1376.2855964829755,-137.62928675421554,1464.0741343325371,94.40894423135687,93.62249241170491,MISS_HIGH_WIDE,True,1254.8678570714467
2026_07_15_gym,flight_26,30,1,950,ok,True,28,28,-233.73707212328765,1409.508926384121,-137.62928675421554,1464.0741343325371,110.51727614722293,97.06079702110043,MISS_HIGH_WIDE,True,1253.140344578215
2026_07_15_gym,flight_26,30,1,1000,ok,True,29,29,-178.17920253165093,1394.6077938389033,-137.62928675421554,1464.0741343325371,80.43549049477215,78.37028432839318,MISS_HIGH_WIDE,True,1254.1470908728325
2026_07_15_gym,flight_26,30,1,1050,ok,True,30,30,-178.4678481534675,1411.1204896577017,-137.62928675421554,1464.0741343325371,66.87209120035952,63.47307061661064,MISS_HIGH_WIDE,True,1253.1515605793804
2026_07_15_gym,flight_26,30,1,1100,ok,True,31,31,-181.27172102254843,1412.6267211927318,-137.62928675421554,1464.0741343325371,67.46479369006899,64.63737405976508,MISS_HIGH_WIDE,True,1252.9695520793703
2026_07_15_gym,flight_26,30,1,1150,ok,True,32,32,-180.02445488027774,1418.1361322269552,-137.62928675421554,1464.0741343325371,62.51120153932041,56.97489139120556,MISS_HIGH_WIDE,True,1253.066229809754
2026_07_15_gym,flight_26,30,1,1200,ok,True,34,34,-171.45826927686875,1390.177163247878,-137.62928675421554,1464.0741343325371,81.27215017461342,80.60675809140348,MISS_HIGH_WIDE,True,1254.5561309585194
2026_07_15_gym,flight_26,30,1,1250,fit_failed,True,35,35,,,,,,,,,
2026_07_15_gym,flight_28,30,1,150,not_fit_eligible,True,5,5,,,,,,,,,
2026_07_15_gym,flight_28,30,1,200,not_fit_eligible,True,7,7,,,,,,,,,
2026_07_15_gym,flight_28,30,1,250,fit_failed,True,8,8,,,,,,,,,
2026_07_15_gym,flight_28,30,1,300,ok,True,10,10,-297.3031925842092,1095.3660326547028,-154.94916916271745,1236.753207837785,200.63649042618897,188.74093332104118,MISS_HIGH_WIDE,True,1394.5931420086158
2026_07_15_gym,flight_28,30,1,350,ok,True,11,11,-268.37933682059565,1077.8492036386294,-154.94916916271745,1236.753207837785,195.23546164931113,179.75234757154362,MISS_HIGH_WIDE,True,1391.7364973524263
2026_07_15_gym,flight_28,30,1,400,ok,True,13,13,-279.54468035103076,1105.167390237737,-154.94916916271745,1236.753207837785,181.21497951811335,155.65796630150442,MISS_HIGH_WIDE,True,1387.2908797989753
2026_07_15_gym,flight_28,30,1,450,ok,True,14,14,-229.57282682460243,1122.1013674310864,-154.94916916271745,1236.753207837785,136.7981534651741,110.96846010608401,MISS_HIGH_WIDE,True,1380.6722553020222
2026_07_15_gym,flight_28,30,1,490,ok,True,15,15,-195.66801206807142,1143.1405576284026,-154.94916916271745,1236.753207837785,102.08502557562056,73.3055618617432,MISS_HIGH_WIDE,True,1375.1127720790278
2026_07_15_gym,flight_28,30,1,500,ok,True,16,16,-199.88199645708332,1172.3931455221436,-154.94916916271745,1236.753207837785,78.49316269547663,52.310069814733026,MISS_HIGH_WIDE,True,1372.2350090896916
2026_07_15_gym,flight_28,30,1,550,ok,True,17,17,-192.19351204113414,1200.3675133760373,-154.94916916271745,1236.753207837785,52.06783880581881,34.135796625678076,MISS_HIGH_WIDE,True,1367.7579202993306
2026_07_15_gym,flight_28,30,1,600,ok,True,19,19,-193.69305574027254,1201.1844832071763,-154.94916916271745,1236.753207837785,52.59489441934959,35.35018247080112,MISS_HIGH_WIDE,True,1367.231543757576
2026_07_15_gym,flight_28,30,1,650,ok,True,20,20,-153.3879570336376,1227.2096456766774,-154.94916916271745,1236.753207837785,9.670416849077048,42.94338319713355,MISS_HIGH_WIDE,True,1361.4688230099246
2026_07_15_gym,flight_28,30,1,700,ok,True,22,22,-145.4459890087623,1190.8138981925053,-154.94916916271745,1236.753207837785,46.911945213595885,21.809574694050728,MISS_HIGH_WIDE,True,1365.9142962732512
2026_07_15_gym,flight_28,30,1,750,ok,True,23,23,-115.03401371850885,1208.4523512961614,-154.94916916271745,1236.753207837785,48.93013504094284,45.8275964222257,MISS_HIGH_WIDE,True,1362.193472374214
2026_07_15_gym,flight_28,30,1,800,ok,True,25,25,-92.7066391511437,1187.8218197574372,-154.94916916271745,1236.753207837785,79.17331167578676,55.74931593066903,MISS_HIGH_WIDE,True,1364.5653897729742
2026_07_15_gym,flight_28,30,1,850,ok,True,26,26,-96.77388881108045,1187.1311558267057,-154.94916916271745,1236.753207837785,76.46379071025599,52.41439752483931,MISS_HIGH_WIDE,True,1365.6442924960456
2026_07_15_gym,flight_28,30,1,900,ok,True,28,28,-96.62133483333612,1178.7906406381637,-154.94916916271745,1236.753207837785,82.23013713916802,54.321849198189405,MISS_HIGH_WIDE,True,1367.1284332419432
2026_07_15_gym,flight_28,30,1,950,ok,True,29,29,-102.58780485633775,1176.5154498747993,-154.94916916271745,1236.753207837785,79.8141588719237,51.802608328780536,MISS_HIGH_WIDE,True,1368.9066029298272
2026_07_15_gym,flight_28,30,1,1000,ok,True,30,30,-102.587834746533,1176.5145633357413,-154.94916916271745,1236.753207837785,79.81480835839372,51.803088250722304,MISS_HIGH_WIDE,True,1368.9067318419454
2026_07_15_gym,flight_28,30,1,1050,ok,True,30,30,-102.587834746533,1176.5145633357413,-154.94916916271745,1236.753207837785,79.81480835839372,51.803088250722304,MISS_HIGH_WIDE,True,1368.9067318419454
2026_07_15_gym,flight_28,30,1,1100,ok,True,32,32,-95.70991293800051,1175.5822434510362,-154.94916916271745,1236.753207837785,85.15383938532993,59.56478754579127,MISS_HIGH_WIDE,True,1371.9433670234755
2026_07_15_gym,flight_28,30,1,1150,ok,True,33,33,-107.85928504117295,1192.5477136273162,-154.94916916271745,1236.753207837785,64.58779222865797,43.10424798836349,MISS_HIGH_WIDE,True,1371.1651352235897
2026_07_15_gym,flight_28,30,1,1200,ok,True,35,35,-113.26170433143592,1175.3805834734542,-154.94916916271745,1236.753207837785,74.19193854742308,50.958320932425046,MISS_HIGH_WIDE,True,1374.76225617603
2026_07_15_gym,flight_28,30,1,1250,ok,True,36,36,-121.7418377109366,1184.5528054727467,-154.94916916271745,1236.753207837785,61.86767224666156,38.732790987192196,MISS_HIGH_WIDE,True,1373.540838739047
2026_07_15_gym,flight_29,30,1,150,not_fit_eligible,True,4,4,,,,,,,,,
2026_07_15_gym,flight_29,30,1,200,not_fit_eligible,True,6,6,,,,,,,,,
2026_07_15_gym,flight_29,30,1,250,not_fit_eligible,True,7,7,,,,,,,,,
2026_07_15_gym,flight_29,30,1,300,ok,True,9,9,1214.6300181087224,165.4247704692942,1025.4016252392755,343.32772454011547,259.72455743552337,162.35376697081253,HIT,True,1469.1362275698598
2026_07_15_gym,flight_29,30,1,350,ok,True,10,10,1214.63009752638,165.42368782418527,1025.4016252392755,343.32772454011547,259.72535687517023,162.35440812861353,HIT,True,1469.136368286083
2026_07_15_gym,flight_29,30,1,400,ok,True,12,12,931.3028774138414,202.1507840478686,1025.4016252392755,343.32772454011547,169.66290952670252,148.85188819273984,HIT,True,1481.1212820871785
2026_07_15_gym,flight_29,30,1,450,ok,True,13,13,1200.803340033581,223.9180361321363,1025.4016252392755,343.32772454011547,212.1896209489841,124.8102048810166,HIT,True,1458.9855832227033
2026_07_15_gym,flight_29,30,1,490,ok,True,14,14,1199.7986094074029,236.23416805821665,1025.4016252392755,343.32772454011547,204.65419108066104,120.27425513697536,HIT,True,1454.6808148893099
2026_07_15_gym,flight_29,30,1,500,ok,True,15,15,1147.6826488785664,250.26547707015766,1025.4016252392755,343.32772454011547,153.6659710099555,87.85854790293594,HIT,True,1455.6768073880985
2026_07_15_gym,flight_29,30,1,550,ok,True,16,16,1117.2896517705433,261.03379054908635,1025.4016252392755,343.32772454011547,123.35193955317779,68.522924719888,HIT,True,1455.8279195924367
2026_07_15_gym,flight_29,30,1,600,ok,True,18,18,1060.0611443947942,291.77073124338364,1025.4016252392755,343.32772454011547,62.124116298672725,30.788037508494334,HIT,True,1456.1244674510294
2026_07_15_gym,flight_29,30,1,650,ok,True,19,19,1046.4261234554676,296.1971399134915,1025.4016252392755,343.32772454011547,51.607378663230186,23.46278694124668,HIT,True,1456.5238390106024
2026_07_15_gym,flight_29,30,1,700,ok,True,21,21,1038.6527973183556,299.2890307724092,1025.4016252392755,343.32772454011547,45.989130348759616,19.52896254124763,HIT,True,1457.177525120198
2026_07_15_gym,flight_29,30,1,750,ok,True,22,22,1049.483168615942,290.50777941944204,1025.4016252392755,343.32772454011547,58.050558429297,26.507119994393392,HIT,True,1457.8866334821423
2026_07_15_gym,flight_29,30,1,800,ok,True,24,24,1047.043459695326,292.6386443458112,1025.4016252392755,343.32772454011547,55.11580399093986,24.690028698883822,HIT,True,1457.697915780764
2026_07_15_gym,flight_29,30,1,850,ok,True,25,25,1018.965418494128,317.47475537291785,1025.4016252392755,343.32772454011547,26.642086480348205,15.39769130052292,HIT,True,1456.8345454688663
2026_07_15_gym,flight_29,30,1,900,ok,True,27,27,1011.0449946417181,320.38851961221917,1025.4016252392755,343.32772454011547,27.06141099127584,13.522246774609561,HIT,True,1458.0595422810732
2026_07_15_gym,flight_29,30,1,950,ok,True,28,28,1008.5037000461007,321.900940045498,1025.4016252392755,343.32772454011547,27.2882203452866,16.428734248585904,HIT,True,1458.9227451057138
2026_07_15_gym,flight_29,30,1,1000,ok,True,30,30,1021.0872283123011,319.014280368603,1025.4016252392755,343.32772454011547,24.693270101886853,9.399204803015579,HIT,True,1460.4796014525475
2026_07_15_gym,flight_29,30,1,1050,ok,True,31,31,1021.0872780945062,319.0134353985264,1025.4016252392755,343.32772454011547,24.694093377696124,9.399624620138841,HIT,True,1460.4797128477849
2026_07_15_gym,flight_29,30,1,1100,ok,True,33,33,1033.963764657358,319.3939326805478,1025.4016252392755,343.32772454011547,25.419217615650403,8.94789289091413,HIT,True,1460.8949164503103
2026_07_15_gym,flight_29,30,1,1150,ok,True,34,34,1041.4191601457828,314.7044128306233,1025.4016252392755,343.32772454011547,32.80023472019569,13.839445673392833,HIT,True,1461.208468576178
2026_07_15_gym,flight_29,30,1,1200,ok,True,35,35,1047.825409803262,327.09007522660175,1025.4016252392755,343.32772454011547,27.685508292258714,15.124159066029502,HIT,True,1460.8569127260034
2026_07_15_gym,flight_29,30,1,1250,ok,True,36,36,1031.0432619725837,323.76416189084864,1025.4016252392755,343.32772454011547,20.3607722977887,5.81774628589247,HIT,True,1461.1067474975393
2026_07_15_gym,flight_33,30,1,150,not_fit_eligible,True,5,5,,,,,,,,,
2026_07_15_gym,flight_33,30,1,200,not_fit_eligible,True,7,7,,,,,,,,,
2026_07_15_gym,flight_33,30,1,250,fit_failed,True,8,8,,,,,,,,,
2026_07_15_gym,flight_33,30,1,300,fit_failed,True,10,10,,,,,,,,,
2026_07_15_gym,flight_33,30,1,350,ok,True,11,11,620.6809417793321,1379.8539154378946,847.5982895940475,1336.5944001102284,231.00404413267123,230.88109276473753,HIT,True,1099.088648461012
2026_07_15_gym,flight_33,30,1,400,ok,True,13,13,743.525266216748,1326.926568182704,847.5982895940475,1336.5944001102284,104.5211039411218,126.05409868407878,HIT,True,1101.3868755319957
2026_07_15_gym,flight_33,30,1,450,ok,True,13,13,743.525266216748,1326.926568182704,847.5982895940475,1336.5944001102284,104.5211039411218,126.05409868407878,HIT,True,1101.3868755319957
2026_07_15_gym,flight_33,30,1,490,ok,True,14,14,576.8386208125588,1384.5152244698047,847.5982895940475,1336.5944001102284,274.96764108884304,272.041444944435,HIT,True,1102.9167479978214
2026_07_15_gym,flight_33,30,1,500,ok,True,15,15,775.3797565652105,1322.4171461230453,847.5982895940475,1336.5944001102284,73.59694996026886,96.00434499728065,HIT,True,1098.1881983933633
2026_07_15_gym,flight_33,30,1,550,ok,True,15,15,775.3797565652105,1322.4171461230453,847.5982895940475,1336.5944001102284,73.59694996026886,96.00434499728065,HIT,True,1098.1881983933633
2026_07_15_gym,flight_33,30,1,600,ok,True,17,17,817.0901128992527,1318.0144694747223,847.5982895940475,1336.5944001102284,35.72061964273629,56.73684809188271,HIT,True,1100.0147892830296
2026_07_15_gym,flight_33,30,1,650,ok,True,18,18,857.7708511616222,1314.3791528397355,847.5982895940475,1336.5944001102284,24.43354702320644,11.717103956480813,HIT,True,1098.4964839784327
2026_07_15_gym,flight_33,30,1,700,ok,True,20,20,882.9916507503635,1329.3537775374136,847.5982895940475,1336.5944001102284,36.12639795472799,49.203875855896904,HIT,True,1095.9547513122543
2026_07_15_gym,flight_33,30,1,750,ok,True,21,21,850.6382083646544,1325.3062071251557,847.5982895940475,1336.5944001102284,11.690355298284745,21.288801481152092,HIT,True,1098.4888051422813
2026_07_15_gym,flight_33,30,1,800,ok,True,23,23,878.055952236001,1319.112046752798,847.5982895940475,1336.5944001102284,35.11839820557174,35.31765325355904,HIT,True,1099.492032602132
2026_07_15_gym,flight_33,30,1,850,ok,True,24,24,853.2907514076164,1320.9146611000656,847.5982895940475,1336.5944001102284,16.681077211192413,16.604805950913036,HIT,True,1101.2104848787317
2026_07_15_gym,flight_33,30,1,900,ok,True,26,26,853.6213389005413,1314.1308192433225,847.5982895940475,1336.5944001102284,23.257033093506912,30.356070310459007,HIT,True,1102.6737762539904
2026_07_15_gym,flight_33,30,1,950,ok,True,27,27,856.4780921982585,1313.599641167308,847.5982895940475,1336.5944001102284,24.649743064234464,25.025702562700094,HIT,True,1102.8536524397841
2026_07_15_gym,flight_33,30,1,1000,ok,True,29,29,863.2353916679588,1304.1969406569922,847.5982895940475,1336.5944001102284,35.97380074851706,34.53548589547268,HIT,True,1104.070353117638
2026_07_15_gym,flight_33,30,1,1050,ok,True,29,29,863.2353916679588,1304.1969406569922,847.5982895940475,1336.5944001102284,35.97380074851706,34.53548589547268,HIT,True,1104.070353117638
2026_07_15_gym,flight_33,30,1,1100,ok,True,30,30,867.2023295281157,1304.180221381431,847.5982895940475,1336.5944001102284,37.88135906219526,28.583096133538422,HIT,True,1103.953664436723
2026_07_15_gym,flight_33,30,1,1150,ok,False,31,31,879.1735544938601,1296.9900195206403,847.5982895940475,1336.5944001102284,50.650807647837986,43.49700939763428,HIT,True,1106.647822850403
2026_07_15_gym,flight_33,30,1,1200,ok,False,33,33,861.7129161926376,1314.0946843178456,847.5982895940475,1336.5944001102284,26.56049500208214,29.752679640271033,HIT,True,1103.6821640280389
2026_07_15_gym,flight_33,30,1,1250,ok,False,34,34,852.0755406058014,1322.5870061088215,847.5982895940475,1336.5944001102284,14.705538525769906,26.54075506703858,HIT,True,1102.2858392988242
2026_07_15_gym,flight_36,30,1,150,not_fit_eligible,True,5,5,,,,,,,,,
2026_07_15_gym,flight_36,30,1,200,not_fit_eligible,True,7,7,,,,,,,,,
2026_07_15_gym,flight_36,30,1,250,fit_failed,True,8,8,,,,,,,,,
2026_07_15_gym,flight_36,30,1,300,fit_failed,True,10,10,,,,,,,,,
2026_07_15_gym,flight_36,30,1,350,fit_failed,True,11,11,,,,,,,,,
2026_07_15_gym,flight_36,30,1,400,fit_failed,True,13,13,,,,,,,,,
2026_07_15_gym,flight_36,30,1,450,fit_failed,True,13,13,,,,,,,,,
2026_07_15_gym,flight_36,30,1,490,fit_failed,True,14,14,,,,,,,,,
2026_07_15_gym,flight_36,30,1,500,fit_failed,True,15,15,,,,,,,,,
2026_07_15_gym,flight_36,30,1,550,fit_failed,True,16,16,,,,,,,,,
2026_07_15_gym,flight_36,30,1,600,fit_failed,True,17,17,,,,,,,,,
2026_07_15_gym,flight_36,30,1,650,fit_failed,True,17,17,,,,,,,,,
2026_07_15_gym,flight_36,30,1,700,fit_failed,True,17,17,,,,,,,,,
2026_07_15_gym,flight_36,30,1,750,fit_failed,True,18,18,,,,,,,,,
2026_07_15_gym,flight_36,30,1,800,ok,True,20,20,1067.743546586409,249.5384079878086,986.921841022628,273.84947805604213,84.39891123765199,98.24480350439573,HIT,True,1341.9060676976612
2026_07_15_gym,flight_36,30,1,850,ok,True,21,21,1000.5011020221518,250.72934371482395,986.921841022628,273.84947805604213,26.812999482511568,29.615367284431233,HIT,True,1347.2168275417725
2026_07_15_gym,flight_36,30,1,900,ok,True,23,23,948.3445993099745,222.42588328831255,986.921841022628,273.84947805604213,64.2852212953503,67.16349497992837,HIT,True,1353.4562591383378
2026_07_15_gym,flight_36,30,1,950,fit_failed,True,24,24,,,,,,,,,
2026_07_15_gym,flight_36,30,1,1000,ok,True,26,26,951.849540272365,268.1553265632593,986.921841022628,273.84947805604213,35.53153023920672,27.40071816604695,HIT,True,1348.640059766091
2026_07_15_gym,flight_36,30,1,1050,ok,True,27,27,903.4462405457806,272.63595685399014,986.921841022628,273.84947805604213,83.48442075428248,75.63475875734207,HIT,True,1350.4736240999744
2026_07_15_gym,flight_36,30,1,1100,ok,True,28,28,1063.8203718264322,92.27727254204966,986.921841022628,273.84947805604213,197.18481142065465,164.94992192296488,HIT,True,1366.8121143013116
2026_07_15_gym,flight_36,30,1,1150,ok,True,29,29,924.8345574890404,323.64168616490883,986.921841022628,273.84947805604213,79.58702636068759,43.42714039371898,HIT,True,1343.9586850872115
2026_07_15_gym,flight_36,30,1,1200,ok,True,31,31,1083.8861450676613,132.39135600605815,986.921841022628,273.84947805604213,171.50066050265184,156.25541465861667,HIT,True,1362.8350048962802
2026_07_15_gym,flight_36,30,1,1250,fit_failed,True,32,32,,,,,,,,,
2026_07_15_gym,flight_48,30,1,150,not_fit_eligible,True,5,5,,,,,,,,,
2026_07_15_gym,flight_48,30,1,200,not_fit_eligible,True,7,7,,,,,,,,,
2026_07_15_gym,flight_48,30,1,250,fit_failed,True,8,8,,,,,,,,,
2026_07_15_gym,flight_48,30,1,300,fit_failed,True,10,10,,,,,,,,,
2026_07_15_gym,flight_48,30,1,350,fit_failed,True,11,11,,,,,,,,,
2026_07_15_gym,flight_48,30,1,400,ok,True,13,13,914.7507138750585,1777.3316634874766,1066.0307525893527,1743.9534968170767,154.9185338288332,128.06495960475436,HIT,True,1242.7668167640113
2026_07_15_gym,flight_48,30,1,450,ok,True,14,14,914.7507142596946,1777.3316570880027,1066.0307525893527,1743.9534968170767,154.9185320744243,128.06495776069,HIT,True,1242.7668178861381
2026_07_15_gym,flight_48,30,1,490,ok,True,15,15,952.9110193122546,1774.6035592764435,1066.0307525893527,1743.9534968170767,117.19855112348834,108.91767042332665,HIT,True,1236.1414570775519
2026_07_15_gym,flight_48,30,1,500,fit_failed,True,16,16,,,,,,,,,
2026_07_15_gym,flight_48,30,1,550,fit_failed,True,16,16,,,,,,,,,
2026_07_15_gym,flight_48,30,1,600,ok,True,18,18,1007.9557043834175,1767.6534335316549,1066.0307525893527,1743.9534968170767,62.72478158110005,85.02052107423795,HIT,True,1230.5525341550988
2026_07_15_gym,flight_48,30,1,650,ok,True,19,19,1031.5184091961964,1727.979147352845,1066.0307525893527,1743.9534968170767,38.03001035093907,48.987618314647534,HIT,True,1233.8686302212527
2026_07_15_gym,flight_48,30,1,700,ok,True,21,21,1072.2903291506475,1729.6884369152417,1066.0307525893527,1743.9534968170767,15.578004773707452,42.780632940170555,HIT,True,1233.9676970073365
2026_07_15_gym,flight_48,30,1,750,ok,True,22,22,1028.2782202281976,1758.6424982498966,1066.0307525893527,1743.9534968170767,40.50951076936681,60.68387183412592,HIT,True,1233.4394229554725
2026_07_15_gym,flight_48,30,1,800,ok,True,23,23,991.9982044373373,1768.6352436752404,1066.0307525893527,1743.9534968170767,78.03849571750436,87.8156981577711,HIT,True,1235.5622679248902
2026_07_15_gym,flight_48,30,1,850,ok,True,24,24,1070.1768450127254,1746.9109570162548,1066.0307525893527,1743.9534968170767,5.092804061896626,46.37265024249733,HIT,True,1235.103283773585
2026_07_15_gym,flight_48,30,1,900,ok,True,25,25,1012.2264376855965,1767.9056643892543,1066.0307525893527,1743.9534968170767,58.89491178080021,69.51636601832823,HIT,True,1234.1647866071094
2026_07_15_gym,flight_48,30,1,950,ok,True,26,26,972.832976394851,1761.9540590363729,1066.0307525893527,1743.9534968170767,94.9202071627068,120.77845079599346,HIT,True,1238.0272102422996
2026_07_15_gym,flight_48,30,1,1000,ok,True,28,28,1084.9386240916474,1714.9169168308256,1066.0307525893527,1743.9534968170767,34.650116623833284,14.689309498680748,HIT,True,1242.0941435292673
2026_07_15_gym,flight_48,30,1,1050,ok,True,29,29,1085.6624733811348,1732.896600819339,1066.0307525893527,1743.9534968170767,22.531298461279945,24.22842944818034,HIT,True,1239.0102526994488
2026_07_15_gym,flight_48,30,1,1100,ok,True,31,31,1101.839296986722,1726.8914267151977,1066.0307525893527,1743.9534968170767,39.665678968345006,40.55512991098395,HIT,True,1242.734487501009
2026_07_15_gym,flight_48,30,1,1150,ok,True,32,32,1054.5975193041427,1767.016130917695,1066.0307525893527,1743.9534968170767,25.74109389697787,39.9024014804668,HIT,True,1239.0272394136573
2026_07_15_gym,flight_48,30,1,1200,ok,True,34,34,1063.7910168315705,1760.7859301152628,1066.0307525893527,1743.9534968170767,16.980789940476008,38.057787788565896,HIT,True,1239.1278086268771
2026_07_15_gym,flight_48,30,1,1250,ok,True,34,34,1063.7910168315705,1760.7859301152628,1066.0307525893527,1743.9534968170767,16.980789940476008,38.057787788565896,HIT,True,1239.1278086268771
2026_07_15_gym,flight_52,30,1,150,not_fit_eligible,True,5,5,,,,,,,,,
2026_07_15_gym,flight_52,30,1,200,not_fit_eligible,True,7,7,,,,,,,,,
2026_07_15_gym,flight_52,30,1,250,fit_failed,True,8,8,,,,,,,,,
2026_07_15_gym,flight_52,30,1,300,ok,True,10,10,310.0504599531014,972.9126324222512,445.24373182980236,941.9631626531138,138.6906285216068,218.60348402445862,HIT,True,788.3283670418313
2026_07_15_gym,flight_52,30,1,350,ok,True,11,11,367.1435528828967,930.0925477534387,445.24373182980236,941.9631626531138,78.9971483639446,144.0262772719962,HIT,True,790.2492216352149
2026_07_15_gym,flight_52,30,1,400,ok,True,13,13,321.25639587946483,933.7717829416107,445.24373182980236,941.9631626531138,124.25762824728261,216.32352770117546,HIT,True,789.7543462549269
2026_07_15_gym,flight_52,30,1,450,ok,True,14,14,351.17338245877517,934.3179640045656,445.24373182980236,941.9631626531138,94.38050483634255,162.2486983119047,HIT,True,787.6119748360189
2026_07_15_gym,flight_52,30,1,490,ok,True,14,14,351.17338245877517,934.3179640045656,445.24373182980236,941.9631626531138,94.38050483634255,162.2486983119047,HIT,True,787.6119748360189
2026_07_15_gym,flight_52,30,1,500,ok,True,15,15,397.0945286098346,938.0419645416821,445.24373182980236,941.9631626531138,48.308607569944,81.97891916322483,HIT,True,785.331271904227
2026_07_15_gym,flight_52,30,1,550,ok,True,16,16,374.4288886869176,938.5267904966821,445.24373182980236,941.9631626531138,70.89817108324353,129.50588910732202,HIT,True,786.3001523042312
2026_07_15_gym,flight_52,30,1,600,ok,True,18,18,352.114423972124,958.2454857417215,445.24373182980236,941.9631626531138,94.54195908279056,167.99959708045074,HIT,True,783.7159649171124
2026_07_15_gym,flight_52,30,1,650,ok,True,19,19,418.85070195074616,939.3301546121914,445.24373182980236,941.9631626531138,26.524041123861863,70.15981302687032,HIT,True,786.5051239605988
2026_07_15_gym,flight_52,30,1,700,ok,True,21,21,344.12747531555027,964.8863777876181,445.24373182980236,941.9631626531138,103.68206751198007,184.92652913995457,HIT,True,782.215872502909
2026_07_15_gym,flight_52,30,1,750,ok,True,22,22,409.9484790418242,951.1566578950477,445.24373182980236,941.9631626531138,36.47293824372722,72.48588536086525,HIT,True,783.9441878397848
2026_07_15_gym,flight_52,30,1,800,ok,False,24,24,432.5394085303338,936.08869086889,445.24373182980236,941.9631626531138,13.996758526211055,48.55571660276291,HIT,True,787.7659777948772
2026_07_15_gym,flight_52,30,1,850,ok,False,25,25,432.53941027803245,936.0886291738497,445.24373182980236,941.9631626531138,13.996782833557187,48.55571754608664,HIT,True,787.7659901748642
2026_07_15_gym,flight_52,30,1,900,ok,False,27,27,438.58184560081645,940.4180500270218,445.24373182980236,941.9631626531138,6.838720725052399,45.769402519614445,HIT,True,787.5100815001529
2026_07_15_gym,flight_52,30,1,950,ok,False,27,27,438.58184560081645,940.4180500270218,445.24373182980236,941.9631626531138,6.838720725052399,45.769402519614445,HIT,True,787.5100815001529
2026_07_15_gym,flight_52,30,1,1000,ok,False,27,27,438.58184560081645,940.4180500270218,445.24373182980236,941.9631626531138,6.838720725052399,45.769402519614445,HIT,True,787.5100815001529
2026_07_15_gym,flight_52,30,1,1050,ok,False,27,27,438.58184560081645,940.4180500270218,445.24373182980236,941.9631626531138,6.838720725052399,45.769402519614445,HIT,True,787.5100815001529
2026_07_15_gym,flight_52,30,1,1100,ok,False,27,27,438.58184560081645,940.4180500270218,445.24373182980236,941.9631626531138,6.838720725052399,45.769402519614445,HIT,True,787.5100815001529
2026_07_15_gym,flight_52,30,1,1150,ok,False,27,27,438.58184560081645,940.4180500270218,445.24373182980236,941.9631626531138,6.838720725052399,45.769402519614445,HIT,True,787.5100815001529
2026_07_15_gym,flight_52,30,1,1200,ok,False,27,27,438.58184560081645,940.4180500270218,445.24373182980236,941.9631626531138,6.838720725052399,45.769402519614445,HIT,True,787.5100815001529
2026_07_15_gym,flight_52,30,1,1250,ok,False,27,27,438.58184560081645,940.4180500270218,445.24373182980236,941.9631626531138,6.838720725052399,45.769402519614445,HIT,True,787.5100815001529
2026_07_15_gym,flight_53,30,1,150,not_fit_eligible,True,5,5,,,,,,,,,
2026_07_15_gym,flight_53,30,1,200,not_fit_eligible,True,7,7,,,,,,,,,
2026_07_15_gym,flight_53,30,1,250,fit_failed,True,8,8,,,,,,,,,
2026_07_15_gym,flight_53,30,1,300,ok,True,10,10,879.6577978093181,633.2018855506933,917.7358658591673,670.0210926505915,52.96785136169054,122.99109930323266,HIT,True,586.6729793791787
2026_07_15_gym,flight_53,30,1,350,fit_failed,True,11,11,,,,,,,,,
2026_07_15_gym,flight_53,30,1,400,ok,True,13,13,1015.0157168514571,647.8716576168143,917.7358658591673,670.0210926505915,99.7695689145624,142.8218724914468,HIT,True,587.2225760552063
2026_07_15_gym,flight_53,30,1,450,ok,True,14,14,1015.0157170317251,647.8716567861289,917.7358658591673,670.0210926505915,99.76956927474895,142.82187288828226,HIT,True,587.2225762294438
2026_07_15_gym,flight_53,30,1,490,ok,True,15,15,942.0577229601931,653.8768804197256,917.7358658591673,670.0210926505915,29.192264752806693,38.175844943791716,HIT,True,584.1537937736197
2026_07_15_gym,flight_53,30,1,500,ok,True,16,16,957.1331721641112,654.646177190571,917.7358658591673,670.0210926505915,42.29108380602638,83.83219917378833,HIT,True,583.7863644679637
2026_07_15_gym,flight_53,30,1,550,ok,True,17,17,911.3269602514462,670.6778543607151,917.7358658591673,670.0210926505915,6.4424690168105885,32.894206886937056,HIT,True,580.9564918106944
2026_07_15_gym,flight_53,30,1,600,ok,False,19,19,897.1010029759948,674.3061019134063,917.7358658591673,670.0210926505915,21.075077000802185,58.684707135398156,HIT,True,579.3213779811515
2026_07_15_gym,flight_53,30,1,650,ok,False,20,20,938.5983444023935,656.14032491905,917.7358658591673,670.0210926505915,25.058306482752908,46.16587581449612,HIT,True,583.0694223963158
2026_07_15_gym,flight_53,30,1,700,ok,False,20,20,938.5983444023935,656.14032491905,917.7358658591673,670.0210926505915,25.058306482752908,46.16587581449612,HIT,True,583.0694223963158
2026_07_15_gym,flight_53,30,1,750,ok,False,20,20,938.5983444023935,656.14032491905,917.7358658591673,670.0210926505915,25.058306482752908,46.16587581449612,HIT,True,583.0694223963158
2026_07_15_gym,flight_53,30,1,800,ok,False,20,20,938.5983444023935,656.14032491905,917.7358658591673,670.0210926505915,25.058306482752908,46.16587581449612,HIT,True,583.0694223963158
2026_07_15_gym,flight_53,30,1,850,ok,False,20,20,938.5983444023935,656.14032491905,917.7358658591673,670.0210926505915,25.058306482752908,46.16587581449612,HIT,True,583.0694223963158
2026_07_15_gym,flight_53,30,1,900,ok,False,20,20,938.5983444023935,656.14032491905,917.7358658591673,670.0210926505915,25.058306482752908,46.16587581449612,HIT,True,583.0694223963158
2026_07_15_gym,flight_53,30,1,950,ok,False,20,20,938.5983444023935,656.14032491905,917.7358658591673,670.0210926505915,25.058306482752908,46.16587581449612,HIT,True,583.0694223963158
2026_07_15_gym,flight_53,30,1,1000,ok,False,20,20,938.5983444023935,656.14032491905,917.7358658591673,670.0210926505915,25.058306482752908,46.16587581449612,HIT,True,583.0694223963158
2026_07_15_gym,flight_53,30,1,1050,ok,False,20,20,938.5983444023935,656.14032491905,917.7358658591673,670.0210926505915,25.058306482752908,46.16587581449612,HIT,True,583.0694223963158
2026_07_15_gym,flight_53,30,1,1100,ok,False,20,20,938.5983444023935,656.14032491905,917.7358658591673,670.0210926505915,25.058306482752908,46.16587581449612,HIT,True,583.0694223963158
2026_07_15_gym,flight_53,30,1,1150,ok,False,20,20,938.5983444023935,656.14032491905,917.7358658591673,670.0210926505915,25.058306482752908,46.16587581449612,HIT,True,583.0694223963158
2026_07_15_gym,flight_53,30,1,1200,ok,False,20,20,938.5983444023935,656.14032491905,917.7358658591673,670.0210926505915,25.058306482752908,46.16587581449612,HIT,True,583.0694223963158
2026_07_15_gym,flight_53,30,1,1250,ok,False,20,20,938.5983444023935,656.14032491905,917.7358658591673,670.0210926505915,25.058306482752908,46.16587581449612,HIT,True,583.0694223963158
2026_07_15_gym,flight_56,30,1,150,not_fit_eligible,True,5,5,,,,,,,,,
2026_07_15_gym,flight_56,30,1,200,not_fit_eligible,True,7,7,,,,,,,,,
2026_07_15_gym,flight_56,30,1,250,ok,True,8,8,112.8447473170784,828.4036946248367,302.90297543448503,813.1906890626434,190.66611029064262,355.472462050519,HIT,True,517.8562957693333
2026_07_15_gym,flight_56,30,1,300,ok,True,10,10,108.88533282673873,832.0669538482244,302.90297543448503,813.1906890626434,194.9337298040607,359.91069671902835,HIT,True,516.475636262354
2026_07_15_gym,flight_56,30,1,350,ok,True,11,11,236.61888273546006,840.5244938382256,302.90297543448503,813.1906890626434,71.69879935147152,112.11950013164727,HIT,True,514.1408277131139
2026_07_15_gym,flight_56,30,1,400,ok,True,12,12,363.6718528503918,814.6106658757076,302.90297543448503,813.1906890626434,60.785465339496625,164.84266175194762,HIT,True,514.5828605949308
2026_07_15_gym,flight_56,30,1,450,ok,True,13,13,363.67185284293544,814.6106641402966,302.90297543448503,813.1906890626434,60.7854652915023,164.84266190933312,HIT,True,514.582860983337
2026_07_15_gym,flight_56,30,1,490,ok,True,14,14,363.6718528255041,814.610660083291,302.90297543448503,813.1906890626434,60.78546517930244,164.84266227803246,HIT,True,514.5828618913446
2026_07_15_gym,flight_56,30,1,500,ok,True,15,15,309.1027589452247,815.8410197744189,302.90297543448503,813.1906890626434,6.742519444674966,38.16879291270661,HIT,True,511.3123997254695
2026_07_15_gym,flight_56,30,1,550,ok,False,16,16,313.8747033767768,813.7528170785553,302.90297543448503,813.1906890626434,10.986118602397234,46.97143023695586,HIT,True,512.0272099276431
2026_07_15_gym,flight_56,30,1,600,ok,False,18,18,313.8746953502161,813.7525428196301,302.90297543448503,813.1906890626434,10.986096556716111,46.97140001720979,HIT,True,512.0272712292386
2026_07_15_gym,flight_56,30,1,650,ok,False,18,18,313.8746953502161,813.7525428196301,302.90297543448503,813.1906890626434,10.986096556716111,46.97140001720979,HIT,True,512.0272712292386
2026_07_15_gym,flight_56,30,1,700,ok,False,18,18,313.8746953502161,813.7525428196301,302.90297543448503,813.1906890626434,10.986096556716111,46.97140001720979,HIT,True,512.0272712292386
2026_07_15_gym,flight_56,30,1,750,ok,False,18,18,313.8746953502161,813.7525428196301,302.90297543448503,813.1906890626434,10.986096556716111,46.97140001720979,HIT,True,512.0272712292386
2026_07_15_gym,flight_56,30,1,800,ok,False,18,18,313.8746953502161,813.7525428196301,302.90297543448503,813.1906890626434,10.986096556716111,46.97140001720979,HIT,True,512.0272712292386
2026_07_15_gym,flight_56,30,1,850,ok,False,18,18,313.8746953502161,813.7525428196301,302.90297543448503,813.1906890626434,10.986096556716111,46.97140001720979,HIT,True,512.0272712292386
2026_07_15_gym,flight_56,30,1,900,ok,False,18,18,313.8746953502161,813.7525428196301,302.90297543448503,813.1906890626434,10.986096556716111,46.97140001720979,HIT,True,512.0272712292386
2026_07_15_gym,flight_56,30,1,950,ok,False,18,18,313.8746953502161,813.7525428196301,302.90297543448503,813.1906890626434,10.986096556716111,46.97140001720979,HIT,True,512.0272712292386
2026_07_15_gym,flight_56,30,1,1000,ok,False,18,18,313.8746953502161,813.7525428196301,302.90297543448503,813.1906890626434,10.986096556716111,46.97140001720979,HIT,True,512.0272712292386
2026_07_15_gym,flight_56,30,1,1050,ok,False,18,18,313.8746953502161,813.7525428196301,302.90297543448503,813.1906890626434,10.986096556716111,46.97140001720979,HIT,True,512.0272712292386
2026_07_15_gym,flight_56,30,1,1100,ok,False,18,18,313.8746953502161,813.7525428196301,302.90297543448503,813.1906890626434,10.986096556716111,46.97140001720979,HIT,True,512.0272712292386
2026_07_15_gym,flight_56,30,1,1150,ok,False,18,18,313.8746953502161,813.7525428196301,302.90297543448503,813.1906890626434,10.986096556716111,46.97140001720979,HIT,True,512.0272712292386
2026_07_15_gym,flight_56,30,1,1200,ok,False,18,18,313.8746953502161,813.7525428196301,302.90297543448503,813.1906890626434,10.986096556716111,46.97140001720979,HIT,True,512.0272712292386
2026_07_15_gym,flight_56,30,1,1250,ok,False,18,18,313.8746953502161,813.7525428196301,302.90297543448503,813.1906890626434,10.986096556716111,46.97140001720979,HIT,True,512.0272712292386
2026_07_15_gym,flight_60,30,1,150,not_fit_eligible,True,5,5,,,,,,,,,
2026_07_15_gym,flight_60,30,1,200,not_fit_eligible,True,7,7,,,,,,,,,
2026_07_15_gym,flight_60,30,1,250,ok,True,8,8,473.25512725358374,778.9823868490573,382.5730973882986,758.5657290363598,92.95197930506508,206.91065227638052,HIT,True,560.2704914865145
2026_07_15_gym,flight_60,30,1,300,ok,True,10,10,404.70080861439163,775.5788351827563,382.5730973882986,758.5657290363598,27.912029393326396,104.09786075299156,HIT,True,563.5861710395523
2026_07_15_gym,flight_60,30,1,350,ok,True,11,11,397.84697791735925,778.9947404456293,382.5730973882986,758.5657290363598,25.507566202522753,92.509758410408,HIT,True,564.7343905482245
2026_07_15_gym,flight_60,30,1,400,ok,True,13,13,410.0396040370949,773.9434732164073,382.5730973882986,758.5657290363598,31.478310049228384,81.24998321565248,HIT,True,565.5344527742337
2026_07_15_gym,flight_60,30,1,450,ok,True,14,14,400.8258272977722,769.5849880142076,382.5730973882986,758.5657290363598,21.32102759177127,52.33491887927522,HIT,True,567.2820845117726
2026_07_15_gym,flight_60,30,1,490,ok,True,15,15,353.8767686287524,778.0053115991461,382.5730973882986,758.5657290363598,34.66088075181217,124.89931011122673,HIT,True,565.2707438362918
2026_07_15_gym,flight_60,30,1,500,ok,True,16,16,400.8258277172044,769.5849801635029,382.5730973882986,758.5657290363598,21.321023893396895,52.33490760799779,HIT,True,567.2820861967807
2026_07_15_gym,flight_60,30,1,550,ok,True,17,17,409.37703985115917,756.1649865443256,382.5730973882986,758.5657290363598,26.911241072559214,24.538764540081505,HIT,True,569.9931599510878
2026_07_15_gym,flight_60,30,1,600,ok,False,19,19,328.77744285765226,773.5433753583887,382.5730973882986,758.5657290363598,55.84176157436688,163.5482586068216,HIT,True,565.9658181222204
2026_07_15_gym,flight_60,30,1,650,ok,False,20,20,435.64834228988565,749.0084394574778,382.5730973882986,758.5657290363598,53.92887357861322,112.54444106356551,HIT,True,573.7844117359696
2026_07_15_gym,flight_60,30,1,700,ok,False,21,21,443.1795334993873,745.3033428059213,382.5730973882986,758.5657290363598,62.04055920615802,110.3883587814504,HIT,True,574.3628202702309
2026_07_15_gym,flight_60,30,1,750,ok,False,21,21,443.1795334993873,745.3033428059213,382.5730973882986,758.5657290363598,62.04055920615802,110.3883587814504,HIT,True,574.3628202702309
2026_07_15_gym,flight_60,30,1,800,ok,False,21,21,443.1795334993873,745.3033428059213,382.5730973882986,758.5657290363598,62.04055920615802,110.3883587814504,HIT,True,574.3628202702309
2026_07_15_gym,flight_60,30,1,850,ok,False,21,21,443.1795334993873,745.3033428059213,382.5730973882986,758.5657290363598,62.04055920615802,110.3883587814504,HIT,True,574.3628202702309
2026_07_15_gym,flight_60,30,1,900,ok,False,21,21,443.1795334993873,745.3033428059213,382.5730973882986,758.5657290363598,62.04055920615802,110.3883587814504,HIT,True,574.3628202702309
2026_07_15_gym,flight_60,30,1,950,ok,False,21,21,443.1795334993873,745.3033428059213,382.5730973882986,758.5657290363598,62.04055920615802,110.3883587814504,HIT,True,574.3628202702309
2026_07_15_gym,flight_60,30,1,1000,ok,False,21,21,443.1795334993873,745.3033428059213,382.5730973882986,758.5657290363598,62.04055920615802,110.3883587814504,HIT,True,574.3628202702309
2026_07_15_gym,flight_60,30,1,1050,ok,False,21,21,443.1795334993873,745.3033428059213,382.5730973882986,758.5657290363598,62.04055920615802,110.3883587814504,HIT,True,574.3628202702309
2026_07_15_gym,flight_60,30,1,1100,ok,False,21,21,443.1795334993873,745.3033428059213,382.5730973882986,758.5657290363598,62.04055920615802,110.3883587814504,HIT,True,574.3628202702309
2026_07_15_gym,flight_60,30,1,1150,ok,False,21,21,443.1795334993873,745.3033428059213,382.5730973882986,758.5657290363598,62.04055920615802,110.3883587814504,HIT,True,574.3628202702309
2026_07_15_gym,flight_60,30,1,1200,ok,False,21,21,443.1795334993873,745.3033428059213,382.5730973882986,758.5657290363598,62.04055920615802,110.3883587814504,HIT,True,574.3628202702309
2026_07_15_gym,flight_60,30,1,1250,ok,False,21,21,443.1795334993873,745.3033428059213,382.5730973882986,758.5657290363598,62.04055920615802,110.3883587814504,HIT,True,574.3628202702309
2026_07_21_gym,flight_1,30,1,150,not_fit_eligible,True,5,5,,,,,,,,,
2026_07_21_gym,flight_1,30,1,200,not_fit_eligible,True,7,7,,,,,,,,,
2026_07_21_gym,flight_1,30,1,250,fit_failed,True,8,8,,,,,,,,,
2026_07_21_gym,flight_1,30,1,300,fit_failed,True,10,10,,,,,,,,,
2026_07_21_gym,flight_1,30,1,350,fit_failed,True,10,10,,,,,,,,,
2026_07_21_gym,flight_1,30,1,400,fit_failed,True,12,12,,,,,,,,,
2026_07_21_gym,flight_1,30,1,450,fit_failed,True,13,13,,,,,,,,,
2026_07_21_gym,flight_1,30,1,490,ok,True,14,14,309.9599837574414,1988.1808572222299,209.69952973324772,2114.6982101773515,161.42738070076055,87.37359058015905,HIT,False,1210.245245107289
2026_07_21_gym,flight_1,30,1,500,ok,True,15,15,321.91192617403084,2018.283797910284,209.69952973324772,2114.6982101773515,147.9437758332115,97.5588060364326,MISS_HIGH_WIDE,True,1207.4336412191951
2026_07_21_gym,flight_1,30,1,550,ok,True,16,16,209.39608534867702,2011.0957126898013,209.69952973324772,2114.6982101773515,103.60294187016298,83.88490492162217,MISS_HIGH_WIDE,True,1213.7985941745
2026_07_21_gym,flight_1,30,1,600,ok,True,18,18,215.4850553008083,2036.47455980587,209.69952973324772,2114.6982101773515,78.43731116970203,54.5058292475594,MISS_HIGH_WIDE,True,1213.110654315703
2026_07_21_gym,flight_1,30,1,650,ok,True,19,19,74.18741661303336,2113.5690069142893,209.69952973324772,2114.6982101773515,135.51681778404878,116.48409047933401,MISS_HIGH_WIDE,True,1214.4653309470773
2026_07_21_gym,flight_1,30,1,700,ok,True,21,21,-26.981611725117144,2011.0243820713,209.69952973324772,2114.6982101773515,258.39161239521235,335.5064550861338,MISS_HIGH_WIDE,True,1231.2180041364657
2026_07_21_gym,flight_1,30,1,750,ok,True,22,22,113.92060688917694,2069.241186113088,209.69952973324772,2114.6982101773515,106.01859788711356,124.94804713375865,MISS_HIGH_WIDE,True,1219.2163815833849
2026_07_21_gym,flight_1,30,1,800,ok,True,24,24,135.80790209407598,2074.474074311495,209.69952973324772,2114.6982101773515,84.13057554373975,85.9583163401604,MISS_HIGH_WIDE,True,1217.8344893186138
2026_07_21_gym,flight_1,30,1,850,ok,True,24,24,135.80790209407598,2074.474074311495,209.69952973324772,2114.6982101773515,84.13057554373975,85.9583163401604,MISS_HIGH_WIDE,True,1217.8344893186138
2026_07_21_gym,flight_1,30,1,900,ok,True,26,26,44.56189083697733,2146.447954963385,209.69952973324772,2114.6982101773515,168.1620827482024,191.18604230916966,MISS_HIGH_WIDE,True,1215.4817031414484
2026_07_21_gym,flight_1,30,1,950,ok,True,27,27,124.59460827888485,2062.040859917603,209.69952973324772,2114.6982101773515,100.07819039196853,148.94151458718716,MISS_HIGH_WIDE,True,1219.6009306238884
2026_07_21_gym,flight_1,30,1,1000,ok,True,29,29,302.0748237012232,2064.2975159950415,209.69952973324772,2114.6982101773515,105.23034215343318,64.91449843080672,MISS_HIGH_WIDE,True,1211.7741578766586
2026_07_21_gym,flight_1,30,1,1050,ok,True,30,30,179.08395287424872,2076.8349362297367,209.69952973324772,2114.6982101773515,48.69231007501489,38.48558583373459,MISS_HIGH_WIDE,True,1214.0758828800128
2026_07_21_gym,flight_1,30,1,1100,ok,True,32,32,124.64422233294621,2154.6380501817066,209.69952973324772,2114.6982101773515,93.96593072243402,94.35745743612233,MISS_HIGH_WIDE,True,1208.468158632853
2026_07_21_gym,flight_1,30,1,1150,ok,True,33,33,117.14905893950544,2154.689068077049,209.69952973324772,2114.6982101773515,100.82092223193126,113.88686721943334,MISS_HIGH_WIDE,True,1208.183730296013
2026_07_21_gym,flight_1,30,1,1200,ok,True,35,35,251.56223548803442,2072.217002297993,209.69952973324772,2114.6982101773515,59.64175681518037,47.13127282884759,MISS_HIGH_WIDE,True,1214.9668700172967
2026_07_21_gym,flight_1,30,1,1250,ok,False,35,35,251.56223548803442,2072.217002297993,209.69952973324772,2114.6982101773515,59.64175681518037,47.13127282884759,MISS_HIGH_WIDE,True,1214.9668700172967
2026_07_21_gym,flight_100,30,1,150,not_fit_eligible,True,5,5,,,,,,,,,
2026_07_21_gym,flight_100,30,1,200,not_fit_eligible,True,7,7,,,,,,,,,
2026_07_21_gym,flight_100,30,1,250,fit_failed,True,8,8,,,,,,,,,
2026_07_21_gym,flight_100,30,1,300,fit_failed,True,10,10,,,,,,,,,
2026_07_21_gym,flight_100,30,1,350,ok,True,11,11,493.9332071437847,1702.40048690316,493.64828246950776,1974.0513495935859,271.6510121139301,433.71273252130044,HIT,True,1147.843323431415
2026_07_21_gym,flight_100,30,1,400,ok,True,13,13,400.9422991562837,1801.656183872511,493.64828246950776,1974.0513495935859,195.74088102915198,321.91028679166493,HIT,True,1138.375031515822
2026_07_21_gym,flight_100,30,1,450,ok,True,13,13,400.9422991562837,1801.656183872511,493.64828246950776,1974.0513495935859,195.74088102915198,321.91028679166493,HIT,True,1138.375031515822
2026_07_21_gym,flight_100,30,1,490,ok,True,14,14,416.2949435932776,1868.5088929824565,493.64828246950776,1974.0513495935859,130.8539230700136,230.52576477414664,HIT,True,1130.8638978273784
2026_07_21_gym,flight_100,30,1,500,ok,True,15,15,438.11335568992155,1860.1453612715754,493.64828246950776,1974.0513495935859,126.72293505134728,214.46217247493357,HIT,True,1126.9263199678853
2026_07_21_gym,flight_100,30,1,550,ok,True,16,16,482.41843757651384,1862.3102103847596,493.64828246950776,1974.0513495935859,112.30401421145642,186.4968555584184,HIT,True,1122.7697443554086
2026_07_21_gym,flight_100,30,1,600,ok,True,18,18,464.4578735037602,1879.8613820801352,493.64828246950776,1974.0513495935859,98.60948207841119,162.73814479304238,HIT,True,1120.6672146191015
2026_07_21_gym,flight_100,30,1,650,ok,True,19,19,580.4728176145497,1902.4147355385194,493.64828246950776,1974.0513495935859,112.5624465637949,151.2186770539303,HIT,True,1107.7291044725378
2026_07_21_gym,flight_100,30,1,700,ok,True,21,21,543.4469801746567,1914.654520886438,493.64828246950776,1974.0513495935859,77.51060284628859,119.20334698072344,HIT,True,1109.6677010129165
2026_07_21_gym,flight_100,30,1,750,ok,True,21,21,543.4469801746567,1914.654520886438,493.64828246950776,1974.0513495935859,77.51060284628859,119.20334698072344,HIT,True,1109.6677010129165
2026_07_21_gym,flight_100,30,1,800,ok,True,22,22,492.68553628047437,1926.5503247899553,493.64828246950776,1974.0513495935859,47.51078022533018,65.85659405660525,HIT,True,1110.6045875372486
2026_07_21_gym,flight_100,30,1,850,ok,True,23,23,496.10333119411075,1902.9613574442094,493.64828246950776,1974.0513495935859,71.13237130897988,106.02174414001662,HIT,True,1113.2156971202105
2026_07_21_gym,flight_100,30,1,900,ok,True,25,25,488.2840767223401,1921.5157426555077,493.64828246950776,1974.0513495935859,52.8087558994737,77.1075963534729,HIT,True,1111.0668673785706
2026_07_21_gym,flight_100,30,1,950,ok,True,26,26,469.76477323732325,1935.430674879852,493.64828246950776,1974.0513495935859,45.40901373722942,65.27430327262257,HIT,True,1110.4863683295011
2026_07_21_gym,flight_100,30,1,1000,ok,True,28,28,477.06516413543284,1939.346514206754,493.64828246950776,1974.0513495935859,38.46329955826771,55.95166832817622,HIT,True,1109.8291729013179
2026_07_21_gym,flight_100,30,1,1050,ok,True,29,29,477.06516413545637,1939.3465142085108,493.64828246950776,1974.0513495935859,38.46329955667232,55.95166832565904,HIT,True,1109.8291729009698
2026_07_21_gym,flight_100,30,1,1100,ok,True,30,30,463.710015574434,1956.9004975421801,493.64828246950776,1974.0513495935859,34.50292090200304,38.1209909628993,HIT,True,1107.3299643814025
2026_07_21_gym,flight_100,30,1,1150,ok,False,31,31,463.71001534910204,1956.9004834778082,493.64828246950776,1974.0513495935859,34.50292808870138,38.121005848644735,HIT,True,1107.3299671822544
2026_07_21_gym,flight_100,30,1,1200,ok,False,33,33,497.1016112729376,1947.6743474082598,493.64828246950776,1974.0513495935859,26.602099994348105,42.13156458323599,HIT,True,1109.2208332031676
2026_07_21_gym,flight_100,30,1,1250,ok,False,34,34,508.87087978356186,1950.2791008718857,493.64828246950776,1974.0513495935859,28.228483456824648,39.28061292524124,HIT,True,1108.4532148649257
2026_07_21_gym,flight_103,30,1,150,not_fit_eligible,True,5,5,,,,,,,,,
2026_07_21_gym,flight_103,30,1,200,not_fit_eligible,True,7,7,,,,,,,,,
2026_07_21_gym,flight_103,30,1,250,fit_failed,True,8,8,,,,,,,,,
2026_07_21_gym,flight_103,30,1,300,fit_failed,True,10,10,,,,,,,,,
2026_07_21_gym,flight_103,30,1,350,fit_failed,True,11,11,,,,,,,,,
2026_07_21_gym,flight_103,30,1,400,ok,True,13,13,1360.8000795509374,705.939598651068,1392.683033523964,954.156121070473,250.2557986461635,321.6316400876905,HIT,True,1181.7423279097286
2026_07_21_gym,flight_103,30,1,450,ok,True,14,14,1335.8113467470973,691.5445163541531,1392.683033523964,954.156121070473,268.6991694972776,348.6782155686793,HIT,True,1183.806154255272
2026_07_21_gym,flight_103,30,1,490,ok,True,15,15,1390.8091007274647,745.576752281676,1392.683033523964,954.156121070473,208.58778657548183,267.34241598091285,HIT,True,1175.002525889848
2026_07_21_gym,flight_103,30,1,500,ok,True,16,16,1440.26968071453,844.9150743285132,1392.683033523964,954.156121070473,119.15576059980667,135.65506368501087,HIT,True,1163.4584079236754
2026_07_21_gym,flight_103,30,1,550,ok,True,17,17,1346.9084454787117,795.239353445124,1392.683033523964,954.156121070473,165.37790645428342,236.11452771972745,HIT,True,1172.6585720231972
2026_07_21_gym,flight_103,30,1,600,ok,True,19,19,1348.8485939098484,791.8444322529771,1392.683033523964,954.156121070473,168.12656667841395,241.7492546798747,HIT,True,1173.6357227710077
2026_07_21_gym,flight_103,30,1,650,ok,True,19,19,1348.8485939098484,791.8444322529771,1392.683033523964,954.156121070473,168.12656667841395,241.7492546798747,HIT,True,1173.6357227710077
2026_07_21_gym,flight_103,30,1,700,ok,True,20,20,1317.2238228596802,851.795561921391,1392.683033523964,954.156121070473,127.16830007273614,187.99095124957051,HIT,True,1170.2975813738974
2026_07_21_gym,flight_103,30,1,750,ok,True,20,20,1317.2238228596802,851.795561921391,1392.683033523964,954.156121070473,127.16830007273614,187.99095124957051,HIT,True,1170.2975813738974
2026_07_21_gym,flight_103,30,1,800,ok,True,22,22,1323.4995521225385,880.0215578375922,1392.683033523964,954.156121070473,101.40161519695525,151.89575991917047,HIT,True,1166.4331635201734
2026_07_21_gym,flight_103,30,1,850,ok,True,23,23,1301.0371310560213,870.9401098106902,1392.683033523964,954.156121070473,123.78964403031448,189.481703796682,HIT,True,1168.1031471677443
2026_07_21_gym,flight_103,30,1,900,ok,True,25,25,1342.511750662163,891.6120277955085,1392.683033523964,954.156121070473,80.18055392416731,134.14674535066604,HIT,True,1161.8507483355345
2026_07_21_gym,flight_103,30,1,950,ok,True,26,26,1354.6963169908147,931.6875507733533,1392.683033523964,954.156121070473,44.13419631268306,58.40389145647292,HIT,True,1155.9050901603455
2026_07_21_gym,flight_103,30,1,1000,ok,True,28,28,1353.210437964193,926.1211376841056,1392.683033523964,954.156121070473,48.41534977359086,69.79212347766202,HIT,True,1156.2352926235012
2026_07_21_gym,flight_103,30,1,1050,ok,True,29,29,1389.1606290386567,913.9008682135815,1392.683033523964,954.156121070473,40.40906724895274,68.85269940683294,HIT,True,1156.9706465569516
2026_07_21_gym,flight_103,30,1,1100,ok,True,31,31,1378.9417352120884,949.030701764483,1392.683033523964,954.156121070473,14.666056128290656,14.966455671685361,HIT,True,1153.2459001349364
2026_07_21_gym,flight_103,30,1,1150,ok,True,32,32,1402.0953247421085,930.5856320973668,1392.683033523964,954.156121070473,25.380291101689117,55.31137170948106,HIT,True,1155.6314350143646
2026_07_21_gym,flight_103,30,1,1200,ok,False,33,33,1406.9915394123527,933.1459204941513,1392.683033523964,954.156121070473,25.41971418044121,45.76546981598478,HIT,True,1155.3886177947566
2026_07_21_gym,flight_103,30,1,1250,ok,False,34,34,1402.185156412192,943.025131054958,1392.683033523964,954.156121070473,14.635206801015203,37.9355813762489,HIT,True,1153.411638811228
2026_07_21_gym,flight_104,30,1,150,not_fit_eligible,True,4,4,,,,,,,,,
2026_07_21_gym,flight_104,30,1,200,not_fit_eligible,True,6,6,,,,,,,,,
2026_07_21_gym,flight_104,30,1,250,not_fit_eligible,True,7,7,,,,,,,,,
2026_07_21_gym,flight_104,30,1,300,fit_failed,True,9,9,,,,,,,,,
2026_07_21_gym,flight_104,30,1,350,ok,True,10,10,214.10984868275588,-59.17624992409415,283.01065187392584,357.9684148874173,422.7966320361322,433.09183682344894,MISS_HIGH_WIDE,False,1435.705963736257
2026_07_21_gym,flight_104,30,1,400,ok,True,12,12,185.7840122042429,-187.28354177124248,283.01065187392584,357.9684148874173,553.8526118937739,538.4002046337121,MISS_HIGH_WIDE,False,1444.8888759526915
2026_07_21_gym,flight_104,30,1,450,ok,True,13,13,306.33218558097434,-99.68281071838442,283.01065187392584,357.9684148874173,458.2450635118085,438.30898467434696,MISS_HIGH_WIDE,False,1430.0225132938524
2026_07_21_gym,flight_104,30,1,490,ok,True,14,14,263.61018310979046,-177.4991601937292,283.01065187392584,357.9684148874173,535.8189079824931,516.3470135748674,MISS_HIGH_WIDE,False,1440.0153782709554
2026_07_21_gym,flight_104,30,1,500,ok,True,15,15,638.7032663114373,305.79949406299045,283.01065187392584,357.9684148874173,359.49802818009664,270.7858805249089,HIT,True,1372.1617620919908
2026_07_21_gym,flight_104,30,1,550,ok,True,15,15,638.7032663114373,305.79949406299045,283.01065187392584,357.9684148874173,359.49802818009664,270.7858805249089,HIT,True,1372.1617620919908
2026_07_21_gym,flight_104,30,1,600,ok,True,17,17,211.64645668527825,104.15305478211151,283.01065187392584,357.9684148874173,263.65713603145554,255.35249720752572,HIT,True,1407.3722141588833
2026_07_21_gym,flight_104,30,1,650,ok,True,18,18,166.00820613415968,91.61926264785247,283.01065187392584,357.9684148874173,290.9148384112124,287.3385791743264,HIT,True,1412.642722719189
2026_07_21_gym,flight_104,30,1,700,ok,True,20,20,215.6869034056774,185.98768917910238,283.01065187392584,357.9684148874173,184.68854085452793,187.21189527429084,HIT,True,1400.024441020613
2026_07_21_gym,flight_104,30,1,750,ok,True,21,21,277.882298019484,297.0916720364953,283.01065187392584,357.9684148874173,61.092371319123366,53.368780357397455,HIT,True,1385.5605668375981
2026_07_21_gym,flight_104,30,1,800,ok,True,23,23,261.3784640026741,216.71437646938165,283.01065187392584,357.9684148874173,142.90085696559353,142.9694629188342,HIT,True,1395.3791067009859
2026_07_21_gym,flight_104,30,1,850,ok,True,24,24,263.6998055012859,220.10645990694152,283.01065187392584,357.9684148874173,139.20785688554517,139.3652717505908,HIT,True,1394.8390035514335
2026_07_21_gym,flight_104,30,1,900,ok,True,26,26,311.06925863472077,313.29343718414526,283.01065187392584,357.9684148874173,52.755464609315865,41.621093126652276,HIT,True,1383.30521702751
2026_07_21_gym,flight_104,30,1,950,ok,True,27,27,327.52550319466604,358.2356908154691,283.01065187392584,357.9684148874173,44.51565370214529,44.534538355611225,HIT,True,1377.8947480210197
2026_07_21_gym,flight_104,30,1,1000,ok,True,29,29,295.92467990383733,378.2506357945684,283.01065187392584,357.9684148874173,24.044554578611283,37.56650080457907,HIT,True,1376.8262404954205
2026_07_21_gym,flight_104,30,1,1050,ok,True,30,30,321.58539285152284,370.7182972357133,283.01065187392584,357.9684148874173,40.62720937234173,55.27540009185699,HIT,True,1376.3908322819475
2026_07_21_gym,flight_104,30,1,1100,ok,True,32,32,309.6478309103073,374.72222274436353,283.01065187392584,357.9684148874173,31.46791039652479,50.96076400865207,HIT,True,1376.3916523810067
2026_07_21_gym,flight_104,30,1,1150,ok,True,33,33,292.8233478945559,345.1380713858188,283.01065187392584,357.9684148874173,16.15260714443026,8.698463569937248,HIT,True,1380.5310625311633
2026_07_21_gym,flight_104,30,1,1200,ok,True,35,35,294.2900188375635,374.7203444912611,283.01065187392584,357.9684148874173,20.195327790173106,39.05354660216048,HIT,True,1376.8685862523748
2026_07_21_gym,flight_104,30,1,1250,ok,True,36,36,296.24440191438356,371.8250265464044,283.01065187392584,357.9684148874173,19.160840973226936,38.6302524667344,HIT,True,1378.0145139348099
2026_07_21_gym,flight_106,30,1,150,not_fit_eligible,True,5,5,,,,,,,,,
2026_07_21_gym,flight_106,30,1,200,not_fit_eligible,True,7,7,,,,,,,,,
2026_07_21_gym,flight_106,30,1,250,fit_failed,True,8,8,,,,,,,,,
2026_07_21_gym,flight_106,30,1,300,fit_failed,True,10,10,,,,,,,,,
2026_07_21_gym,flight_106,30,1,350,fit_failed,True,11,11,,,,,,,,,
2026_07_21_gym,flight_106,30,1,400,fit_failed,True,13,13,,,,,,,,,
2026_07_21_gym,flight_106,30,1,450,ok,True,14,14,359.4568578381446,1237.6845055978056,601.2461852677189,1439.2491321391703,314.78624101381206,346.0102964365236,HIT,True,1313.1300480846241
2026_07_21_gym,flight_106,30,1,490,ok,True,15,15,528.8498676657031,1237.5131614115858,601.2461852677189,1439.2491321391703,214.33298553356835,251.43620805729412,HIT,True,1302.801366205625
2026_07_21_gym,flight_106,30,1,500,ok,True,16,16,297.44379562043434,1143.589123055065,601.2461852677189,1439.2491321391703,423.92302712522434,472.89400939710816,HIT,True,1324.9636163670493
2026_07_21_gym,flight_106,30,1,550,ok,True,17,17,349.17572562678754,1161.6527537546858,601.2461852677189,1439.2491321391703,374.9656863177914,426.28590044629306,HIT,True,1320.0519300151063
2026_07_21_gym,flight_106,30,1,600,ok,True,19,19,319.0005691266512,1274.6872187734775,601.2461852677189,1439.2491321391703,326.71579570236383,357.48193174138953,HIT,True,1311.8288480024164
2026_07_21_gym,flight_106,30,1,650,ok,True,20,20,295.4268709580926,1261.135864790023,601.2461852677189,1439.2491321391703,353.9064692974668,390.26063207492155,HIT,True,1315.3689704447963
2026_07_21_gym,flight_106,30,1,700,ok,True,22,22,510.9955248234301,1380.7338944812968,601.2461852677189,1439.2491321391703,107.56028425393704,117.66068185334713,HIT,True,1287.9250110555793
2026_07_21_gym,flight_106,30,1,750,ok,True,23,23,500.97613394850913,1363.6675959512145,601.2461852677189,1439.2491321391703,125.56532882961065,134.27437613687368,HIT,True,1288.9954458807588
2026_07_21_gym,flight_106,30,1,800,ok,True,25,25,590.8266224626062,1328.0074410745167,601.2461852677189,1439.2491321391703,111.72860475264842,127.7514117237107,HIT,True,1289.8594361239543
2026_07_21_gym,flight_106,30,1,850,ok,True,26,26,499.7032051271202,1413.975737482301,601.2461852677189,1439.2491321391703,104.64091596175898,101.74487756919818,HIT,True,1284.4279672824532
2026_07_21_gym,flight_106,30,1,900,ok,True,28,28,549.4912073718011,1413.7275788485647,601.2461852677189,1439.2491321391703,57.705523300392706,66.02460015352108,HIT,True,1282.6108812467228
2026_07_21_gym,flight_106,30,1,950,ok,True,29,29,548.1046590396936,1422.9189310868724,601.2461852677189,1439.2491321391703,55.59403993462229,57.737568837770745,HIT,True,1281.3986193857036
2026_07_21_gym,flight_106,30,1,1000,ok,True,31,31,548.1046488863215,1422.9198403075347,601.2461852677189,1439.2491321391703,55.59378257231751,57.73713013932331,HIT,True,1281.3984706332403
2026_07_21_gym,flight_106,30,1,1050,ok,True,32,32,560.0443963422041,1455.9628394590268,601.2461852677189,1439.2491321391703,44.462741964891244,33.10028283235937,HIT,True,1276.586201836603
2026_07_21_gym,flight_106,30,1,1100,ok,True,34,34,572.3671862192315,1458.6978241299864,601.2461852677189,1439.2491321391703,34.81735495692017,23.634927243997307,HIT,True,1276.1040819446073
2026_07_21_gym,flight_106,30,1,1150,ok,True,35,35,600.5625076790965,1419.4166411395283,601.2461852677189,1439.2491321391703,19.844271573833737,25.30621384384368,HIT,True,1279.9714259107682
2026_07_21_gym,flight_106,30,1,1200,ok,True,37,37,588.90092387275,1432.4096918461246,601.2461852677189,1439.2491321391703,14.113235718014774,13.41634046646339,HIT,True,1278.1767943018576
2026_07_21_gym,flight_106,30,1,1250,ok,True,38,38,560.078578210327,1468.3523121189628,601.2461852677189,1439.2491321391703,50.41593950099531,41.735793349556204,HIT,True,1274.4627076796814
2026_07_21_gym,flight_107,30,1,150,not_fit_eligible,True,5,5,,,,,,,,,
2026_07_21_gym,flight_107,30,1,200,not_fit_eligible,True,7,7,,,,,,,,,
2026_07_21_gym,flight_107,30,1,250,fit_failed,True,8,8,,,,,,,,,
2026_07_21_gym,flight_107,30,1,300,fit_failed,True,10,10,,,,,,,,,
2026_07_21_gym,flight_107,30,1,350,fit_failed,True,11,11,,,,,,,,,
2026_07_21_gym,flight_107,30,1,400,ok,True,13,13,402.4480442139407,1.0804507222165638,483.4546978258169,474.03899689440937,479.8456671959316,512.8152519435913,HIT,True,1289.260722837851
2026_07_21_gym,flight_107,30,1,450,ok,True,14,14,371.88129616180777,65.38664924313653,483.4546978258169,474.03899689440937,423.6099210355856,466.1771791481547,HIT,True,1285.8083677651175
2026_07_21_gym,flight_107,30,1,490,ok,True,15,15,371.88129406960456,65.38656197685857,483.4546978258169,474.03899689440937,423.61000577157034,466.17726351050834,HIT,True,1285.8083803572515
2026_07_21_gym,flight_107,30,1,500,ok,True,16,16,391.2245601267582,100.70431569458675,483.4546978258169,474.03899689440937,384.5584253225516,424.00492325530877,HIT,True,1280.3065231902863
2026_07_21_gym,flight_107,30,1,550,ok,True,17,17,430.57234399308203,96.69014743086407,483.4546978258169,474.03899689440937,381.03634674181933,418.3604843972818,HIT,True,1279.8147493048803
2026_07_21_gym,flight_107,30,1,600,ok,True,19,19,338.1864059199381,53.05041674238036,483.4546978258169,474.03899689440937,445.3473489891603,491.0035440548943,HIT,True,1288.2949355215255
2026_07_21_gym,flight_107,30,1,650,ok,True,20,20,266.11336630760525,222.47290316264073,483.4546978258169,474.03899689440937,332.44962611134065,366.7526106970473,HIT,True,1270.8895912589762
2026_07_21_gym,flight_107,30,1,700,ok,True,22,22,315.18924102558196,285.6565627452321,483.4546978258169,474.03899689440937,252.58900500251553,281.012052792594,HIT,True,1264.2808994108166
2026_07_21_gym,flight_107,30,1,750,ok,True,23,23,269.053099110048,306.9338104829184,483.4546978258169,474.03899689440937,271.83117712561364,298.0786345696288,HIT,True,1264.0529371362838
2026_07_21_gym,flight_107,30,1,800,ok,True,25,25,399.71950904642506,378.88855552224334,483.4546978258169,474.03899689440937,126.7485239884015,137.2564332613133,HIT,True,1252.050731712431
2026_07_21_gym,flight_107,30,1,850,ok,True,26,26,463.8354453490157,408.5919254455741,483.4546978258169,474.03899689440937,68.32447752436472,76.21052029415665,HIT,True,1245.947154513731
2026_07_21_gym,flight_107,30,1,900,ok,True,28,28,545.0979111150579,412.99665280574953,483.4546978258169,474.03899689440937,86.75283001989733,79.4683640742947,HIT,True,1242.708422206097
2026_07_21_gym,flight_107,30,1,950,ok,True,29,29,387.5396992198493,470.784806633151,483.4546978258169,474.03899689440937,95.97018657812036,87.7998458201114,HIT,True,1241.0175851800136
2026_07_21_gym,flight_107,30,1,1000,ok,True,31,31,474.00710436868553,549.3611132649647,483.4546978258169,474.03899689440937,75.91230622679511,139.60069551486492,HIT,True,1228.120511626825
2026_07_21_gym,flight_107,30,1,1050,ok,True,32,32,436.0772264867804,467.34746081173466,483.4546978258169,474.03899689440937,47.84769007618824,59.25714368750762,HIT,True,1239.691233706822
2026_07_21_gym,flight_107,30,1,1100,ok,True,34,34,494.2009452025412,491.45336878616735,483.4546978258169,474.03899689440937,20.46319088182987,38.00339655606282,HIT,True,1236.0431598955963
2026_07_21_gym,flight_107,30,1,1150,ok,True,35,35,496.22795843380214,415.0589380660056,483.4546978258169,474.03899689440937,60.34735724090554,61.437296773012676,HIT,True,1243.718099203566
2026_07_21_gym,flight_107,30,1,1200,ok,True,37,37,451.99508653949096,480.70950033298186,483.4546978258169,474.03899689440937,32.15902297040028,47.45441303511097,HIT,True,1237.7101107254018
2026_07_21_gym,flight_107,30,1,1250,ok,True,38,38,505.1544961091333,502.4040706808851,483.4546978258169,474.03899689440937,35.71356404013517,43.70458488172502,HIT,True,1235.7624845489331
2026_07_21_gym,flight_108,30,1,150,not_fit_eligible,True,4,4,,,,,,,,,
2026_07_21_gym,flight_108,30,1,200,not_fit_eligible,True,6,6,,,,,,,,,
2026_07_21_gym,flight_108,30,1,250,not_fit_eligible,True,7,7,,,,,,,,,
2026_07_21_gym,flight_108,30,1,300,fit_failed,True,8,8,,,,,,,,,
2026_07_21_gym,flight_108,30,1,350,fit_failed,True,9,9,,,,,,,,,
2026_07_21_gym,flight_108,30,1,400,fit_failed,True,11,11,,,,,,,,,
2026_07_21_gym,flight_108,30,1,450,ok,True,12,12,578.9272843855648,380.99072534075066,721.0104021445848,468.28421628408967,166.75660680524277,198.17932306615307,HIT,True,1271.5057237530332
2026_07_21_gym,flight_108,30,1,490,fit_failed,True,13,13,,,,,,,,,
2026_07_21_gym,flight_108,30,1,500,fit_failed,True,13,13,,,,,,,,,
2026_07_21_gym,flight_108,30,1,550,fit_failed,True,14,14,,,,,,,,,
2026_07_21_gym,flight_108,30,1,600,ok,True,16,16,669.9007585651117,507.21768938517374,721.0104021445848,468.28421628408967,64.24959917799963,73.96477976832465,HIT,True,1253.1313782190932
2026_07_21_gym,flight_108,30,1,650,ok,True,17,17,655.2572202281193,520.0911176784896,721.0104021445848,468.28421628408967,83.71042924408448,89.13180209792597,HIT,True,1253.4593199390783
2026_07_21_gym,flight_108,30,1,700,ok,True,19,19,695.9367467994797,548.9967427765854,721.0104021445848,468.28421628408967,84.51745455920297,105.05335347615349,HIT,True,1246.3166173154275
2026_07_21_gym,flight_108,30,1,750,ok,True,20,20,750.1203490992038,578.5557163811554,721.0104021445848,468.28421628408967,114.04908042311395,160.38787567724737,HIT,True,1240.9606825209096
2026_07_21_gym,flight_108,30,1,800,ok,True,21,21,537.8140927839602,494.9519736555394,721.0104021445848,468.28421628408967,185.1271375206136,185.86042739937767,HIT,True,1259.8218970742369
2026_07_21_gym,flight_108,30,1,850,ok,True,22,22,676.6813305457683,438.76069253126394,721.0104021445848,468.28421628408967,53.26072702842741,97.93062272941579,HIT,True,1262.898159291331
2026_07_21_gym,flight_108,30,1,900,ok,True,24,24,788.8060375222444,466.13942629629815,721.0104021445848,468.28421628408967,67.8295532961283,76.82890185950077,HIT,True,1254.266016960972
2026_07_21_gym,flight_108,30,1,950,ok,True,25,25,639.9510966666134,478.88013029571465,721.0104021445848,468.28421628408967,81.74891068578735,96.38034493577568,HIT,True,1258.3220402842592
2026_07_21_gym,flight_108,30,1,1000,ok,True,27,27,788.7659549307668,453.3689961863109,721.0104021445848,468.28421628408967,69.37779705299305,75.54125004434239,HIT,True,1256.4695221088912
2026_07_21_gym,flight_108,30,1,1050,ok,True,28,28,722.9522391469549,430.3734820201744,721.0104021445848,468.28421628408967,37.960433392849644,68.04132689781822,HIT,True,1262.1371986108281
2026_07_21_gym,flight_108,30,1,1100,ok,True,30,30,718.7459535394742,443.71811931384667,721.0104021445848,468.28421628408967,24.670242151964572,41.0332634535878,HIT,True,1260.5639930777886
2026_07_21_gym,flight_108,30,1,1150,ok,True,31,31,747.4280469941802,453.362315240021,721.0104021445848,468.28421628408967,30.340650786829478,23.310007451700585,HIT,True,1259.1314241446144
2026_07_21_gym,flight_108,30,1,1200,ok,True,33,33,781.1359629022908,447.27485671285336,721.0104021445848,468.28421628408967,63.69047217615909,60.18612196394819,HIT,True,1259.4462189632388
2026_07_21_gym,flight_108,30,1,1250,ok,True,34,34,733.8174307891015,452.3813592838607,721.0104021445848,468.28421628408967,20.41863960873016,24.350268273498884,HIT,True,1259.8567938474241
2026_07_21_gym,flight_109,30,1,150,not_fit_eligible,True,5,5,,,,,,,,,
2026_07_21_gym,flight_109,30,1,200,not_fit_eligible,True,7,7,,,,,,,,,
2026_07_21_gym,flight_109,30,1,250,fit_failed,True,8,8,,,,,,,,,
2026_07_21_gym,flight_109,30,1,300,ok,True,10,10,658.6939160989054,1753.3980019805717,513.9415986051856,1988.5498886558728,276.1333794142901,299.47088936800384,HIT,True,1094.8156741234384
2026_07_21_gym,flight_109,30,1,350,ok,True,11,11,639.4116389564182,1784.267528238763,513.9415986051856,1988.5498886558728,239.7373850765164,264.8898069452332,HIT,True,1093.2308836171892
2026_07_21_gym,flight_109,30,1,400,ok,True,13,13,648.7514696759383,1753.3091352524593,513.9415986051856,1988.5498886558728,271.1308049630631,314.76552249503857,HIT,True,1098.5642301314463
2026_07_21_gym,flight_109,30,1,450,ok,True,14,14,648.7514701496575,1753.3091089402187,513.9415986051856,1988.5498886558728,271.1308280278469,314.7655626848015,HIT,True,1098.5642353876904
2026_07_21_gym,flight_109,30,1,490,ok,True,15,15,525.6212343190191,1829.6712372964735,513.9415986051856,1988.5498886558728,159.30737505900163,235.4012408607894,HIT,True,1098.492006206524
2026_07_21_gym,flight_109,30,1,500,ok,True,16,16,485.26779652684814,1849.8464618010319,513.9415986051856,1988.5498886558728,141.63625082196958,229.6212065826547,HIT,True,1099.8224626433025
2026_07_21_gym,flight_109,30,1,550,ok,True,17,17,507.77797962462694,1891.8984731790626,513.9415986051856,1988.5498886558728,96.84774810292947,158.2498132593276,HIT,True,1093.9308442146612
2026_07_21_gym,flight_109,30,1,600,ok,True,18,18,530.8512743886838,1871.3423859604907,513.9415986051856,1988.5498886558728,118.4210109025887,165.47812254509194,HIT,True,1092.2426147795115
2026_07_21_gym,flight_109,30,1,650,ok,True,19,19,479.7327951421368,1891.9020211375391,513.9415986051856,1988.5498886558728,102.52342430008314,167.6094870548624,HIT,True,1094.1206173247688
2026_07_21_gym,flight_109,30,1,700,ok,True,21,21,438.4347220531942,1948.9881681298803,513.9415986051856,1988.5498886558728,85.24328793291826,121.39609208519865,HIT,True,1088.778281897084
2026_07_21_gym,flight_109,30,1,750,ok,True,22,22,434.66250485456214,1966.9720877651023,513.9415986051856,1988.5498886558728,82.1631072757225,109.02528485557497,HIT,True,1086.9681902648488
2026_07_21_gym,flight_109,30,1,800,ok,True,24,24,472.93462527565265,1951.4428566648323,513.9415986051856,1988.5498886558728,55.30374024270988,89.31203806172634,HIT,True,1086.8182490060942
2026_07_21_gym,flight_109,30,1,850,ok,True,25,25,487.98265883899944,1948.1390859630308,513.9415986051856,1988.5498886558728,48.03019392074417,84.01943971906086,HIT,True,1086.9646771154853
2026_07_21_gym,flight_109,30,1,900,ok,True,27,27,472.8457945505995,1957.3499720848074,513.9415986051856,1988.5498886558728,51.597479637423916,83.95348972110074,HIT,True,1086.4516302885586
2026_07_21_gym,flight_109,30,1,950,ok,True,28,28,477.63384267726065,1962.2115718063649,513.9415986051856,1988.5498886558728,44.85487793971625,72.38352010131966,HIT,True,1085.2082193968627
2026_07_21_gym,flight_109,30,1,1000,ok,True,30,30,513.5636582318792,1971.5812400932814,513.9415986051856,1988.5498886558728,16.97285694768297,34.963810939259055,HIT,True,1081.8103314538205
2026_07_21_gym,flight_109,30,1,1050,ok,True,31,31,504.63462469763556,1979.9482054828254,513.9415986051856,1988.5498886558728,12.673149439871054,20.54898329619491,HIT,True,1081.3747949272795
2026_07_21_gym,flight_109,30,1,1100,ok,False,33,33,479.53573757027647,1999.2570604947875,513.9415986051856,1988.5498886558728,36.03341230499172,47.16128984370429,HIT,True,1079.1501045098073
2026_07_21_gym,flight_109,30,1,1150,ok,False,34,34,485.26876969794233,1995.4118767984073,513.9415986051856,1988.5498886558728,29.482503265705418,44.81848580573819,HIT,True,1079.2454980281368
2026_07_21_gym,flight_109,30,1,1200,ok,False,36,36,520.2325568002551,1975.7073290989554,513.9415986051856,1988.5498886558728,14.300611559827887,21.585555745789307,HIT,True,1080.8752209280199
2026_07_21_gym,flight_109,30,1,1250,ok,False,37,37,452.22746523325895,2024.673621257929,513.9415986051856,1988.5498886558728,71.50914847033776,66.62288697327791,MISS_HIGH_WIDE,False,1075.6419063966605
2026_07_21_gym,flight_11,30,1,150,not_fit_eligible,True,5,5,,,,,,,,,
2026_07_21_gym,flight_11,30,1,200,not_fit_eligible,True,7,7,,,,,,,,,
2026_07_21_gym,flight_11,30,1,250,ok,True,8,8,1640.1937726562362,607.7899547376288,1566.3291176105513,588.2383069222026,76.40846940828278,91.744248443421,HIT,True,853.33513305352
2026_07_21_gym,flight_11,30,1,300,ok,True,10,10,1570.4815712930508,609.6197857376108,1566.3291176105513,588.2383069222026,21.780966643357505,58.387138859842295,HIT,True,861.9203624536126
2026_07_21_gym,flight_11,30,1,350,ok,True,11,11,1543.0832840084895,603.819621137675,1566.3291176105513,588.2383069222026,27.984748212839563,60.64739409229799,HIT,True,860.724351308727
2026_07_21_gym,flight_11,30,1,400,ok,True,13,13,1450.9418616731123,604.0860700446243,1566.3291176105513,588.2383069222026,116.47047020063259,151.37121904203408,HIT,True,862.8235030343386
2026_07_21_gym,flight_11,30,1,450,ok,True,14,14,1437.3258778861193,609.5020559006788,1566.3291176105513,588.2383069222026,130.74395924867395,164.37335880701892,HIT,True,861.9547554540909
2026_07_21_gym,flight_11,30,1,490,ok,True,15,15,1451.7841873593334,602.1500713251579,1566.3291176105513,588.2383069222026,115.38664669301951,143.44182044903,HIT,True,860.5143060060985
2026_07_21_gym,flight_11,30,1,500,ok,True,16,16,1451.7841002365785,602.1504883707078,1566.3291176105513,588.2383069222026,115.38678346266462,143.4418138728951,HIT,True,860.5142308475076
2026_07_21_gym,flight_11,30,1,550,ok,True,17,17,1451.7841003732285,602.1504877165803,1566.3291176105513,588.2383069222026,115.38678324814339,143.44181388280035,HIT,True,860.5142309653925
2026_07_21_gym,flight_11,30,1,600,ok,True,19,19,1573.265407458332,582.278890115227,1566.3291176105513,588.2383069222026,9.144767111943784,36.3547061414033,HIT,True,856.4632159663022
2026_07_21_gym,flight_11,30,1,650,ok,True,20,20,1586.399984942812,577.4427315168704,1566.3291176105513,588.2383069222026,22.79000139976783,34.290506219122854,HIT,True,856.3621576842581
2026_07_21_gym,flight_11,30,1,700,ok,True,22,22,1588.1734575080352,572.7826379504064,1566.3291176105513,588.2383069222026,26.759164578187978,37.1816895866183,HIT,True,856.0846748900719
2026_07_21_gym,flight_11,30,1,750,ok,True,23,23,1577.0674574817547,578.3419499572817,1566.3291176105513,588.2383069222026,14.603075852936394,44.722393793242155,HIT,True,856.5343183214809
2026_07_21_gym,flight_11,30,1,800,ok,True,25,25,1568.2011461734896,588.30628668007,1566.3291176105513,588.2383069222026,1.8732624450238409,29.405276602776706,HIT,True,854.2052498355706
2026_07_21_gym,flight_11,30,1,850,ok,True,25,25,1568.2011461734896,588.30628668007,1566.3291176105513,588.2383069222026,1.8732624450238409,29.405276602776706,HIT,True,854.2052498355706
2026_07_21_gym,flight_11,30,1,900,ok,False,27,27,1568.2009122001562,588.3072658298697,1566.3291176105513,588.2383069222026,1.8730644187055268,29.40537561088095,HIT,True,854.2050737393967
2026_07_21_gym,flight_11,30,1,950,ok,False,27,27,1568.2009122001562,588.3072658298697,1566.3291176105513,588.2383069222026,1.8730644187055268,29.40537561088095,HIT,True,854.2050737393967
2026_07_21_gym,flight_11,30,1,1000,ok,False,27,27,1568.2009122001562,588.3072658298697,1566.3291176105513,588.2383069222026,1.8730644187055268,29.40537561088095,HIT,True,854.2050737393967
2026_07_21_gym,flight_11,30,1,1050,ok,False,27,27,1568.2009122001562,588.3072658298697,1566.3291176105513,588.2383069222026,1.8730644187055268,29.40537561088095,HIT,True,854.2050737393967
2026_07_21_gym,flight_11,30,1,1100,ok,False,27,27,1568.2009122001562,588.3072658298697,1566.3291176105513,588.2383069222026,1.8730644187055268,29.40537561088095,HIT,True,854.2050737393967
2026_07_21_gym,flight_11,30,1,1150,ok,False,27,27,1568.2009122001562,588.3072658298697,1566.3291176105513,588.2383069222026,1.8730644187055268,29.40537561088095,HIT,True,854.2050737393967
2026_07_21_gym,flight_11,30,1,1200,ok,False,27,27,1568.2009122001562,588.3072658298697,1566.3291176105513,588.2383069222026,1.8730644187055268,29.40537561088095,HIT,True,854.2050737393967
2026_07_21_gym,flight_11,30,1,1250,ok,False,27,27,1568.2009122001562,588.3072658298697,1566.3291176105513,588.2383069222026,1.8730644187055268,29.40537561088095,HIT,True,854.2050737393967
2026_07_21_gym,flight_114,30,1,150,not_fit_eligible,True,4,4,,,,,,,,,
2026_07_21_gym,flight_114,30,1,200,not_fit_eligible,True,6,6,,,,,,,,,
2026_07_21_gym,flight_114,30,1,250,not_fit_eligible,True,7,7,,,,,,,,,
2026_07_21_gym,flight_114,30,1,300,fit_failed,True,9,9,,,,,,,,,
2026_07_21_gym,flight_114,30,1,350,fit_failed,True,10,10,,,,,,,,,
2026_07_21_gym,flight_114,30,1,400,ok,True,12,12,742.1761657611089,931.2518037300572,835.8049668499062,1085.3867339324554,180.34391894883439,225.816288201922,HIT,True,1198.1633059223066
2026_07_21_gym,flight_114,30,1,450,ok,True,13,13,973.7046344092546,1002.0099996375963,835.8049668499062,1085.3867339324554,161.14589084011524,156.63357606992284,HIT,True,1171.9916296017689
2026_07_21_gym,flight_114,30,1,490,ok,True,14,14,1011.5022983282248,1067.226443145703,835.8049668499062,1085.3867339324554,176.63337297934828,200.73043864737699,HIT,True,1165.19282241295
2026_07_21_gym,flight_114,30,1,500,ok,True,15,15,963.883299878896,1061.538016893584,835.8049668499062,1085.3867339324554,130.27977853790264,156.01885791426628,HIT,True,1167.503402124443
2026_07_21_gym,flight_114,30,1,550,ok,True,16,16,844.8055777359243,1032.359998875928,835.8049668499062,1085.3867339324554,53.78518036668323,53.84161655647238,HIT,True,1175.090574713945
2026_07_21_gym,flight_114,30,1,600,ok,True,18,18,863.9744407822784,1060.47213232924,835.8049668499062,1085.3867339324554,37.60660360460039,68.23012227167064,HIT,True,1171.9909995537123
2026_07_21_gym,flight_114,30,1,650,ok,True,19,19,840.3375060506934,1029.632880691509,835.8049668499062,1085.3867339324554,55.937787432286484,61.27454144665974,HIT,True,1175.4085405232797
2026_07_21_gym,flight_114,30,1,700,ok,True,21,21,869.8821728277834,1054.2925218601827,835.8049668499062,1085.3867339324554,46.131399194628145,78.64606025357709,HIT,True,1172.616613916998
2026_07_21_gym,flight_114,30,1,750,ok,True,22,22,875.5731652230957,1041.737241565137,835.8049668499062,1085.3867339324554,59.04902866071487,78.04368577156616,HIT,True,1174.1948770166084
2026_07_21_gym,flight_114,30,1,800,ok,True,24,24,919.1211962568558,1005.7469000876156,835.8049668499062,1085.3867339324554,115.25665801776981,138.85496164133,HIT,True,1176.7449534281245
2026_07_21_gym,flight_114,30,1,850,ok,True,25,25,809.1381825973857,1023.086079089971,835.8049668499062,1085.3867339324554,67.76790520720594,69.98305516379631,HIT,True,1179.9057959506783
2026_07_21_gym,flight_114,30,1,900,ok,True,27,27,814.4508108546116,1057.143163990883,835.8049668499062,1085.3867339324554,35.40761530117306,31.461979614274302,HIT,True,1175.4023451605299
2026_07_21_gym,flight_114,30,1,950,ok,True,28,28,813.6546596706876,1069.0642996010508,835.8049668499062,1085.3867339324554,27.514686453542588,23.72614063484921,HIT,True,1174.8359395385655
2026_07_21_gym,flight_114,30,1,1000,ok,True,30,30,805.7104169454913,1079.7906830595855,835.8049668499062,1085.3867339324554,30.61041847673879,22.32824771033055,HIT,True,1174.665742498881
2026_07_21_gym,flight_114,30,1,1050,ok,True,31,31,839.7316383959442,1060.4457510070304,835.8049668499062,1085.3867339324554,25.248195553678823,34.23144517103309,HIT,True,1177.9352969729555
2026_07_21_gym,flight_114,30,1,1100,ok,True,32,32,831.6274275440884,1056.346308300587,835.8049668499062,1085.3867339324554,29.339361880104555,30.39535095363736,HIT,True,1179.9158037581142
2026_07_21_gym,flight_114,30,1,1150,ok,True,33,33,814.6656258825655,1072.5840650025514,835.8049668499062,1085.3867339324554,24.71396504533869,38.36774000477309,HIT,True,1179.1777232235522
2026_07_21_gym,flight_114,30,1,1200,ok,False,35,35,831.3099713467665,1090.2160264153133,835.8049668499062,1085.3867339324554,6.597503350376913,17.964731256616187,HIT,True,1175.955373739637
2026_07_21_gym,flight_114,30,1,1250,ok,False,36,36,816.7118620054738,1107.0830740597605,835.8049668499062,1085.3867339324554,28.90117346268487,48.4643692176005,HIT,True,1175.5253517670735
2026_07_21_gym,flight_115,30,1,150,not_fit_eligible,True,4,4,,,,,,,,,
2026_07_21_gym,flight_115,30,1,200,not_fit_eligible,True,6,6,,,,,,,,,
2026_07_21_gym,flight_115,30,1,250,not_fit_eligible,True,7,7,,,,,,,,,
2026_07_21_gym,flight_115,30,1,300,fit_failed,True,9,9,,,,,,,,,
2026_07_21_gym,flight_115,30,1,350,fit_failed,True,10,10,,,,,,,,,
2026_07_21_gym,flight_115,30,1,400,ok,True,12,12,794.4003163235413,1269.2229142202705,838.2265530214266,1343.143384598761,85.93587704839213,97.58025443549523,HIT,True,1060.5261311536708
2026_07_21_gym,flight_115,30,1,450,ok,True,13,13,842.0739749681909,1254.6267735785232,838.2265530214266,1343.143384598761,88.60018669362124,88.45357930962061,HIT,True,1061.4270967423304
2026_07_21_gym,flight_115,30,1,490,ok,True,14,14,782.1382738248003,1337.6101754624715,838.2265530214266,1343.143384598761,56.36054884921388,70.31646940627606,HIT,True,1058.0326749791259
2026_07_21_gym,flight_115,30,1,500,ok,True,15,15,825.8741321656514,1322.9805229444073,838.2265530214266,1343.143384598761,23.645788020085064,28.962670316234497,HIT,True,1059.511977136697
2026_07_21_gym,flight_115,30,1,550,ok,True,16,16,723.3102313543527,1284.275936893946,838.2265530214266,1343.143384598761,129.1167587293359,183.78426585850198,HIT,True,1069.2399494439314
2026_07_21_gym,flight_115,30,1,600,ok,True,18,18,719.7843440668789,1317.0364138909808,838.2265530214266,1343.143384598761,121.28532797321213,170.41159957190044,HIT,True,1066.0692146756103
2026_07_21_gym,flight_115,30,1,650,ok,True,19,19,746.3802252295185,1316.2068621596034,838.2265530214266,1343.143384598761,95.71480643021687,140.89921779000645,HIT,True,1065.2620318659738
2026_07_21_gym,flight_115,30,1,700,ok,True,21,21,810.7157263178977,1348.1950349832741,838.2265530214266,1343.143384598761,27.970783999004205,38.19627464915,HIT,True,1059.305822087621
2026_07_21_gym,flight_115,30,1,750,ok,True,22,22,772.6249106553881,1336.0019375581517,838.2265530214266,1343.143384598761,65.98920932209634,86.88913453816467,HIT,True,1060.667362044005
2026_07_21_gym,flight_115,30,1,800,ok,True,24,24,824.4928924192458,1338.5812868619746,838.2265530214266,1343.143384598761,14.471564162034683,29.036032990555576,HIT,True,1059.3678093381982
2026_07_21_gym,flight_115,30,1,850,ok,True,25,25,783.2117314672181,1327.5930143934186,838.2265530214266,1343.143384598761,57.17031226226258,97.52979642290894,HIT,True,1062.673412342251
2026_07_21_gym,flight_115,30,1,900,ok,True,27,27,787.4900875490853,1328.942636291654,838.2265530214266,1343.143384598761,52.68633770825118,91.17572534092663,HIT,True,1061.9435181219342
2026_07_21_gym,flight_115,30,1,950,ok,True,28,28,806.5290386059017,1327.614609932804,838.2265530214266,1343.143384598761,35.29695826482051,67.35777058343392,HIT,True,1061.7180307569433
2026_07_21_gym,flight_115,30,1,1000,ok,True,30,30,793.9581589084684,1331.5541293691049,838.2265530214266,1343.143384598761,45.76026173568406,82.22577296291783,HIT,True,1061.646787292284
2026_07_21_gym,flight_115,30,1,1050,ok,True,31,31,816.0858584220672,1321.2687470306016,838.2265530214266,1343.143384598761,31.124108438322146,62.20891656189795,HIT,True,1062.3347793722544
2026_07_21_gym,flight_115,30,1,1100,ok,False,32,32,799.8182799175372,1346.5399485690211,838.2265530214266,1343.143384598761,38.55816501892984,75.3269086818723,HIT,True,1059.4866435502056
2026_07_21_gym,flight_115,30,1,1150,ok,False,33,33,828.1958274346201,1328.8383040453107,838.2265530214266,1343.143384598761,17.471427687470715,41.18817927163116,HIT,True,1062.3666440650604
2026_07_21_gym,flight_115,30,1,1200,ok,False,35,35,808.8136348887807,1342.338346979796,838.2265530214266,1343.143384598761,29.42393309273389,70.65080621084938,HIT,True,1059.6928675676518
2026_07_21_gym,flight_115,30,1,1250,ok,False,36,36,841.5894194907145,1325.1051985581607,838.2265530214266,1343.143384598761,18.348978895992218,34.23461445071057,HIT,True,1062.3964779092369
2026_07_21_gym,flight_117,30,1,150,not_fit_eligible,True,5,5,,,,,,,,,
2026_07_21_gym,flight_117,30,1,200,not_fit_eligible,True,7,7,,,,,,,,,
2026_07_21_gym,flight_117,30,1,250,fit_failed,True,8,8,,,,,,,,,
2026_07_21_gym,flight_117,30,1,300,ok,True,10,10,335.3777411391924,207.39380265974222,758.1778165157115,847.2733636708601,766.9457323293292,775.528680703499,HIT,True,1344.7989257381814
2026_07_21_gym,flight_117,30,1,350,ok,True,11,11,407.993544046668,243.65668557831077,758.1778165157115,847.2733636708601,697.8410411806958,712.1684834587006,HIT,True,1337.3977174417723
2026_07_21_gym,flight_117,30,1,400,ok,True,13,13,398.0910175743605,329.9066637761537,758.1778165157115,847.2733636708601,630.3418159473225,646.9525197306182,HIT,True,1329.0028365400856
2026_07_21_gym,flight_117,30,1,450,ok,True,14,14,433.3817261293448,375.39911061243714,758.1778165157115,847.2733636708601,572.8506009682746,592.9031758714615,HIT,True,1322.8132324449084
2026_07_21_gym,flight_117,30,1,490,ok,True,15,15,429.28477003069975,411.60211703844607,758.1778165157115,847.2733636708601,545.8755088556675,567.9695413020472,HIT,True,1319.9504386590952
2026_07_21_gym,flight_117,30,1,500,ok,True,16,16,423.667429340598,455.59020846130016,758.1778165157115,847.2733636708601,515.0853261382628,537.9436966535206,HIT,True,1316.1930434835426
2026_07_21_gym,flight_117,30,1,550,ok,True,17,17,423.66742070977665,455.5890418038834,758.1778165157115,847.2733636708601,515.0862188979983,537.9445981688668,HIT,True,1316.193210256522
2026_07_21_gym,flight_117,30,1,600,ok,True,19,19,435.7377874372744,508.71702694910897,758.1778165157115,847.2733636708601,467.5339190759908,497.8205883913032,HIT,True,1313.0086417312707
2026_07_21_gym,flight_117,30,1,650,ok,True,20,20,482.96343035942834,572.8669663429936,758.1778165157115,847.2733636708601,388.6410030373001,431.35703908981895,HIT,True,1308.3329493374706
2026_07_21_gym,flight_117,30,1,700,ok,True,21,21,482.9634308104517,572.8674080121319,758.1778165157115,847.2733636708601,388.6406908702476,431.35671160449857,HIT,True,1308.3328852934008
2026_07_21_gym,flight_117,30,1,750,ok,True,22,22,551.866404688483,568.0134220177932,758.1778165157115,847.2733636708601,347.20385029866617,404.54054463945516,HIT,True,1306.4119296521342
2026_07_21_gym,flight_117,30,1,800,ok,True,23,23,517.1944168394372,565.8256576609082,758.1778165157115,847.2733636708601,370.5209982413943,415.22787904780614,HIT,True,1307.0394310993202
2026_07_21_gym,flight_117,30,1,850,ok,True,24,24,592.5415896073257,648.9296371218984,758.1778165157115,847.2733636708601,258.4097396109047,309.3480018121452,HIT,True,1295.7137865698933
2026_07_21_gym,flight_117,30,1,900,ok,True,26,26,818.6424434549566,803.8933182607292,758.1778165157115,847.2733636708601,74.41639235200206,39.165363106303325,HIT,True,1270.4090589799778
2026_07_21_gym,flight_117,30,1,950,ok,True,27,27,609.1853757386821,740.9373078819909,758.1778165157115,847.2733636708601,183.0467267378199,216.4510629022798,HIT,True,1284.6904116806713
2026_07_21_gym,flight_117,30,1,1000,ok,True,29,29,874.1480715509622,760.6192117157806,758.1778165157115,847.2733636708601,144.7689265830037,105.73965301515722,HIT,True,1273.8507464603583
2026_07_21_gym,flight_117,30,1,1050,ok,True,30,30,815.1072431455551,791.883997615228,758.1778165157115,847.2733636708601,79.42884544324913,56.6594043299897,HIT,True,1272.1148494411916
2026_07_21_gym,flight_117,30,1,1100,ok,True,32,32,791.474860504086,796.7905857900064,758.1778165157115,847.2733636708601,60.47482121454651,49.704195093713544,HIT,True,1272.2262477388701
2026_07_21_gym,flight_117,30,1,1150,ok,True,33,33,823.98783558827,788.9810691276258,758.1778165157115,847.2733636708601,87.91444826332983,60.996236455871745,HIT,True,1273.1179491974153
2026_07_21_gym,flight_117,30,1,1200,ok,True,35,35,785.8592998634155,815.3278735817794,758.1778165157115,847.2733636708601,42.27030704124078,31.935582992242736,HIT,True,1271.2494727901112
2026_07_21_gym,flight_117,30,1,1250,ok,True,36,36,770.4246398988083,834.0252181638558,758.1778165157115,847.2733636708601,18.04156429890509,16.035777893010618,HIT,True,1270.194428745679
2026_07_21_gym,flight_118,30,1,150,not_fit_eligible,True,4,4,,,,,,,,,
2026_07_21_gym,flight_118,30,1,200,not_fit_eligible,True,6,6,,,,,,,,,
2026_07_21_gym,flight_118,30,1,250,not_fit_eligible,True,7,7,,,,,,,,,
2026_07_21_gym,flight_118,30,1,300,fit_failed,True,9,9,,,,,,,,,
2026_07_21_gym,flight_118,30,1,350,fit_failed,True,10,10,,,,,,,,,
2026_07_21_gym,flight_118,30,1,400,ok,True,12,12,227.22677952051274,859.3018079335919,431.5127002767695,1095.3219882403728,312.15102583729714,385.6042631274182,HIT,True,1086.093290143165
2026_07_21_gym,flight_118,30,1,450,ok,True,13,13,437.5569071149038,917.5518760494159,431.5127002767695,1095.3219882403728,177.87283442023275,198.04631926630847,HIT,True,1073.704552285178
2026_07_21_gym,flight_118,30,1,490,ok,True,14,14,544.9667746328769,918.900046239002,431.5127002767695,1095.3219882403728,209.75349486369987,226.64197648265164,HIT,True,1066.5339887281648
2026_07_21_gym,flight_118,30,1,500,ok,True,15,15,312.7821212440321,886.9564417540446,431.5127002767695,1095.3219882403728,239.8189970790373,310.79411014646104,HIT,True,1083.6065036039863
2026_07_21_gym,flight_118,30,1,550,ok,True,16,16,454.4185283037225,936.0538989021761,431.5127002767695,1095.3219882403728,160.90680917549804,195.47806015458056,HIT,True,1077.0786914587295
2026_07_21_gym,flight_118,30,1,600,ok,True,18,18,436.19938305424023,960.3150898329092,431.5127002767695,1095.3219882403728,135.08822159263124,171.82294516889212,HIT,True,1077.0463431694222
2026_07_21_gym,flight_118,30,1,650,ok,True,19,19,509.44513134612356,969.6053805239831,431.5127002767695,1095.3219882403728,147.91257305616801,190.75173578851005,HIT,True,1072.202407026588
2026_07_21_gym,flight_118,30,1,700,ok,True,21,21,461.63280837543914,1001.9856221617824,431.5127002767695,1095.3219882403728,98.07598148696843,133.24375353682316,HIT,True,1071.7616835252068
2026_07_21_gym,flight_118,30,1,750,ok,True,22,22,344.5643513634891,1032.6671233084694,431.5127002767695,1095.3219882403728,107.17111307801468,147.44741971102476,HIT,True,1073.047948868245
2026_07_21_gym,flight_118,30,1,800,ok,True,24,24,427.1520575934628,1008.6761209478939,431.5127002767695,1095.3219882403728,86.75552733674864,106.82891019936385,HIT,True,1072.5481916708623
2026_07_21_gym,flight_118,30,1,850,ok,True,25,25,350.89616290898124,1038.4856071291638,431.5127002767695,1095.3219882403728,98.63772257605403,132.64199072644416,HIT,True,1070.724397866956
2026_07_21_gym,flight_118,30,1,900,ok,True,27,27,521.6706893186796,1001.6923967863372,431.5127002767695,1095.3219882403728,129.98062695621525,136.66940702349072,HIT,True,1070.9603678219412
2026_07_21_gym,flight_118,30,1,950,ok,True,28,28,534.546390248625,1011.1571279525112,431.5127002767695,1095.3219882403728,133.0400878550961,177.6692581710651,HIT,True,1069.147485426147
2026_07_21_gym,flight_118,30,1,1000,ok,True,30,30,481.3132254610883,1047.251979555857,431.5127002767695,1095.3219882403728,69.21573551991915,101.89732623345526,HIT,True,1066.4202033914396
2026_07_21_gym,flight_118,30,1,1050,ok,True,31,31,451.40460490296556,1065.7081280378482,431.5127002767695,1095.3219882403728,35.67448087572335,24.951810757407003,HIT,True,1066.6762499455212
2026_07_21_gym,flight_118,30,1,1100,ok,False,33,33,445.84886021517394,1085.0340466727023,431.5127002767695,1095.3219882403728,17.645600683437053,17.16111003024557,HIT,True,1064.8718290872994
2026_07_21_gym,flight_118,30,1,1150,ok,False,34,34,442.3910483639429,1101.2233417914758,431.5127002767695,1095.3219882403728,12.375961814777282,41.370309165175954,HIT,True,1063.9013489453616
2026_07_21_gym,flight_118,30,1,1200,ok,False,35,35,444.80802090256833,1093.5677066926976,431.5127002767695,1095.3219882403728,13.410557568248416,25.359010704591395,HIT,True,1064.812820837005
2026_07_21_gym,flight_118,30,1,1250,ok,False,35,35,444.80802090256833,1093.5677066926976,431.5127002767695,1095.3219882403728,13.410557568248416,25.359010704591395,HIT,True,1064.812820837005
2026_07_21_gym,flight_119,30,1,150,not_fit_eligible,True,5,5,,,,,,,,,
2026_07_21_gym,flight_119,30,1,200,not_fit_eligible,True,6,6,,,,,,,,,
2026_07_21_gym,flight_119,30,1,250,not_fit_eligible,True,7,7,,,,,,,,,
2026_07_21_gym,flight_119,30,1,300,fit_failed,True,9,9,,,,,,,,,
2026_07_21_gym,flight_119,30,1,350,fit_failed,True,10,10,,,,,,,,,
2026_07_21_gym,flight_119,30,1,400,ok,True,12,12,729.3524994522555,766.4873945310085,727.0310609169251,708.7948067898615,57.73927395753486,79.8337492104521,HIT,True,978.9742912707271
2026_07_21_gym,flight_119,30,1,450,ok,True,13,13,766.0947143836651,748.2707405013772,727.0310609169251,708.7948067898615,55.53663983862843,86.51982086346614,HIT,True,978.7231108309816
2026_07_21_gym,flight_119,30,1,490,ok,True,14,14,779.5109297304506,729.391467946604,727.0310609169251,708.7948067898615,56.37693749655542,85.75781487276042,HIT,True,979.3680506211673
2026_07_21_gym,flight_119,30,1,500,ok,True,15,15,791.0656123813244,713.5158803702552,727.0310609169251,708.7948067898615,64.20835083537264,89.4141101648829,HIT,True,980.5977332885273
2026_07_21_gym,flight_119,30,1,550,ok,True,16,16,781.2250038633945,702.7606266843899,727.0310609169251,708.7948067898615,54.52884357503329,75.72109286646155,HIT,True,981.929330016663
2026_07_21_gym,flight_119,30,1,600,ok,True,18,18,737.6062600169624,702.2558430282631,727.0310609169251,708.7948067898615,12.433538638735444,26.116004457113736,HIT,True,983.5586227396329
2026_07_21_gym,flight_119,30,1,650,ok,True,19,19,714.9935771641333,697.5683366645028,727.0310609169251,708.7948067898615,16.460092544524073,16.00355434982657,HIT,True,984.8054425926682
2026_07_21_gym,flight_119,30,1,700,ok,True,21,21,718.5555637264381,700.4307050547816,727.0310609169251,708.7948067898615,11.907655120161943,9.782836488524513,HIT,True,984.3764151634637
2026_07_21_gym,flight_119,30,1,750,ok,True,22,22,729.4620602166189,704.0021989053033,727.0310609169251,708.7948067898615,5.3739043469567465,16.874924499019116,HIT,True,983.59116503272
2026_07_21_gym,flight_119,30,1,800,ok,True,24,24,717.3782302483016,700.6575454095713,727.0310609169251,708.7948067898615,12.62506089839883,6.407059436292851,HIT,True,983.7500811343998
2026_07_21_gym,flight_119,30,1,850,ok,True,25,25,716.6404966739794,696.3015808516205,727.0310609169251,708.7948067898615,16.24944674845012,11.337485726684816,HIT,True,984.327434795783
2026_07_21_gym,flight_119,30,1,900,ok,True,27,27,716.640420510745,696.3025775675774,727.0310609169251,708.7948067898615,16.24872915007911,11.33615441305529,HIT,True,984.3272626101702
2026_07_21_gym,flight_119,30,1,950,ok,True,28,28,707.2167440214738,708.8611584598053,727.0310609169251,708.7948067898615,19.814427990165903,21.215166141908735,HIT,True,984.0109839642815
2026_07_21_gym,flight_119,30,1,1000,ok,False,30,30,717.4136837740282,712.4313914924466,727.0310609169251,708.7948067898615,10.281959512067303,12.348598138700856,HIT,True,983.1877820698879
2026_07_21_gym,flight_119,30,1,1050,ok,False,31,31,712.8469339745387,710.6278741747624,727.0310609169251,708.7948067898615,14.30208352497347,15.19185301643959,HIT,True,983.555492858176
2026_07_21_gym,flight_119,30,1,1100,ok,False,31,31,712.8469339745387,710.6278741747624,727.0310609169251,708.7948067898615,14.30208352497347,15.19185301643959,HIT,True,983.555492858176
2026_07_21_gym,flight_119,30,1,1150,ok,False,31,31,712.8469339745387,710.6278741747624,727.0310609169251,708.7948067898615,14.30208352497347,15.19185301643959,HIT,True,983.555492858176
2026_07_21_gym,flight_119,30,1,1200,ok,False,31,31,712.8469339745387,710.6278741747624,727.0310609169251,708.7948067898615,14.30208352497347,15.19185301643959,HIT,True,983.555492858176
2026_07_21_gym,flight_119,30,1,1250,ok,False,31,31,712.8469339745387,710.6278741747624,727.0310609169251,708.7948067898615,14.30208352497347,15.19185301643959,HIT,True,983.555492858176
2026_07_21_gym,flight_12,30,1,150,not_fit_eligible,True,5,5,,,,,,,,,
2026_07_21_gym,flight_12,30,1,200,not_fit_eligible,True,7,7,,,,,,,,,
2026_07_21_gym,flight_12,30,1,250,ok,True,8,8,1001.5230820049312,555.4256724700429,1027.2503773162528,648.6292335802102,96.68917999265817,239.16590995670617,HIT,True,628.4864144543197
2026_07_21_gym,flight_12,30,1,300,ok,True,10,10,996.7467377091983,571.1074892228824,1027.2503773162528,648.6292335802102,83.3072198400592,203.1379654987739,HIT,True,626.0060438764948
2026_07_21_gym,flight_12,30,1,350,ok,True,11,11,1021.8010300438987,579.5892202364835,1027.2503773162528,648.6292335802102,69.25473866961508,173.75954445251992,HIT,True,625.147637358352
2026_07_21_gym,flight_12,30,1,400,ok,True,13,13,1040.8968790330362,589.2125026526217,1027.2503773162528,648.6292335802102,60.963718088939025,136.63378248863916,HIT,True,622.6114676977097
2026_07_21_gym,flight_12,30,1,450,ok,True,14,14,1052.8929183500186,598.127975611941,1027.2503773162528,648.6292335802102,56.63847603039863,124.2611643691145,HIT,True,622.2401602090149
2026_07_21_gym,flight_12,30,1,490,ok,True,15,15,1034.4054669962522,609.2627749377288,1027.2503773162528,648.6292335802102,40.01141555080298,94.81828676281464,HIT,True,621.0252915674469
2026_07_21_gym,flight_12,30,1,500,ok,True,16,16,1034.4054684390635,609.262769913661,1027.2503773162528,648.6292335802102,40.0114207518986,94.81829479211316,HIT,True,621.0252926281521
2026_07_21_gym,flight_12,30,1,550,ok,True,17,17,1043.2609204043827,620.7037725185588,1027.2503773162528,648.6292335802102,32.189576969613505,79.52119799699787,HIT,True,620.9165072244699
2026_07_21_gym,flight_12,30,1,600,ok,True,19,19,1014.7332296090027,639.0509108301977,1027.2503773162528,648.6292335802102,15.761448329024903,41.648108957751845,HIT,True,618.2191497412564
2026_07_21_gym,flight_12,30,1,650,ok,False,20,20,1065.6905653851086,640.2112699278722,1027.2503773162528,648.6292335802102,39.35111397179361,71.09477208555698,HIT,True,618.5505984998159
2026_07_21_gym,flight_12,30,1,700,ok,False,20,20,1065.6905653851086,640.2112699278722,1027.2503773162528,648.6292335802102,39.35111397179361,71.09477208555698,HIT,True,618.5505984998159
2026_07_21_gym,flight_12,30,1,750,ok,False,20,20,1065.6905653851086,640.2112699278722,1027.2503773162528,648.6292335802102,39.35111397179361,71.09477208555698,HIT,True,618.5505984998159
2026_07_21_gym,flight_12,30,1,800,ok,False,20,20,1065.6905653851086,640.2112699278722,1027.2503773162528,648.6292335802102,39.35111397179361,71.09477208555698,HIT,True,618.5505984998159
2026_07_21_gym,flight_12,30,1,850,ok,False,20,20,1065.6905653851086,640.2112699278722,1027.2503773162528,648.6292335802102,39.35111397179361,71.09477208555698,HIT,True,618.5505984998159
2026_07_21_gym,flight_12,30,1,900,ok,False,20,20,1065.6905653851086,640.2112699278722,1027.2503773162528,648.6292335802102,39.35111397179361,71.09477208555698,HIT,True,618.5505984998159
2026_07_21_gym,flight_12,30,1,950,ok,False,20,20,1065.6905653851086,640.2112699278722,1027.2503773162528,648.6292335802102,39.35111397179361,71.09477208555698,HIT,True,618.5505984998159
2026_07_21_gym,flight_12,30,1,1000,ok,False,20,20,1065.6905653851086,640.2112699278722,1027.2503773162528,648.6292335802102,39.35111397179361,71.09477208555698,HIT,True,618.5505984998159
2026_07_21_gym,flight_12,30,1,1050,ok,False,20,20,1065.6905653851086,640.2112699278722,1027.2503773162528,648.6292335802102,39.35111397179361,71.09477208555698,HIT,True,618.5505984998159
2026_07_21_gym,flight_12,30,1,1100,ok,False,20,20,1065.6905653851086,640.2112699278722,1027.2503773162528,648.6292335802102,39.35111397179361,71.09477208555698,HIT,True,618.5505984998159
2026_07_21_gym,flight_12,30,1,1150,ok,False,20,20,1065.6905653851086,640.2112699278722,1027.2503773162528,648.6292335802102,39.35111397179361,71.09477208555698,HIT,True,618.5505984998159
2026_07_21_gym,flight_12,30,1,1200,ok,False,20,20,1065.6905653851086,640.2112699278722,1027.2503773162528,648.6292335802102,39.35111397179361,71.09477208555698,HIT,True,618.5505984998159
2026_07_21_gym,flight_12,30,1,1250,ok,False,20,20,1065.6905653851086,640.2112699278722,1027.2503773162528,648.6292335802102,39.35111397179361,71.09477208555698,HIT,True,618.5505984998159
2026_07_21_gym,flight_121,30,1,150,not_fit_eligible,True,5,5,,,,,,,,,
2026_07_21_gym,flight_121,30,1,200,not_fit_eligible,True,7,7,,,,,,,,,
2026_07_21_gym,flight_121,30,1,250,fit_failed,True,8,8,,,,,,,,,
2026_07_21_gym,flight_121,30,1,300,fit_failed,True,9,9,,,,,,,,,
2026_07_21_gym,flight_121,30,1,350,fit_failed,True,9,9,,,,,,,,,
2026_07_21_gym,flight_121,30,1,400,fit_failed,True,11,11,,,,,,,,,
2026_07_21_gym,flight_121,30,1,450,fit_failed,True,12,12,,,,,,,,,
2026_07_21_gym,flight_121,30,1,490,fit_failed,True,13,13,,,,,,,,,
2026_07_21_gym,flight_121,30,1,500,fit_failed,True,14,14,,,,,,,,,
2026_07_21_gym,flight_121,30,1,550,fit_failed,True,15,15,,,,,,,,,
2026_07_21_gym,flight_121,30,1,600,ok,True,17,17,401.50953094139,1534.9780482389258,551.2059810616963,1613.2865600805737,168.94155855050846,192.1393265465645,HIT,True,1227.0060555495136
2026_07_21_gym,flight_121,30,1,650,ok,True,18,18,419.5597699689015,1522.0206061721083,551.2059810616963,1613.2865600805737,160.18801215418975,193.14155605363288,HIT,True,1228.4329667372892
2026_07_21_gym,flight_121,30,1,700,ok,True,20,20,431.911066489291,1555.6517575693308,551.2059810616963,1613.2865600805737,132.48791304623776,141.33353722173575,HIT,True,1227.2493781033031
2026_07_21_gym,flight_121,30,1,750,ok,True,21,21,441.81046348560034,1556.1669611993004,551.2059810616963,1613.2865600805737,123.40999895510689,127.19647668448083,HIT,True,1226.886827929842
2026_07_21_gym,flight_121,30,1,800,ok,True,23,23,371.8544096928557,1580.1975912771832,551.2059810616963,1613.2865600805737,182.37835948638227,223.35511777290134,HIT,True,1226.9192733919185
2026_07_21_gym,flight_121,30,1,850,ok,True,24,24,607.7352795449364,1537.676637636658,551.2059810616963,1613.2865600805737,94.40562461517963,115.74877497336234,HIT,True,1219.9967045522064
2026_07_21_gym,flight_121,30,1,900,ok,True,26,26,509.27399019073505,1552.6942394339287,551.2059810616963,1613.2865600805737,73.68664179990986,85.72055265013425,HIT,True,1224.533178389501
2026_07_21_gym,flight_121,30,1,950,ok,True,27,27,512.5903555159329,1562.5379388124818,551.2059810616963,1613.2865600805737,63.769813367320225,74.02918039722917,HIT,True,1223.4869083253225
2026_07_21_gym,flight_121,30,1,1000,ok,True,29,29,522.2765104147004,1579.8885008182529,551.2059810616963,1613.2865600805737,44.18534411323393,53.58479756190888,HIT,True,1222.3727917357985
2026_07_21_gym,flight_121,30,1,1050,ok,True,30,30,576.845342737594,1581.6472998586864,551.2059810616963,1613.2865600805737,40.723698929932574,69.24663592758827,HIT,True,1219.669873272051
2026_07_21_gym,flight_121,30,1,1100,ok,True,32,32,577.4125486630592,1608.1394562768633,551.2059810616963,1613.2865600805737,26.707243643082524,101.24694078027237,HIT,True,1216.5635593643656
2026_07_21_gym,flight_121,30,1,1150,ok,True,33,33,520.7915671835345,1601.8123069307899,551.2059810616963,1613.2865600805737,32.506846308084775,43.077152002467926,HIT,True,1219.7341736745846
2026_07_21_gym,flight_121,30,1,1200,ok,True,35,35,504.2854129718893,1624.0281479600676,551.2059810616963,1613.2865600805737,48.13440993762267,52.38675494433958,HIT,True,1216.371193817265
2026_07_21_gym,flight_121,30,1,1250,ok,False,36,36,504.2854133753674,1624.0281395040959,551.2059810616963,1613.2865600805737,48.1344076573007,52.38675089869813,HIT,True,1216.3711952196566
2026_07_21_gym,flight_122,30,1,150,not_fit_eligible,True,5,5,,,,,,,,,
2026_07_21_gym,flight_122,30,1,200,not_fit_eligible,True,7,7,,,,,,,,,
2026_07_21_gym,flight_122,30,1,250,fit_failed,True,8,8,,,,,,,,,
2026_07_21_gym,flight_122,30,1,300,fit_failed,True,9,9,,,,,,,,,
2026_07_21_gym,flight_122,30,1,350,fit_failed,True,10,10,,,,,,,,,
2026_07_21_gym,flight_122,30,1,400,fit_failed,True,12,12,,,,,,,,,
2026_07_21_gym,flight_122,30,1,450,fit_failed,True,13,13,,,,,,,,,
2026_07_21_gym,flight_122,30,1,490,fit_failed,True,14,14,,,,,,,,,
2026_07_21_gym,flight_122,30,1,500,fit_failed,True,15,15,,,,,,,,,
2026_07_21_gym,flight_122,30,1,550,fit_failed,True,16,16,,,,,,,,,
2026_07_21_gym,flight_122,30,1,600,ok,True,18,18,1289.308031720917,658.3826981367878,1249.8202072823037,945.3022706264059,289.6241173599325,235.4697469988905,HIT,True,1473.2995025693542
2026_07_21_gym,flight_122,30,1,650,ok,True,19,19,1385.5760904501021,725.3423212665873,1249.8202072823037,945.3022706264059,258.480249026967,194.71584866698265,HIT,True,1461.5553215963505
2026_07_21_gym,flight_122,30,1,700,ok,True,20,20,1239.8261416806124,675.5403311134011,1249.8202072823037,945.3022706264059,269.94700471957265,230.10165249183723,HIT,True,1474.0864341038703
2026_07_21_gym,flight_122,30,1,750,ok,True,21,21,1320.0945643784785,764.1479172744527,1249.8202072823037,945.3022706264059,194.30744968643126,165.60894208859605,HIT,True,1463.8701083932042
2026_07_21_gym,flight_122,30,1,800,ok,True,23,23,1275.6169398957113,721.4350278507566,1249.8202072823037,945.3022706264059,225.3486494334926,194.04195033815782,HIT,True,1471.1198169066915
2026_07_21_gym,flight_122,30,1,850,ok,True,24,24,1264.6601219651102,773.7332564272181,1249.8202072823037,945.3022706264059,172.2096097814349,155.8170514533611,HIT,True,1468.3383969565384
2026_07_21_gym,flight_122,30,1,900,ok,True,26,26,1329.0375047371529,799.0355896542751,1249.8202072823037,945.3022706264059,166.34098165711637,150.60495727143189,HIT,True,1462.1465084908828
2026_07_21_gym,flight_122,30,1,950,ok,True,27,27,1281.1672950962352,754.1624259048602,1249.8202072823037,945.3022706264059,193.69326305938185,173.33266832247563,HIT,True,1469.5039841770538
2026_07_21_gym,flight_122,30,1,1000,ok,True,29,29,1278.3814459995274,790.5869110689237,1249.8202072823037,945.3022706264059,157.32954852812372,140.2583942431185,HIT,True,1465.9065480284614
2026_07_21_gym,flight_122,30,1,1050,ok,True,30,30,1282.3678572516071,804.3114933995871,1249.8202072823037,945.3022706264059,144.69882094041654,128.66740075129337,HIT,True,1464.6762380708287
2026_07_21_gym,flight_122,30,1,1100,ok,True,32,32,1276.9771469675793,826.0067878435613,1249.8202072823037,945.3022706264059,122.34750338875602,106.140241282727,HIT,True,1462.8525434105236
2026_07_21_gym,flight_122,30,1,1150,ok,True,33,33,1266.7810887903674,866.5179870343377,1249.8202072823037,945.3022706264059,80.58929732071125,71.89460286225507,HIT,True,1459.5015363142334
2026_07_21_gym,flight_122,30,1,1200,ok,True,35,35,1277.786815880807,863.8684950441713,1249.8202072823037,945.3022706264059,86.10221252720292,74.05507105846632,HIT,True,1460.2792538427761
2026_07_21_gym,flight_122,30,1,1250,ok,True,36,36,1287.9225301592003,862.5393884006543,1249.8202072823037,945.3022706264059,91.11246722007313,80.71270537201025,HIT,True,1460.1642509995745
2026_07_21_gym,flight_123,30,1,150,not_fit_eligible,True,5,5,,,,,,,,,
2026_07_21_gym,flight_123,30,1,200,not_fit_eligible,True,7,7,,,,,,,,,
2026_07_21_gym,flight_123,30,1,250,fit_failed,True,8,8,,,,,,,,,
2026_07_21_gym,flight_123,30,1,300,ok,True,10,10,497.018468206117,1752.538714655627,622.8285248825156,1700.2736822960753,136.234371465,123.48181055882938,HIT,True,1183.8630483669617
2026_07_21_gym,flight_123,30,1,350,ok,True,11,11,491.24547513921533,1721.3662732672485,622.8285248825156,1700.2736822960753,133.26288445634458,109.86120852632767,HIT,True,1185.7404345681898
2026_07_21_gym,flight_123,30,1,400,ok,True,13,13,583.8074587033077,1684.080392631069,622.8285248825156,1700.2736822960753,42.24767728451974,51.90613220091881,HIT,True,1182.3646575583323
2026_07_21_gym,flight_123,30,1,450,ok,True,14,14,575.5456461747169,1670.4456071064178,622.8285248825156,1700.2736822960753,55.90514008940736,49.60941496857142,HIT,True,1184.3839902077325
2026_07_21_gym,flight_123,30,1,490,ok,True,15,15,555.6956868959829,1684.076346625899,622.8285248825156,1700.2736822960753,69.05918924327453,62.008422124252725,HIT,True,1185.2245856265704
2026_07_21_gym,flight_123,30,1,500,ok,True,16,16,532.7328578251547,1684.4815304755102,622.8285248825156,1700.2736822960753,91.4692368047017,97.96454826613747,HIT,True,1186.7499146146063
2026_07_21_gym,flight_123,30,1,550,ok,True,17,17,567.7977008830586,1647.086936245877,622.8285248825156,1700.2736822960753,76.53248686321052,88.22697000748487,HIT,True,1188.7508292266484
2026_07_21_gym,flight_123,30,1,600,ok,True,18,18,559.0594209840939,1637.1910892194355,622.8285248825156,1700.2736822960753,89.69900869731295,100.94633694262167,HIT,True,1191.7714484326832
2026_07_21_gym,flight_123,30,1,650,ok,True,19,19,585.3209873654183,1618.0713047668833,622.8285248825156,1700.2736822960753,90.35511187557834,105.42070671371434,HIT,True,1191.9576947358335
2026_07_21_gym,flight_123,30,1,700,ok,True,19,19,585.3209873654183,1618.0713047668833,622.8285248825156,1700.2736822960753,90.35511187557834,105.42070671371434,HIT,True,1191.9576947358335
2026_07_21_gym,flight_123,30,1,750,ok,True,19,19,585.3209873654183,1618.0713047668833,622.8285248825156,1700.2736822960753,90.35511187557834,105.42070671371434,HIT,True,1191.9576947358335
2026_07_21_gym,flight_123,30,1,800,ok,True,20,20,601.0206145349584,1602.2564628453506,622.8285248825156,1700.2736822960753,100.41394456238943,113.90104177148496,HIT,True,1192.371103785414
2026_07_21_gym,flight_123,30,1,850,ok,True,20,20,601.0206145349584,1602.2564628453506,622.8285248825156,1700.2736822960753,100.41394456238943,113.90104177148496,HIT,True,1192.371103785414
2026_07_21_gym,flight_123,30,1,900,ok,True,22,22,574.0423767651059,1669.319771516599,622.8285248825156,1700.2736822960753,57.77744231685588,64.02497676713057,HIT,True,1185.2456901962066
2026_07_21_gym,flight_123,30,1,950,ok,True,23,23,601.0205362255367,1602.257838702197,622.8285248825156,1700.2736822960753,100.41261855306105,113.89935179734668,HIT,True,1192.3708734831953
2026_07_21_gym,flight_123,30,1,1000,ok,True,25,25,696.7939789762195,1595.6111411930174,622.8285248825156,1700.2736822960753,128.16058641188062,138.169911790428,HIT,True,1193.291372390445
2026_07_21_gym,flight_123,30,1,1050,ok,True,26,26,579.0729921248255,1675.1515824351413,622.8285248825156,1700.2736822960753,50.45459888188614,44.720837097675926,HIT,True,1184.3010730726694
2026_07_21_gym,flight_123,30,1,1100,ok,True,28,28,617.6790677730072,1648.2803741347918,622.8285248825156,1700.2736822960753,52.24768896398055,60.30994154015923,HIT,True,1188.4907248254694
2026_07_21_gym,flight_123,30,1,1150,ok,True,29,29,617.6790677703141,1648.2803741793257,622.8285248825156,1700.2736822960753,52.24768891992894,60.309941485102094,HIT,True,1188.4907248179538
2026_07_21_gym,flight_123,30,1,1200,ok,True,31,31,656.8934439842511,1639.8836008837673,622.8285248825156,1700.2736822960753,69.33527707013928,78.59057513442872,HIT,True,1190.3914295365919
2026_07_21_gym,flight_123,30,1,1250,ok,False,32,32,595.6902459557725,1696.1446312479145,622.8285248825156,1700.2736822960753,27.4505964537025,27.984507057551824,HIT,True,1182.7548561877506
2026_07_21_gym,flight_124,30,1,150,not_fit_eligible,True,5,5,,,,,,,,,
2026_07_21_gym,flight_124,30,1,200,not_fit_eligible,True,7,7,,,,,,,,,
2026_07_21_gym,flight_124,30,1,250,fit_failed,True,8,8,,,,,,,,,
2026_07_21_gym,flight_124,30,1,300,fit_failed,True,10,10,,,,,,,,,
2026_07_21_gym,flight_124,30,1,350,fit_failed,True,11,11,,,,,,,,,
2026_07_21_gym,flight_124,30,1,400,ok,True,12,12,-278.3954324873347,1125.8499388044565,-24.22203266801343,1199.7493646375153,264.6983987752255,259.49559837214355,MISS_HIGH_WIDE,True,1228.3665930974726
2026_07_21_gym,flight_124,30,1,450,ok,True,13,13,-250.679536101118,1135.7680502575522,-24.22203266801343,1199.7493646375153,235.32235221275144,224.45066680605436,MISS_HIGH_WIDE,True,1219.5490820312887
2026_07_21_gym,flight_124,30,1,490,ok,True,14,14,-221.03708042059773,1118.7167746431394,-24.22203266801343,1199.7493646375153,212.84370712578908,207.49175590347681,MISS_HIGH_WIDE,True,1218.975996839431
2026_07_21_gym,flight_124,30,1,500,ok,True,15,15,-149.79316989051932,1081.123370391971,-24.22203266801343,1199.7493646375153,172.7432690847817,179.9368115744332,MISS_HIGH_WIDE,True,1220.3826912687778
2026_07_21_gym,flight_124,30,1,550,ok,True,16,16,-217.671566069322,1113.2641533045269,-24.22203266801343,1199.7493646375153,211.90189652878445,208.72426503065037,MISS_HIGH_WIDE,True,1220.1250408368664
2026_07_21_gym,flight_124,30,1,600,ok,True,18,18,-145.7705825829136,1114.990249326157,-24.22203266801343,1199.7493646375153,148.1828519592571,161.49975961409703,MISS_HIGH_WIDE,True,1219.3864806083873
2026_07_21_gym,flight_124,30,1,650,ok,True,19,19,-146.90565327401663,1142.9188289070275,-24.22203266801343,1199.7493646375153,135.20717642348717,148.3180645637767,MISS_HIGH_WIDE,True,1218.2167670977653
2026_07_21_gym,flight_124,30,1,700,ok,True,21,21,-137.86114338200287,1207.6638899195716,-24.22203266801343,1199.7493646375153,113.91438537035899,102.07361019157385,MISS_HIGH_WIDE,True,1212.1069512237862
2026_07_21_gym,flight_124,30,1,750,ok,True,22,22,-156.86747303177575,1170.3990913818227,-24.22203266801343,1199.7493646375153,135.85378680581653,145.9073374016064,MISS_HIGH_WIDE,True,1217.438003094719
2026_07_21_gym,flight_124,30,1,800,ok,True,23,23,-144.96142481561313,1156.5499610243862,-24.22203266801343,1199.7493646375153,128.23489887196033,144.78342516559712,MISS_HIGH_WIDE,True,1218.187995478076
2026_07_21_gym,flight_124,30,1,850,ok,True,24,24,-44.76396308274641,1187.437369204639,-24.22203266801343,1199.7493646375153,23.94903206192055,17.37842232444823,MISS_HIGH_WIDE,True,1209.7003374986764
2026_07_21_gym,flight_124,30,1,900,ok,True,26,26,-175.27017816602844,1188.8783133693273,-24.22203266801343,1199.7493646375153,151.4388391862044,156.3134475390832,MISS_HIGH_WIDE,True,1216.7098301657843
2026_07_21_gym,flight_124,30,1,950,ok,True,27,27,-109.62021653660369,1146.9187117550252,-24.22203266801343,1199.7493646375153,100.4187616536059,117.19105291441379,MISS_HIGH_WIDE,True,1216.9679651354822
2026_07_21_gym,flight_124,30,1,1000,ok,True,29,29,-59.54054640659214,1159.6926515873624,-24.22203266801343,1199.7493646375153,53.40353614775395,57.71555348633398,MISS_HIGH_WIDE,True,1213.4376839950487
2026_07_21_gym,flight_124,30,1,1050,ok,True,30,30,-0.6350791331641997,1137.446857693813,-24.22203266801343,1199.7493646375153,66.61791612265593,74.26657578938216,MISS_HIGH_WIDE,True,1213.843529923208
2026_07_21_gym,flight_124,30,1,1100,ok,True,32,32,-32.510958118090215,1143.3805966851312,-24.22203266801343,1199.7493646375153,56.97494436668332,67.85803861453847,MISS_HIGH_WIDE,True,1214.93337393306
2026_07_21_gym,flight_124,30,1,1150,ok,True,33,33,-46.707925504232705,1155.7416810276052,-24.22203266801343,1199.7493646375153,49.419546672869146,63.76443188468936,MISS_HIGH_WIDE,True,1213.5964640365069
2026_07_21_gym,flight_124,30,1,1200,ok,True,35,35,-34.8073177006907,1176.8070473804744,-24.22203266801343,1199.7493646375153,25.266542706625696,28.825623836808443,MISS_HIGH_WIDE,True,1211.1966216169944
2026_07_21_gym,flight_124,30,1,1250,ok,False,36,36,-65.04635423787137,1216.6499448901857,-24.22203266801343,1199.7493646375153,44.184328041921376,59.29718828845673,MISS_HIGH_WIDE,True,1207.8071036288757
2026_07_21_gym,flight_125,30,1,150,not_fit_eligible,True,5,5,,,,,,,,,
2026_07_21_gym,flight_125,30,1,200,not_fit_eligible,True,7,7,,,,,,,,,
2026_07_21_gym,flight_125,30,1,250,fit_failed,True,8,8,,,,,,,,,
2026_07_21_gym,flight_125,30,1,300,fit_failed,True,10,10,,,,,,,,,
2026_07_21_gym,flight_125,30,1,350,fit_failed,True,11,11,,,,,,,,,
2026_07_21_gym,flight_125,30,1,400,fit_failed,True,13,13,,,,,,,,,
2026_07_21_gym,flight_125,30,1,450,fit_failed,True,14,14,,,,,,,,,
2026_07_21_gym,flight_125,30,1,490,fit_failed,True,15,15,,,,,,,,,
2026_07_21_gym,flight_125,30,1,500,fit_failed,True,16,16,,,,,,,,,
2026_07_21_gym,flight_125,30,1,550,fit_failed,True,17,17,,,,,,,,,
2026_07_21_gym,flight_125,30,1,600,ok,True,19,19,823.9371134096217,590.2156211797164,776.3523058129111,814.8556034858839,229.62455348792992,228.16301791397936,HIT,True,1298.5673382299942
2026_07_21_gym,flight_125,30,1,650,ok,True,20,20,782.6345077140643,624.4396589808453,776.3523058129111,814.8556034858839,190.5195475075269,198.94210009517917,HIT,True,1296.8772695186901
2026_07_21_gym,flight_125,30,1,700,ok,True,22,22,838.7906116435788,753.0621338081236,776.3523058129111,814.8556034858839,87.84631426428925,111.37685001149922,HIT,True,1275.9907505537885
2026_07_21_gym,flight_125,30,1,750,ok,True,23,23,876.7683329989871,725.7566959667369,776.3523058129111,814.8556034858839,134.2460198178712,123.43219365346704,HIT,True,1277.916522318827
2026_07_21_gym,flight_125,30,1,800,ok,True,25,25,865.3649515904775,754.7853907891442,776.3523058129111,814.8556034858839,107.38566739446213,96.22711899704898,HIT,True,1276.371990971832
2026_07_21_gym,flight_125,30,1,850,ok,True,26,26,804.8375399658314,791.8897618652368,776.3523058129111,814.8556034858839,36.590141378400574,62.54587069692371,HIT,True,1275.3628394885009
2026_07_21_gym,flight_125,30,1,900,ok,True,28,28,741.0185854383918,777.2527243501946,776.3523058129111,814.8556034858839,51.59891776770105,65.9192087716137,HIT,True,1282.9687523572106
2026_07_21_gym,flight_125,30,1,950,ok,True,29,29,825.7858617233056,727.2323795970473,776.3523058129111,814.8556034858839,100.60569474249101,92.44315883933405,HIT,True,1286.8642590785953
2026_07_21_gym,flight_125,30,1,1000,ok,True,31,31,867.3722967448042,789.4628397381075,776.3523058129111,814.8556034858839,94.49566762551753,144.55593400687988,HIT,True,1274.8105640461745
2026_07_21_gym,flight_125,30,1,1050,ok,True,32,32,701.2346334247303,847.8456756157224,776.3523058129111,814.8556034858839,82.04273011150966,93.71694826512162,HIT,True,1275.1508042372327
2026_07_21_gym,flight_125,30,1,1100,ok,True,34,34,764.7020324180451,824.1058719874524,776.3523058129111,814.8556034858839,14.876032318001812,20.96283449200689,HIT,True,1275.3922083017499
2026_07_21_gym,flight_125,30,1,1150,ok,True,35,35,785.5508306569377,814.8666969850171,776.3523058129111,814.8556034858839,9.198531533451249,41.20812208111129,HIT,True,1275.9845097111308
2026_07_21_gym,flight_125,30,1,1200,ok,True,37,37,827.2016592805228,792.0993176518235,776.3523058129111,814.8556034858839,55.70911319555863,81.57017388973085,HIT,True,1277.6463860595397
2026_07_21_gym,flight_125,30,1,1250,ok,True,38,38,785.8753669839431,833.4598332297836,776.3523058129111,814.8556034858839,20.899905703878662,72.94442294084152,HIT,True,1273.3713430628259
2026_07_21_gym,flight_126,30,1,150,not_fit_eligible,True,5,5,,,,,,,,,
2026_07_21_gym,flight_126,30,1,200,not_fit_eligible,True,7,7,,,,,,,,,
2026_07_21_gym,flight_126,30,1,250,fit_failed,True,8,8,,,,,,,,,
2026_07_21_gym,flight_126,30,1,300,fit_failed,True,10,10,,,,,,,,,
2026_07_21_gym,flight_126,30,1,350,fit_failed,True,11,11,,,,,,,,,
2026_07_21_gym,flight_126,30,1,400,fit_failed,True,13,13,,,,,,,,,
2026_07_21_gym,flight_126,30,1,450,fit_failed,True,14,14,,,,,,,,,
2026_07_21_gym,flight_126,30,1,490,ok,True,15,15,-188.85813327206301,1183.8036929639802,-80.24002514026628,1237.238970570636,121.05049486487468,111.16546835201986,MISS_HIGH_WIDE,True,1290.5761726538744
2026_07_21_gym,flight_126,30,1,500,ok,True,16,16,15.056677104354222,1264.2531880200518,-80.24002514026628,1237.238970570636,99.05165017860219,133.55819313323227,HIT,False,1269.667701554431
2026_07_21_gym,flight_126,30,1,550,ok,True,17,17,-136.17052561081928,1173.4305228559053,-80.24002514026628,1237.238970570636,84.85127507969483,91.66949406943749,MISS_HIGH_WIDE,True,1288.7866662394038
2026_07_21_gym,flight_126,30,1,600,ok,True,19,19,52.56574507584147,1245.0859702133785,-80.24002514026628,1237.238970570636,133.03739326252156,154.1972110368371,HIT,False,1269.659643178624
2026_07_21_gym,flight_126,30,1,650,ok,True,20,20,-8.222161537701567,1263.68330804395,-80.24002514026628,1237.238970570636,76.71946077938857,113.35110048157921,MISS_HIGH_WIDE,True,1271.4217886601507
2026_07_21_gym,flight_126,30,1,700,ok,True,22,22,-27.2485349339522,1263.032880078542,-80.24002514026628,1237.238970570636,58.935759959365264,98.30783645478247,MISS_HIGH_WIDE,True,1271.7073856269624
2026_07_21_gym,flight_126,30,1,750,ok,True,23,23,-121.19065740200934,1190.7617597257304,-80.24002514026628,1237.238970570636,61.944212082795275,62.68798316565292,MISS_HIGH_WIDE,True,1284.689528208363
2026_07_21_gym,flight_126,30,1,800,ok,True,25,25,-131.87969787149527,1188.2760786004947,-80.24002514026628,1237.238970570636,71.16193216789551,65.6036047159893,MISS_HIGH_WIDE,True,1283.8904507297252
2026_07_21_gym,flight_126,30,1,850,ok,True,26,26,-38.890532667537116,1206.7967329556548,-80.24002514026628,1237.238970570636,51.346960560088284,84.30943913763049,MISS_HIGH_WIDE,True,1276.9753228615102
2026_07_21_gym,flight_126,30,1,900,ok,True,28,28,-131.0965331535613,1199.0056807021022,-80.24002514026628,1237.238970570636,63.625221897276475,52.72589897079279,MISS_HIGH_WIDE,True,1281.890790471555
2026_07_21_gym,flight_126,30,1,950,ok,True,29,29,-78.49930996285119,1220.6376252172572,-80.24002514026628,1237.238970570636,16.692356240837704,44.025747339436975,MISS_HIGH_WIDE,True,1276.4321911016618
2026_07_21_gym,flight_126,30,1,1000,ok,True,31,31,-89.49678481912149,1223.4779254984592,-80.24002514026628,1237.238970570636,16.584750864289774,30.455578324864323,MISS_HIGH_WIDE,True,1277.0975502676135
2026_07_21_gym,flight_126,30,1,1050,ok,True,32,32,-72.43331824507871,1214.5229586561484,-80.24002514026628,1237.238970570636,24.020030596285903,50.483052268113795,MISS_HIGH_WIDE,True,1277.0266312397116
2026_07_21_gym,flight_126,30,1,1100,ok,True,34,34,-85.35104844119206,1230.176088959713,-80.24002514026628,1237.238970570636,8.718191087176223,37.76837959252982,MISS_HIGH_WIDE,True,1276.0253220265265
2026_07_21_gym,flight_126,30,1,1150,ok,True,35,35,-92.2799078760499,1228.806251897905,-80.24002514026628,1237.238970570636,14.699303402027121,24.53610992045921,MISS_HIGH_WIDE,True,1276.2306750378982
2026_07_21_gym,flight_126,30,1,1200,ok,True,36,36,-93.52473492350896,1234.7056876104577,-80.24002514026628,1237.238970570636,13.524090970609187,22.86416385118075,MISS_HIGH_WIDE,True,1276.1654349795645
2026_07_21_gym,flight_126,30,1,1250,ok,True,37,37,-92.67200309491001,1249.05133962703,-80.24002514026628,1237.238970570636,17.14893986779372,41.82284972402933,MISS_HIGH_WIDE,True,1274.669272429311
2026_07_21_gym,flight_13,30,1,150,not_fit_eligible,True,5,5,,,,,,,,,
2026_07_21_gym,flight_13,30,1,200,not_fit_eligible,True,7,7,,,,,,,,,
2026_07_21_gym,flight_13,30,1,250,fit_failed,True,8,8,,,,,,,,,
2026_07_21_gym,flight_13,30,1,300,fit_failed,True,10,10,,,,,,,,,
2026_07_21_gym,flight_13,30,1,350,ok,True,11,11,982.0612659424384,956.9417558196975,867.3621528353062,928.8121455991962,118.09810124942744,362.8139512355152,HIT,True,625.4709809849169
2026_07_21_gym,flight_13,30,1,400,ok,True,13,13,925.8509613501976,953.8498845898205,867.3621528353062,928.8121455991962,63.62255178200774,246.93973878576918,HIT,True,629.5808145873017
2026_07_21_gym,flight_13,30,1,450,ok,True,14,14,860.8538478034835,949.3509977035516,867.3621528353062,928.8121455991962,21.545358668442496,77.04614754439355,HIT,True,635.1269070455635
2026_07_21_gym,flight_13,30,1,490,ok,True,15,15,860.8538480983491,949.3509964686688,867.3621528353062,928.8121455991962,21.545357402176716,77.04614560758961,HIT,True,635.1269073229582
2026_07_21_gym,flight_13,30,1,500,ok,True,16,16,905.6709097329332,945.7791727177743,867.3621528353062,928.8121455991962,41.89798162542012,185.63643694610565,HIT,True,632.6143555127982
2026_07_21_gym,flight_13,30,1,550,ok,True,17,17,857.5445745805417,941.8542780389855,867.3621528353062,928.8121455991962,16.32427828007806,64.23225692727422,HIT,True,635.5129961931093
2026_07_21_gym,flight_13,30,1,600,ok,True,19,19,835.8499829348527,941.968852135366,867.3621528353062,928.8121455991962,34.148437427120136,97.94112296490322,HIT,True,635.7113807346662
2026_07_21_gym,flight_13,30,1,650,ok,True,20,20,851.1034376239021,939.4365511772858,867.3621528353062,928.8121455991962,19.422250493011465,63.481424665113906,HIT,True,636.3757861161299
2026_07_21_gym,flight_13,30,1,700,ok,False,22,22,861.0752675230656,937.1388979159289,867.3621528353062,928.8121455991962,10.433586683086462,53.29485980768411,HIT,True,635.9276399879046
2026_07_21_gym,flight_13,30,1,750,ok,False,22,22,861.0752675230656,937.1388979159289,867.3621528353062,928.8121455991962,10.433586683086462,53.29485980768411,HIT,True,635.9276399879046
2026_07_21_gym,flight_13,30,1,800,ok,False,22,22,861.0752675230656,937.1388979159289,867.3621528353062,928.8121455991962,10.433586683086462,53.29485980768411,HIT,True,635.9276399879046
2026_07_21_gym,flight_13,30,1,850,ok,False,22,22,861.0752675230656,937.1388979159289,867.3621528353062,928.8121455991962,10.433586683086462,53.29485980768411,HIT,True,635.9276399879046
2026_07_21_gym,flight_13,30,1,900,ok,False,22,22,861.0752675230656,937.1388979159289,867.3621528353062,928.8121455991962,10.433586683086462,53.29485980768411,HIT,True,635.9276399879046
2026_07_21_gym,flight_13,30,1,950,ok,False,22,22,861.0752675230656,937.1388979159289,867.3621528353062,928.8121455991962,10.433586683086462,53.29485980768411,HIT,True,635.9276399879046
2026_07_21_gym,flight_13,30,1,1000,ok,False,22,22,861.0752675230656,937.1388979159289,867.3621528353062,928.8121455991962,10.433586683086462,53.29485980768411,HIT,True,635.9276399879046
2026_07_21_gym,flight_13,30,1,1050,ok,False,22,22,861.0752675230656,937.1388979159289,867.3621528353062,928.8121455991962,10.433586683086462,53.29485980768411,HIT,True,635.9276399879046
2026_07_21_gym,flight_13,30,1,1100,ok,False,22,22,861.0752675230656,937.1388979159289,867.3621528353062,928.8121455991962,10.433586683086462,53.29485980768411,HIT,True,635.9276399879046
2026_07_21_gym,flight_13,30,1,1150,ok,False,22,22,861.0752675230656,937.1388979159289,867.3621528353062,928.8121455991962,10.433586683086462,53.29485980768411,HIT,True,635.9276399879046
2026_07_21_gym,flight_13,30,1,1200,ok,False,22,22,861.0752675230656,937.1388979159289,867.3621528353062,928.8121455991962,10.433586683086462,53.29485980768411,HIT,True,635.9276399879046
2026_07_21_gym,flight_13,30,1,1250,ok,False,22,22,861.0752675230656,937.1388979159289,867.3621528353062,928.8121455991962,10.433586683086462,53.29485980768411,HIT,True,635.9276399879046
2026_07_21_gym,flight_14,30,1,150,not_fit_eligible,True,5,5,,,,,,,,,
2026_07_21_gym,flight_14,30,1,200,not_fit_eligible,True,7,7,,,,,,,,,
2026_07_21_gym,flight_14,30,1,250,ok,True,8,8,1150.8649141946378,406.09358513641007,1175.1617332896342,451.72457156442846,51.69644417683851,119.24283519019286,HIT,True,591.5207123657461
2026_07_21_gym,flight_14,30,1,300,ok,True,10,10,1182.4724168850012,423.56068094403,1175.1617332896342,451.72457156442846,29.09726498331647,60.17598991789073,HIT,True,588.272481737423
2026_07_21_gym,flight_14,30,1,350,ok,True,11,11,1182.6593648953285,429.7230265604383,1175.1617332896342,451.72457156442846,23.243976902787313,44.96196806722315,HIT,True,587.1320235863138
2026_07_21_gym,flight_14,30,1,400,ok,True,13,13,1202.2224811134765,433.4897169483321,1175.1617332896342,451.72457156442846,32.631181340180724,62.03015832671769,HIT,True,586.6878772951004
2026_07_21_gym,flight_14,30,1,450,ok,True,14,14,1182.681743041826,434.43059452010004,1175.1617332896342,451.72457156442846,18.858212764809323,34.62724181172167,HIT,True,586.3817117182153
2026_07_21_gym,flight_14,30,1,490,ok,True,15,15,1182.6817440880377,434.430591510459,1175.1617332896342,451.72457156442846,18.858215942002538,34.62724620178161,HIT,True,586.3817123234227
2026_07_21_gym,flight_14,30,1,500,ok,True,16,16,1200.4859787077737,445.9810261072063,1175.1617332896342,451.72457156442846,25.96739725920444,52.63896320549614,HIT,True,587.0977079296736
2026_07_21_gym,flight_14,30,1,550,ok,True,17,17,1200.4859839257344,445.9810114627144,1175.1617332896342,451.72457156442846,25.96740558704366,52.63896718549248,HIT,True,587.0977108893753
2026_07_21_gym,flight_14,30,1,600,ok,True,19,19,1193.56973274234,458.018642479556,1175.1617332896342,451.72457156442846,19.4542995899485,41.831338375499215,HIT,True,586.2172470121692
2026_07_21_gym,flight_14,30,1,650,ok,False,19,19,1193.56973274234,458.018642479556,1175.1617332896342,451.72457156442846,19.4542995899485,41.831338375499215,HIT,True,586.2172470121692
2026_07_21_gym,flight_14,30,1,700,ok,False,19,19,1193.56973274234,458.018642479556,1175.1617332896342,451.72457156442846,19.4542995899485,41.831338375499215,HIT,True,586.2172470121692
2026_07_21_gym,flight_14,30,1,750,ok,False,19,19,1193.56973274234,458.018642479556,1175.1617332896342,451.72457156442846,19.4542995899485,41.831338375499215,HIT,True,586.2172470121692
2026_07_21_gym,flight_14,30,1,800,ok,False,19,19,1193.56973274234,458.018642479556,1175.1617332896342,451.72457156442846,19.4542995899485,41.831338375499215,HIT,True,586.2172470121692
2026_07_21_gym,flight_14,30,1,850,ok,False,19,19,1193.56973274234,458.018642479556,1175.1617332896342,451.72457156442846,19.4542995899485,41.831338375499215,HIT,True,586.2172470121692
2026_07_21_gym,flight_14,30,1,900,ok,False,19,19,1193.56973274234,458.018642479556,1175.1617332896342,451.72457156442846,19.4542995899485,41.831338375499215,HIT,True,586.2172470121692
2026_07_21_gym,flight_14,30,1,950,ok,False,19,19,1193.56973274234,458.018642479556,1175.1617332896342,451.72457156442846,19.4542995899485,41.831338375499215,HIT,True,586.2172470121692
2026_07_21_gym,flight_14,30,1,1000,ok,False,19,19,1193.56973274234,458.018642479556,1175.1617332896342,451.72457156442846,19.4542995899485,41.831338375499215,HIT,True,586.2172470121692
2026_07_21_gym,flight_14,30,1,1050,ok,False,19,19,1193.56973274234,458.018642479556,1175.1617332896342,451.72457156442846,19.4542995899485,41.831338375499215,HIT,True,586.2172470121692
2026_07_21_gym,flight_14,30,1,1100,ok,False,19,19,1193.56973274234,458.018642479556,1175.1617332896342,451.72457156442846,19.4542995899485,41.831338375499215,HIT,True,586.2172470121692
2026_07_21_gym,flight_14,30,1,1150,ok,False,19,19,1193.56973274234,458.018642479556,1175.1617332896342,451.72457156442846,19.4542995899485,41.831338375499215,HIT,True,586.2172470121692
2026_07_21_gym,flight_14,30,1,1200,ok,False,19,19,1193.56973274234,458.018642479556,1175.1617332896342,451.72457156442846,19.4542995899485,41.831338375499215,HIT,True,586.2172470121692
2026_07_21_gym,flight_14,30,1,1250,ok,False,19,19,1193.56973274234,458.018642479556,1175.1617332896342,451.72457156442846,19.4542995899485,41.831338375499215,HIT,True,586.2172470121692
2026_07_21_gym,flight_15,30,1,150,not_fit_eligible,True,5,5,,,,,,,,,
2026_07_21_gym,flight_15,30,1,200,not_fit_eligible,True,7,7,,,,,,,,,
2026_07_21_gym,flight_15,30,1,250,fit_failed,True,8,8,,,,,,,,,
2026_07_21_gym,flight_15,30,1,300,ok,True,10,10,687.7860049753867,1514.322536259237,733.3937240211717,1442.5177347933918,85.06464336085061,155.5312123858144,HIT,True,660.8489583792825
2026_07_21_gym,flight_15,30,1,350,ok,True,11,11,728.3307106170096,1495.6102400329964,733.3937240211717,1442.5177347933918,53.33336870429404,112.54555813662832,HIT,True,660.1866684089648
2026_07_21_gym,flight_15,30,1,400,ok,True,13,13,726.8889125670437,1474.2713726800803,733.3937240211717,1442.5177347933918,32.41305433143708,74.48518405911871,HIT,True,661.1481323995912
2026_07_21_gym,flight_15,30,1,450,ok,True,14,14,733.989555412717,1466.5518355625215,733.3937240211717,1442.5177347933918,24.041485287474096,56.85262898374377,HIT,True,661.9680755082173
2026_07_21_gym,flight_15,30,1,490,ok,True,15,15,700.3063851382673,1471.960450533671,733.3937240211717,1442.5177347933918,44.290467422629966,90.97834540165687,HIT,True,661.3110749950986
2026_07_21_gym,flight_15,30,1,500,ok,True,16,16,733.9895559723263,1466.5518333112975,733.3937240211717,1442.5177347933918,24.041483050810612,56.85262399709155,HIT,True,661.9680760894637
2026_07_21_gym,flight_15,30,1,550,ok,True,17,17,707.1291341163393,1468.7657215834886,733.3937240211717,1442.5177347933918,37.132000934532456,78.51816427159213,HIT,True,661.4092882081694
2026_07_21_gym,flight_15,30,1,600,ok,True,19,19,707.1291404029454,1468.7656950756088,733.3937240211717,1442.5177347933918,37.1319777498539,78.51811710074733,HIT,True,661.4092950604447
2026_07_21_gym,flight_15,30,1,650,ok,True,20,20,723.5647322645501,1444.9537416061403,733.3937240211717,1442.5177347933918,10.126362038930461,9.911366098449788,HIT,True,662.7407756609047
2026_07_21_gym,flight_15,30,1,700,ok,False,22,22,736.9038655365496,1442.1451473279722,733.3937240211717,1442.5177347933918,3.529860461458381,12.235195636263633,HIT,True,663.1356491123877
2026_07_21_gym,flight_15,30,1,750,ok,False,23,23,752.0756490673083,1443.283139633244,733.3937240211717,1442.5177347933918,18.6975979205441,36.0062959789722,HIT,True,663.4137068128584
2026_07_21_gym,flight_15,30,1,800,ok,False,25,25,728.9230173600308,1438.8323601327486,733.3937240211717,1442.5177347933918,5.793893720053936,15.301886734136952,HIT,True,662.8448466554977
2026_07_21_gym,flight_15,30,1,850,ok,False,26,26,728.9232081453491,1438.8315707972351,733.3937240211717,1442.5177347933918,5.794248631405398,15.301631730272582,HIT,True,662.845047721557
2026_07_21_gym,flight_15,30,1,900,ok,False,27,27,765.1472328391587,1435.648097405233,733.3937240211717,1442.5177347933918,32.48810921089081,66.66277318200508,HIT,True,664.7785524971486
2026_07_21_gym,flight_15,30,1,950,ok,False,27,27,765.1472328391587,1435.648097405233,733.3937240211717,1442.5177347933918,32.48810921089081,66.66277318200508,HIT,True,664.7785524971486
2026_07_21_gym,flight_15,30,1,1000,ok,False,27,27,765.1472328391587,1435.648097405233,733.3937240211717,1442.5177347933918,32.48810921089081,66.66277318200508,HIT,True,664.7785524971486
2026_07_21_gym,flight_15,30,1,1050,ok,False,27,27,765.1472328391587,1435.648097405233,733.3937240211717,1442.5177347933918,32.48810921089081,66.66277318200508,HIT,True,664.7785524971486
2026_07_21_gym,flight_15,30,1,1100,ok,False,27,27,765.1472328391587,1435.648097405233,733.3937240211717,1442.5177347933918,32.48810921089081,66.66277318200508,HIT,True,664.7785524971486
2026_07_21_gym,flight_15,30,1,1150,ok,False,27,27,765.1472328391587,1435.648097405233,733.3937240211717,1442.5177347933918,32.48810921089081,66.66277318200508,HIT,True,664.7785524971486
2026_07_21_gym,flight_15,30,1,1200,ok,False,27,27,765.1472328391587,1435.648097405233,733.3937240211717,1442.5177347933918,32.48810921089081,66.66277318200508,HIT,True,664.7785524971486
2026_07_21_gym,flight_15,30,1,1250,ok,False,27,27,765.1472328391587,1435.648097405233,733.3937240211717,1442.5177347933918,32.48810921089081,66.66277318200508,HIT,True,664.7785524971486
2026_07_21_gym,flight_16,30,1,150,not_fit_eligible,True,5,5,,,,,,,,,
2026_07_21_gym,flight_16,30,1,200,not_fit_eligible,True,7,7,,,,,,,,,
2026_07_21_gym,flight_16,30,1,250,fit_failed,True,8,8,,,,,,,,,
2026_07_21_gym,flight_16,30,1,300,ok,True,10,10,760.8095079026265,463.6207668439172,733.0109474354193,488.5735986451432,37.35510378715669,70.21483255404907,HIT,True,545.536720265808
2026_07_21_gym,flight_16,30,1,350,ok,True,11,11,771.6138281789861,467.2734931479061,733.0109474354193,488.5735986451432,44.08941931910043,66.53819486023718,HIT,True,545.8079920771733
2026_07_21_gym,flight_16,30,1,400,ok,True,12,12,752.1784726654655,480.15098614553096,733.0109474354193,488.5735986451432,20.936437728588906,54.091936459749554,HIT,True,544.6141638804179
2026_07_21_gym,flight_16,30,1,450,ok,True,13,13,715.334696503363,490.084066024278,733.0109474354193,488.5735986451432,17.74066962424055,122.7266574459472,HIT,True,543.2958868393598
2026_07_21_gym,flight_16,30,1,490,ok,True,14,14,774.5953133848544,476.04731842525166,733.0109474354193,488.5735986451432,43.43002633620872,67.37468540367388,HIT,True,546.1612161993319
2026_07_21_gym,flight_16,30,1,500,ok,True,15,15,734.4342504800377,490.49831282590344,733.0109474354193,488.5735986451432,2.3938078942219856,86.35863191361057,HIT,True,544.4621414330135
2026_07_21_gym,flight_16,30,1,550,ok,False,16,16,754.5634976173169,486.1586154368328,733.0109474354193,488.5735986451432,21.68742869128644,60.01045888435326,HIT,True,545.3025342605396
2026_07_21_gym,flight_16,30,1,600,ok,False,17,17,739.7537380475762,485.88685241785953,733.0109474354193,488.5735986451432,7.258362799503367,84.53522291334318,HIT,True,545.4687744450526
2026_07_21_gym,flight_16,30,1,650,ok,False,17,17,739.7537380475762,485.88685241785953,733.0109474354193,488.5735986451432,7.258362799503367,84.53522291334318,HIT,True,545.4687744450526
2026_07_21_gym,flight_16,30,1,700,ok,False,17,17,739.7537380475762,485.88685241785953,733.0109474354193,488.5735986451432,7.258362799503367,84.53522291334318,HIT,True,545.4687744450526
2026_07_21_gym,flight_16,30,1,750,ok,False,17,17,739.7537380475762,485.88685241785953,733.0109474354193,488.5735986451432,7.258362799503367,84.53522291334318,HIT,True,545.4687744450526
2026_07_21_gym,flight_16,30,1,800,ok,False,17,17,739.7537380475762,485.88685241785953,733.0109474354193,488.5735986451432,7.258362799503367,84.53522291334318,HIT,True,545.4687744450526
2026_07_21_gym,flight_16,30,1,850,ok,False,17,17,739.7537380475762,485.88685241785953,733.0109474354193,488.5735986451432,7.258362799503367,84.53522291334318,HIT,True,545.4687744450526
2026_07_21_gym,flight_16,30,1,900,ok,False,17,17,739.7537380475762,485.88685241785953,733.0109474354193,488.5735986451432,7.258362799503367,84.53522291334318,HIT,True,545.4687744450526
2026_07_21_gym,flight_16,30,1,950,ok,False,17,17,739.7537380475762,485.88685241785953,733.0109474354193,488.5735986451432,7.258362799503367,84.53522291334318,HIT,True,545.4687744450526
2026_07_21_gym,flight_16,30,1,1000,ok,False,17,17,739.7537380475762,485.88685241785953,733.0109474354193,488.5735986451432,7.258362799503367,84.53522291334318,HIT,True,545.4687744450526
2026_07_21_gym,flight_16,30,1,1050,ok,False,17,17,739.7537380475762,485.88685241785953,733.0109474354193,488.5735986451432,7.258362799503367,84.53522291334318,HIT,True,545.4687744450526
2026_07_21_gym,flight_16,30,1,1100,ok,False,17,17,739.7537380475762,485.88685241785953,733.0109474354193,488.5735986451432,7.258362799503367,84.53522291334318,HIT,True,545.4687744450526
2026_07_21_gym,flight_16,30,1,1150,ok,False,17,17,739.7537380475762,485.88685241785953,733.0109474354193,488.5735986451432,7.258362799503367,84.53522291334318,HIT,True,545.4687744450526
2026_07_21_gym,flight_16,30,1,1200,ok,False,17,17,739.7537380475762,485.88685241785953,733.0109474354193,488.5735986451432,7.258362799503367,84.53522291334318,HIT,True,545.4687744450526
2026_07_21_gym,flight_16,30,1,1250,ok,False,17,17,739.7537380475762,485.88685241785953,733.0109474354193,488.5735986451432,7.258362799503367,84.53522291334318,HIT,True,545.4687744450526
2026_07_21_gym,flight_18,30,1,150,not_fit_eligible,True,5,5,,,,,,,,,
2026_07_21_gym,flight_18,30,1,200,not_fit_eligible,True,7,7,,,,,,,,,
2026_07_21_gym,flight_18,30,1,250,fit_failed,True,8,8,,,,,,,,,
2026_07_21_gym,flight_18,30,1,300,fit_failed,True,10,10,,,,,,,,,
2026_07_21_gym,flight_18,30,1,350,fit_failed,True,11,11,,,,,,,,,
2026_07_21_gym,flight_18,30,1,400,fit_failed,True,13,13,,,,,,,,,
2026_07_21_gym,flight_18,30,1,450,ok,True,14,14,-350.64787467866313,290.22681999554817,-361.39329616542835,337.4237103158979,48.404654103085555,61.94279233883681,MISS_HIGH_WIDE,True,1044.3564502890174
2026_07_21_gym,flight_18,30,1,490,ok,True,15,15,-274.4837011456224,319.9169584936837,-361.39329616542835,337.4237103158979,88.65531042115461,115.9804321994332,MISS_HIGH_WIDE,True,1037.9746884490453
2026_07_21_gym,flight_18,30,1,500,ok,True,16,16,-282.5805160191973,317.2932361632661,-361.39329616542835,337.4237103158979,81.34304090693884,114.42981035223725,MISS_HIGH_WIDE,True,1038.6211739779446
2026_07_21_gym,flight_18,30,1,550,ok,True,17,17,-277.16505032038486,319.4318823087046,-361.39329616542835,337.4237103158979,86.12841153285895,113.50323687864751,MISS_HIGH_WIDE,True,1037.807219639112
2026_07_21_gym,flight_18,30,1,600,ok,True,19,19,-316.85682875736325,307.3616605155262,-361.39329616542835,337.4237103158979,53.73289278821376,77.29808161382626,MISS_HIGH_WIDE,True,1039.9371759514297
2026_07_21_gym,flight_18,30,1,650,ok,True,20,20,-365.63851650464153,257.4346109933758,-361.39329616542835,337.4237103158979,80.101672305619,94.89603317464163,MISS_HIGH_WIDE,True,1047.19234350984
2026_07_21_gym,flight_18,30,1,700,ok,True,22,22,-435.4304964882743,274.26149204459836,-361.39329616542835,337.4237103158979,97.31892338387485,141.62888506900904,MISS_HIGH_WIDE,True,1051.23217135751
2026_07_21_gym,flight_18,30,1,750,ok,True,23,23,-340.9356366543006,285.61145909984896,-361.39329616542835,337.4237103158979,55.70480418014411,74.03123416699898,MISS_HIGH_WIDE,True,1045.9823802897417
2026_07_21_gym,flight_18,30,1,800,ok,True,25,25,-314.8463536043603,308.2962959890334,-361.39329616542835,337.4237103158979,54.90923535392021,81.7332714901203,MISS_HIGH_WIDE,True,1043.2627447119926
2026_07_21_gym,flight_18,30,1,850,ok,True,25,25,-314.8463536043603,308.2962959890334,-361.39329616542835,337.4237103158979,54.90923535392021,81.7332714901203,MISS_HIGH_WIDE,True,1043.2627447119926
2026_07_21_gym,flight_18,30,1,900,ok,True,27,27,-355.39254919998024,323.4599438388803,-361.39329616542835,337.4237103158979,15.198543955524663,31.747468178044347,MISS_HIGH_WIDE,True,1042.5219352340036
2026_07_21_gym,flight_18,30,1,950,ok,True,28,28,-328.8430333109324,313.7968242779651,-361.39329616542835,337.4237103158979,40.22125502450468,73.16480001633789,MISS_HIGH_WIDE,True,1043.392130640611
2026_07_21_gym,flight_18,30,1,1000,ok,True,30,30,-360.88934440126314,316.0948900216043,-361.39329616542835,337.4237103158979,21.334773083557195,31.135111545937182,MISS_HIGH_WIDE,True,1044.9094488352
2026_07_21_gym,flight_18,30,1,1050,ok,True,31,31,-334.79812063680964,313.8963139897553,-361.39329616542835,337.4237103158979,35.50833337803152,41.861517777814356,MISS_HIGH_WIDE,True,1045.8576067368983
2026_07_21_gym,flight_18,30,1,1100,ok,False,31,31,-334.79812063680964,313.8963139897553,-361.39329616542835,337.4237103158979,35.50833337803152,41.861517777814356,MISS_HIGH_WIDE,True,1045.8576067368983
2026_07_21_gym,flight_18,30,1,1150,ok,False,31,31,-334.79812063680964,313.8963139897553,-361.39329616542835,337.4237103158979,35.50833337803152,41.861517777814356,MISS_HIGH_WIDE,True,1045.8576067368983
2026_07_21_gym,flight_18,30,1,1200,ok,False,31,31,-334.79812063680964,313.8963139897553,-361.39329616542835,337.4237103158979,35.50833337803152,41.861517777814356,MISS_HIGH_WIDE,True,1045.8576067368983
2026_07_21_gym,flight_18,30,1,1250,ok,False,31,31,-334.79812063680964,313.8963139897553,-361.39329616542835,337.4237103158979,35.50833337803152,41.861517777814356,MISS_HIGH_WIDE,True,1045.8576067368983
2026_07_21_gym,flight_19,30,1,150,not_fit_eligible,True,5,5,,,,,,,,,
2026_07_21_gym,flight_19,30,1,200,not_fit_eligible,True,7,7,,,,,,,,,
2026_07_21_gym,flight_19,30,1,250,ok,True,8,8,547.4901746589353,786.9887266325768,389.2904956612864,814.9236620566472,160.6471258756475,228.34359075507788,HIT,True,866.8470898585618
2026_07_21_gym,flight_19,30,1,300,fit_failed,True,10,10,,,,,,,,,
2026_07_21_gym,flight_19,30,1,350,fit_failed,True,11,11,,,,,,,,,
2026_07_21_gym,flight_19,30,1,400,ok,True,13,13,415.04620077504046,789.8432247096521,389.2904956612864,814.9236620566472,35.94975220252855,96.49603565150197,HIT,True,872.1693241836924
2026_07_21_gym,flight_19,30,1,450,ok,True,14,14,456.59724798026264,781.5875918123014,389.2904956612864,814.9236620566472,75.10986943846974,144.2910611283584,HIT,True,869.2374099689144
2026_07_21_gym,flight_19,30,1,490,ok,True,15,15,437.0983425781577,787.3910398085006,389.2904956612864,814.9236620566472,55.169153652073895,123.38477495045154,HIT,True,869.0866387448222
2026_07_21_gym,flight_19,30,1,500,ok,True,16,16,437.6945042550054,789.0195259536408,389.2904956612864,814.9236620566472,54.89965678566584,107.31879762951276,HIT,True,869.1218049485282
2026_07_21_gym,flight_19,30,1,550,ok,True,17,17,437.69452160324425,789.0194048105253,389.2904956612864,814.9236620566472,54.89972924216465,107.31882240597123,HIT,True,869.121827382643
2026_07_21_gym,flight_19,30,1,600,ok,True,19,19,462.90509474245346,815.001630400517,389.2904956612864,814.9236620566472,73.61464037094528,175.27425827076314,HIT,True,866.1036254047524
2026_07_21_gym,flight_19,30,1,650,ok,True,20,20,428.7720525811127,798.5478553212612,389.2904956612864,814.9236620566472,42.74295711632735,77.17137790843917,HIT,True,871.6307679749056
2026_07_21_gym,flight_19,30,1,700,ok,True,22,22,582.4207392314869,789.5851805307095,389.2904956612864,814.9236620566472,194.78534243501295,297.7335504887252,HIT,True,868.8594503498251
2026_07_21_gym,flight_19,30,1,750,ok,True,23,23,473.73814406875385,789.3097299193896,389.2904956612864,814.9236620566472,88.24669308865505,133.44753074916179,HIT,True,873.275361702375
2026_07_21_gym,flight_19,30,1,800,ok,True,25,25,309.83303228552046,852.5193481386507,389.2904956612864,814.9236620566472,87.90292428632698,115.96247499151156,HIT,True,866.8977762263683
2026_07_21_gym,flight_19,30,1,850,ok,True,26,26,384.1819103339005,823.4909879997263,389.2904956612864,814.9236620566472,9.974804151567973,36.31501775056909,HIT,True,871.9975096779048
2026_07_21_gym,flight_19,30,1,900,ok,False,28,28,333.60750194138666,840.8351009902299,389.2904956612864,814.9236620566472,61.416597571171074,87.28899745315698,HIT,True,870.23181374219
2026_07_21_gym,flight_19,30,1,950,ok,False,29,29,397.0335554913961,819.4160854305154,389.2904956612864,814.9236620566472,8.95191841466038,60.256336189517825,HIT,True,873.5432467649383
2026_07_21_gym,flight_19,30,1,1000,ok,False,30,30,397.03364507173654,819.4154311266199,389.2904956612864,814.9236620566472,8.951667563673107,60.256264240971966,HIT,True,873.5433685392006
2026_07_21_gym,flight_19,30,1,1050,ok,False,30,30,397.03364507173654,819.4154311266199,389.2904956612864,814.9236620566472,8.951667563673107,60.256264240971966,HIT,True,873.5433685392006
2026_07_21_gym,flight_19,30,1,1100,ok,False,30,30,397.03364507173654,819.4154311266199,389.2904956612864,814.9236620566472,8.951667563673107,60.256264240971966,HIT,True,873.5433685392006
2026_07_21_gym,flight_19,30,1,1150,ok,False,30,30,397.03364507173654,819.4154311266199,389.2904956612864,814.9236620566472,8.951667563673107,60.256264240971966,HIT,True,873.5433685392006
2026_07_21_gym,flight_19,30,1,1200,ok,False,30,30,397.03364507173654,819.4154311266199,389.2904956612864,814.9236620566472,8.951667563673107,60.256264240971966,HIT,True,873.5433685392006
2026_07_21_gym,flight_19,30,1,1250,ok,False,30,30,397.03364507173654,819.4154311266199,389.2904956612864,814.9236620566472,8.951667563673107,60.256264240971966,HIT,True,873.5433685392006
2026_07_21_gym,flight_2,30,1,150,not_fit_eligible,True,5,5,,,,,,,,,
2026_07_21_gym,flight_2,30,1,200,not_fit_eligible,True,7,7,,,,,,,,,
2026_07_21_gym,flight_2,30,1,250,ok,True,8,8,677.876653966089,273.2190660995529,799.9221228918444,304.5992213638513,126.01512063922735,323.30380400098403,HIT,True,484.3291538461347
2026_07_21_gym,flight_2,30,1,300,ok,True,10,10,788.8972508377071,286.1711044163521,799.9221228918444,304.5992213638513,21.474247321869186,108.4947425624339,HIT,True,480.9404629847061
2026_07_21_gym,flight_2,30,1,350,ok,True,10,10,788.8972508377071,286.1711044163521,799.9221228918444,304.5992213638513,21.474247321869186,108.4947425624339,HIT,True,480.9404629847061
2026_07_21_gym,flight_2,30,1,400,ok,True,12,12,834.0570925784884,306.85036530050536,799.9221228918444,304.5992213638513,34.20911873363066,90.24951118711348,HIT,True,478.1622353349512
2026_07_21_gym,flight_2,30,1,450,ok,True,13,13,845.5798837278086,303.2115313911916,799.9221228918444,304.5992213638513,45.67884420620034,118.75324279106476,HIT,True,478.7061001813808
2026_07_21_gym,flight_2,30,1,490,ok,True,13,13,845.5798837278086,303.2115313911916,799.9221228918444,304.5992213638513,45.67884420620034,118.75324279106476,HIT,True,478.7061001813808
2026_07_21_gym,flight_2,30,1,500,ok,False,13,13,845.5798837278086,303.2115313911916,799.9221228918444,304.5992213638513,45.67884420620034,118.75324279106476,HIT,True,478.7061001813808
2026_07_21_gym,flight_2,30,1,550,ok,False,13,13,845.5798837278086,303.2115313911916,799.9221228918444,304.5992213638513,45.67884420620034,118.75324279106476,HIT,True,478.7061001813808
2026_07_21_gym,flight_2,30,1,600,ok,False,13,13,845.5798837278086,303.2115313911916,799.9221228918444,304.5992213638513,45.67884420620034,118.75324279106476,HIT,True,478.7061001813808
2026_07_21_gym,flight_2,30,1,650,ok,False,13,13,845.5798837278086,303.2115313911916,799.9221228918444,304.5992213638513,45.67884420620034,118.75324279106476,HIT,True,478.7061001813808
2026_07_21_gym,flight_2,30,1,700,ok,False,13,13,845.5798837278086,303.2115313911916,799.9221228918444,304.5992213638513,45.67884420620034,118.75324279106476,HIT,True,478.7061001813808
2026_07_21_gym,flight_2,30,1,750,ok,False,13,13,845.5798837278086,303.2115313911916,799.9221228918444,304.5992213638513,45.67884420620034,118.75324279106476,HIT,True,478.7061001813808
2026_07_21_gym,flight_2,30,1,800,ok,False,13,13,845.5798837278086,303.2115313911916,799.9221228918444,304.5992213638513,45.67884420620034,118.75324279106476,HIT,True,478.7061001813808
2026_07_21_gym,flight_2,30,1,850,ok,False,13,13,845.5798837278086,303.2115313911916,799.9221228918444,304.5992213638513,45.67884420620034,118.75324279106476,HIT,True,478.7061001813808
2026_07_21_gym,flight_2,30,1,900,ok,False,13,13,845.5798837278086,303.2115313911916,799.9221228918444,304.5992213638513,45.67884420620034,118.75324279106476,HIT,True,478.7061001813808
2026_07_21_gym,flight_2,30,1,950,ok,False,13,13,845.5798837278086,303.2115313911916,799.9221228918444,304.5992213638513,45.67884420620034,118.75324279106476,HIT,True,478.7061001813808
2026_07_21_gym,flight_2,30,1,1000,ok,False,13,13,845.5798837278086,303.2115313911916,799.9221228918444,304.5992213638513,45.67884420620034,118.75324279106476,HIT,True,478.7061001813808
2026_07_21_gym,flight_2,30,1,1050,ok,False,13,13,845.5798837278086,303.2115313911916,799.9221228918444,304.5992213638513,45.67884420620034,118.75324279106476,HIT,True,478.7061001813808
2026_07_21_gym,flight_2,30,1,1100,ok,False,13,13,845.5798837278086,303.2115313911916,799.9221228918444,304.5992213638513,45.67884420620034,118.75324279106476,HIT,True,478.7061001813808
2026_07_21_gym,flight_2,30,1,1150,ok,False,13,13,845.5798837278086,303.2115313911916,799.9221228918444,304.5992213638513,45.67884420620034,118.75324279106476,HIT,True,478.7061001813808
2026_07_21_gym,flight_2,30,1,1200,ok,False,13,13,845.5798837278086,303.2115313911916,799.9221228918444,304.5992213638513,45.67884420620034,118.75324279106476,HIT,True,478.7061001813808
2026_07_21_gym,flight_2,30,1,1250,ok,False,13,13,845.5798837278086,303.2115313911916,799.9221228918444,304.5992213638513,45.67884420620034,118.75324279106476,HIT,True,478.7061001813808
2026_07_21_gym,flight_20,30,1,150,not_fit_eligible,True,5,5,,,,,,,,,
2026_07_21_gym,flight_20,30,1,200,not_fit_eligible,True,7,7,,,,,,,,,
2026_07_21_gym,flight_20,30,1,250,fit_failed,True,8,8,,,,,,,,,
2026_07_21_gym,flight_20,30,1,300,ok,True,10,10,662.7440112341791,992.9651426310689,659.4521107727188,1034.7234981360566,41.88790831647118,69.5323902392265,HIT,True,645.6635097879949
2026_07_21_gym,flight_20,30,1,350,ok,True,11,11,695.5026308153826,1020.4445936253486,659.4521107727188,1034.7234981360566,38.7753415120025,62.23345566569073,HIT,True,644.2639588523612
2026_07_21_gym,flight_20,30,1,400,ok,True,13,13,690.104743634122,1026.745965191585,659.4521107727188,1034.7234981360566,31.673726228786286,52.52027527857355,HIT,True,643.3451565761458
2026_07_21_gym,flight_20,30,1,450,ok,True,14,14,706.3042316980477,1024.4697993859104,659.4521107727188,1034.7234981360566,47.961021395091166,78.29368771925856,HIT,True,644.4868264525761
2026_07_21_gym,flight_20,30,1,490,ok,True,14,14,706.3042316980477,1024.4697993859104,659.4521107727188,1034.7234981360566,47.961021395091166,78.29368771925856,HIT,True,644.4868264525761
2026_07_21_gym,flight_20,30,1,500,ok,True,15,15,674.7944474903513,1026.963841690312,659.4521107727188,1034.7234981360566,17.193009163994585,24.414605076505374,HIT,True,643.8982891260925
2026_07_21_gym,flight_20,30,1,550,ok,True,16,16,657.0712828953017,1033.2279338031203,659.4521107727188,1034.7234981360566,2.8115927969458254,20.06989867031702,HIT,True,643.8459553326145
2026_07_21_gym,flight_20,30,1,600,ok,True,18,18,694.8859305051762,1047.7434839207224,659.4521107727188,1034.7234981360566,37.750173650795155,102.30070142579267,HIT,True,643.759493505568
2026_07_21_gym,flight_20,30,1,650,ok,True,19,19,679.2292193347788,1042.524424702438,659.4521107727188,1034.7234981360566,21.2600206577882,33.66879423647724,HIT,True,644.6009741988992
2026_07_21_gym,flight_20,30,1,700,ok,False,21,21,669.0384447611892,1043.6742782336703,659.4521107727188,1034.7234981360566,13.115420835579025,33.03024841682258,HIT,True,644.3081810920628
2026_07_21_gym,flight_20,30,1,750,ok,False,22,22,667.053094068375,1040.7021132707991,659.4521107727188,1034.7234981360566,9.670511154546952,15.107738643611315,HIT,True,644.5039212556433
2026_07_21_gym,flight_20,30,1,800,ok,False,24,24,666.9263809187305,1029.3450616024209,659.4521107727188,1034.7234981360566,9.20827311508023,11.112253884795791,HIT,True,644.7506730576856
2026_07_21_gym,flight_20,30,1,850,ok,False,24,24,666.9263809187305,1029.3450616024209,659.4521107727188,1034.7234981360566,9.20827311508023,11.112253884795791,HIT,True,644.7506730576856
2026_07_21_gym,flight_20,30,1,900,ok,False,24,24,666.9263809187305,1029.3450616024209,659.4521107727188,1034.7234981360566,9.20827311508023,11.112253884795791,HIT,True,644.7506730576856
2026_07_21_gym,flight_20,30,1,950,ok,False,24,24,666.9263809187305,1029.3450616024209,659.4521107727188,1034.7234981360566,9.20827311508023,11.112253884795791,HIT,True,644.7506730576856
2026_07_21_gym,flight_20,30,1,1000,ok,False,24,24,666.9263809187305,1029.3450616024209,659.4521107727188,1034.7234981360566,9.20827311508023,11.112253884795791,HIT,True,644.7506730576856
2026_07_21_gym,flight_20,30,1,1050,ok,False,24,24,666.9263809187305,1029.3450616024209,659.4521107727188,1034.7234981360566,9.20827311508023,11.112253884795791,HIT,True,644.7506730576856
2026_07_21_gym,flight_20,30,1,1100,ok,False,24,24,666.9263809187305,1029.3450616024209,659.4521107727188,1034.7234981360566,9.20827311508023,11.112253884795791,HIT,True,644.7506730576856
2026_07_21_gym,flight_20,30,1,1150,ok,False,24,24,666.9263809187305,1029.3450616024209,659.4521107727188,1034.7234981360566,9.20827311508023,11.112253884795791,HIT,True,644.7506730576856
2026_07_21_gym,flight_20,30,1,1200,ok,False,24,24,666.9263809187305,1029.3450616024209,659.4521107727188,1034.7234981360566,9.20827311508023,11.112253884795791,HIT,True,644.7506730576856
2026_07_21_gym,flight_20,30,1,1250,ok,False,24,24,666.9263809187305,1029.3450616024209,659.4521107727188,1034.7234981360566,9.20827311508023,11.112253884795791,HIT,True,644.7506730576856
2026_07_21_gym,flight_21,30,1,150,not_fit_eligible,True,4,4,,,,,,,,,
2026_07_21_gym,flight_21,30,1,200,not_fit_eligible,True,6,6,,,,,,,,,
2026_07_21_gym,flight_21,30,1,250,not_fit_eligible,True,7,7,,,,,,,,,
2026_07_21_gym,flight_21,30,1,300,fit_failed,True,9,9,,,,,,,,,
2026_07_21_gym,flight_21,30,1,350,fit_failed,True,10,10,,,,,,,,,
2026_07_21_gym,flight_21,30,1,400,ok,True,12,12,354.9995121870636,1730.065772486064,433.65524860629125,1829.7054703142333,126.94405954962961,211.8285943376181,HIT,True,1128.213199749292
2026_07_21_gym,flight_21,30,1,450,ok,True,13,13,581.9489526725978,1725.2141142173703,433.65524860629125,1829.7054703142333,181.4096639230301,189.24545820585513,HIT,True,1113.5983791777965
2026_07_21_gym,flight_21,30,1,490,ok,True,14,14,636.8205503834458,1739.090857886479,433.65524860629125,1829.7054703142333,222.45706963734466,217.96917218705494,HIT,True,1105.7737968008516
2026_07_21_gym,flight_21,30,1,500,ok,True,15,15,360.06127425456214,1771.284012818624,433.65524860629125,1829.7054703142333,93.96350225909124,120.67581339413886,HIT,True,1114.983627306349
2026_07_21_gym,flight_21,30,1,550,ok,True,16,16,457.1918731073543,1763.1167423951476,433.65524860629125,1829.7054703142333,70.62599647995101,94.89212548262928,HIT,True,1109.8103830606779
2026_07_21_gym,flight_21,30,1,600,ok,True,18,18,413.7892592918442,1787.3152313867074,433.65524860629125,1829.7054703142333,46.81441965649528,71.15528308307495,HIT,True,1111.2527484793147
2026_07_21_gym,flight_21,30,1,650,ok,True,19,19,436.9543021862358,1788.5039165143478,433.65524860629125,1829.7054703142333,41.33342219134778,63.69910525537206,HIT,True,1109.1633269418185
2026_07_21_gym,flight_21,30,1,700,ok,True,21,21,365.572682210332,1794.7689670613042,433.65524860629125,1829.7054703142333,76.52316712344124,88.79846133414092,HIT,True,1113.033663714961
2026_07_21_gym,flight_21,30,1,750,ok,True,22,22,416.7081986664177,1778.0958805125483,433.65524860629125,1829.7054703142333,54.32082713989866,80.3049674469021,HIT,True,1112.2101027353253
2026_07_21_gym,flight_21,30,1,800,ok,True,23,23,416.245048495268,1785.381254336875,433.65524860629125,1829.7054703142333,47.620911267145885,74.57513878938462,HIT,True,1111.0136341565994
2026_07_21_gym,flight_21,30,1,850,ok,True,24,24,400.0032533578229,1813.6337317406033,433.65524860629125,1829.7054703142333,37.292862118400635,34.243060445655026,HIT,True,1107.5718166480322
2026_07_21_gym,flight_21,30,1,900,ok,True,26,26,427.0417845125629,1802.7934368329543,433.65524860629125,1829.7054703142333,27.71273089063065,38.085402442744616,HIT,True,1107.0169882244586
2026_07_21_gym,flight_21,30,1,950,ok,True,27,27,389.8283159953381,1822.227366858701,433.65524860629125,1829.7054703142333,44.46034247930029,26.257451910157307,HIT,True,1106.8745152498793
2026_07_21_gym,flight_21,30,1,1000,ok,True,29,29,383.6419252690472,1829.852040490785,433.65524860629125,1829.7054703142333,50.01353810772015,27.035906151789003,HIT,True,1105.9811410552365
2026_07_21_gym,flight_21,30,1,1050,ok,True,29,29,383.6419252690472,1829.852040490785,433.65524860629125,1829.7054703142333,50.01353810772015,27.035906151789003,HIT,True,1105.9811410552365
2026_07_21_gym,flight_21,30,1,1100,ok,True,31,31,420.01273818157847,1806.4134977440108,433.65524860629125,1829.7054703142333,26.993222795738802,27.850803257646508,HIT,True,1105.495697419977
2026_07_21_gym,flight_21,30,1,1150,ok,False,32,32,386.593804461406,1836.018481164525,433.65524860629125,1829.7054703142333,47.48298254109626,43.388382051076924,HIT,True,1104.8147442222532
2026_07_21_gym,flight_21,30,1,1200,ok,False,34,34,398.432820246896,1833.7712595427965,433.65524860629125,1829.7054703142333,35.45631257736532,34.66495812363558,HIT,True,1105.2786045782184
2026_07_21_gym,flight_21,30,1,1250,ok,False,35,35,454.43510695713627,1810.8556172196927,433.65524860629125,1829.7054703142333,28.05564960514982,31.056300736393748,HIT,True,1107.3237651212626
2026_07_21_gym,flight_23,30,1,150,not_fit_eligible,True,5,5,,,,,,,,,
2026_07_21_gym,flight_23,30,1,200,not_fit_eligible,True,7,7,,,,,,,,,
2026_07_21_gym,flight_23,30,1,250,ok,True,8,8,195.33958656974792,1271.125863319701,301.1510390448869,1635.125267240205,379.0667876896904,667.4237108174507,HIT,True,1113.1621622028306
2026_07_21_gym,flight_23,30,1,300,ok,True,10,10,235.130950813929,1377.5465549287887,301.1510390448869,1635.125267240205,265.9049549858573,432.85016940510025,HIT,True,1083.676144165724
2026_07_21_gym,flight_23,30,1,350,ok,True,11,11,250.70261806072563,1412.7589329954862,301.1510390448869,1635.125267240205,228.01716993513693,373.79490525922665,HIT,True,1077.9441582409581
2026_07_21_gym,flight_23,30,1,400,ok,True,13,13,234.27541202018386,1450.6472846826623,301.1510390448869,1635.125267240205,196.2255731000631,306.51563667839747,HIT,True,1069.9541774187264
2026_07_21_gym,flight_23,30,1,450,ok,True,14,14,234.27541386347855,1450.6472484054152,301.1510390448869,1635.125267240205,196.22560657725907,306.5156914731375,HIT,True,1069.954184653176
2026_07_21_gym,flight_23,30,1,490,ok,True,15,15,219.02932666163147,1500.9059515041408,301.1510390448869,1635.125267240205,157.34929412429975,249.0518188924435,HIT,True,1065.3957825776213
2026_07_21_gym,flight_23,30,1,500,ok,True,16,16,219.0293441828908,1500.9055913547797,301.1510390448869,1635.125267240205,157.34959218820805,249.0523409356154,HIT,True,1065.3958553108016
2026_07_21_gym,flight_23,30,1,550,ok,True,17,17,263.736571169638,1506.963302016012,301.1510390448869,1635.125267240205,133.5115415854198,207.005473469033,HIT,True,1060.7203078657544
2026_07_21_gym,flight_23,30,1,600,ok,True,19,19,249.50933956580732,1541.161193805237,301.1510390448869,1635.125267240205,107.21992455499874,175.28018405221937,HIT,True,1059.116409704069
2026_07_21_gym,flight_23,30,1,650,ok,True,20,20,264.08148497904847,1575.157813888954,301.1510390448869,1635.125267240205,70.49998085159012,120.01886144054932,HIT,True,1055.5536250736411
2026_07_21_gym,flight_23,30,1,700,ok,True,22,22,250.55161102441923,1575.2453235732519,301.1510390448869,1635.125267240205,78.39585301249015,129.1346309555201,HIT,True,1055.1124354779854
2026_07_21_gym,flight_23,30,1,750,ok,True,23,23,283.7477757386678,1562.7728768700222,301.1510390448869,1635.125267240205,74.41600611417485,120.12477855303746,HIT,True,1054.052023006628
2026_07_21_gym,flight_23,30,1,800,ok,True,25,25,260.21527960031506,1588.7006903934089,301.1510390448869,1635.125267240205,61.89489265446645,98.65146228162877,HIT,True,1051.8276020370245
2026_07_21_gym,flight_23,30,1,850,ok,True,26,26,273.53882737094773,1592.3795687026645,301.1510390448869,1635.125267240205,50.88839727274487,80.2629423052513,HIT,True,1050.0259775881225
2026_07_21_gym,flight_23,30,1,900,ok,True,28,28,302.1885980455869,1585.944535795172,301.1510390448869,1635.125267240205,49.191674845936966,74.0165920858283,HIT,True,1050.0578121447336
2026_07_21_gym,flight_23,30,1,950,ok,True,29,29,325.85435407867374,1568.9616355819187,301.1510390448869,1635.125267240205,70.62492426807903,99.2182437187707,HIT,True,1051.8514085296065
2026_07_21_gym,flight_23,30,1,1000,ok,True,31,31,318.81325768938603,1597.0850033240577,301.1510390448869,1635.125267240205,41.94062048010534,51.234200678207294,HIT,True,1048.4564093057563
2026_07_21_gym,flight_23,30,1,1050,ok,True,31,31,318.81325768938603,1597.0850033240577,301.1510390448869,1635.125267240205,41.94062048010534,51.234200678207294,HIT,True,1048.4564093057563
2026_07_21_gym,flight_23,30,1,1100,ok,False,33,33,296.10941929903584,1608.5044934041239,301.1510390448869,1635.125267240205,27.093975885674915,40.68980343319001,HIT,True,1047.1277351456758
2026_07_21_gym,flight_23,30,1,1150,ok,False,34,34,324.13950583256104,1602.4171973082575,301.1510390448869,1635.125267240205,39.97858731772748,48.17669097689234,HIT,True,1048.5827919552507
2026_07_21_gym,flight_23,30,1,1200,ok,False,36,36,296.4215927255971,1620.3538642816195,301.1510390448869,1635.125267240205,15.510061503809396,25.211860768965757,HIT,True,1045.6081475290562
2026_07_21_gym,flight_23,30,1,1250,ok,False,36,36,296.4215927255971,1620.3538642816195,301.1510390448869,1635.125267240205,15.510061503809396,25.211860768965757,HIT,True,1045.6081475290562
2026_07_21_gym,flight_24,30,1,150,not_fit_eligible,True,5,5,,,,,,,,,
2026_07_21_gym,flight_24,30,1,200,not_fit_eligible,True,7,7,,,,,,,,,
2026_07_21_gym,flight_24,30,1,250,fit_failed,True,8,8,,,,,,,,,
2026_07_21_gym,flight_24,30,1,300,fit_failed,True,10,10,,,,,,,,,
2026_07_21_gym,flight_24,30,1,350,ok,True,11,11,396.98456779163064,821.6190376248768,432.9927411757478,996.312451689549,178.36585286436318,228.51633782314462,HIT,True,1159.4580005843598
2026_07_21_gym,flight_24,30,1,400,ok,True,12,12,464.1136213474529,878.4339936673139,432.9927411757478,996.312451689549,121.91734925088174,132.92046238880013,HIT,True,1148.4654504022333
2026_07_21_gym,flight_24,30,1,450,ok,True,13,13,428.7755179913299,889.9458843350725,432.9927411757478,996.312451689549,106.4501367878951,122.6441268445556,HIT,True,1147.5481074259021
2026_07_21_gym,flight_24,30,1,490,ok,True,14,14,428.775525982728,889.9457407680449,432.9927411757478,996.312451689549,106.45027992562098,122.64431027035913,HIT,True,1147.5481321005398
2026_07_21_gym,flight_24,30,1,500,ok,True,15,15,466.33646547103604,904.8704776159574,432.9927411757478,996.312451689549,97.3315908241286,84.91128845280454,HIT,True,1142.1090136624618
2026_07_21_gym,flight_24,30,1,550,ok,True,16,16,438.70182965360095,894.2655985679658,432.9927411757478,996.312451689549,102.20642799386904,109.32617475711682,HIT,True,1145.5265892416821
2026_07_21_gym,flight_24,30,1,600,ok,True,18,18,448.599561560996,908.2738218554744,432.9927411757478,996.312451689549,89.41125871834383,91.5503675032753,HIT,True,1144.1988202268828
2026_07_21_gym,flight_24,30,1,650,ok,True,19,19,451.02934986885896,901.3175449829615,432.9927411757478,996.312451689549,96.6920449330847,101.24050799055206,HIT,True,1145.207915014249
2026_07_21_gym,flight_24,30,1,700,ok,True,21,21,466.48450243518704,905.4539773323659,432.9927411757478,996.312451689549,96.83470676763666,106.46890107496813,HIT,True,1145.2364464561635
2026_07_21_gym,flight_24,30,1,750,ok,True,22,22,454.74659417402137,906.6197288552444,432.9927411757478,996.312451689549,92.29309101824407,103.99462144484075,HIT,True,1146.9804149088827
2026_07_21_gym,flight_24,30,1,800,ok,True,24,24,467.3588449440298,949.8897788160896,432.9927411757478,996.312451689549,57.75892697175519,56.923611739645025,HIT,True,1140.2334966746753
2026_07_21_gym,flight_24,30,1,850,ok,True,25,25,431.64586461460345,941.2593999918863,432.9927411757478,996.312451689549,55.06952494525879,70.67277467520998,HIT,True,1144.042699991774
2026_07_21_gym,flight_24,30,1,900,ok,True,27,27,420.42722665277364,956.5842721187188,432.9927411757478,996.312451689549,41.66797819956238,52.94211862826851,HIT,True,1141.690179930788
2026_07_21_gym,flight_24,30,1,950,ok,True,28,28,454.06194802885346,950.510327053014,432.9927411757478,996.312451689549,50.415732650033405,47.48598222057849,HIT,True,1142.3620494925533
2026_07_21_gym,flight_24,30,1,1000,ok,True,30,30,414.5006891464381,961.8644143746862,432.9927411757478,996.312451689549,39.097611987190135,53.3783861681845,HIT,True,1141.3603864245063
2026_07_21_gym,flight_24,30,1,1050,ok,True,31,31,418.83643619800375,964.6804275541913,432.9927411757478,996.312451689549,34.65524378103196,47.76704424957091,HIT,True,1141.2198365323995
2026_07_21_gym,flight_24,30,1,1100,ok,True,33,33,419.1724474035428,970.4319950006909,432.9927411757478,996.312451689549,29.339368745320836,67.96221624722301,HIT,True,1142.57751504804
2026_07_21_gym,flight_24,30,1,1150,ok,True,34,34,436.70412768470055,975.5281456361312,432.9927411757478,996.312451689549,21.113071021075477,51.31255560683929,HIT,True,1142.3516226901897
2026_07_21_gym,flight_24,30,1,1200,ok,False,36,36,437.0204131516818,979.2582977683473,432.9927411757478,996.312451689549,17.52330755062415,55.60848587073928,HIT,True,1142.5824770160698
2026_07_21_gym,flight_24,30,1,1250,ok,False,37,37,455.43827048974674,988.9027338353094,432.9927411757478,996.312451689549,23.636956336741452,22.863507363068738,HIT,True,1141.1148725276992
2026_07_21_gym,flight_25,30,1,150,not_fit_eligible,True,5,5,,,,,,,,,
2026_07_21_gym,flight_25,30,1,200,not_fit_eligible,True,7,7,,,,,,,,,
2026_07_21_gym,flight_25,30,1,250,fit_failed,True,8,8,,,,,,,,,
2026_07_21_gym,flight_25,30,1,300,fit_failed,True,9,9,,,,,,,,,
2026_07_21_gym,flight_25,30,1,350,fit_failed,True,10,10,,,,,,,,,
2026_07_21_gym,flight_25,30,1,400,fit_failed,True,12,12,,,,,,,,,
2026_07_21_gym,flight_25,30,1,450,ok,True,13,13,685.3157247020039,2129.4342293208224,831.7024681173147,2201.3766310655105,163.10974163591254,204.91953006850983,MISS_HIGH_WIDE,True,1058.8186558439968
2026_07_21_gym,flight_25,30,1,490,ok,True,14,14,711.7441276804778,2125.025131550404,831.7024681173147,2201.3766310655105,142.1954813577611,199.2547755281384,MISS_HIGH_WIDE,True,1059.6463551676525
2026_07_21_gym,flight_25,30,1,500,ok,True,15,15,751.1347419139714,2152.36252316123,831.7024681173147,2201.3766310655105,94.30557395631149,122.0658187823749,MISS_HIGH_WIDE,True,1056.2876018237907
2026_07_21_gym,flight_25,30,1,550,ok,True,16,16,717.1300618513486,2150.9741720226007,831.7024681173147,2201.3766310655105,125.1688625623233,164.87638020313227,MISS_HIGH_WIDE,True,1055.4807712699553
2026_07_21_gym,flight_25,30,1,600,ok,True,18,18,794.2880582150611,2162.203324247068,831.7024681173147,2201.3766310655105,54.16997355939623,54.81512096647089,MISS_HIGH_WIDE,True,1050.232225432757
2026_07_21_gym,flight_25,30,1,650,ok,True,19,19,794.288058278063,2162.2033239067223,831.7024681173147,2201.3766310655105,54.16997376200457,54.81512155925,MISS_HIGH_WIDE,True,1050.2322255103873
2026_07_21_gym,flight_25,30,1,700,ok,True,21,21,835.3034328487951,2186.4229645765167,831.7024681173147,2201.3766310655105,15.381127671969377,54.64563502326881,MISS_HIGH_WIDE,True,1045.4053744532237
2026_07_21_gym,flight_25,30,1,750,ok,True,22,22,817.5417950071378,2209.165039788985,831.7024681173147,2201.3766310655105,16.161187251473073,54.54961229833072,MISS_HIGH_WIDE,True,1043.7078756132876
2026_07_21_gym,flight_25,30,1,800,ok,True,24,24,822.5402417185891,2201.854051691556,831.7024681173147,2201.3766310655105,9.174656562274006,47.97267420083132,MISS_HIGH_WIDE,True,1044.878887048686
2026_07_21_gym,flight_25,30,1,850,ok,True,25,25,830.3157553166075,2201.1420717219316,831.7024681173147,2201.3766310655105,1.406410493883394,63.9471868978364,MISS_HIGH_WIDE,True,1044.9502982282881
2026_07_21_gym,flight_25,30,1,900,ok,True,26,26,819.052911727772,2209.4582430847404,831.7024681173147,2201.3766310655105,15.010787110660802,67.13594900219825,MISS_HIGH_WIDE,True,1044.2585199274645
2026_07_21_gym,flight_25,30,1,950,ok,True,27,27,823.9329228560655,2204.365228513305,831.7024681173147,2201.3766310655105,8.324514897071293,67.1368847006314,MISS_HIGH_WIDE,True,1045.107840559539
2026_07_21_gym,flight_25,30,1,1000,ok,True,29,29,825.7166201749847,2196.9793350161603,831.7024681173147,2201.3766310655105,7.427421365071933,42.70572297462278,MISS_HIGH_WIDE,True,1046.1413537691003
2026_07_21_gym,flight_25,30,1,1050,ok,True,30,30,765.7235554477243,2255.5689984281075,831.7024681173147,2201.3766310655105,85.38167014895002,131.02824869151877,MISS_HIGH_WIDE,True,1039.7671682978485
2026_07_21_gym,flight_25,30,1,1100,ok,False,31,31,809.4120520442694,2213.9894133968633,831.7024681173147,2201.3766310655105,25.61142180449097,39.32897333714631,MISS_HIGH_WIDE,True,1045.7594645354084
2026_07_21_gym,flight_25,30,1,1150,ok,False,32,32,773.0907737210032,2254.7461175548706,831.7024681173147,2201.3766310655105,79.26936866245745,122.70100416452279,MISS_HIGH_WIDE,True,1040.433898402791
2026_07_21_gym,flight_25,30,1,1200,ok,False,34,34,798.9902584356593,2226.678479472452,831.7024681173147,2201.3766310655105,41.35543730955392,67.55855068505535,MISS_HIGH_WIDE,True,1044.1051920039429
2026_07_21_gym,flight_25,30,1,1250,ok,False,35,35,787.2930636337667,2243.483176354655,831.7024681173147,2201.3766310655105,61.19768265849727,95.56145525866454,MISS_HIGH_WIDE,True,1042.4604204877405
2026_07_21_gym,flight_29,30,1,150,not_fit_eligible,True,5,5,,,,,,,,,
2026_07_21_gym,flight_29,30,1,200,not_fit_eligible,True,7,7,,,,,,,,,
2026_07_21_gym,flight_29,30,1,250,fit_failed,True,8,8,,,,,,,,,
2026_07_21_gym,flight_29,30,1,300,fit_failed,True,10,10,,,,,,,,,
2026_07_21_gym,flight_29,30,1,350,ok,True,11,11,-474.3753049437344,803.5106311891977,-272.75026199371473,1212.0085671278782,455.5471672733347,548.5984946368042,MISS_HIGH_WIDE,True,1330.361578294924
2026_07_21_gym,flight_29,30,1,400,ok,True,13,13,-285.0859346747396,958.3904646842802,-272.75026199371473,1212.0085671278782,253.9179212020781,300.41756232666313,MISS_HIGH_WIDE,True,1296.246048659242
2026_07_21_gym,flight_29,30,1,450,ok,True,14,14,-164.3615249550585,1063.5741691501455,-272.75026199371473,1212.0085671278782,183.79578020141514,180.01906977600024,MISS_HIGH_WIDE,True,1277.8827317085647
2026_07_21_gym,flight_29,30,1,490,ok,True,15,15,-142.54228698920707,1087.7993991872133,-272.75026199371473,1212.0085671278782,179.95008795576285,174.17117441550778,MISS_HIGH_WIDE,True,1275.8194372354799
2026_07_21_gym,flight_29,30,1,500,ok,True,16,16,-264.29410852486654,949.9153617288614,-272.75026199371473,1212.0085671278782,262.2295842345404,320.23815456671696,MISS_HIGH_WIDE,True,1299.2452099407606
2026_07_21_gym,flight_29,30,1,550,ok,True,17,17,-233.57403913976756,1133.8650387334287,-272.75026199371473,1212.0085671278782,87.41388600809523,104.70888099717976,MISS_HIGH_WIDE,True,1275.1026955983527
2026_07_21_gym,flight_29,30,1,600,ok,True,19,19,-313.7509362832514,1045.1405983245884,-272.75026199371473,1212.0085671278782,171.8312378606765,220.76918399848617,MISS_HIGH_WIDE,True,1289.7134706377844
2026_07_21_gym,flight_29,30,1,650,ok,True,20,20,-151.08746546293202,1143.6139126070732,-272.75026199371473,1212.0085671278782,139.56956984497342,132.98565059565678,MISS_HIGH_WIDE,True,1268.2972243375195
2026_07_21_gym,flight_29,30,1,700,ok,True,21,21,-262.99794227129723,1189.8822466013125,-272.75026199371473,1212.0085671278782,24.180194374995725,36.1322156852028,MISS_HIGH_WIDE,True,1269.294393034867
2026_07_21_gym,flight_29,30,1,750,ok,True,22,22,-231.06486669100482,1192.411279585271,-272.75026199371473,1212.0085671278782,46.06219556828377,44.88212698141382,MISS_HIGH_WIDE,True,1266.5686112283388
2026_07_21_gym,flight_29,30,1,800,ok,True,24,24,-239.02729808353806,1226.7985266489331,-272.75026199371473,1212.0085671278782,36.8236499755459,63.406268846071114,MISS_HIGH_WIDE,True,1260.7353358489063
2026_07_21_gym,flight_29,30,1,850,ok,True,25,25,-262.3878620841461,1193.8010540888015,-272.75026199371473,1212.0085671278782,20.94976999763905,15.199267542924973,MISS_HIGH_WIDE,True,1266.2781695488613
2026_07_21_gym,flight_29,30,1,900,ok,True,27,27,-225.85242314178652,1221.4261048635653,-272.75026199371473,1212.0085671278782,47.83406010349235,67.13869281038826,MISS_HIGH_WIDE,True,1260.984083479237
2026_07_21_gym,flight_29,30,1,950,ok,True,28,28,-208.9510725103403,1207.530706693646,-272.75026199371473,1212.0085671278782,63.95613975846241,76.1160867001661,MISS_HIGH_WIDE,True,1262.9628958690396
2026_07_21_gym,flight_29,30,1,1000,ok,True,30,30,-208.63279204355024,1203.861750912939,-272.75026199371473,1212.0085671278782,64.63296811419265,75.83890631022133,MISS_HIGH_WIDE,True,1263.5586508541196
2026_07_21_gym,flight_29,30,1,1050,ok,True,31,31,-236.04552018196586,1210.499429748098,-272.75026199371473,1212.0085671278782,36.73575325344774,58.58293367360575,MISS_HIGH_WIDE,True,1263.686149728035
2026_07_21_gym,flight_29,30,1,1100,ok,True,33,33,-283.8965983235613,1236.4274800538678,-272.75026199371473,1212.0085671278782,26.842580391331985,41.3992067787804,MISS_HIGH_WIDE,True,1261.462570574283
2026_07_21_gym,flight_29,30,1,1150,ok,True,34,34,-260.979671110361,1226.5986228046675,-272.75026199371473,1212.0085671278782,18.746107179761353,37.59904153800441,MISS_HIGH_WIDE,True,1262.6245284861934
2026_07_21_gym,flight_29,30,1,1200,ok,True,36,36,-290.69854531589067,1225.0949023903258,-272.75026199371473,1212.0085671278782,22.212452471851886,24.6160385335574,MISS_HIGH_WIDE,True,1263.419364510554
2026_07_21_gym,flight_29,30,1,1250,ok,True,37,37,-274.628887856442,1224.493992958678,-272.75026199371473,1212.0085671278782,12.625969004734321,22.169722897591527,MISS_HIGH_WIDE,True,1263.70815312237
2026_07_21_gym,flight_3,30,1,150,not_fit_eligible,True,5,5,,,,,,,,,
2026_07_21_gym,flight_3,30,1,200,not_fit_eligible,True,7,7,,,,,,,,,
2026_07_21_gym,flight_3,30,1,250,fit_failed,True,8,8,,,,,,,,,
2026_07_21_gym,flight_3,30,1,300,ok,True,10,10,143.93159235712966,1201.312318156104,197.60760318219624,1256.7684731335632,77.17836006923595,219.6945625258801,HIT,True,503.7257068323191
2026_07_21_gym,flight_3,30,1,350,ok,True,11,11,103.28454592486057,1240.6422213904902,197.60760318219624,1256.7684731335632,95.69166696035549,258.52072229507695,HIT,True,503.16618441902784
2026_07_21_gym,flight_3,30,1,400,ok,True,13,13,152.00851784801233,1230.346476376633,197.60760318219624,1256.7684731335632,52.70102936316724,166.81420078676817,HIT,True,503.1355656381186
2026_07_21_gym,flight_3,30,1,450,ok,True,14,14,61.251297224141034,1248.42064471836,197.60760318219624,1256.7684731335632,136.6115969227226,372.807946180126,HIT,True,499.3959912511162
2026_07_21_gym,flight_3,30,1,490,ok,True,15,15,57.37844226785603,1249.7362632070785,197.60760318219624,1256.7684731335632,140.4053757773899,366.5569861366444,HIT,True,499.3342874524957
2026_07_21_gym,flight_3,30,1,500,ok,True,16,16,41.572650923345165,1252.703337973499,197.60760318219624,1256.7684731335632,156.08789719350932,401.6316293947771,HIT,True,498.78678647648377
2026_07_21_gym,flight_3,30,1,550,ok,False,17,17,147.07967466269685,1232.2252822535038,197.60760318219624,1256.7684731335632,56.17330130094433,167.4105042089278,HIT,True,503.12331389121243
2026_07_21_gym,flight_3,30,1,600,ok,False,19,19,152.00852445193584,1230.3462198970835,197.60760318219624,1256.7684731335632,52.701152237319725,166.81447678609223,HIT,True,503.1356388122539
2026_07_21_gym,flight_3,30,1,650,ok,False,20,20,199.7382825948785,1252.3430449581558,197.60760318219624,1256.7684731335632,4.91164018382027,16.456279416898866,HIT,True,499.70692192878033
2026_07_21_gym,flight_3,30,1,700,ok,False,20,20,199.7382825948785,1252.3430449581558,197.60760318219624,1256.7684731335632,4.91164018382027,16.456279416898866,HIT,True,499.70692192878033
2026_07_21_gym,flight_3,30,1,750,ok,False,20,20,199.7382825948785,1252.3430449581558,197.60760318219624,1256.7684731335632,4.91164018382027,16.456279416898866,HIT,True,499.70692192878033
2026_07_21_gym,flight_3,30,1,800,ok,False,20,20,199.7382825948785,1252.3430449581558,197.60760318219624,1256.7684731335632,4.91164018382027,16.456279416898866,HIT,True,499.70692192878033
2026_07_21_gym,flight_3,30,1,850,ok,False,20,20,199.7382825948785,1252.3430449581558,197.60760318219624,1256.7684731335632,4.91164018382027,16.456279416898866,HIT,True,499.70692192878033
2026_07_21_gym,flight_3,30,1,900,ok,False,20,20,199.7382825948785,1252.3430449581558,197.60760318219624,1256.7684731335632,4.91164018382027,16.456279416898866,HIT,True,499.70692192878033
2026_07_21_gym,flight_3,30,1,950,ok,False,20,20,199.7382825948785,1252.3430449581558,197.60760318219624,1256.7684731335632,4.91164018382027,16.456279416898866,HIT,True,499.70692192878033
2026_07_21_gym,flight_3,30,1,1000,ok,False,20,20,199.7382825948785,1252.3430449581558,197.60760318219624,1256.7684731335632,4.91164018382027,16.456279416898866,HIT,True,499.70692192878033
2026_07_21_gym,flight_3,30,1,1050,ok,False,20,20,199.7382825948785,1252.3430449581558,197.60760318219624,1256.7684731335632,4.91164018382027,16.456279416898866,HIT,True,499.70692192878033
2026_07_21_gym,flight_3,30,1,1100,ok,False,20,20,199.7382825948785,1252.3430449581558,197.60760318219624,1256.7684731335632,4.91164018382027,16.456279416898866,HIT,True,499.70692192878033
2026_07_21_gym,flight_3,30,1,1150,ok,False,20,20,199.7382825948785,1252.3430449581558,197.60760318219624,1256.7684731335632,4.91164018382027,16.456279416898866,HIT,True,499.70692192878033
2026_07_21_gym,flight_3,30,1,1200,ok,False,20,20,199.7382825948785,1252.3430449581558,197.60760318219624,1256.7684731335632,4.91164018382027,16.456279416898866,HIT,True,499.70692192878033
2026_07_21_gym,flight_3,30,1,1250,ok,False,20,20,199.7382825948785,1252.3430449581558,197.60760318219624,1256.7684731335632,4.91164018382027,16.456279416898866,HIT,True,499.70692192878033
2026_07_21_gym,flight_35,30,1,150,not_fit_eligible,True,5,5,,,,,,,,,
2026_07_21_gym,flight_35,30,1,200,not_fit_eligible,True,7,7,,,,,,,,,
2026_07_21_gym,flight_35,30,1,250,not_fit_eligible,True,7,7,,,,,,,,,
2026_07_21_gym,flight_35,30,1,300,fit_failed,True,9,9,,,,,,,,,
2026_07_21_gym,flight_35,30,1,350,fit_failed,True,10,10,,,,,,,,,
2026_07_21_gym,flight_35,30,1,400,fit_failed,True,12,12,,,,,,,,,
2026_07_21_gym,flight_35,30,1,450,ok,True,13,13,758.7098447513242,2028.8621548139597,842.2946569994792,2297.103065226605,280.96193133156686,438.34654197039174,MISS_HIGH_WIDE,True,1225.6222420481054
2026_07_21_gym,flight_35,30,1,490,ok,True,14,14,768.7204653225715,2035.899921184476,842.2946569994792,2297.103065226605,271.3673601198264,415.2293721515081,MISS_HIGH_WIDE,True,1223.756310065838
2026_07_21_gym,flight_35,30,1,500,ok,True,15,15,811.0841056589754,2052.2820329729175,842.2946569994792,2297.103065226605,246.80242370920772,378.1210074156566,MISS_HIGH_WIDE,True,1219.6193555854857
2026_07_21_gym,flight_35,30,1,550,ok,True,15,15,811.0841056589754,2052.2820329729175,842.2946569994792,2297.103065226605,246.80242370920772,378.1210074156566,MISS_HIGH_WIDE,True,1219.6193555854857
2026_07_21_gym,flight_35,30,1,600,ok,True,17,17,766.1342237783763,2036.02546922162,842.2946569994792,2297.103065226605,271.9594137443458,422.34543241184286,MISS_HIGH_WIDE,True,1223.6659758061926
2026_07_21_gym,flight_35,30,1,650,ok,True,18,18,729.8828282356595,2057.750413679852,842.2946569994792,2297.103065226605,264.43545724521823,408.73133255742385,MISS_HIGH_WIDE,True,1222.0975433311432
2026_07_21_gym,flight_35,30,1,700,ok,True,20,20,729.8828181636483,2057.7505214432476,842.2946569994792,2297.103065226605,264.43536398525976,408.73118904449774,MISS_HIGH_WIDE,True,1222.0975232467515
2026_07_21_gym,flight_35,30,1,750,ok,True,21,21,771.8047289468348,2161.973485923312,842.2946569994792,2297.103065226605,152.41008221096095,251.6105782642768,MISS_HIGH_WIDE,True,1206.6910223204216
2026_07_21_gym,flight_35,30,1,800,ok,True,23,23,790.6316313660323,2237.340268212427,842.2946569994792,2297.103065226605,78.99784886033315,126.18898750218315,MISS_HIGH_WIDE,True,1196.9745944316617
2026_07_21_gym,flight_35,30,1,850,ok,True,24,24,839.9156184764588,2217.936208807298,842.2946569994792,2297.103065226605,79.20259452574246,139.85003197635376,MISS_HIGH_WIDE,True,1195.2140599465004
2026_07_21_gym,flight_35,30,1,900,ok,True,24,24,839.9156184764588,2217.936208807298,842.2946569994792,2297.103065226605,79.20259452574246,139.85003197635376,MISS_HIGH_WIDE,True,1195.2140599465004
2026_07_21_gym,flight_35,30,1,950,ok,True,25,25,799.8090022974247,2218.7271444653543,842.2946569994792,2297.103065226605,89.15052333349506,164.03259995098907,MISS_HIGH_WIDE,True,1198.5261591027893
2026_07_21_gym,flight_35,30,1,1000,ok,True,27,27,838.4136616123051,2238.170749757163,842.2946569994792,2297.103065226605,59.059968945006304,114.06700829956101,MISS_HIGH_WIDE,True,1194.0542739130856
2026_07_21_gym,flight_35,30,1,1050,ok,True,28,28,810.7160874913471,2279.6831095932603,842.2946569994792,2297.103065226605,36.064676713477226,83.48446835015436,MISS_HIGH_WIDE,True,1189.4936352608277
2026_07_21_gym,flight_35,30,1,1100,ok,True,30,30,819.4468673423862,2288.92149882886,842.2946569994792,2297.103065226605,24.268488229295954,68.1215023840137,MISS_HIGH_WIDE,True,1188.007143204354
2026_07_21_gym,flight_35,30,1,1150,ok,True,31,31,854.5462187635168,2269.4740119144926,842.2946569994792,2297.103065226605,30.22358933981157,63.917812971852946,MISS_HIGH_WIDE,True,1189.4806756749963
2026_07_21_gym,flight_35,30,1,1200,ok,False,32,32,820.9301749686375,2296.3712035987514,842.2946569994792,2297.103065226605,21.377013680317532,61.66745834194975,MISS_HIGH_WIDE,True,1186.8985307276994
2026_07_21_gym,flight_35,30,1,1250,ok,False,33,33,845.0577923902366,2282.9012170430124,842.2946569994792,2297.103065226605,14.468151541142623,52.26177481737125,MISS_HIGH_WIDE,True,1187.745718672672
2026_07_21_gym,flight_36,30,1,150,not_fit_eligible,True,5,5,,,,,,,,,
2026_07_21_gym,flight_36,30,1,200,not_fit_eligible,True,7,7,,,,,,,,,
2026_07_21_gym,flight_36,30,1,250,fit_failed,True,8,8,,,,,,,,,
2026_07_21_gym,flight_36,30,1,300,fit_failed,True,10,10,,,,,,,,,
2026_07_21_gym,flight_36,30,1,350,ok,True,11,11,587.3592089410175,785.828503185479,782.5342995133234,1118.152950075591,385.39960298465104,418.1185960536487,HIT,True,1298.0228851377294
2026_07_21_gym,flight_36,30,1,400,ok,True,13,13,788.4997065876968,951.090442130902,782.5342995133234,1118.152950075591,167.16897930636605,170.6352693222478,HIT,True,1267.7810955477855
2026_07_21_gym,flight_36,30,1,450,ok,True,14,14,783.3798760110664,946.4653941579883,782.5342995133234,1118.152950075591,171.68963817474102,177.64418339842925,HIT,True,1268.887662218544
2026_07_21_gym,flight_36,30,1,490,ok,True,15,15,777.6850989975202,938.7351092904674,782.5342995133234,1118.152950075591,179.48335950064674,195.46057325609226,HIT,True,1272.4943661133761
2026_07_21_gym,flight_36,30,1,500,ok,True,16,16,760.1456838828732,934.6096142049513,782.5342995133234,1118.152950075591,184.90377565742267,213.8003126363379,HIT,True,1276.0770577018618
2026_07_21_gym,flight_36,30,1,550,ok,True,17,17,788.8525761961463,955.4940008210866,782.5342995133234,1118.152950075591,162.78161564752983,174.33577572624418,HIT,True,1269.5146206885827
2026_07_21_gym,flight_36,30,1,600,ok,True,19,19,789.62972635424,1001.4152456070511,782.5342995133234,1118.152950075591,116.95313902003207,134.5341934569669,HIT,True,1267.3983844727636
2026_07_21_gym,flight_36,30,1,650,ok,True,20,20,784.9530239677349,1020.7401257403502,782.5342995133234,1118.152950075591,97.44284772601243,110.40990576492398,HIT,True,1264.753370325266
2026_07_21_gym,flight_36,30,1,700,ok,True,22,22,813.4725397263935,1007.5162244577781,782.5342995133234,1118.152950075591,114.88106790465017,126.30770925223042,HIT,True,1264.904604671708
2026_07_21_gym,flight_36,30,1,750,ok,True,23,23,813.4725399346115,1007.5162222810482,782.5342995133234,1118.152950075591,114.88107005703417,126.30771174144242,HIT,True,1264.9046050213906
2026_07_21_gym,flight_36,30,1,800,ok,True,25,25,800.2057399007937,1046.8664608345914,782.5342995133234,1118.152950075591,73.44415125573353,80.92753291294625,HIT,True,1260.6476865563773
2026_07_21_gym,flight_36,30,1,850,ok,True,26,26,781.5641910498954,1058.7686319814936,782.5342995133234,1118.152950075591,59.39224146243138,64.85621446188759,HIT,True,1260.0441252898208
2026_07_21_gym,flight_36,30,1,900,ok,True,28,28,767.7698133525319,1089.1188966492616,782.5342995133234,1118.152950075591,32.572477798828146,37.91096339636249,HIT,True,1258.3324867241922
2026_07_21_gym,flight_36,30,1,950,ok,True,29,29,787.6306329213882,1074.4538102987513,782.5342995133234,1118.152950075591,43.99531147113216,51.69737437945209,HIT,True,1258.9321492224506
2026_07_21_gym,flight_36,30,1,1000,ok,True,31,31,777.4011542417917,1101.7112590230342,782.5342995133234,1118.152950075591,17.22435441595337,22.520956461704735,HIT,True,1256.352304692943
2026_07_21_gym,flight_36,30,1,1050,ok,True,32,32,777.4011542415637,1101.7112590254865,782.5342995133234,1118.152950075591,17.224354413680505,22.520956459621207,HIT,True,1256.3523046925427
2026_07_21_gym,flight_36,30,1,1100,ok,True,34,34,778.4998800824785,1108.8869174376146,782.5342995133234,1118.152950075591,10.106230800452908,20.543318011637098,HIT,True,1255.853321416202
2026_07_21_gym,flight_36,30,1,1150,ok,True,35,35,817.4636914621852,1101.5569627274022,782.5342995133234,1118.152950075591,38.671555670524285,64.05382715452843,HIT,True,1256.7758123441586
2026_07_21_gym,flight_36,30,1,1200,ok,True,37,37,781.5575351562588,1115.6830173396363,782.5342995133234,1118.152950075591,2.65605653730719,23.521551378481544,HIT,True,1255.7568754433028
2026_07_21_gym,flight_36,30,1,1250,ok,True,38,38,795.0500964851204,1105.4145106637202,782.5342995133234,1118.152950075591,17.858135750664093,34.68989388322413,HIT,True,1256.9843279091897
2026_07_21_gym,flight_39,30,1,150,not_fit_eligible,True,5,5,,,,,,,,,
2026_07_21_gym,flight_39,30,1,200,not_fit_eligible,True,7,7,,,,,,,,,
2026_07_21_gym,flight_39,30,1,250,fit_failed,True,8,8,,,,,,,,,
2026_07_21_gym,flight_39,30,1,300,fit_failed,True,10,10,,,,,,,,,
2026_07_21_gym,flight_39,30,1,350,fit_failed,True,11,11,,,,,,,,,
2026_07_21_gym,flight_39,30,1,400,fit_failed,True,13,13,,,,,,,,,
2026_07_21_gym,flight_39,30,1,450,ok,True,14,14,693.8655015263911,1156.0485781447978,478.24342276910716,1244.9033375705076,233.21245489941808,174.0597963036829,HIT,True,1219.945872864696
2026_07_21_gym,flight_39,30,1,490,ok,True,15,15,642.5819934478758,1145.0797933740087,478.24342276910716,1244.9033375705076,192.28079932403807,148.12364226296484,HIT,True,1224.4080403307182
2026_07_21_gym,flight_39,30,1,500,ok,True,16,16,514.9259994600015,1157.4004952666837,478.24342276910716,1244.9033375705076,94.88076118967014,101.72719682563134,HIT,True,1227.8579051733577
2026_07_21_gym,flight_39,30,1,550,ok,True,17,17,394.4778324396078,1194.7959200476084,478.24342276910716,1244.9033375705076,97.60854170646978,98.82465087943602,HIT,True,1232.3007391658066
2026_07_21_gym,flight_39,30,1,600,ok,True,18,18,344.9978494924671,1207.8631820443986,478.24342276910716,1244.9033375705076,138.2980691087869,112.11708553037415,HIT,True,1233.2763670496836
2026_07_21_gym,flight_39,30,1,650,ok,True,19,19,536.2356733041103,1223.9652882020703,478.24342276910716,1244.9033375705076,61.65633003568803,69.93261043475678,HIT,True,1218.6338169727871
2026_07_21_gym,flight_39,30,1,700,ok,True,21,21,498.11854365349575,1252.7206988206976,478.24342276910716,1244.9033375705076,21.357236878515742,37.1317537575971,HIT,True,1216.3950741484628
2026_07_21_gym,flight_39,30,1,750,ok,True,22,22,448.12774223524275,1254.9513530629495,478.24342276910716,1244.9033375705076,31.747705891199946,20.038231972596336,HIT,True,1218.8835651962593
2026_07_21_gym,flight_39,30,1,800,ok,True,24,24,454.49704360613293,1276.2514013141665,478.24342276910716,1244.9033375705076,39.32672912699759,44.36093814621525,HIT,True,1216.572117414441
2026_07_21_gym,flight_39,30,1,850,ok,True,25,25,458.6489420300532,1203.887236009069,478.24342276910716,1244.9033375705076,45.456179587943765,84.49076567160299,HIT,True,1225.405485798011
2026_07_21_gym,flight_39,30,1,900,ok,True,27,27,390.40469556959715,1255.3940068962859,478.24342276910716,1244.9033375705076,88.46296478715126,117.24806986033941,HIT,True,1221.6485148626937
2026_07_21_gym,flight_39,30,1,950,ok,True,27,27,390.40469556959715,1255.3940068962859,478.24342276910716,1244.9033375705076,88.46296478715126,117.24806986033941,HIT,True,1221.6485148626937
2026_07_21_gym,flight_39,30,1,1000,ok,True,29,29,410.93230624353833,1264.8437292168999,478.24342276910716,1244.9033375705076,70.20260413211332,105.2254538102288,HIT,True,1219.0874657610918
2026_07_21_gym,flight_39,30,1,1050,ok,True,30,30,393.7750414336275,1266.2756200666472,478.24342276910716,1244.9033375705076,87.13025826043904,150.34986899652122,HIT,True,1219.8805353670055
2026_07_21_gym,flight_39,30,1,1100,ok,True,32,32,402.1652002922996,1274.702406994009,478.24342276910716,1244.9033375705076,81.70606142592655,118.25527232923012,HIT,True,1217.7426209200162
2026_07_21_gym,flight_39,30,1,1150,ok,True,33,33,466.89512799841583,1255.4188764535738,478.24342276910716,1244.9033375705076,15.471275067161672,30.59034067886656,HIT,True,1218.152752478565
2026_07_21_gym,flight_39,30,1,1200,ok,True,35,35,500.9670661403512,1249.3500671721097,478.24342276910716,1244.9033375705076,23.15464040345366,39.321496246910776,HIT,True,1218.6704379418697
2026_07_21_gym,flight_39,30,1,1250,ok,False,36,36,504.129074360007,1249.0414300678967,478.24342276910716,1244.9033375705076,26.214323714381873,68.79427626706003,HIT,True,1219.0152196956515
2026_07_21_gym,flight_40,30,1,150,not_fit_eligible,True,5,5,,,,,,,,,
2026_07_21_gym,flight_40,30,1,200,not_fit_eligible,True,6,6,,,,,,,,,
2026_07_21_gym,flight_40,30,1,250,not_fit_eligible,True,7,7,,,,,,,,,
2026_07_21_gym,flight_40,30,1,300,fit_failed,True,9,9,,,,,,,,,
2026_07_21_gym,flight_40,30,1,350,ok,True,10,10,1085.0999408018938,979.5633816278857,1086.8140067038262,1172.412062619012,192.85629826877147,257.32572010808224,HIT,True,1120.9104515415702
2026_07_21_gym,flight_40,30,1,400,fit_failed,True,12,12,,,,,,,,,
2026_07_21_gym,flight_40,30,1,450,ok,True,13,13,1170.2183162765716,1045.6893819805605,1086.8140067038262,1172.412062619012,151.70667962717175,169.53797529347733,HIT,True,1112.166416426554
2026_07_21_gym,flight_40,30,1,490,ok,True,14,14,1170.2183447236687,1045.6892229964005,1086.8140067038262,1172.412062619012,151.706828068305,169.53818828214654,HIT,True,1112.1664453962896
2026_07_21_gym,flight_40,30,1,500,ok,True,15,15,1019.9144476537672,1050.7572678936385,1086.8140067038262,1172.412062619012,138.83601867226344,202.4540510594287,HIT,True,1117.0383655930673
2026_07_21_gym,flight_40,30,1,550,ok,True,16,16,1155.69119588251,1072.0804466086147,1086.8140067038262,1172.412062619012,121.69839916947971,126.70175941202824,HIT,True,1107.8769881843498
2026_07_21_gym,flight_40,30,1,600,ok,True,18,18,1160.0141257991154,1075.7919146497206,1086.8140067038262,1172.412062619012,121.2176160018513,134.51816328089487,HIT,True,1110.0527349705462
2026_07_21_gym,flight_40,30,1,650,ok,True,19,19,1160.013949381338,1075.792901422297,1086.8140067038262,1172.412062619012,121.21672293189503,134.5168534715215,HIT,True,1110.0525540640422
2026_07_21_gym,flight_40,30,1,700,ok,True,20,20,1007.1072407763273,1126.5710860784193,1086.8140067038262,1172.412062619012,91.94870126769743,127.26524612375798,HIT,True,1108.887414312058
2026_07_21_gym,flight_40,30,1,750,ok,True,21,21,1156.7924185482266,1095.6382888858018,1086.8140067038262,1172.412062619012,103.88065487617352,109.74627503598896,HIT,True,1108.1749888370255
2026_07_21_gym,flight_40,30,1,800,ok,True,22,22,1183.830935394953,1112.4177350709126,1086.8140067038262,1172.412062619012,114.06841714781453,102.93046429579314,HIT,True,1106.1398771431466
2026_07_21_gym,flight_40,30,1,850,ok,True,23,23,1076.117494340598,1115.6351000756854,1086.8140067038262,1172.412062619012,57.77576353786254,86.48932153120484,HIT,True,1107.0686536198455
2026_07_21_gym,flight_40,30,1,900,ok,True,25,25,1091.7756606848748,1133.5591967998448,1086.8140067038262,1172.412062619012,39.16839532824728,54.20161907237046,HIT,True,1103.775377349992
2026_07_21_gym,flight_40,30,1,950,ok,True,26,26,1148.3088671400762,1124.9500164242631,1086.8140067038262,1172.412062619012,77.6805232285825,66.23989293086424,HIT,True,1103.930433746475
2026_07_21_gym,flight_40,30,1,1000,ok,True,28,28,1067.7047786940186,1155.150194326887,1086.8140067038262,1172.412062619012,25.75140174952586,37.907922487809465,HIT,True,1101.0845488772352
2026_07_21_gym,flight_40,30,1,1050,ok,True,29,29,1064.2813285460086,1154.2166668208451,1086.8140067038262,1172.412062619012,28.961940770876136,42.54757418569182,HIT,True,1101.5743164106825
2026_07_21_gym,flight_40,30,1,1100,ok,True,31,31,1116.4136966736664,1151.0021260640895,1086.8140067038262,1172.412062619012,36.5311788695146,32.06363897277949,HIT,True,1102.9382896850077
2026_07_21_gym,flight_40,30,1,1150,ok,False,32,32,1072.497550307757,1163.8659382563776,1086.8140067038262,1172.412062619012,16.673246995176598,83.31975546063344,HIT,True,1100.7192460540564
2026_07_21_gym,flight_40,30,1,1200,ok,False,34,34,1069.3102198850213,1171.918414278186,1086.8140067038262,1172.412062619012,17.510746462745892,86.4704150175125,HIT,True,1099.6345661683335
2026_07_21_gym,flight_40,30,1,1250,ok,False,35,35,1068.63882607718,1178.1685623210556,1086.8140067038262,1172.412062619012,19.06500667796475,92.59857158124964,HIT,True,1098.7797322943015
2026_07_21_gym,flight_43,30,1,150,not_fit_eligible,True,5,5,,,,,,,,,
2026_07_21_gym,flight_43,30,1,200,not_fit_eligible,True,7,7,,,,,,,,,
2026_07_21_gym,flight_43,30,1,250,fit_failed,True,8,8,,,,,,,,,
2026_07_21_gym,flight_43,30,1,300,fit_failed,True,9,9,,,,,,,,,
2026_07_21_gym,flight_43,30,1,350,fit_failed,True,10,10,,,,,,,,,
2026_07_21_gym,flight_43,30,1,400,ok,True,12,12,536.9367801039737,707.9331467383328,819.089716353249,905.4802509676498,344.43451891974513,306.48003830801656,HIT,True,1378.6490773158102
2026_07_21_gym,flight_43,30,1,450,ok,True,13,13,588.660526995622,859.215760557887,819.089716353249,905.4802509676498,235.02768854092088,181.0228892389397,HIT,True,1358.2606335037015
2026_07_21_gym,flight_43,30,1,490,ok,True,14,14,686.2542424855768,854.8911327806708,819.089716353249,905.4802509676498,142.14261147377707,112.46081994054114,HIT,True,1352.4640256600903
2026_07_21_gym,flight_43,30,1,500,ok,True,15,15,683.9969372404635,844.4890035146954,819.089716353249,905.4802509676498,148.22277569349242,116.82390801213523,HIT,True,1353.7534588398676
2026_07_21_gym,flight_43,30,1,550,ok,True,16,16,686.5016196036614,855.7847775867847,819.089716353249,905.4802509676498,141.59535117448684,112.7344546200415,HIT,True,1353.4399627892624
2026_07_21_gym,flight_43,30,1,600,ok,True,18,18,637.2321183482272,770.5311128176866,819.089716353249,905.4802509676498,226.45850798672578,216.64464645061125,HIT,True,1370.6658859843037
2026_07_21_gym,flight_43,30,1,650,ok,True,19,19,729.812011207865,876.2507562903302,819.089716353249,905.4802509676498,93.94078983656446,78.73094830611387,HIT,True,1353.7009463077857
2026_07_21_gym,flight_43,30,1,700,ok,True,21,21,713.8821775691068,781.8276224977689,819.089716353249,905.4802509676498,162.35331454740054,161.36335450355924,HIT,True,1366.7978102612365
2026_07_21_gym,flight_43,30,1,750,ok,True,22,22,812.7940481545986,893.1621071711238,819.089716353249,905.4802509676498,13.833730684793194,25.525345689243757,HIT,True,1348.4156889078042
2026_07_21_gym,flight_43,30,1,800,ok,True,24,24,733.617808168586,882.0523226516683,819.089716353249,905.4802509676498,88.62457285598745,76.96290591687875,HIT,True,1355.526292137054
2026_07_21_gym,flight_43,30,1,850,ok,True,25,25,740.290621947548,893.5736475538636,819.089716353249,905.4802509676498,79.69356613938018,70.07772821842238,HIT,True,1354.6411461148139
2026_07_21_gym,flight_43,30,1,900,ok,True,27,27,779.0494209413741,864.6065202444629,819.089716353249,905.4802509676498,57.21789160657526,49.49288987254308,HIT,True,1356.7031204797704
2026_07_21_gym,flight_43,30,1,950,ok,True,28,28,719.08726931345,932.2479667363604,819.089716353249,905.4802509676498,103.52294442017325,90.22675423118933,HIT,True,1352.6242034871832
2026_07_21_gym,flight_43,30,1,1000,ok,True,30,30,712.7633190596292,931.5740928469006,819.089716353249,905.4802509676498,109.48146576229242,97.67116013775657,HIT,True,1353.577647842272
2026_07_21_gym,flight_43,30,1,1050,ok,True,31,31,750.3438953688454,912.8435343346177,819.089716353249,905.4802509676498,69.13903271497165,61.762808430403524,HIT,True,1353.7590285408542
2026_07_21_gym,flight_43,30,1,1100,ok,True,33,33,731.8937366660098,919.2583171968324,819.089716353249,905.4802509676498,88.27782271121762,83.83463617186842,HIT,True,1354.398611946958
2026_07_21_gym,flight_43,30,1,1150,ok,True,34,34,765.5708029121367,905.6607087685081,819.089716353249,905.4802509676498,53.519217678654,49.411063006381774,HIT,True,1354.3273910435776
2026_07_21_gym,flight_43,30,1,1200,ok,True,36,36,765.1881308051785,915.7146432887239,819.089716353249,905.4802509676498,54.86459432801465,49.406678501317565,HIT,True,1353.7054173077445
2026_07_21_gym,flight_43,30,1,1250,ok,True,37,37,765.1881307531879,915.714643890747,819.089716353249,905.4802509676498,54.86459449139352,49.40667868579805,HIT,True,1353.705417221079
2026_07_21_gym,flight_45,30,1,150,not_fit_eligible,True,4,4,,,,,,,,,
2026_07_21_gym,flight_45,30,1,200,not_fit_eligible,True,6,6,,,,,,,,,
2026_07_21_gym,flight_45,30,1,250,not_fit_eligible,True,7,7,,,,,,,,,
2026_07_21_gym,flight_45,30,1,300,fit_failed,True,9,9,,,,,,,,,
2026_07_21_gym,flight_45,30,1,350,fit_failed,True,10,10,,,,,,,,,
2026_07_21_gym,flight_45,30,1,400,fit_failed,True,12,12,,,,,,,,,
2026_07_21_gym,flight_45,30,1,450,fit_failed,True,13,13,,,,,,,,,
2026_07_21_gym,flight_45,30,1,490,fit_failed,True,14,14,,,,,,,,,
2026_07_21_gym,flight_45,30,1,500,fit_failed,True,15,15,,,,,,,,,
2026_07_21_gym,flight_45,30,1,550,fit_failed,True,16,16,,,,,,,,,
2026_07_21_gym,flight_45,30,1,600,ok,True,18,18,867.2975943070585,709.5986015805711,864.4297748844406,815.2082819075667,105.64861081439244,110.2359910004149,HIT,True,1254.136048787829
2026_07_21_gym,flight_45,30,1,650,ok,True,19,19,922.7545423287503,719.3853887242454,864.4297748844406,815.2082819075667,112.1775617289617,90.10093908054024,HIT,True,1250.3373544207366
2026_07_21_gym,flight_45,30,1,700,ok,True,21,21,907.751590858011,760.9922866270865,864.4297748844406,815.2082819075667,69.39851499492592,48.66924593838611,HIT,True,1247.2134173394418
2026_07_21_gym,flight_45,30,1,750,ok,True,22,22,790.6335472203239,732.9081619676949,864.4297748844406,815.2082819075667,110.54045847368027,135.42894937553785,HIT,True,1256.8350543722781
2026_07_21_gym,flight_45,30,1,800,ok,True,24,24,870.6591252108225,792.4270822648812,864.4297748844406,815.2082819075667,23.617532950092222,34.39728648059843,HIT,True,1245.500984376512
2026_07_21_gym,flight_45,30,1,850,ok,True,25,25,964.9822298985126,799.9623612837025,864.4297748844406,815.2082819075667,101.70169273432056,71.22869547515488,HIT,True,1239.5823854712505
2026_07_21_gym,flight_45,30,1,900,ok,True,27,27,861.6169006774984,814.7612227736346,864.4297748844406,815.2082819075667,2.8481789222787226,22.416632428384556,HIT,True,1242.4295296363762
2026_07_21_gym,flight_45,30,1,950,ok,True,28,28,988.3293912366539,751.4172155802502,864.4297748844406,815.2082819075667,139.3571493515914,92.70875231312036,HIT,True,1245.383881040519
2026_07_21_gym,flight_45,30,1,1000,ok,True,30,30,873.3614844143692,821.4401202261157,864.4297748844406,815.2082819075667,10.890878934023336,21.74026122676331,HIT,True,1240.2486691897761
2026_07_21_gym,flight_45,30,1,1050,ok,True,31,31,865.5921246505311,821.7138622848288,864.4297748844406,815.2082819075667,6.608602955523031,22.63298917078992,HIT,True,1240.4790067339711
2026_07_21_gym,flight_45,30,1,1100,ok,True,33,33,942.3104084457983,808.986636911261,864.4297748844406,815.2082819075667,78.12875239230777,105.87665487209259,HIT,True,1239.5595099908223
2026_07_21_gym,flight_45,30,1,1150,ok,True,34,34,930.7238050076121,808.6034334553228,864.4297748844406,815.2082819075667,66.62223692618765,84.33776883534976,HIT,True,1239.9694864804017
2026_07_21_gym,flight_45,30,1,1200,ok,True,36,36,896.674264479698,814.1095726591565,864.4297748844406,815.2082819075667,32.26320305349741,56.81764837142176,HIT,True,1241.0693778779864
2026_07_21_gym,flight_45,30,1,1250,ok,False,37,37,883.1310433994593,819.3475494918104,864.4297748844406,815.2082819075667,19.153876375418086,43.95174217232158,HIT,True,1240.7346503448964
2026_07_21_gym,flight_47,30,1,150,not_fit_eligible,True,5,5,,,,,,,,,
2026_07_21_gym,flight_47,30,1,200,not_fit_eligible,True,7,7,,,,,,,,,
2026_07_21_gym,flight_47,30,1,250,fit_failed,True,8,8,,,,,,,,,
2026_07_21_gym,flight_47,30,1,300,fit_failed,True,10,10,,,,,,,,,
2026_07_21_gym,flight_47,30,1,350,fit_failed,True,10,10,,,,,,,,,
2026_07_21_gym,flight_47,30,1,400,ok,True,12,12,272.3398036234171,1230.6859743565367,219.8265686749273,1313.4713486475462,98.03600380093948,126.82849744807973,HIT,True,1320.3056690741275
2026_07_21_gym,flight_47,30,1,450,ok,True,13,13,290.9664697667994,1231.4978090668449,219.8265686749273,1313.4713486475462,108.53822699284407,119.13435605420335,HIT,True,1316.6840234731344
2026_07_21_gym,flight_47,30,1,490,ok,True,14,14,259.60925667259625,1264.8702351327363,219.8265686749273,1313.4713486475462,62.80708956160369,82.2171323844349,HIT,True,1314.207376737388
2026_07_21_gym,flight_47,30,1,500,ok,True,15,15,178.5703774947356,1282.2347850736091,219.8265686749273,1313.4713486475462,51.747427130294476,75.60535020151129,HIT,True,1315.900054254728
2026_07_21_gym,flight_47,30,1,550,ok,True,15,15,178.5703774947356,1282.2347850736091,219.8265686749273,1313.4713486475462,51.747427130294476,75.60535020151129,HIT,True,1315.900054254728
2026_07_21_gym,flight_47,30,1,600,ok,True,16,16,160.94465224846334,1228.3360922966187,219.8265686749273,1313.4713486475462,103.51372834552534,126.958436599981,HIT,True,1319.946721787966
2026_07_21_gym,flight_47,30,1,650,ok,True,17,17,205.4421710360452,1215.9977526343107,219.8265686749273,1313.4713486475462,98.52924852643964,109.67566944584556,HIT,True,1315.1863528098975
2026_07_21_gym,flight_47,30,1,700,ok,True,19,19,263.797046774738,1190.1065355478393,219.8265686749273,1313.4713486475462,130.9667135399356,126.34754211504,HIT,True,1313.4627321957319
2026_07_21_gym,flight_47,30,1,750,ok,True,20,20,240.69145605749364,1191.749935795064,219.8265686749273,1313.4713486475462,123.496744379322,122.69949513736151,HIT,True,1313.8143921841524
2026_07_21_gym,flight_47,30,1,800,ok,True,22,22,196.3768375756213,1204.403592048919,219.8265686749273,1313.4713486475462,111.5601426051756,119.23798731990522,HIT,True,1315.3833379890702
2026_07_21_gym,flight_47,30,1,850,ok,True,23,23,195.29343030191967,1211.0563654644752,219.8265686749273,1313.4713486475462,105.31240980443779,111.8786905907187,HIT,True,1314.4365497874003
2026_07_21_gym,flight_47,30,1,900,ok,True,25,25,186.92156048869717,1237.3938557824329,219.8265686749273,1313.4713486475462,82.88862699054218,87.62297161447755,HIT,True,1312.2890170983494
2026_07_21_gym,flight_47,30,1,950,ok,True,26,26,208.69173821624136,1244.1857005430843,219.8265686749273,1313.4713486475462,70.17467835764552,72.22520206900285,HIT,True,1310.08458514075
2026_07_21_gym,flight_47,30,1,1000,ok,True,28,28,214.1793500972285,1257.6244278077597,219.8265686749273,1313.4713486475462,56.131716925012,56.07931652414165,HIT,True,1308.5369304098115
2026_07_21_gym,flight_47,30,1,1050,ok,True,29,29,236.03210904486335,1250.2604725273006,219.8265686749273,1313.4713486475462,65.25514844493615,65.88150914672012,HIT,True,1309.1423563819037
2026_07_21_gym,flight_47,30,1,1100,ok,True,31,31,204.91081729234946,1256.4103832134144,219.8265686749273,1313.4713486475462,58.97824527384694,63.10224595513561,HIT,True,1309.6402441045032
2026_07_21_gym,flight_47,30,1,1150,ok,True,32,32,260.5605735963036,1240.2544625573682,219.8265686749273,1313.4713486475462,83.78527057709366,83.63089686684783,HIT,True,1310.183004110215
2026_07_21_gym,flight_47,30,1,1200,ok,True,34,34,232.7368536384305,1267.7827805984066,219.8265686749273,1313.4713486475462,47.4775811117175,48.59064730947869,HIT,True,1307.9391981020028
2026_07_21_gym,flight_47,30,1,1250,ok,True,35,35,253.97756707784356,1247.1554427892731,219.8265686749273,1313.4713486475462,74.59282848718983,74.62268996916926,HIT,True,1309.6367582447576
2026_07_21_gym,flight_48,30,1,150,not_fit_eligible,True,5,5,,,,,,,,,
2026_07_21_gym,flight_48,30,1,200,not_fit_eligible,True,7,7,,,,,,,,,
2026_07_21_gym,flight_48,30,1,250,fit_failed,True,8,8,,,,,,,,,
2026_07_21_gym,flight_48,30,1,300,ok,True,10,10,340.4967244213559,2177.662993047586,37.05523741746954,2131.719101117846,306.89994662883436,322.48783278786135,MISS_HIGH_WIDE,True,1024.314869989586
2026_07_21_gym,flight_48,30,1,350,ok,True,11,11,209.2104383248749,2140.2423385154634,37.05523741746954,2131.719101117846,172.3660603924254,156.84166556877886,MISS_HIGH_WIDE,True,1042.5500697156292
2026_07_21_gym,flight_48,30,1,400,ok,True,13,13,405.99955497651996,2063.088170426894,37.05523741746954,2131.719101117846,375.2733858224158,338.8314591638741,MISS_HIGH_WIDE,True,1032.8577360761026
2026_07_21_gym,flight_48,30,1,450,ok,True,13,13,405.99955497651996,2063.088170426894,37.05523741746954,2131.719101117846,375.2733858224158,338.8314591638741,MISS_HIGH_WIDE,True,1032.8577360761026
2026_07_21_gym,flight_48,30,1,490,ok,True,14,14,-40.20797567057269,2190.081960246661,37.05523741746954,2131.719101117846,96.8288563516997,71.54013195517668,MISS_HIGH_WIDE,True,1048.2588260823838
2026_07_21_gym,flight_48,30,1,500,ok,True,15,15,189.7523276262501,2139.7534191485165,37.05523741746954,2131.719101117846,152.90831116864254,153.07377100406194,MISS_HIGH_WIDE,True,1035.5119304577481
2026_07_21_gym,flight_48,30,1,550,ok,True,16,16,-3.048272553100211,2205.8353961414696,37.05523741746954,2131.719101117846,84.27049720980874,105.90260161314411,MISS_HIGH_WIDE,True,1040.701163788827
2026_07_21_gym,flight_48,30,1,600,ok,True,18,18,45.05322268686954,2127.577921470469,37.05523741746954,2131.719101117846,9.006505273489276,3.220498448775626,MISS_HIGH_WIDE,True,1046.3283779904857
2026_07_21_gym,flight_48,30,1,650,ok,True,19,19,52.74606052204238,2111.4024870510266,37.05523741746954,2131.719101117846,25.670347423419987,18.72388993583563,MISS_HIGH_WIDE,True,1047.3966707104419
2026_07_21_gym,flight_48,30,1,700,ok,True,21,21,40.24032630458595,2109.7369494742657,37.05523741746954,2131.719101117846,22.211703718990098,20.689287125104318,MISS_HIGH_WIDE,True,1047.956881326679
2026_07_21_gym,flight_48,30,1,750,ok,True,22,22,55.80877854086999,2108.774034465186,37.05523741746954,2131.719101117846,29.63395667746852,37.140660545083044,MISS_HIGH_WIDE,True,1047.3878103188597
2026_07_21_gym,flight_48,30,1,800,ok,True,24,24,83.01410549182857,2096.400536532406,37.05523741746954,2131.719101117846,57.9622166506099,46.13219012121972,MISS_HIGH_WIDE,True,1047.279063382741
2026_07_21_gym,flight_48,30,1,850,ok,True,25,25,76.09299430184763,2106.5645351023404,37.05523741746954,2131.719101117846,46.44026974504177,37.53768718609545,MISS_HIGH_WIDE,True,1046.332733259063
2026_07_21_gym,flight_48,30,1,900,ok,True,27,27,72.40439235073902,2111.993189254779,37.05523741746954,2131.719101117846,40.48054289811079,20.058501557243446,MISS_HIGH_WIDE,True,1046.1425512935714
2026_07_21_gym,flight_48,30,1,950,ok,True,28,28,60.3165821907907,2125.652727769161,37.05523741746954,2131.719101117846,24.03936451466532,20.082555564008345,MISS_HIGH_WIDE,True,1044.5389973241595
2026_07_21_gym,flight_48,30,1,1000,ok,True,30,30,68.20617502942865,2122.823640845024,37.05523741746954,2131.719101117846,32.396143714484396,90.38270191915367,MISS_HIGH_WIDE,True,1043.9792232024606
2026_07_21_gym,flight_48,30,1,1050,ok,False,31,31,51.37629418353766,2121.541978593253,37.05523741746954,2131.719101117846,17.56890690331993,19.896948896250635,MISS_HIGH_WIDE,True,1045.1572997168562
2026_07_21_gym,flight_48,30,1,1100,ok,False,33,33,38.00860716319088,2111.725831211431,37.05523741746954,2131.719101117846,20.01598749557025,52.79551294012177,MISS_HIGH_WIDE,True,1046.8323556984767
2026_07_21_gym,flight_48,30,1,1150,ok,False,34,34,43.61435275404482,2114.3417961335886,37.05523741746954,2131.719101117846,18.573979716646587,35.07570720547083,MISS_HIGH_WIDE,True,1046.0459771409294
2026_07_21_gym,flight_48,30,1,1200,ok,False,36,36,27.304493987627815,2122.108606408279,37.05523741746954,2131.719101117846,13.690821962074557,51.93460952279374,MISS_HIGH_WIDE,True,1045.2465071780327
2026_07_21_gym,flight_48,30,1,1250,ok,False,37,37,60.750849221668105,2117.435228094535,37.05523741746954,2131.719101117846,27.667870306934525,16.380474789531743,MISS_HIGH_WIDE,True,1047.9424837577353
2026_07_21_gym,flight_49,30,1,150,not_fit_eligible,True,5,5,,,,,,,,,
2026_07_21_gym,flight_49,30,1,200,not_fit_eligible,True,7,7,,,,,,,,,
2026_07_21_gym,flight_49,30,1,250,fit_failed,True,8,8,,,,,,,,,
2026_07_21_gym,flight_49,30,1,300,fit_failed,True,10,10,,,,,,,,,
2026_07_21_gym,flight_49,30,1,350,fit_failed,True,11,11,,,,,,,,,
2026_07_21_gym,flight_49,30,1,400,ok,True,13,13,-36.54292545597909,1589.3105218025019,464.41568092875656,1657.974301261427,505.6424032065748,505.73202936464,MISS_HIGH_WIDE,False,1193.47486877297
2026_07_21_gym,flight_49,30,1,450,ok,True,14,14,83.68020433072465,1594.8419175628505,464.41568092875656,1657.974301261427,385.9341925922019,411.7009651349615,HIT,True,1191.5027636868954
2026_07_21_gym,flight_49,30,1,490,ok,True,15,15,444.57246537433394,1650.2625280708685,464.41568092875656,1657.974301261427,21.289073471663716,34.41212417510538,HIT,True,1161.3482222886744
2026_07_21_gym,flight_49,30,1,500,ok,True,16,16,501.13781654814596,1631.0818221033596,464.41568092875656,1657.974301261427,45.516158446379386,57.886523014966734,HIT,True,1159.2200139493152
2026_07_21_gym,flight_49,30,1,550,ok,True,17,17,312.70520492430734,1594.6814597229384,464.41568092875656,1657.974301261427,164.38385662683785,219.90056508842417,HIT,True,1175.0415683150818
2026_07_21_gym,flight_49,30,1,600,ok,True,19,19,484.74216720949755,1614.320078931784,464.41568092875656,1657.974301261427,48.15451351355384,66.42047457359267,HIT,True,1160.098190633958
2026_07_21_gym,flight_49,30,1,650,ok,True,20,20,391.4422985621104,1598.5507172817108,464.41568092875656,1657.974301261427,94.10779386970623,129.9523949557025,HIT,True,1167.000234248344
2026_07_21_gym,flight_49,30,1,700,ok,True,22,22,481.3317220659492,1605.5685786569472,464.41568092875656,1657.974301261427,55.06825046660615,72.66791683724921,HIT,True,1160.3915950250607
2026_07_21_gym,flight_49,30,1,750,ok,True,23,23,481.3317231500133,1605.5685682460035,464.41568092875656,1657.974301261427,55.0682607071913,72.66792921516083,HIT,True,1160.3915968102679
2026_07_21_gym,flight_49,30,1,800,ok,True,25,25,462.0261600825021,1617.9518957655225,464.41568092875656,1657.974301261427,40.09367470753068,55.26493569399588,HIT,True,1160.4498294201908
2026_07_21_gym,flight_49,30,1,850,ok,True,26,26,454.13265208875265,1628.217960281558,464.41568092875656,1657.974301261427,31.483019401489837,43.55270619618293,HIT,True,1160.204950290106
2026_07_21_gym,flight_49,30,1,900,ok,True,28,28,480.70894019454397,1615.4878894443698,464.41568092875656,1657.974301261427,45.50346675354243,63.6025154101393,HIT,True,1161.1933096703208
2026_07_21_gym,flight_49,30,1,950,ok,True,29,29,474.27085429871704,1628.6473991273006,464.41568092875656,1657.974301261427,30.938513715700775,50.94190670078817,HIT,True,1159.1149402554058
2026_07_21_gym,flight_49,30,1,1000,ok,True,31,31,520.9897007543084,1608.365188400466,464.41568092875656,1657.974301261427,75.24416122247291,106.27449861652288,HIT,True,1159.077360209309
2026_07_21_gym,flight_49,30,1,1050,ok,True,32,32,497.5669278899411,1616.4335275279602,464.41568092875656,1657.974301261427,53.14735230899585,81.6316238576027,HIT,True,1159.1254248091684
2026_07_21_gym,flight_49,30,1,1100,ok,True,34,34,519.2318311923156,1595.9184884051358,464.41568092875656,1657.974301261427,82.79936134398687,98.07638813144425,HIT,True,1160.4513849498828
2026_07_21_gym,flight_49,30,1,1150,ok,True,35,35,508.84852054505933,1613.2235210538938,464.41568092875656,1657.974301261427,63.06274308616002,91.60507894581643,HIT,True,1159.0006973699217
2026_07_21_gym,flight_49,30,1,1200,ok,False,37,37,500.02064768579106,1620.7210158149924,464.41568092875656,1657.974301261427,51.53174685883515,81.70403029670554,HIT,True,1159.6175204862943
2026_07_21_gym,flight_49,30,1,1250,ok,False,38,38,469.8868716616397,1632.8424568694736,464.41568092875656,1657.974301261427,25.720488536902693,28.651989278280244,HIT,True,1158.9729110278877
2026_07_21_gym,flight_51,30,1,150,not_fit_eligible,True,5,5,,,,,,,,,
2026_07_21_gym,flight_51,30,1,200,not_fit_eligible,True,7,7,,,,,,,,,
2026_07_21_gym,flight_51,30,1,250,fit_failed,True,8,8,,,,,,,,,
2026_07_21_gym,flight_51,30,1,300,fit_failed,True,9,9,,,,,,,,,
2026_07_21_gym,flight_51,30,1,350,fit_failed,True,9,9,,,,,,,,,
2026_07_21_gym,flight_51,30,1,400,fit_failed,True,11,11,,,,,,,,,
2026_07_21_gym,flight_51,30,1,450,fit_failed,True,12,12,,,,,,,,,
2026_07_21_gym,flight_51,30,1,490,fit_failed,True,13,13,,,,,,,,,
2026_07_21_gym,flight_51,30,1,500,ok,True,14,14,-55.27153510954819,1725.721733357235,161.776019556798,1727.697537964569,217.0565474490159,137.81442731984475,MISS_HIGH_WIDE,False,1351.740666933927
2026_07_21_gym,flight_51,30,1,550,fit_failed,True,15,15,,,,,,,,,
2026_07_21_gym,flight_51,30,1,600,ok,True,17,17,208.67963520993814,1631.9254363138982,161.776019556798,1727.697537964569,106.64072681637114,58.91907742693362,HIT,True,1340.5709816627555
2026_07_21_gym,flight_51,30,1,650,ok,True,18,18,176.76577254526475,1660.6919074144896,161.776019556798,1727.697537964569,68.66183233841764,42.41208950582225,HIT,True,1339.9159853034053
2026_07_21_gym,flight_51,30,1,700,ok,True,20,20,88.18107887685744,1759.4872210553388,161.776019556798,1727.697537964569,80.16732030382171,86.49970756978077,HIT,True,1334.661426371417
2026_07_21_gym,flight_51,30,1,750,ok,True,21,21,76.52987270663152,1716.2788466565096,161.776019556798,1727.697537964569,86.00751167188187,59.2424842969621,HIT,True,1342.7322661187845
2026_07_21_gym,flight_51,30,1,800,ok,True,23,23,-62.354857698877744,1686.371320392531,161.776019556798,1727.697537964569,227.90898709399372,252.60913742658326,MISS_HIGH_WIDE,False,1358.8488495689555
2026_07_21_gym,flight_51,30,1,850,ok,True,24,24,78.50393335540227,1729.158674098591,161.776019556798,1727.697537964569,83.28490414916034,58.42432201651781,HIT,True,1345.1881804592365
2026_07_21_gym,flight_51,30,1,900,ok,True,26,26,87.40092120483436,1748.9363886961798,161.776019556798,1727.697537964569,77.34819994844038,56.86133302233626,HIT,True,1343.0024083509861
2026_07_21_gym,flight_51,30,1,950,ok,True,26,26,87.40092120483436,1748.9363886961798,161.776019556798,1727.697537964569,77.34819994844038,56.86133302233626,HIT,True,1343.0024083509861
2026_07_21_gym,flight_51,30,1,1000,ok,True,28,28,117.95921691753564,1725.8976581429938,161.776019556798,1727.697537964569,43.853754239519574,45.51760128746934,HIT,True,1343.4627581108912
2026_07_21_gym,flight_51,30,1,1050,ok,True,28,28,117.95921691753564,1725.8976581429938,161.776019556798,1727.697537964569,43.853754239519574,45.51760128746934,HIT,True,1343.4627581108912
2026_07_21_gym,flight_51,30,1,1100,ok,True,30,30,104.97099861195066,1710.2073271289714,161.776019556798,1727.697537964569,59.43667116871701,64.63168540108512,HIT,True,1348.7878962119319
2026_07_21_gym,flight_51,30,1,1150,ok,True,31,31,63.2157893150919,1716.6986298056709,161.776019556798,1727.697537964569,99.17204730157582,66.7590817985325,HIT,True,1349.2511039095555
2026_07_21_gym,flight_51,30,1,1200,ok,True,33,33,144.80191007777705,1722.3399886263082,161.776019556798,1727.697537964569,17.799542901931108,34.24856883576312,HIT,True,1343.7654733983243
2026_07_21_gym,flight_51,30,1,1250,ok,True,33,33,144.80191007777705,1722.3399886263082,161.776019556798,1727.697537964569,17.799542901931108,34.24856883576312,HIT,True,1343.7654733983243
2026_07_21_gym,flight_52,30,1,150,not_fit_eligible,True,4,4,,,,,,,,,
2026_07_21_gym,flight_52,30,1,200,not_fit_eligible,True,6,6,,,,,,,,,
2026_07_21_gym,flight_52,30,1,250,not_fit_eligible,True,7,7,,,,,,,,,
2026_07_21_gym,flight_52,30,1,300,fit_failed,True,9,9,,,,,,,,,
2026_07_21_gym,flight_52,30,1,350,ok,True,10,10,227.88071183548863,1434.3060953599938,170.71586352203047,1386.124234479474,74.76169875417797,108.53529674909807,HIT,True,1322.1026289732845
2026_07_21_gym,flight_52,30,1,400,ok,True,12,12,229.96469055047223,1352.1336852582504,170.71586352203047,1386.124234479474,68.30652194780987,38.11356692063153,HIT,True,1331.867401898311
2026_07_21_gym,flight_52,30,1,450,ok,True,13,13,93.51110017170848,1332.541017666965,170.71586352203047,1386.124234479474,93.97731964658047,71.9779251154577,HIT,True,1339.7884589200291
2026_07_21_gym,flight_52,30,1,490,ok,True,14,14,114.6900072165669,1317.8284552751927,170.71586352203047,1386.124234479474,88.33578002078421,64.29658135121161,HIT,True,1338.175839512937
2026_07_21_gym,flight_52,30,1,500,ok,True,15,15,104.05587797383204,1291.079705561436,170.71586352203047,1386.124234479474,116.09055151276428,89.0398028107414,HIT,True,1341.8944698992846
2026_07_21_gym,flight_52,30,1,550,ok,True,16,16,114.59730607759167,1273.4687739935832,170.71586352203047,1386.124234479474,125.85922797686649,96.71677225443642,HIT,True,1343.7431071052906
2026_07_21_gym,flight_52,30,1,600,ok,True,18,18,139.11311976205394,1249.4729693216038,170.71586352203047,1386.124234479474,140.2579825978017,114.23150677929023,HIT,True,1346.4709116698384
2026_07_21_gym,flight_52,30,1,650,ok,True,19,19,153.49148867312311,1246.4380515104583,170.71586352203047,1386.124234479474,140.74412528197746,114.07535532010345,HIT,True,1346.6113480348504
2026_07_21_gym,flight_52,30,1,700,ok,True,21,21,176.92084362041797,1232.8887719637517,170.71586352203047,1386.124234479474,153.36104052342858,124.76721990603605,HIT,True,1347.902856219258
2026_07_21_gym,flight_52,30,1,750,ok,True,22,22,163.41339977475457,1244.717911636603,170.71586352203047,1386.124234479474,141.59475313980562,119.24010825225646,HIT,True,1348.3641329113009
2026_07_21_gym,flight_52,30,1,800,ok,True,24,24,125.9077611913901,1276.4157982551167,170.71586352203047,1386.124234479474,118.50614757584096,109.16423028124767,HIT,True,1349.891759680291
2026_07_21_gym,flight_52,30,1,850,ok,True,25,25,124.59534332458789,1284.0067700638376,170.71586352203047,1386.124234479474,112.04944855715021,104.62653042369398,HIT,True,1349.9549667139768
2026_07_21_gym,flight_52,30,1,900,ok,True,27,27,135.92307429248152,1279.4306791977215,170.71586352203047,1386.124234479474,112.22322808149914,108.36025289549374,HIT,True,1350.7998806811836
2026_07_21_gym,flight_52,30,1,950,ok,True,28,28,132.45507685923542,1291.157132130372,170.71586352203047,1386.124234479474,102.38475630991513,96.67683786128609,HIT,True,1349.6505259617052
2026_07_21_gym,flight_52,30,1,1000,ok,True,30,30,111.1449099084601,1348.011326494103,170.71586352203047,1386.124234479474,70.71981525379925,59.45541122628091,HIT,True,1345.0043546696656
2026_07_21_gym,flight_52,30,1,1050,ok,True,31,31,120.97187945534424,1338.9290500089392,170.71586352203047,1386.124234479474,68.57003272592581,58.94819183468309,HIT,True,1345.5047709097146
2026_07_21_gym,flight_52,30,1,1100,ok,True,33,33,114.64985756977055,1376.9752548275703,170.71586352203047,1386.124234479474,56.80757741806802,51.563724724617195,HIT,True,1342.6585838745693
2026_07_21_gym,flight_52,30,1,1150,ok,True,34,34,119.40076175870222,1380.4565404851335,170.71586352203047,1386.124234479474,51.627148131522986,40.975693041192926,HIT,True,1341.957581939678
2026_07_21_gym,flight_52,30,1,1200,ok,True,36,36,203.47294982196556,1332.789680206989,170.71586352203047,1386.124234479474,62.59074518094531,48.34416913477818,HIT,True,1345.4276121098812
2026_07_21_gym,flight_52,30,1,1250,ok,True,37,37,163.72441218280215,1364.9189302367388,170.71586352203047,1386.124234479474,22.3281284449852,19.869020396533255,HIT,True,1343.9213528571345
2026_07_21_gym,flight_53,30,1,150,not_fit_eligible,True,5,5,,,,,,,,,
2026_07_21_gym,flight_53,30,1,200,not_fit_eligible,True,7,7,,,,,,,,,
2026_07_21_gym,flight_53,30,1,250,fit_failed,True,8,8,,,,,,,,,
2026_07_21_gym,flight_53,30,1,300,ok,True,10,10,1219.531616229969,550.1734121440969,1247.927537251461,603.0431045149205,60.01277115784889,105.969172773438,HIT,True,1455.57483564899
2026_07_21_gym,flight_53,30,1,350,ok,True,11,11,1198.2455690069226,613.5486187789493,1247.927537251461,603.0431045149205,50.780545473665775,41.196637150284545,HIT,True,1442.1431687758673
2026_07_21_gym,flight_53,30,1,400,ok,True,13,13,1175.709691156592,630.271063048814,1247.927537251461,603.0431045149205,77.18017245708641,51.870900042753476,HIT,True,1434.5947138015845
2026_07_21_gym,flight_53,30,1,450,ok,True,14,14,1182.7046197341385,605.9953747089097,1247.927537251461,603.0431045149205,65.28969956103157,46.756941848592305,HIT,True,1432.7114348131597
2026_07_21_gym,flight_53,30,1,490,ok,True,15,15,1173.9696736900328,585.3212966042911,1247.927537251461,603.0431045149205,76.0514829453843,52.70212849740754,HIT,True,1432.7689748212254
2026_07_21_gym,flight_53,30,1,500,ok,True,16,16,1186.3070921130106,571.9830872837179,1247.927537251461,603.0431045149205,69.00582532991962,46.41162870975734,HIT,True,1431.4904576913812
2026_07_21_gym,flight_53,30,1,550,ok,True,17,17,1204.4056279967044,562.0517241277364,1247.927537251461,603.0431045149205,59.78670296333531,35.998922521539775,HIT,True,1429.1910410597427
2026_07_21_gym,flight_53,30,1,600,ok,True,19,19,1209.7402747495692,550.4662158826403,1247.927537251461,603.0431045149205,64.98150687418375,36.61361299820215,HIT,True,1429.2306418020244
2026_07_21_gym,flight_53,30,1,650,ok,True,20,20,1243.8708481019517,532.9390010192081,1247.927537251461,603.0431045149205,70.22137889413236,35.2887186720899,HIT,True,1428.3676196687643
2026_07_21_gym,flight_53,30,1,700,ok,True,22,22,1238.1656053254992,533.7548121105458,1247.927537251461,603.0431045149205,69.97258591220739,38.432782547579095,HIT,True,1431.7854035427797
2026_07_21_gym,flight_53,30,1,750,ok,True,23,23,1198.3319478435951,539.086153639577,1247.927537251461,603.0431045149205,80.93339270032317,57.91834243334546,HIT,True,1437.0689864649066
2026_07_21_gym,flight_53,30,1,800,ok,True,24,24,1251.9152833905064,546.9108608972867,1247.927537251461,603.0431045149205,56.27371404855786,32.90009103920214,HIT,True,1433.3943557359685
2026_07_21_gym,flight_53,30,1,850,ok,True,25,25,1258.739611299938,541.2624959538231,1247.927537251461,603.0431045149205,62.71957062519875,37.69936989240712,HIT,True,1435.2333550421827
2026_07_21_gym,flight_53,30,1,900,ok,True,27,27,1270.8027605595398,541.1284272763354,1247.927537251461,603.0431045149205,66.00532629229737,36.55715922422648,HIT,True,1433.6540971282586
2026_07_21_gym,flight_53,30,1,950,ok,True,28,28,1249.3719630119886,550.499635880909,1247.927537251461,603.0431045149205,52.56331859644168,31.793979071178498,HIT,True,1435.2485555334488
2026_07_21_gym,flight_53,30,1,1000,ok,True,28,28,1249.3719630119886,550.499635880909,1247.927537251461,603.0431045149205,52.56331859644168,31.793979071178498,HIT,True,1435.2485555334488
2026_07_21_gym,flight_53,30,1,1050,ok,True,29,29,1257.0410438179335,554.6157817448552,1247.927537251461,603.0431045149205,49.277394336685695,29.84169431357395,HIT,True,1434.0583445929742
2026_07_21_gym,flight_53,30,1,1100,ok,True,31,31,1215.1053930608768,566.2920463777594,1247.927537251461,603.0431045149205,49.27406440987478,40.16020859276412,HIT,True,1438.6384824431914
2026_07_21_gym,flight_53,30,1,1150,ok,True,32,32,1231.8084554076293,572.2634211896997,1247.927537251461,603.0431045149205,34.74498100573699,26.383064092002275,HIT,True,1437.0644442621217
2026_07_21_gym,flight_53,30,1,1200,ok,True,34,34,1237.441176906903,578.5176942344506,1247.927537251461,603.0431045149205,26.673198209088106,23.69667894292331,HIT,True,1438.450118644341
2026_07_21_gym,flight_53,30,1,1250,ok,True,35,35,1231.3994693852803,577.6020485003944,1247.927537251461,603.0431045149205,30.33849631282554,27.51730226941358,HIT,True,1438.8228154761077
2026_07_21_gym,flight_54,30,1,150,not_fit_eligible,True,4,4,,,,,,,,,
2026_07_21_gym,flight_54,30,1,200,not_fit_eligible,True,6,6,,,,,,,,,
2026_07_21_gym,flight_54,30,1,250,not_fit_eligible,True,7,7,,,,,,,,,
2026_07_21_gym,flight_54,30,1,300,ok,True,9,9,310.4166545006621,1392.5949905334876,443.15835050498794,1474.499272053195,155.97650204234077,204.18344601472373,HIT,True,971.778000091958
2026_07_21_gym,flight_54,30,1,350,ok,True,10,10,328.7309425024388,1397.291753304248,443.15835050498794,1474.499272053195,138.03851873137023,180.64851704145582,HIT,True,969.6825991158323
2026_07_21_gym,flight_54,30,1,400,ok,True,12,12,408.63658158533497,1408.9073764325356,443.15835050498794,1474.499272053195,74.12185440511726,91.05954327740571,HIT,True,961.7995035783997
2026_07_21_gym,flight_54,30,1,450,ok,True,13,13,366.8261455921953,1417.631150268305,443.15835050498794,1474.499272053195,95.18712508627229,120.68714727016076,HIT,True,964.4702847807049
2026_07_21_gym,flight_54,30,1,490,ok,True,14,14,317.3149590037606,1420.099831433988,443.15835050498794,1474.499272053195,137.09798803853332,172.67714484292736,HIT,True,965.7079372612217
2026_07_21_gym,flight_54,30,1,500,ok,True,15,15,317.3149343533875,1420.1002335889389,443.15835050498794,1474.499272053195,137.09785109381002,172.67683443453578,HIT,True,965.7078584102381
2026_07_21_gym,flight_54,30,1,550,ok,True,16,16,310.21192179934303,1438.1666365382332,443.15835050498794,1474.499272053195,137.82167213122972,169.39680338780354,HIT,True,964.6736407429703
2026_07_21_gym,flight_54,30,1,600,ok,True,18,18,430.5780433601512,1431.453222194964,443.15835050498794,1474.499272053195,44.846700394295965,61.52371507659245,HIT,True,961.5079928357924
2026_07_21_gym,flight_54,30,1,650,ok,True,19,19,400.52016220676205,1460.42928089807,443.15835050498794,1474.499272053195,44.89966316644552,58.089454958932954,HIT,True,960.3393009151042
2026_07_21_gym,flight_54,30,1,700,ok,True,21,21,380.46848652765453,1469.2841454232826,443.15835050498794,1474.499272053195,62.90641136849714,68.3475755713217,HIT,True,958.5127506729104
2026_07_21_gym,flight_54,30,1,750,ok,True,22,22,374.03335575551574,1472.3804589883885,443.15835050498794,1474.499272053195,69.15745995854788,73.7499586525744,HIT,True,957.0149672712441
2026_07_21_gym,flight_54,30,1,800,ok,True,24,24,397.3511880815393,1466.3535803467714,443.15835050498794,1474.499272053195,46.52578234338787,44.831716111873966,HIT,True,957.8661839160902
2026_07_21_gym,flight_54,30,1,850,ok,True,25,25,449.5672126026484,1446.0489413012228,443.15835050498794,1474.499272053195,29.163244560292696,29.224438354153442,HIT,True,958.307502106209
2026_07_21_gym,flight_54,30,1,900,ok,True,27,27,439.93482893791617,1454.0313046328088,443.15835050498794,1474.499272053195,20.72025052009191,22.090098666280927,HIT,True,958.3979882348698
2026_07_21_gym,flight_54,30,1,950,ok,True,28,28,484.3318414038197,1434.5843143165584,443.15835050498794,1474.499272053195,57.34509747060914,87.63398744638687,HIT,True,962.7497876574109
2026_07_21_gym,flight_54,30,1,1000,ok,False,30,30,436.27495000535583,1464.7075628703703,443.15835050498794,1474.499272053195,11.969075618415495,16.154109466281415,HIT,True,959.2553851979006
2026_07_21_gym,flight_54,30,1,1050,ok,False,31,31,493.80422142420207,1432.9349379902033,443.15835050498794,1474.499272053195,65.51792203104182,90.22142485581847,HIT,True,964.5099680006119
2026_07_21_gym,flight_54,30,1,1100,ok,False,33,33,444.16545005398535,1482.5321094710328,443.15835050498794,1474.499272053195,8.09572272765101,24.019506876748363,HIT,True,958.1579489310794
2026_07_21_gym,flight_54,30,1,1150,ok,False,34,34,436.87402782862216,1483.5456171172323,443.15835050498794,1474.499272053195,11.014947594896517,22.563456455367263,HIT,True,958.234009273562
2026_07_21_gym,flight_54,30,1,1200,ok,False,34,34,436.87402782862216,1483.5456171172323,443.15835050498794,1474.499272053195,11.014947594896517,22.563456455367263,HIT,True,958.234009273562
2026_07_21_gym,flight_54,30,1,1250,ok,False,34,34,436.87402782862216,1483.5456171172323,443.15835050498794,1474.499272053195,11.014947594896517,22.563456455367263,HIT,True,958.234009273562
2026_07_21_gym,flight_55,30,1,150,not_fit_eligible,True,5,5,,,,,,,,,
2026_07_21_gym,flight_55,30,1,200,not_fit_eligible,True,7,7,,,,,,,,,
2026_07_21_gym,flight_55,30,1,250,fit_failed,True,8,8,,,,,,,,,
2026_07_21_gym,flight_55,30,1,300,fit_failed,True,10,10,,,,,,,,,
2026_07_21_gym,flight_55,30,1,350,fit_failed,True,11,11,,,,,,,,,
2026_07_21_gym,flight_55,30,1,400,ok,True,13,13,346.49141668932765,1372.3353682865977,510.1968951667648,1534.4480206321955,230.39096278728314,317.50899144698286,HIT,True,1180.5997069292412
2026_07_21_gym,flight_55,30,1,450,ok,True,14,14,374.2893772255653,1398.74112450751,510.1968951667648,1534.4480206321955,192.0604464452107,257.1297458780848,HIT,True,1171.1977303483043
2026_07_21_gym,flight_55,30,1,490,ok,True,15,15,391.40227205289415,1403.7619002595172,510.1968951667648,1534.4480206321955,176.60980872768286,234.6860833737481,HIT,True,1168.052253450184
2026_07_21_gym,flight_55,30,1,500,ok,True,16,16,391.40230320878777,1403.7614150791746,510.1968951667648,1534.4480206321955,176.6101467907015,234.68653004189846,HIT,True,1168.0523338968815
2026_07_21_gym,flight_55,30,1,550,ok,True,17,17,218.89124395853878,1426.2556045440845,510.1968951667648,1534.4480206321955,310.7484212748821,372.1302220739421,HIT,True,1175.8058840383362
2026_07_21_gym,flight_55,30,1,600,ok,True,19,19,331.1528092712118,1442.276214800833,510.1968951667648,1534.4480206321955,201.37633049687977,255.01717878117364,HIT,True,1169.1318039436114
2026_07_21_gym,flight_55,30,1,650,ok,True,20,20,296.49239531180086,1450.6948001679048,510.1968951667648,1534.4480206321955,229.53042324798773,275.6882274546276,HIT,True,1170.4447262110968
2026_07_21_gym,flight_55,30,1,700,ok,True,22,22,417.7311201746578,1435.4955495357406,510.1968951667648,1534.4480206321955,135.43083504499893,189.515876841555,HIT,True,1164.6308309710737
2026_07_21_gym,flight_55,30,1,750,ok,True,23,23,476.515305055996,1423.2169334164366,510.1968951667648,1534.4480206321955,116.21877763765025,160.58310247847143,HIT,True,1162.1772820571234
2026_07_21_gym,flight_55,30,1,800,ok,True,25,25,499.89602584679756,1433.4576773007827,510.1968951667648,1534.4480206321955,101.51432093524376,141.05969915366262,HIT,True,1160.991087625141
2026_07_21_gym,flight_55,30,1,850,ok,True,26,26,484.49428377725786,1450.65467319931,510.1968951667648,1534.4480206321955,87.64673015149086,130.40418605180568,HIT,True,1159.7892429265025
2026_07_21_gym,flight_55,30,1,900,ok,True,28,28,494.74785397891395,1446.349402471689,510.1968951667648,1534.4480206321955,89.44293932678328,128.5614611565267,HIT,True,1159.5069631443234
2026_07_21_gym,flight_55,30,1,950,ok,True,29,29,482.72644721463234,1459.129012788638,510.1968951667648,1534.4480206321955,80.1721800453792,121.80154125615113,HIT,True,1158.6779826645063
2026_07_21_gym,flight_55,30,1,1000,ok,True,30,30,462.16631406880504,1461.8936987455372,510.1968951667648,1534.4480206321955,87.01187473581126,130.8653857596421,HIT,True,1159.121659843987
2026_07_21_gym,flight_55,30,1,1050,ok,True,30,30,462.16631406880504,1461.8936987455372,510.1968951667648,1534.4480206321955,87.01187473581126,130.8653857596421,HIT,True,1159.121659843987
2026_07_21_gym,flight_55,30,1,1100,ok,True,32,32,543.2444518134487,1476.9161711939282,510.1968951667648,1534.4480206321955,66.34798188417815,68.94181496198874,HIT,True,1155.5172544690342
2026_07_21_gym,flight_55,30,1,1150,ok,True,33,33,540.9293959689164,1476.3406086111727,510.1968951667648,1534.4480206321955,65.7339937728962,71.83681357084416,HIT,True,1155.5948071951007
2026_07_21_gym,flight_55,30,1,1200,ok,False,35,35,442.19096835500125,1513.5543175902947,510.1968951667648,1534.4480206321955,71.14318595853071,95.59174056503898,HIT,True,1152.134011657049
2026_07_21_gym,flight_55,30,1,1250,ok,False,36,36,522.7325969573844,1493.9174750712423,510.1968951667648,1534.4480206321955,42.4248623197748,67.64826994653146,HIT,True,1154.1347728066153
2026_07_21_gym,flight_56,30,1,150,not_fit_eligible,True,5,5,,,,,,,,,
2026_07_21_gym,flight_56,30,1,200,not_fit_eligible,True,7,7,,,,,,,,,
2026_07_21_gym,flight_56,30,1,250,fit_failed,True,8,8,,,,,,,,,
2026_07_21_gym,flight_56,30,1,300,fit_failed,True,10,10,,,,,,,,,
2026_07_21_gym,flight_56,30,1,350,fit_failed,True,11,11,,,,,,,,,
2026_07_21_gym,flight_56,30,1,400,fit_failed,True,13,13,,,,,,,,,
2026_07_21_gym,flight_56,30,1,450,fit_failed,True,14,14,,,,,,,,,
2026_07_21_gym,flight_56,30,1,490,fit_failed,True,15,15,,,,,,,,,
2026_07_21_gym,flight_56,30,1,500,ok,True,16,16,1377.6464427416317,735.1182487607393,1205.4387980249257,893.5469282785425,233.9981183527552,197.51836153393486,HIT,True,1232.0215159716397
2026_07_21_gym,flight_56,30,1,550,ok,True,17,17,1371.9456730134277,745.1556380093721,1205.4387980249257,893.5469282785425,223.0347830410894,189.63949215312562,HIT,True,1231.7788908548719
2026_07_21_gym,flight_56,30,1,600,ok,True,19,19,1276.060611692546,691.8765659168796,1205.4387980249257,893.5469282785425,213.6782057693028,181.91828186003494,HIT,True,1242.2938988658686
2026_07_21_gym,flight_56,30,1,650,ok,True,20,20,1331.743477339331,784.4305764289784,1205.4387980249257,893.5469282785425,166.91090514904246,147.44817214907633,HIT,True,1232.6167434222166
2026_07_21_gym,flight_56,30,1,700,ok,True,22,22,1201.7140571003363,740.0581353025508,1205.4387980249257,893.5469282785425,153.5339808126597,154.93707964214363,HIT,True,1244.9511449333731
2026_07_21_gym,flight_56,30,1,750,ok,True,23,23,1341.9017988849423,819.4202534103723,1205.4387980249257,893.5469282785425,155.29621544239996,166.15996069506608,HIT,True,1228.864869641788
2026_07_21_gym,flight_56,30,1,800,ok,True,23,23,1341.9017988849423,819.4202534103723,1205.4387980249257,893.5469282785425,155.29621544239996,166.15996069506608,HIT,True,1228.864869641788
2026_07_21_gym,flight_56,30,1,850,ok,True,24,24,1280.700252473839,764.3750473681423,1205.4387980249257,893.5469282785425,149.49803123685768,127.27597842879831,HIT,True,1237.6419648230703
2026_07_21_gym,flight_56,30,1,900,ok,True,26,26,1249.8759494407009,837.1517875599726,1205.4387980249257,893.5469282785425,71.79883232069884,75.48970225204914,HIT,True,1234.9281929468266
2026_07_21_gym,flight_56,30,1,950,ok,True,27,27,1228.3951646684227,812.5835929699465,1205.4387980249257,893.5469282785425,84.1549548972775,82.48098945012272,HIT,True,1239.9473172995463
2026_07_21_gym,flight_56,30,1,1000,ok,True,29,29,1243.7239370514542,819.8453352976035,1205.4387980249257,893.5469282785425,83.05225269797691,85.93792424619639,HIT,True,1240.3170794665696
2026_07_21_gym,flight_56,30,1,1050,ok,True,30,30,1202.9336867323314,831.8286478988742,1205.4387980249257,893.5469282785425,61.76910000648892,73.56084188511538,HIT,True,1241.2982461668582
2026_07_21_gym,flight_56,30,1,1100,ok,True,31,31,1182.8023468689232,844.71838919558,1205.4387980249257,893.5469282785425,53.8203971549308,74.84967085512446,HIT,True,1240.0807592537512
2026_07_21_gym,flight_56,30,1,1150,ok,True,32,32,1151.886021638345,866.6325160702177,1205.4387980249257,893.5469282785425,59.9356775487751,86.63161566609607,HIT,True,1238.0936446576902
2026_07_21_gym,flight_56,30,1,1200,ok,True,34,34,1162.8739515550922,835.4642010537351,1205.4387980249257,893.5469282785425,72.00950879482436,120.52457143406323,HIT,True,1242.7266563028786
2026_07_21_gym,flight_56,30,1,1250,ok,True,35,35,1194.8257166346928,864.8580872768744,1205.4387980249257,893.5469282785425,30.58900283786161,70.7921058868588,HIT,True,1239.332725773526
2026_07_21_gym,flight_57,30,1,150,not_fit_eligible,True,4,4,,,,,,,,,
2026_07_21_gym,flight_57,30,1,200,not_fit_eligible,True,6,6,,,,,,,,,
2026_07_21_gym,flight_57,30,1,250,not_fit_eligible,True,7,7,,,,,,,,,
2026_07_21_gym,flight_57,30,1,300,fit_failed,True,9,9,,,,,,,,,
2026_07_21_gym,flight_57,30,1,350,fit_failed,True,10,10,,,,,,,,,
2026_07_21_gym,flight_57,30,1,400,ok,True,12,12,333.88947894812975,1059.8214920816472,437.4616227829008,1073.0037777988493,104.4076703851803,101.6067456746008,HIT,True,1210.9744238686353
2026_07_21_gym,flight_57,30,1,450,ok,True,13,13,292.32711252313464,1091.462752385457,437.4616227829008,1073.0037777988493,146.303656178276,135.49582295481804,HIT,True,1213.3320447005328
2026_07_21_gym,flight_57,30,1,490,ok,True,14,14,358.9128696988501,1076.674093593859,437.4616227829008,1073.0037777988493,78.6344570089618,81.75386315868805,HIT,True,1214.4629792755727
2026_07_21_gym,flight_57,30,1,500,ok,True,15,15,390.57237592102103,1067.1499717205293,437.4616227829008,1073.0037777988493,47.25323816286963,56.507077363854975,HIT,True,1213.8166945656603
2026_07_21_gym,flight_57,30,1,550,ok,True,16,16,407.28374791145353,1054.0998863782045,437.4616227829008,1073.0037777988493,35.60984755092697,47.77003797646324,HIT,True,1214.272369623727
2026_07_21_gym,flight_57,30,1,600,ok,True,18,18,407.91257337856575,1060.4233891297174,437.4616227829008,1073.0037777988493,32.115611464928655,48.86822213966256,HIT,True,1215.186494761467
2026_07_21_gym,flight_57,30,1,650,ok,True,19,19,466.87188464854984,1071.9868593311571,437.4616227829008,1073.0037777988493,29.427837606184784,26.07506391460544,HIT,True,1209.2073832724727
2026_07_21_gym,flight_57,30,1,700,ok,True,21,21,344.2900257235314,1052.5101915315206,437.4616227829008,1073.0037777988493,95.39881328763967,120.95468756853107,HIT,True,1218.503029688063
2026_07_21_gym,flight_57,30,1,750,ok,True,22,22,349.4194838153297,1050.2565822013175,437.4616227829008,1073.0037777988493,90.93323452697297,112.25944461140661,HIT,True,1217.3491813657272
2026_07_21_gym,flight_57,30,1,800,ok,True,24,24,408.8119101084734,1038.2545320541542,437.4616227829008,1073.0037777988493,45.03683066283039,55.9848981662508,HIT,True,1214.754552021698
2026_07_21_gym,flight_57,30,1,850,ok,True,25,25,416.3731203207083,1053.7865823616644,437.4616227829008,1073.0037777988493,28.531132760002023,31.973204766350737,HIT,True,1212.6239868582304
2026_07_21_gym,flight_57,30,1,900,ok,True,27,27,420.25130623463707,1066.1473415699734,437.4616227829008,1073.0037777988493,18.525812086170024,23.785123455581502,HIT,True,1210.8201802123574
2026_07_21_gym,flight_57,30,1,950,ok,True,28,28,427.8371614468476,1064.2103835994747,437.4616227829008,1073.0037777988493,13.036642111938946,11.687162797883392,HIT,True,1210.0991999271891
2026_07_21_gym,flight_57,30,1,1000,ok,True,30,30,421.8548861744295,1068.0829036197185,437.4616227829008,1073.0037777988493,16.364144653877705,12.261080928253092,HIT,True,1209.5499027818446
2026_07_21_gym,flight_57,30,1,1050,ok,True,31,31,411.24783897873476,1070.8830882310342,437.4616227829008,1073.0037777988493,26.299425574993037,28.016265055630974,HIT,True,1209.3596077351824
2026_07_21_gym,flight_57,30,1,1100,ok,True,33,33,414.44286018240183,1058.3155495398435,437.4616227829008,1073.0037777988493,27.305814052080358,36.52824195732966,HIT,True,1211.7252182960688
2026_07_21_gym,flight_57,30,1,1150,ok,True,34,34,435.5733921623039,1062.2109052602164,437.4616227829008,1073.0037777988493,10.956802111553259,11.737986218464146,HIT,True,1210.729546670344
2026_07_21_gym,flight_57,30,1,1200,ok,True,36,36,434.98224809277036,1076.7112551828866,437.4616227829008,1073.0037777988493,4.460121904971555,10.688643264024305,HIT,True,1209.433337206994
2026_07_21_gym,flight_57,30,1,1250,ok,True,37,37,419.03666454630144,1072.7525497321622,437.4616227829008,1073.0037777988493,18.42667092998413,34.02771683762718,HIT,True,1210.5243850688255
2026_07_21_gym,flight_58,30,1,150,not_fit_eligible,True,5,5,,,,,,,,,
2026_07_21_gym,flight_58,30,1,200,not_fit_eligible,True,6,6,,,,,,,,,
2026_07_21_gym,flight_58,30,1,250,not_fit_eligible,True,7,7,,,,,,,,,
2026_07_21_gym,flight_58,30,1,300,fit_failed,True,9,9,,,,,,,,,
2026_07_21_gym,flight_58,30,1,350,fit_failed,True,10,10,,,,,,,,,
2026_07_21_gym,flight_58,30,1,400,ok,True,12,12,1034.335380473968,1828.615320861496,818.1029512374254,1807.2558140387096,217.28481765933174,187.2330934757044,HIT,True,1284.1040582736912
2026_07_21_gym,flight_58,30,1,450,ok,True,13,13,925.0945419038826,1858.9688914828444,818.1029512374254,1807.2558140387096,118.83367726398868,130.21020577763827,HIT,True,1280.7559047357222
2026_07_21_gym,flight_58,30,1,490,ok,True,14,14,916.933816876473,1844.5924138367864,818.1029512374254,1807.2558140387096,105.64829240193724,114.86188273268752,HIT,True,1283.1613687919125
2026_07_21_gym,flight_58,30,1,500,ok,True,15,15,916.9338516947776,1844.5921466840055,818.1029512374254,1807.2558140387096,105.64823056072092,114.86181260570281,HIT,True,1283.161410527768
2026_07_21_gym,flight_58,30,1,550,ok,True,16,16,906.5851749464177,1816.164202059285,818.1029512374254,1807.2558140387096,88.92954115260744,107.15859460225415,HIT,True,1281.309506725379
2026_07_21_gym,flight_58,30,1,600,ok,True,18,18,886.9836018840715,1773.1352272260224,818.1029512374254,1807.2558140387096,76.86844917095331,94.01541997772564,HIT,True,1284.202673377527
2026_07_21_gym,flight_58,30,1,650,ok,True,19,19,868.4460741738226,1762.622732870614,818.1029512374254,1807.2558140387096,67.27958056904787,84.46117893334929,HIT,True,1284.7741922915545
2026_07_21_gym,flight_58,30,1,700,ok,True,21,21,882.8263650386399,1728.0632076253287,818.1029512374254,1807.2558140387096,102.27702187993108,105.54702163778313,HIT,True,1284.9566609256099
2026_07_21_gym,flight_58,30,1,750,ok,True,22,22,872.8496822725741,1729.7261006781964,818.1029512374254,1807.2558140387096,94.91080556395173,101.1065644276989,HIT,True,1285.2625480271029
2026_07_21_gym,flight_58,30,1,800,ok,True,24,24,841.0683288911271,1728.6912468475614,818.1029512374254,1807.2558140387096,81.85230472448272,87.83722890919596,HIT,True,1287.1597884241091
2026_07_21_gym,flight_58,30,1,850,ok,True,25,25,892.0462943477027,1717.8122284538451,818.1029512374254,1807.2558140387096,116.05073456295379,118.39216016570035,HIT,True,1285.2738168948733
2026_07_21_gym,flight_58,30,1,900,ok,True,27,27,814.7414300177438,1712.3997353999287,818.1029512374254,1807.2558140387096,94.91562294815832,90.55239386973051,HIT,True,1288.6541378961151
2026_07_21_gym,flight_58,30,1,950,ok,True,28,28,840.5345840447771,1707.562083236913,818.1029512374254,1807.2558140387096,102.18619335108316,92.41453439031791,HIT,True,1288.7217396015683
2026_07_21_gym,flight_58,30,1,1000,ok,True,30,30,793.916264251158,1768.5945017605318,818.1029512374254,1807.2558140387096,45.603650012279196,45.8654094795626,HIT,True,1288.4930763004686
2026_07_21_gym,flight_58,30,1,1050,ok,True,31,31,789.2753003794089,1777.2398237547156,818.1029512374254,1807.2558140387096,41.61722151610453,41.26085239499629,HIT,True,1288.8075245174136
2026_07_21_gym,flight_58,30,1,1100,ok,True,33,33,833.5251605761567,1768.291029982201,818.1029512374254,1807.2558140387096,41.90583416969518,54.637496914275296,HIT,True,1289.4913283104859
2026_07_21_gym,flight_58,30,1,1150,ok,True,34,34,796.1280585841712,1794.5208731141304,818.1029512374254,1807.2558140387096,25.398319382875837,26.560297737805683,HIT,True,1288.437088608775
2026_07_21_gym,flight_58,30,1,1200,ok,True,36,36,813.3445951693773,1778.6899831085248,818.1029512374254,1807.2558140387096,28.959431092516873,33.574066321777586,HIT,True,1289.378768512085
2026_07_21_gym,flight_58,30,1,1250,ok,True,37,37,802.7401737745028,1810.1565362887354,818.1029512374254,1807.2558140387096,15.634229144638963,14.82820561118307,HIT,True,1286.9135867283244
2026_07_21_gym,flight_59,30,1,150,not_fit_eligible,True,4,4,,,,,,,,,
2026_07_21_gym,flight_59,30,1,200,not_fit_eligible,True,6,6,,,,,,,,,
2026_07_21_gym,flight_59,30,1,250,not_fit_eligible,True,7,7,,,,,,,,,
2026_07_21_gym,flight_59,30,1,300,fit_failed,True,9,9,,,,,,,,,
2026_07_21_gym,flight_59,30,1,350,fit_failed,True,10,10,,,,,,,,,
2026_07_21_gym,flight_59,30,1,400,fit_failed,True,12,12,,,,,,,,,
2026_07_21_gym,flight_59,30,1,450,ok,True,13,13,1216.3246678472349,632.3490648373702,1250.5356607016647,1104.98545317215,473.8729234829003,444.7125706160127,HIT,True,1526.792200592787
2026_07_21_gym,flight_59,30,1,490,ok,True,14,14,959.4818592560123,726.4256118220868,1250.5356607016647,1104.98545317215,477.5142603304642,481.2885679090976,HIT,True,1536.9350736686877
2026_07_21_gym,flight_59,30,1,500,ok,True,15,15,867.5368730619374,780.3215391887657,1250.5356607016647,1104.98545317215,502.09035877669606,495.47991401761686,HIT,True,1540.456784014222
2026_07_21_gym,flight_59,30,1,550,ok,True,16,16,928.6141005853211,780.5757351279569,1250.5356607016647,1104.98545317215,457.02861620390195,456.3738555488969,HIT,True,1533.732846056439
2026_07_21_gym,flight_59,30,1,600,ok,True,18,18,928.6140518670525,780.5762709086905,1250.5356607016647,1104.98545317215,457.02827021040133,456.3734575755255,HIT,True,1533.732775628405
2026_07_21_gym,flight_59,30,1,650,ok,True,19,19,1246.4501116817894,932.88375506437,1250.5356607016647,1104.98545317215,172.1501850198694,164.49379315958512,HIT,True,1489.677447347451
2026_07_21_gym,flight_59,30,1,700,ok,True,21,21,1137.996320529849,937.8991856651949,1250.5356607016647,1104.98545317215,201.45203864869035,215.75071922412363,HIT,True,1499.0707738442547
2026_07_21_gym,flight_59,30,1,750,ok,True,22,22,1067.2140623897258,916.0396863777412,1250.5356607016647,1104.98545317215,263.26281772626197,273.5236193206209,HIT,True,1507.5692777700858
2026_07_21_gym,flight_59,30,1,800,ok,True,24,24,1182.6120714770577,956.0015384721083,1250.5356607016647,1104.98545317215,163.7370477702052,164.24432298223783,HIT,True,1489.578871900654
2026_07_21_gym,flight_59,30,1,850,ok,True,25,25,1167.3105180594314,936.1181124772271,1250.5356607016647,1104.98545317215,188.26205969657101,197.21487227770422,HIT,True,1495.3442704941767
2026_07_21_gym,flight_59,30,1,900,ok,True,26,26,1233.310322226216,1010.9296494046599,1250.5356607016647,1104.98545317215,95.62011560305912,89.17871650573815,HIT,True,1479.2787536863993
2026_07_21_gym,flight_59,30,1,950,ok,True,27,27,1167.3105473675503,936.1178564708828,1250.5356607016647,1104.98545317215,188.26227637298467,197.21508532536802,HIT,True,1495.3443050213593
2026_07_21_gym,flight_59,30,1,1000,ok,True,29,29,1232.3203212419169,923.3191337058986,1250.5356607016647,1104.98545317215,182.57724452967292,177.03499234137954,HIT,True,1491.424318553489
2026_07_21_gym,flight_59,30,1,1050,ok,True,30,30,1165.2856668915072,977.88026218155,1250.5356607016647,1104.98545317215,153.04669555854124,157.97978385358726,HIT,True,1489.7003153563646
2026_07_21_gym,flight_59,30,1,1100,ok,True,31,31,1190.0745463045112,1001.1480287777987,1250.5356607016647,1104.98545317215,120.15721808946115,126.3726667488528,HIT,True,1485.8109085097478
2026_07_21_gym,flight_59,30,1,1150,ok,True,32,32,1216.6925210806853,1043.3572331075702,1250.5356607016647,1104.98545317215,70.30928535928516,67.1707843302395,HIT,True,1477.9522571970804
2026_07_21_gym,flight_59,30,1,1200,ok,True,34,34,1229.0925515687932,1035.1082431399254,1250.5356607016647,1104.98545317215,73.09330619948639,70.74710009067762,HIT,True,1477.666657131963
2026_07_21_gym,flight_59,30,1,1250,ok,True,35,35,1300.141291066694,1053.461819538504,1250.5356607016647,1104.98545317215,71.5220482559477,76.70392042508672,HIT,True,1471.3177786796534
2026_07_21_gym,flight_6,30,1,150,not_fit_eligible,True,5,5,,,,,,,,,
2026_07_21_gym,flight_6,30,1,200,not_fit_eligible,True,7,7,,,,,,,,,
2026_07_21_gym,flight_6,30,1,250,fit_failed,True,8,8,,,,,,,,,
2026_07_21_gym,flight_6,30,1,300,ok,True,10,10,351.61326525424437,794.2453860960487,343.7293430151896,797.8586428943668,8.672476841252085,47.76770693138601,HIT,True,594.1842438268864
2026_07_21_gym,flight_6,30,1,350,ok,True,11,11,355.5207901133539,788.6046197462861,343.7293430151896,797.8586428943668,14.989168392343188,34.02823947120123,HIT,True,592.9265378376215
2026_07_21_gym,flight_6,30,1,400,ok,True,13,13,348.8325111002871,791.7471764583729,343.7293430151896,797.8586428943668,7.961931078767072,10.14651042198403,HIT,True,591.3898022341375
2026_07_21_gym,flight_6,30,1,450,ok,True,14,14,361.0404732942127,788.3402315730945,343.7293430151896,797.8586428943668,19.755388774160696,41.82471984531803,HIT,True,590.8374407008541
2026_07_21_gym,flight_6,30,1,490,ok,True,15,15,380.65674595755667,791.2308545835077,343.7293430151896,797.8586428943668,37.51747147612028,81.21646313484159,HIT,True,591.310100138378
2026_07_21_gym,flight_6,30,1,500,ok,True,16,16,380.65674633981683,791.2308497579213,343.7293430151896,797.8586428943668,37.51747270485051,81.21646404306183,HIT,True,591.3101012236843
2026_07_21_gym,flight_6,30,1,550,ok,True,17,17,356.33853499894695,789.3315525252375,343.7293430151896,797.8586428943668,15.2217933452845,23.180549444508728,HIT,True,592.0415463630335
2026_07_21_gym,flight_6,30,1,600,ok,False,19,19,345.6748816345085,794.5127267973469,343.7293430151896,797.8586428943668,3.870436028092697,17.615866021347244,HIT,True,591.7031730284309
2026_07_21_gym,flight_6,30,1,650,ok,False,20,20,356.3883908338107,795.8415511798514,343.7293430151896,797.8586428943668,12.818742163679795,17.359322521786005,HIT,True,591.4014212196757
2026_07_21_gym,flight_6,30,1,700,ok,False,21,21,366.53767529964693,793.7548659707285,343.7293430151896,797.8586428943668,23.174576730486457,17.391341162767155,HIT,True,591.2778234349215
2026_07_21_gym,flight_6,30,1,750,ok,False,21,21,366.53767529964693,793.7548659707285,343.7293430151896,797.8586428943668,23.174576730486457,17.391341162767155,HIT,True,591.2778234349215
2026_07_21_gym,flight_6,30,1,800,ok,False,21,21,366.53767529964693,793.7548659707285,343.7293430151896,797.8586428943668,23.174576730486457,17.391341162767155,HIT,True,591.2778234349215
2026_07_21_gym,flight_6,30,1,850,ok,False,21,21,366.53767529964693,793.7548659707285,343.7293430151896,797.8586428943668,23.174576730486457,17.391341162767155,HIT,True,591.2778234349215
2026_07_21_gym,flight_6,30,1,900,ok,False,21,21,366.53767529964693,793.7548659707285,343.7293430151896,797.8586428943668,23.174576730486457,17.391341162767155,HIT,True,591.2778234349215
2026_07_21_gym,flight_6,30,1,950,ok,False,21,21,366.53767529964693,793.7548659707285,343.7293430151896,797.8586428943668,23.174576730486457,17.391341162767155,HIT,True,591.2778234349215
2026_07_21_gym,flight_6,30,1,1000,ok,False,21,21,366.53767529964693,793.7548659707285,343.7293430151896,797.8586428943668,23.174576730486457,17.391341162767155,HIT,True,591.2778234349215
2026_07_21_gym,flight_6,30,1,1050,ok,False,21,21,366.53767529964693,793.7548659707285,343.7293430151896,797.8586428943668,23.174576730486457,17.391341162767155,HIT,True,591.2778234349215
2026_07_21_gym,flight_6,30,1,1100,ok,False,21,21,366.53767529964693,793.7548659707285,343.7293430151896,797.8586428943668,23.174576730486457,17.391341162767155,HIT,True,591.2778234349215
2026_07_21_gym,flight_6,30,1,1150,ok,False,21,21,366.53767529964693,793.7548659707285,343.7293430151896,797.8586428943668,23.174576730486457,17.391341162767155,HIT,True,591.2778234349215
2026_07_21_gym,flight_6,30,1,1200,ok,False,21,21,366.53767529964693,793.7548659707285,343.7293430151896,797.8586428943668,23.174576730486457,17.391341162767155,HIT,True,591.2778234349215
2026_07_21_gym,flight_6,30,1,1250,ok,False,21,21,366.53767529964693,793.7548659707285,343.7293430151896,797.8586428943668,23.174576730486457,17.391341162767155,HIT,True,591.2778234349215
2026_07_21_gym,flight_61,30,1,150,not_fit_eligible,True,5,5,,,,,,,,,
2026_07_21_gym,flight_61,30,1,200,not_fit_eligible,True,7,7,,,,,,,,,
2026_07_21_gym,flight_61,30,1,250,fit_failed,True,8,8,,,,,,,,,
2026_07_21_gym,flight_61,30,1,300,fit_failed,True,10,10,,,,,,,,,
2026_07_21_gym,flight_61,30,1,350,fit_failed,True,11,11,,,,,,,,,
2026_07_21_gym,flight_61,30,1,400,ok,True,13,13,1408.0549216358877,486.3780342283209,1335.9711181960122,523.3557039632246,81.01495403554965,167.4465663554412,HIT,True,618.6767524447727
2026_07_21_gym,flight_61,30,1,450,ok,True,14,14,1399.5031980872427,488.6747601717559,1335.9711181960122,523.3557039632246,72.38157940783492,150.8007601850825,HIT,True,618.6372208196359
2026_07_21_gym,flight_61,30,1,490,ok,True,15,15,1392.6071588370437,493.68924400977977,1335.9711181960122,523.3557039632246,63.93543575875527,134.91358554450056,HIT,True,618.7598784421033
2026_07_21_gym,flight_61,30,1,500,ok,True,16,16,1380.285838211879,496.05553141609124,1335.9711181960122,523.3557039632246,52.04895610084731,110.81035432304604,HIT,True,618.7412805125956
2026_07_21_gym,flight_61,30,1,550,ok,True,17,17,1353.3727797215217,516.5029183748362,1335.9711181960122,523.3557039632246,18.702366004568074,49.91846119544241,HIT,True,617.1363460680474
2026_07_21_gym,flight_61,30,1,600,ok,True,19,19,1360.8763096493358,523.1341320962907,1335.9711181960122,523.3557039632246,24.906177053472483,61.84038663715197,HIT,True,616.2467925293681
2026_07_21_gym,flight_61,30,1,650,ok,False,20,20,1363.4449397385843,519.4659763390747,1335.9711181960122,523.3557039632246,27.74780804213501,70.33557494468678,HIT,True,615.4625950739912
2026_07_21_gym,flight_61,30,1,700,ok,False,20,20,1363.4449397385843,519.4659763390747,1335.9711181960122,523.3557039632246,27.74780804213501,70.33557494468678,HIT,True,615.4625950739912
2026_07_21_gym,flight_61,30,1,750,ok,False,20,20,1363.4449397385843,519.4659763390747,1335.9711181960122,523.3557039632246,27.74780804213501,70.33557494468678,HIT,True,615.4625950739912
2026_07_21_gym,flight_61,30,1,800,ok,False,20,20,1363.4449397385843,519.4659763390747,1335.9711181960122,523.3557039632246,27.74780804213501,70.33557494468678,HIT,True,615.4625950739912
2026_07_21_gym,flight_61,30,1,850,ok,False,20,20,1363.4449397385843,519.4659763390747,1335.9711181960122,523.3557039632246,27.74780804213501,70.33557494468678,HIT,True,615.4625950739912
2026_07_21_gym,flight_61,30,1,900,ok,False,20,20,1363.4449397385843,519.4659763390747,1335.9711181960122,523.3557039632246,27.74780804213501,70.33557494468678,HIT,True,615.4625950739912
2026_07_21_gym,flight_61,30,1,950,ok,False,20,20,1363.4449397385843,519.4659763390747,1335.9711181960122,523.3557039632246,27.74780804213501,70.33557494468678,HIT,True,615.4625950739912
2026_07_21_gym,flight_61,30,1,1000,ok,False,20,20,1363.4449397385843,519.4659763390747,1335.9711181960122,523.3557039632246,27.74780804213501,70.33557494468678,HIT,True,615.4625950739912
2026_07_21_gym,flight_61,30,1,1050,ok,False,20,20,1363.4449397385843,519.4659763390747,1335.9711181960122,523.3557039632246,27.74780804213501,70.33557494468678,HIT,True,615.4625950739912
2026_07_21_gym,flight_61,30,1,1100,ok,False,20,20,1363.4449397385843,519.4659763390747,1335.9711181960122,523.3557039632246,27.74780804213501,70.33557494468678,HIT,True,615.4625950739912
2026_07_21_gym,flight_61,30,1,1150,ok,False,20,20,1363.4449397385843,519.4659763390747,1335.9711181960122,523.3557039632246,27.74780804213501,70.33557494468678,HIT,True,615.4625950739912
2026_07_21_gym,flight_61,30,1,1200,ok,False,20,20,1363.4449397385843,519.4659763390747,1335.9711181960122,523.3557039632246,27.74780804213501,70.33557494468678,HIT,True,615.4625950739912
2026_07_21_gym,flight_61,30,1,1250,ok,False,20,20,1363.4449397385843,519.4659763390747,1335.9711181960122,523.3557039632246,27.74780804213501,70.33557494468678,HIT,True,615.4625950739912
2026_07_21_gym,flight_62,30,1,150,not_fit_eligible,True,5,5,,,,,,,,,
2026_07_21_gym,flight_62,30,1,200,not_fit_eligible,True,7,7,,,,,,,,,
2026_07_21_gym,flight_62,30,1,250,fit_failed,True,8,8,,,,,,,,,
2026_07_21_gym,flight_62,30,1,300,ok,True,10,10,888.2746127530966,1260.9832440554228,672.461770859789,1340.2053184049012,229.89414909975426,448.15548375704856,HIT,True,554.9155331454551
2026_07_21_gym,flight_62,30,1,350,ok,True,11,11,854.8496068606033,1263.6138326713458,672.461770859789,1340.2053184049012,197.81703265374637,385.324622339471,HIT,True,554.5307494300353
2026_07_21_gym,flight_62,30,1,400,ok,True,13,13,734.8031762274493,1298.5623962661236,672.461770859789,1340.2053184049012,74.97055280222516,165.93448157537335,HIT,True,556.8088368665532
2026_07_21_gym,flight_62,30,1,450,ok,True,14,14,698.6855564926644,1302.57498986268,672.461770859789,1340.2053184049012,45.866420823021585,146.5141958640538,HIT,True,555.7894890247118
2026_07_21_gym,flight_62,30,1,490,ok,True,15,15,768.6351811527268,1304.062436790173,672.461770859789,1340.2053184049012,102.74060900534901,201.68670170193042,HIT,True,555.2359774273698
2026_07_21_gym,flight_62,30,1,500,ok,True,16,16,637.7701880254068,1311.7461444163396,672.461770859789,1340.2053184049012,44.87126590220095,180.5623314276365,HIT,True,553.9144151299083
2026_07_21_gym,flight_62,30,1,550,ok,True,17,17,753.9004443259234,1299.9239920090797,672.461770859789,1340.2053184049012,90.8561654051632,183.0775147925677,HIT,True,557.1258615960309
2026_07_21_gym,flight_62,30,1,600,ok,False,19,19,823.2452787068731,1312.7807536141265,672.461770859789,1340.2053184049012,153.25721187805513,281.30676183437123,HIT,True,558.9615411758865
2026_07_21_gym,flight_62,30,1,650,ok,False,20,20,805.2983288600742,1315.2063384880437,672.461770859789,1340.2053184049012,135.16841398139795,238.91366236082538,HIT,True,558.636697137322
2026_07_21_gym,flight_62,30,1,700,ok,False,22,22,814.8552953925594,1325.2374864961696,672.461770859789,1340.2053184049012,143.17804238399378,299.81895202125304,HIT,True,558.9479359835183
2026_07_21_gym,flight_62,30,1,750,ok,False,23,23,795.0927909727657,1331.424358979847,672.461770859789,1340.2053184049012,122.9449972238551,258.4972176380511,HIT,True,558.1855673535237
2026_07_21_gym,flight_62,30,1,800,ok,False,23,23,795.0927909727657,1331.424358979847,672.461770859789,1340.2053184049012,122.9449972238551,258.4972176380511,HIT,True,558.1855673535237
2026_07_21_gym,flight_62,30,1,850,ok,False,23,23,795.0927909727657,1331.424358979847,672.461770859789,1340.2053184049012,122.9449972238551,258.4972176380511,HIT,True,558.1855673535237
2026_07_21_gym,flight_62,30,1,900,ok,False,23,23,795.0927909727657,1331.424358979847,672.461770859789,1340.2053184049012,122.9449972238551,258.4972176380511,HIT,True,558.1855673535237
2026_07_21_gym,flight_62,30,1,950,ok,False,23,23,795.0927909727657,1331.424358979847,672.461770859789,1340.2053184049012,122.9449972238551,258.4972176380511,HIT,True,558.1855673535237
2026_07_21_gym,flight_62,30,1,1000,ok,False,23,23,795.0927909727657,1331.424358979847,672.461770859789,1340.2053184049012,122.9449972238551,258.4972176380511,HIT,True,558.1855673535237
2026_07_21_gym,flight_62,30,1,1050,ok,False,23,23,795.0927909727657,1331.424358979847,672.461770859789,1340.2053184049012,122.9449972238551,258.4972176380511,HIT,True,558.1855673535237
2026_07_21_gym,flight_62,30,1,1100,ok,False,23,23,795.0927909727657,1331.424358979847,672.461770859789,1340.2053184049012,122.9449972238551,258.4972176380511,HIT,True,558.1855673535237
2026_07_21_gym,flight_62,30,1,1150,ok,False,23,23,795.0927909727657,1331.424358979847,672.461770859789,1340.2053184049012,122.9449972238551,258.4972176380511,HIT,True,558.1855673535237
2026_07_21_gym,flight_62,30,1,1200,ok,False,23,23,795.0927909727657,1331.424358979847,672.461770859789,1340.2053184049012,122.9449972238551,258.4972176380511,HIT,True,558.1855673535237
2026_07_21_gym,flight_62,30,1,1250,ok,False,23,23,795.0927909727657,1331.424358979847,672.461770859789,1340.2053184049012,122.9449972238551,258.4972176380511,HIT,True,558.1855673535237
2026_07_21_gym,flight_63,30,1,150,not_fit_eligible,True,5,5,,,,,,,,,
2026_07_21_gym,flight_63,30,1,200,not_fit_eligible,True,7,7,,,,,,,,,
2026_07_21_gym,flight_63,30,1,250,fit_failed,True,8,8,,,,,,,,,
2026_07_21_gym,flight_63,30,1,300,fit_failed,True,10,10,,,,,,,,,
2026_07_21_gym,flight_63,30,1,350,fit_failed,True,11,11,,,,,,,,,
2026_07_21_gym,flight_63,30,1,400,ok,True,13,13,643.3421704681124,769.9715841656497,625.2754215699265,830.7889720403076,63.444165087474275,159.98463862750447,HIT,True,603.2167202624395
2026_07_21_gym,flight_63,30,1,450,ok,True,14,14,658.3256814663823,768.7828106162963,625.2754215699265,830.7889720403076,70.26438453273343,157.56237989274618,HIT,True,602.9456736704261
2026_07_21_gym,flight_63,30,1,490,ok,True,14,14,658.3256814663823,768.7828106162963,625.2754215699265,830.7889720403076,70.26438453273343,157.56237989274618,HIT,True,602.9456736704261
2026_07_21_gym,flight_63,30,1,500,ok,True,14,14,658.3256814663823,768.7828106162963,625.2754215699265,830.7889720403076,70.26438453273343,157.56237989274618,HIT,True,602.9456736704261
2026_07_21_gym,flight_63,30,1,550,ok,True,15,15,693.3667073552392,774.7857580500037,625.2754215699265,830.7889720403076,88.16338909740769,165.31492588686635,HIT,True,602.9928257919267
2026_07_21_gym,flight_63,30,1,600,ok,True,17,17,606.6540460886248,823.5467068118652,625.2754215699265,830.7889720403076,19.980140901773694,65.21368281606165,HIT,True,597.5184337700136
2026_07_21_gym,flight_63,30,1,650,ok,False,18,18,626.1505596521392,827.5566283200579,625.2754215699265,830.7889720403076,3.3487180515499504,64.24293358854882,HIT,True,595.9484719497035
2026_07_21_gym,flight_63,30,1,700,ok,False,19,19,623.5681004963881,827.3973941629025,625.2754215699265,830.7889720403076,3.7970706797019282,38.80769241409602,HIT,True,596.0577959493229
2026_07_21_gym,flight_63,30,1,750,ok,False,19,19,623.5681004963881,827.3973941629025,625.2754215699265,830.7889720403076,3.7970706797019282,38.80769241409602,HIT,True,596.0577959493229
2026_07_21_gym,flight_63,30,1,800,ok,False,19,19,623.5681004963881,827.3973941629025,625.2754215699265,830.7889720403076,3.7970706797019282,38.80769241409602,HIT,True,596.0577959493229
2026_07_21_gym,flight_63,30,1,850,ok,False,19,19,623.5681004963881,827.3973941629025,625.2754215699265,830.7889720403076,3.7970706797019282,38.80769241409602,HIT,True,596.0577959493229
2026_07_21_gym,flight_63,30,1,900,ok,False,19,19,623.5681004963881,827.3973941629025,625.2754215699265,830.7889720403076,3.7970706797019282,38.80769241409602,HIT,True,596.0577959493229
2026_07_21_gym,flight_63,30,1,950,ok,False,19,19,623.5681004963881,827.3973941629025,625.2754215699265,830.7889720403076,3.7970706797019282,38.80769241409602,HIT,True,596.0577959493229
2026_07_21_gym,flight_63,30,1,1000,ok,False,19,19,623.5681004963881,827.3973941629025,625.2754215699265,830.7889720403076,3.7970706797019282,38.80769241409602,HIT,True,596.0577959493229
2026_07_21_gym,flight_63,30,1,1050,ok,False,19,19,623.5681004963881,827.3973941629025,625.2754215699265,830.7889720403076,3.7970706797019282,38.80769241409602,HIT,True,596.0577959493229
2026_07_21_gym,flight_63,30,1,1100,ok,False,19,19,623.5681004963881,827.3973941629025,625.2754215699265,830.7889720403076,3.7970706797019282,38.80769241409602,HIT,True,596.0577959493229
2026_07_21_gym,flight_63,30,1,1150,ok,False,19,19,623.5681004963881,827.3973941629025,625.2754215699265,830.7889720403076,3.7970706797019282,38.80769241409602,HIT,True,596.0577959493229
2026_07_21_gym,flight_63,30,1,1200,ok,False,19,19,623.5681004963881,827.3973941629025,625.2754215699265,830.7889720403076,3.7970706797019282,38.80769241409602,HIT,True,596.0577959493229
2026_07_21_gym,flight_63,30,1,1250,ok,False,19,19,623.5681004963881,827.3973941629025,625.2754215699265,830.7889720403076,3.7970706797019282,38.80769241409602,HIT,True,596.0577959493229
2026_07_21_gym,flight_64,30,1,150,not_fit_eligible,True,5,5,,,,,,,,,
2026_07_21_gym,flight_64,30,1,200,not_fit_eligible,True,7,7,,,,,,,,,
2026_07_21_gym,flight_64,30,1,250,ok,True,8,8,-32.1234714756849,1158.6384496670971,245.20223956600768,1217.3061693237382,283.46331567680954,500.66702755754267,MISS_HIGH_WIDE,False,643.8641990555722
2026_07_21_gym,flight_64,30,1,300,ok,True,10,10,124.00241935306356,1180.162255756892,245.20223956600768,1217.3061693237382,126.76382265737858,240.23657403697615,HIT,True,634.6423858744747
2026_07_21_gym,flight_64,30,1,350,ok,True,11,11,161.90974707985282,1191.5685197076177,245.20223956600768,1217.3061693237382,87.17835690306597,181.21940538563854,HIT,True,634.4668097089824
2026_07_21_gym,flight_64,30,1,400,ok,True,13,13,89.34220348056196,1199.4760998229156,245.20223956600768,1217.3061693237382,156.8765827871088,284.43895861525874,HIT,True,633.751049989156
2026_07_21_gym,flight_64,30,1,450,ok,True,14,14,120.68429406430813,1202.5615653618745,245.20223956600768,1217.3061693237382,125.38788656786758,236.72511609495066,HIT,True,633.8324990499086
2026_07_21_gym,flight_64,30,1,490,ok,True,15,15,152.68424669555012,1206.960870930984,245.20223956600768,1217.3061693237382,93.0945981441091,184.81174918294988,HIT,True,633.7416197268922
2026_07_21_gym,flight_64,30,1,500,ok,True,16,16,187.461913115528,1201.8328224398915,245.20223956600768,1217.3061693237382,59.7776694292761,139.66664751916915,HIT,True,634.1061219795804
2026_07_21_gym,flight_64,30,1,550,ok,True,17,17,152.34385335535208,1206.3789220665446,245.20223956600768,1217.3061693237382,93.49911562291442,176.26314828135637,HIT,True,631.4883484619992
2026_07_21_gym,flight_64,30,1,600,ok,True,19,19,164.2735862950072,1219.9724922338667,245.20223956600768,1217.3061693237382,80.97256447784578,135.20356131289125,HIT,True,629.371347454667
2026_07_21_gym,flight_64,30,1,650,ok,False,20,20,160.86801940830543,1220.7699194706336,245.20223956600768,1217.3061693237382,84.40532124628109,155.4662649837548,HIT,True,629.4463061861344
2026_07_21_gym,flight_64,30,1,700,ok,False,22,22,241.47364946712884,1215.1772295664434,245.20223956600768,1217.3061693237382,4.293572942858636,35.68701308898133,HIT,True,629.6992848904862
2026_07_21_gym,flight_64,30,1,750,ok,False,23,23,250.60733410721554,1214.6262633356503,245.20223956600768,1217.3061693237382,6.032987908523001,22.322582148430197,HIT,True,629.2586121233513
2026_07_21_gym,flight_64,30,1,800,ok,False,24,24,199.06272744201178,1219.537323184204,245.20223956600768,1217.3061693237382,46.19342622700157,66.1452658246516,HIT,True,627.1269898642051
2026_07_21_gym,flight_64,30,1,850,ok,False,24,24,199.06272744201178,1219.537323184204,245.20223956600768,1217.3061693237382,46.19342622700157,66.1452658246516,HIT,True,627.1269898642051
2026_07_21_gym,flight_64,30,1,900,ok,False,24,24,199.06272744201178,1219.537323184204,245.20223956600768,1217.3061693237382,46.19342622700157,66.1452658246516,HIT,True,627.1269898642051
2026_07_21_gym,flight_64,30,1,950,ok,False,24,24,199.06272744201178,1219.537323184204,245.20223956600768,1217.3061693237382,46.19342622700157,66.1452658246516,HIT,True,627.1269898642051
2026_07_21_gym,flight_64,30,1,1000,ok,False,24,24,199.06272744201178,1219.537323184204,245.20223956600768,1217.3061693237382,46.19342622700157,66.1452658246516,HIT,True,627.1269898642051
2026_07_21_gym,flight_64,30,1,1050,ok,False,24,24,199.06272744201178,1219.537323184204,245.20223956600768,1217.3061693237382,46.19342622700157,66.1452658246516,HIT,True,627.1269898642051
2026_07_21_gym,flight_64,30,1,1100,ok,False,24,24,199.06272744201178,1219.537323184204,245.20223956600768,1217.3061693237382,46.19342622700157,66.1452658246516,HIT,True,627.1269898642051
2026_07_21_gym,flight_64,30,1,1150,ok,False,24,24,199.06272744201178,1219.537323184204,245.20223956600768,1217.3061693237382,46.19342622700157,66.1452658246516,HIT,True,627.1269898642051
2026_07_21_gym,flight_64,30,1,1200,ok,False,24,24,199.06272744201178,1219.537323184204,245.20223956600768,1217.3061693237382,46.19342622700157,66.1452658246516,HIT,True,627.1269898642051
2026_07_21_gym,flight_64,30,1,1250,ok,False,24,24,199.06272744201178,1219.537323184204,245.20223956600768,1217.3061693237382,46.19342622700157,66.1452658246516,HIT,True,627.1269898642051
2026_07_21_gym,flight_65,30,1,150,not_fit_eligible,True,5,5,,,,,,,,,
2026_07_21_gym,flight_65,30,1,200,not_fit_eligible,True,7,7,,,,,,,,,
2026_07_21_gym,flight_65,30,1,250,ok,True,8,8,209.87699979881523,560.0515476911838,432.1015079079062,585.2488539384368,223.64846578155925,414.1562942247241,HIT,True,659.8579655908113
2026_07_21_gym,flight_65,30,1,300,ok,True,10,10,209.8769992664599,560.0515379308603,432.1015079079062,585.2488539384368,223.64846741017007,414.1562970453629,HIT,True,659.8579675440882
2026_07_21_gym,flight_65,30,1,350,ok,True,11,11,340.2723625764127,562.4006665184233,432.1015079079062,585.2488539384368,94.62891524630624,205.38075940240356,HIT,True,653.6142574869275
2026_07_21_gym,flight_65,30,1,400,ok,True,13,13,371.14386132152924,560.7509697264923,432.1015079079062,585.2488539384368,65.69612628010478,148.41234102393528,HIT,True,650.8463080104693
2026_07_21_gym,flight_65,30,1,450,ok,True,14,14,432.1204953177145,561.7755604002349,432.1015079079062,585.2488539384368,23.47330121760301,71.94829391237212,HIT,True,649.4754423408832
2026_07_21_gym,flight_65,30,1,490,ok,True,15,15,450.24395624261706,583.2640077428713,432.1015079079062,585.2488539384368,18.250699876928127,40.649304986528115,HIT,True,648.2189569039004
2026_07_21_gym,flight_65,30,1,500,ok,True,16,16,371.1438603615508,560.7507219534006,432.1015079079062,585.2488539384368,65.69621956507041,148.41247497484932,HIT,True,650.8463576369473
2026_07_21_gym,flight_65,30,1,550,ok,True,17,17,371.14386032839525,560.7507133960315,432.1015079079062,585.2488539384368,65.69622278687943,148.4124796006598,HIT,True,650.846359350903
2026_07_21_gym,flight_65,30,1,600,ok,True,19,19,463.8787028577536,592.6214903045795,432.1015079079062,585.2488539384368,32.62124899307164,56.83574886793665,HIT,True,646.3175119796416
2026_07_21_gym,flight_65,30,1,650,ok,True,20,20,453.1688676306512,593.9817249972118,432.1015079079062,585.2488539384368,22.805628310062627,45.16660659788154,HIT,True,646.3119154006589
2026_07_21_gym,flight_65,30,1,700,ok,False,22,22,459.665197612349,577.0547051147075,432.1015079079062,585.2488539384368,28.755887485317352,62.634490778534484,HIT,True,646.6687003368522
2026_07_21_gym,flight_65,30,1,750,ok,False,22,22,459.665197612349,577.0547051147075,432.1015079079062,585.2488539384368,28.755887485317352,62.634490778534484,HIT,True,646.6687003368522
2026_07_21_gym,flight_65,30,1,800,ok,False,22,22,459.665197612349,577.0547051147075,432.1015079079062,585.2488539384368,28.755887485317352,62.634490778534484,HIT,True,646.6687003368522
2026_07_21_gym,flight_65,30,1,850,ok,False,22,22,459.665197612349,577.0547051147075,432.1015079079062,585.2488539384368,28.755887485317352,62.634490778534484,HIT,True,646.6687003368522
2026_07_21_gym,flight_65,30,1,900,ok,False,22,22,459.665197612349,577.0547051147075,432.1015079079062,585.2488539384368,28.755887485317352,62.634490778534484,HIT,True,646.6687003368522
2026_07_21_gym,flight_65,30,1,950,ok,False,22,22,459.665197612349,577.0547051147075,432.1015079079062,585.2488539384368,28.755887485317352,62.634490778534484,HIT,True,646.6687003368522
2026_07_21_gym,flight_65,30,1,1000,ok,False,22,22,459.665197612349,577.0547051147075,432.1015079079062,585.2488539384368,28.755887485317352,62.634490778534484,HIT,True,646.6687003368522
2026_07_21_gym,flight_65,30,1,1050,ok,False,22,22,459.665197612349,577.0547051147075,432.1015079079062,585.2488539384368,28.755887485317352,62.634490778534484,HIT,True,646.6687003368522
2026_07_21_gym,flight_65,30,1,1100,ok,False,22,22,459.665197612349,577.0547051147075,432.1015079079062,585.2488539384368,28.755887485317352,62.634490778534484,HIT,True,646.6687003368522
2026_07_21_gym,flight_65,30,1,1150,ok,False,22,22,459.665197612349,577.0547051147075,432.1015079079062,585.2488539384368,28.755887485317352,62.634490778534484,HIT,True,646.6687003368522
2026_07_21_gym,flight_65,30,1,1200,ok,False,22,22,459.665197612349,577.0547051147075,432.1015079079062,585.2488539384368,28.755887485317352,62.634490778534484,HIT,True,646.6687003368522
2026_07_21_gym,flight_65,30,1,1250,ok,False,22,22,459.665197612349,577.0547051147075,432.1015079079062,585.2488539384368,28.755887485317352,62.634490778534484,HIT,True,646.6687003368522
2026_07_21_gym,flight_66,30,1,150,not_fit_eligible,True,5,5,,,,,,,,,
2026_07_21_gym,flight_66,30,1,200,not_fit_eligible,True,7,7,,,,,,,,,
2026_07_21_gym,flight_66,30,1,250,ok,True,8,8,277.7660051347989,250.453280823867,299.83480690555757,328.8815487677828,81.47407700784154,164.67303966811974,HIT,True,566.3525058684016
2026_07_21_gym,flight_66,30,1,300,ok,True,10,10,228.07819235197482,285.7863924009953,299.83480690555757,328.8815487677828,83.70307183412872,122.8471437560693,HIT,True,562.439671597066
2026_07_21_gym,flight_66,30,1,350,ok,True,11,11,254.72456296739472,294.3019216042482,299.83480690555757,328.8815487677828,56.83911261560669,80.43131273213213,HIT,True,562.6674461103121
2026_07_21_gym,flight_66,30,1,400,ok,True,13,13,244.81690525331632,303.6359332011194,299.83480690555757,328.8815487677828,60.53354943793935,76.5004752831678,HIT,True,561.6645955046829
2026_07_21_gym,flight_66,30,1,450,ok,True,14,14,266.8626294638092,311.21398111921826,299.83480690555757,328.8815487677828,37.40731789191449,38.42813103316193,HIT,True,560.5012631585287
2026_07_21_gym,flight_66,30,1,490,ok,True,15,15,266.86262906434445,311.21397644606094,299.83480690555757,328.8815487677828,37.40732045116115,38.42813716971851,HIT,True,560.5012640648571
2026_07_21_gym,flight_66,30,1,500,ok,True,16,16,303.22607431365736,324.10806492772025,299.83480690555757,328.8815487677828,5.8554967854639255,56.03193222313781,HIT,True,561.0881902141537
2026_07_21_gym,flight_66,30,1,550,ok,True,17,17,316.16185110483366,331.83211815446435,299.83480690555757,328.8815487677828,16.591510841112004,83.30940006344933,HIT,True,560.8332303153368
2026_07_21_gym,flight_66,30,1,600,ok,False,18,18,236.40138470301625,321.35532863049207,299.83480690555757,328.8815487677828,63.87834564138949,111.08357784103688,HIT,True,556.7668614489089
2026_07_21_gym,flight_66,30,1,650,ok,False,18,18,236.40138470301625,321.35532863049207,299.83480690555757,328.8815487677828,63.87834564138949,111.08357784103688,HIT,True,556.7668614489089
2026_07_21_gym,flight_66,30,1,700,ok,False,18,18,236.40138470301625,321.35532863049207,299.83480690555757,328.8815487677828,63.87834564138949,111.08357784103688,HIT,True,556.7668614489089
2026_07_21_gym,flight_66,30,1,750,ok,False,18,18,236.40138470301625,321.35532863049207,299.83480690555757,328.8815487677828,63.87834564138949,111.08357784103688,HIT,True,556.7668614489089
2026_07_21_gym,flight_66,30,1,800,ok,False,18,18,236.40138470301625,321.35532863049207,299.83480690555757,328.8815487677828,63.87834564138949,111.08357784103688,HIT,True,556.7668614489089
2026_07_21_gym,flight_66,30,1,850,ok,False,18,18,236.40138470301625,321.35532863049207,299.83480690555757,328.8815487677828,63.87834564138949,111.08357784103688,HIT,True,556.7668614489089
2026_07_21_gym,flight_66,30,1,900,ok,False,18,18,236.40138470301625,321.35532863049207,299.83480690555757,328.8815487677828,63.87834564138949,111.08357784103688,HIT,True,556.7668614489089
2026_07_21_gym,flight_66,30,1,950,ok,False,18,18,236.40138470301625,321.35532863049207,299.83480690555757,328.8815487677828,63.87834564138949,111.08357784103688,HIT,True,556.7668614489089
2026_07_21_gym,flight_66,30,1,1000,ok,False,18,18,236.40138470301625,321.35532863049207,299.83480690555757,328.8815487677828,63.87834564138949,111.08357784103688,HIT,True,556.7668614489089
2026_07_21_gym,flight_66,30,1,1050,ok,False,18,18,236.40138470301625,321.35532863049207,299.83480690555757,328.8815487677828,63.87834564138949,111.08357784103688,HIT,True,556.7668614489089
2026_07_21_gym,flight_66,30,1,1100,ok,False,18,18,236.40138470301625,321.35532863049207,299.83480690555757,328.8815487677828,63.87834564138949,111.08357784103688,HIT,True,556.7668614489089
2026_07_21_gym,flight_66,30,1,1150,ok,False,18,18,236.40138470301625,321.35532863049207,299.83480690555757,328.8815487677828,63.87834564138949,111.08357784103688,HIT,True,556.7668614489089
2026_07_21_gym,flight_66,30,1,1200,ok,False,18,18,236.40138470301625,321.35532863049207,299.83480690555757,328.8815487677828,63.87834564138949,111.08357784103688,HIT,True,556.7668614489089
2026_07_21_gym,flight_66,30,1,1250,ok,False,18,18,236.40138470301625,321.35532863049207,299.83480690555757,328.8815487677828,63.87834564138949,111.08357784103688,HIT,True,556.7668614489089
2026_07_21_gym,flight_68,30,1,150,not_fit_eligible,True,5,5,,,,,,,,,
2026_07_21_gym,flight_68,30,1,200,not_fit_eligible,True,7,7,,,,,,,,,
2026_07_21_gym,flight_68,30,1,250,ok,True,8,8,1431.551136044625,962.885842973262,1356.530675216053,1058.9734219161458,121.9052598128409,196.55196102257628,HIT,True,690.4926305543732
2026_07_21_gym,flight_68,30,1,300,ok,True,10,10,1309.180637838322,986.2364932290285,1356.530675216053,1058.9734219161458,86.79105273302835,171.17836992136495,HIT,True,690.6793969404526
2026_07_21_gym,flight_68,30,1,350,ok,True,11,11,1274.0663999402864,996.1873157913823,1356.530675216053,1058.9734219161458,103.6457998139214,191.50710129959938,HIT,True,690.2081549277167
2026_07_21_gym,flight_68,30,1,400,ok,True,13,13,1319.146318025442,1002.9700831436925,1356.530675216053,1058.9734219161458,67.33471702040003,132.3924478347318,HIT,True,688.9470215383809
2026_07_21_gym,flight_68,30,1,450,ok,True,14,14,1330.4451557413902,1005.1856404577416,1356.530675216053,1058.9734219161458,59.77942589620663,121.05663787020455,HIT,True,688.9212946575992
2026_07_21_gym,flight_68,30,1,490,ok,True,15,15,1330.4451558793755,1005.1856398613081,1356.530675216053,1058.9734219161458,59.779426372648345,121.0566388541677,HIT,True,688.9212947894955
2026_07_21_gym,flight_68,30,1,500,ok,True,16,16,1330.445156333706,1005.1856378974926,1356.530675216053,1058.9734219161458,59.77942794137924,121.0566420939458,HIT,True,688.9212952237767
2026_07_21_gym,flight_68,30,1,550,ok,True,17,17,1301.914659287473,1022.0679215917148,1356.530675216053,1058.9734219161458,65.9160462262982,120.49583200191073,HIT,True,687.1915617060636
2026_07_21_gym,flight_68,30,1,600,ok,True,19,19,1292.5774876891828,1026.2715023348721,1356.530675216053,1058.9734219161458,71.82914268698397,125.74768352559981,HIT,True,686.201298762953
2026_07_21_gym,flight_68,30,1,650,ok,True,20,20,1305.1018895286215,1037.5269098684487,1356.530675216053,1058.9734219161458,55.72138616631647,94.16936707218326,HIT,True,685.4066287064942
2026_07_21_gym,flight_68,30,1,700,ok,False,22,22,1321.5506888851394,1047.1192560073055,1356.530675216053,1058.9734219161458,36.93400456361604,48.0826689599253,HIT,True,684.5889828812058
2026_07_21_gym,flight_68,30,1,750,ok,False,23,23,1333.679664653945,1058.682298204808,1356.530675216053,1058.9734219161458,22.852864956605917,36.74432191960487,HIT,True,683.6893911506634
2026_07_21_gym,flight_68,30,1,800,ok,False,24,24,1334.5538896034625,1061.426803586314,1356.530675216053,1058.9734219161458,22.113303404993115,30.3020543416433,HIT,True,683.1571596202634
2026_07_21_gym,flight_68,30,1,850,ok,False,25,25,1349.4343712829807,1068.0536634224386,1356.530675216053,1058.9734219161458,11.52424901341255,26.333826653968444,HIT,True,683.2555989516006
2026_07_21_gym,flight_68,30,1,900,ok,False,25,25,1349.4343712829807,1068.0536634224386,1356.530675216053,1058.9734219161458,11.52424901341255,26.333826653968444,HIT,True,683.2555989516006
2026_07_21_gym,flight_68,30,1,950,ok,False,25,25,1349.4343712829807,1068.0536634224386,1356.530675216053,1058.9734219161458,11.52424901341255,26.333826653968444,HIT,True,683.2555989516006
2026_07_21_gym,flight_68,30,1,1000,ok,False,25,25,1349.4343712829807,1068.0536634224386,1356.530675216053,1058.9734219161458,11.52424901341255,26.333826653968444,HIT,True,683.2555989516006
2026_07_21_gym,flight_68,30,1,1050,ok,False,25,25,1349.4343712829807,1068.0536634224386,1356.530675216053,1058.9734219161458,11.52424901341255,26.333826653968444,HIT,True,683.2555989516006
2026_07_21_gym,flight_68,30,1,1100,ok,False,25,25,1349.4343712829807,1068.0536634224386,1356.530675216053,1058.9734219161458,11.52424901341255,26.333826653968444,HIT,True,683.2555989516006
2026_07_21_gym,flight_68,30,1,1150,ok,False,25,25,1349.4343712829807,1068.0536634224386,1356.530675216053,1058.9734219161458,11.52424901341255,26.333826653968444,HIT,True,683.2555989516006
2026_07_21_gym,flight_68,30,1,1200,ok,False,25,25,1349.4343712829807,1068.0536634224386,1356.530675216053,1058.9734219161458,11.52424901341255,26.333826653968444,HIT,True,683.2555989516006
2026_07_21_gym,flight_68,30,1,1250,ok,False,25,25,1349.4343712829807,1068.0536634224386,1356.530675216053,1058.9734219161458,11.52424901341255,26.333826653968444,HIT,True,683.2555989516006
2026_07_21_gym,flight_69,30,1,150,not_fit_eligible,True,5,5,,,,,,,,,
2026_07_21_gym,flight_69,30,1,200,not_fit_eligible,True,7,7,,,,,,,,,
2026_07_21_gym,flight_69,30,1,250,ok,True,8,8,308.6940157394686,1363.4612060116906,571.7131647745622,1400.189822249651,265.5712032768239,462.33520973934407,HIT,True,614.2731978583913
2026_07_21_gym,flight_69,30,1,300,ok,True,10,10,308.6940153413046,1363.461198968828,571.7131647745622,1400.189822249651,265.57120464519284,462.33521351481977,HIT,True,614.273199662276
2026_07_21_gym,flight_69,30,1,350,ok,True,11,11,480.3395263606818,1363.7644239254137,571.7131647745622,1400.189822249651,98.36641418731242,171.58279016981646,HIT,True,606.514117499296
2026_07_21_gym,flight_69,30,1,400,ok,True,13,13,531.1116373375693,1385.5081438219058,571.7131647745622,1400.189822249651,43.17447986568689,83.49722999842508,HIT,True,605.1146916628331
2026_07_21_gym,flight_69,30,1,450,ok,True,14,14,491.07526376683046,1382.54849854696,571.7131647745622,1400.189822249651,82.54506272888686,137.73778237262434,HIT,True,604.6359002901146
2026_07_21_gym,flight_69,30,1,490,ok,True,15,15,540.6564856372089,1380.5329187171048,571.7131647745622,1400.189822249651,36.754743578595885,65.28731158148993,HIT,True,603.5206190565996
2026_07_21_gym,flight_69,30,1,500,ok,True,16,16,530.4079679835069,1385.4902408679786,571.7131647745622,1400.189822249651,43.84286686274305,65.92476818914817,HIT,True,603.7381432559754
2026_07_21_gym,flight_69,30,1,550,ok,True,16,16,530.4079679835069,1385.4902408679786,571.7131647745622,1400.189822249651,43.84286686274305,65.92476818914817,HIT,True,603.7381432559754
2026_07_21_gym,flight_69,30,1,600,ok,True,18,18,537.9527342473581,1397.0048220074957,571.7131647745622,1400.189822249651,33.910336122260766,58.36501951023091,HIT,True,600.803442149414
2026_07_21_gym,flight_69,30,1,650,ok,False,19,19,545.4574727540945,1398.1066321538465,571.7131647745622,1400.189822249651,26.338205034681227,55.26735652010913,HIT,True,601.3375081429658
2026_07_21_gym,flight_69,30,1,700,ok,False,21,21,543.706089868524,1397.963718841411,571.7131647745622,1400.189822249651,28.095404983317277,46.592562375279414,HIT,True,601.436722946368
2026_07_21_gym,flight_69,30,1,750,ok,False,22,22,529.720574387144,1402.6796722845315,571.7131647745622,1400.189822249651,42.066340471232856,100.69823246464895,HIT,True,599.7227614781227
2026_07_21_gym,flight_69,30,1,800,ok,False,24,24,551.3818238543025,1402.489217529105,571.7131647745622,1400.189822249651,20.460954089851253,55.36908490139036,HIT,True,600.5373587349668
2026_07_21_gym,flight_69,30,1,850,ok,False,24,24,551.3818238543025,1402.489217529105,571.7131647745622,1400.189822249651,20.460954089851253,55.36908490139036,HIT,True,600.5373587349668
2026_07_21_gym,flight_69,30,1,900,ok,False,24,24,551.3818238543025,1402.489217529105,571.7131647745622,1400.189822249651,20.460954089851253,55.36908490139036,HIT,True,600.5373587349668
2026_07_21_gym,flight_69,30,1,950,ok,False,24,24,551.3818238543025,1402.489217529105,571.7131647745622,1400.189822249651,20.460954089851253,55.36908490139036,HIT,True,600.5373587349668
2026_07_21_gym,flight_69,30,1,1000,ok,False,24,24,551.3818238543025,1402.489217529105,571.7131647745622,1400.189822249651,20.460954089851253,55.36908490139036,HIT,True,600.5373587349668
2026_07_21_gym,flight_69,30,1,1050,ok,False,24,24,551.3818238543025,1402.489217529105,571.7131647745622,1400.189822249651,20.460954089851253,55.36908490139036,HIT,True,600.5373587349668
2026_07_21_gym,flight_69,30,1,1100,ok,False,24,24,551.3818238543025,1402.489217529105,571.7131647745622,1400.189822249651,20.460954089851253,55.36908490139036,HIT,True,600.5373587349668
2026_07_21_gym,flight_69,30,1,1150,ok,False,24,24,551.3818238543025,1402.489217529105,571.7131647745622,1400.189822249651,20.460954089851253,55.36908490139036,HIT,True,600.5373587349668
2026_07_21_gym,flight_69,30,1,1200,ok,False,24,24,551.3818238543025,1402.489217529105,571.7131647745622,1400.189822249651,20.460954089851253,55.36908490139036,HIT,True,600.5373587349668
2026_07_21_gym,flight_69,30,1,1250,ok,False,24,24,551.3818238543025,1402.489217529105,571.7131647745622,1400.189822249651,20.460954089851253,55.36908490139036,HIT,True,600.5373587349668
2026_07_21_gym,flight_70,30,1,150,not_fit_eligible,True,5,5,,,,,,,,,
2026_07_21_gym,flight_70,30,1,200,not_fit_eligible,True,7,7,,,,,,,,,
2026_07_21_gym,flight_70,30,1,250,fit_failed,True,8,8,,,,,,,,,
2026_07_21_gym,flight_70,30,1,300,ok,True,10,10,614.4747742426616,596.9174635660858,602.1814507767463,658.0309830574071,62.337693785170906,173.6054689738914,HIT,True,559.2185957816372
2026_07_21_gym,flight_70,30,1,350,ok,True,11,11,609.48655466244,618.0842812061126,602.1814507767463,658.0309830574071,40.609155760456204,148.68736268565408,HIT,True,558.7083372425526
2026_07_21_gym,flight_70,30,1,400,ok,True,13,13,560.387814188057,653.8047875286859,602.1814507767463,658.0309830574071,42.00677073942262,147.5730407385833,HIT,True,555.1858018082155
2026_07_21_gym,flight_70,30,1,450,ok,True,14,14,594.9825643018471,643.2620841184126,602.1814507767463,658.0309830574071,16.42998302947135,103.1543655402615,HIT,True,555.5531221574456
2026_07_21_gym,flight_70,30,1,490,ok,True,15,15,590.0082024698403,646.4797941695643,602.1814507767463,658.0309830574071,16.781476069291713,101.9586431052111,HIT,True,554.9434083836045
2026_07_21_gym,flight_70,30,1,500,ok,True,16,16,600.276265491617,649.1068091951186,602.1814507767463,658.0309830574071,9.125273151803544,76.00840666539352,HIT,True,554.1506890828912
2026_07_21_gym,flight_70,30,1,550,ok,True,17,17,600.2762662202888,649.1067931918363,602.1814507767463,658.0309830574071,9.125288650279469,76.00841450566217,HIT,True,554.1506925753035
2026_07_21_gym,flight_70,30,1,600,ok,False,19,19,616.2485975126035,662.6702862136015,602.1814507767463,658.0309830574071,14.812418812037906,31.138360076436896,HIT,True,551.417936530844
2026_07_21_gym,flight_70,30,1,650,ok,False,20,20,650.0486659523137,647.9546694207738,602.1814507767463,658.0309830574071,48.91627934714454,96.73788248892863,HIT,True,553.6621258023405
2026_07_21_gym,flight_70,30,1,700,ok,False,20,20,650.0486659523137,647.9546694207738,602.1814507767463,658.0309830574071,48.91627934714454,96.73788248892863,HIT,True,553.6621258023405
2026_07_21_gym,flight_70,30,1,750,ok,False,20,20,650.0486659523137,647.9546694207738,602.1814507767463,658.0309830574071,48.91627934714454,96.73788248892863,HIT,True,553.6621258023405
2026_07_21_gym,flight_70,30,1,800,ok,False,20,20,650.0486659523137,647.9546694207738,602.1814507767463,658.0309830574071,48.91627934714454,96.73788248892863,HIT,True,553.6621258023405
2026_07_21_gym,flight_70,30,1,850,ok,False,20,20,650.0486659523137,647.9546694207738,602.1814507767463,658.0309830574071,48.91627934714454,96.73788248892863,HIT,True,553.6621258023405
2026_07_21_gym,flight_70,30,1,900,ok,False,20,20,650.0486659523137,647.9546694207738,602.1814507767463,658.0309830574071,48.91627934714454,96.73788248892863,HIT,True,553.6621258023405
2026_07_21_gym,flight_70,30,1,950,ok,False,20,20,650.0486659523137,647.9546694207738,602.1814507767463,658.0309830574071,48.91627934714454,96.73788248892863,HIT,True,553.6621258023405
2026_07_21_gym,flight_70,30,1,1000,ok,False,20,20,650.0486659523137,647.9546694207738,602.1814507767463,658.0309830574071,48.91627934714454,96.73788248892863,HIT,True,553.6621258023405
2026_07_21_gym,flight_70,30,1,1050,ok,False,20,20,650.0486659523137,647.9546694207738,602.1814507767463,658.0309830574071,48.91627934714454,96.73788248892863,HIT,True,553.6621258023405
2026_07_21_gym,flight_70,30,1,1100,ok,False,20,20,650.0486659523137,647.9546694207738,602.1814507767463,658.0309830574071,48.91627934714454,96.73788248892863,HIT,True,553.6621258023405
2026_07_21_gym,flight_70,30,1,1150,ok,False,20,20,650.0486659523137,647.9546694207738,602.1814507767463,658.0309830574071,48.91627934714454,96.73788248892863,HIT,True,553.6621258023405
2026_07_21_gym,flight_70,30,1,1200,ok,False,20,20,650.0486659523137,647.9546694207738,602.1814507767463,658.0309830574071,48.91627934714454,96.73788248892863,HIT,True,553.6621258023405
2026_07_21_gym,flight_70,30,1,1250,ok,False,20,20,650.0486659523137,647.9546694207738,602.1814507767463,658.0309830574071,48.91627934714454,96.73788248892863,HIT,True,553.6621258023405
2026_07_21_gym,flight_72,30,1,150,not_fit_eligible,True,4,4,,,,,,,,,
2026_07_21_gym,flight_72,30,1,200,not_fit_eligible,True,6,6,,,,,,,,,
2026_07_21_gym,flight_72,30,1,250,not_fit_eligible,True,7,7,,,,,,,,,
2026_07_21_gym,flight_72,30,1,300,ok,True,9,9,309.3267121354006,685.2517454507234,494.19157541665595,723.2996054958293,188.73965489533245,405.4014706575809,HIT,True,632.0550231591658
2026_07_21_gym,flight_72,30,1,350,ok,True,10,10,264.0982008936916,699.5843436804433,494.19157541665595,723.2996054958293,231.31228813519058,464.96204582526263,HIT,True,630.9821143532688
2026_07_21_gym,flight_72,30,1,400,ok,True,12,12,467.503555192101,683.3310948796178,494.19157541665595,723.2996054958293,48.059673993738905,136.86174816607405,HIT,True,630.0378811269815
2026_07_21_gym,flight_72,30,1,450,ok,True,13,13,584.4101104625805,678.246867941205,494.19157541665595,723.2996054958293,100.84212030197786,225.8038909740556,HIT,True,626.2042027773047
2026_07_21_gym,flight_72,30,1,490,ok,True,14,14,514.3235023882277,706.0365246688842,494.19157541665595,723.2996054958293,26.519963107559825,42.43640182199465,HIT,True,626.4670299768962
2026_07_21_gym,flight_72,30,1,500,ok,True,15,15,541.5595693380351,703.2956961463618,494.19157541665595,723.2996054958293,51.4187051314745,67.16184958291643,HIT,True,626.4044989983007
2026_07_21_gym,flight_72,30,1,550,ok,True,16,16,520.6148559581032,704.4991085547252,494.19157541665595,723.2996054958293,32.42912949501558,40.441952394807856,HIT,True,626.1141650586444
2026_07_21_gym,flight_72,30,1,600,ok,True,18,18,534.9873811449673,712.287243631109,494.19157541665595,723.2996054958293,42.25600405695821,51.22909701006907,HIT,True,626.3034783022154
2026_07_21_gym,flight_72,30,1,650,ok,False,19,19,534.9736683404499,713.8776744088898,494.19157541665595,723.2996054958293,41.85632435668472,49.034853362486,HIT,True,626.1312481715155
2026_07_21_gym,flight_72,30,1,700,ok,False,20,20,534.1937564463453,715.0542713120349,494.19157541665595,723.2996054958293,40.84311475554343,45.80944501805771,HIT,True,625.9728360009236
2026_07_21_gym,flight_72,30,1,750,ok,False,20,20,534.1937564463453,715.0542713120349,494.19157541665595,723.2996054958293,40.84311475554343,45.80944501805771,HIT,True,625.9728360009236
2026_07_21_gym,flight_72,30,1,800,ok,False,20,20,534.1937564463453,715.0542713120349,494.19157541665595,723.2996054958293,40.84311475554343,45.80944501805771,HIT,True,625.9728360009236
2026_07_21_gym,flight_72,30,1,850,ok,False,20,20,534.1937564463453,715.0542713120349,494.19157541665595,723.2996054958293,40.84311475554343,45.80944501805771,HIT,True,625.9728360009236
2026_07_21_gym,flight_72,30,1,900,ok,False,20,20,534.1937564463453,715.0542713120349,494.19157541665595,723.2996054958293,40.84311475554343,45.80944501805771,HIT,True,625.9728360009236
2026_07_21_gym,flight_72,30,1,950,ok,False,20,20,534.1937564463453,715.0542713120349,494.19157541665595,723.2996054958293,40.84311475554343,45.80944501805771,HIT,True,625.9728360009236
2026_07_21_gym,flight_72,30,1,1000,ok,False,20,20,534.1937564463453,715.0542713120349,494.19157541665595,723.2996054958293,40.84311475554343,45.80944501805771,HIT,True,625.9728360009236
2026_07_21_gym,flight_72,30,1,1050,ok,False,20,20,534.1937564463453,715.0542713120349,494.19157541665595,723.2996054958293,40.84311475554343,45.80944501805771,HIT,True,625.9728360009236
2026_07_21_gym,flight_72,30,1,1100,ok,False,20,20,534.1937564463453,715.0542713120349,494.19157541665595,723.2996054958293,40.84311475554343,45.80944501805771,HIT,True,625.9728360009236
2026_07_21_gym,flight_72,30,1,1150,ok,False,20,20,534.1937564463453,715.0542713120349,494.19157541665595,723.2996054958293,40.84311475554343,45.80944501805771,HIT,True,625.9728360009236
2026_07_21_gym,flight_72,30,1,1200,ok,False,20,20,534.1937564463453,715.0542713120349,494.19157541665595,723.2996054958293,40.84311475554343,45.80944501805771,HIT,True,625.9728360009236
2026_07_21_gym,flight_72,30,1,1250,ok,False,20,20,534.1937564463453,715.0542713120349,494.19157541665595,723.2996054958293,40.84311475554343,45.80944501805771,HIT,True,625.9728360009236
2026_07_21_gym,flight_73,30,1,150,not_fit_eligible,True,5,5,,,,,,,,,
2026_07_21_gym,flight_73,30,1,200,not_fit_eligible,True,7,7,,,,,,,,,
2026_07_21_gym,flight_73,30,1,250,fit_failed,True,8,8,,,,,,,,,
2026_07_21_gym,flight_73,30,1,300,ok,True,10,10,1161.6763610654511,1102.7960538045602,1254.4479171718779,1195.7443387125934,131.32381844034538,281.2939123695999,HIT,True,747.6779378705079
2026_07_21_gym,flight_73,30,1,350,ok,True,11,11,1197.0686138967617,1122.6113657844205,1254.4479171718779,1195.7443387125934,92.95599052051796,196.5308818527937,HIT,True,743.2189321015842
2026_07_21_gym,flight_73,30,1,400,ok,True,13,13,1221.1960469668372,1115.867590244951,1254.4479171718779,1195.7443387125934,86.52156851268859,182.84114884089527,HIT,True,740.9854092237892
2026_07_21_gym,flight_73,30,1,450,ok,True,14,14,1227.092994984153,1125.624744283392,1254.4479171718779,1195.7443387125934,75.26652171325699,153.5350001425333,HIT,True,738.7964526515801
2026_07_21_gym,flight_73,30,1,490,ok,True,15,15,1240.9293194329348,1125.2544113744284,1254.4479171718779,1195.7443387125934,71.77452431724738,147.0758060913599,HIT,True,738.6222918368971
2026_07_21_gym,flight_73,30,1,500,ok,True,16,16,1228.5999486777066,1140.8010964331147,1254.4479171718779,1195.7443387125934,60.71966195111072,123.73973658540673,HIT,True,737.1822670962841
2026_07_21_gym,flight_73,30,1,550,ok,True,17,17,1234.8971524213166,1150.9724090095365,1254.4479171718779,1195.7443387125934,48.85445825784233,98.2882799104365,HIT,True,735.819264737664
2026_07_21_gym,flight_73,30,1,600,ok,True,19,19,1234.3571071617123,1167.4890907842343,1254.4479171718779,1195.7443387125934,34.66986706576198,45.01140058888647,HIT,True,731.9412805707975
2026_07_21_gym,flight_73,30,1,650,ok,True,20,20,1220.3041713325204,1168.8016888826128,1254.4479171718779,1195.7443387125934,43.493697932040654,74.57455055593813,HIT,True,733.2885994933588
2026_07_21_gym,flight_73,30,1,700,ok,True,22,22,1263.6467555675667,1181.5994433494695,1254.4479171718779,1195.7443387125934,16.87295743678987,36.18735708249106,HIT,True,732.9786313435716
2026_07_21_gym,flight_73,30,1,750,ok,False,23,23,1247.5526845215313,1193.048835876348,1254.4479171718779,1195.7443387125934,7.403375503283079,5.63436204454898,HIT,True,731.1039863199562
2026_07_21_gym,flight_73,30,1,800,ok,False,25,25,1268.1833816374121,1194.9144111999433,1254.4479171718779,1195.7443387125934,13.760514661894316,32.3862872057933,HIT,True,730.9254178297443
2026_07_21_gym,flight_73,30,1,850,ok,False,25,25,1268.1833816374121,1194.9144111999433,1254.4479171718779,1195.7443387125934,13.760514661894316,32.3862872057933,HIT,True,730.9254178297443
2026_07_21_gym,flight_73,30,1,900,ok,False,27,27,1316.5283453551228,1194.3399579562204,1254.4479171718779,1195.7443387125934,62.09631107178516,141.94912890284715,HIT,True,731.3257035594215
2026_07_21_gym,flight_73,30,1,950,ok,False,27,27,1316.5283453551228,1194.3399579562204,1254.4479171718779,1195.7443387125934,62.09631107178516,141.94912890284715,HIT,True,731.3257035594215
2026_07_21_gym,flight_73,30,1,1000,ok,False,27,27,1316.5283453551228,1194.3399579562204,1254.4479171718779,1195.7443387125934,62.09631107178516,141.94912890284715,HIT,True,731.3257035594215
2026_07_21_gym,flight_73,30,1,1050,ok,False,27,27,1316.5283453551228,1194.3399579562204,1254.4479171718779,1195.7443387125934,62.09631107178516,141.94912890284715,HIT,True,731.3257035594215
2026_07_21_gym,flight_73,30,1,1100,ok,False,27,27,1316.5283453551228,1194.3399579562204,1254.4479171718779,1195.7443387125934,62.09631107178516,141.94912890284715,HIT,True,731.3257035594215
2026_07_21_gym,flight_73,30,1,1150,ok,False,27,27,1316.5283453551228,1194.3399579562204,1254.4479171718779,1195.7443387125934,62.09631107178516,141.94912890284715,HIT,True,731.3257035594215
2026_07_21_gym,flight_73,30,1,1200,ok,False,27,27,1316.5283453551228,1194.3399579562204,1254.4479171718779,1195.7443387125934,62.09631107178516,141.94912890284715,HIT,True,731.3257035594215
2026_07_21_gym,flight_73,30,1,1250,ok,False,27,27,1316.5283453551228,1194.3399579562204,1254.4479171718779,1195.7443387125934,62.09631107178516,141.94912890284715,HIT,True,731.3257035594215
2026_07_21_gym,flight_74,30,1,150,not_fit_eligible,True,5,5,,,,,,,,,
2026_07_21_gym,flight_74,30,1,200,not_fit_eligible,True,7,7,,,,,,,,,
2026_07_21_gym,flight_74,30,1,250,fit_failed,True,8,8,,,,,,,,,
2026_07_21_gym,flight_74,30,1,300,fit_failed,True,10,10,,,,,,,,,
2026_07_21_gym,flight_74,30,1,350,fit_failed,True,11,11,,,,,,,,,
2026_07_21_gym,flight_74,30,1,400,ok,True,13,13,1530.9145605300998,1283.4393606169112,1662.5647888234791,1325.1526171294302,138.10060962420872,429.7906594048558,HIT,True,620.9057088448179
2026_07_21_gym,flight_74,30,1,450,ok,True,14,14,1590.2648464685324,1284.1036906682089,1662.5647888234791,1325.1526171294302,83.14021907685462,267.0447742707914,HIT,True,618.4729399051001
2026_07_21_gym,flight_74,30,1,490,ok,True,15,15,1546.4317448649385,1285.3539745016928,1662.5647888234791,1325.1526171294302,122.76325123621757,371.7657469358556,HIT,True,619.6524442122471
2026_07_21_gym,flight_74,30,1,500,ok,True,16,16,1574.345129161994,1302.2887452696366,1662.5647888234791,1325.1526171294302,91.13432386982046,319.63390307572524,HIT,True,616.6568733959061
2026_07_21_gym,flight_74,30,1,550,ok,True,17,17,1574.345131267262,1302.2887392385096,1662.5647888234791,1325.1526171294302,91.1343233449787,319.6339069899112,HIT,True,616.6568749716256
2026_07_21_gym,flight_74,30,1,600,ok,True,18,18,1596.017644286672,1304.2946376861541,1662.5647888234791,1325.1526171294302,69.73935583627667,276.06467318751453,HIT,True,615.1981712615565
2026_07_21_gym,flight_74,30,1,650,ok,False,19,19,1602.0479300725237,1305.4118558695043,1662.5647888234791,1325.1526171294302,63.6552264013292,222.79767441138728,HIT,True,614.5708614447498
2026_07_21_gym,flight_74,30,1,700,ok,False,21,21,1637.2863427959771,1324.983988818515,1662.5647888234791,1325.1526171294302,25.279008466958793,56.71145481554457,HIT,True,609.6599783007854
2026_07_21_gym,flight_74,30,1,750,ok,False,22,22,1602.048180670054,1305.4111836221434,1662.5647888234791,1325.1526171294302,63.65519664032008,222.79815020550228,HIT,True,614.5710373193515
2026_07_21_gym,flight_74,30,1,800,ok,False,23,23,1663.6982531424492,1316.9606616595265,1662.5647888234791,1325.1526171294302,8.269998535868204,42.387212156983004,HIT,True,612.322598242542
2026_07_21_gym,flight_74,30,1,850,ok,False,23,23,1663.6982531424492,1316.9606616595265,1662.5647888234791,1325.1526171294302,8.269998535868204,42.387212156983004,HIT,True,612.322598242542
2026_07_21_gym,flight_74,30,1,900,ok,False,23,23,1663.6982531424492,1316.9606616595265,1662.5647888234791,1325.1526171294302,8.269998535868204,42.387212156983004,HIT,True,612.322598242542
2026_07_21_gym,flight_74,30,1,950,ok,False,23,23,1663.6982531424492,1316.9606616595265,1662.5647888234791,1325.1526171294302,8.269998535868204,42.387212156983004,HIT,True,612.322598242542
2026_07_21_gym,flight_74,30,1,1000,ok,False,23,23,1663.6982531424492,1316.9606616595265,1662.5647888234791,1325.1526171294302,8.269998535868204,42.387212156983004,HIT,True,612.322598242542
2026_07_21_gym,flight_74,30,1,1050,ok,False,23,23,1663.6982531424492,1316.9606616595265,1662.5647888234791,1325.1526171294302,8.269998535868204,42.387212156983004,HIT,True,612.322598242542
2026_07_21_gym,flight_74,30,1,1100,ok,False,23,23,1663.6982531424492,1316.9606616595265,1662.5647888234791,1325.1526171294302,8.269998535868204,42.387212156983004,HIT,True,612.322598242542
2026_07_21_gym,flight_74,30,1,1150,ok,False,23,23,1663.6982531424492,1316.9606616595265,1662.5647888234791,1325.1526171294302,8.269998535868204,42.387212156983004,HIT,True,612.322598242542
2026_07_21_gym,flight_74,30,1,1200,ok,False,23,23,1663.6982531424492,1316.9606616595265,1662.5647888234791,1325.1526171294302,8.269998535868204,42.387212156983004,HIT,True,612.322598242542
2026_07_21_gym,flight_74,30,1,1250,ok,False,23,23,1663.6982531424492,1316.9606616595265,1662.5647888234791,1325.1526171294302,8.269998535868204,42.387212156983004,HIT,True,612.322598242542
2026_07_21_gym,flight_75,30,1,150,not_fit_eligible,True,5,5,,,,,,,,,
2026_07_21_gym,flight_75,30,1,200,not_fit_eligible,True,7,7,,,,,,,,,
2026_07_21_gym,flight_75,30,1,250,fit_failed,True,8,8,,,,,,,,,
2026_07_21_gym,flight_75,30,1,300,ok,True,10,10,1460.3665510501664,846.36559899628,1184.5492903426798,923.7531039480931,286.4681260225098,553.2308973376689,HIT,True,635.4447176958796
2026_07_21_gym,flight_75,30,1,350,fit_failed,True,11,11,,,,,,,,,
2026_07_21_gym,flight_75,30,1,400,ok,True,13,13,1206.5286112547094,903.6935318255297,1184.5492903426798,923.7531039480931,29.756965260158914,54.72499559858017,HIT,True,641.0716367668649
2026_07_21_gym,flight_75,30,1,450,ok,True,14,14,1206.5286113217223,903.6935315134444,1184.5492903426798,923.7531039480931,29.75696552003742,54.72499597662258,HIT,True,641.0716368360937
2026_07_21_gym,flight_75,30,1,490,ok,True,15,15,1157.3612371705597,915.7178703100736,1184.5492903426798,923.7531039480931,28.350576976625913,40.93626396732032,HIT,True,641.3644470366064
2026_07_21_gym,flight_75,30,1,500,ok,True,16,16,1186.28236349927,911.4394458866274,1184.5492903426798,923.7531039480931,12.435019799774903,107.83389610895684,HIT,True,638.7766443943068
2026_07_21_gym,flight_75,30,1,550,ok,True,17,17,1166.0094545308411,915.8622292944219,1184.5492903426798,923.7531039480931,20.1492286385828,40.04881780304065,HIT,True,639.3622166303688
2026_07_21_gym,flight_75,30,1,600,ok,True,19,19,1180.15762892294,920.4729672753149,1184.5492903426798,923.7531039480931,5.481421952170457,11.027831134537427,HIT,True,639.8511386362212
2026_07_21_gym,flight_75,30,1,650,ok,False,20,20,1156.102891372098,933.0819979953887,1184.5492903426798,923.7531039480931,29.937031892610687,48.1182078078767,HIT,True,638.0141704232907
2026_07_21_gym,flight_75,30,1,700,ok,False,21,21,1175.706401608232,931.5952168067332,1184.5492903426798,923.7531039480931,11.819281503436343,33.26331524229291,HIT,True,638.4544009236516
2026_07_21_gym,flight_75,30,1,750,ok,False,22,22,1149.9868419000195,938.414143197705,1184.5492903426798,923.7531039480931,37.543427044293814,91.09336470606925,HIT,True,636.6355929290173
2026_07_21_gym,flight_75,30,1,800,ok,False,22,22,1149.9868419000195,938.414143197705,1184.5492903426798,923.7531039480931,37.543427044293814,91.09336470606925,HIT,True,636.6355929290173
2026_07_21_gym,flight_75,30,1,850,ok,False,22,22,1149.9868419000195,938.414143197705,1184.5492903426798,923.7531039480931,37.543427044293814,91.09336470606925,HIT,True,636.6355929290173
2026_07_21_gym,flight_75,30,1,900,ok,False,22,22,1149.9868419000195,938.414143197705,1184.5492903426798,923.7531039480931,37.543427044293814,91.09336470606925,HIT,True,636.6355929290173
2026_07_21_gym,flight_75,30,1,950,ok,False,22,22,1149.9868419000195,938.414143197705,1184.5492903426798,923.7531039480931,37.543427044293814,91.09336470606925,HIT,True,636.6355929290173
2026_07_21_gym,flight_75,30,1,1000,ok,False,22,22,1149.9868419000195,938.414143197705,1184.5492903426798,923.7531039480931,37.543427044293814,91.09336470606925,HIT,True,636.6355929290173
2026_07_21_gym,flight_75,30,1,1050,ok,False,22,22,1149.9868419000195,938.414143197705,1184.5492903426798,923.7531039480931,37.543427044293814,91.09336470606925,HIT,True,636.6355929290173
2026_07_21_gym,flight_75,30,1,1100,ok,False,22,22,1149.9868419000195,938.414143197705,1184.5492903426798,923.7531039480931,37.543427044293814,91.09336470606925,HIT,True,636.6355929290173
2026_07_21_gym,flight_75,30,1,1150,ok,False,22,22,1149.9868419000195,938.414143197705,1184.5492903426798,923.7531039480931,37.543427044293814,91.09336470606925,HIT,True,636.6355929290173
2026_07_21_gym,flight_75,30,1,1200,ok,False,22,22,1149.9868419000195,938.414143197705,1184.5492903426798,923.7531039480931,37.543427044293814,91.09336470606925,HIT,True,636.6355929290173
2026_07_21_gym,flight_75,30,1,1250,ok,False,22,22,1149.9868419000195,938.414143197705,1184.5492903426798,923.7531039480931,37.543427044293814,91.09336470606925,HIT,True,636.6355929290173
2026_07_21_gym,flight_76,30,1,150,not_fit_eligible,True,5,5,,,,,,,,,
2026_07_21_gym,flight_76,30,1,200,not_fit_eligible,True,7,7,,,,,,,,,
2026_07_21_gym,flight_76,30,1,250,fit_failed,True,8,8,,,,,,,,,
2026_07_21_gym,flight_76,30,1,300,fit_failed,True,10,10,,,,,,,,,
2026_07_21_gym,flight_76,30,1,350,ok,True,11,11,699.6399391362172,732.9384416287955,911.215321356446,768.3043997137119,214.51082339336625,373.7863707907026,HIT,True,724.3892740143187
2026_07_21_gym,flight_76,30,1,400,ok,True,13,13,725.1167042546821,745.1933686691563,911.215321356446,768.3043997137119,187.52817133201972,332.3072426963165,HIT,True,723.5308782256366
2026_07_21_gym,flight_76,30,1,450,ok,True,14,14,724.6592909937201,754.231791396333,911.215321356446,768.3043997137119,187.08605177712383,321.73785047402976,HIT,True,721.0767827381741
2026_07_21_gym,flight_76,30,1,490,ok,True,15,15,776.0895405874979,763.0720596551143,911.215321356446,768.3043997137119,135.2270461516727,216.4418299935851,HIT,True,719.1983934783951
2026_07_21_gym,flight_76,30,1,500,ok,True,16,16,776.0895407472156,763.072058109235,911.215321356446,768.3043997137119,135.2270460518894,216.441830361696,HIT,True,719.1983937990872
2026_07_21_gym,flight_76,30,1,550,ok,True,17,17,875.6090712637581,770.9051570279415,911.215321356446,768.3043997137119,35.70110620513819,17.275690579204532,HIT,True,715.3080027635739
2026_07_21_gym,flight_76,30,1,600,ok,True,19,19,966.6989863632339,751.6485551587059,911.215321356446,768.3043997137119,57.92973537334672,127.53020701775316,HIT,True,717.636355025787
2026_07_21_gym,flight_76,30,1,650,ok,True,20,20,947.7495459759173,763.7150732136869,911.215321356446,768.3043997137119,36.821345524977936,121.49705649456024,HIT,True,715.165176307747
2026_07_21_gym,flight_76,30,1,700,ok,True,22,22,925.8571972352762,766.1363409259742,911.215321356446,768.3043997137119,14.801520467781556,48.84801740174798,HIT,True,716.180931167884
2026_07_21_gym,flight_76,30,1,750,ok,False,23,23,944.2808049849522,771.1230866637769,911.215321356446,768.3043997137119,33.18540648703097,92.95675274020213,HIT,True,715.0397119339955
2026_07_21_gym,flight_76,30,1,800,ok,False,25,25,951.7130103931803,762.2513502927615,911.215321356446,768.3043997137119,40.94755456200648,97.98391566553337,HIT,True,715.0304106600274
2026_07_21_gym,flight_76,30,1,850,ok,False,25,25,951.7130103931803,762.2513502927615,911.215321356446,768.3043997137119,40.94755456200648,97.98391566553337,HIT,True,715.0304106600274
2026_07_21_gym,flight_76,30,1,900,ok,False,25,25,951.7130103931803,762.2513502927615,911.215321356446,768.3043997137119,40.94755456200648,97.98391566553337,HIT,True,715.0304106600274
2026_07_21_gym,flight_76,30,1,950,ok,False,25,25,951.7130103931803,762.2513502927615,911.215321356446,768.3043997137119,40.94755456200648,97.98391566553337,HIT,True,715.0304106600274
2026_07_21_gym,flight_76,30,1,1000,ok,False,25,25,951.7130103931803,762.2513502927615,911.215321356446,768.3043997137119,40.94755456200648,97.98391566553337,HIT,True,715.0304106600274
2026_07_21_gym,flight_76,30,1,1050,ok,False,25,25,951.7130103931803,762.2513502927615,911.215321356446,768.3043997137119,40.94755456200648,97.98391566553337,HIT,True,715.0304106600274
2026_07_21_gym,flight_76,30,1,1100,ok,False,25,25,951.7130103931803,762.2513502927615,911.215321356446,768.3043997137119,40.94755456200648,97.98391566553337,HIT,True,715.0304106600274
2026_07_21_gym,flight_76,30,1,1150,ok,False,25,25,951.7130103931803,762.2513502927615,911.215321356446,768.3043997137119,40.94755456200648,97.98391566553337,HIT,True,715.0304106600274
2026_07_21_gym,flight_76,30,1,1200,ok,False,25,25,951.7130103931803,762.2513502927615,911.215321356446,768.3043997137119,40.94755456200648,97.98391566553337,HIT,True,715.0304106600274
2026_07_21_gym,flight_76,30,1,1250,ok,False,25,25,951.7130103931803,762.2513502927615,911.215321356446,768.3043997137119,40.94755456200648,97.98391566553337,HIT,True,715.0304106600274
2026_07_21_gym,flight_77,30,1,150,not_fit_eligible,True,5,5,,,,,,,,,
2026_07_21_gym,flight_77,30,1,200,not_fit_eligible,True,7,7,,,,,,,,,
2026_07_21_gym,flight_77,30,1,250,fit_failed,True,8,8,,,,,,,,,
2026_07_21_gym,flight_77,30,1,300,fit_failed,True,10,10,,,,,,,,,
2026_07_21_gym,flight_77,30,1,350,ok,True,11,11,1153.9968960981814,575.2139167383584,1189.7401056776537,688.4004516491287,118.69611921267311,278.7086863605922,HIT,True,682.8355727185491
2026_07_21_gym,flight_77,30,1,400,ok,True,13,13,1258.728801950691,606.9471325180654,1189.7401056776537,688.4004516491287,106.74307195748229,189.28207126636084,HIT,True,676.210233057825
2026_07_21_gym,flight_77,30,1,450,ok,True,14,14,1272.5456726821394,609.1424774548707,1189.7401056776537,688.4004516491287,114.62368167316932,196.79737294486532,HIT,True,675.5901768622111
2026_07_21_gym,flight_77,30,1,490,ok,True,15,15,1194.6033244581572,636.3242376140009,1189.7401056776537,688.4004516491287,52.302800738961245,94.8147730009235,HIT,True,674.671529016566
2026_07_21_gym,flight_77,30,1,500,ok,True,16,16,1144.2907256521703,634.8479082018396,1189.7401056776537,688.4004516491287,70.23902799992752,201.73191825872752,HIT,True,677.9670492775799
2026_07_21_gym,flight_77,30,1,550,ok,True,17,17,1163.0227032079624,638.8950632051761,1189.7401056776537,688.4004516491287,56.25480494779179,177.11908713454864,HIT,True,678.3739222059442
2026_07_21_gym,flight_77,30,1,600,ok,True,19,19,1189.786639847848,662.8805726986816,1189.7401056776537,688.4004516491287,25.519921376729812,52.43749150329016,HIT,True,674.3236630044265
2026_07_21_gym,flight_77,30,1,650,ok,True,20,20,1189.7866513139,662.880514624254,1189.7401056776537,688.4004516491287,25.519979471971066,52.437574309774824,HIT,True,674.3236750706322
2026_07_21_gym,flight_77,30,1,700,ok,False,20,20,1189.7866513139,662.880514624254,1189.7401056776537,688.4004516491287,25.519979471971066,52.437574309774824,HIT,True,674.3236750706322
2026_07_21_gym,flight_77,30,1,750,ok,False,21,21,1224.7764092897182,669.9467362534243,1189.7401056776537,688.4004516491287,39.59901744617442,73.44110661197996,HIT,True,674.7435784908213
2026_07_21_gym,flight_77,30,1,800,ok,False,21,21,1224.7764092897182,669.9467362534243,1189.7401056776537,688.4004516491287,39.59901744617442,73.44110661197996,HIT,True,674.7435784908213
2026_07_21_gym,flight_77,30,1,850,ok,False,21,21,1224.7764092897182,669.9467362534243,1189.7401056776537,688.4004516491287,39.59901744617442,73.44110661197996,HIT,True,674.7435784908213
2026_07_21_gym,flight_77,30,1,900,ok,False,21,21,1224.7764092897182,669.9467362534243,1189.7401056776537,688.4004516491287,39.59901744617442,73.44110661197996,HIT,True,674.7435784908213
2026_07_21_gym,flight_77,30,1,950,ok,False,21,21,1224.7764092897182,669.9467362534243,1189.7401056776537,688.4004516491287,39.59901744617442,73.44110661197996,HIT,True,674.7435784908213
2026_07_21_gym,flight_77,30,1,1000,ok,False,21,21,1224.7764092897182,669.9467362534243,1189.7401056776537,688.4004516491287,39.59901744617442,73.44110661197996,HIT,True,674.7435784908213
2026_07_21_gym,flight_77,30,1,1050,ok,False,21,21,1224.7764092897182,669.9467362534243,1189.7401056776537,688.4004516491287,39.59901744617442,73.44110661197996,HIT,True,674.7435784908213
2026_07_21_gym,flight_77,30,1,1100,ok,False,21,21,1224.7764092897182,669.9467362534243,1189.7401056776537,688.4004516491287,39.59901744617442,73.44110661197996,HIT,True,674.7435784908213
2026_07_21_gym,flight_77,30,1,1150,ok,False,21,21,1224.7764092897182,669.9467362534243,1189.7401056776537,688.4004516491287,39.59901744617442,73.44110661197996,HIT,True,674.7435784908213
2026_07_21_gym,flight_77,30,1,1200,ok,False,21,21,1224.7764092897182,669.9467362534243,1189.7401056776537,688.4004516491287,39.59901744617442,73.44110661197996,HIT,True,674.7435784908213
2026_07_21_gym,flight_77,30,1,1250,ok,False,21,21,1224.7764092897182,669.9467362534243,1189.7401056776537,688.4004516491287,39.59901744617442,73.44110661197996,HIT,True,674.7435784908213
2026_07_21_gym,flight_78,30,1,150,not_fit_eligible,True,5,5,,,,,,,,,
2026_07_21_gym,flight_78,30,1,200,not_fit_eligible,True,7,7,,,,,,,,,
2026_07_21_gym,flight_78,30,1,250,fit_failed,True,8,8,,,,,,,,,
2026_07_21_gym,flight_78,30,1,300,ok,True,10,10,788.821521901244,857.361378761469,906.2568001043387,910.7784854072523,129.01330105475654,250.91296025851682,HIT,True,581.5127819537711
2026_07_21_gym,flight_78,30,1,350,ok,True,11,11,789.572454130901,892.0847458924209,906.2568001043387,910.7784854072523,118.1723000211864,200.10652482129362,HIT,True,577.6456184655522
2026_07_21_gym,flight_78,30,1,400,ok,True,13,13,856.443370794702,882.2414989436053,906.2568001043387,910.7784854072523,57.408512748655575,92.0301112264882,HIT,True,575.7826073962988
2026_07_21_gym,flight_78,30,1,450,ok,True,14,14,856.4433709266146,882.24149799392,906.2568001043387,910.7784854072523,57.408513106270384,92.0301126631816,HIT,True,575.7826076141484
2026_07_21_gym,flight_78,30,1,490,ok,True,15,15,856.4433712885029,882.2414953885531,906.2568001043387,910.7784854072523,57.40851408735188,92.03011660297717,HIT,True,575.7826082117973
2026_07_21_gym,flight_78,30,1,500,ok,True,16,16,896.9781664058802,895.5667185801373,906.2568001043387,910.7784854072523,17.818274139564938,57.40756160359661,HIT,True,574.8021409420343
2026_07_21_gym,flight_78,30,1,550,ok,True,17,17,871.1493829931784,900.6103680956586,906.2568001043387,910.7784854072523,36.55025780865744,37.41829794174346,HIT,True,574.1656138678219
2026_07_21_gym,flight_78,30,1,600,ok,False,19,19,924.5049724002989,910.8799799044463,906.2568001043387,910.7784854072523,18.24845454486518,119.52359759401807,HIT,True,572.9746598779984
2026_07_21_gym,flight_78,30,1,650,ok,False,20,20,930.0819849882632,908.7043194656127,906.2568001043387,910.7784854072523,23.91530052302591,63.47652288301791,HIT,True,573.4045247865711
2026_07_21_gym,flight_78,30,1,700,ok,False,22,22,901.6842365897819,912.5173389560206,906.2568001043387,910.7784854072523,4.892029104443268,55.847931073635166,HIT,True,571.63212932703
2026_07_21_gym,flight_78,30,1,750,ok,False,22,22,901.6842365897819,912.5173389560206,906.2568001043387,910.7784854072523,4.892029104443268,55.847931073635166,HIT,True,571.63212932703
2026_07_21_gym,flight_78,30,1,800,ok,False,22,22,901.6842365897819,912.5173389560206,906.2568001043387,910.7784854072523,4.892029104443268,55.847931073635166,HIT,True,571.63212932703
2026_07_21_gym,flight_78,30,1,850,ok,False,22,22,901.6842365897819,912.5173389560206,906.2568001043387,910.7784854072523,4.892029104443268,55.847931073635166,HIT,True,571.63212932703
2026_07_21_gym,flight_78,30,1,900,ok,False,22,22,901.6842365897819,912.5173389560206,906.2568001043387,910.7784854072523,4.892029104443268,55.847931073635166,HIT,True,571.63212932703
2026_07_21_gym,flight_78,30,1,950,ok,False,22,22,901.6842365897819,912.5173389560206,906.2568001043387,910.7784854072523,4.892029104443268,55.847931073635166,HIT,True,571.63212932703
2026_07_21_gym,flight_78,30,1,1000,ok,False,22,22,901.6842365897819,912.5173389560206,906.2568001043387,910.7784854072523,4.892029104443268,55.847931073635166,HIT,True,571.63212932703
2026_07_21_gym,flight_78,30,1,1050,ok,False,22,22,901.6842365897819,912.5173389560206,906.2568001043387,910.7784854072523,4.892029104443268,55.847931073635166,HIT,True,571.63212932703
2026_07_21_gym,flight_78,30,1,1100,ok,False,22,22,901.6842365897819,912.5173389560206,906.2568001043387,910.7784854072523,4.892029104443268,55.847931073635166,HIT,True,571.63212932703
2026_07_21_gym,flight_78,30,1,1150,ok,False,22,22,901.6842365897819,912.5173389560206,906.2568001043387,910.7784854072523,4.892029104443268,55.847931073635166,HIT,True,571.63212932703
2026_07_21_gym,flight_78,30,1,1200,ok,False,22,22,901.6842365897819,912.5173389560206,906.2568001043387,910.7784854072523,4.892029104443268,55.847931073635166,HIT,True,571.63212932703
2026_07_21_gym,flight_78,30,1,1250,ok,False,22,22,901.6842365897819,912.5173389560206,906.2568001043387,910.7784854072523,4.892029104443268,55.847931073635166,HIT,True,571.63212932703
2026_07_21_gym,flight_79,30,1,150,not_fit_eligible,True,5,5,,,,,,,,,
2026_07_21_gym,flight_79,30,1,200,not_fit_eligible,True,7,7,,,,,,,,,
2026_07_21_gym,flight_79,30,1,250,ok,True,8,8,784.5944432479129,541.0825853609309,778.0715795667869,637.5441055855092,96.68181129167615,269.066134936798,HIT,True,499.3675312413087
2026_07_21_gym,flight_79,30,1,300,ok,True,10,10,822.4337766972761,573.2803247785527,778.0715795667869,637.5441055855092,78.08865511614952,233.38955993308153,HIT,True,498.5312226187313
2026_07_21_gym,flight_79,30,1,350,ok,True,11,11,832.22473303421,580.2843956514449,778.0715795667869,637.5441055855092,78.81141041879314,221.70499160286803,HIT,True,497.2522942624865
2026_07_21_gym,flight_79,30,1,400,ok,True,13,13,836.0954864787338,595.2111813475324,778.0715795667869,637.5441055855092,71.82513660178148,197.14124093446966,HIT,True,495.98435124811897
2026_07_21_gym,flight_79,30,1,450,ok,True,14,14,799.3309042749545,619.7382355424353,778.0715795667869,637.5441055855092,27.730991598537223,81.67067447940661,HIT,True,493.4295182940941
2026_07_21_gym,flight_79,30,1,490,ok,True,15,15,836.0954875456911,595.211172318388,778.0715795667869,637.5441055855092,71.82514278539847,197.14125148693083,HIT,True,495.98435322138386
2026_07_21_gym,flight_79,30,1,500,ok,False,16,16,786.5083732998382,638.6427591034756,778.0715795667869,637.5441055855092,8.508027271147762,18.072084241279242,HIT,True,490.89086811261274
2026_07_21_gym,flight_79,30,1,550,ok,False,16,16,786.5083732998382,638.6427591034756,778.0715795667869,637.5441055855092,8.508027271147762,18.072084241279242,HIT,True,490.89086811261274
2026_07_21_gym,flight_79,30,1,600,ok,False,16,16,786.5083732998382,638.6427591034756,778.0715795667869,637.5441055855092,8.508027271147762,18.072084241279242,HIT,True,490.89086811261274
2026_07_21_gym,flight_79,30,1,650,ok,False,16,16,786.5083732998382,638.6427591034756,778.0715795667869,637.5441055855092,8.508027271147762,18.072084241279242,HIT,True,490.89086811261274
2026_07_21_gym,flight_79,30,1,700,ok,False,16,16,786.5083732998382,638.6427591034756,778.0715795667869,637.5441055855092,8.508027271147762,18.072084241279242,HIT,True,490.89086811261274
2026_07_21_gym,flight_79,30,1,750,ok,False,16,16,786.5083732998382,638.6427591034756,778.0715795667869,637.5441055855092,8.508027271147762,18.072084241279242,HIT,True,490.89086811261274
2026_07_21_gym,flight_79,30,1,800,ok,False,16,16,786.5083732998382,638.6427591034756,778.0715795667869,637.5441055855092,8.508027271147762,18.072084241279242,HIT,True,490.89086811261274
2026_07_21_gym,flight_79,30,1,850,ok,False,16,16,786.5083732998382,638.6427591034756,778.0715795667869,637.5441055855092,8.508027271147762,18.072084241279242,HIT,True,490.89086811261274
2026_07_21_gym,flight_79,30,1,900,ok,False,16,16,786.5083732998382,638.6427591034756,778.0715795667869,637.5441055855092,8.508027271147762,18.072084241279242,HIT,True,490.89086811261274
2026_07_21_gym,flight_79,30,1,950,ok,False,16,16,786.5083732998382,638.6427591034756,778.0715795667869,637.5441055855092,8.508027271147762,18.072084241279242,HIT,True,490.89086811261274
2026_07_21_gym,flight_79,30,1,1000,ok,False,16,16,786.5083732998382,638.6427591034756,778.0715795667869,637.5441055855092,8.508027271147762,18.072084241279242,HIT,True,490.89086811261274
2026_07_21_gym,flight_79,30,1,1050,ok,False,16,16,786.5083732998382,638.6427591034756,778.0715795667869,637.5441055855092,8.508027271147762,18.072084241279242,HIT,True,490.89086811261274
2026_07_21_gym,flight_79,30,1,1100,ok,False,16,16,786.5083732998382,638.6427591034756,778.0715795667869,637.5441055855092,8.508027271147762,18.072084241279242,HIT,True,490.89086811261274
2026_07_21_gym,flight_79,30,1,1150,ok,False,16,16,786.5083732998382,638.6427591034756,778.0715795667869,637.5441055855092,8.508027271147762,18.072084241279242,HIT,True,490.89086811261274
2026_07_21_gym,flight_79,30,1,1200,ok,False,16,16,786.5083732998382,638.6427591034756,778.0715795667869,637.5441055855092,8.508027271147762,18.072084241279242,HIT,True,490.89086811261274
2026_07_21_gym,flight_79,30,1,1250,ok,False,16,16,786.5083732998382,638.6427591034756,778.0715795667869,637.5441055855092,8.508027271147762,18.072084241279242,HIT,True,490.89086811261274
2026_07_21_gym,flight_82,30,1,150,not_fit_eligible,True,5,5,,,,,,,,,
2026_07_21_gym,flight_82,30,1,200,not_fit_eligible,True,7,7,,,,,,,,,
2026_07_21_gym,flight_82,30,1,250,fit_failed,True,8,8,,,,,,,,,
2026_07_21_gym,flight_82,30,1,300,ok,True,10,10,853.7183197977739,504.88740306531025,915.9400529689351,560.9864806235842,83.7773870546964,214.7399910091699,HIT,True,543.1957385630659
2026_07_21_gym,flight_82,30,1,350,ok,True,11,11,879.539738949028,530.5383980005539,915.9400529689351,560.9864806235842,47.45596481125131,133.13247849158014,HIT,True,541.1775892924197
2026_07_21_gym,flight_82,30,1,400,ok,True,13,13,899.8025140022634,539.1110979778936,915.9400529689351,560.9864806235842,27.183681314278058,72.61388561529594,HIT,True,538.9848610905232
2026_07_21_gym,flight_82,30,1,450,ok,True,14,14,888.8803006330327,540.125892358078,915.9400529689351,560.9864806235842,34.16715292884895,71.66268766834085,HIT,True,537.5078772689964
2026_07_21_gym,flight_82,30,1,490,ok,True,15,15,897.0797802029285,547.685870393315,915.9400529689351,560.9864806235842,23.078477447737104,42.16179038483498,HIT,True,536.608088680051
2026_07_21_gym,flight_82,30,1,500,ok,True,16,16,914.9632192932232,549.2787665534985,915.9400529689351,560.9864806235842,11.748394476560906,26.39419333219671,HIT,True,536.1621680195306
2026_07_21_gym,flight_82,30,1,550,ok,False,17,17,919.7752741576571,561.1827432328764,915.9400529689351,560.9864806235842,3.840239651145293,29.606364450348686,HIT,True,535.1423680862661
2026_07_21_gym,flight_82,30,1,600,ok,False,18,18,916.57821071022,560.2378347110523,915.9400529689351,560.9864806235842,0.9837255740868398,30.146942283387965,HIT,True,535.2614233844947
2026_07_21_gym,flight_82,30,1,650,ok,False,18,18,916.57821071022,560.2378347110523,915.9400529689351,560.9864806235842,0.9837255740868398,30.146942283387965,HIT,True,535.2614233844947
2026_07_21_gym,flight_82,30,1,700,ok,False,18,18,916.57821071022,560.2378347110523,915.9400529689351,560.9864806235842,0.9837255740868398,30.146942283387965,HIT,True,535.2614233844947
2026_07_21_gym,flight_82,30,1,750,ok,False,18,18,916.57821071022,560.2378347110523,915.9400529689351,560.9864806235842,0.9837255740868398,30.146942283387965,HIT,True,535.2614233844947
2026_07_21_gym,flight_82,30,1,800,ok,False,18,18,916.57821071022,560.2378347110523,915.9400529689351,560.9864806235842,0.9837255740868398,30.146942283387965,HIT,True,535.2614233844947
2026_07_21_gym,flight_82,30,1,850,ok,False,18,18,916.57821071022,560.2378347110523,915.9400529689351,560.9864806235842,0.9837255740868398,30.146942283387965,HIT,True,535.2614233844947
2026_07_21_gym,flight_82,30,1,900,ok,False,18,18,916.57821071022,560.2378347110523,915.9400529689351,560.9864806235842,0.9837255740868398,30.146942283387965,HIT,True,535.2614233844947
2026_07_21_gym,flight_82,30,1,950,ok,False,18,18,916.57821071022,560.2378347110523,915.9400529689351,560.9864806235842,0.9837255740868398,30.146942283387965,HIT,True,535.2614233844947
2026_07_21_gym,flight_82,30,1,1000,ok,False,18,18,916.57821071022,560.2378347110523,915.9400529689351,560.9864806235842,0.9837255740868398,30.146942283387965,HIT,True,535.2614233844947
2026_07_21_gym,flight_82,30,1,1050,ok,False,18,18,916.57821071022,560.2378347110523,915.9400529689351,560.9864806235842,0.9837255740868398,30.146942283387965,HIT,True,535.2614233844947
2026_07_21_gym,flight_82,30,1,1100,ok,False,18,18,916.57821071022,560.2378347110523,915.9400529689351,560.9864806235842,0.9837255740868398,30.146942283387965,HIT,True,535.2614233844947
2026_07_21_gym,flight_82,30,1,1150,ok,False,18,18,916.57821071022,560.2378347110523,915.9400529689351,560.9864806235842,0.9837255740868398,30.146942283387965,HIT,True,535.2614233844947
2026_07_21_gym,flight_82,30,1,1200,ok,False,18,18,916.57821071022,560.2378347110523,915.9400529689351,560.9864806235842,0.9837255740868398,30.146942283387965,HIT,True,535.2614233844947
2026_07_21_gym,flight_82,30,1,1250,ok,False,18,18,916.57821071022,560.2378347110523,915.9400529689351,560.9864806235842,0.9837255740868398,30.146942283387965,HIT,True,535.2614233844947
2026_07_21_gym,flight_83,30,1,150,not_fit_eligible,True,5,5,,,,,,,,,
2026_07_21_gym,flight_83,30,1,200,not_fit_eligible,True,7,7,,,,,,,,,
2026_07_21_gym,flight_83,30,1,250,ok,True,8,8,524.6769044863429,816.6795201163214,660.0391917671415,856.1105874478712,140.98850268300126,319.07764796284465,HIT,True,561.0313366300121
2026_07_21_gym,flight_83,30,1,300,ok,True,10,10,549.3695503693033,806.596010969909,660.0391917671415,856.1105874478712,121.24134117914595,272.53415924050995,HIT,True,558.9873708858921
2026_07_21_gym,flight_83,30,1,350,ok,True,11,11,593.3671128637417,817.4472267081422,660.0391917671415,856.1105874478712,77.07153540050687,197.03887928742452,HIT,True,558.8343258144783
2026_07_21_gym,flight_83,30,1,400,ok,True,13,13,615.9051985065363,825.6756628401636,660.0391917671415,856.1105874478712,53.610577286613804,135.81290520698235,HIT,True,556.5515223687756
2026_07_21_gym,flight_83,30,1,450,ok,True,14,14,641.8400871654379,832.1676325204686,660.0391917671415,856.1105874478712,30.074449271090256,91.95426604964457,HIT,True,555.9543045469941
2026_07_21_gym,flight_83,30,1,490,ok,True,15,15,664.2034570538476,833.9234002413478,660.0391917671415,856.1105874478712,22.57459593249414,82.28190146672813,HIT,True,555.8103039021132
2026_07_21_gym,flight_83,30,1,500,ok,True,16,16,663.0873479464706,840.4826747954355,660.0391917671415,856.1105874478712,15.92240276986306,60.492131518884655,HIT,True,554.8815947452587
2026_07_21_gym,flight_83,30,1,550,ok,True,16,16,663.0873479464706,840.4826747954355,660.0391917671415,856.1105874478712,15.92240276986306,60.492131518884655,HIT,True,554.8815947452587
2026_07_21_gym,flight_83,30,1,600,ok,False,18,18,658.1685042998084,852.0863802665575,660.0391917671415,856.1105874478712,4.437760137566453,12.2204234336026,HIT,True,552.3066536607878
2026_07_21_gym,flight_83,30,1,650,ok,False,19,19,655.8006743291465,852.1109323572226,660.0391917671415,856.1105874478712,5.8277157545935925,11.412479997465525,HIT,True,552.3883019779466
2026_07_21_gym,flight_83,30,1,700,ok,False,20,20,660.2554239907294,855.6237017354846,660.0391917671415,856.1105874478712,0.5327420308592357,34.95864453719466,HIT,True,551.8526912099456
2026_07_21_gym,flight_83,30,1,750,ok,False,20,20,660.2554239907294,855.6237017354846,660.0391917671415,856.1105874478712,0.5327420308592357,34.95864453719466,HIT,True,551.8526912099456
2026_07_21_gym,flight_83,30,1,800,ok,False,20,20,660.2554239907294,855.6237017354846,660.0391917671415,856.1105874478712,0.5327420308592357,34.95864453719466,HIT,True,551.8526912099456
2026_07_21_gym,flight_83,30,1,850,ok,False,20,20,660.2554239907294,855.6237017354846,660.0391917671415,856.1105874478712,0.5327420308592357,34.95864453719466,HIT,True,551.8526912099456
2026_07_21_gym,flight_83,30,1,900,ok,False,20,20,660.2554239907294,855.6237017354846,660.0391917671415,856.1105874478712,0.5327420308592357,34.95864453719466,HIT,True,551.8526912099456
2026_07_21_gym,flight_83,30,1,950,ok,False,20,20,660.2554239907294,855.6237017354846,660.0391917671415,856.1105874478712,0.5327420308592357,34.95864453719466,HIT,True,551.8526912099456
2026_07_21_gym,flight_83,30,1,1000,ok,False,20,20,660.2554239907294,855.6237017354846,660.0391917671415,856.1105874478712,0.5327420308592357,34.95864453719466,HIT,True,551.8526912099456
2026_07_21_gym,flight_83,30,1,1050,ok,False,20,20,660.2554239907294,855.6237017354846,660.0391917671415,856.1105874478712,0.5327420308592357,34.95864453719466,HIT,True,551.8526912099456
2026_07_21_gym,flight_83,30,1,1100,ok,False,20,20,660.2554239907294,855.6237017354846,660.0391917671415,856.1105874478712,0.5327420308592357,34.95864453719466,HIT,True,551.8526912099456
2026_07_21_gym,flight_83,30,1,1150,ok,False,20,20,660.2554239907294,855.6237017354846,660.0391917671415,856.1105874478712,0.5327420308592357,34.95864453719466,HIT,True,551.8526912099456
2026_07_21_gym,flight_83,30,1,1200,ok,False,20,20,660.2554239907294,855.6237017354846,660.0391917671415,856.1105874478712,0.5327420308592357,34.95864453719466,HIT,True,551.8526912099456
2026_07_21_gym,flight_83,30,1,1250,ok,False,20,20,660.2554239907294,855.6237017354846,660.0391917671415,856.1105874478712,0.5327420308592357,34.95864453719466,HIT,True,551.8526912099456
2026_07_21_gym,flight_85,30,1,150,not_fit_eligible,True,5,5,,,,,,,,,
2026_07_21_gym,flight_85,30,1,200,not_fit_eligible,True,7,7,,,,,,,,,
2026_07_21_gym,flight_85,30,1,250,ok,True,8,8,42.741370841605594,1212.3178191184272,158.19724692733155,1240.7067893735875,118.89488195406429,399.69803163440787,HIT,True,546.9138159653569
2026_07_21_gym,flight_85,30,1,300,ok,True,10,10,100.47736551714914,1204.7227340074608,158.19724692733155,1240.7067893735875,68.01791639412367,315.58817716966826,HIT,True,546.1573421170054
2026_07_21_gym,flight_85,30,1,350,ok,True,11,11,64.9346651592939,1218.41517922791,158.19724692733155,1240.7067893735875,95.88965033269642,342.6272932545712,HIT,True,544.220615601612
2026_07_21_gym,flight_85,30,1,400,ok,True,13,13,60.83813472788571,1229.55016211964,158.19724692733155,1240.7067893735875,97.99626043858923,322.21900290098563,HIT,True,540.8592632618827
2026_07_21_gym,flight_85,30,1,450,ok,True,14,14,79.76511751023303,1223.6887507184983,158.19724692733155,1240.7067893735875,80.25716519144319,281.01354634557475,HIT,True,540.1767785123151
2026_07_21_gym,flight_85,30,1,490,ok,True,15,15,66.90507938526397,1230.8801104315687,158.19724692733155,1240.7067893735875,91.81951575541254,296.63922492606224,HIT,True,538.5261427157359
2026_07_21_gym,flight_85,30,1,500,ok,True,16,16,66.90507861515489,1230.8801044775087,158.19724692733155,1240.7067893735875,91.81951715831235,296.6392263203165,HIT,True,538.5261442979478
2026_07_21_gym,flight_85,30,1,550,ok,False,17,17,66.90507710846227,1230.8800928285991,158.19724692733155,1240.7067893735875,91.81951990303888,296.63922904635655,HIT,True,538.5261473934901
2026_07_21_gym,flight_85,30,1,600,ok,False,19,19,169.0644852373515,1232.992296620513,158.19724692733155,1240.7067893735875,13.32705019589881,69.00598557751795,HIT,True,536.5516088030422
2026_07_21_gym,flight_85,30,1,650,ok,False,20,20,169.0644694417198,1232.9920525801363,158.19724692733155,1240.7067893735875,13.327178582485411,69.00615709631809,HIT,True,536.5516736634198
2026_07_21_gym,flight_85,30,1,700,ok,False,21,21,175.15044194430985,1229.6458025957152,158.19724692733155,1240.7067893735875,20.24243685389595,83.15033956465797,HIT,True,536.3152636551524
2026_07_21_gym,flight_85,30,1,750,ok,False,21,21,175.15044194430985,1229.6458025957152,158.19724692733155,1240.7067893735875,20.24243685389595,83.15033956465797,HIT,True,536.3152636551524
2026_07_21_gym,flight_85,30,1,800,ok,False,21,21,175.15044194430985,1229.6458025957152,158.19724692733155,1240.7067893735875,20.24243685389595,83.15033956465797,HIT,True,536.3152636551524
2026_07_21_gym,flight_85,30,1,850,ok,False,21,21,175.15044194430985,1229.6458025957152,158.19724692733155,1240.7067893735875,20.24243685389595,83.15033956465797,HIT,True,536.3152636551524
2026_07_21_gym,flight_85,30,1,900,ok,False,21,21,175.15044194430985,1229.6458025957152,158.19724692733155,1240.7067893735875,20.24243685389595,83.15033956465797,HIT,True,536.3152636551524
2026_07_21_gym,flight_85,30,1,950,ok,False,21,21,175.15044194430985,1229.6458025957152,158.19724692733155,1240.7067893735875,20.24243685389595,83.15033956465797,HIT,True,536.3152636551524
2026_07_21_gym,flight_85,30,1,1000,ok,False,21,21,175.15044194430985,1229.6458025957152,158.19724692733155,1240.7067893735875,20.24243685389595,83.15033956465797,HIT,True,536.3152636551524
2026_07_21_gym,flight_85,30,1,1050,ok,False,21,21,175.15044194430985,1229.6458025957152,158.19724692733155,1240.7067893735875,20.24243685389595,83.15033956465797,HIT,True,536.3152636551524
2026_07_21_gym,flight_85,30,1,1100,ok,False,21,21,175.15044194430985,1229.6458025957152,158.19724692733155,1240.7067893735875,20.24243685389595,83.15033956465797,HIT,True,536.3152636551524
2026_07_21_gym,flight_85,30,1,1150,ok,False,21,21,175.15044194430985,1229.6458025957152,158.19724692733155,1240.7067893735875,20.24243685389595,83.15033956465797,HIT,True,536.3152636551524
2026_07_21_gym,flight_85,30,1,1200,ok,False,21,21,175.15044194430985,1229.6458025957152,158.19724692733155,1240.7067893735875,20.24243685389595,83.15033956465797,HIT,True,536.3152636551524
2026_07_21_gym,flight_85,30,1,1250,ok,False,21,21,175.15044194430985,1229.6458025957152,158.19724692733155,1240.7067893735875,20.24243685389595,83.15033956465797,HIT,True,536.3152636551524
2026_07_21_gym,flight_86,30,1,150,not_fit_eligible,True,5,5,,,,,,,,,
2026_07_21_gym,flight_86,30,1,200,not_fit_eligible,True,7,7,,,,,,,,,
2026_07_21_gym,flight_86,30,1,250,fit_failed,True,8,8,,,,,,,,,
2026_07_21_gym,flight_86,30,1,300,ok,True,10,10,514.4720931152042,390.49549522357165,612.0491670081335,441.98942473923984,110.33091192621762,318.5192058347264,HIT,True,513.6852677802917
2026_07_21_gym,flight_86,30,1,350,ok,True,11,11,564.0202752533994,428.0463287813758,612.0491670081335,441.98942473923984,50.011842278386126,198.8336992199729,HIT,True,511.2247107725637
2026_07_21_gym,flight_86,30,1,400,ok,True,13,13,555.4549589591843,449.92217599182015,612.0491670081335,441.98942473923984,57.147466497851525,167.52167313592903,HIT,True,506.9945977421468
2026_07_21_gym,flight_86,30,1,450,ok,True,14,14,558.221165729839,451.349886373116,612.0491670081335,441.98942473923984,54.63581209806758,155.22175207171128,HIT,True,506.07770155498145
2026_07_21_gym,flight_86,30,1,490,ok,True,15,15,546.3118385535605,448.7158727821805,612.0491670081335,441.98942473923984,66.0805679123507,174.843769074162,HIT,True,504.37744183994994
2026_07_21_gym,flight_86,30,1,500,ok,True,16,16,546.3118394342558,448.71585608706033,612.0491670081335,441.98942473923984,66.08056533680868,174.84376722066105,HIT,True,504.37744535629923
2026_07_21_gym,flight_86,30,1,550,ok,False,16,16,546.3118394342558,448.71585608706033,612.0491670081335,441.98942473923984,66.08056533680868,174.84376722066105,HIT,True,504.37744535629923
2026_07_21_gym,flight_86,30,1,600,ok,False,16,16,546.3118394342558,448.71585608706033,612.0491670081335,441.98942473923984,66.08056533680868,174.84376722066105,HIT,True,504.37744535629923
2026_07_21_gym,flight_86,30,1,650,ok,False,16,16,546.3118394342558,448.71585608706033,612.0491670081335,441.98942473923984,66.08056533680868,174.84376722066105,HIT,True,504.37744535629923
2026_07_21_gym,flight_86,30,1,700,ok,False,16,16,546.3118394342558,448.71585608706033,612.0491670081335,441.98942473923984,66.08056533680868,174.84376722066105,HIT,True,504.37744535629923
2026_07_21_gym,flight_86,30,1,750,ok,False,16,16,546.3118394342558,448.71585608706033,612.0491670081335,441.98942473923984,66.08056533680868,174.84376722066105,HIT,True,504.37744535629923
2026_07_21_gym,flight_86,30,1,800,ok,False,16,16,546.3118394342558,448.71585608706033,612.0491670081335,441.98942473923984,66.08056533680868,174.84376722066105,HIT,True,504.37744535629923
2026_07_21_gym,flight_86,30,1,850,ok,False,16,16,546.3118394342558,448.71585608706033,612.0491670081335,441.98942473923984,66.08056533680868,174.84376722066105,HIT,True,504.37744535629923
2026_07_21_gym,flight_86,30,1,900,ok,False,16,16,546.3118394342558,448.71585608706033,612.0491670081335,441.98942473923984,66.08056533680868,174.84376722066105,HIT,True,504.37744535629923
2026_07_21_gym,flight_86,30,1,950,ok,False,16,16,546.3118394342558,448.71585608706033,612.0491670081335,441.98942473923984,66.08056533680868,174.84376722066105,HIT,True,504.37744535629923
2026_07_21_gym,flight_86,30,1,1000,ok,False,16,16,546.3118394342558,448.71585608706033,612.0491670081335,441.98942473923984,66.08056533680868,174.84376722066105,HIT,True,504.37744535629923
2026_07_21_gym,flight_86,30,1,1050,ok,False,16,16,546.3118394342558,448.71585608706033,612.0491670081335,441.98942473923984,66.08056533680868,174.84376722066105,HIT,True,504.37744535629923
2026_07_21_gym,flight_86,30,1,1100,ok,False,16,16,546.3118394342558,448.71585608706033,612.0491670081335,441.98942473923984,66.08056533680868,174.84376722066105,HIT,True,504.37744535629923
2026_07_21_gym,flight_86,30,1,1150,ok,False,16,16,546.3118394342558,448.71585608706033,612.0491670081335,441.98942473923984,66.08056533680868,174.84376722066105,HIT,True,504.37744535629923
2026_07_21_gym,flight_86,30,1,1200,ok,False,16,16,546.3118394342558,448.71585608706033,612.0491670081335,441.98942473923984,66.08056533680868,174.84376722066105,HIT,True,504.37744535629923
2026_07_21_gym,flight_86,30,1,1250,ok,False,16,16,546.3118394342558,448.71585608706033,612.0491670081335,441.98942473923984,66.08056533680868,174.84376722066105,HIT,True,504.37744535629923
2026_07_21_gym,flight_87,30,1,150,not_fit_eligible,True,5,5,,,,,,,,,
2026_07_21_gym,flight_87,30,1,200,not_fit_eligible,True,7,7,,,,,,,,,
2026_07_21_gym,flight_87,30,1,250,fit_failed,True,8,8,,,,,,,,,
2026_07_21_gym,flight_87,30,1,300,ok,True,10,10,997.6185100009052,968.0940581535305,1042.5757845910155,993.5856779541552,51.681517185839084,240.43204291366288,HIT,True,552.7222556520268
2026_07_21_gym,flight_87,30,1,350,ok,True,11,11,1055.6537254213392,965.0448623741298,1042.5757845910155,993.5856779541552,31.394437251437896,65.22905559804951,HIT,True,549.0581839684943
2026_07_21_gym,flight_87,30,1,400,ok,True,13,13,1023.2092181274668,959.2465946178467,1042.5757845910155,993.5856779541552,39.42380677921647,185.6693980474443,HIT,True,550.993447437535
2026_07_21_gym,flight_87,30,1,450,ok,True,14,14,1023.2092184621333,959.24659330716,1042.5757845910155,993.5856779541552,39.423807756454366,185.66939944009698,HIT,True,550.9934477511247
2026_07_21_gym,flight_87,30,1,490,ok,True,15,15,941.1702687691508,990.1977131104451,1042.5757845910155,993.5856779541552,101.46209609938417,318.6904815788967,HIT,True,547.4612132408375
2026_07_21_gym,flight_87,30,1,500,ok,True,16,16,941.1702703537348,990.1977058634666,1042.5757845910155,993.5856779541552,101.46209475767098,318.6904823770539,HIT,True,547.4612150014743
2026_07_21_gym,flight_87,30,1,550,ok,False,17,17,1017.7390282565206,979.4472278562829,1042.5757845910155,993.5856779541552,28.579017414689044,171.865072711469,HIT,True,549.5134836138697
2026_07_21_gym,flight_87,30,1,600,ok,False,18,18,1006.1174364454031,1000.7976217946104,1042.5757845910155,993.5856779541552,37.164812436827354,128.55943541261396,HIT,True,545.5438496566755
2026_07_21_gym,flight_87,30,1,650,ok,False,19,19,1017.4545103002312,1000.6137332179803,1042.5757845910155,993.5856779541552,26.085857907766798,143.99754093886003,HIT,True,545.9741313291618
2026_07_21_gym,flight_87,30,1,700,ok,False,20,20,1002.5019892283011,1000.6081673119577,1042.5757845910155,993.5856779541552,40.68444950534731,190.48473341080273,HIT,True,544.5247191881529
2026_07_21_gym,flight_87,30,1,750,ok,False,20,20,1002.5019892283011,1000.6081673119577,1042.5757845910155,993.5856779541552,40.68444950534731,190.48473341080273,HIT,True,544.5247191881529
2026_07_21_gym,flight_87,30,1,800,ok,False,20,20,1002.5019892283011,1000.6081673119577,1042.5757845910155,993.5856779541552,40.68444950534731,190.48473341080273,HIT,True,544.5247191881529
2026_07_21_gym,flight_87,30,1,850,ok,False,20,20,1002.5019892283011,1000.6081673119577,1042.5757845910155,993.5856779541552,40.68444950534731,190.48473341080273,HIT,True,544.5247191881529
2026_07_21_gym,flight_87,30,1,900,ok,False,20,20,1002.5019892283011,1000.6081673119577,1042.5757845910155,993.5856779541552,40.68444950534731,190.48473341080273,HIT,True,544.5247191881529
2026_07_21_gym,flight_87,30,1,950,ok,False,20,20,1002.5019892283011,1000.6081673119577,1042.5757845910155,993.5856779541552,40.68444950534731,190.48473341080273,HIT,True,544.5247191881529
2026_07_21_gym,flight_87,30,1,1000,ok,False,20,20,1002.5019892283011,1000.6081673119577,1042.5757845910155,993.5856779541552,40.68444950534731,190.48473341080273,HIT,True,544.5247191881529
2026_07_21_gym,flight_87,30,1,1050,ok,False,20,20,1002.5019892283011,1000.6081673119577,1042.5757845910155,993.5856779541552,40.68444950534731,190.48473341080273,HIT,True,544.5247191881529
2026_07_21_gym,flight_87,30,1,1100,ok,False,20,20,1002.5019892283011,1000.6081673119577,1042.5757845910155,993.5856779541552,40.68444950534731,190.48473341080273,HIT,True,544.5247191881529
2026_07_21_gym,flight_87,30,1,1150,ok,False,20,20,1002.5019892283011,1000.6081673119577,1042.5757845910155,993.5856779541552,40.68444950534731,190.48473341080273,HIT,True,544.5247191881529
2026_07_21_gym,flight_87,30,1,1200,ok,False,20,20,1002.5019892283011,1000.6081673119577,1042.5757845910155,993.5856779541552,40.68444950534731,190.48473341080273,HIT,True,544.5247191881529
2026_07_21_gym,flight_87,30,1,1250,ok,False,20,20,1002.5019892283011,1000.6081673119577,1042.5757845910155,993.5856779541552,40.68444950534731,190.48473341080273,HIT,True,544.5247191881529
2026_07_21_gym,flight_88,30,1,150,not_fit_eligible,True,5,5,,,,,,,,,
2026_07_21_gym,flight_88,30,1,200,not_fit_eligible,True,7,7,,,,,,,,,
2026_07_21_gym,flight_88,30,1,250,fit_failed,True,8,8,,,,,,,,,
2026_07_21_gym,flight_88,30,1,300,fit_failed,True,10,10,,,,,,,,,
2026_07_21_gym,flight_88,30,1,350,ok,True,11,11,2221.4737655906847,1216.538136468957,2083.989622278325,1265.817554080348,146.04913783535778,464.77417574944855,MISS_HIGH_WIDE,True,589.5005038892668
2026_07_21_gym,flight_88,30,1,400,ok,True,13,13,2061.098455057785,1226.546037861272,2083.989622278325,1265.817554080348,45.456105452005744,102.42171200785005,MISS_HIGH_WIDE,True,597.5572928025343
2026_07_21_gym,flight_88,30,1,450,ok,True,14,14,2016.2724253762499,1257.8500484827298,2083.989622278325,1265.817554080348,68.1843083247347,129.8826343755716,MISS_HIGH_WIDE,True,594.9318497148791
2026_07_21_gym,flight_88,30,1,490,ok,True,14,14,2016.2724253762499,1257.8500484827298,2083.989622278325,1265.817554080348,68.1843083247347,129.8826343755716,MISS_HIGH_WIDE,True,594.9318497148791
2026_07_21_gym,flight_88,30,1,500,ok,True,15,15,1913.1362480200178,1308.50904782588,2083.989622278325,1265.817554080348,176.10632905626647,326.31252598190554,HIT,False,591.9111163214014
2026_07_21_gym,flight_88,30,1,550,ok,True,15,15,1913.1362480200178,1308.50904782588,2083.989622278325,1265.817554080348,176.10632905626647,326.31252598190554,HIT,False,591.9111163214014
2026_07_21_gym,flight_88,30,1,600,ok,True,17,17,2003.2017087318561,1279.274961252049,2083.989622278325,1265.817554080348,81.90109146389125,159.89912636052543,MISS_HIGH_WIDE,True,591.6371873105044
2026_07_21_gym,flight_88,30,1,650,ok,False,18,18,2009.5887388607755,1286.1269706745898,2083.989622278325,1265.817554080348,77.12304361026123,144.64621308627886,MISS_HIGH_WIDE,True,591.3426015851061
2026_07_21_gym,flight_88,30,1,700,ok,False,19,19,2015.3679668173543,1294.4907990524487,2083.989622278325,1265.817554080348,74.37127520376582,152.70842148141566,MISS_HIGH_WIDE,True,590.4172250961831
2026_07_21_gym,flight_88,30,1,750,ok,False,19,19,2015.3679668173543,1294.4907990524487,2083.989622278325,1265.817554080348,74.37127520376582,152.70842148141566,MISS_HIGH_WIDE,True,590.4172250961831
2026_07_21_gym,flight_88,30,1,800,ok,False,19,19,2015.3679668173543,1294.4907990524487,2083.989622278325,1265.817554080348,74.37127520376582,152.70842148141566,MISS_HIGH_WIDE,True,590.4172250961831
2026_07_21_gym,flight_88,30,1,850,ok,False,19,19,2015.3679668173543,1294.4907990524487,2083.989622278325,1265.817554080348,74.37127520376582,152.70842148141566,MISS_HIGH_WIDE,True,590.4172250961831
2026_07_21_gym,flight_88,30,1,900,ok,False,19,19,2015.3679668173543,1294.4907990524487,2083.989622278325,1265.817554080348,74.37127520376582,152.70842148141566,MISS_HIGH_WIDE,True,590.4172250961831
2026_07_21_gym,flight_88,30,1,950,ok,False,19,19,2015.3679668173543,1294.4907990524487,2083.989622278325,1265.817554080348,74.37127520376582,152.70842148141566,MISS_HIGH_WIDE,True,590.4172250961831
2026_07_21_gym,flight_88,30,1,1000,ok,False,19,19,2015.3679668173543,1294.4907990524487,2083.989622278325,1265.817554080348,74.37127520376582,152.70842148141566,MISS_HIGH_WIDE,True,590.4172250961831
2026_07_21_gym,flight_88,30,1,1050,ok,False,19,19,2015.3679668173543,1294.4907990524487,2083.989622278325,1265.817554080348,74.37127520376582,152.70842148141566,MISS_HIGH_WIDE,True,590.4172250961831
2026_07_21_gym,flight_88,30,1,1100,ok,False,19,19,2015.3679668173543,1294.4907990524487,2083.989622278325,1265.817554080348,74.37127520376582,152.70842148141566,MISS_HIGH_WIDE,True,590.4172250961831
2026_07_21_gym,flight_88,30,1,1150,ok,False,19,19,2015.3679668173543,1294.4907990524487,2083.989622278325,1265.817554080348,74.37127520376582,152.70842148141566,MISS_HIGH_WIDE,True,590.4172250961831
2026_07_21_gym,flight_88,30,1,1200,ok,False,19,19,2015.3679668173543,1294.4907990524487,2083.989622278325,1265.817554080348,74.37127520376582,152.70842148141566,MISS_HIGH_WIDE,True,590.4172250961831
2026_07_21_gym,flight_88,30,1,1250,ok,False,19,19,2015.3679668173543,1294.4907990524487,2083.989622278325,1265.817554080348,74.37127520376582,152.70842148141566,MISS_HIGH_WIDE,True,590.4172250961831
2026_07_21_gym,flight_9,30,1,150,not_fit_eligible,True,5,5,,,,,,,,,
2026_07_21_gym,flight_9,30,1,200,not_fit_eligible,True,7,7,,,,,,,,,
2026_07_21_gym,flight_9,30,1,250,ok,True,8,8,762.4227807891514,765.5413976371167,728.30196754341,842.0407113478864,83.76380420425946,172.85486305077418,HIT,True,554.2071338861165
2026_07_21_gym,flight_9,30,1,300,ok,True,10,10,756.1390793772808,796.8315576356739,728.30196754341,842.0407113478864,53.09211216956702,134.4698447488195,HIT,True,554.9245066750323
2026_07_21_gym,flight_9,30,1,350,ok,True,11,11,720.8418122772855,800.5656727029595,728.30196754341,842.0407113478864,42.14063059794975,115.70343577605485,HIT,True,553.3378503841321
2026_07_21_gym,flight_9,30,1,400,ok,True,13,13,730.4646809988844,815.5647705743661,728.30196754341,842.0407113478864,26.56412560829819,71.355179375165,HIT,True,551.735202035358
2026_07_21_gym,flight_9,30,1,450,ok,True,14,14,730.1903679113543,816.8811871187229,728.30196754341,842.0407113478864,25.230293604861526,61.439547447380406,HIT,True,551.030001911407
2026_07_21_gym,flight_9,30,1,490,ok,True,15,15,744.4164962800933,817.7810928435049,728.30196754341,842.0407113478864,29.12399571459107,64.71615553671823,HIT,True,551.4827601204227
2026_07_21_gym,flight_9,30,1,500,ok,True,16,16,739.0468729067387,832.6253543718201,728.30196754341,842.0407113478864,14.286424964057664,28.133107338105578,HIT,True,550.2006322641513
2026_07_21_gym,flight_9,30,1,550,ok,True,17,17,739.0468765000777,832.6253413766116,728.30196754341,842.0407113478864,14.286436231022101,28.133121547758552,HIT,True,550.2006352515157
2026_07_21_gym,flight_9,30,1,600,ok,False,19,19,733.198048566383,844.0256067632499,728.30196754341,842.0407113478864,5.283125892258086,20.774878162378098,HIT,True,549.0422032911787
2026_07_21_gym,flight_9,30,1,650,ok,False,20,20,722.8518085594222,843.3624203613246,728.30196754341,842.0407113478864,5.6081322797297,39.3659209006382,HIT,True,547.9721376378327
2026_07_21_gym,flight_9,30,1,700,ok,False,20,20,722.8518085594222,843.3624203613246,728.30196754341,842.0407113478864,5.6081322797297,39.3659209006382,HIT,True,547.9721376378327
2026_07_21_gym,flight_9,30,1,750,ok,False,20,20,722.8518085594222,843.3624203613246,728.30196754341,842.0407113478864,5.6081322797297,39.3659209006382,HIT,True,547.9721376378327
2026_07_21_gym,flight_9,30,1,800,ok,False,20,20,722.8518085594222,843.3624203613246,728.30196754341,842.0407113478864,5.6081322797297,39.3659209006382,HIT,True,547.9721376378327
2026_07_21_gym,flight_9,30,1,850,ok,False,20,20,722.8518085594222,843.3624203613246,728.30196754341,842.0407113478864,5.6081322797297,39.3659209006382,HIT,True,547.9721376378327
2026_07_21_gym,flight_9,30,1,900,ok,False,20,20,722.8518085594222,843.3624203613246,728.30196754341,842.0407113478864,5.6081322797297,39.3659209006382,HIT,True,547.9721376378327
2026_07_21_gym,flight_9,30,1,950,ok,False,20,20,722.8518085594222,843.3624203613246,728.30196754341,842.0407113478864,5.6081322797297,39.3659209006382,HIT,True,547.9721376378327
2026_07_21_gym,flight_9,30,1,1000,ok,False,20,20,722.8518085594222,843.3624203613246,728.30196754341,842.0407113478864,5.6081322797297,39.3659209006382,HIT,True,547.9721376378327
2026_07_21_gym,flight_9,30,1,1050,ok,False,20,20,722.8518085594222,843.3624203613246,728.30196754341,842.0407113478864,5.6081322797297,39.3659209006382,HIT,True,547.9721376378327
2026_07_21_gym,flight_9,30,1,1100,ok,False,20,20,722.8518085594222,843.3624203613246,728.30196754341,842.0407113478864,5.6081322797297,39.3659209006382,HIT,True,547.9721376378327
2026_07_21_gym,flight_9,30,1,1150,ok,False,20,20,722.8518085594222,843.3624203613246,728.30196754341,842.0407113478864,5.6081322797297,39.3659209006382,HIT,True,547.9721376378327
2026_07_21_gym,flight_9,30,1,1200,ok,False,20,20,722.8518085594222,843.3624203613246,728.30196754341,842.0407113478864,5.6081322797297,39.3659209006382,HIT,True,547.9721376378327
2026_07_21_gym,flight_9,30,1,1250,ok,False,20,20,722.8518085594222,843.3624203613246,728.30196754341,842.0407113478864,5.6081322797297,39.3659209006382,HIT,True,547.9721376378327
2026_07_21_gym,flight_90,30,1,150,not_fit_eligible,True,5,5,,,,,,,,,
2026_07_21_gym,flight_90,30,1,200,not_fit_eligible,True,7,7,,,,,,,,,
2026_07_21_gym,flight_90,30,1,250,ok,True,8,8,466.92012917195893,924.6401786235773,495.6103115225091,975.1517089622806,58.090801857657006,116.05270891798122,HIT,True,628.7716699993468
2026_07_21_gym,flight_90,30,1,300,ok,True,10,10,485.0038301546955,931.4623012828384,495.6103115225091,975.1517089622806,44.958445150897724,84.02174730883922,HIT,True,626.7779866417536
2026_07_21_gym,flight_90,30,1,350,ok,True,11,11,443.2849733354447,949.5942563690315,495.6103115225091,975.1517089622806,58.23336156746264,108.6071599990721,HIT,True,627.6784600457581
2026_07_21_gym,flight_90,30,1,400,ok,True,13,13,495.42055453523415,951.6989681864321,495.6103115225091,975.1517089622806,23.453508428663,49.58713870842713,HIT,True,626.4771474639518
2026_07_21_gym,flight_90,30,1,450,ok,True,14,14,456.9490085115885,949.5773514833296,495.6103115225091,975.1517089622806,46.35454789946071,85.26974378721658,HIT,True,626.8292011641277
2026_07_21_gym,flight_90,30,1,490,ok,True,15,15,481.89975296182575,954.8283849620552,495.6103115225091,975.1517089622806,24.51564631952552,46.75329912279117,HIT,True,626.2352202475547
2026_07_21_gym,flight_90,30,1,500,ok,True,16,16,481.8997533419562,954.8283814190188,495.6103115225091,975.1517089622806,24.515649044090804,46.75330513047348,HIT,True,626.2352210483104
2026_07_21_gym,flight_90,30,1,550,ok,True,17,17,538.8159584926854,955.6697332170158,495.6103115225091,975.1517089622806,47.39488695049905,86.2212396571549,HIT,True,625.3487102804548
2026_07_21_gym,flight_90,30,1,600,ok,True,19,19,520.2568197502973,967.8459536614326,495.6103115225091,975.1517089622806,25.70650556451222,52.375186076341166,HIT,True,625.0629322514467
2026_07_21_gym,flight_90,30,1,650,ok,False,20,20,546.2306643933792,967.2815027670063,495.6103115225091,975.1517089622806,51.22851032703904,94.41086265832888,HIT,True,625.9340621224627
2026_07_21_gym,flight_90,30,1,700,ok,False,22,22,556.8413335048177,966.645438926829,495.6103115225091,975.1517089622806,61.8190478971812,116.70927704214132,HIT,True,626.3454591756453
2026_07_21_gym,flight_90,30,1,750,ok,False,23,23,518.4601690815782,967.7959140894983,495.6103115225091,975.1517089622806,24.004660145067632,49.57044499278139,HIT,True,625.549182531237
2026_07_21_gym,flight_90,30,1,800,ok,False,23,23,518.4601690815782,967.7959140894983,495.6103115225091,975.1517089622806,24.004660145067632,49.57044499278139,HIT,True,625.549182531237
2026_07_21_gym,flight_90,30,1,850,ok,False,23,23,518.4601690815782,967.7959140894983,495.6103115225091,975.1517089622806,24.004660145067632,49.57044499278139,HIT,True,625.549182531237
2026_07_21_gym,flight_90,30,1,900,ok,False,23,23,518.4601690815782,967.7959140894983,495.6103115225091,975.1517089622806,24.004660145067632,49.57044499278139,HIT,True,625.549182531237
2026_07_21_gym,flight_90,30,1,950,ok,False,23,23,518.4601690815782,967.7959140894983,495.6103115225091,975.1517089622806,24.004660145067632,49.57044499278139,HIT,True,625.549182531237
2026_07_21_gym,flight_90,30,1,1000,ok,False,23,23,518.4601690815782,967.7959140894983,495.6103115225091,975.1517089622806,24.004660145067632,49.57044499278139,HIT,True,625.549182531237
2026_07_21_gym,flight_90,30,1,1050,ok,False,23,23,518.4601690815782,967.7959140894983,495.6103115225091,975.1517089622806,24.004660145067632,49.57044499278139,HIT,True,625.549182531237
2026_07_21_gym,flight_90,30,1,1100,ok,False,23,23,518.4601690815782,967.7959140894983,495.6103115225091,975.1517089622806,24.004660145067632,49.57044499278139,HIT,True,625.549182531237
2026_07_21_gym,flight_90,30,1,1150,ok,False,23,23,518.4601690815782,967.7959140894983,495.6103115225091,975.1517089622806,24.004660145067632,49.57044499278139,HIT,True,625.549182531237
2026_07_21_gym,flight_90,30,1,1200,ok,False,23,23,518.4601690815782,967.7959140894983,495.6103115225091,975.1517089622806,24.004660145067632,49.57044499278139,HIT,True,625.549182531237
2026_07_21_gym,flight_90,30,1,1250,ok,False,23,23,518.4601690815782,967.7959140894983,495.6103115225091,975.1517089622806,24.004660145067632,49.57044499278139,HIT,True,625.549182531237
2026_07_21_gym,flight_92,30,1,150,not_fit_eligible,True,5,5,,,,,,,,,
2026_07_21_gym,flight_92,30,1,200,not_fit_eligible,True,7,7,,,,,,,,,
2026_07_21_gym,flight_92,30,1,250,fit_failed,True,8,8,,,,,,,,,
2026_07_21_gym,flight_92,30,1,300,ok,True,10,10,946.4791110373902,1141.4685101336372,905.4792378337152,1287.7709979885199,151.93882833313387,189.61044839301346,HIT,True,1133.1422454851352
2026_07_21_gym,flight_92,30,1,350,ok,True,11,11,979.9952808300245,1148.6815079155292,905.4792378337152,1287.7709979885199,157.79267065549143,186.51591019463254,HIT,True,1131.8861880490235
2026_07_21_gym,flight_92,30,1,400,ok,True,13,13,937.1234848866139,1160.936253299809,905.4792378337152,1287.7709979885199,130.7226485035984,167.72828549830672,HIT,True,1131.8264504966266
2026_07_21_gym,flight_92,30,1,450,ok,True,14,14,941.1761794613768,1154.1720781352167,905.4792378337152,1287.7709979885199,138.28572965978094,184.29461800319703,HIT,True,1134.299521144199
2026_07_21_gym,flight_92,30,1,490,ok,True,14,14,941.1761794613768,1154.1720781352167,905.4792378337152,1287.7709979885199,138.28572965978094,184.29461800319703,HIT,True,1134.299521144199
2026_07_21_gym,flight_92,30,1,500,ok,True,15,15,959.1820355687815,1166.239608171172,905.4792378337152,1287.7709979885199,132.8678636672902,157.1069078470271,HIT,True,1129.1597561841947
2026_07_21_gym,flight_92,30,1,550,ok,True,16,16,957.8796538535689,1163.8985009390908,905.4792378337152,1287.7709979885199,134.49981087092485,160.09812625455902,HIT,True,1129.5369045478055
2026_07_21_gym,flight_92,30,1,600,ok,True,18,18,958.1816395484025,1155.8836022391288,905.4792378337152,1287.7709979885199,142.02756177606085,175.27587842521854,HIT,True,1131.380358005015
2026_07_21_gym,flight_92,30,1,650,ok,True,19,19,912.7519474595422,1180.3730523475333,905.4792378337152,1287.7709979885199,107.64390848165029,147.37429306229618,HIT,True,1131.3367197851185
2026_07_21_gym,flight_92,30,1,700,ok,True,21,21,923.8200353691227,1184.2447662855252,905.4792378337152,1287.7709979885199,105.13831606439656,132.59946553709884,HIT,True,1128.5620786312882
2026_07_21_gym,flight_92,30,1,750,ok,True,22,22,910.7073228148923,1205.2728912390662,905.4792378337152,1287.7709979885199,82.66359833575272,109.23553553484116,HIT,True,1127.364834122571
2026_07_21_gym,flight_92,30,1,800,ok,True,24,24,886.0279186085459,1224.348504704053,905.4792378337152,1287.7709979885199,66.3382730708124,87.75983039917156,HIT,True,1125.6040315145706
2026_07_21_gym,flight_92,30,1,850,ok,True,25,25,888.5434318948796,1239.3761893604387,905.4792378337152,1287.7709979885199,51.27259526244496,67.20965179911487,HIT,True,1123.9188635697983
2026_07_21_gym,flight_92,30,1,900,ok,True,27,27,883.1666429184586,1241.7124584969017,905.4792378337152,1287.7709979885199,51.17852041582759,67.12253959537074,HIT,True,1123.9531856127694
2026_07_21_gym,flight_92,30,1,950,ok,True,28,28,884.6671955316109,1248.0135752847773,905.4792378337152,1287.7709979885199,44.875313534599876,57.972419880268625,HIT,True,1123.1467026389582
2026_07_21_gym,flight_92,30,1,1000,ok,True,30,30,902.6473852337654,1246.7268230290051,905.4792378337152,1287.7709979885199,41.141751144732524,51.30228347059204,HIT,True,1122.2979074304033
2026_07_21_gym,flight_92,30,1,1050,ok,True,31,31,902.6473852335778,1246.7268230327463,905.4792378337152,1287.7709979885199,41.1417511410131,51.30228346528666,HIT,True,1122.2979074297339
2026_07_21_gym,flight_92,30,1,1100,ok,True,33,33,892.453562428294,1270.731716538777,905.4792378337152,1287.7709979885199,21.447734894178126,20.983320804004553,HIT,True,1119.035524604835
2026_07_21_gym,flight_92,30,1,1150,ok,False,34,34,883.0561136747975,1285.2362036646664,905.4792378337152,1287.7709979885199,22.565940691902817,23.742087525601185,HIT,True,1117.8963675269702
2026_07_21_gym,flight_92,30,1,1200,ok,False,36,36,888.6841028410572,1287.9591871160928,905.4792378337152,1287.7709979885199,16.796189287137132,17.972310604905164,HIT,True,1118.033984884617
2026_07_21_gym,flight_92,30,1,1250,ok,False,37,37,888.6840372706163,1287.9605507609185,905.4792378337152,1287.7709979885199,16.796270187402953,17.973027391106463,HIT,True,1118.0337385237613
2026_07_21_gym,flight_93,30,1,150,not_fit_eligible,True,5,5,,,,,,,,,
2026_07_21_gym,flight_93,30,1,200,not_fit_eligible,True,7,7,,,,,,,,,
2026_07_21_gym,flight_93,30,1,250,ok,True,8,8,247.08366565879814,1299.860490460637,-96.7384465607923,1397.6653961377565,357.46250772025155,293.70493047753484,HIT,False,1100.2128092744047
2026_07_21_gym,flight_93,30,1,300,ok,True,9,9,154.39577655276497,1266.5992132596414,-96.7384465607923,1397.6653961377565,283.2785595718276,238.06992447475423,HIT,False,1111.977680116814
2026_07_21_gym,flight_93,30,1,350,ok,True,10,10,30.152506660653856,1251.819337935705,-96.7384465607923,1397.6653961377565,193.31939039455767,187.18544370008573,HIT,False,1120.5550176968814
2026_07_21_gym,flight_93,30,1,400,ok,True,12,12,-53.70443848078786,1231.863212258946,-96.7384465607923,1397.6653961377565,171.2959136418985,209.34914812801938,MISS_HIGH_WIDE,True,1129.721469742962
2026_07_21_gym,flight_93,30,1,450,ok,True,13,13,-113.1333633695901,1246.7800699765642,-96.7384465607923,1397.6653961377565,151.7734329450869,195.33937905976452,MISS_HIGH_WIDE,True,1130.3701672973327
2026_07_21_gym,flight_93,30,1,490,ok,True,14,14,-132.85008838091952,1242.7905477109598,-96.7384465607923,1397.6653961377565,159.02914622850872,200.6777688808122,MISS_HIGH_WIDE,True,1130.655498447261
2026_07_21_gym,flight_93,30,1,500,ok,True,15,15,-132.85013111285556,1242.7900673644872,-96.7384465607923,1397.6653961377565,159.02962373034777,200.6784031764516,MISS_HIGH_WIDE,True,1130.655582266492
2026_07_21_gym,flight_93,30,1,550,ok,True,15,15,-132.85013111285556,1242.7900673644872,-96.7384465607923,1397.6653961377565,159.02962373034777,200.6784031764516,MISS_HIGH_WIDE,True,1130.655582266492
2026_07_21_gym,flight_93,30,1,600,ok,True,17,17,-129.70868206311258,1291.4710591826101,-96.7384465607923,1397.6653961377565,111.19475540879445,140.8365731435456,MISS_HIGH_WIDE,True,1125.7238405095343
2026_07_21_gym,flight_93,30,1,650,ok,True,18,18,-183.4048423061328,1344.5753079917888,-96.7384465607923,1397.6653961377565,101.63474608043546,109.00209893188952,MISS_HIGH_WIDE,True,1122.836460448663
2026_07_21_gym,flight_93,30,1,700,ok,True,20,20,-184.72023610001105,1351.2867540517889,-96.7384465607923,1397.6653961377565,99.45739656889108,107.74058887809636,MISS_HIGH_WIDE,True,1122.6400599022145
2026_07_21_gym,flight_93,30,1,750,ok,True,21,21,-200.59052545539814,1373.4201306458588,-96.7384465607923,1397.6653961377565,106.64467726756945,100.24743044987372,MISS_HIGH_WIDE,True,1120.142084670726
2026_07_21_gym,flight_93,30,1,800,ok,True,23,23,-128.99204282532028,1330.8409347674979,-96.7384465607923,1397.6653961377565,74.20109911194282,94.0270318032427,MISS_HIGH_WIDE,True,1122.056333205797
2026_07_21_gym,flight_93,30,1,850,ok,True,24,24,-116.1128041834792,1347.657910655252,-96.7384465607923,1397.6653961377565,53.6294167185759,66.93029295305229,MISS_HIGH_WIDE,True,1119.4482556881642
2026_07_21_gym,flight_93,30,1,900,ok,True,26,26,-113.99883884222147,1356.8055857490306,-96.7384465607923,1397.6653961377565,44.35589303250983,58.015933025464896,MISS_HIGH_WIDE,True,1119.15281063894
2026_07_21_gym,flight_93,30,1,950,ok,True,27,27,-96.31883207034498,1356.8509774146228,-96.7384465607923,1397.6653961377565,40.81657570188711,58.146322643839476,MISS_HIGH_WIDE,True,1118.2032258511408
2026_07_21_gym,flight_93,30,1,1000,ok,True,29,29,-118.98232948181263,1374.0874610634328,-96.7384465607923,1397.6653961377565,32.41464714867468,29.499002549510248,MISS_HIGH_WIDE,True,1115.4579970603993
2026_07_21_gym,flight_93,30,1,1050,ok,True,30,30,-106.01263007089253,1353.1024944614353,-96.7384465607923,1397.6653961377565,45.51771836980062,60.20051880515504,MISS_HIGH_WIDE,True,1119.0984433936253
2026_07_21_gym,flight_93,30,1,1100,ok,True,31,31,-163.20244803659537,1387.9918710707934,-96.7384465607923,1397.6653961377565,67.16428053211555,51.9344833281513,MISS_HIGH_WIDE,True,1115.6705037970198
2026_07_21_gym,flight_93,30,1,1150,ok,True,32,32,-138.3351128639934,1382.5663444701524,-96.7384465607923,1397.6653961377565,44.25227687702456,41.599387274473436,MISS_HIGH_WIDE,True,1115.3704614539554
2026_07_21_gym,flight_93,30,1,1200,ok,False,34,34,-111.09331410010351,1401.4568162853056,-96.7384465607923,1397.6653961377565,14.847123923723831,9.176196598220749,MISS_HIGH_WIDE,True,1112.7719447732331
2026_07_21_gym,flight_93,30,1,1250,ok,False,35,35,-131.77243459951396,1415.0736498131719,-96.7384465607923,1397.6653961377565,39.12068013116471,33.63479935472168,MISS_HIGH_WIDE,True,1111.3739497648953
2026_07_21_gym,flight_94,30,1,150,not_fit_eligible,True,5,5,,,,,,,,,
2026_07_21_gym,flight_94,30,1,200,not_fit_eligible,True,7,7,,,,,,,,,
2026_07_21_gym,flight_94,30,1,250,fit_failed,True,8,8,,,,,,,,,
2026_07_21_gym,flight_94,30,1,300,ok,True,10,10,1313.6576978172116,1779.5968939752718,1188.2341463111723,1799.002339964838,126.91587216121579,99.62354196337911,HIT,True,1193.4477917140082
2026_07_21_gym,flight_94,30,1,350,ok,True,11,11,1174.4889579853539,1787.2941988751911,1188.2341463111723,1799.002339964838,18.055768327249123,62.7391095429349,HIT,True,1196.7865482886068
2026_07_21_gym,flight_94,30,1,400,ok,True,13,13,1167.284719143369,1792.9440442175403,1188.2341463111723,1799.002339964838,21.807829924612275,47.78665793614626,HIT,True,1192.466905144324
2026_07_21_gym,flight_94,30,1,450,ok,True,14,14,1179.7851484307885,1808.8633639025343,1188.2341463111723,1799.002339964838,12.985582708625287,33.521851304851175,HIT,True,1191.6701274414363
2026_07_21_gym,flight_94,30,1,490,ok,True,15,15,1176.6185224141384,1809.633630707845,1188.2341463111723,1799.002339964838,15.74633485544142,14.144643608760903,HIT,True,1188.2710987296346
2026_07_21_gym,flight_94,30,1,500,ok,True,16,16,1149.850235143077,1786.920517704115,1188.2341463111723,1799.002339964838,40.24046552538786,58.2577353731314,HIT,True,1191.7919888922613
2026_07_21_gym,flight_94,30,1,550,ok,True,17,17,1183.4048830036818,1799.0055004042317,1188.2341463111723,1799.002339964838,4.829264341641582,23.686592445095737,HIT,True,1188.3042864170236
2026_07_21_gym,flight_94,30,1,600,ok,True,19,19,1179.6671722640172,1784.4904090948799,1188.2341463111723,1799.002339964838,16.851978575202207,31.3010884384176,HIT,True,1188.7795411823781
2026_07_21_gym,flight_94,30,1,650,ok,True,20,20,1179.6672160952328,1784.4898174149348,1188.2341463111723,1799.002339964838,16.852465816201086,31.301574862420715,HIT,True,1188.7796511999468
2026_07_21_gym,flight_94,30,1,700,ok,True,22,22,1180.0605313957358,1799.4149518591057,1188.2341463111723,1799.002339964838,8.184022810399343,16.66104368604554,HIT,True,1187.7356221148764
2026_07_21_gym,flight_94,30,1,750,ok,True,23,23,1129.3821554032356,1838.345795968144,1188.2341463111723,1799.002339964838,70.79169699980314,79.1902535372763,HIT,True,1184.2447415320887
2026_07_21_gym,flight_94,30,1,800,ok,True,25,25,1141.7902323778917,1833.2989388953667,1188.2341463111723,1799.002339964838,57.73468489256277,64.96409103971168,HIT,True,1183.1430506384415
2026_07_21_gym,flight_94,30,1,850,ok,True,25,25,1141.7902323778917,1833.2989388953667,1188.2341463111723,1799.002339964838,57.73468489256277,64.96409103971168,HIT,True,1183.1430506384415
2026_07_21_gym,flight_94,30,1,900,ok,True,26,26,1135.081087286278,1823.202583510227,1188.2341463111723,1799.002339964838,58.40290636055734,61.98673857601668,HIT,True,1184.3295657761178
2026_07_21_gym,flight_94,30,1,950,ok,True,27,27,1135.0849292172995,1832.3794542247583,1188.2341463111723,1799.002339964838,62.760425699730455,77.93733708910989,HIT,True,1182.5296104825695
2026_07_21_gym,flight_94,30,1,1000,ok,True,29,29,1164.0491962652602,1822.5267213449954,1188.2341463111723,1799.002339964838,33.73882523210249,38.961093499496066,HIT,True,1182.588471779493
2026_07_21_gym,flight_94,30,1,1050,ok,True,30,30,1157.2726182953872,1822.682912703729,1188.2341463111723,1799.002339964838,38.979298894594635,50.5062108040434,HIT,True,1183.095456427465
2026_07_21_gym,flight_94,30,1,1100,ok,True,32,32,1163.5321094124351,1818.647045402783,1188.2341463111723,1799.002339964838,31.56113240506743,45.838519767605625,HIT,True,1183.0528394687897
2026_07_21_gym,flight_94,30,1,1150,ok,True,33,33,1168.9896655203509,1814.6918472013067,1188.2341463111723,1799.002339964838,24.829633066791313,37.70243914632491,HIT,True,1183.2668038733548
2026_07_21_gym,flight_94,30,1,1200,ok,False,35,35,1193.8027872560792,1801.0710109098338,1188.2341463111723,1799.002339964838,5.940468117241625,19.133303412687898,HIT,True,1185.061866942302
2026_07_21_gym,flight_94,30,1,1250,ok,False,36,36,1197.8237838415741,1797.53965619267,1188.2341463111723,1799.002339964838,9.700545952772766,20.47115305713021,HIT,True,1185.337132123551
2026_07_21_gym,flight_95,30,1,150,not_fit_eligible,True,5,5,,,,,,,,,
2026_07_21_gym,flight_95,30,1,200,not_fit_eligible,True,7,7,,,,,,,,,
2026_07_21_gym,flight_95,30,1,250,ok,True,8,8,10.298713128023316,1784.0776556434798,100.94304969799818,2157.278599646131,384.0512210066269,609.8296844367177,HIT,False,1149.6690814788894
2026_07_21_gym,flight_95,30,1,300,ok,True,10,10,130.91715787690825,1854.8348642786716,100.94304969799818,2157.278599646131,303.9254188516369,446.91399068186485,HIT,False,1128.1921772966105
2026_07_21_gym,flight_95,30,1,350,ok,True,11,11,171.95782966474835,1896.3462528115665,100.94304969799818,2157.278599646131,270.4233506898387,411.37214753037904,HIT,False,1126.2615720785943
2026_07_21_gym,flight_95,30,1,400,ok,True,13,13,213.1560158053634,1912.6229327751842,100.94304969799818,2157.278599646131,269.1619309907709,387.07221281712987,HIT,False,1122.1106948157762
2026_07_21_gym,flight_95,30,1,450,ok,True,14,14,213.15601521281354,1912.6229127697316,100.94304969799818,2157.278599646131,269.16194892776366,387.0722432748926,HIT,False,1122.110698810842
2026_07_21_gym,flight_95,30,1,490,ok,True,15,15,206.56776682113536,1930.6073720345707,100.94304969799818,2157.278599646131,250.07284197664205,348.34562048138486,HIT,False,1117.5109465860496
2026_07_21_gym,flight_95,30,1,500,ok,True,16,16,161.01342842570287,1951.275435803918,100.94304969799818,2157.278599646131,214.58274374583706,326.55808448317015,HIT,False,1118.63694289455
2026_07_21_gym,flight_95,30,1,550,ok,True,17,17,161.01340213526709,1951.2747708521028,100.94304969799818,2157.278599646131,214.58337475148682,326.5591312326523,HIT,False,1118.6370769539
2026_07_21_gym,flight_95,30,1,600,ok,True,19,19,222.04011353754484,1996.1793396720766,100.94304969799818,2157.278599646131,201.53776428934418,245.54924749972005,HIT,False,1104.5520622553142
2026_07_21_gym,flight_95,30,1,650,ok,True,20,20,125.25481862467107,1999.2287219993027,100.94304969799818,2157.278599646131,159.90880505000774,257.0274048095838,HIT,False,1113.8958482818384
2026_07_21_gym,flight_95,30,1,700,ok,True,22,22,177.91781981414337,1998.6251951318077,100.94304969799818,2157.278599646131,176.34063059436687,240.9210822155482,HIT,False,1108.4624733965156
2026_07_21_gym,flight_95,30,1,750,ok,True,23,23,84.92485440425901,2069.6900387985024,100.94304969799818,2157.278599646131,89.04121838691972,162.51338794785636,MISS_HIGH_WIDE,True,1108.0997619900634
2026_07_21_gym,flight_95,30,1,800,ok,True,25,25,153.6348208025685,2046.3138419997656,100.94304969799818,2157.278599646131,122.83973372509841,185.2237597434293,MISS_HIGH_WIDE,True,1106.6990506415802
2026_07_21_gym,flight_95,30,1,850,ok,True,26,26,151.93989417806532,2075.7933807169898,100.94304969799818,2157.278599646131,96.12761856435569,137.97308316728123,MISS_HIGH_WIDE,True,1102.494568701848
2026_07_21_gym,flight_95,30,1,900,ok,True,28,28,152.3499660167758,2100.3996916307565,100.94304969799818,2157.278599646131,76.66734130271676,106.79091464788554,MISS_HIGH_WIDE,True,1099.9571826150318
2026_07_21_gym,flight_95,30,1,950,ok,True,29,29,163.95764421332117,2082.1456579183123,100.94304969799818,2157.278599646131,98.06017568109087,129.5289901449309,MISS_HIGH_WIDE,True,1100.7365391222343
2026_07_21_gym,flight_95,30,1,1000,ok,True,31,31,135.48769334141434,2103.6964946473345,100.94304969799818,2157.278599646131,63.752446075054145,89.75403023849529,MISS_HIGH_WIDE,True,1099.6298385554044
2026_07_21_gym,flight_95,30,1,1050,ok,True,32,32,116.3177812941057,2110.1178285136343,100.94304969799818,2157.278599646131,49.60363601051938,75.37083529942582,MISS_HIGH_WIDE,True,1099.8980008036442
2026_07_21_gym,flight_95,30,1,1100,ok,True,34,34,128.12837263445596,2112.868140685077,100.94304969799818,2157.278599646131,52.07043929420013,88.33056310225473,MISS_HIGH_WIDE,True,1099.975275403601
2026_07_21_gym,flight_95,30,1,1150,ok,False,35,35,128.12837142990108,2112.868115492614,100.94304969799818,2157.278599646131,52.07046015176819,88.33060021831884,MISS_HIGH_WIDE,True,1099.9752807225332
2026_07_21_gym,flight_95,30,1,1200,ok,False,37,37,163.87297538432895,2086.87580631221,100.94304969799818,2157.278599646131,94.42843245604541,132.61847662963365,MISS_HIGH_WIDE,True,1102.2507393453059
2026_07_21_gym,flight_95,30,1,1250,ok,False,38,38,133.58980558601436,2126.0665072458887,100.94304969799818,2157.278599646131,45.16641874239082,73.7253144649428,MISS_HIGH_WIDE,True,1098.497947780613
2026_07_21_gym,flight_96,30,1,150,not_fit_eligible,True,5,5,,,,,,,,,
2026_07_21_gym,flight_96,30,1,200,not_fit_eligible,True,7,7,,,,,,,,,
2026_07_21_gym,flight_96,30,1,250,fit_failed,True,8,8,,,,,,,,,
2026_07_21_gym,flight_96,30,1,300,ok,True,9,9,47.91732222521168,247.58757287872422,174.64335948759432,657.7777484691261,429.3197743769922,474.2840288423374,HIT,True,1260.8163736505896
2026_07_21_gym,flight_96,30,1,350,ok,True,10,10,86.733195866944,307.2847924164241,174.64335948759432,657.7777484691261,361.3495663625055,402.33906007897366,HIT,True,1252.5032058640777
2026_07_21_gym,flight_96,30,1,400,ok,True,12,12,68.55971071559131,362.7743316715691,174.64335948759432,657.7777484691261,313.49761794791175,358.4967194218405,HIT,True,1249.3718499055783
2026_07_21_gym,flight_96,30,1,450,ok,True,13,13,48.54365688799253,381.99163785930125,174.64335948759432,657.7777484691261,303.2476113689975,352.5712439779531,HIT,True,1250.094707661241
2026_07_21_gym,flight_96,30,1,490,ok,True,14,14,76.43526034757224,423.7643294868965,174.64335948759432,657.7777484691261,253.78556105588225,315.4383564847421,HIT,True,1248.3905653157308
2026_07_21_gym,flight_96,30,1,500,ok,True,15,15,71.05601154011613,473.9372892271099,174.64335948759432,657.7777484691261,211.01576507244033,256.14256006877116,HIT,True,1240.5987706239982
2026_07_21_gym,flight_96,30,1,550,ok,True,16,16,94.26784831350264,490.269763870755,174.64335948759432,657.7777484691261,185.79329293789016,222.62031131793168,HIT,True,1235.6337982699972
2026_07_21_gym,flight_96,30,1,600,ok,True,18,18,73.0340391430315,526.3010121802896,174.64335948759432,657.7777484691261,166.1643348196244,194.28077099160518,HIT,True,1232.605178754554
2026_07_21_gym,flight_96,30,1,650,ok,True,19,19,118.05730171869054,527.5338017086971,174.64335948759432,657.7777484691261,142.00516751709844,173.13247959152622,HIT,True,1229.639737919497
2026_07_21_gym,flight_96,30,1,700,ok,True,21,21,153.57572996639968,535.145913529799,174.64335948759432,657.7777484691261,124.42834063921559,156.75719008164108,HIT,True,1227.6106546439096
2026_07_21_gym,flight_96,30,1,750,ok,True,22,22,112.89573120740744,556.4792671137242,174.64335948759432,657.7777484691261,118.63453090537698,142.07496029885667,HIT,True,1226.2964514193852
2026_07_21_gym,flight_96,30,1,800,ok,True,24,24,127.51962031050259,582.1177708933933,174.64335948759432,657.7777484691261,89.1351726356715,108.91578884029924,HIT,True,1223.2598522797498
2026_07_21_gym,flight_96,30,1,850,ok,True,25,25,157.02045621817564,577.2870847108854,174.64335948759432,657.7777484691261,82.39729165382467,103.3719761367561,HIT,True,1222.3975974435511
2026_07_21_gym,flight_96,30,1,900,ok,True,27,27,147.71151074307318,586.6672391520192,174.64335948759432,657.7777484691261,76.03965420842017,93.832624963846,HIT,True,1221.2214332783037
2026_07_21_gym,flight_96,30,1,950,ok,True,28,28,182.06943347860107,598.7377145560307,174.64335948759432,657.7777484691261,59.50522816845054,74.35497942362936,HIT,True,1218.9593419251187
2026_07_21_gym,flight_96,30,1,1000,ok,True,30,30,140.77847861157574,612.6581216921045,174.64335948759432,657.7777484691261,56.41463353815794,62.88745902973,HIT,True,1217.0421592449009
2026_07_21_gym,flight_96,30,1,1050,ok,True,31,31,132.1987331482773,622.2655587605251,174.64335948759432,657.7777484691261,55.341322020565336,54.981568207852284,HIT,True,1215.795007500167
2026_07_21_gym,flight_96,30,1,1100,ok,True,33,33,139.5077896492229,620.8438292130403,174.64335948759432,657.7777484691261,50.97668741181739,52.99782305201385,HIT,True,1215.6781617236431
2026_07_21_gym,flight_96,30,1,1150,ok,True,34,34,166.04220343916288,627.8146495202828,174.64335948759432,657.7777484691261,31.17318052409219,40.78765343016432,HIT,True,1215.3409350622865
2026_07_21_gym,flight_96,30,1,1200,ok,True,36,36,162.54946123503447,658.1861006886177,174.64335948759432,657.7777484691261,12.10079032453806,3.404513641477207,HIT,True,1211.931339049262
2026_07_21_gym,flight_96,30,1,1250,ok,False,37,37,167.86573671051414,661.8472952363352,174.64335948759432,657.7777484691261,7.905528533810882,4.210525529237258,HIT,True,1211.6167639900548
2026_07_21_gym,flight_98,30,1,150,not_fit_eligible,True,5,5,,,,,,,,,
2026_07_21_gym,flight_98,30,1,200,not_fit_eligible,True,7,7,,,,,,,,,
2026_07_21_gym,flight_98,30,1,250,fit_failed,True,8,8,,,,,,,,,
2026_07_21_gym,flight_98,30,1,300,ok,True,10,10,564.6098214592073,679.2537173905887,485.24432711820543,810.1315281783558,153.06169686956355,140.79704730917678,HIT,True,1264.4760106537415
2026_07_21_gym,flight_98,30,1,350,ok,True,11,11,607.1404488086977,676.0625705553203,485.24432711820543,810.1315281783558,181.19919944997153,151.1801849560934,HIT,True,1262.1575130004298
2026_07_21_gym,flight_98,30,1,400,ok,True,12,12,607.1404716256301,676.0615768652461,485.24432711820543,810.1315281783558,181.1999500300001,151.18110301211814,HIT,True,1262.1576693912289
2026_07_21_gym,flight_98,30,1,450,ok,True,12,12,607.1404716256301,676.0615768652461,485.24432711820543,810.1315281783558,181.1999500300001,151.18110301211814,HIT,True,1262.1576693912289
2026_07_21_gym,flight_98,30,1,490,ok,True,13,13,607.1404730180247,676.061516225659,485.24432711820543,810.1315281783558,181.19999583395767,151.18115903613105,HIT,True,1262.1576789349215
2026_07_21_gym,flight_98,30,1,500,ok,True,14,14,616.7506327110515,707.3552929779695,485.24432711820543,810.1315281783558,166.90375350076502,121.34991274954562,HIT,True,1253.9627550200942
2026_07_21_gym,flight_98,30,1,550,ok,True,15,15,540.665709910643,722.7490170993751,485.24432711820543,810.1315281783558,103.47576002665589,103.3192255915124,HIT,True,1263.7840944515026
2026_07_21_gym,flight_98,30,1,600,ok,True,17,17,511.7016633264352,716.849842745025,485.24432711820543,810.1315281783558,96.96114415846274,83.25060314614664,HIT,True,1259.5662000997402
2026_07_21_gym,flight_98,30,1,650,ok,True,18,18,530.7712512388367,722.8798685113226,485.24432711820543,810.1315281783558,98.41520682566038,98.67304689248212,HIT,True,1263.5471289471493
2026_07_21_gym,flight_98,30,1,700,ok,True,20,20,532.7848632922352,722.5275523439021,485.24432711820543,810.1315281783558,99.67225873691119,97.76995598109238,HIT,True,1262.9011660845308
2026_07_21_gym,flight_98,30,1,750,ok,True,21,21,518.4779362974322,739.9735771850089,485.24432711820543,810.1315281783558,77.6312492921661,80.27542976572143,HIT,True,1262.376772224918
2026_07_21_gym,flight_98,30,1,800,ok,True,22,22,519.0225557748598,748.9127876085238,485.24432711820543,810.1315281783558,69.91926006571882,69.32511717705998,HIT,True,1260.9792210126093
2026_07_21_gym,flight_98,30,1,850,ok,True,23,23,493.36850706239767,772.1015713394797,485.24432711820543,810.1315281783558,38.88804336724066,41.889409166951054,HIT,True,1259.1789302815955
2026_07_21_gym,flight_98,30,1,900,ok,True,25,25,506.72139949738033,759.9928910438407,485.24432711820543,810.1315281783558,54.54491334383887,50.176538637835485,HIT,True,1258.7442628536837
2026_07_21_gym,flight_98,30,1,950,ok,True,26,26,479.10614648770854,775.017969098318,485.24432711820543,810.1315281783558,35.646027727082206,36.24493784804029,HIT,True,1257.8693146201042
2026_07_21_gym,flight_98,30,1,1000,ok,True,28,28,490.6566001304297,786.7275215813262,485.24432711820543,810.1315281783558,24.02166155686687,18.68900156042888,HIT,True,1256.3114776447198
2026_07_21_gym,flight_98,30,1,1050,ok,True,29,29,487.1620572516815,789.1022396180708,485.24432711820543,810.1315281783558,21.116549581230686,16.19303832003409,HIT,True,1255.9347724246118
2026_07_21_gym,flight_98,30,1,1100,ok,True,31,31,497.9298283684742,786.1686779970507,485.24432711820543,810.1315281783558,27.113467701167284,21.59204766838186,HIT,True,1256.4054168325113
2026_07_21_gym,flight_98,30,1,1150,ok,True,32,32,489.56851767024125,795.203996120712,485.24432711820543,810.1315281783558,15.541230236448454,16.804985209447537,HIT,True,1255.5555672175747
2026_07_21_gym,flight_98,30,1,1200,ok,True,34,34,512.1089440101038,784.1746310289042,485.24432711820543,810.1315281783558,37.355965392098724,32.15469346705491,HIT,True,1257.5444963727566
2026_07_21_gym,flight_98,30,1,1250,ok,True,35,35,500.70711464146467,792.2235819729158,485.24432711820543,810.1315281783558,23.659931007642314,17.623733606027372,HIT,True,1256.1698393164143
