session,flight,fps,phase,T_ms,status,airborne,n_detected,n_points_used,cy_own,cz_own,cy_ref,cz_ref,position_error_mm,velocity_error_mm_s,cls_own,hit_miss_match,t_cross_own_ms
2026_07_15_gym,flight_11,30,0,150,not_fit_eligible,True,5,5,,,,,,,,,
2026_07_15_gym,flight_11,30,0,200,not_fit_eligible,True,7,7,,,,,,,,,
2026_07_15_gym,flight_11,30,0,250,fit_failed,True,8,8,,,,,,,,,
2026_07_15_gym,flight_11,30,0,300,fit_failed,True,10,10,,,,,,,,,
2026_07_15_gym,flight_11,30,0,350,fit_failed,True,11,11,,,,,,,,,
2026_07_15_gym,flight_11,30,0,400,fit_failed,True,12,12,,,,,,,,,
2026_07_15_gym,flight_11,30,0,450,fit_failed,True,13,13,,,,,,,,,
2026_07_15_gym,flight_11,30,0,490,fit_failed,True,13,13,,,,,,,,,
2026_07_15_gym,flight_11,30,0,500,fit_failed,True,13,13,,,,,,,,,
2026_07_15_gym,flight_11,30,0,550,fit_failed,True,14,14,,,,,,,,,
2026_07_15_gym,flight_11,30,0,600,fit_failed,True,15,15,,,,,,,,,
2026_07_15_gym,flight_11,30,0,650,fit_failed,True,16,16,,,,,,,,,
2026_07_15_gym,flight_11,30,0,700,ok,True,18,18,1344.1204349801078,2707.4039683015885,1314.3592502562951,2917.588176914399,212.28078025661742,240.2060039641017,MISS_HIGH_WIDE,True,1204.5433122455793
2026_07_15_gym,flight_11,30,0,750,ok,True,19,19,1328.4756320082943,2730.22338903522,1314.3592502562951,2917.588176914399,187.89581147747253,215.4335637843507,MISS_HIGH_WIDE,True,1202.3269896670186
2026_07_15_gym,flight_11,30,0,800,ok,True,21,21,1353.6380982334313,2747.6679582042057,1314.3592502562951,2917.588176914399,174.40099949521755,172.86813733739768,MISS_HIGH_WIDE,True,1197.496463728311
2026_07_15_gym,flight_11,30,0,850,ok,True,21,21,1353.6380982334313,2747.6679582042057,1314.3592502562951,2917.588176914399,174.40099949521755,172.86813733739768,MISS_HIGH_WIDE,True,1197.496463728311
2026_07_15_gym,flight_11,30,0,900,ok,True,22,22,1356.3623639957455,2735.993527001442,1314.3592502562951,2917.588176914399,186.38905129008663,196.24856006864795,MISS_HIGH_WIDE,True,1200.5293129689637
2026_07_15_gym,flight_11,30,0,950,ok,True,22,22,1356.3623639957455,2735.993527001442,1314.3592502562951,2917.588176914399,186.38905129008663,196.24856006864795,MISS_HIGH_WIDE,True,1200.5293129689637
2026_07_15_gym,flight_11,30,0,1000,ok,True,24,24,1326.3330742949684,2781.9314671065335,1314.3592502562951,2917.588176914399,136.18412307609321,144.10547203461678,MISS_HIGH_WIDE,True,1195.5842860174423
2026_07_15_gym,flight_11,30,0,1050,ok,True,25,25,1393.1593112086741,2733.433390495921,1314.3592502562951,2917.588176914399,200.30585355134767,190.15767547032573,MISS_HIGH_WIDE,True,1198.3935532555927
2026_07_15_gym,flight_11,30,0,1100,fit_failed,True,26,26,,,,,,,,,
2026_07_15_gym,flight_11,30,0,1150,fit_failed,True,26,26,,,,,,,,,
2026_07_15_gym,flight_11,30,0,1200,fit_failed,True,27,27,,,,,,,,,
2026_07_15_gym,flight_11,30,0,1250,fit_failed,False,28,28,,,,,,,,,
2026_07_15_gym,flight_12,30,0,150,not_fit_eligible,True,5,5,,,,,,,,,
2026_07_15_gym,flight_12,30,0,200,not_fit_eligible,True,7,7,,,,,,,,,
2026_07_15_gym,flight_12,30,0,250,fit_failed,True,8,8,,,,,,,,,
2026_07_15_gym,flight_12,30,0,300,fit_failed,True,10,10,,,,,,,,,
2026_07_15_gym,flight_12,30,0,350,fit_failed,True,11,11,,,,,,,,,
2026_07_15_gym,flight_12,30,0,400,fit_failed,True,12,12,,,,,,,,,
2026_07_15_gym,flight_12,30,0,450,ok,True,13,13,649.9688078998344,1065.7408400077632,415.1586485041634,1259.7583479405307,304.59580486254555,214.16829135517986,HIT,True,1391.7011675861568
2026_07_15_gym,flight_12,30,0,490,fit_failed,True,14,14,,,,,,,,,
2026_07_15_gym,flight_12,30,0,500,fit_failed,True,15,15,,,,,,,,,
2026_07_15_gym,flight_12,30,0,550,fit_failed,True,16,16,,,,,,,,,
2026_07_15_gym,flight_12,30,0,600,fit_failed,True,18,18,,,,,,,,,
2026_07_15_gym,flight_12,30,0,650,ok,True,19,19,432.3860276779363,1104.5765420373923,415.1586485041634,1259.7583479405307,156.13511929273398,120.65728253360314,HIT,True,1389.9986509707376
2026_07_15_gym,flight_12,30,0,700,ok,True,21,21,549.1174171714661,1083.7178609399318,415.1586485041634,1259.7583479405307,221.21303028137365,150.31436936938925,HIT,True,1385.2300602595926
2026_07_15_gym,flight_12,30,0,750,ok,True,22,22,423.45952415102806,1141.1361094190258,415.1586485041634,1259.7583479405307,118.91232067518278,96.34451649139994,HIT,True,1389.4165030118309
2026_07_15_gym,flight_12,30,0,800,ok,True,24,24,500.80653199741494,1092.5646908966198,415.1586485041634,1259.7583479405307,187.85440879199635,132.0344826963389,HIT,True,1387.9268478478552
2026_07_15_gym,flight_12,30,0,850,ok,True,24,24,500.80653199741494,1092.5646908966198,415.1586485041634,1259.7583479405307,187.85440879199635,132.0344826963389,HIT,True,1387.9268478478552
2026_07_15_gym,flight_12,30,0,900,ok,True,26,26,464.7131079318811,1126.9589993296663,415.1586485041634,1259.7583479405307,141.7438232892115,98.57833368480009,HIT,True,1387.6987308344771
2026_07_15_gym,flight_12,30,0,950,fit_failed,True,27,27,,,,,,,,,
2026_07_15_gym,flight_12,30,0,1000,ok,True,29,29,523.443048921175,1110.86642617962,415.1586485041634,1259.7583479405307,184.10408941500685,147.03595656265014,HIT,True,1385.0575752731017
2026_07_15_gym,flight_12,30,0,1050,fit_failed,True,30,30,,,,,,,,,
2026_07_15_gym,flight_12,30,0,1100,fit_failed,True,32,32,,,,,,,,,
2026_07_15_gym,flight_12,30,0,1150,fit_failed,True,33,33,,,,,,,,,
2026_07_15_gym,flight_12,30,0,1200,fit_failed,True,34,34,,,,,,,,,
2026_07_15_gym,flight_12,30,0,1250,fit_failed,True,35,35,,,,,,,,,
2026_07_15_gym,flight_14,30,0,150,not_fit_eligible,True,5,5,,,,,,,,,
2026_07_15_gym,flight_14,30,0,200,not_fit_eligible,True,7,7,,,,,,,,,
2026_07_15_gym,flight_14,30,0,250,not_fit_eligible,True,7,7,,,,,,,,,
2026_07_15_gym,flight_14,30,0,300,fit_failed,True,9,9,,,,,,,,,
2026_07_15_gym,flight_14,30,0,350,fit_failed,True,10,10,,,,,,,,,
2026_07_15_gym,flight_14,30,0,400,ok,True,12,12,1438.9963262705382,1714.0177459723282,1543.2300851558507,1793.9838819110776,131.3745005255434,127.99801984892059,HIT,True,1233.1770769589677
2026_07_15_gym,flight_14,30,0,450,ok,True,13,13,1341.2833894041416,1691.5731829138779,1543.2300851558507,1793.9838819110776,226.42972241763752,206.1763250198939,HIT,True,1242.3840191078384
2026_07_15_gym,flight_14,30,0,490,ok,True,14,14,1424.9880725012888,1703.1593828144712,1543.2300851558507,1793.9838819110776,149.09816629573626,136.6540867296316,HIT,True,1241.270960329044
2026_07_15_gym,flight_14,30,0,500,ok,True,15,15,1424.9881064523822,1703.1590979713449,1543.2300851558507,1793.9838819110776,149.09831288586273,136.65423383707076,HIT,True,1241.271006895637
2026_07_15_gym,flight_14,30,0,550,ok,True,16,16,1333.9995978033496,1719.3448321500707,1543.2300851558507,1793.9838819110776,222.1449630016201,211.62877743153877,HIT,True,1249.7830430103027
2026_07_15_gym,flight_14,30,0,600,ok,True,18,18,1466.1591023715625,1716.4910371278434,1543.2300851558507,1793.9838819110776,109.29353768606116,108.56775769252674,HIT,True,1245.2525802559428
2026_07_15_gym,flight_14,30,0,650,ok,True,19,19,1478.4318772667034,1709.3318131930362,1543.2300851558507,1793.9838819110776,106.6057244424011,105.96725000595599,HIT,True,1245.2823895529411
2026_07_15_gym,flight_14,30,0,700,fit_failed,True,21,21,,,,,,,,,
2026_07_15_gym,flight_14,30,0,750,ok,True,22,22,1320.729739257197,1728.6287746940855,1543.2300851558507,1793.9838819110776,231.90018103564532,219.62560258723192,HIT,True,1251.1516812963873
2026_07_15_gym,flight_14,30,0,800,ok,True,24,24,1302.427240287421,1728.665601998073,1543.2300851558507,1793.9838819110776,249.50448450383138,243.91762356095248,HIT,True,1253.2261504371268
2026_07_15_gym,flight_14,30,0,850,ok,True,25,25,1455.9008490664303,1719.206074768723,1543.2300851558507,1793.9838819110776,114.97006530823967,127.14611966174546,HIT,True,1251.9429406377367
2026_07_15_gym,flight_14,30,0,900,ok,True,27,27,1490.3689473006568,1708.2707963148591,1543.2300851558507,1793.9838819110776,100.7026957820419,124.61744781380393,HIT,True,1256.7982345244775
2026_07_15_gym,flight_14,30,0,950,ok,True,28,28,1457.472637249295,1723.7467205003272,1543.2300851558507,1793.9838819110776,110.8494416516628,132.89397662936997,HIT,True,1255.4820482369767
2026_07_15_gym,flight_14,30,0,1000,ok,True,28,28,1457.472637249295,1723.7467205003272,1543.2300851558507,1793.9838819110776,110.8494416516628,132.89397662936997,HIT,True,1255.4820482369767
2026_07_15_gym,flight_14,30,0,1050,ok,True,29,29,1520.6815464508913,1718.065183242211,1543.2300851558507,1793.9838819110776,79.1964986934599,100.34053001816268,HIT,True,1256.8191491165555
2026_07_15_gym,flight_14,30,0,1100,ok,True,31,31,1514.927405056995,1752.913703789552,1543.2300851558507,1793.9838819110776,49.87786314300157,75.00428075318867,HIT,True,1255.420042841782
2026_07_15_gym,flight_14,30,0,1150,ok,True,32,32,1519.2302688769244,1731.9380899828725,1543.2300851558507,1793.9838819110776,66.5257204201528,94.85080292426353,HIT,True,1258.1930719186312
2026_07_15_gym,flight_14,30,0,1200,ok,True,34,34,1597.2745875145422,1707.6521651060661,1543.2300851558507,1793.9838819110776,101.85270522523837,122.96223943798633,HIT,True,1256.3710098826878
2026_07_15_gym,flight_14,30,0,1250,ok,True,35,35,1575.041610093236,1748.0238531226903,1543.2300851558507,1793.9838819110776,55.895414526338996,79.51523766619832,HIT,True,1258.5151966034493
2026_07_15_gym,flight_15,30,0,150,not_fit_eligible,True,5,5,,,,,,,,,
2026_07_15_gym,flight_15,30,0,200,not_fit_eligible,True,7,7,,,,,,,,,
2026_07_15_gym,flight_15,30,0,250,fit_failed,True,8,8,,,,,,,,,
2026_07_15_gym,flight_15,30,0,300,fit_failed,True,10,10,,,,,,,,,
2026_07_15_gym,flight_15,30,0,350,fit_failed,True,11,11,,,,,,,,,
2026_07_15_gym,flight_15,30,0,400,ok,True,12,12,1054.7828064267133,204.09065659111832,1106.3254149406393,567.9423568328247,367.48428573369006,293.9824672954584,HIT,True,1590.6608679951792
2026_07_15_gym,flight_15,30,0,450,ok,True,13,13,1313.505675512822,146.07436002655237,1106.3254149406393,567.9423568328247,469.9960288131108,343.75254206868243,HIT,True,1589.5083960971879
2026_07_15_gym,flight_15,30,0,490,ok,True,14,14,1330.768391837188,144.59921762898077,1106.3254149406393,567.9423568328247,479.1597472546601,341.8108866630077,HIT,True,1588.34789749325
2026_07_15_gym,flight_15,30,0,500,ok,True,15,15,1355.0090814402745,20.38044995678396,1106.3254149406393,567.9423568328247,601.3880675948164,435.0303192243606,HIT,True,1601.8156293064067
2026_07_15_gym,flight_15,30,0,550,ok,True,15,15,1355.0090814402745,20.38044995678396,1106.3254149406393,567.9423568328247,601.3880675948164,435.0303192243606,HIT,True,1601.8156293064067
2026_07_15_gym,flight_15,30,0,600,fit_failed,True,16,16,,,,,,,,,
2026_07_15_gym,flight_15,30,0,650,ok,True,17,17,1418.5658190954061,105.94471759214744,1106.3254149406393,567.9423568328247,557.6162557267238,377.2652931456431,HIT,True,1586.556707069485
2026_07_15_gym,flight_15,30,0,700,fit_failed,True,19,19,,,,,,,,,
2026_07_15_gym,flight_15,30,0,750,fit_failed,True,20,20,,,,,,,,,
2026_07_15_gym,flight_15,30,0,800,ok,True,22,22,1167.5219557373262,361.58207488137447,1106.3254149406393,567.9423568328247,215.24307787374389,147.97582742871427,HIT,True,1562.888995881597
2026_07_15_gym,flight_15,30,0,850,ok,True,23,23,1202.1358087147535,323.15808951311453,1106.3254149406393,567.9423568328247,262.86682765689187,176.47992601272006,HIT,True,1566.0561642283094
2026_07_15_gym,flight_15,30,0,900,ok,True,25,25,1168.2811115051386,387.80944331177835,1106.3254149406393,567.9423568328247,190.48982878456542,133.20444188816546,HIT,True,1559.2026395332289
2026_07_15_gym,flight_15,30,0,950,ok,True,25,25,1168.2811115051386,387.80944331177835,1106.3254149406393,567.9423568328247,190.48982878456542,133.20444188816546,HIT,True,1559.2026395332289
2026_07_15_gym,flight_15,30,0,1000,ok,True,26,26,1521.9961038340336,248.79111794147255,1106.3254149406393,567.9423568328247,524.0607167981531,349.2332650351245,HIT,True,1566.6719582923206
2026_07_15_gym,flight_15,30,0,1050,ok,True,27,27,1142.6659602657699,394.102911296319,1106.3254149406393,567.9423568328247,177.597263658446,120.84382844823354,HIT,True,1562.7582489724232
2026_07_15_gym,flight_15,30,0,1100,fit_failed,True,29,29,,,,,,,,,
2026_07_15_gym,flight_15,30,0,1150,ok,True,30,30,1085.7528605078505,577.0529304630751,1106.3254149406393,567.9423568328247,22.499612169152456,24.99292567988997,HIT,True,1551.68397132271
2026_07_15_gym,flight_15,30,0,1200,ok,True,32,32,1067.5804410449766,526.3628764332583,1106.3254149406393,567.9423568328247,56.83331938637325,41.521858750630464,HIT,True,1559.0562211524887
2026_07_15_gym,flight_15,30,0,1250,ok,True,33,33,1044.2050567190588,505.65272295774645,1106.3254149406393,567.9423568328247,87.97123048968214,72.57844314680524,HIT,True,1562.7146916278696
2026_07_15_gym,flight_17,30,0,150,not_fit_eligible,True,5,5,,,,,,,,,
2026_07_15_gym,flight_17,30,0,200,not_fit_eligible,True,7,7,,,,,,,,,
2026_07_15_gym,flight_17,30,0,250,fit_failed,True,8,8,,,,,,,,,
2026_07_15_gym,flight_17,30,0,300,fit_failed,True,10,10,,,,,,,,,
2026_07_15_gym,flight_17,30,0,350,fit_failed,True,11,11,,,,,,,,,
2026_07_15_gym,flight_17,30,0,400,fit_failed,True,11,11,,,,,,,,,
2026_07_15_gym,flight_17,30,0,450,fit_failed,True,11,11,,,,,,,,,
2026_07_15_gym,flight_17,30,0,490,fit_failed,True,11,11,,,,,,,,,
2026_07_15_gym,flight_17,30,0,500,fit_failed,True,11,11,,,,,,,,,
2026_07_15_gym,flight_17,30,0,550,fit_failed,True,12,12,,,,,,,,,
2026_07_15_gym,flight_17,30,0,600,fit_failed,True,14,14,,,,,,,,,
2026_07_15_gym,flight_17,30,0,650,fit_failed,True,14,14,,,,,,,,,
2026_07_15_gym,flight_17,30,0,700,fit_failed,True,16,16,,,,,,,,,
2026_07_15_gym,flight_17,30,0,750,ok,True,17,17,330.823586223901,2405.3283773627722,308.745036456572,2440.223426116098,41.293180881658884,95.91366190829025,MISS_HIGH_WIDE,True,1110.2905561707178
2026_07_15_gym,flight_17,30,0,800,fit_failed,True,18,18,,,,,,,,,
2026_07_15_gym,flight_17,30,0,850,ok,True,19,19,345.1617333952548,2396.37208699152,308.745036456572,2440.223426116098,57.001015420276545,115.73899919004542,MISS_HIGH_WIDE,True,1112.100363364499
2026_07_15_gym,flight_17,30,0,900,ok,True,21,21,333.1993238179225,2407.9566979419965,308.745036456572,2440.223426116098,40.48646585481202,105.6740581835007,MISS_HIGH_WIDE,True,1111.9506365516456
2026_07_15_gym,flight_17,30,0,950,ok,True,22,22,335.68082680833515,2403.6262786167904,308.745036456572,2440.223426116098,45.44103879710728,104.96339838783885,MISS_HIGH_WIDE,True,1112.587497909435
2026_07_15_gym,flight_17,30,0,1000,ok,True,24,24,317.8633846891017,2396.9322224694956,308.745036456572,2440.223426116098,44.24107353649173,41.59584146536053,MISS_HIGH_WIDE,True,1119.8277037578173
2026_07_15_gym,flight_17,30,0,1050,ok,True,25,25,304.6556985958623,2407.019412286519,308.745036456572,2440.223426116098,33.45488332865463,28.225446652663113,MISS_HIGH_WIDE,True,1117.1231910691833
2026_07_15_gym,flight_17,30,0,1100,ok,True,25,25,304.6556985958623,2407.019412286519,308.745036456572,2440.223426116098,33.45488332865463,28.225446652663113,MISS_HIGH_WIDE,True,1117.1231910691833
2026_07_15_gym,flight_17,30,0,1150,fit_failed,False,26,26,,,,,,,,,
2026_07_15_gym,flight_17,30,0,1200,ok,False,28,28,327.06752447814324,2377.657523117808,308.745036456572,2440.223426116098,65.19360233406371,59.16399549771078,MISS_HIGH_WIDE,True,1120.938433528181
2026_07_15_gym,flight_17,30,0,1250,ok,False,28,28,327.06752447814324,2377.657523117808,308.745036456572,2440.223426116098,65.19360233406371,59.16399549771078,MISS_HIGH_WIDE,True,1120.938433528181
2026_07_15_gym,flight_19,30,0,150,not_fit_eligible,True,5,5,,,,,,,,,
2026_07_15_gym,flight_19,30,0,200,not_fit_eligible,True,7,7,,,,,,,,,
2026_07_15_gym,flight_19,30,0,250,fit_failed,True,8,8,,,,,,,,,
2026_07_15_gym,flight_19,30,0,300,ok,True,10,10,260.5572979999376,2467.6131764498605,316.77349563971256,2404.6608315670896,84.39939930659202,152.63133154334443,MISS_HIGH_WIDE,True,1060.3561268547778
2026_07_15_gym,flight_19,30,0,350,ok,True,11,11,252.66490547728438,2449.379909356086,316.77349563971256,2404.6608315670896,78.16461636132104,125.13075290968875,MISS_HIGH_WIDE,True,1064.1874627252896
2026_07_15_gym,flight_19,30,0,400,ok,True,13,13,277.7503757105828,2410.249378473017,316.77349563971256,2404.6608315670896,39.42126007020824,60.878286695664656,MISS_HIGH_WIDE,True,1070.1029945558969
2026_07_15_gym,flight_19,30,0,450,ok,True,14,14,303.06785837026024,2391.1541256838877,316.77349563971256,2404.6608315670896,19.242546525268466,39.26744177776387,MISS_HIGH_WIDE,True,1070.5112853448534
2026_07_15_gym,flight_19,30,0,490,ok,True,15,15,313.81867152081566,2393.6640188249335,316.77349563971256,2404.6608315670896,11.386872971086637,46.43355023369751,MISS_HIGH_WIDE,True,1069.4656942477357
2026_07_15_gym,flight_19,30,0,500,ok,True,16,16,356.8365867983482,2359.0442319481463,316.77349563971256,2404.6608315670896,60.711822851732386,59.0443263764489,MISS_HIGH_WIDE,True,1071.4574911779653
2026_07_15_gym,flight_19,30,0,550,ok,True,17,17,363.8879944905442,2351.442784477656,316.77349563971256,2404.6608315670896,71.07697614543117,66.76624516889076,MISS_HIGH_WIDE,True,1071.5966412230093
2026_07_15_gym,flight_19,30,0,600,ok,True,19,19,317.9996626257544,2368.462956716237,316.77349563971256,2404.6608315670896,36.21863649001235,34.80617629113555,MISS_HIGH_WIDE,True,1072.619897488142
2026_07_15_gym,flight_19,30,0,650,ok,True,20,20,315.61118775470857,2362.1860333763775,316.77349563971256,2404.6608315670896,42.49069828752248,30.678340158475713,MISS_HIGH_WIDE,True,1073.5957721907473
2026_07_15_gym,flight_19,30,0,700,ok,True,22,22,330.7698415745766,2354.434258043475,316.77349563971256,2404.6608315670896,52.14025687941569,49.47001464350361,MISS_HIGH_WIDE,True,1074.7111585069424
2026_07_15_gym,flight_19,30,0,750,ok,True,23,23,322.2131478116857,2355.8763915941913,316.77349563971256,2404.6608315670896,49.08677417819765,38.17028102473665,MISS_HIGH_WIDE,True,1075.4752613404846
2026_07_15_gym,flight_19,30,0,800,ok,True,25,25,329.8086471928875,2354.5497502851904,316.77349563971256,2404.6608315670896,51.77871805341799,45.08478513557148,MISS_HIGH_WIDE,True,1077.1825634274226
2026_07_15_gym,flight_19,30,0,850,ok,True,26,26,329.8086496685027,2354.549645549372,316.77349563971256,2404.6608315670896,51.77882003924549,45.08494465956521,MISS_HIGH_WIDE,True,1077.1825845123824
2026_07_15_gym,flight_19,30,0,900,ok,True,28,28,329.8086617042703,2354.5491363522437,316.77349563971256,2404.6608315670896,51.7793158668228,45.08572022502457,MISS_HIGH_WIDE,True,1077.1826870217246
2026_07_15_gym,flight_19,30,0,950,ok,True,29,29,341.15575655912227,2354.861660485415,316.77349563971256,2404.6608315670896,55.447741955503155,62.37126143348029,MISS_HIGH_WIDE,True,1076.481197297796
2026_07_15_gym,flight_19,30,0,1000,ok,True,31,31,311.77773748639305,2387.075751561184,316.77349563971256,2404.6608315670896,18.280936473292627,35.82921931304534,MISS_HIGH_WIDE,True,1072.7791140577838
2026_07_15_gym,flight_19,30,0,1050,fit_failed,True,32,32,,,,,,,,,
2026_07_15_gym,flight_19,30,0,1100,ok,False,34,34,269.0924523592902,2410.502615469592,316.77349563971256,2404.6608315670896,48.037572039738315,52.32524105879905,MISS_HIGH_WIDE,True,1070.9020267787898
2026_07_15_gym,flight_19,30,0,1150,ok,False,35,35,177.37560485901065,2354.553013026853,316.77349563971256,2404.6608315670896,148.13023132692996,169.21821154017007,MISS_HIGH_WIDE,True,1084.2879075357498
2026_07_15_gym,flight_19,30,0,1200,fit_failed,False,36,36,,,,,,,,,
2026_07_15_gym,flight_19,30,0,1250,ok,False,37,37,349.29458843251643,2365.7282099506338,316.77349563971256,2404.6608315670896,50.72839936730005,64.17965073387302,MISS_HIGH_WIDE,True,1078.7768894906374
2026_07_15_gym,flight_20,30,0,150,not_fit_eligible,True,5,5,,,,,,,,,
2026_07_15_gym,flight_20,30,0,200,not_fit_eligible,True,7,7,,,,,,,,,
2026_07_15_gym,flight_20,30,0,250,fit_failed,True,8,8,,,,,,,,,
2026_07_15_gym,flight_20,30,0,300,fit_failed,True,10,10,,,,,,,,,
2026_07_15_gym,flight_20,30,0,350,fit_failed,True,11,11,,,,,,,,,
2026_07_15_gym,flight_20,30,0,400,ok,True,13,13,365.19653603051546,2522.194169047646,564.612701189692,2470.8439248657473,205.9214765495153,203.96743555422495,MISS_HIGH_WIDE,True,1122.112292885909
2026_07_15_gym,flight_20,30,0,450,ok,True,14,14,401.1412202022024,2518.986366244047,564.612701189692,2470.8439248657473,170.4130856422305,176.7500946285303,MISS_HIGH_WIDE,True,1120.4081992738982
2026_07_15_gym,flight_20,30,0,490,ok,True,15,15,432.0579359842392,2520.8433187204687,564.612701189692,2470.8439248657473,141.6711161970296,158.9723705589751,MISS_HIGH_WIDE,True,1118.1758259329847
2026_07_15_gym,flight_20,30,0,500,ok,True,16,16,527.6573865743197,2522.6698315644976,564.612701189692,2470.8439248657473,63.6523360409397,130.8740992094121,MISS_HIGH_WIDE,True,1111.51337389154
2026_07_15_gym,flight_20,30,0,550,ok,True,17,17,498.1736642096186,2486.8668988282357,564.612701189692,2470.8439248657473,68.3438463172957,111.96872795415368,MISS_HIGH_WIDE,True,1114.6968162527435
2026_07_15_gym,flight_20,30,0,600,ok,True,19,19,578.0367234939724,2479.8431404184735,564.612701189692,2470.8439248657473,16.16138160524178,110.38692371893747,MISS_HIGH_WIDE,True,1111.9629036552064
2026_07_15_gym,flight_20,30,0,650,ok,True,20,20,578.6823700315674,2467.9364332236355,564.612701189692,2470.8439248657473,14.366944315650116,100.97305414348716,MISS_HIGH_WIDE,True,1112.8002633759374
2026_07_15_gym,flight_20,30,0,700,ok,True,22,22,544.6411582629378,2440.7545665637795,564.612701189692,2470.8439248657473,36.11415248762441,64.47985682120243,MISS_HIGH_WIDE,True,1117.6092181086744
2026_07_15_gym,flight_20,30,0,750,ok,True,23,23,535.8445241789811,2450.039549369659,564.612701189692,2470.8439248657473,35.502535801007554,67.78529454227875,MISS_HIGH_WIDE,True,1117.7283632100139
2026_07_15_gym,flight_20,30,0,800,ok,True,24,24,523.3680233914571,2472.1224318739255,564.612701189692,2470.8439248657473,41.264488690036735,84.04067461734398,MISS_HIGH_WIDE,True,1116.9017915109318
2026_07_15_gym,flight_20,30,0,850,ok,True,24,24,523.3680233914571,2472.1224318739255,564.612701189692,2470.8439248657473,41.264488690036735,84.04067461734398,MISS_HIGH_WIDE,True,1116.9017915109318
2026_07_15_gym,flight_20,30,0,900,ok,True,25,25,523.3680468174205,2472.1218552600435,564.612701189692,2470.8439248657473,41.26444741397612,84.04023447127985,MISS_HIGH_WIDE,True,1116.9019046983906
2026_07_15_gym,flight_20,30,0,950,ok,True,26,26,539.624117595015,2475.065460763546,564.612701189692,2470.8439248657473,25.342665120396475,73.54471060979022,MISS_HIGH_WIDE,True,1117.7844172591556
2026_07_15_gym,flight_20,30,0,1000,ok,True,28,28,538.7045766894555,2496.4672178895817,564.612701189692,2470.8439248657473,36.438771391267146,81.93410324118267,MISS_HIGH_WIDE,True,1118.274720991912
2026_07_15_gym,flight_20,30,0,1050,ok,True,29,29,544.5417221409456,2488.3656598819,564.612701189692,2470.8439248657473,26.643111641688524,77.43179603199242,MISS_HIGH_WIDE,True,1118.2997860809924
2026_07_15_gym,flight_20,30,0,1100,ok,True,31,31,547.7326517562124,2488.4973283133077,564.612701189692,2470.8439248657473,24.424961047237097,62.52171654583123,MISS_HIGH_WIDE,True,1121.052301525386
2026_07_15_gym,flight_20,30,0,1150,ok,False,32,32,553.3929466117952,2485.7336627900127,564.612701189692,2470.8439248657473,18.643690306415742,53.04185889671098,MISS_HIGH_WIDE,True,1122.4339547709471
2026_07_15_gym,flight_20,30,0,1200,ok,False,34,34,550.2793586306944,2492.6447313903045,564.612701189692,2470.8439248657473,26.090608924184657,59.42707230742432,MISS_HIGH_WIDE,True,1122.6985490114844
2026_07_15_gym,flight_20,30,0,1250,ok,False,34,34,550.2793586306944,2492.6447313903045,564.612701189692,2470.8439248657473,26.090608924184657,59.42707230742432,MISS_HIGH_WIDE,True,1122.6985490114844
2026_07_15_gym,flight_21,30,0,150,not_fit_eligible,True,5,5,,,,,,,,,
2026_07_15_gym,flight_21,30,0,200,not_fit_eligible,True,7,7,,,,,,,,,
2026_07_15_gym,flight_21,30,0,250,fit_failed,True,8,8,,,,,,,,,
2026_07_15_gym,flight_21,30,0,300,ok,True,10,10,536.2054839008098,2225.7588810787865,737.4066720812041,2189.8066932697857,204.38805721826338,196.88524977969718,MISS_HIGH_WIDE,True,1165.5493418782269
2026_07_15_gym,flight_21,30,0,350,ok,True,11,11,606.1884381855466,2173.514134583823,737.4066720812041,2189.8066932697857,132.22583853101864,145.15989124520942,MISS_HIGH_WIDE,True,1158.4820468007365
2026_07_15_gym,flight_21,30,0,400,ok,True,13,13,695.7471132435182,2157.1147340783377,737.4066720812041,2189.8066932697857,52.95548166456336,52.41916627393044,MISS_HIGH_WIDE,True,1140.984850912764
2026_07_15_gym,flight_21,30,0,450,ok,True,14,14,666.8480445546439,2162.97354287752,737.4066720812041,2189.8066932697857,75.48866059485894,74.0432408352604,MISS_HIGH_WIDE,True,1141.587657387715
2026_07_15_gym,flight_21,30,0,490,ok,True,15,15,661.6627951615426,2160.3606508457533,737.4066720812041,2189.8066932697857,81.26625563700313,78.643820201939,MISS_HIGH_WIDE,True,1141.473792886643
2026_07_15_gym,flight_21,30,0,500,ok,True,16,16,679.8943205756214,2149.5323948521723,737.4066720812041,2189.8066932697857,70.21174893657529,61.62294427195767,MISS_HIGH_WIDE,True,1142.4048325331823
2026_07_15_gym,flight_21,30,0,550,ok,True,17,17,657.7751365905056,2155.3132134490056,737.4066720812041,2189.8066932697857,86.78122835471356,82.87830346524342,MISS_HIGH_WIDE,True,1142.1242810149784
2026_07_15_gym,flight_21,30,0,600,ok,True,18,18,679.7891338588186,2144.5491342857654,737.4066720812041,2189.8066932697857,73.26682302379524,67.82358752018823,MISS_HIGH_WIDE,True,1142.2705580413256
2026_07_15_gym,flight_21,30,0,650,ok,True,19,19,691.0332920111048,2139.012429705212,737.4066720812041,2189.8066932697857,68.77897636773358,62.04286710137628,MISS_HIGH_WIDE,True,1142.5641324372275
2026_07_15_gym,flight_21,30,0,700,ok,True,21,21,691.1401468310062,2140.359074478322,737.4066720812041,2189.8066932697857,67.71748934265892,60.813413585959964,MISS_HIGH_WIDE,True,1142.144340037489
2026_07_15_gym,flight_21,30,0,750,ok,True,22,22,724.0095366884635,2128.2022296841055,737.4066720812041,2189.8066932697857,63.04437461352768,53.76661970141152,MISS_HIGH_WIDE,True,1144.0288656307664
2026_07_15_gym,flight_21,30,0,800,ok,True,24,24,732.881741080109,2134.5696710930965,737.4066720812041,2189.8066932697857,55.422049939646946,47.26163137749476,MISS_HIGH_WIDE,True,1144.2633514002139
2026_07_15_gym,flight_21,30,0,850,ok,True,25,25,732.8817450829208,2134.569576320476,737.4066720812041,2189.8066932697857,55.422144069058994,47.261769251951534,MISS_HIGH_WIDE,True,1144.2633691572212
2026_07_15_gym,flight_21,30,0,900,ok,True,27,27,734.9201698394315,2151.883350843989,737.4066720812041,2189.8066932697857,38.004770676095134,29.161696465979354,MISS_HIGH_WIDE,True,1143.266722113733
2026_07_15_gym,flight_21,30,0,950,ok,True,28,28,690.7215040189091,2202.568156392128,737.4066720812041,2189.8066932697857,48.3979323734768,64.05694988574295,MISS_HIGH_WIDE,True,1140.0628248940175
2026_07_15_gym,flight_21,30,0,1000,ok,True,30,30,739.0533442028197,2178.186656154506,737.4066720812041,2189.8066932697857,11.736131885616292,13.95850019637013,MISS_HIGH_WIDE,True,1143.0386464681412
2026_07_15_gym,flight_21,30,0,1050,ok,True,31,31,745.7843753319657,2183.9656803438756,737.4066720812041,2189.8066932697857,10.21290084934103,18.63285578062263,MISS_HIGH_WIDE,True,1143.0686915176705
2026_07_15_gym,flight_21,30,0,1100,ok,True,33,33,756.7601515370319,2176.0103366676503,737.4066720812041,2189.8066932697857,23.76755398732552,24.478370568182648,MISS_HIGH_WIDE,True,1144.2485773210021
2026_07_15_gym,flight_21,30,0,1150,ok,False,34,34,763.7982887555114,2170.231130583703,737.4066720812041,2189.8066932697857,32.8590944056639,33.20628930605256,MISS_HIGH_WIDE,True,1145.3720636486778
2026_07_15_gym,flight_21,30,0,1200,ok,False,35,35,760.181213768383,2171.004231068849,737.4066720812041,2189.8066932697857,29.53324116785527,24.32049038062468,MISS_HIGH_WIDE,True,1145.2688656532646
2026_07_15_gym,flight_21,30,0,1250,ok,False,36,36,758.7964923234728,2172.643115504478,737.4066720812041,2189.8066932697857,27.424675234218075,18.928032934741587,MISS_HIGH_WIDE,True,1145.4610824114905
2026_07_15_gym,flight_22,30,0,150,not_fit_eligible,True,5,5,,,,,,,,,
2026_07_15_gym,flight_22,30,0,200,not_fit_eligible,True,7,7,,,,,,,,,
2026_07_15_gym,flight_22,30,0,250,fit_failed,True,8,8,,,,,,,,,
2026_07_15_gym,flight_22,30,0,300,fit_failed,True,10,10,,,,,,,,,
2026_07_15_gym,flight_22,30,0,350,ok,True,11,11,-121.88472275344246,714.8992001375922,-54.01661882465238,963.2891079591052,257.49490449030014,242.34251887428871,MISS_HIGH_WIDE,True,1427.580448108322
2026_07_15_gym,flight_22,30,0,400,ok,True,12,12,-62.4406735919787,807.9439650014548,-54.01661882465238,963.2891079591052,155.5733850607351,122.68073004244569,MISS_HIGH_WIDE,True,1408.3896588236946
2026_07_15_gym,flight_22,30,0,450,ok,True,13,13,-204.6083852818429,667.8879885746359,-54.01661882465238,963.2891079591052,331.57156310258955,297.1707345326249,MISS_HIGH_WIDE,True,1431.2982040974882
2026_07_15_gym,flight_22,30,0,490,ok,True,14,14,-152.40284645308677,707.3175633760328,-54.01661882465238,963.2891079591052,274.2285204408869,237.3409542756497,MISS_HIGH_WIDE,True,1422.2041391395965
2026_07_15_gym,flight_22,30,0,500,ok,True,15,15,-200.3514291242424,768.3356177076752,-54.01661882465238,963.2891079591052,243.76369718773017,204.95069109078403,MISS_HIGH_WIDE,True,1418.1070574256746
2026_07_15_gym,flight_22,30,0,550,ok,True,16,16,-173.11514614145807,817.2474801375039,-54.01661882465238,963.2891079591052,188.44791393330686,149.10882231455986,MISS_HIGH_WIDE,True,1410.0087544564608
2026_07_15_gym,flight_22,30,0,600,ok,True,18,18,-99.99670393111842,886.1897312984303,-54.01661882465238,963.2891079591052,89.76904871871197,55.67767951426098,MISS_HIGH_WIDE,True,1399.2786240507855
2026_07_15_gym,flight_22,30,0,650,ok,True,18,18,-99.99670393111842,886.1897312984303,-54.01661882465238,963.2891079591052,89.76904871871197,55.67767951426098,MISS_HIGH_WIDE,True,1399.2786240507855
2026_07_15_gym,flight_22,30,0,700,ok,True,19,19,-141.15881061223058,816.0473555535572,-54.01661882465238,963.2891079591052,171.0961578791288,136.32049313883678,MISS_HIGH_WIDE,True,1409.1234967300284
2026_07_15_gym,flight_22,30,0,750,ok,True,19,19,-141.15881061223058,816.0473555535572,-54.01661882465238,963.2891079591052,171.0961578791288,136.32049313883678,MISS_HIGH_WIDE,True,1409.1234967300284
2026_07_15_gym,flight_22,30,0,800,fit_failed,True,20,20,,,,,,,,,
2026_07_15_gym,flight_22,30,0,850,ok,True,21,21,0.6204642177175449,780.0285629173029,-54.01661882465238,963.2891079591052,191.23189643047854,143.60319293056347,HIT,False,1406.6225741798953
2026_07_15_gym,flight_22,30,0,900,ok,True,23,23,-41.87139326289918,877.9810952077877,-54.01661882465238,963.2891079591052,86.16822815588594,61.07129928997264,MISS_HIGH_WIDE,True,1401.9531321679124
2026_07_15_gym,flight_22,30,0,950,ok,True,24,24,-135.869715100103,986.9832739903432,-54.01661882465238,963.2891079591052,85.21351344589695,71.82530056230517,MISS_HIGH_WIDE,True,1394.834499709366
2026_07_15_gym,flight_22,30,0,1000,ok,True,26,26,-90.42331258395969,889.9252999072197,-54.01661882465238,963.2891079591052,81.90052308964749,64.70104396657142,MISS_HIGH_WIDE,True,1404.2014357345747
2026_07_15_gym,flight_22,30,0,1050,ok,True,27,27,5.448221881527161,896.4900176578246,-54.01661882465238,963.2891079591052,89.432576532771,65.76988338479735,HIT,False,1400.029741832852
2026_07_15_gym,flight_22,30,0,1100,ok,True,29,29,-164.97615998040774,981.7284929303761,-54.01661882465238,963.2891079591052,112.48124595511244,84.75284635058752,MISS_HIGH_WIDE,True,1397.0006777307037
2026_07_15_gym,flight_22,30,0,1150,ok,True,30,30,-127.15931287564706,1033.1745832565196,-54.01661882465238,963.2891079591052,101.16241075905084,89.44066154271401,MISS_HIGH_WIDE,True,1392.1715023645745
2026_07_15_gym,flight_22,30,0,1200,ok,True,32,32,-40.211656336019665,956.6285069358637,-54.01661882465238,963.2891079591052,15.327772026728546,19.041172667515387,MISS_HIGH_WIDE,True,1400.9152132641207
2026_07_15_gym,flight_22,30,0,1250,ok,True,33,33,-93.89902903359474,1018.067767284581,-54.01661882465238,963.2891079591052,67.75919245069917,63.603932533717405,MISS_HIGH_WIDE,True,1394.065256223153
2026_07_15_gym,flight_23,30,0,150,not_fit_eligible,True,5,5,,,,,,,,,
2026_07_15_gym,flight_23,30,0,200,not_fit_eligible,True,7,7,,,,,,,,,
2026_07_15_gym,flight_23,30,0,250,fit_failed,True,8,8,,,,,,,,,
2026_07_15_gym,flight_23,30,0,300,fit_failed,True,10,10,,,,,,,,,
2026_07_15_gym,flight_23,30,0,350,ok,True,11,11,1863.117851787324,1370.7421355239233,1765.406641046785,1425.983362582028,112.24559622215533,97.18734363286889,HIT,True,1147.3736183354526
2026_07_15_gym,flight_23,30,0,400,ok,True,13,13,1790.054661495755,1385.6905211639944,1765.406641046785,1425.983362582028,47.233864775091654,58.0659610535157,HIT,True,1146.5905727256097
2026_07_15_gym,flight_23,30,0,450,ok,True,14,14,1720.7640122691753,1406.3733697263924,1765.406641046785,1425.983362582028,48.75977977773826,63.33944026501181,HIT,True,1145.6646463919144
2026_07_15_gym,flight_23,30,0,490,ok,True,14,14,1720.7640122691753,1406.3733697263924,1765.406641046785,1425.983362582028,48.75977977773826,63.33944026501181,HIT,True,1145.6646463919144
2026_07_15_gym,flight_23,30,0,500,ok,True,15,15,1718.2304550449758,1403.0795227095302,1765.406641046785,1425.983362582028,52.442143420938706,50.31273291971643,HIT,True,1140.6541026918403
2026_07_15_gym,flight_23,30,0,550,ok,True,16,16,1718.2301790807535,1403.0810795148102,1765.406641046785,1425.983362582028,52.44171176957685,50.31177420276532,HIT,True,1140.653836196682
2026_07_15_gym,flight_23,30,0,600,ok,True,17,17,1706.9080450480155,1416.595540051368,1765.406641046785,1425.983362582028,59.24708385814781,52.58312739541219,HIT,True,1136.6653471489522
2026_07_15_gym,flight_23,30,0,650,ok,True,18,18,1706.9079726381935,1416.5959490393961,1765.406641046785,1425.983362582028,59.2470905496524,52.58314377401026,HIT,True,1136.665276863716
2026_07_15_gym,flight_23,30,0,700,ok,True,20,20,1751.085485241099,1397.4608680498486,1765.406641046785,1425.983362582028,31.91595522538735,28.283247026160815,HIT,True,1138.3025208990466
2026_07_15_gym,flight_23,30,0,750,ok,True,21,21,1768.7769461407636,1396.7076416345367,1765.406641046785,1425.983362582028,29.469081991502115,18.287310739961992,HIT,True,1137.8178534151093
2026_07_15_gym,flight_23,30,0,800,ok,True,22,22,1784.3848633764892,1370.0440616043488,1765.406641046785,1425.983362582028,59.07096001138844,50.58929349804538,HIT,True,1140.727070425408
2026_07_15_gym,flight_23,30,0,850,ok,True,23,23,1783.8778540414678,1349.2939252436288,1765.406641046785,1425.983362582028,78.88254248422261,79.35139849328921,HIT,True,1142.822404723332
2026_07_15_gym,flight_23,30,0,900,ok,True,25,25,1765.05331259664,1395.055967025378,1765.406641046785,1425.983362582028,30.929413782210027,21.306705120764306,HIT,True,1138.6907182120838
2026_07_15_gym,flight_23,30,0,950,ok,True,26,26,1763.5584135813226,1402.9509490166513,1765.406641046785,1425.983362582028,23.106449736180444,14.161889489501013,HIT,True,1137.4565552636645
2026_07_15_gym,flight_23,30,0,1000,ok,True,28,28,1792.0985759986097,1397.2694297983155,1765.406641046785,1425.983362582028,39.203945303757365,29.450753332609292,HIT,True,1139.9162660496672
2026_07_15_gym,flight_23,30,0,1050,ok,True,29,29,1743.1540726258747,1431.5928774137021,1765.406641046785,1425.983362582028,22.94871364530181,38.005589677416154,HIT,True,1134.6406852537455
2026_07_15_gym,flight_23,30,0,1100,ok,True,31,31,1805.1821016896456,1397.4540826690156,1765.406641046785,1425.983362582028,48.94902533970177,65.4332030274905,HIT,True,1138.829474670443
2026_07_15_gym,flight_23,30,0,1150,ok,True,32,32,1743.8042032705152,1422.0917191343913,1765.406641046785,1425.983362582028,21.950175548298816,25.048117013952375,HIT,True,1136.4108669094965
2026_07_15_gym,flight_23,30,0,1200,ok,False,34,34,1785.7232345849866,1396.4563653967919,1765.406641046785,1425.983362582028,35.841422066840984,30.31349839223815,HIT,True,1142.2085475385215
2026_07_15_gym,flight_23,30,0,1250,ok,False,35,35,1778.2134108013397,1406.6255319120253,1765.406641046785,1425.983362582028,23.210750952838076,16.216396951602416,HIT,True,1141.2740548931004
2026_07_15_gym,flight_24,30,0,150,not_fit_eligible,True,5,5,,,,,,,,,
2026_07_15_gym,flight_24,30,0,200,not_fit_eligible,True,7,7,,,,,,,,,
2026_07_15_gym,flight_24,30,0,250,ok,True,8,8,460.80532559543667,1663.8905503575343,836.3190685415341,1702.9005785932409,377.5345725153371,334.75259560953305,HIT,True,1187.4779090746383
2026_07_15_gym,flight_24,30,0,300,ok,True,10,10,528.6532378192277,1716.3825524202525,836.3190685415341,1702.9005785932409,307.96108035321464,263.41363336153114,HIT,True,1174.8245621528722
2026_07_15_gym,flight_24,30,0,350,ok,True,11,11,475.10790496219096,1730.7654548102678,836.3190685415341,1702.9005785932409,362.2843579578522,306.5953716180123,HIT,True,1175.8590797840532
2026_07_15_gym,flight_24,30,0,400,ok,True,13,13,538.9329737306845,1719.8574283133348,836.3190685415341,1702.9005785932409,297.8691392864952,253.89614799270512,HIT,True,1175.2661306589314
2026_07_15_gym,flight_24,30,0,450,ok,True,14,14,593.516137191369,1702.0134766619644,836.3190685415341,1702.9005785932409,242.8045518973428,208.62997154745003,HIT,True,1174.0135295641653
2026_07_15_gym,flight_24,30,0,490,ok,True,15,15,644.9070537064258,1684.0463358517688,836.3190685415341,1702.9005785932409,192.33835263043628,167.80393493308117,HIT,True,1172.90701188227
2026_07_15_gym,flight_24,30,0,500,ok,True,16,16,617.1793178663904,1698.4539974984075,836.3190685415341,1702.9005785932409,219.18485898756114,188.80310991362617,HIT,True,1173.6650432734216
2026_07_15_gym,flight_24,30,0,550,ok,True,17,17,617.1792619757783,1698.4559080366791,836.3190685415341,1702.9005785932409,219.1848761161071,188.80282701825416,HIT,True,1173.6647134901727
2026_07_15_gym,flight_24,30,0,600,ok,True,19,19,733.1411366119875,1715.477851078983,836.3190685415341,1702.9005785932409,103.94168278625644,98.21663158879456,HIT,True,1164.8366561499156
2026_07_15_gym,flight_24,30,0,650,ok,True,20,20,745.9220364320515,1715.364583824563,836.3190685415341,1702.9005785932409,91.25225937262728,88.07897283135907,HIT,True,1164.5700690594472
2026_07_15_gym,flight_24,30,0,700,ok,True,22,22,773.3692990452653,1718.2495521336393,836.3190685415341,1702.9005785932409,64.7940156833733,67.48400973966305,HIT,True,1164.5311771595664
2026_07_15_gym,flight_24,30,0,750,ok,True,23,23,782.4692653230618,1716.7690718847825,836.3190685415341,1702.9005785932409,55.60698169156212,60.06344585173044,HIT,True,1164.5279074979962
2026_07_15_gym,flight_24,30,0,800,ok,True,25,25,789.3671900731583,1722.6891978934266,836.3190685415341,1702.9005785932409,50.95162750606509,59.53843113241279,HIT,True,1164.092066684695
2026_07_15_gym,flight_24,30,0,850,ok,True,26,26,789.3671963337036,1722.6890844385925,836.3190685415341,1702.9005785932409,50.951577673433796,59.5383281282623,HIT,True,1164.0920864543193
2026_07_15_gym,flight_24,30,0,900,ok,True,28,28,818.2899754115218,1706.8719057678923,836.3190685415341,1702.9005785932409,18.461301108502067,27.811148662221672,HIT,True,1166.0813483894206
2026_07_15_gym,flight_24,30,0,950,ok,True,29,29,845.9789657367778,1688.2375530378804,836.3190685415341,1702.9005785932409,17.558984374383176,10.746846224729165,HIT,True,1168.3858718485103
2026_07_15_gym,flight_24,30,0,1000,ok,True,31,31,821.0908663190963,1726.3684795023355,836.3190685415341,1702.9005785932409,27.975712966902954,43.34323980897876,HIT,True,1165.0272118545658
2026_07_15_gym,flight_24,30,0,1050,ok,True,32,32,865.5717204764373,1690.9692304554537,836.3190685415341,1702.9005785932409,31.592320484726617,33.48699336792662,HIT,True,1169.717005254525
2026_07_15_gym,flight_24,30,0,1100,ok,True,34,34,852.0014856708975,1700.0934182564015,836.3190685415341,1702.9005785932409,15.931677757727721,27.385674989445842,HIT,True,1169.1271849034065
2026_07_15_gym,flight_24,30,0,1150,ok,True,35,35,863.2414297321312,1692.515999623264,836.3190685415341,1702.9005785932409,28.85572755036092,38.14137588663189,HIT,True,1170.27309401673
2026_07_15_gym,flight_24,30,0,1200,ok,False,37,37,845.9517781230912,1696.3279136404976,836.3190685415341,1702.9005785932409,11.661432950698744,7.93861008630324,HIT,True,1169.5046095728574
2026_07_15_gym,flight_24,30,0,1250,ok,False,38,38,845.951800542373,1696.3275589479488,836.3190685415341,1702.9005785932409,11.661651386376729,7.938543862473307,HIT,True,1169.5046709905241
2026_07_15_gym,flight_25,30,0,150,not_fit_eligible,True,5,5,,,,,,,,,
2026_07_15_gym,flight_25,30,0,200,not_fit_eligible,True,7,7,,,,,,,,,
2026_07_15_gym,flight_25,30,0,250,ok,True,8,8,802.9964390503721,2092.912264008053,1243.4904360138703,2170.667638407165,447.30399015526837,416.0263701822341,MISS_HIGH_WIDE,True,1223.1285835563701
2026_07_15_gym,flight_25,30,0,300,ok,True,10,10,741.6159730758661,2129.1693072559538,1243.4904360138703,2170.667638407165,503.58721989109864,436.56622473283903,MISS_HIGH_WIDE,True,1219.9943557220943
2026_07_15_gym,flight_25,30,0,350,ok,True,11,11,874.9327243737599,2140.2846304974246,1243.4904360138703,2170.667638407165,369.8079420172559,311.3301946055123,MISS_HIGH_WIDE,True,1204.9803099575868
2026_07_15_gym,flight_25,30,0,400,ok,True,13,13,1016.5184502634019,2140.5596308607787,1243.4904360138703,2170.667638407165,228.960202729479,186.18237072076775,MISS_HIGH_WIDE,True,1192.7400706813394
2026_07_15_gym,flight_25,30,0,450,ok,True,14,14,1120.9402549896463,2126.984373558914,1243.4904360138703,2170.667638407165,130.1029380793245,111.21915212689869,MISS_HIGH_WIDE,True,1185.8814800309663
2026_07_15_gym,flight_25,30,0,490,ok,True,15,15,1122.063714684827,2116.3148133045142,1243.4904360138703,2170.667638407165,133.03637942067024,115.3894783683163,MISS_HIGH_WIDE,True,1190.0822546986176
2026_07_15_gym,flight_25,30,0,500,ok,True,16,16,1141.28780199155,2103.752948405896,1243.4904360138703,2170.667638407165,122.1595437903495,106.31761292056295,MISS_HIGH_WIDE,True,1190.9975639687148
2026_07_15_gym,flight_25,30,0,550,ok,True,17,17,1168.5050980293393,2081.1808132306924,1243.4904360138703,2170.667638407165,116.75055799789125,105.33093873816857,MISS_HIGH_WIDE,True,1193.4489426260502
2026_07_15_gym,flight_25,30,0,600,ok,True,19,19,1181.8693160126234,2068.559382414662,1243.4904360138703,2170.667638407165,119.26130291103901,108.96181702650753,MISS_HIGH_WIDE,True,1194.3390516998159
2026_07_15_gym,flight_25,30,0,650,ok,True,20,20,1191.380466727313,2063.435412637711,1243.4904360138703,2170.667638407165,119.2233162704222,108.11784986859682,MISS_HIGH_WIDE,True,1194.3418669071893
2026_07_15_gym,flight_25,30,0,700,ok,True,22,22,1200.6774734379624,2062.7273927938063,1243.4904360138703,2170.667638407165,116.12082667462516,103.09849462286766,MISS_HIGH_WIDE,True,1193.8474081698612
2026_07_15_gym,flight_25,30,0,750,ok,True,23,23,1197.2577623469099,2085.023381238505,1243.4904360138703,2170.667638407165,97.32624980120866,84.23335531581654,MISS_HIGH_WIDE,True,1192.620521510433
2026_07_15_gym,flight_25,30,0,800,ok,True,24,24,1197.2577674063923,2085.023331515421,1243.4904360138703,2170.667638407165,97.32629115267956,84.23341442677959,MISS_HIGH_WIDE,True,1192.620530429698
2026_07_15_gym,flight_25,30,0,850,ok,True,25,25,1197.2577753874416,2085.023253080051,1243.4904360138703,2170.667638407165,97.32635638231699,84.23350767178373,MISS_HIGH_WIDE,True,1192.620544499337
2026_07_15_gym,flight_25,30,0,900,ok,True,27,27,1204.8578886388507,2108.500456690525,1243.4904360138703,2170.667638407165,73.193115791534,61.2249200238786,MISS_HIGH_WIDE,True,1191.9748276221928
2026_07_15_gym,flight_25,30,0,950,ok,True,27,27,1204.8578886388507,2108.500456690525,1243.4904360138703,2170.667638407165,73.193115791534,61.2249200238786,MISS_HIGH_WIDE,True,1191.9748276221928
2026_07_15_gym,flight_25,30,0,1000,ok,True,29,29,1232.4339931780314,2083.1586891574325,1243.4904360138703,2170.667638407165,88.20465479199196,71.76308672610037,MISS_HIGH_WIDE,True,1192.9670901110467
2026_07_15_gym,flight_25,30,0,1050,ok,True,30,30,1204.8578290515113,2108.5010318785244,1243.4904360138703,2170.667638407165,73.192658702871,61.22429318332592,MISS_HIGH_WIDE,True,1191.9747240144218
2026_07_15_gym,flight_25,30,0,1100,ok,True,32,32,1254.2969466895715,2092.62704284618,1243.4904360138703,2170.667638407165,78.78524753085019,65.8147706514059,MISS_HIGH_WIDE,True,1193.9671452305745
2026_07_15_gym,flight_25,30,0,1150,ok,True,33,33,1208.8901145924801,2170.2312007597943,1243.4904360138703,2170.667638407165,34.60307385599657,41.1933969639582,MISS_HIGH_WIDE,True,1189.8173669956866
2026_07_15_gym,flight_25,30,0,1200,ok,False,35,35,1240.868041723231,2165.3904333220094,1243.4904360138703,2170.667638407165,5.892863932450177,9.456664210543295,MISS_HIGH_WIDE,True,1192.4611807550266
2026_07_15_gym,flight_25,30,0,1250,ok,False,36,36,1215.033399197323,2183.820786038942,1243.4904360138703,2170.667638407165,31.34977251913714,41.008291609930545,MISS_HIGH_WIDE,True,1191.1563934556264
2026_07_15_gym,flight_26,30,0,150,not_fit_eligible,True,5,5,,,,,,,,,
2026_07_15_gym,flight_26,30,0,200,not_fit_eligible,True,7,7,,,,,,,,,
2026_07_15_gym,flight_26,30,0,250,ok,True,8,8,-228.67892357972397,1488.082840627054,-137.62928675421554,1464.0741343325371,94.16185185091338,127.87406522933071,MISS_HIGH_WIDE,True,1254.8122508620918
2026_07_15_gym,flight_26,30,0,300,ok,True,10,10,-326.6814574463119,1410.9410680564936,-137.62928675421554,1464.0741343325371,196.37679591868277,182.680014962809,MISS_HIGH_WIDE,True,1265.6018167667196
2026_07_15_gym,flight_26,30,0,350,ok,True,11,11,-303.6259395348478,1418.5918976173677,-137.62928675421554,1464.0741343325371,172.11485290639067,165.23908637378094,MISS_HIGH_WIDE,True,1265.474657504292
2026_07_15_gym,flight_26,30,0,400,ok,True,13,13,-383.2014302075743,1394.5775432473179,-137.62928675421554,1464.0741343325371,255.21648421045057,234.37894847093614,MISS_HIGH_WIDE,True,1276.7055994780694
2026_07_15_gym,flight_26,30,0,450,ok,True,14,14,-380.2393672232271,1359.970822107508,-137.62928675421554,1464.0741343325371,264.00217946335624,249.59549704253962,MISS_HIGH_WIDE,True,1281.3873159195823
2026_07_15_gym,flight_26,30,0,490,ok,True,15,15,-290.81783151437736,1376.1598903614638,-137.62928675421554,1464.0741343325371,176.62288792436135,170.9466087177471,MISS_HIGH_WIDE,True,1275.425449140299
2026_07_15_gym,flight_26,30,0,500,ok,True,15,15,-290.81783151437736,1376.1598903614638,-137.62928675421554,1464.0741343325371,176.62288792436135,170.9466087177471,MISS_HIGH_WIDE,True,1275.425449140299
2026_07_15_gym,flight_26,30,0,550,ok,True,16,16,-336.3690004005963,1366.022763965012,-137.62928675421554,1464.0741343325371,221.61124748350434,212.55849924376707,MISS_HIGH_WIDE,True,1277.1222802904756
2026_07_15_gym,flight_26,30,0,600,ok,True,18,18,-300.5818825790734,1380.1779461854503,-137.62928675421554,1464.0741343325371,183.28152899752575,175.86267817204475,MISS_HIGH_WIDE,True,1271.7146024708836
2026_07_15_gym,flight_26,30,0,650,ok,True,19,19,-295.7473426592501,1402.0221971557198,-137.62928675421554,1464.0741343325371,169.8580657801781,165.14043971518518,MISS_HIGH_WIDE,True,1268.969153567429
2026_07_15_gym,flight_26,30,0,700,ok,True,21,21,-281.90731573795694,1376.7318461304008,-137.62928675421554,1464.0741343325371,168.65593661599456,164.538168351009,MISS_HIGH_WIDE,True,1271.6499170941693
2026_07_15_gym,flight_26,30,0,750,ok,True,22,22,-262.20174695745845,1380.5766179854343,-137.62928675421554,1464.0741343325371,149.96710665083612,143.179428425398,MISS_HIGH_WIDE,True,1270.8655013669882
2026_07_15_gym,flight_26,30,0,800,ok,True,24,24,-264.4158206130711,1394.4821309225526,-137.62928675421554,1464.0741343325371,144.63012171244975,143.98983219336927,MISS_HIGH_WIDE,True,1270.2791102539877
2026_07_15_gym,flight_26,30,0,850,ok,True,25,25,-215.53057467408786,1394.3563230795785,-137.62928675421554,1464.0741343325371,104.54273702882477,109.12213572519383,MISS_HIGH_WIDE,True,1268.2076780581972
2026_07_15_gym,flight_26,30,0,900,ok,True,27,27,-192.0698243887863,1384.514082668144,-137.62928675421554,1464.0741343325371,96.40318438092183,100.85557889422631,MISS_HIGH_WIDE,True,1269.5264365400847
2026_07_15_gym,flight_26,30,0,950,ok,True,28,28,-182.10248944360293,1390.6858190597188,-137.62928675421554,1464.0741343325371,85.8120654455649,90.45769761322445,MISS_HIGH_WIDE,True,1269.0363410559803
2026_07_15_gym,flight_26,30,0,1000,ok,True,30,30,-160.8298073076485,1397.4336879535722,-137.62928675421554,1464.0741343325371,70.56354049746915,67.37535926619812,MISS_HIGH_WIDE,True,1268.5666895867741
2026_07_15_gym,flight_26,30,0,1050,ok,True,31,31,-153.1819590130966,1398.6036796300195,-137.62928675421554,1464.0741343325371,67.29239223973671,61.482138166379116,MISS_HIGH_WIDE,True,1268.283241651217
2026_07_15_gym,flight_26,30,0,1100,ok,True,32,32,-41.775652066604124,1377.3816260839085,-137.62928675421554,1464.0741343325371,129.2420607591221,107.52712381838735,MISS_HIGH_WIDE,True,1272.6271489659837
2026_07_15_gym,flight_26,30,0,1150,ok,True,33,33,-160.82980730382857,1397.43368802408,-137.62928675421554,1464.0741343325371,70.5635404296253,67.37535919050353,MISS_HIGH_WIDE,True,1268.5666895756651
2026_07_15_gym,flight_26,30,0,1200,ok,True,35,35,-8.0308591744044,1352.0630406898447,-137.62928675421554,1464.0741343325371,171.29576039759877,171.04222064542682,MISS_HIGH_WIDE,True,1277.4280769423497
2026_07_15_gym,flight_26,30,0,1250,ok,True,36,36,-166.35443858488625,1397.352812985421,-137.62928675421554,1464.0741343325371,72.64206130060064,72.47152380069488,MISS_HIGH_WIDE,True,1268.7723198411575
2026_07_15_gym,flight_28,30,0,150,not_fit_eligible,True,5,5,,,,,,,,,
2026_07_15_gym,flight_28,30,0,200,not_fit_eligible,True,7,7,,,,,,,,,
2026_07_15_gym,flight_28,30,0,250,ok,True,8,8,-595.1320847824607,1027.40925363135,-154.94916916271745,1236.753207837785,487.42783093118913,413.49535717863415,MISS_HIGH_WIDE,True,1445.2542010119246
2026_07_15_gym,flight_28,30,0,300,ok,True,10,10,-253.36352194670195,1182.6920709436208,-154.94916916271745,1236.753207837785,112.28531229052236,88.06534147647645,MISS_HIGH_WIDE,True,1398.520912215457
2026_07_15_gym,flight_28,30,0,350,ok,True,11,11,-160.63305369375527,1161.456740465991,-154.94916916271745,1236.753207837785,75.5106915743315,57.83655787181313,MISS_HIGH_WIDE,True,1391.6702281013568
2026_07_15_gym,flight_28,30,0,400,ok,True,13,13,-199.09059357406284,1152.374749396527,-154.94916916271745,1236.753207837785,95.22704236710094,72.54979793791294,MISS_HIGH_WIDE,True,1393.6811063370367
2026_07_15_gym,flight_28,30,0,450,ok,True,14,14,-165.15062963540117,1157.7306760503475,-154.94916916271745,1236.753207837785,79.67829268924078,50.89480803987091,MISS_HIGH_WIDE,True,1388.6062263792405
2026_07_15_gym,flight_28,30,0,490,ok,True,15,15,-151.62999425458224,1184.1678825346346,-154.94916916271745,1236.753207837785,52.689973992297205,29.96154451661182,MISS_HIGH_WIDE,True,1384.6765270080728
2026_07_15_gym,flight_28,30,0,500,ok,True,16,16,-144.4524147687223,1214.3496462379178,-154.94916916271745,1236.753207837785,24.740683603467915,33.68277965763864,MISS_HIGH_WIDE,True,1380.4166496095713
2026_07_15_gym,flight_28,30,0,550,ok,True,17,17,-166.9461861479876,1238.8876504260422,-154.94916916271745,1236.753207837785,12.185411839877464,43.66460403960031,MISS_HIGH_WIDE,True,1379.2766788406445
2026_07_15_gym,flight_28,30,0,600,ok,True,19,19,-171.15153496128667,1251.8943824601442,-154.94916916271745,1236.753207837785,22.175928986525406,59.55556101937673,MISS_HIGH_WIDE,True,1376.861029352294
2026_07_15_gym,flight_28,30,0,650,ok,True,20,20,-170.63245147348425,1249.1756897740647,-154.94916916271745,1236.753207837785,20.00708378291059,56.8867643281972,MISS_HIGH_WIDE,True,1377.1893763208066
2026_07_15_gym,flight_28,30,0,700,ok,True,22,22,-142.6174002387188,1237.495630295498,-154.94916916271745,1236.753207837785,12.354097130127121,53.14335136537175,MISS_HIGH_WIDE,True,1377.1397481835036
2026_07_15_gym,flight_28,30,0,750,ok,True,23,23,-127.73816735262275,1229.1762758091893,-154.94916916271745,1236.753207837785,28.246212462468986,52.744284353313724,MISS_HIGH_WIDE,True,1377.468409086983
2026_07_15_gym,flight_28,30,0,800,ok,True,25,25,-97.73790178827524,1209.6081435784697,-154.94916916271745,1236.753207837785,63.324431527115024,59.254868006604504,MISS_HIGH_WIDE,True,1378.6636883656606
2026_07_15_gym,flight_28,30,0,850,ok,True,26,26,-97.63452109699526,1204.55307172262,-154.94916916271745,1236.753207837785,65.74053276885392,57.078291789593564,MISS_HIGH_WIDE,True,1379.6462959401613
2026_07_15_gym,flight_28,30,0,900,ok,True,28,28,-113.18336946934515,1208.0811134128799,-154.94916916271745,1236.753207837785,50.66034961128457,44.04306212726315,MISS_HIGH_WIDE,True,1381.7194119635162
2026_07_15_gym,flight_28,30,0,950,ok,True,29,29,-110.9911272847159,1200.0822831422415,-154.94916916271745,1236.753207837785,57.245665021679734,44.52448430943527,MISS_HIGH_WIDE,True,1382.5303467714216
2026_07_15_gym,flight_28,30,0,1000,ok,True,31,31,-134.58489599217688,1214.3700404828699,-154.94916916271745,1236.753207837785,30.260697325120294,28.139012671558238,MISS_HIGH_WIDE,True,1383.9940430711483
2026_07_15_gym,flight_28,30,0,1050,ok,True,32,32,-139.22338287577105,1218.5533983690507,-154.94916916271745,1236.753207837785,24.052721655582907,25.36530149331435,MISS_HIGH_WIDE,True,1384.1913806027396
2026_07_15_gym,flight_28,30,0,1100,ok,True,34,34,-140.77739894192948,1224.1648839885706,-154.94916916271745,1236.753207837785,18.955341424609447,23.256467302525724,MISS_HIGH_WIDE,True,1385.072132454129
2026_07_15_gym,flight_28,30,0,1150,ok,True,35,35,-140.9307664037519,1222.774030258262,-154.94916916271745,1236.753207837785,19.797298343774468,21.16606669754559,MISS_HIGH_WIDE,True,1385.8973261362887
2026_07_15_gym,flight_28,30,0,1200,ok,True,37,37,-140.62986640199037,1216.7465539794348,-154.94916916271745,1236.753207837785,24.603020752769567,19.886448172057353,MISS_HIGH_WIDE,True,1387.1149507559392
2026_07_15_gym,flight_28,30,0,1250,ok,True,38,38,-140.62986638765412,1216.7465543618048,-154.94916916271745,1236.753207837785,24.603020450178313,19.886448096154567,MISS_HIGH_WIDE,True,1387.114950700149
2026_07_15_gym,flight_29,30,0,150,not_fit_eligible,True,5,5,,,,,,,,,
2026_07_15_gym,flight_29,30,0,200,not_fit_eligible,True,7,7,,,,,,,,,
2026_07_15_gym,flight_29,30,0,250,ok,True,8,8,917.4685903502753,-61.74574768960291,1025.4016252392755,343.32772454011547,419.20646216940713,385.24570984917784,MISS_HIGH_WIDE,False,1533.4819343176694
2026_07_15_gym,flight_29,30,0,300,ok,True,10,10,998.4728622349243,48.72428428743319,1025.4016252392755,343.32772454011547,295.8316164402653,272.28129845201715,HIT,True,1516.7212327645668
2026_07_15_gym,flight_29,30,0,350,ok,True,11,11,981.6225376513606,102.40592877219396,1025.4016252392755,343.32772454011547,244.86714803352123,221.54650829358465,HIT,True,1508.4917043084438
2026_07_15_gym,flight_29,30,0,400,ok,True,13,13,962.0972338356247,126.52799326997076,1025.4016252392755,343.32772454011547,225.85298193690863,214.97803198441954,HIT,True,1509.2335675909083
2026_07_15_gym,flight_29,30,0,450,ok,True,14,14,1010.8347083142913,154.30966796182693,1025.4016252392755,343.32772454011547,189.57853460065692,170.3838859131302,HIT,True,1501.1841731732463
2026_07_15_gym,flight_29,30,0,490,ok,True,15,15,1016.1047177378517,190.93287171031335,1025.4016252392755,343.32772454011547,152.67817020814428,127.87006029568778,HIT,True,1493.723577006669
2026_07_15_gym,flight_29,30,0,500,ok,True,16,16,1044.7534818074548,215.9907406643642,1025.4016252392755,343.32772454011547,128.7990753662802,91.52997402251782,HIT,True,1486.2004053364774
2026_07_15_gym,flight_29,30,0,550,ok,True,17,17,1035.2636472251597,231.13070690346788,1025.4016252392755,343.32772454011547,112.62961530702425,77.70590720615262,HIT,True,1484.366776194564
2026_07_15_gym,flight_29,30,0,600,ok,True,19,19,1029.1485037724442,245.95646980936453,1025.4016252392755,343.32772454011547,97.44331863490234,62.959037271769446,HIT,True,1482.0593556478705
2026_07_15_gym,flight_29,30,0,650,ok,True,20,20,1024.6024721737315,256.1878988665883,1025.4016252392755,343.32772454011547,87.14349008408416,53.87698495616878,HIT,True,1480.8208244975624
2026_07_15_gym,flight_29,30,0,700,ok,True,22,22,1032.5227683155558,259.8847329383087,1025.4016252392755,343.32772454011547,83.74630455233266,50.43867572520316,HIT,True,1480.2248339304447
2026_07_15_gym,flight_29,30,0,750,ok,True,23,23,1026.8519136166506,269.3428497428428,1025.4016252392755,343.32772454011547,73.99908806968948,42.195457910923864,HIT,True,1479.176756653324
2026_07_15_gym,flight_29,30,0,800,ok,True,25,25,1033.0473901335447,276.8633872681147,1025.4016252392755,343.32772454011547,66.90265951234457,36.16276399858059,HIT,True,1478.282017807286
2026_07_15_gym,flight_29,30,0,850,ok,True,26,26,1034.6066815424317,279.5623802797794,1025.4016252392755,343.32772454011547,64.42633149717163,33.62287607915637,HIT,True,1477.699455289065
2026_07_15_gym,flight_29,30,0,900,ok,True,28,28,1031.9604374043663,279.49716254499845,1025.4016252392755,343.32772454011547,64.1666475797935,35.30397748792193,HIT,True,1478.7028452030324
2026_07_15_gym,flight_29,30,0,950,ok,True,29,29,1033.2023514338746,280.90388377069763,1025.4016252392755,343.32772454011547,62.90935721789515,34.33012653530167,HIT,True,1478.5759418111215
2026_07_15_gym,flight_29,30,0,1000,ok,True,31,31,1010.8928189492464,320.51267386797207,1025.4016252392755,343.32772454011547,27.037603391093313,11.591679351157925,HIT,True,1476.9982120362472
2026_07_15_gym,flight_29,30,0,1050,ok,True,32,32,1014.1334082251998,324.9907078836646,1025.4016252392755,343.32772454011547,21.522520636190897,8.545222456119248,HIT,True,1477.2684884607106
2026_07_15_gym,flight_29,30,0,1100,ok,True,34,34,1033.2616069410465,281.23202496350876,1025.4016252392755,343.32772454011547,62.59117524268392,32.68445747847704,HIT,True,1478.5131061203922
2026_07_15_gym,flight_29,30,0,1150,ok,True,35,35,1009.7741201654725,328.95097068215347,1025.4016252392755,343.32772454011547,21.234640715683533,10.0463857845732,HIT,True,1477.2059045782948
2026_07_15_gym,flight_29,30,0,1200,ok,True,36,36,1001.3185403569939,329.21640065380825,1025.4016252392755,343.32772454011547,27.912800634680934,15.6182661921746,HIT,True,1476.8115411630508
2026_07_15_gym,flight_29,30,0,1250,ok,True,37,37,1103.2442462620907,258.9415189877237,1025.4016252392755,343.32772454011547,114.8063819446991,82.37923954483817,HIT,True,1483.9209721239224
2026_07_15_gym,flight_33,30,0,150,not_fit_eligible,True,5,5,,,,,,,,,
2026_07_15_gym,flight_33,30,0,200,not_fit_eligible,True,7,7,,,,,,,,,
2026_07_15_gym,flight_33,30,0,250,ok,True,8,8,998.6430747457719,1272.993029374914,847.5982895940475,1336.5944001102284,163.88917438605117,130.73937766237657,HIT,True,1109.3857671203866
2026_07_15_gym,flight_33,30,0,300,ok,True,10,10,973.5502023089807,1259.1269489529714,847.5982895940475,1336.5944001102284,147.86848990015474,112.77718996644298,HIT,True,1110.3988666772034
2026_07_15_gym,flight_33,30,0,350,ok,True,11,11,1101.2274848904797,1263.1743347505137,847.5982895940475,1336.5944001102284,264.0421835694829,219.20682787549038,HIT,True,1103.0355014677366
2026_07_15_gym,flight_33,30,0,400,ok,True,13,13,792.351385334543,1318.266445994891,847.5982895940475,1336.5944001102284,58.2076827602059,56.06889877786987,HIT,True,1114.0825883227885
2026_07_15_gym,flight_33,30,0,450,ok,True,14,14,984.3683790517025,1282.5415506359352,847.5982895940475,1336.5944001102284,147.06382256199365,118.72673523908749,HIT,True,1109.2335840152557
2026_07_15_gym,flight_33,30,0,490,ok,True,15,15,984.36840029067,1282.5413604246246,847.5982895940475,1336.5944001102284,147.0639122260109,118.72674611289065,HIT,True,1109.233616885163
2026_07_15_gym,flight_33,30,0,500,fit_failed,True,16,16,,,,,,,,,
2026_07_15_gym,flight_33,30,0,550,fit_failed,True,16,16,,,,,,,,,
2026_07_15_gym,flight_33,30,0,600,ok,True,18,18,679.0149335666888,1371.2089180679216,847.5982895940475,1336.5944001102284,172.10029861360104,173.5430936042374,HIT,True,1112.8033552102604
2026_07_15_gym,flight_33,30,0,650,ok,True,19,19,842.5831695535996,1301.883424781205,847.5982895940475,1336.5944001102284,35.07140198669256,27.466121528522894,HIT,True,1116.4389920142619
2026_07_15_gym,flight_33,30,0,700,ok,True,21,21,832.8674062400721,1316.2569942672649,847.5982895940475,1336.5944001102284,25.111929452151582,20.145427767774343,HIT,True,1114.4295362252803
2026_07_15_gym,flight_33,30,0,750,ok,True,22,22,832.867407774292,1316.2569771052035,847.5982895940475,1336.5944001102284,25.111942451210723,20.145430636085305,HIT,True,1114.4295391957512
2026_07_15_gym,flight_33,30,0,800,ok,True,24,24,830.011179271238,1312.183261939746,847.5982895940475,1336.5944001102284,30.086709961128317,32.69807857399119,HIT,True,1116.6245374878713
2026_07_15_gym,flight_33,30,0,850,ok,True,25,25,880.9406010959715,1303.7886132938281,847.5982895940475,1336.5944001102284,46.775307427471134,30.102233122125448,HIT,True,1116.9156572655947
2026_07_15_gym,flight_33,30,0,900,ok,True,27,27,870.5156893842365,1295.4838484050742,847.5982895940475,1336.5944001102284,47.06681075498433,37.80321501070725,HIT,True,1120.328229448799
2026_07_15_gym,flight_33,30,0,950,ok,True,28,28,899.6031139578814,1279.0048780145792,847.5982895940475,1336.5944001102284,77.5954561319056,62.43329752452922,HIT,True,1122.1407883595937
2026_07_15_gym,flight_33,30,0,1000,ok,True,30,30,891.7942352974785,1282.9413054012757,847.5982895940475,1336.5944001102284,69.5121297937883,65.74683052011652,HIT,True,1122.4847642271254
2026_07_15_gym,flight_33,30,0,1050,ok,True,31,31,859.47115023167,1303.6711333612284,847.5982895940475,1336.5944001102284,34.99866159078397,36.27108560687243,HIT,True,1120.6045353828254
2026_07_15_gym,flight_33,30,0,1100,ok,True,33,33,885.6844914516003,1288.6877083525624,847.5982895940475,1336.5944001102284,61.20138795075062,51.95901089840641,HIT,True,1122.4929932750338
2026_07_15_gym,flight_33,30,0,1150,ok,False,34,34,856.4420104378753,1318.9954296347425,847.5982895940475,1336.5944001102284,19.696069662767187,15.099613068940739,HIT,True,1119.3206424520251
2026_07_15_gym,flight_33,30,0,1200,ok,False,36,36,912.8008123080607,1267.4258937021082,847.5982895940475,1336.5944001102284,95.05604266432293,100.8828117355638,HIT,True,1127.1650451812582
2026_07_15_gym,flight_33,30,0,1250,ok,False,37,37,785.7791463407392,1375.4347188028444,847.5982895940475,1336.5944001102284,73.00806002570556,94.4294018947386,HIT,True,1111.689241812998
2026_07_15_gym,flight_36,30,0,150,not_fit_eligible,True,5,5,,,,,,,,,
2026_07_15_gym,flight_36,30,0,200,not_fit_eligible,True,7,7,,,,,,,,,
2026_07_15_gym,flight_36,30,0,250,fit_failed,True,8,8,,,,,,,,,
2026_07_15_gym,flight_36,30,0,300,fit_failed,True,10,10,,,,,,,,,
2026_07_15_gym,flight_36,30,0,350,fit_failed,True,11,11,,,,,,,,,
2026_07_15_gym,flight_36,30,0,400,fit_failed,True,13,13,,,,,,,,,
2026_07_15_gym,flight_36,30,0,450,fit_failed,True,14,14,,,,,,,,,
2026_07_15_gym,flight_36,30,0,490,fit_failed,True,14,14,,,,,,,,,
2026_07_15_gym,flight_36,30,0,500,fit_failed,True,15,15,,,,,,,,,
2026_07_15_gym,flight_36,30,0,550,fit_failed,True,16,16,,,,,,,,,
2026_07_15_gym,flight_36,30,0,600,ok,True,17,17,1081.8862053317666,177.08790748260472,986.921841022628,273.84947805604213,135.5766647638048,70.58643488770389,HIT,True,1362.5557464136693
2026_07_15_gym,flight_36,30,0,650,ok,True,18,18,1119.1750918713446,217.20156616787838,986.921841022628,273.84947805604213,143.87462695466056,111.08549317268769,HIT,True,1357.9471459800332
2026_07_15_gym,flight_36,30,0,700,ok,True,19,19,1071.8243803240964,212.14671645264963,986.921841022628,273.84947805604213,104.95557140677421,83.05292768552061,HIT,True,1361.3700315204912
2026_07_15_gym,flight_36,30,0,750,ok,True,20,20,1069.055077174478,186.7001213795271,986.921841022628,273.84947805604213,119.75340851059723,85.19214529874174,HIT,True,1364.8226513048712
2026_07_15_gym,flight_36,30,0,800,ok,True,22,22,1070.068902395318,175.31751395646924,986.921841022628,273.84947805604213,128.92626483472404,103.36387387962758,HIT,True,1369.0110502927191
2026_07_15_gym,flight_36,30,0,850,ok,True,23,23,1017.5062772713151,186.45581006567585,986.921841022628,273.84947805604213,92.590825384918,63.45567421682702,HIT,True,1369.1457815167607
2026_07_15_gym,flight_36,30,0,900,ok,True,25,25,1045.7972885793674,166.20735734808318,986.921841022628,273.84947805604213,122.69125671991948,84.27090555836749,HIT,True,1370.9006967060727
2026_07_15_gym,flight_36,30,0,950,ok,True,26,26,1014.3013806542018,167.07338920528775,986.921841022628,273.84947805604213,110.23054177813478,85.18741862551784,HIT,True,1373.1506785592387
2026_07_15_gym,flight_36,30,0,1000,ok,True,28,28,1040.9503357210594,149.8966567346502,986.921841022628,273.84947805604213,135.2160499086974,108.20050558313463,HIT,True,1375.9215251194405
2026_07_15_gym,flight_36,30,0,1050,ok,True,29,29,1038.7685173894045,150.81008558702752,986.921841022628,273.84947805604213,133.51692757633944,107.5724196968304,HIT,True,1376.169184303418
2026_07_15_gym,flight_36,30,0,1100,ok,True,31,31,1053.0129099834987,152.75158632656706,986.921841022628,273.84947805604213,137.9591561938324,112.94228916338066,HIT,True,1375.1720581452144
2026_07_15_gym,flight_36,30,0,1150,ok,True,32,32,1108.5511874486533,98.86367253592563,986.921841022628,273.84947805604213,213.10497423933145,176.2429705350566,HIT,True,1383.7949380240805
2026_07_15_gym,flight_36,30,0,1200,ok,True,34,34,1031.3533511124917,149.67675666782017,986.921841022628,273.84947805604213,131.88261381176315,104.49252305820673,HIT,True,1375.9108831308367
2026_07_15_gym,flight_36,30,0,1250,ok,True,35,35,885.3398718588792,277.08945550853383,986.921841022628,273.84947805604213,101.63362589752205,120.46658136152135,HIT,True,1368.085221190596
2026_07_15_gym,flight_48,30,0,150,not_fit_eligible,True,5,5,,,,,,,,,
2026_07_15_gym,flight_48,30,0,200,not_fit_eligible,True,7,7,,,,,,,,,
2026_07_15_gym,flight_48,30,0,250,fit_failed,True,8,8,,,,,,,,,
2026_07_15_gym,flight_48,30,0,300,ok,True,10,10,628.5905940023741,1530.4513517181185,1066.0307525893527,1743.9534968170767,486.7618085947762,536.9153796191601,HIT,True,1319.6093466669388
2026_07_15_gym,flight_48,30,0,350,ok,True,11,11,1070.5639607295561,1631.7138911623992,1066.0307525893527,1743.9534968170767,112.3311134706672,124.33167263147398,HIT,True,1270.612946065504
2026_07_15_gym,flight_48,30,0,400,ok,True,13,13,1245.5654772020657,1722.001325264735,1066.0307525893527,1743.9534968170767,180.87181974433207,167.48315182867836,HIT,True,1245.7541698543232
2026_07_15_gym,flight_48,30,0,450,ok,True,14,14,1262.3728350758245,1702.498880420412,1066.0307525893527,1743.9534968170767,200.6706221042809,181.70673396501047,HIT,True,1243.5435752171325
2026_07_15_gym,flight_48,30,0,490,ok,True,15,15,1262.3728400821622,1702.4988356436293,1066.0307525893527,1743.9534968170767,200.67063625264007,181.70671891257552,HIT,True,1243.5435830738315
2026_07_15_gym,flight_48,30,0,500,ok,True,16,16,1208.0738986946162,1715.0300091391982,1066.0307525893527,1743.9534968170767,144.9580059704659,148.70202841703406,HIT,True,1242.2372525526123
2026_07_15_gym,flight_48,30,0,550,ok,True,17,17,852.754227115398,1693.487294059881,1066.0307525893527,1743.9534968170767,219.16595068343273,204.97049317015544,HIT,True,1275.1344694437407
2026_07_15_gym,flight_48,30,0,600,ok,True,19,19,881.1683947530647,1823.1383170506074,1066.0307525893527,1743.9534968170767,201.10774997550033,175.74274038348065,HIT,True,1249.7207994175749
2026_07_15_gym,flight_48,30,0,650,ok,True,20,20,1144.4567856799752,1703.4057828061987,1066.0307525893527,1743.9534968170767,88.28793676284074,84.23373258899531,HIT,True,1248.3004555686512
2026_07_15_gym,flight_48,30,0,700,ok,True,21,21,1010.7026782227161,1768.600583274117,1066.0307525893527,1743.9534968170767,60.56958546944899,87.98097969828831,HIT,True,1247.1568624062727
2026_07_15_gym,flight_48,30,0,750,ok,True,22,22,1103.2402508852692,1726.7442844569346,1066.0307525893527,1743.9534968170767,40.99638707850102,54.14475937713995,HIT,True,1251.5647072859383
2026_07_15_gym,flight_48,30,0,800,ok,True,24,24,1058.5153451981182,1739.5050398346734,1066.0307525893527,1743.9534968170767,8.733276463075834,40.142818797742265,HIT,True,1252.5638939884698
2026_07_15_gym,flight_48,30,0,850,ok,True,24,24,1058.5153451981182,1739.5050398346734,1066.0307525893527,1743.9534968170767,8.733276463075834,40.142818797742265,HIT,True,1252.5638939884698
2026_07_15_gym,flight_48,30,0,900,ok,True,25,25,995.4384831456263,1766.3758995512771,1066.0307525893527,1743.9534968170767,74.06775715242328,60.29462876245961,HIT,True,1252.2463091785733
2026_07_15_gym,flight_48,30,0,950,ok,True,26,26,1078.9931322781235,1716.4047288746324,1066.0307525893527,1743.9534968170767,30.445983353186467,27.73567927023525,HIT,True,1255.9182818019237
2026_07_15_gym,flight_48,30,0,1000,ok,True,28,28,1060.5567875298455,1756.142992433301,1066.0307525893527,1743.9534968170767,13.362189074049907,45.57972988434343,HIT,True,1254.0064799920835
2026_07_15_gym,flight_48,30,0,1050,ok,True,28,28,1060.5567875298455,1756.142992433301,1066.0307525893527,1743.9534968170767,13.362189074049907,45.57972988434343,HIT,True,1254.0064799920835
2026_07_15_gym,flight_48,30,0,1100,ok,True,30,30,1000.2456065580642,1790.7302586783094,1066.0307525893527,1743.9534968170767,80.72020124219478,89.68935454859832,HIT,True,1253.1349551369112
2026_07_15_gym,flight_48,30,0,1150,ok,True,31,31,1047.1328935385816,1785.4817841079832,1066.0307525893527,1743.9534968170767,45.625954477894254,65.0291152886761,HIT,True,1253.1181644910394
2026_07_15_gym,flight_48,30,0,1200,ok,True,33,33,1024.8016289784077,1798.5480179169892,1066.0307525893527,1743.9534968170767,68.41346627569291,78.24485574442025,HIT,True,1253.2189207834865
2026_07_15_gym,flight_48,30,0,1250,ok,True,33,33,1024.8016289784077,1798.5480179169892,1066.0307525893527,1743.9534968170767,68.41346627569291,78.24485574442025,HIT,True,1253.2189207834865
2026_07_15_gym,flight_52,30,0,150,not_fit_eligible,True,5,5,,,,,,,,,
2026_07_15_gym,flight_52,30,0,200,not_fit_eligible,True,7,7,,,,,,,,,
2026_07_15_gym,flight_52,30,0,250,fit_failed,True,8,8,,,,,,,,,
2026_07_15_gym,flight_52,30,0,300,ok,True,10,10,462.0801896215426,942.6768967303162,445.24373182980236,941.9631626531138,16.851579371264023,27.845375151868712,HIT,True,768.2305266859105
2026_07_15_gym,flight_52,30,0,350,ok,True,11,11,388.5583884802033,940.8122951762521,445.24373182980236,941.9631626531138,56.697025024345265,92.87327776728758,HIT,True,769.394070751677
2026_07_15_gym,flight_52,30,0,400,ok,True,13,13,415.1180264150566,932.8398940698,445.24373182980236,941.9631626531138,31.47685111918476,60.96000344421004,HIT,True,768.6688436007707
2026_07_15_gym,flight_52,30,0,450,ok,True,14,14,404.18174622424215,934.639573206327,445.24373182980236,941.9631626531138,41.709970321930484,71.13119554316933,HIT,True,769.4076320837976
2026_07_15_gym,flight_52,30,0,490,ok,True,15,15,414.8488044298494,941.4626631073422,445.24373182980236,941.9631626531138,30.399047870677283,61.13455621202271,HIT,True,768.0545053515555
2026_07_15_gym,flight_52,30,0,500,ok,True,16,16,414.8488044443026,941.4626625768174,445.24373182980236,941.9631626531138,30.399047864960796,61.13455598216574,HIT,True,768.0545054582271
2026_07_15_gym,flight_52,30,0,550,ok,True,17,17,414.8488044953581,941.4626607026777,445.24373182980236,941.9631626531138,30.399047844768727,61.1345551695205,HIT,True,768.0545058350574
2026_07_15_gym,flight_52,30,0,600,ok,True,19,19,406.1519057574637,956.4742254840602,445.24373182980236,941.9631626531138,41.69822310547118,84.54929177513331,HIT,True,766.6940454719661
2026_07_15_gym,flight_52,30,0,650,ok,True,20,20,410.45699625933264,954.8602813022183,445.24373182980236,941.9631626531138,37.1005746734314,78.16137055795087,HIT,True,766.746038252481
2026_07_15_gym,flight_52,30,0,700,ok,True,22,22,417.85844049779485,955.5745480478714,445.24373182980236,941.9631626531138,30.58143217221106,75.06973917324535,HIT,True,766.5206067937976
2026_07_15_gym,flight_52,30,0,750,ok,True,23,23,391.17032241890087,960.7635068755349,445.24373182980236,941.9631626531138,57.24846328243658,110.56293796356124,HIT,True,765.5596081777401
2026_07_15_gym,flight_52,30,0,800,ok,False,25,25,410.32881522358304,961.3967297377285,445.24373182980236,941.9631626531138,39.9589155414842,86.83020359541955,HIT,True,766.6277824522869
2026_07_15_gym,flight_52,30,0,850,ok,False,26,26,436.8237287719714,953.5403725514847,445.24373182980236,941.9631626531138,14.315314894364645,39.1345512712362,HIT,True,768.8677777429065
2026_07_15_gym,flight_52,30,0,900,ok,False,26,26,436.8237287719714,953.5403725514847,445.24373182980236,941.9631626531138,14.315314894364645,39.1345512712362,HIT,True,768.8677777429065
2026_07_15_gym,flight_52,30,0,950,ok,False,26,26,436.8237287719714,953.5403725514847,445.24373182980236,941.9631626531138,14.315314894364645,39.1345512712362,HIT,True,768.8677777429065
2026_07_15_gym,flight_52,30,0,1000,ok,False,26,26,436.8237287719714,953.5403725514847,445.24373182980236,941.9631626531138,14.315314894364645,39.1345512712362,HIT,True,768.8677777429065
2026_07_15_gym,flight_52,30,0,1050,ok,False,26,26,436.8237287719714,953.5403725514847,445.24373182980236,941.9631626531138,14.315314894364645,39.1345512712362,HIT,True,768.8677777429065
2026_07_15_gym,flight_52,30,0,1100,ok,False,26,26,436.8237287719714,953.5403725514847,445.24373182980236,941.9631626531138,14.315314894364645,39.1345512712362,HIT,True,768.8677777429065
2026_07_15_gym,flight_52,30,0,1150,ok,False,26,26,436.8237287719714,953.5403725514847,445.24373182980236,941.9631626531138,14.315314894364645,39.1345512712362,HIT,True,768.8677777429065
2026_07_15_gym,flight_52,30,0,1200,ok,False,26,26,436.8237287719714,953.5403725514847,445.24373182980236,941.9631626531138,14.315314894364645,39.1345512712362,HIT,True,768.8677777429065
2026_07_15_gym,flight_52,30,0,1250,ok,False,26,26,436.8237287719714,953.5403725514847,445.24373182980236,941.9631626531138,14.315314894364645,39.1345512712362,HIT,True,768.8677777429065
2026_07_15_gym,flight_53,30,0,150,not_fit_eligible,True,5,5,,,,,,,,,
2026_07_15_gym,flight_53,30,0,200,not_fit_eligible,True,7,7,,,,,,,,,
2026_07_15_gym,flight_53,30,0,250,fit_failed,True,8,8,,,,,,,,,
2026_07_15_gym,flight_53,30,0,300,ok,True,10,10,811.5900112732966,674.0428605501018,917.7358658591673,670.0210926505915,106.22201778728531,171.72028130177048,HIT,True,565.3717610250043
2026_07_15_gym,flight_53,30,0,350,ok,True,11,11,828.198622378638,676.3532329052155,917.7358658591673,670.0210926505915,89.76087104243044,141.41927083225178,HIT,True,565.8307261942333
2026_07_15_gym,flight_53,30,0,400,ok,True,13,13,828.1985440257029,676.3537113068144,917.7358658591673,670.0210926505915,89.76098295002421,141.41929214202852,HIT,True,565.8306251107845
2026_07_15_gym,flight_53,30,0,450,ok,True,14,14,876.750755305895,676.1720217907008,917.7358658591673,670.0210926505915,41.44409748505326,51.43394788217597,HIT,True,566.4224584411292
2026_07_15_gym,flight_53,30,0,490,ok,True,15,15,876.7507557966605,676.1720191167739,917.7358658591673,670.0210926505915,41.44409660287191,51.433947435955346,HIT,True,566.4224590061834
2026_07_15_gym,flight_53,30,0,500,ok,True,16,16,923.93978748451,667.3492916222375,917.7358658591673,670.0210926505915,6.754788247495853,22.206535032419104,HIT,True,565.6462996845853
2026_07_15_gym,flight_53,30,0,550,ok,True,17,17,854.1320645174812,680.2568363841191,917.7358658591673,670.0210926505915,64.42215453468721,105.32945006349463,HIT,True,564.2460758545693
2026_07_15_gym,flight_53,30,0,600,ok,False,19,19,947.3798242446566,654.937895242982,917.7358658591673,670.0210926505915,33.26059399345621,99.95814038467078,HIT,True,568.1159966520775
2026_07_15_gym,flight_53,30,0,650,ok,False,20,20,940.0744374600338,658.1464684092342,917.7358658591673,670.0210926505915,25.29858656210791,84.41575218490182,HIT,True,567.5159573439404
2026_07_15_gym,flight_53,30,0,700,ok,False,20,20,940.0744374600338,658.1464684092342,917.7358658591673,670.0210926505915,25.29858656210791,84.41575218490182,HIT,True,567.5159573439404
2026_07_15_gym,flight_53,30,0,750,ok,False,20,20,940.0744374600338,658.1464684092342,917.7358658591673,670.0210926505915,25.29858656210791,84.41575218490182,HIT,True,567.5159573439404
2026_07_15_gym,flight_53,30,0,800,ok,False,20,20,940.0744374600338,658.1464684092342,917.7358658591673,670.0210926505915,25.29858656210791,84.41575218490182,HIT,True,567.5159573439404
2026_07_15_gym,flight_53,30,0,850,ok,False,20,20,940.0744374600338,658.1464684092342,917.7358658591673,670.0210926505915,25.29858656210791,84.41575218490182,HIT,True,567.5159573439404
2026_07_15_gym,flight_53,30,0,900,ok,False,20,20,940.0744374600338,658.1464684092342,917.7358658591673,670.0210926505915,25.29858656210791,84.41575218490182,HIT,True,567.5159573439404
2026_07_15_gym,flight_53,30,0,950,ok,False,20,20,940.0744374600338,658.1464684092342,917.7358658591673,670.0210926505915,25.29858656210791,84.41575218490182,HIT,True,567.5159573439404
2026_07_15_gym,flight_53,30,0,1000,ok,False,20,20,940.0744374600338,658.1464684092342,917.7358658591673,670.0210926505915,25.29858656210791,84.41575218490182,HIT,True,567.5159573439404
2026_07_15_gym,flight_53,30,0,1050,ok,False,20,20,940.0744374600338,658.1464684092342,917.7358658591673,670.0210926505915,25.29858656210791,84.41575218490182,HIT,True,567.5159573439404
2026_07_15_gym,flight_53,30,0,1100,ok,False,20,20,940.0744374600338,658.1464684092342,917.7358658591673,670.0210926505915,25.29858656210791,84.41575218490182,HIT,True,567.5159573439404
2026_07_15_gym,flight_53,30,0,1150,ok,False,20,20,940.0744374600338,658.1464684092342,917.7358658591673,670.0210926505915,25.29858656210791,84.41575218490182,HIT,True,567.5159573439404
2026_07_15_gym,flight_53,30,0,1200,ok,False,20,20,940.0744374600338,658.1464684092342,917.7358658591673,670.0210926505915,25.29858656210791,84.41575218490182,HIT,True,567.5159573439404
2026_07_15_gym,flight_53,30,0,1250,ok,False,20,20,940.0744374600338,658.1464684092342,917.7358658591673,670.0210926505915,25.29858656210791,84.41575218490182,HIT,True,567.5159573439404
2026_07_15_gym,flight_56,30,0,150,not_fit_eligible,True,5,5,,,,,,,,,
2026_07_15_gym,flight_56,30,0,200,not_fit_eligible,True,7,7,,,,,,,,,
2026_07_15_gym,flight_56,30,0,250,ok,True,8,8,221.40693128322982,792.6949885453294,302.90297543448503,813.1906890626434,84.03379648688238,254.94168076925422,HIT,True,502.8977472256394
2026_07_15_gym,flight_56,30,0,300,ok,True,10,10,221.4069014132628,792.6946448427468,302.90297543448503,813.1906890626434,84.03390928391043,254.9418422591568,HIT,True,502.8978236840951
2026_07_15_gym,flight_56,30,0,350,ok,True,11,11,343.8272540153309,803.9299960143076,302.90297543448503,813.1906890626434,41.95899204101755,98.75499472596232,HIT,True,499.72897334025276
2026_07_15_gym,flight_56,30,0,400,ok,True,13,13,264.33604482483616,825.0143811977865,302.90297543448503,813.1906890626434,40.338664236140936,132.99944736072538,HIT,True,495.33516362489314
2026_07_15_gym,flight_56,30,0,450,ok,True,14,14,268.3286875784469,824.0537201273311,302.90297543448503,813.1906890626434,36.240679141878076,123.40479523665265,HIT,True,494.72980380089365
2026_07_15_gym,flight_56,30,0,490,ok,True,15,15,267.66978846038415,819.5076215577493,302.90297543448503,813.1906890626434,35.794987086178374,123.20308507579297,HIT,True,494.1637095591618
2026_07_15_gym,flight_56,30,0,500,ok,True,16,16,276.33761738030427,815.1194724368361,302.90297543448503,813.1906890626434,26.635285878912374,98.42742403664734,HIT,True,494.52385728176523
2026_07_15_gym,flight_56,30,0,550,ok,False,17,17,276.33759250331536,815.1190676605529,302.90297543448503,813.1906890626434,26.635281381966966,98.42726524466573,HIT,True,494.5239480085831
2026_07_15_gym,flight_56,30,0,600,ok,False,19,19,315.7702524912268,806.2499084139137,302.90297543448503,813.1906890626434,14.619892436975546,15.287910771757614,HIT,True,495.8682495737099
2026_07_15_gym,flight_56,30,0,650,ok,False,19,19,315.7702524912268,806.2499084139137,302.90297543448503,813.1906890626434,14.619892436975546,15.287910771757614,HIT,True,495.8682495737099
2026_07_15_gym,flight_56,30,0,700,ok,False,19,19,315.7702524912268,806.2499084139137,302.90297543448503,813.1906890626434,14.619892436975546,15.287910771757614,HIT,True,495.8682495737099
2026_07_15_gym,flight_56,30,0,750,ok,False,19,19,315.7702524912268,806.2499084139137,302.90297543448503,813.1906890626434,14.619892436975546,15.287910771757614,HIT,True,495.8682495737099
2026_07_15_gym,flight_56,30,0,800,ok,False,19,19,315.7702524912268,806.2499084139137,302.90297543448503,813.1906890626434,14.619892436975546,15.287910771757614,HIT,True,495.8682495737099
2026_07_15_gym,flight_56,30,0,850,ok,False,19,19,315.7702524912268,806.2499084139137,302.90297543448503,813.1906890626434,14.619892436975546,15.287910771757614,HIT,True,495.8682495737099
2026_07_15_gym,flight_56,30,0,900,ok,False,19,19,315.7702524912268,806.2499084139137,302.90297543448503,813.1906890626434,14.619892436975546,15.287910771757614,HIT,True,495.8682495737099
2026_07_15_gym,flight_56,30,0,950,ok,False,19,19,315.7702524912268,806.2499084139137,302.90297543448503,813.1906890626434,14.619892436975546,15.287910771757614,HIT,True,495.8682495737099
2026_07_15_gym,flight_56,30,0,1000,ok,False,19,19,315.7702524912268,806.2499084139137,302.90297543448503,813.1906890626434,14.619892436975546,15.287910771757614,HIT,True,495.8682495737099
2026_07_15_gym,flight_56,30,0,1050,ok,False,19,19,315.7702524912268,806.2499084139137,302.90297543448503,813.1906890626434,14.619892436975546,15.287910771757614,HIT,True,495.8682495737099
2026_07_15_gym,flight_56,30,0,1100,ok,False,19,19,315.7702524912268,806.2499084139137,302.90297543448503,813.1906890626434,14.619892436975546,15.287910771757614,HIT,True,495.8682495737099
2026_07_15_gym,flight_56,30,0,1150,ok,False,19,19,315.7702524912268,806.2499084139137,302.90297543448503,813.1906890626434,14.619892436975546,15.287910771757614,HIT,True,495.8682495737099
2026_07_15_gym,flight_56,30,0,1200,ok,False,19,19,315.7702524912268,806.2499084139137,302.90297543448503,813.1906890626434,14.619892436975546,15.287910771757614,HIT,True,495.8682495737099
2026_07_15_gym,flight_56,30,0,1250,ok,False,19,19,315.7702524912268,806.2499084139137,302.90297543448503,813.1906890626434,14.619892436975546,15.287910771757614,HIT,True,495.8682495737099
2026_07_15_gym,flight_60,30,0,150,not_fit_eligible,True,5,5,,,,,,,,,
2026_07_15_gym,flight_60,30,0,200,not_fit_eligible,True,7,7,,,,,,,,,
2026_07_15_gym,flight_60,30,0,250,ok,True,8,8,389.1681005317481,763.1686006547719,382.5730973882986,758.5657290363598,8.042418392355158,93.92019305834704,HIT,True,546.8441798977964
2026_07_15_gym,flight_60,30,0,300,ok,True,10,10,423.97739947632203,752.5470871005302,382.5730973882986,758.5657290363598,41.83945843516653,80.4807660478421,HIT,True,549.7834967036148
2026_07_15_gym,flight_60,30,0,350,ok,True,11,11,395.9968564602048,754.0375170181444,382.5730973882986,758.5657290363598,14.16693374384502,26.27642146943829,HIT,True,551.7795569600561
2026_07_15_gym,flight_60,30,0,400,ok,True,13,13,329.09894334522454,777.9620705187383,382.5730973882986,758.5657290363598,56.883241939286926,159.4664751849295,HIT,True,548.4748551450856
2026_07_15_gym,flight_60,30,0,450,ok,True,14,14,324.087735566054,779.8742643233978,382.5730973882986,758.5657290363598,62.246214531952155,171.7787408884187,HIT,True,548.147053275571
2026_07_15_gym,flight_60,30,0,490,ok,True,15,15,337.13442048993187,776.4392391509119,382.5730973882986,758.5657290363598,48.82761229150125,135.35677429390523,HIT,True,549.7969503874193
2026_07_15_gym,flight_60,30,0,500,ok,True,16,16,260.613216737165,793.9187249895568,382.5730973882986,758.5657290363598,126.98049775971712,293.1076133119292,HIT,True,545.6919860162649
2026_07_15_gym,flight_60,30,0,550,ok,True,17,17,334.33331913505975,771.0298657641268,382.5730973882986,758.5657290363598,49.82399934058011,137.8148575948849,HIT,True,549.8434558321064
2026_07_15_gym,flight_60,30,0,600,ok,False,19,19,376.1779034235656,754.4132205137275,382.5730973882986,758.5657290363598,7.625079204643768,40.45670335706657,HIT,True,554.3137457720812
2026_07_15_gym,flight_60,30,0,650,ok,False,20,20,368.3322031148271,751.9895356350601,382.5730973882986,758.5657290363598,15.685961537613549,54.20670485291417,HIT,True,553.481803119694
2026_07_15_gym,flight_60,30,0,700,ok,False,20,20,368.3322031148271,751.9895356350601,382.5730973882986,758.5657290363598,15.685961537613549,54.20670485291417,HIT,True,553.481803119694
2026_07_15_gym,flight_60,30,0,750,ok,False,20,20,368.3322031148271,751.9895356350601,382.5730973882986,758.5657290363598,15.685961537613549,54.20670485291417,HIT,True,553.481803119694
2026_07_15_gym,flight_60,30,0,800,ok,False,20,20,368.3322031148271,751.9895356350601,382.5730973882986,758.5657290363598,15.685961537613549,54.20670485291417,HIT,True,553.481803119694
2026_07_15_gym,flight_60,30,0,850,ok,False,20,20,368.3322031148271,751.9895356350601,382.5730973882986,758.5657290363598,15.685961537613549,54.20670485291417,HIT,True,553.481803119694
2026_07_15_gym,flight_60,30,0,900,ok,False,20,20,368.3322031148271,751.9895356350601,382.5730973882986,758.5657290363598,15.685961537613549,54.20670485291417,HIT,True,553.481803119694
2026_07_15_gym,flight_60,30,0,950,ok,False,20,20,368.3322031148271,751.9895356350601,382.5730973882986,758.5657290363598,15.685961537613549,54.20670485291417,HIT,True,553.481803119694
2026_07_15_gym,flight_60,30,0,1000,ok,False,20,20,368.3322031148271,751.9895356350601,382.5730973882986,758.5657290363598,15.685961537613549,54.20670485291417,HIT,True,553.481803119694
2026_07_15_gym,flight_60,30,0,1050,ok,False,20,20,368.3322031148271,751.9895356350601,382.5730973882986,758.5657290363598,15.685961537613549,54.20670485291417,HIT,True,553.481803119694
2026_07_15_gym,flight_60,30,0,1100,ok,False,20,20,368.3322031148271,751.9895356350601,382.5730973882986,758.5657290363598,15.685961537613549,54.20670485291417,HIT,True,553.481803119694
2026_07_15_gym,flight_60,30,0,1150,ok,False,20,20,368.3322031148271,751.9895356350601,382.5730973882986,758.5657290363598,15.685961537613549,54.20670485291417,HIT,True,553.481803119694
2026_07_15_gym,flight_60,30,0,1200,ok,False,20,20,368.3322031148271,751.9895356350601,382.5730973882986,758.5657290363598,15.685961537613549,54.20670485291417,HIT,True,553.481803119694
2026_07_15_gym,flight_60,30,0,1250,ok,False,20,20,368.3322031148271,751.9895356350601,382.5730973882986,758.5657290363598,15.685961537613549,54.20670485291417,HIT,True,553.481803119694
2026_07_21_gym,flight_1,30,0,150,not_fit_eligible,True,5,5,,,,,,,,,
2026_07_21_gym,flight_1,30,0,200,not_fit_eligible,True,7,7,,,,,,,,,
2026_07_21_gym,flight_1,30,0,250,fit_failed,True,8,8,,,,,,,,,
2026_07_21_gym,flight_1,30,0,300,fit_failed,True,10,10,,,,,,,,,
2026_07_21_gym,flight_1,30,0,350,fit_failed,True,11,11,,,,,,,,,
2026_07_21_gym,flight_1,30,0,400,fit_failed,True,13,13,,,,,,,,,
2026_07_21_gym,flight_1,30,0,450,fit_failed,True,13,13,,,,,,,,,
2026_07_21_gym,flight_1,30,0,490,ok,True,14,14,108.58640933445659,2107.6907738028326,209.69952973324772,2114.6982101773515,101.35564750581668,76.24506823010181,MISS_HIGH_WIDE,True,1193.1011409241598
2026_07_21_gym,flight_1,30,0,500,ok,True,15,15,328.04730270076476,2056.5441946417563,209.69952973324772,2114.6982101773515,131.86388773764105,120.80369546426658,MISS_HIGH_WIDE,True,1183.764944507692
2026_07_21_gym,flight_1,30,0,550,ok,True,16,16,132.60316839213786,2054.1983445620663,209.69952973324772,2114.6982101773515,98.00042179249306,85.4929848026151,MISS_HIGH_WIDE,True,1198.2463680125459
2026_07_21_gym,flight_1,30,0,600,ok,True,18,18,159.42702842179307,2125.7187945672304,209.69952973324772,2114.6982101773515,51.46627700159252,48.77791678881374,MISS_HIGH_WIDE,True,1191.0129378465374
2026_07_21_gym,flight_1,30,0,650,ok,True,19,19,136.5722890661451,2092.608969435527,209.69952973324772,2114.6982101773515,76.39062693900759,64.08748164106443,MISS_HIGH_WIDE,True,1196.389223827356
2026_07_21_gym,flight_1,30,0,700,ok,True,21,21,255.43719328032512,2059.3039357411417,209.69952973324772,2114.6982101773515,71.8363383466876,72.20421486309642,MISS_HIGH_WIDE,True,1194.7519728259347
2026_07_21_gym,flight_1,30,0,750,ok,True,22,22,200.95460960706427,2094.9832067158527,209.69952973324772,2114.6982101773515,21.56745208642498,28.185084734646143,MISS_HIGH_WIDE,True,1192.3189922837869
2026_07_21_gym,flight_1,30,0,800,ok,True,24,24,226.0262854560276,2119.4627642135733,209.69952973324772,2114.6982101773515,17.007760804862112,41.07458521596131,MISS_HIGH_WIDE,True,1190.6056381081146
2026_07_21_gym,flight_1,30,0,850,ok,True,25,25,231.75643720050783,2162.7536024790757,209.69952973324772,2114.6982101773515,52.875588850545064,107.48830261348938,MISS_HIGH_WIDE,True,1185.295665143214
2026_07_21_gym,flight_1,30,0,900,ok,True,27,27,210.65291356671983,2130.3940135639596,209.69952973324772,2114.6982101773515,15.724731625213307,41.58113821901403,MISS_HIGH_WIDE,True,1191.0100892929781
2026_07_21_gym,flight_1,30,0,950,ok,True,28,28,216.7484629013867,2141.7566650249673,209.69952973324772,2114.6982101773515,27.961534964113742,60.9597984283502,MISS_HIGH_WIDE,True,1190.2073918654273
2026_07_21_gym,flight_1,30,0,1000,ok,True,30,30,227.50827674718994,2121.1612239720516,209.69952973324772,2114.6982101773515,18.94523733071403,40.793034936607675,MISS_HIGH_WIDE,True,1193.44914724276
2026_07_21_gym,flight_1,30,0,1050,ok,True,31,31,233.45272053267811,2125.551526628161,209.69952973324772,2114.6982101773515,26.115293433839785,56.96803938824626,MISS_HIGH_WIDE,True,1192.3655626705724
2026_07_21_gym,flight_1,30,0,1100,ok,True,33,33,259.1942797049758,2118.573363509106,209.69952973324772,2114.6982101773515,49.64621927305732,92.86239085990992,MISS_HIGH_WIDE,True,1192.7206875384204
2026_07_21_gym,flight_1,30,0,1150,ok,True,34,34,246.92825548589934,2075.743870020113,209.69952973324772,2114.6982101773515,53.883379981697544,54.52532509916316,MISS_HIGH_WIDE,True,1199.6835902006014
2026_07_21_gym,flight_1,30,0,1200,ok,True,36,36,214.29018913071673,2102.7123102481096,209.69952973324772,2114.6982101773515,12.83495036287135,14.54629384601755,MISS_HIGH_WIDE,True,1196.6166459511094
2026_07_21_gym,flight_1,30,0,1250,ok,False,36,36,214.29018913071673,2102.7123102481096,209.69952973324772,2114.6982101773515,12.83495036287135,14.54629384601755,MISS_HIGH_WIDE,True,1196.6166459511094
2026_07_21_gym,flight_100,30,0,150,not_fit_eligible,True,5,5,,,,,,,,,
2026_07_21_gym,flight_100,30,0,200,not_fit_eligible,True,7,7,,,,,,,,,
2026_07_21_gym,flight_100,30,0,250,fit_failed,True,8,8,,,,,,,,,
2026_07_21_gym,flight_100,30,0,300,fit_failed,True,9,9,,,,,,,,,
2026_07_21_gym,flight_100,30,0,350,ok,True,10,10,563.2685714885489,1661.902898276557,493.64828246950776,1974.0513495935859,319.8181362942296,417.79297020770247,HIT,True,1154.340184856542
2026_07_21_gym,flight_100,30,0,400,ok,True,12,12,630.597732321214,1778.6480750933752,493.64828246950776,1974.0513495935859,238.61599171071856,284.5310667973952,HIT,True,1139.4145448273787
2026_07_21_gym,flight_100,30,0,450,ok,True,13,13,630.192583144055,1778.5393938451602,493.64828246950776,1974.0513495935859,238.4727885677431,291.91576734928935,HIT,True,1142.7980196604867
2026_07_21_gym,flight_100,30,0,490,ok,True,14,14,585.080598927196,1839.4450602264924,493.64828246950776,1974.0513495935859,162.72283684227162,202.78535884715603,HIT,True,1134.7658549454027
2026_07_21_gym,flight_100,30,0,500,ok,True,15,15,585.0806011820528,1839.444778301594,493.64828246950776,1974.0513495935859,162.72307132099775,202.78574659489718,HIT,True,1134.7659095048039
2026_07_21_gym,flight_100,30,0,550,ok,True,16,16,539.8828448222511,1874.6572029506726,493.64828246950776,1974.0513495935859,109.62130788684586,144.97791812825167,HIT,True,1131.4188838935086
2026_07_21_gym,flight_100,30,0,600,ok,True,17,17,467.1744775757796,1820.8204690505563,493.64828246950776,1974.0513495935859,155.50101317207995,233.51622460430687,HIT,True,1140.9314430419095
2026_07_21_gym,flight_100,30,0,650,ok,True,18,18,461.2554152339892,1838.937026181163,493.64828246950776,1974.0513495935859,138.94307553431636,215.44790060048373,HIT,True,1139.9384530894524
2026_07_21_gym,flight_100,30,0,700,ok,True,20,20,536.7791939518441,1879.6921668956884,493.64828246950776,1974.0513495935859,103.74936570751811,138.0328490904216,HIT,True,1132.286901231534
2026_07_21_gym,flight_100,30,0,750,ok,True,21,21,512.9496349652908,1882.3815845622105,493.64828246950776,1974.0513495935859,93.67970980459987,140.9323169448978,HIT,True,1134.0663243215502
2026_07_21_gym,flight_100,30,0,800,ok,True,23,23,507.91851914600903,1940.4808713513376,493.64828246950776,1974.0513495935859,36.47761867524565,58.64601011532701,HIT,True,1126.6099461478427
2026_07_21_gym,flight_100,30,0,850,ok,True,24,24,477.3042202815482,1952.823591087458,493.64828246950776,1974.0513495935859,26.790783863081973,44.255470949147046,HIT,True,1126.5877360146692
2026_07_21_gym,flight_100,30,0,900,ok,True,26,26,478.55071849639444,1962.6440841683484,493.64828246950776,1974.0513495935859,18.92253002122253,25.1801754663567,HIT,True,1124.3424287154942
2026_07_21_gym,flight_100,30,0,950,ok,True,27,27,479.094422333118,1968.7247225426609,493.64828246950776,1974.0513495935859,15.497993438159687,12.156065067262865,HIT,True,1123.0764394546766
2026_07_21_gym,flight_100,30,0,1000,ok,True,29,29,491.7566616687362,1954.8694277760164,493.64828246950776,1974.0513495935859,19.274967026411698,27.06101665115705,HIT,True,1124.0060771099284
2026_07_21_gym,flight_100,30,0,1050,ok,True,29,29,491.7566616687362,1954.8694277760164,493.64828246950776,1974.0513495935859,19.274967026411698,27.06101665115705,HIT,True,1124.0060771099284
2026_07_21_gym,flight_100,30,0,1100,ok,True,31,31,505.48416604379264,1966.7385444339911,493.64828246950776,1974.0513495935859,13.912773242104613,65.23155089892559,HIT,True,1121.4069930798441
2026_07_21_gym,flight_100,30,0,1150,ok,False,32,32,473.51218824884586,1983.5568533035844,493.64828246950776,1974.0513495935859,22.266946158918355,25.364646828565693,HIT,True,1119.553216174307
2026_07_21_gym,flight_100,30,0,1200,ok,False,34,34,499.7636025712123,1972.1189101049251,493.64828246950776,1974.0513495935859,6.413381504607914,58.43651423530013,HIT,True,1120.093502102019
2026_07_21_gym,flight_100,30,0,1250,ok,False,35,35,491.45175966889,1965.0832462842734,493.64828246950776,1974.0513495935859,9.233178725668376,17.0133784480947,HIT,True,1121.6040502459894
2026_07_21_gym,flight_103,30,0,150,not_fit_eligible,True,5,5,,,,,,,,,
2026_07_21_gym,flight_103,30,0,200,not_fit_eligible,True,7,7,,,,,,,,,
2026_07_21_gym,flight_103,30,0,250,fit_failed,True,8,8,,,,,,,,,
2026_07_21_gym,flight_103,30,0,300,fit_failed,True,10,10,,,,,,,,,
2026_07_21_gym,flight_103,30,0,350,fit_failed,True,11,11,,,,,,,,,
2026_07_21_gym,flight_103,30,0,400,ok,True,13,13,1302.8551476540597,713.1597580231265,1392.683033523964,954.156121070473,257.1931104868576,336.6338864022033,HIT,True,1166.6628180465732
2026_07_21_gym,flight_103,30,0,450,ok,True,14,14,1465.0334056209383,892.8322283576307,1392.683033523964,954.156121070473,94.8430079659372,98.47249957058291,HIT,True,1139.3044897110512
2026_07_21_gym,flight_103,30,0,490,ok,True,15,15,1476.9765612229564,889.6931714156275,1392.683033523964,954.156121070473,106.11724972945703,124.97796005055741,HIT,True,1139.3145672232283
2026_07_21_gym,flight_103,30,0,500,ok,True,16,16,1480.9129888021291,892.5248433709301,1392.683033523964,954.156121070473,107.62406514932054,111.0515344130242,HIT,True,1139.3216365439107
2026_07_21_gym,flight_103,30,0,550,ok,True,17,17,1467.436654576352,892.8954772299106,1392.683033523964,954.156121070473,96.64869551217062,103.10492793364926,HIT,True,1141.068821987148
2026_07_21_gym,flight_103,30,0,600,ok,True,19,19,1423.667733867403,878.4689980493436,1392.683033523964,954.156121070473,81.7838140868246,100.16618593245278,HIT,True,1144.7429224767152
2026_07_21_gym,flight_103,30,0,650,ok,True,19,19,1423.667733867403,878.4689980493436,1392.683033523964,954.156121070473,81.7838140868246,100.16618593245278,HIT,True,1144.7429224767152
2026_07_21_gym,flight_103,30,0,700,ok,True,21,21,1319.584197108043,850.2737606760088,1392.683033523964,954.156121070473,127.02355957257261,189.8744667535431,HIT,True,1150.095914639228
2026_07_21_gym,flight_103,30,0,750,ok,True,22,22,1336.573717168743,861.2813186277625,1392.683033523964,954.156121070473,108.50799192051596,155.04924762824916,HIT,True,1148.3955679625712
2026_07_21_gym,flight_103,30,0,800,ok,True,24,24,1349.6579342631599,877.7361800083178,1392.683033523964,954.156121070473,87.69929622491463,122.00093576188603,HIT,True,1145.2948736530986
2026_07_21_gym,flight_103,30,0,850,ok,True,25,25,1364.3785349854054,891.5714444418165,1392.683033523964,954.156121070473,68.68759994520673,97.12781352480943,HIT,True,1143.6088681347087
2026_07_21_gym,flight_103,30,0,900,ok,True,27,27,1383.5124679059963,935.645035323425,1392.683033523964,954.156121070473,20.65815987177984,17.225284180759914,HIT,True,1137.4530387376594
2026_07_21_gym,flight_103,30,0,950,ok,True,27,27,1383.5124679059963,935.645035323425,1392.683033523964,954.156121070473,20.65815987177984,17.225284180759914,HIT,True,1137.4530387376594
2026_07_21_gym,flight_103,30,0,1000,ok,True,29,29,1403.7000322037854,939.5628672651769,1392.683033523964,954.156121070473,18.28489312347696,18.779969011840283,HIT,True,1136.8997422255563
2026_07_21_gym,flight_103,30,0,1050,ok,True,29,29,1403.7000322037854,939.5628672651769,1392.683033523964,954.156121070473,18.28489312347696,18.779969011840283,HIT,True,1136.8997422255563
2026_07_21_gym,flight_103,30,0,1100,ok,True,31,31,1410.7397548005508,946.3049093467475,1392.683033523964,954.156121070473,19.68976152194604,24.649338987740254,HIT,True,1136.5964117140302
2026_07_21_gym,flight_103,30,0,1150,ok,True,32,32,1402.7334474664647,947.6846344589625,1392.683033523964,954.156121070473,11.953700656222374,16.90906591705669,HIT,True,1136.1610839347252
2026_07_21_gym,flight_103,30,0,1200,ok,False,33,33,1397.767748847707,954.458100640141,1392.683033523964,954.156121070473,5.0936746641303925,16.69429462163624,HIT,True,1135.0622094949179
2026_07_21_gym,flight_103,30,0,1250,ok,False,34,34,1407.6209227035258,951.6187254431508,1392.683033523964,954.156121070473,15.151861592240857,36.78414016974741,HIT,True,1135.1577439849193
2026_07_21_gym,flight_104,30,0,150,not_fit_eligible,True,5,5,,,,,,,,,
2026_07_21_gym,flight_104,30,0,200,not_fit_eligible,True,7,7,,,,,,,,,
2026_07_21_gym,flight_104,30,0,250,fit_failed,True,8,8,,,,,,,,,
2026_07_21_gym,flight_104,30,0,300,fit_failed,True,10,10,,,,,,,,,
2026_07_21_gym,flight_104,30,0,350,ok,True,11,11,-3.7889452034088387,-322.34458710912173,283.01065187392584,357.9684148874173,738.2951913491407,703.7631129913478,MISS_HIGH_WIDE,False,1450.2997885589548
2026_07_21_gym,flight_104,30,0,400,ok,True,13,13,307.12901940710793,-69.41423309874803,283.01065187392584,357.9684148874173,428.0626396359908,396.5243073910929,MISS_HIGH_WIDE,False,1407.3994640578787
2026_07_21_gym,flight_104,30,0,450,ok,True,14,14,233.17004775001826,-67.66526052188067,283.01065187392584,357.9684148874173,428.5418433033858,412.02934857568175,MISS_HIGH_WIDE,False,1411.2662204795786
2026_07_21_gym,flight_104,30,0,490,ok,True,15,15,131.80754069015214,-150.8814316377024,283.01065187392584,357.9684148874173,530.8394739846411,515.9592287097072,MISS_HIGH_WIDE,False,1425.0108497791384
2026_07_21_gym,flight_104,30,0,500,ok,True,15,15,131.80754069015214,-150.8814316377024,283.01065187392584,357.9684148874173,530.8394739846411,515.9592287097072,MISS_HIGH_WIDE,False,1425.0108497791384
2026_07_21_gym,flight_104,30,0,550,ok,True,16,16,131.80751886990862,-150.882178478557,283.01065187392584,357.9684148874173,530.8401961034363,515.9598720820177,MISS_HIGH_WIDE,False,1425.01095034797
2026_07_21_gym,flight_104,30,0,600,ok,True,18,18,322.018675169712,48.78188392569692,283.01065187392584,357.9684148874173,311.637508669267,289.68259607802287,HIT,True,1395.5297571998008
2026_07_21_gym,flight_104,30,0,650,ok,True,19,19,141.1488060956312,97.95409747268634,283.01065187392584,357.9684148874173,296.1962669384493,295.14077375179147,HIT,True,1396.1524215273712
2026_07_21_gym,flight_104,30,0,700,ok,True,21,21,306.9735074193071,106.77081881485208,283.01065187392584,357.9684148874173,252.33796923674495,242.92296705392022,HIT,True,1391.3499523186772
2026_07_21_gym,flight_104,30,0,750,ok,True,22,22,370.7293351655351,292.0524457693713,283.01065187392584,357.9684148874173,109.72457511052318,78.13684268891112,HIT,True,1365.1371943496044
2026_07_21_gym,flight_104,30,0,800,ok,True,24,24,291.61691893940986,309.9531601926521,283.01065187392584,357.9684148874173,48.780452193533485,33.50711679405534,HIT,True,1366.9870403888883
2026_07_21_gym,flight_104,30,0,850,ok,True,25,25,280.04699899784134,290.9030010323173,283.01065187392584,357.9684148874173,67.1308645402825,55.76701165048927,HIT,True,1369.5674684557544
2026_07_21_gym,flight_104,30,0,900,ok,True,27,27,285.38309930599905,330.0184863302308,283.01065187392584,357.9684148874173,28.050436951494685,22.588976314580083,HIT,True,1365.8715316897742
2026_07_21_gym,flight_104,30,0,950,ok,True,28,28,268.67129902567933,336.8328709228242,283.01065187392584,357.9684148874173,25.540717663874712,32.79433888215674,HIT,True,1366.0949064529418
2026_07_21_gym,flight_104,30,0,1000,ok,True,30,30,260.192353581401,301.021293327968,283.01065187392584,357.9684148874173,61.348589151449396,68.96153149648086,HIT,True,1370.6696114959698
2026_07_21_gym,flight_104,30,0,1050,ok,True,31,31,250.15183123430796,324.31506245154657,283.01065187392584,357.9684148874173,47.03456414169799,73.84842249619868,HIT,True,1368.5313507006613
2026_07_21_gym,flight_104,30,0,1100,ok,True,33,33,288.27256425785487,301.22575401068417,283.01065187392584,357.9684148874173,56.9861148465842,55.80621104707091,HIT,True,1369.5278029098445
2026_07_21_gym,flight_104,30,0,1150,ok,True,34,34,287.48767028507683,309.1524847854277,283.01065187392584,357.9684148874173,49.02079890797494,44.943235735841874,HIT,True,1368.693456111371
2026_07_21_gym,flight_104,30,0,1200,ok,True,36,36,264.45036194400285,324.58512545305507,283.01065187392584,357.9684148874173,38.195920930659604,50.69576985458042,HIT,True,1368.2650050685686
2026_07_21_gym,flight_104,30,0,1250,ok,True,37,37,278.88845328977914,309.2443121987534,283.01065187392584,357.9684148874173,48.89816667302165,66.39061453230052,HIT,True,1369.870733856561
2026_07_21_gym,flight_106,30,0,150,not_fit_eligible,True,5,5,,,,,,,,,
2026_07_21_gym,flight_106,30,0,200,not_fit_eligible,True,7,7,,,,,,,,,
2026_07_21_gym,flight_106,30,0,250,fit_failed,True,8,8,,,,,,,,,
2026_07_21_gym,flight_106,30,0,300,fit_failed,True,10,10,,,,,,,,,
2026_07_21_gym,flight_106,30,0,350,fit_failed,True,11,11,,,,,,,,,
2026_07_21_gym,flight_106,30,0,400,fit_failed,True,13,13,,,,,,,,,
2026_07_21_gym,flight_106,30,0,450,ok,True,14,14,283.4032844163805,867.7993623554007,601.2461852677189,1439.2491321391703,653.895212558952,750.9464993660819,HIT,True,1375.502217881175
2026_07_21_gym,flight_106,30,0,490,ok,True,15,15,297.55567599868715,934.7992293279503,601.2461852677189,1439.2491321391703,588.8103513580015,677.3516471698357,HIT,True,1366.0153390549096
2026_07_21_gym,flight_106,30,0,500,ok,True,16,16,292.38824829597075,937.6157824191295,601.2461852677189,1439.2491321391703,589.0918797452509,678.811344128523,HIT,True,1366.2754538967665
2026_07_21_gym,flight_106,30,0,550,ok,True,17,17,388.50705851302905,999.5802051712659,601.2461852677189,1439.2491321391703,488.4329036760899,578.2980290611881,HIT,True,1355.0909638808055
2026_07_21_gym,flight_106,30,0,600,ok,True,18,18,372.42120929681056,1042.0366699852814,601.2461852677189,1439.2491321391703,458.4087801498151,543.622517544491,HIT,True,1350.654912191817
2026_07_21_gym,flight_106,30,0,650,ok,True,19,19,369.47280001602155,1043.4243492654277,601.2461852677189,1439.2491321391703,458.68961275363233,543.3689322608192,HIT,True,1350.8313690251252
2026_07_21_gym,flight_106,30,0,700,ok,True,21,21,386.4651949045622,1147.1603417223032,601.2461852677189,1439.2491321391703,362.555837504469,437.1791647844949,HIT,True,1338.86050353142
2026_07_21_gym,flight_106,30,0,750,ok,True,22,22,577.7158105156584,1343.3473973665702,601.2461852677189,1439.2491321391703,98.74624685711625,110.00669673558549,HIT,True,1306.3412190998715
2026_07_21_gym,flight_106,30,0,800,ok,True,24,24,433.5612876680227,1179.6544343998967,601.2461852677189,1439.2491321391703,309.0430908099475,383.17717746544577,HIT,True,1333.349899567856
2026_07_21_gym,flight_106,30,0,850,ok,True,24,24,433.5612876680227,1179.6544343998967,601.2461852677189,1439.2491321391703,309.0430908099475,383.17717746544577,HIT,True,1333.349899567856
2026_07_21_gym,flight_106,30,0,900,ok,True,26,26,616.3034586190724,1409.6117178262193,601.2461852677189,1439.2491321391703,33.243011414955994,35.66863281551444,HIT,True,1296.6270722913753
2026_07_21_gym,flight_106,30,0,950,ok,True,26,26,616.3034586190724,1409.6117178262193,601.2461852677189,1439.2491321391703,33.243011414955994,35.66863281551444,HIT,True,1296.6270722913753
2026_07_21_gym,flight_106,30,0,1000,ok,True,28,28,612.2361201178372,1425.420835648325,601.2461852677189,1439.2491321391703,17.663534523095027,24.781528541420077,HIT,True,1294.4671155646322
2026_07_21_gym,flight_106,30,0,1050,ok,True,29,29,601.7211203232919,1458.193834380277,601.2461852677189,1439.2491321391703,18.950654508781522,46.3398656549452,HIT,True,1291.338815381237
2026_07_21_gym,flight_106,30,0,1100,ok,True,31,31,598.8685355770347,1473.4012990195556,601.2461852677189,1439.2491321391703,34.234831979685474,60.46697667457331,HIT,True,1289.770956047117
2026_07_21_gym,flight_106,30,0,1150,ok,True,32,32,599.0914383453501,1469.6975388638336,601.2461852677189,1439.2491321391703,30.52455415513844,56.55170230724796,HIT,True,1290.0731515414277
2026_07_21_gym,flight_106,30,0,1200,ok,True,34,34,576.6985168206945,1435.9928925838196,601.2461852677189,1439.2491321391703,24.76269618250139,31.535777154971072,HIT,True,1295.2414050482082
2026_07_21_gym,flight_106,30,0,1250,ok,True,35,35,575.5982309579534,1447.3477900722557,601.2461852677189,1439.2491321391703,26.896204575979606,66.88304504775944,HIT,True,1293.3051214833904
2026_07_21_gym,flight_107,30,0,150,not_fit_eligible,True,5,5,,,,,,,,,
2026_07_21_gym,flight_107,30,0,200,not_fit_eligible,True,7,7,,,,,,,,,
2026_07_21_gym,flight_107,30,0,250,fit_failed,True,8,8,,,,,,,,,
2026_07_21_gym,flight_107,30,0,300,fit_failed,True,10,10,,,,,,,,,
2026_07_21_gym,flight_107,30,0,350,fit_failed,True,11,11,,,,,,,,,
2026_07_21_gym,flight_107,30,0,400,fit_failed,True,13,13,,,,,,,,,
2026_07_21_gym,flight_107,30,0,450,ok,True,14,14,428.87670216433185,200.8059316795765,483.4546978258169,474.03899689440937,278.63069740629476,290.4761746658187,HIT,True,1280.190521827919
2026_07_21_gym,flight_107,30,0,490,ok,True,15,15,389.06440944021256,215.07594288303181,483.4546978258169,474.03899689440937,275.6290802589908,298.8423853899909,HIT,True,1284.2472935959693
2026_07_21_gym,flight_107,30,0,500,ok,True,16,16,477.16121939157705,341.30739219983445,483.4546978258169,474.03899689440937,132.8807237924265,139.71284112392362,HIT,True,1262.621536298944
2026_07_21_gym,flight_107,30,0,550,ok,True,17,17,480.54452735496545,324.1152818987706,483.4546978258169,474.03899689440937,149.95195700711255,163.44944019713247,HIT,True,1265.8574639646731
2026_07_21_gym,flight_107,30,0,600,ok,True,19,19,393.36306888906984,239.05226700610078,483.4546978258169,474.03899689440937,251.66498530402956,279.00609334647066,HIT,True,1283.2695633601
2026_07_21_gym,flight_107,30,0,650,ok,True,20,20,393.3630688899488,239.05226705987982,483.4546978258169,474.03899689440937,251.66498525349988,279.00609329173966,HIT,True,1283.269563352157
2026_07_21_gym,flight_107,30,0,700,ok,True,22,22,525.8799118918795,322.5310925262014,483.4546978258169,474.03899689440937,157.3357679442195,176.6852225742877,HIT,True,1266.009367095516
2026_07_21_gym,flight_107,30,0,750,ok,True,23,23,370.14825097444617,227.28786176785687,483.4546978258169,474.03899689440937,271.5225102718459,300.1707970457496,HIT,True,1285.7345047400822
2026_07_21_gym,flight_107,30,0,800,ok,True,25,25,452.1955431721697,267.1825573280719,483.4546978258169,474.03899689440937,209.20497446218258,242.44496499474997,HIT,True,1279.3537315779956
2026_07_21_gym,flight_107,30,0,850,ok,True,26,26,338.92250820586366,381.9288308332739,483.4546978258169,474.03899689440937,171.3879707801807,160.85085527107665,HIT,True,1270.0178344102505
2026_07_21_gym,flight_107,30,0,900,ok,True,28,28,507.49150828823355,393.0249836953117,483.4546978258169,474.03899689440937,84.50466609501346,107.2231428388933,HIT,True,1260.8747736631556
2026_07_21_gym,flight_107,30,0,950,ok,True,29,29,539.3324787660993,385.3058371778919,483.4546978258169,474.03899689440937,104.86133718433685,129.67645349743864,HIT,True,1261.2847453503666
2026_07_21_gym,flight_107,30,0,1000,ok,True,31,31,479.20354505667996,429.08280419216135,483.4546978258169,474.03899689440937,45.156744370561064,52.49332489015539,HIT,True,1258.2213254465103
2026_07_21_gym,flight_107,30,0,1050,ok,True,32,32,487.121899188235,426.641173004661,483.4546978258169,474.03899689440937,47.539479123315175,51.891035808476914,HIT,True,1259.1441164670555
2026_07_21_gym,flight_107,30,0,1100,ok,True,34,34,438.244763429937,468.20465964166107,483.4546978258169,474.03899689440937,45.584840235088784,19.99701337858155,HIT,True,1254.4686964809464
2026_07_21_gym,flight_107,30,0,1150,ok,True,35,35,509.47906959719666,441.59872239253787,483.4546978258169,474.03899689440937,41.58893285300505,59.075513844164654,HIT,True,1257.6180553793483
2026_07_21_gym,flight_107,30,0,1200,ok,True,37,37,510.004758283397,442.0923630344795,483.4546978258169,474.03899689440937,41.53905542115248,56.31311172421337,HIT,True,1257.5021185704443
2026_07_21_gym,flight_107,30,0,1250,ok,True,38,38,498.16508324102176,429.2233390188118,483.4546978258169,474.03899689440937,47.168195109485374,60.572050918146154,HIT,True,1258.2780193596518
2026_07_21_gym,flight_108,30,0,150,not_fit_eligible,True,5,5,,,,,,,,,
2026_07_21_gym,flight_108,30,0,200,not_fit_eligible,True,7,7,,,,,,,,,
2026_07_21_gym,flight_108,30,0,250,fit_failed,True,8,8,,,,,,,,,
2026_07_21_gym,flight_108,30,0,300,fit_failed,True,9,9,,,,,,,,,
2026_07_21_gym,flight_108,30,0,350,fit_failed,True,10,10,,,,,,,,,
2026_07_21_gym,flight_108,30,0,400,fit_failed,True,12,12,,,,,,,,,
2026_07_21_gym,flight_108,30,0,450,ok,True,13,13,140.45946930514478,507.0271630012497,721.0104021445848,468.28421628408967,581.842247985717,457.7956456038296,HIT,True,1303.6652173917093
2026_07_21_gym,flight_108,30,0,490,ok,True,14,14,140.45946699234202,507.0271096095065,721.0104021445848,468.28421628408967,581.8422467382102,457.795652017067,HIT,True,1303.6652254198002
2026_07_21_gym,flight_108,30,0,500,ok,True,15,15,156.2320116785432,502.28974374630303,721.0104021445848,468.28421628408967,565.8012073470645,447.3649609818369,HIT,True,1305.3880841512248
2026_07_21_gym,flight_108,30,0,550,ok,True,16,16,183.97615185849693,459.16416874949385,721.0104021445848,468.28421628408967,537.1116841471369,436.4486511993237,HIT,True,1309.6442751459795
2026_07_21_gym,flight_108,30,0,600,ok,True,18,18,299.03343133702805,471.6172117015795,721.0104021445848,468.28421628408967,421.9901334751496,329.3238669203258,HIT,True,1301.0451305646823
2026_07_21_gym,flight_108,30,0,650,fit_failed,True,19,19,,,,,,,,,
2026_07_21_gym,flight_108,30,0,700,fit_failed,True,21,21,,,,,,,,,
2026_07_21_gym,flight_108,30,0,750,ok,True,22,22,664.3020080428572,513.1595628270522,721.0104021445848,468.28421628408967,72.31624083805677,71.33021859674983,HIT,True,1271.1753921310265
2026_07_21_gym,flight_108,30,0,800,ok,True,24,24,678.1396103843757,484.45420755285824,721.0104021445848,468.28421628408967,45.81891971423224,51.62154889151588,HIT,True,1273.4338646517926
2026_07_21_gym,flight_108,30,0,850,ok,True,25,25,786.3385159905146,453.64071791047087,721.0104021445848,468.28421628408967,66.9491934476058,28.91246076039578,HIT,True,1274.1240120480531
2026_07_21_gym,flight_108,30,0,900,ok,True,27,27,540.7505174717396,515.3167361083746,721.0104021445848,468.28421628408967,186.29461598041203,160.18905345997558,HIT,True,1273.3958977935865
2026_07_21_gym,flight_108,30,0,950,ok,True,28,28,736.5084149447077,478.01947973184184,721.0104021445848,468.28421628408967,18.302015057089076,23.628019555000247,HIT,True,1271.9468123547263
2026_07_21_gym,flight_108,30,0,1000,ok,True,30,30,668.0412207910288,508.786213849429,721.0104021445848,468.28421628408967,66.67942696250962,75.74886801237429,HIT,True,1269.759244545485
2026_07_21_gym,flight_108,30,0,1050,ok,True,31,31,717.2654932213526,523.5776718197242,721.0104021445848,468.28421628408967,55.42012782297145,104.1465157151607,HIT,True,1265.11776570614
2026_07_21_gym,flight_108,30,0,1100,ok,True,33,33,695.627096569404,479.97484084294325,721.0104021445848,468.28421628408967,27.94607136073108,36.521381729844045,HIT,True,1272.8502515419445
2026_07_21_gym,flight_108,30,0,1150,ok,True,34,34,694.8334844188762,478.7615971003786,721.0104021445848,468.28421628408967,28.195860164003765,45.25397398286558,HIT,True,1273.0737108958995
2026_07_21_gym,flight_108,30,0,1200,ok,True,36,36,708.144934939678,491.2964606993558,721.0104021445848,468.28421628408967,26.364438917384117,36.72444066909841,HIT,True,1270.7638700528341
2026_07_21_gym,flight_108,30,0,1250,ok,True,36,36,708.144934939678,491.2964606993558,721.0104021445848,468.28421628408967,26.364438917384117,36.72444066909841,HIT,True,1270.7638700528341
2026_07_21_gym,flight_109,30,0,150,not_fit_eligible,True,5,5,,,,,,,,,
2026_07_21_gym,flight_109,30,0,200,not_fit_eligible,True,7,7,,,,,,,,,
2026_07_21_gym,flight_109,30,0,250,fit_failed,True,8,8,,,,,,,,,
2026_07_21_gym,flight_109,30,0,300,fit_failed,True,10,10,,,,,,,,,
2026_07_21_gym,flight_109,30,0,350,fit_failed,True,11,11,,,,,,,,,
2026_07_21_gym,flight_109,30,0,400,fit_failed,True,13,13,,,,,,,,,
2026_07_21_gym,flight_109,30,0,450,ok,True,14,14,578.193557971926,1861.7433061553688,513.9415986051856,1988.5498886558728,142.1556317840499,171.6305283472322,HIT,True,1072.5955189206538
2026_07_21_gym,flight_109,30,0,490,ok,True,15,15,578.1935591627998,1861.7431980030228,513.9415986051856,1988.5498886558728,142.15572879706536,171.63069573656145,HIT,True,1072.5955411020432
2026_07_21_gym,flight_109,30,0,500,ok,True,16,16,498.20720608832966,1882.4702744195688,513.9415986051856,1988.5498886558728,107.24017747279964,162.95433642938372,HIT,True,1076.9334247289435
2026_07_21_gym,flight_109,30,0,550,ok,True,17,17,428.5148260884532,1914.3025288004405,513.9415986051856,1988.5498886558728,113.18305486302974,159.63144102434217,HIT,True,1078.492941627802
2026_07_21_gym,flight_109,30,0,600,ok,True,19,19,533.6003829740592,1897.1214189307602,513.9415986051856,1988.5498886558728,93.51808851306626,132.9637859903216,HIT,True,1073.0878734721007
2026_07_21_gym,flight_109,30,0,650,ok,True,20,20,549.6597421790573,1915.8049098900449,513.9415986051856,1988.5498886558728,81.04083980317864,108.74924737607365,HIT,True,1070.4475223846898
2026_07_21_gym,flight_109,30,0,700,ok,True,22,22,548.9208314204261,1931.412309114205,513.9415986051856,1988.5498886558728,66.99440069306691,85.77082345358978,HIT,True,1069.372547249824
2026_07_21_gym,flight_109,30,0,750,ok,True,23,23,553.6726842538652,1940.356944845676,513.9415986051856,1988.5498886558728,62.45893851095691,77.43945921527823,HIT,True,1068.6354594570246
2026_07_21_gym,flight_109,30,0,800,ok,True,25,25,539.130454036159,1945.604558156017,513.9415986051856,1988.5498886558728,49.78734628059947,86.64974976325105,HIT,True,1068.5231088958797
2026_07_21_gym,flight_109,30,0,850,ok,True,26,26,547.4657668213263,1947.5985946492833,513.9415986051856,1988.5498886558728,52.92332505992255,102.206965123308,HIT,True,1067.5546991427511
2026_07_21_gym,flight_109,30,0,900,ok,True,28,28,541.3105853089595,1945.6564325237825,513.9415986051856,1988.5498886558728,50.88133264908558,79.1758961223952,HIT,True,1068.9294842618935
2026_07_21_gym,flight_109,30,0,950,ok,True,29,29,544.728236751579,1954.5306629885636,513.9415986051856,1988.5498886558728,45.881639065755614,92.35983874041723,HIT,True,1066.6806973825483
2026_07_21_gym,flight_109,30,0,1000,ok,True,31,31,530.2206519876494,1963.7750405296656,513.9415986051856,1988.5498886558728,29.644572499965935,49.82859859543865,HIT,True,1065.9816666940828
2026_07_21_gym,flight_109,30,0,1050,ok,True,32,32,527.8706833776865,1964.6974848075677,513.9415986051856,1988.5498886558728,27.621668522052722,32.394139248050244,HIT,True,1065.9165881598133
2026_07_21_gym,flight_109,30,0,1100,ok,False,34,34,513.6428083906534,1979.5769568628332,513.9415986051856,1988.5498886558728,8.977905131757696,34.3764702700757,HIT,True,1065.0748653564401
2026_07_21_gym,flight_109,30,0,1150,ok,False,35,35,527.8706834487369,1964.6972668838573,513.9415986051856,1988.5498886558728,27.62185674384831,32.39445947318953,HIT,True,1065.916634030067
2026_07_21_gym,flight_109,30,0,1200,ok,False,36,36,571.4547820485458,1931.3519515792154,513.9415986051856,1988.5498886558728,81.1133174985147,94.32919523054288,HIT,True,1068.4615133462692
2026_07_21_gym,flight_109,30,0,1250,ok,False,37,37,570.8598560959723,1951.3256192302351,513.9415986051856,1988.5498886558728,68.00981010163134,81.90676752621577,HIT,True,1068.6618142152047
2026_07_21_gym,flight_11,30,0,150,not_fit_eligible,True,5,5,,,,,,,,,
2026_07_21_gym,flight_11,30,0,200,not_fit_eligible,True,7,7,,,,,,,,,
2026_07_21_gym,flight_11,30,0,250,fit_failed,True,8,8,,,,,,,,,
2026_07_21_gym,flight_11,30,0,300,ok,True,10,10,1604.348293516641,622.3009279431552,1566.3291176105513,588.2383069222026,51.046252432428716,67.40897762045824,HIT,True,874.5992070292381
2026_07_21_gym,flight_11,30,0,350,ok,True,11,11,1561.0560369422042,628.2195777904234,1566.3291176105513,588.2383069222026,40.32750178194699,50.465759152437776,HIT,True,874.4498913666342
2026_07_21_gym,flight_11,30,0,400,ok,True,13,13,1499.9381755026272,629.0324124934309,1566.3291176105513,588.2383069222026,77.92250152128231,75.05410567985868,HIT,True,874.2923822687451
2026_07_21_gym,flight_11,30,0,450,ok,True,14,14,1396.331247288939,608.3606015132253,1566.3291176105513,588.2383069222026,171.18464491154455,223.74750261100723,HIT,True,878.7097218131078
2026_07_21_gym,flight_11,30,0,490,ok,True,15,15,1412.9506505014365,598.7403775353756,1566.3291176105513,588.2383069222026,153.73759351539846,202.24391538512023,HIT,True,878.076330802294
2026_07_21_gym,flight_11,30,0,500,ok,True,16,16,1437.136863635969,593.1355967617427,1566.3291176105513,588.2383069222026,129.28504141935935,169.24624091334886,HIT,True,876.6018497352185
2026_07_21_gym,flight_11,30,0,550,ok,True,17,17,1487.956914860165,613.2289503740014,1566.3291176105513,588.2383069222026,82.26016304434731,76.48310968542903,HIT,True,872.9737394733324
2026_07_21_gym,flight_11,30,0,600,ok,True,19,19,1475.010908395154,618.3084455288385,1566.3291176105513,588.2383069222026,96.1417108758179,115.5758608983691,HIT,True,872.2028626517335
2026_07_21_gym,flight_11,30,0,650,ok,True,20,20,1510.6322367798214,601.8895114248973,1566.3291176105513,588.2383069222026,57.3454263097496,65.05478495209441,HIT,True,871.6776279749722
2026_07_21_gym,flight_11,30,0,700,ok,True,22,22,1483.946364366763,616.299437937575,1566.3291176105513,588.2383069222026,87.03071357795943,102.03106975629058,HIT,True,869.3127984301291
2026_07_21_gym,flight_11,30,0,750,ok,True,23,23,1547.6951542808788,591.6515648956806,1566.3291176105513,588.2383069222026,18.943994282228097,12.958597519769246,HIT,True,871.6313672235399
2026_07_21_gym,flight_11,30,0,800,ok,True,25,25,1546.0630445675163,616.4969562398854,1566.3291176105513,588.2383069222026,34.774487456257475,52.434803895033156,HIT,True,867.2860436247845
2026_07_21_gym,flight_11,30,0,850,ok,True,26,26,1532.976885846049,612.9938720010977,1566.3291176105513,588.2383069222026,41.53563970915195,51.53203167716165,HIT,True,867.3188253220358
2026_07_21_gym,flight_11,30,0,900,ok,False,28,28,1555.715974006531,603.7077218031438,1566.3291176105513,588.2383069222026,18.760106980458367,30.007619583203997,HIT,True,868.3878424545918
2026_07_21_gym,flight_11,30,0,950,ok,False,28,28,1555.715974006531,603.7077218031438,1566.3291176105513,588.2383069222026,18.760106980458367,30.007619583203997,HIT,True,868.3878424545918
2026_07_21_gym,flight_11,30,0,1000,ok,False,28,28,1555.715974006531,603.7077218031438,1566.3291176105513,588.2383069222026,18.760106980458367,30.007619583203997,HIT,True,868.3878424545918
2026_07_21_gym,flight_11,30,0,1050,ok,False,28,28,1555.715974006531,603.7077218031438,1566.3291176105513,588.2383069222026,18.760106980458367,30.007619583203997,HIT,True,868.3878424545918
2026_07_21_gym,flight_11,30,0,1100,ok,False,28,28,1555.715974006531,603.7077218031438,1566.3291176105513,588.2383069222026,18.760106980458367,30.007619583203997,HIT,True,868.3878424545918
2026_07_21_gym,flight_11,30,0,1150,ok,False,28,28,1555.715974006531,603.7077218031438,1566.3291176105513,588.2383069222026,18.760106980458367,30.007619583203997,HIT,True,868.3878424545918
2026_07_21_gym,flight_11,30,0,1200,ok,False,28,28,1555.715974006531,603.7077218031438,1566.3291176105513,588.2383069222026,18.760106980458367,30.007619583203997,HIT,True,868.3878424545918
2026_07_21_gym,flight_11,30,0,1250,ok,False,28,28,1555.715974006531,603.7077218031438,1566.3291176105513,588.2383069222026,18.760106980458367,30.007619583203997,HIT,True,868.3878424545918
2026_07_21_gym,flight_114,30,0,150,not_fit_eligible,True,4,4,,,,,,,,,
2026_07_21_gym,flight_114,30,0,200,not_fit_eligible,True,6,6,,,,,,,,,
2026_07_21_gym,flight_114,30,0,250,not_fit_eligible,True,7,7,,,,,,,,,
2026_07_21_gym,flight_114,30,0,300,fit_failed,True,9,9,,,,,,,,,
2026_07_21_gym,flight_114,30,0,350,fit_failed,True,10,10,,,,,,,,,
2026_07_21_gym,flight_114,30,0,400,fit_failed,True,12,12,,,,,,,,,
2026_07_21_gym,flight_114,30,0,450,ok,True,13,13,841.0217122813898,996.4907643163973,835.8049668499062,1085.3867339324554,89.04890705042948,104.42674007798264,HIT,True,1201.3334506943127
2026_07_21_gym,flight_114,30,0,490,ok,True,14,14,911.3264167237545,1060.035919712097,835.8049668499062,1085.3867339324554,79.66274645455869,82.84308454392048,HIT,True,1191.6286305067713
2026_07_21_gym,flight_114,30,0,500,ok,True,15,15,856.2713823019076,994.3403309973929,835.8049668499062,1085.3867339324554,93.31838858910751,99.65316927535113,HIT,True,1198.9775866990108
2026_07_21_gym,flight_114,30,0,550,ok,True,16,16,742.3550645430463,941.2567279734959,835.8049668499062,1085.3867339324554,171.77410415685878,209.73322232355292,HIT,True,1210.5215213201698
2026_07_21_gym,flight_114,30,0,600,ok,True,18,18,738.5993884950326,948.0389932366198,835.8049668499062,1085.3867339324554,168.26564217794422,206.15342492279777,HIT,True,1209.4767475186336
2026_07_21_gym,flight_114,30,0,650,ok,True,19,19,702.481920325057,925.8202743933714,835.8049668499062,1085.3867339324554,207.9338590622154,257.37833426105493,HIT,True,1213.1669530104562
2026_07_21_gym,flight_114,30,0,700,ok,True,21,21,724.8412482285311,926.335548188589,835.8049668499062,1085.3867339324554,193.93356217223882,245.61648374699655,HIT,True,1212.1107329034942
2026_07_21_gym,flight_114,30,0,750,ok,True,22,22,780.7315464667685,952.9850526514305,835.8049668499062,1085.3867339324554,143.39904755171816,172.06552412171604,HIT,True,1206.2836027926674
2026_07_21_gym,flight_114,30,0,800,ok,True,23,23,864.5999506166294,1034.5386042927505,835.8049668499062,1085.3867339324554,58.43529222979966,66.6114619863241,HIT,True,1194.5416013998777
2026_07_21_gym,flight_114,30,0,850,ok,True,24,24,733.9252804758635,954.1525105289588,835.8049668499062,1085.3867339324554,166.13817107453713,210.15064313562453,HIT,True,1209.425752783439
2026_07_21_gym,flight_114,30,0,900,ok,True,26,26,829.9544834883823,1020.1100595123752,835.8049668499062,1085.3867339324554,65.53832755654223,70.70790545729561,HIT,True,1197.527435559819
2026_07_21_gym,flight_114,30,0,950,ok,True,27,27,849.9765546868226,1007.269581751235,835.8049668499062,1085.3867339324554,79.39221225487661,85.84195353456938,HIT,True,1198.3212102541554
2026_07_21_gym,flight_114,30,0,1000,ok,True,28,28,824.3878686295567,986.1917238771674,835.8049668499062,1085.3867339324554,99.84988809028175,118.18517710652644,HIT,True,1201.9553583642814
2026_07_21_gym,flight_114,30,0,1050,ok,True,29,29,780.9304526801996,1032.2049026397174,835.8049668499062,1085.3867339324554,76.41674872049052,92.12358824758721,HIT,True,1198.3659045343768
2026_07_21_gym,flight_114,30,0,1100,ok,True,31,31,869.3030440642415,1046.5750052396986,835.8049668499062,1085.3867339324554,51.26862062877961,66.97298513732265,HIT,True,1195.8777747929025
2026_07_21_gym,flight_114,30,0,1150,ok,True,32,32,828.6938259142681,1039.4488308165612,835.8049668499062,1085.3867339324554,46.48504348811334,64.56906571862022,HIT,True,1198.8205654764834
2026_07_21_gym,flight_114,30,0,1200,ok,False,34,34,838.3972742363628,1094.722591785274,835.8049668499062,1085.3867339324554,9.689081454602043,29.199293878759978,HIT,True,1193.2418312933692
2026_07_21_gym,flight_114,30,0,1250,ok,False,35,35,844.3891438773204,1105.6649803694008,835.8049668499062,1085.3867339324554,22.020340001813675,39.55313861223489,HIT,True,1192.0432347541218
2026_07_21_gym,flight_115,30,0,150,not_fit_eligible,True,5,5,,,,,,,,,
2026_07_21_gym,flight_115,30,0,200,not_fit_eligible,True,7,7,,,,,,,,,
2026_07_21_gym,flight_115,30,0,250,fit_failed,True,8,8,,,,,,,,,
2026_07_21_gym,flight_115,30,0,300,fit_failed,True,10,10,,,,,,,,,
2026_07_21_gym,flight_115,30,0,350,fit_failed,True,11,11,,,,,,,,,
2026_07_21_gym,flight_115,30,0,400,fit_failed,True,13,13,,,,,,,,,
2026_07_21_gym,flight_115,30,0,450,ok,True,14,14,396.3463432425981,1183.6278045015058,838.2265530214266,1343.143384598761,469.79074074309443,602.943799548891,HIT,True,1076.5398531430442
2026_07_21_gym,flight_115,30,0,490,ok,True,15,15,823.328695524267,1224.717778896642,838.2265530214266,1343.143384598761,119.35899733124214,171.0614989730867,HIT,True,1057.3402521315338
2026_07_21_gym,flight_115,30,0,500,ok,True,16,16,585.279635520474,1238.9783646210337,838.2265530214266,1343.143384598761,273.5552859299086,398.25906439696854,HIT,True,1065.2186820397933
2026_07_21_gym,flight_115,30,0,550,ok,True,17,17,716.7300695908602,1336.6265156809113,838.2265530214266,1343.143384598761,121.67113489437966,154.99521104538672,HIT,True,1049.5205967306333
2026_07_21_gym,flight_115,30,0,600,ok,True,19,19,640.7085740336636,1291.3688146279785,838.2265530214266,1343.143384598761,204.19098442161902,315.20918972972066,HIT,True,1056.7653978703495
2026_07_21_gym,flight_115,30,0,650,ok,True,20,20,662.6603607007883,1301.2697567945816,838.2265530214266,1343.143384598761,180.49068837879236,286.27766702302597,HIT,True,1054.3069691062014
2026_07_21_gym,flight_115,30,0,700,ok,True,22,22,756.2441486545519,1319.0009784852664,838.2265530214266,1343.143384598761,85.46326929577802,158.88062702883235,HIT,True,1049.1213421251741
2026_07_21_gym,flight_115,30,0,750,ok,True,23,23,714.5648352739233,1316.9193448130468,838.2265530214266,1343.143384598761,126.4117110830555,225.0189901629666,HIT,True,1049.473117542591
2026_07_21_gym,flight_115,30,0,800,ok,True,25,25,738.657013137162,1321.264637111964,838.2265530214266,1343.143384598761,101.94495016603415,204.6034464322804,HIT,True,1047.9362342299569
2026_07_21_gym,flight_115,30,0,850,ok,True,26,26,767.2252498406033,1313.7548760335299,838.2265530214266,1343.143384598761,76.84314861497974,167.09549487800885,HIT,True,1047.9680014622534
2026_07_21_gym,flight_115,30,0,900,ok,True,28,28,760.0537848681979,1313.0278830950535,838.2265530214266,1343.143384598761,83.77305719357662,189.01756318245518,HIT,True,1048.233562464135
2026_07_21_gym,flight_115,30,0,950,ok,True,28,28,760.0537848681979,1313.0278830950535,838.2265530214266,1343.143384598761,83.77305719357662,189.01756318245518,HIT,True,1048.233562464135
2026_07_21_gym,flight_115,30,0,1000,ok,True,30,30,840.671298950743,1347.853350312899,838.2265530214266,1343.143384598761,5.306652399325226,39.60705534225503,HIT,True,1040.7712778603625
2026_07_21_gym,flight_115,30,0,1050,ok,True,31,31,834.5541822152363,1343.4642146566214,838.2265530214266,1343.143384598761,3.6863585371183825,21.477078227619124,HIT,True,1042.2963280703384
2026_07_21_gym,flight_115,30,0,1100,ok,False,33,33,812.7312755685505,1331.3418950390342,838.2265530214266,1343.143384598761,28.09420453096115,110.81298594534965,HIT,True,1046.082395981767
2026_07_21_gym,flight_115,30,0,1150,ok,False,33,33,812.7312755685505,1331.3418950390342,838.2265530214266,1343.143384598761,28.09420453096115,110.81298594534965,HIT,True,1046.082395981767
2026_07_21_gym,flight_115,30,0,1200,ok,False,35,35,838.9987429328027,1349.9449890592214,838.2265530214266,1343.143384598761,6.845297692269116,45.06631724479171,HIT,True,1043.342101852516
2026_07_21_gym,flight_115,30,0,1250,ok,False,35,35,838.9987429328027,1349.9449890592214,838.2265530214266,1343.143384598761,6.845297692269116,45.06631724479171,HIT,True,1043.342101852516
2026_07_21_gym,flight_117,30,0,150,not_fit_eligible,True,5,5,,,,,,,,,
2026_07_21_gym,flight_117,30,0,200,not_fit_eligible,True,7,7,,,,,,,,,
2026_07_21_gym,flight_117,30,0,250,ok,True,8,8,927.6610331329822,812.418499147366,758.1778165157115,847.2733636708601,173.03011962050957,143.03778991879304,HIT,True,1232.1584465646738
2026_07_21_gym,flight_117,30,0,300,ok,True,10,10,910.1475547263166,756.6965246349199,758.1778165157115,847.2733636708601,176.91513530939764,121.76526332961026,HIT,True,1239.419954209682
2026_07_21_gym,flight_117,30,0,350,ok,True,11,11,927.2098986311004,731.6310481475309,758.1778165157115,847.2733636708601,204.80476050097275,138.42449872891024,HIT,True,1240.7266106628372
2026_07_21_gym,flight_117,30,0,400,ok,True,13,13,826.2948151790656,712.6750602830543,758.1778165157115,847.2733636708601,150.853003887159,98.79644872754662,HIT,True,1247.9939537049668
2026_07_21_gym,flight_117,30,0,450,ok,True,14,14,800.0885231224602,706.9566015911483,758.1778165157115,847.2733636708601,146.442142325259,99.86916110551353,HIT,True,1250.021817603106
2026_07_21_gym,flight_117,30,0,490,ok,True,15,15,763.3960253365944,713.4567483285501,758.1778165157115,847.2733636708601,133.9183193031114,98.12437920042561,HIT,True,1252.300477264697
2026_07_21_gym,flight_117,30,0,500,ok,True,16,16,763.3960446392931,713.456273638645,758.1778165157115,847.2733636708601,133.91879438465574,98.12489361982063,HIT,True,1252.300548018274
2026_07_21_gym,flight_117,30,0,550,ok,True,17,17,715.1242284001385,712.0307932089574,758.1778165157115,847.2733636708601,141.93013885277546,122.2976787377107,HIT,True,1257.6701248085408
2026_07_21_gym,flight_117,30,0,600,ok,True,17,17,715.1242284001385,712.0307932089574,758.1778165157115,847.2733636708601,141.93013885277546,122.2976787377107,HIT,True,1257.6701248085408
2026_07_21_gym,flight_117,30,0,650,ok,True,18,18,759.6405359761383,718.7633273813317,758.1778165157115,847.2733636708601,128.51836046011414,116.1228445472991,HIT,True,1259.2581825173984
2026_07_21_gym,flight_117,30,0,700,ok,True,20,20,762.200484029548,743.0418463510891,758.1778165157115,847.2733636708601,104.30911300892457,99.45483633565038,HIT,True,1259.4785936622936
2026_07_21_gym,flight_117,30,0,750,ok,True,21,21,959.0221670485914,704.6957564191193,758.1778165157115,847.2733636708601,246.30636863590436,190.8068882724193,HIT,True,1256.4966753954473
2026_07_21_gym,flight_117,30,0,800,ok,True,23,23,806.3857100440719,772.7250991045065,758.1778165157115,847.2733636708601,88.77750136322145,72.55927305513497,HIT,True,1255.4506886036966
2026_07_21_gym,flight_117,30,0,850,ok,True,23,23,806.3857100440719,772.7250991045065,758.1778165157115,847.2733636708601,88.77750136322145,72.55927305513497,HIT,True,1255.4506886036966
2026_07_21_gym,flight_117,30,0,900,ok,True,25,25,761.0972882839502,829.7658066372406,758.1778165157115,847.2733636708601,17.749306146747887,9.838130707975004,HIT,True,1251.3732988203278
2026_07_21_gym,flight_117,30,0,950,ok,True,26,26,785.4382995071776,808.2933487157973,758.1778165157115,847.2733636708601,47.566537595508656,34.72954942018409,HIT,True,1252.9422065448398
2026_07_21_gym,flight_117,30,0,1000,ok,True,28,28,745.6756601243637,822.2272958927402,758.1778165157115,847.2733636708601,27.99302458791998,23.56856315926772,HIT,True,1252.5248255145575
2026_07_21_gym,flight_117,30,0,1050,ok,True,29,29,833.2329426384067,767.3920944025422,758.1778165157115,847.2733636708601,109.60971278682929,93.16807229428296,HIT,True,1257.462954829871
2026_07_21_gym,flight_117,30,0,1100,ok,True,31,31,760.1568590275375,813.1489896898745,758.1778165157115,847.2733636708601,34.181713076699126,30.631486721351546,HIT,True,1253.9334552304633
2026_07_21_gym,flight_117,30,0,1150,ok,True,32,32,805.8455204673329,788.9543997362005,758.1778165157115,847.2733636708601,75.32138842607431,68.48150678216984,HIT,True,1256.8468884497777
2026_07_21_gym,flight_117,30,0,1200,ok,True,34,34,732.4321328438759,857.3395018412348,758.1778165157115,847.2733636708601,27.643577290128214,30.36805858650933,HIT,True,1250.0421187882982
2026_07_21_gym,flight_117,30,0,1250,ok,True,35,35,765.5953668267888,840.8775508035213,758.1778165157115,847.2733636708601,9.794206187914357,4.918014619181774,HIT,True,1252.4681386748427
2026_07_21_gym,flight_118,30,0,150,not_fit_eligible,True,5,5,,,,,,,,,
2026_07_21_gym,flight_118,30,0,200,not_fit_eligible,True,7,7,,,,,,,,,
2026_07_21_gym,flight_118,30,0,250,fit_failed,True,8,8,,,,,,,,,
2026_07_21_gym,flight_118,30,0,300,fit_failed,True,10,10,,,,,,,,,
2026_07_21_gym,flight_118,30,0,350,fit_failed,True,11,11,,,,,,,,,
2026_07_21_gym,flight_118,30,0,400,ok,True,13,13,443.90476109470563,964.5567241859671,431.5127002767695,1095.3219882403728,131.35112277606865,130.50766909710836,HIT,True,1078.9298162623547
2026_07_21_gym,flight_118,30,0,450,ok,True,14,14,372.7500771897572,976.6700160298482,431.5127002767695,1095.3219882403728,132.40595296856324,133.36566609216098,HIT,True,1082.7826337138833
2026_07_21_gym,flight_118,30,0,490,ok,True,15,15,378.4351259330938,977.8599583531227,431.5127002767695,1095.3219882403728,128.8974684136258,131.2607171295488,HIT,True,1082.9719233913447
2026_07_21_gym,flight_118,30,0,500,ok,True,16,16,305.2820615450019,978.2161991599801,431.5127002767695,1095.3219882403728,172.18577174311312,195.79106427999943,HIT,True,1091.9367447560012
2026_07_21_gym,flight_118,30,0,550,ok,True,17,17,346.03051642300676,1016.6846182054289,431.5127002767695,1095.3219882403728,116.15093509060176,105.24704383768959,HIT,True,1082.136815104498
2026_07_21_gym,flight_118,30,0,600,ok,True,19,19,390.3148395510183,1013.7166349404476,431.5127002767695,1095.3219882403728,91.41497369459775,103.74844182517604,HIT,True,1084.7080460774762
2026_07_21_gym,flight_118,30,0,650,ok,True,20,20,327.9041359274849,1028.8470196646194,431.5127002767695,1095.3219882403728,123.1001870578077,110.54409304401355,HIT,True,1084.4323687944675
2026_07_21_gym,flight_118,30,0,700,ok,True,22,22,374.25546116060013,1022.4439022952071,431.5127002767695,1095.3219882403728,92.6801318635076,102.8921644589251,HIT,True,1086.4927397825218
2026_07_21_gym,flight_118,30,0,750,ok,True,23,23,379.69391401037814,1031.96659207037,431.5127002767695,1095.3219882403728,81.84798613270789,87.42897893197377,HIT,True,1084.7209336763376
2026_07_21_gym,flight_118,30,0,800,ok,True,25,25,465.78668356151167,1001.4357003000455,431.5127002767695,1095.3219882403728,99.94669075770759,127.43825453072932,HIT,True,1083.984963757805
2026_07_21_gym,flight_118,30,0,850,ok,True,26,26,465.78669738243116,1001.435430368382,431.5127002767695,1095.3219882403728,99.9469490612374,127.43856321305178,HIT,True,1083.9850099541115
2026_07_21_gym,flight_118,30,0,900,ok,True,28,28,200.4354726774274,999.0926432662126,431.5127002767695,1095.3219882403728,250.31334752496537,307.2862638833235,HIT,True,1095.0621680135762
2026_07_21_gym,flight_118,30,0,950,ok,True,29,29,483.58148504481164,1030.2648624772798,431.5127002767695,1095.3219882403728,83.32819426686015,118.60183038471206,HIT,True,1083.1489018359537
2026_07_21_gym,flight_118,30,0,1000,ok,True,31,31,498.9476300122234,1029.240287782316,431.5127002767695,1095.3219882403728,94.4153636007082,126.46157329807359,HIT,True,1083.7980949625173
2026_07_21_gym,flight_118,30,0,1050,ok,True,32,32,553.6312827320808,1005.6007926443776,431.5127002767695,1095.3219882403728,151.53495016025005,188.69445727959604,HIT,True,1086.0118638989702
2026_07_21_gym,flight_118,30,0,1100,ok,False,34,34,455.12295275405245,1033.9577862363185,431.5127002767695,1095.3219882403728,65.74959550929134,101.97990849310652,HIT,True,1083.1743017048611
2026_07_21_gym,flight_118,30,0,1150,ok,False,35,35,420.1276386303822,1104.6260928124925,431.5127002767695,1095.3219882403728,14.703264623238582,37.828657718215254,HIT,True,1078.4641564944086
2026_07_21_gym,flight_118,30,0,1200,ok,False,37,37,448.3085107816365,1096.5535062283457,431.5127002767695,1095.3219882403728,16.84089923579206,53.63425085863266,HIT,True,1079.9813272037434
2026_07_21_gym,flight_118,30,0,1250,ok,False,37,37,448.3085107816365,1096.5535062283457,431.5127002767695,1095.3219882403728,16.84089923579206,53.63425085863266,HIT,True,1079.9813272037434
2026_07_21_gym,flight_119,30,0,150,not_fit_eligible,True,5,5,,,,,,,,,
2026_07_21_gym,flight_119,30,0,200,not_fit_eligible,True,7,7,,,,,,,,,
2026_07_21_gym,flight_119,30,0,250,fit_failed,True,8,8,,,,,,,,,
2026_07_21_gym,flight_119,30,0,300,fit_failed,True,10,10,,,,,,,,,
2026_07_21_gym,flight_119,30,0,350,ok,True,11,11,705.1849375328678,740.1465671939509,727.0310609169251,708.7948067898615,38.212380027248784,74.14942251604984,HIT,True,966.8833305336381
2026_07_21_gym,flight_119,30,0,400,ok,True,13,13,729.9414951735279,730.2556525751753,727.0310609169251,708.7948067898615,21.657297370240585,49.341791959911305,HIT,True,967.6108492105068
2026_07_21_gym,flight_119,30,0,450,ok,True,14,14,729.0293984506245,717.645479663463,727.0310609169251,708.7948067898615,9.073464785521452,42.6851189007605,HIT,True,967.6958435678845
2026_07_21_gym,flight_119,30,0,490,ok,True,15,15,732.7688582787503,702.2177191847883,727.0310609169251,708.7948067898615,8.728138400035569,36.81477981377301,HIT,True,968.7406542935757
2026_07_21_gym,flight_119,30,0,500,ok,True,16,16,732.6012717379936,692.22213194368,727.0310609169251,708.7948067898615,17.483729583484326,40.46481691463035,HIT,True,969.4962388493012
2026_07_21_gym,flight_119,30,0,550,ok,True,17,17,740.2142490708305,675.4682280029351,727.0310609169251,708.7948067898615,35.839326214962284,50.34985824740154,HIT,True,971.1538247963105
2026_07_21_gym,flight_119,30,0,600,ok,True,19,19,701.8397659435416,678.2867452160818,727.0310609169251,708.7948067898615,39.56441789569948,78.38171991280728,HIT,True,972.339156826395
2026_07_21_gym,flight_119,30,0,650,ok,True,20,20,703.7044074376814,677.0917716507444,727.0310609169251,708.7948067898615,39.36007113272032,81.21332874756888,HIT,True,972.2036874748146
2026_07_21_gym,flight_119,30,0,700,ok,True,22,22,725.83974889742,675.9375443769173,727.0310609169251,708.7948067898615,32.8788521332617,58.416929424063746,HIT,True,971.1371480025026
2026_07_21_gym,flight_119,30,0,750,ok,True,23,23,725.839754511968,675.9374635107895,727.0310609169251,708.7948067898615,32.87893274285631,58.416994596399014,HIT,True,971.1371619306065
2026_07_21_gym,flight_119,30,0,800,ok,True,25,25,717.5436384529963,679.3464399236376,727.0310609169251,708.7948067898615,30.938931721970803,60.93093368772005,HIT,True,970.340584552868
2026_07_21_gym,flight_119,30,0,850,ok,True,26,26,695.436504617573,692.6190565109675,727.0310609169251,708.7948067898615,35.49465994819598,66.46875496563528,HIT,True,968.7384264687634
2026_07_21_gym,flight_119,30,0,900,ok,True,27,27,718.5652045549639,689.9227692931222,727.0310609169251,708.7948067898615,20.683919435631427,48.36544594577043,HIT,True,969.5691990924992
2026_07_21_gym,flight_119,30,0,950,ok,True,27,27,718.5652045549639,689.9227692931222,727.0310609169251,708.7948067898615,20.683919435631427,48.36544594577043,HIT,True,969.5691990924992
2026_07_21_gym,flight_119,30,0,1000,ok,False,29,29,728.7629497477732,703.2019591821679,727.0310609169251,708.7948067898615,5.854859800652784,25.57080534786049,HIT,True,968.2701089386798
2026_07_21_gym,flight_119,30,0,1050,ok,False,30,30,725.3791933332456,701.4171150248245,727.0310609169251,708.7948067898615,7.5603572861277755,40.80868552794406,HIT,True,968.6691639202165
2026_07_21_gym,flight_119,30,0,1100,ok,False,30,30,725.3791933332456,701.4171150248245,727.0310609169251,708.7948067898615,7.5603572861277755,40.80868552794406,HIT,True,968.6691639202165
2026_07_21_gym,flight_119,30,0,1150,ok,False,30,30,725.3791933332456,701.4171150248245,727.0310609169251,708.7948067898615,7.5603572861277755,40.80868552794406,HIT,True,968.6691639202165
2026_07_21_gym,flight_119,30,0,1200,ok,False,30,30,725.3791933332456,701.4171150248245,727.0310609169251,708.7948067898615,7.5603572861277755,40.80868552794406,HIT,True,968.6691639202165
2026_07_21_gym,flight_119,30,0,1250,ok,False,30,30,725.3791933332456,701.4171150248245,727.0310609169251,708.7948067898615,7.5603572861277755,40.80868552794406,HIT,True,968.6691639202165
2026_07_21_gym,flight_12,30,0,150,not_fit_eligible,True,5,5,,,,,,,,,
2026_07_21_gym,flight_12,30,0,200,not_fit_eligible,True,7,7,,,,,,,,,
2026_07_21_gym,flight_12,30,0,250,fit_failed,True,8,8,,,,,,,,,
2026_07_21_gym,flight_12,30,0,300,fit_failed,True,10,10,,,,,,,,,
2026_07_21_gym,flight_12,30,0,350,ok,True,11,11,1143.7370713057956,620.0596247835061,1027.2503773162528,648.6292335802102,119.93903627847814,332.412364849818,HIT,True,597.6193629290955
2026_07_21_gym,flight_12,30,0,400,ok,True,13,13,1017.5132649461683,622.3751605692312,1027.2503773162528,648.6292335802102,28.001566152154222,48.52764776623319,HIT,True,602.0387573984623
2026_07_21_gym,flight_12,30,0,450,ok,True,14,14,1092.228115455679,621.9333595475387,1027.2503773162528,648.6292335802102,70.24796185003603,237.6931318115523,HIT,True,600.9720024961254
2026_07_21_gym,flight_12,30,0,490,ok,True,15,15,1061.2814931693276,631.9559213527249,1027.2503773162528,648.6292335802102,37.89612363871292,176.72122918692497,HIT,True,599.8639748961755
2026_07_21_gym,flight_12,30,0,500,ok,True,16,16,1023.988533963856,628.4999159779101,1027.2503773162528,648.6292335802102,20.391886847220533,46.175533244618734,HIT,True,601.9684099871381
2026_07_21_gym,flight_12,30,0,550,ok,True,17,17,1030.943313547248,636.6175655771467,1027.2503773162528,648.6292335802102,12.566540742066476,30.510972408052872,HIT,True,601.452174035467
2026_07_21_gym,flight_12,30,0,600,ok,True,19,19,1072.3685039233328,644.2556735244789,1027.2503773162528,648.6292335802102,45.329608161703696,100.71496846052578,HIT,True,601.9367779383676
2026_07_21_gym,flight_12,30,0,650,ok,False,20,20,1047.3680580900539,649.268536906673,1027.2503773162528,648.6292335802102,20.127836159403557,33.91123302461722,HIT,True,600.1887788427242
2026_07_21_gym,flight_12,30,0,700,ok,False,20,20,1047.3680580900539,649.268536906673,1027.2503773162528,648.6292335802102,20.127836159403557,33.91123302461722,HIT,True,600.1887788427242
2026_07_21_gym,flight_12,30,0,750,ok,False,20,20,1047.3680580900539,649.268536906673,1027.2503773162528,648.6292335802102,20.127836159403557,33.91123302461722,HIT,True,600.1887788427242
2026_07_21_gym,flight_12,30,0,800,ok,False,20,20,1047.3680580900539,649.268536906673,1027.2503773162528,648.6292335802102,20.127836159403557,33.91123302461722,HIT,True,600.1887788427242
2026_07_21_gym,flight_12,30,0,850,ok,False,20,20,1047.3680580900539,649.268536906673,1027.2503773162528,648.6292335802102,20.127836159403557,33.91123302461722,HIT,True,600.1887788427242
2026_07_21_gym,flight_12,30,0,900,ok,False,20,20,1047.3680580900539,649.268536906673,1027.2503773162528,648.6292335802102,20.127836159403557,33.91123302461722,HIT,True,600.1887788427242
2026_07_21_gym,flight_12,30,0,950,ok,False,20,20,1047.3680580900539,649.268536906673,1027.2503773162528,648.6292335802102,20.127836159403557,33.91123302461722,HIT,True,600.1887788427242
2026_07_21_gym,flight_12,30,0,1000,ok,False,20,20,1047.3680580900539,649.268536906673,1027.2503773162528,648.6292335802102,20.127836159403557,33.91123302461722,HIT,True,600.1887788427242
2026_07_21_gym,flight_12,30,0,1050,ok,False,20,20,1047.3680580900539,649.268536906673,1027.2503773162528,648.6292335802102,20.127836159403557,33.91123302461722,HIT,True,600.1887788427242
2026_07_21_gym,flight_12,30,0,1100,ok,False,20,20,1047.3680580900539,649.268536906673,1027.2503773162528,648.6292335802102,20.127836159403557,33.91123302461722,HIT,True,600.1887788427242
2026_07_21_gym,flight_12,30,0,1150,ok,False,20,20,1047.3680580900539,649.268536906673,1027.2503773162528,648.6292335802102,20.127836159403557,33.91123302461722,HIT,True,600.1887788427242
2026_07_21_gym,flight_12,30,0,1200,ok,False,20,20,1047.3680580900539,649.268536906673,1027.2503773162528,648.6292335802102,20.127836159403557,33.91123302461722,HIT,True,600.1887788427242
2026_07_21_gym,flight_12,30,0,1250,ok,False,20,20,1047.3680580900539,649.268536906673,1027.2503773162528,648.6292335802102,20.127836159403557,33.91123302461722,HIT,True,600.1887788427242
2026_07_21_gym,flight_121,30,0,150,not_fit_eligible,True,5,5,,,,,,,,,
2026_07_21_gym,flight_121,30,0,200,not_fit_eligible,True,7,7,,,,,,,,,
2026_07_21_gym,flight_121,30,0,250,fit_failed,True,8,8,,,,,,,,,
2026_07_21_gym,flight_121,30,0,300,fit_failed,True,8,8,,,,,,,,,
2026_07_21_gym,flight_121,30,0,350,fit_failed,True,8,8,,,,,,,,,
2026_07_21_gym,flight_121,30,0,400,fit_failed,True,8,8,,,,,,,,,
2026_07_21_gym,flight_121,30,0,450,fit_failed,True,9,9,,,,,,,,,
2026_07_21_gym,flight_121,30,0,490,fit_failed,True,10,10,,,,,,,,,
2026_07_21_gym,flight_121,30,0,500,fit_failed,True,11,11,,,,,,,,,
2026_07_21_gym,flight_121,30,0,550,fit_failed,True,12,12,,,,,,,,,
2026_07_21_gym,flight_121,30,0,600,fit_failed,True,14,14,,,,,,,,,
2026_07_21_gym,flight_121,30,0,650,fit_failed,True,15,15,,,,,,,,,
2026_07_21_gym,flight_121,30,0,700,fit_failed,True,17,17,,,,,,,,,
2026_07_21_gym,flight_121,30,0,750,fit_failed,True,18,18,,,,,,,,,
2026_07_21_gym,flight_121,30,0,800,ok,True,20,20,697.7733303627139,1629.4284868734312,551.2059810616963,1613.2865600805737,147.45355092947898,339.99757534811596,HIT,True,1217.018457168388
2026_07_21_gym,flight_121,30,0,850,ok,True,21,21,712.4722177067628,1604.1847403104264,551.2059810616963,1613.2865600805737,161.52288446158587,336.85453955600406,HIT,True,1220.3120329345575
2026_07_21_gym,flight_121,30,0,900,ok,True,23,23,645.5218138477074,1633.1063858862285,551.2059810616963,1613.2865600805737,96.37583623027771,283.56046514430193,HIT,True,1222.339144568482
2026_07_21_gym,flight_121,30,0,950,ok,True,24,24,656.1987280014058,1620.2064388991162,551.2059810616963,1613.2865600805737,105.22053807507919,289.46884361163455,HIT,True,1224.4760176583015
2026_07_21_gym,flight_121,30,0,1000,ok,True,26,26,643.2831531995644,1625.006686757412,551.2059810616963,1613.2865600805737,92.82007863726317,274.85932762507014,HIT,True,1225.0521385730403
2026_07_21_gym,flight_121,30,0,1050,ok,True,27,27,600.2467914405034,1580.298860547807,551.2059810616963,1613.2865600805737,59.1032097527217,117.21940668358111,HIT,True,1239.2121956082074
2026_07_21_gym,flight_121,30,0,1100,ok,True,29,29,510.47486815177115,1592.637830970592,551.2059810616963,1613.2865600805737,45.66610967378853,48.545162380620596,HIT,True,1237.0531046631754
2026_07_21_gym,flight_121,30,0,1150,ok,True,30,30,497.36819739116214,1606.858526497817,551.2059810616963,1613.2865600805737,54.220167523683344,55.34534257946114,HIT,True,1236.026534205788
2026_07_21_gym,flight_121,30,0,1200,ok,True,32,32,532.432090941783,1598.4045476593312,551.2059810616963,1613.2865600805737,23.956903888870826,11.618271571132464,HIT,True,1236.7003521461522
2026_07_21_gym,flight_121,30,0,1250,ok,False,33,33,509.63087552349015,1595.5299642563407,551.2059810616963,1613.2865600805737,45.2082525185187,64.8306680884178,HIT,True,1237.052286100351
2026_07_21_gym,flight_122,30,0,150,not_fit_eligible,True,5,5,,,,,,,,,
2026_07_21_gym,flight_122,30,0,200,not_fit_eligible,True,7,7,,,,,,,,,
2026_07_21_gym,flight_122,30,0,250,fit_failed,True,8,8,,,,,,,,,
2026_07_21_gym,flight_122,30,0,300,fit_failed,True,10,10,,,,,,,,,
2026_07_21_gym,flight_122,30,0,350,fit_failed,True,11,11,,,,,,,,,
2026_07_21_gym,flight_122,30,0,400,fit_failed,True,13,13,,,,,,,,,
2026_07_21_gym,flight_122,30,0,450,fit_failed,True,14,14,,,,,,,,,
2026_07_21_gym,flight_122,30,0,490,fit_failed,True,15,15,,,,,,,,,
2026_07_21_gym,flight_122,30,0,500,ok,True,16,16,1696.3568163184214,718.7784892133099,1249.8202072823037,945.3022706264059,500.7074662466725,322.3190140801075,HIT,True,1468.246288796425
2026_07_21_gym,flight_122,30,0,550,ok,True,17,17,1326.237499704574,677.6820096454303,1249.8202072823037,945.3022706264059,278.31673803182633,235.5894394657394,HIT,True,1490.687393097954
2026_07_21_gym,flight_122,30,0,600,ok,True,19,19,1375.590370653204,754.2025746598191,1249.8202072823037,945.3022706264059,228.7733109277934,171.66770401398702,HIT,True,1476.7537101884188
2026_07_21_gym,flight_122,30,0,650,ok,True,20,20,1362.290810207091,744.1859071413285,1249.8202072823037,945.3022706264059,230.4287920024903,177.47608303793132,HIT,True,1479.0762699036948
2026_07_21_gym,flight_122,30,0,700,ok,True,22,22,1208.9739436015182,648.0669366524903,1249.8202072823037,945.3022706264059,300.0287669862098,273.6848843740298,HIT,True,1497.943523803862
2026_07_21_gym,flight_122,30,0,750,ok,True,23,23,1297.0469538297607,654.6320417659535,1249.8202072823037,945.3022706264059,294.481828871062,246.81396265401494,HIT,True,1492.0330629909001
2026_07_21_gym,flight_122,30,0,800,ok,True,25,25,1228.8535214844453,844.6892031096112,1249.8202072823037,945.3022706264059,102.7744679795775,112.96001632949294,HIT,True,1482.5681274187286
2026_07_21_gym,flight_122,30,0,850,ok,True,26,26,1213.0900034215304,801.7940323651371,1249.8202072823037,945.3022706264059,148.13413625666112,155.99854906205528,HIT,True,1487.705241914942
2026_07_21_gym,flight_122,30,0,900,ok,True,28,28,1226.4957744115777,754.278693038068,1249.8202072823037,945.3022706264059,192.44229359314113,187.87061256163847,HIT,True,1489.9287335842348
2026_07_21_gym,flight_122,30,0,950,ok,True,29,29,1299.2605032723054,712.3809856884188,1249.8202072823037,945.3022706264059,238.1106210246446,205.03047917645304,HIT,True,1488.9894833273722
2026_07_21_gym,flight_122,30,0,1000,ok,True,31,31,1233.4054548774598,789.9494285724987,1249.8202072823037,945.3022706264059,156.21763546648165,150.61814977697279,HIT,True,1485.3498123821112
2026_07_21_gym,flight_122,30,0,1050,ok,True,32,32,1276.4483400443535,846.335807725474,1249.8202072823037,945.3022706264059,102.48618557403177,100.91469889002595,HIT,True,1477.5114503701936
2026_07_21_gym,flight_122,30,0,1100,ok,True,34,34,1266.1519271610732,872.5591194449664,1249.8202072823037,945.3022706264059,74.55394770234737,64.43987404722746,HIT,True,1474.8209598374108
2026_07_21_gym,flight_122,30,0,1150,ok,True,35,35,1271.4298227646811,876.695201985227,1249.8202072823037,945.3022706264059,71.92986409574009,75.5467958052621,HIT,True,1474.9880115313495
2026_07_21_gym,flight_122,30,0,1200,ok,True,37,37,1273.0190832516334,901.2251771067869,1249.8202072823037,945.3022706264059,49.80941697488118,66.50551875137518,HIT,True,1473.3980690406852
2026_07_21_gym,flight_122,30,0,1250,ok,True,38,38,1313.6996770353626,854.1928354124586,1249.8202072823037,945.3022706264059,111.27225997945943,99.28999266711455,HIT,True,1475.8061908986062
2026_07_21_gym,flight_123,30,0,150,not_fit_eligible,True,5,5,,,,,,,,,
2026_07_21_gym,flight_123,30,0,200,not_fit_eligible,True,7,7,,,,,,,,,
2026_07_21_gym,flight_123,30,0,250,fit_failed,True,8,8,,,,,,,,,
2026_07_21_gym,flight_123,30,0,300,ok,True,10,10,494.40317074582896,1692.2506166572925,622.8285248825156,1700.2736822960753,128.67572097088708,135.70602358453255,HIT,True,1201.6396539004056
2026_07_21_gym,flight_123,30,0,350,ok,True,11,11,523.0489286229737,1682.9798594946667,622.8285248825156,1700.2736822960753,101.26719180861939,89.63208528166814,HIT,True,1199.2182991810942
2026_07_21_gym,flight_123,30,0,400,ok,True,13,13,424.28207845146255,1657.6724870352948,622.8285248825156,1700.2736822960753,203.06539150738158,200.10612172025202,HIT,True,1209.7222485772677
2026_07_21_gym,flight_123,30,0,450,ok,True,14,14,444.2604872731372,1664.1756780388084,622.8285248825156,1700.2736822960753,182.18015799483223,181.65368572660424,HIT,True,1208.4783578681952
2026_07_21_gym,flight_123,30,0,490,ok,True,15,15,444.26049028194444,1664.1755881712702,622.8285248825156,1700.2736822960753,182.1801728524651,181.65372391819997,HIT,True,1208.4783730375693
2026_07_21_gym,flight_123,30,0,500,ok,True,16,16,444.25393819651504,1659.2476974174267,622.8285248825156,1700.2736822960753,183.22667503761298,185.5668854994851,HIT,True,1209.8865297898737
2026_07_21_gym,flight_123,30,0,550,ok,True,17,17,479.6280617209245,1647.3645681494008,622.8285248825156,1700.2736822960753,152.66219901953474,166.60013830322526,HIT,True,1209.2536191993295
2026_07_21_gym,flight_123,30,0,600,ok,True,19,19,291.4481283131974,1660.4183302032006,622.8285248825156,1700.2736822960753,333.7685070837056,346.5672992863817,HIT,True,1221.3462894186353
2026_07_21_gym,flight_123,30,0,650,ok,True,20,20,479.62802158008003,1647.3656447113792,622.8285248825156,1700.2736822960753,152.66186356498622,166.59951920762552,HIT,True,1209.253437898941
2026_07_21_gym,flight_123,30,0,700,ok,True,22,22,375.74682708766517,1672.7447596772868,622.8285248825156,1700.2736822960753,248.61055280445566,261.5501816620465,HIT,True,1215.9398622654223
2026_07_21_gym,flight_123,30,0,750,ok,True,23,23,479.62800883563574,1647.3659865124016,622.8285248825156,1700.2736822960753,152.6617570619127,166.5993226509555,HIT,True,1209.253380337306
2026_07_21_gym,flight_123,30,0,800,ok,True,25,25,685.7582452179423,1578.280165061659,622.8285248825156,1700.2736822960753,137.26823357470158,147.97902553732007,HIT,True,1212.4406776209357
2026_07_21_gym,flight_123,30,0,850,ok,True,26,26,825.046228533319,1512.908703438636,622.8285248825156,1700.2736822960753,275.6766855794172,268.7521289983207,HIT,True,1213.8586958662286
2026_07_21_gym,flight_123,30,0,900,ok,True,27,27,768.8396021467915,1524.2318305504086,622.8285248825156,1700.2736822960753,228.71372553897515,215.29343512624916,HIT,True,1214.390941738402
2026_07_21_gym,flight_123,30,0,950,ok,True,28,28,512.6834481350959,1725.2867278931233,622.8285248825156,1700.2736822960753,112.94950368078194,119.1711175453885,HIT,True,1198.8461875180194
2026_07_21_gym,flight_123,30,0,1000,ok,True,30,30,641.6531708121306,1660.9167526324427,622.8285248825156,1700.2736822960753,43.62723010831077,55.242439948274594,HIT,True,1203.996749095151
2026_07_21_gym,flight_123,30,0,1050,ok,True,31,31,690.1020873161812,1596.211214526456,622.8285248825156,1700.2736822960753,123.91420177211074,144.63221714525065,HIT,True,1211.3437461534545
2026_07_21_gym,flight_123,30,0,1100,ok,True,33,33,636.719909273849,1636.16543948463,622.8285248825156,1700.2736822960753,65.59601631714389,85.9688671116662,HIT,True,1207.291178541098
2026_07_21_gym,flight_123,30,0,1150,ok,True,34,34,644.4315837420797,1623.5251327213305,622.8285248825156,1700.2736822960753,79.73099782341157,92.5155173351361,HIT,True,1207.5680868572838
2026_07_21_gym,flight_123,30,0,1200,ok,True,36,36,596.864514525371,1692.6378257925196,622.8285248825156,1700.2736822960753,27.06355738569501,15.743149538166556,HIT,True,1199.5767906712292
2026_07_21_gym,flight_123,30,0,1250,ok,False,37,37,606.4390018380365,1674.6549945925533,622.8285248825156,1700.2736822960753,30.41272143817621,35.66807722260454,HIT,True,1202.0858876956288
2026_07_21_gym,flight_124,30,0,150,not_fit_eligible,True,5,5,,,,,,,,,
2026_07_21_gym,flight_124,30,0,200,not_fit_eligible,True,7,7,,,,,,,,,
2026_07_21_gym,flight_124,30,0,250,fit_failed,True,8,8,,,,,,,,,
2026_07_21_gym,flight_124,30,0,300,fit_failed,True,9,9,,,,,,,,,
2026_07_21_gym,flight_124,30,0,350,fit_failed,True,9,9,,,,,,,,,
2026_07_21_gym,flight_124,30,0,400,fit_failed,True,11,11,,,,,,,,,
2026_07_21_gym,flight_124,30,0,450,ok,True,12,12,-320.68259715428076,1026.1541404477587,-24.22203266801343,1199.7493646375153,343.54645705786015,368.9136143244543,MISS_HIGH_WIDE,True,1213.929901020465
2026_07_21_gym,flight_124,30,0,490,fit_failed,True,13,13,,,,,,,,,
2026_07_21_gym,flight_124,30,0,500,ok,True,14,14,-346.72098542002294,1027.9354217627326,-24.22203266801343,1199.7493646375153,365.4115563201607,383.36541508844346,MISS_HIGH_WIDE,True,1217.5630944028696
2026_07_21_gym,flight_124,30,0,550,ok,True,15,15,-182.290593079397,995.9952031678946,-24.22203266801343,1199.7493646375153,257.87870812984056,302.13366369139453,MISS_HIGH_WIDE,True,1215.0313380075474
2026_07_21_gym,flight_124,30,0,600,ok,True,17,17,-64.29115229490225,1183.4624042844625,-24.22203266801343,1199.7493646375153,43.25273893311082,53.280256323824524,MISS_HIGH_WIDE,True,1192.1597978436512
2026_07_21_gym,flight_124,30,0,650,ok,True,18,18,-184.67503490523154,1087.7639278072977,-24.22203266801343,1199.7493646375153,195.66784096777727,248.30785754223552,MISS_HIGH_WIDE,True,1208.6439681647787
2026_07_21_gym,flight_124,30,0,700,ok,True,20,20,-54.93300630903561,1197.967431708018,-24.22203266801343,1199.7493646375153,30.76262646369432,52.459065983992915,MISS_HIGH_WIDE,True,1194.931258671144
2026_07_21_gym,flight_124,30,0,750,ok,True,21,21,-51.5793403696543,1186.8719269619883,-24.22203266801343,1199.7493646375153,30.236578605545674,61.33010448854432,MISS_HIGH_WIDE,True,1196.681181046164
2026_07_21_gym,flight_124,30,0,800,ok,True,23,23,-24.952591790711093,1213.1743687902492,-24.22203266801343,1199.7493646375153,13.444867166791905,25.528283280946134,MISS_HIGH_WIDE,True,1191.8540547631317
2026_07_21_gym,flight_124,30,0,850,ok,True,24,24,-24.473885442029356,1197.8353261733153,-24.22203266801343,1199.7493646375153,1.9305369880468233,25.92733723544521,MISS_HIGH_WIDE,True,1193.59329052522
2026_07_21_gym,flight_124,30,0,900,ok,True,26,26,-86.64068833126345,1177.1821962223746,-24.22203266801343,1199.7493646375153,66.37292870654947,123.83174218765343,MISS_HIGH_WIDE,True,1198.644255927606
2026_07_21_gym,flight_124,30,0,950,ok,True,27,27,-53.23561078776366,1216.6591681681477,-24.22203266801343,1199.7493646375153,33.5816790937475,30.32022754446887,MISS_HIGH_WIDE,True,1190.3980759653682
2026_07_21_gym,flight_124,30,0,1000,ok,True,29,29,-34.55583750110408,1181.1133706831677,-24.22203266801343,1199.7493646375153,21.30933581777927,36.347209268786095,MISS_HIGH_WIDE,True,1194.446287086816
2026_07_21_gym,flight_124,30,0,1050,ok,True,30,30,-16.151953359863786,1177.4645082804918,-24.22203266801343,1199.7493646375153,23.701075985975738,25.550493181755247,MISS_HIGH_WIDE,True,1193.7145935979026
2026_07_21_gym,flight_124,30,0,1100,ok,True,32,32,15.467402155936426,1162.1925218416652,-24.22203266801343,1199.7493646375153,54.64217855683247,64.32651328982357,HIT,False,1195.9464011999357
2026_07_21_gym,flight_124,30,0,1150,ok,True,33,33,-63.938997546588354,1155.6155155949793,-24.22203266801343,1199.7493646375153,59.37368045249771,115.88737007094258,MISS_HIGH_WIDE,True,1198.006360731622
2026_07_21_gym,flight_124,30,0,1200,ok,True,34,34,-82.06648338501059,1190.0508827678646,-24.22203266801343,1199.7493646375153,58.651862965527854,129.14521126243957,MISS_HIGH_WIDE,True,1194.9482909146723
2026_07_21_gym,flight_124,30,0,1250,ok,False,35,35,-7.922697337097135,1164.5689026851453,-24.22203266801343,1199.7493646375153,38.77284146682844,56.07540321368382,MISS_HIGH_WIDE,True,1197.4193803316023
2026_07_21_gym,flight_125,30,0,150,not_fit_eligible,True,5,5,,,,,,,,,
2026_07_21_gym,flight_125,30,0,200,not_fit_eligible,True,7,7,,,,,,,,,
2026_07_21_gym,flight_125,30,0,250,fit_failed,True,8,8,,,,,,,,,
2026_07_21_gym,flight_125,30,0,300,fit_failed,True,10,10,,,,,,,,,
2026_07_21_gym,flight_125,30,0,350,fit_failed,True,11,11,,,,,,,,,
2026_07_21_gym,flight_125,30,0,400,fit_failed,True,13,13,,,,,,,,,
2026_07_21_gym,flight_125,30,0,450,fit_failed,True,14,14,,,,,,,,,
2026_07_21_gym,flight_125,30,0,490,ok,True,15,15,733.2745033930449,656.6253947294081,776.3523058129111,814.8556034858839,163.98931679973225,170.21951054130759,HIT,True,1275.768906518255
2026_07_21_gym,flight_125,30,0,500,ok,True,16,16,776.8260680968568,639.4909377122899,776.3523058129111,814.8556034858839,175.36530572660607,175.61363015427776,HIT,True,1275.337057718166
2026_07_21_gym,flight_125,30,0,550,ok,True,17,17,802.6322821937375,648.9580992286767,776.3523058129111,814.8556034858839,167.9661247911223,161.20457731061308,HIT,True,1273.0633079549052
2026_07_21_gym,flight_125,30,0,600,ok,True,19,19,777.0971166398289,664.363825981618,776.3523058129111,814.8556034858839,150.49362059423436,153.08629777072522,HIT,True,1273.673995541441
2026_07_21_gym,flight_125,30,0,650,ok,True,20,20,803.0577643044546,662.8923772572971,776.3523058129111,814.8556034858839,154.29194288440405,151.23103536056874,HIT,True,1272.5892692922068
2026_07_21_gym,flight_125,30,0,700,ok,True,22,22,787.9118601896632,704.4125744555104,776.3523058129111,814.8556034858839,111.04632348165794,110.07756435644532,HIT,True,1269.237487928967
2026_07_21_gym,flight_125,30,0,750,ok,True,23,23,814.7920121033834,703.5796028505337,776.3523058129111,814.8556034858839,117.72832852417568,109.95639620441857,HIT,True,1268.3643357141493
2026_07_21_gym,flight_125,30,0,800,ok,True,25,25,802.7689878358867,717.7591168094074,776.3523058129111,814.8556034858839,100.62588540737508,95.70160666259302,HIT,True,1267.309756340292
2026_07_21_gym,flight_125,30,0,850,ok,True,26,26,803.9249626185207,732.2826047783375,776.3523058129111,814.8556034858839,87.05487647958834,83.24535251678087,HIT,True,1266.7521876082194
2026_07_21_gym,flight_125,30,0,900,ok,True,27,27,784.4176964892066,741.0261455382645,776.3523058129111,814.8556034858839,74.26869722568571,76.10824208517785,HIT,True,1267.2706829413744
2026_07_21_gym,flight_125,30,0,950,ok,True,28,28,784.417570309661,741.0280515418286,776.3523058129111,814.8556034858839,74.26678879185977,76.10625298925447,HIT,True,1267.2704019305957
2026_07_21_gym,flight_125,30,0,1000,ok,True,30,30,813.9392331490075,741.9228366793552,776.3523058129111,814.8556034858839,82.04855623729448,85.0015562987136,HIT,True,1266.8377592182574
2026_07_21_gym,flight_125,30,0,1050,ok,True,31,31,789.4131204023159,756.7549603300903,776.3523058129111,814.8556034858839,59.55056349738157,62.69438055114552,HIT,True,1266.4861991937428
2026_07_21_gym,flight_125,30,0,1100,ok,True,33,33,780.9857699616299,780.6062409293851,776.3523058129111,814.8556034858839,34.56136318989695,37.29698880233369,HIT,True,1264.383318125193
2026_07_21_gym,flight_125,30,0,1150,ok,True,34,34,800.3324685621022,765.7805119029641,776.3523058129111,814.8556034858839,54.62062631780831,52.83300760682222,HIT,True,1265.7437443176657
2026_07_21_gym,flight_125,30,0,1200,ok,True,36,36,787.534845102099,785.1099053135094,776.3523058129111,814.8556034858839,31.77822752634623,32.54794173627162,HIT,True,1264.571777620886
2026_07_21_gym,flight_125,30,0,1250,ok,True,37,37,787.5348450501104,785.109906086909,776.3523058129111,814.8556034858839,31.778226784118804,32.547940964529325,HIT,True,1264.5717775061366
2026_07_21_gym,flight_126,30,0,150,not_fit_eligible,True,5,5,,,,,,,,,
2026_07_21_gym,flight_126,30,0,200,not_fit_eligible,True,7,7,,,,,,,,,
2026_07_21_gym,flight_126,30,0,250,fit_failed,True,8,8,,,,,,,,,
2026_07_21_gym,flight_126,30,0,300,fit_failed,True,10,10,,,,,,,,,
2026_07_21_gym,flight_126,30,0,350,ok,True,11,11,267.17168480625025,1245.6949852775708,-80.24002514026628,1237.238970570636,347.514604574666,259.40969844842675,HIT,False,1242.772512809888
2026_07_21_gym,flight_126,30,0,400,ok,True,13,13,27.46042371803988,1192.9116563742355,-80.24002514026628,1237.238970570636,116.46586396084919,74.8864827297343,HIT,False,1262.144869083405
2026_07_21_gym,flight_126,30,0,450,ok,True,14,14,169.1168130144175,1225.1952763424358,-80.24002514026628,1237.238970570636,249.6475181233804,178.00637872286134,HIT,False,1249.839074288258
2026_07_21_gym,flight_126,30,0,490,ok,True,15,15,-150.31937247983146,1157.6824384420395,-80.24002514026628,1237.238970570636,106.02054861142638,124.81783962213811,MISS_HIGH_WIDE,True,1275.8077822430685
2026_07_21_gym,flight_126,30,0,500,ok,True,16,16,-53.26876208695643,1170.1284799174812,-80.24002514026628,1237.238970570636,72.32749813451322,69.38382240572945,MISS_HIGH_WIDE,True,1269.0050919404027
2026_07_21_gym,flight_126,30,0,550,ok,True,17,17,-44.09522085893856,1172.0350342970721,-80.24002514026628,1237.238970570636,74.55199649977499,67.21883991517677,MISS_HIGH_WIDE,True,1268.3271307780187
2026_07_21_gym,flight_126,30,0,600,ok,True,19,19,-37.29731160919208,1205.6113415265932,-80.24002514026628,1237.238970570636,53.332762579482825,45.31585200060714,MISS_HIGH_WIDE,True,1262.6732477260587
2026_07_21_gym,flight_126,30,0,650,ok,True,20,20,-29.676322065425115,1167.7550959528107,-80.24002514026628,1237.238970570636,85.93425917843452,61.97942026733156,MISS_HIGH_WIDE,True,1266.8783202266018
2026_07_21_gym,flight_126,30,0,700,ok,True,22,22,-196.45014886415382,1219.8352118049843,-80.24002514026628,1237.238970570636,117.50610058671101,117.38229444349899,MISS_HIGH_WIDE,True,1270.4952985793047
2026_07_21_gym,flight_126,30,0,750,ok,True,23,23,-129.856880993099,1178.2244312040207,-80.24002514026628,1237.238970570636,77.10089650175648,89.43584622510856,MISS_HIGH_WIDE,True,1270.6356808598068
2026_07_21_gym,flight_126,30,0,800,ok,True,25,25,-187.85981898028362,1193.5685543935126,-80.24002514026628,1237.238970570636,116.14269359391916,117.12110547880383,MISS_HIGH_WIDE,True,1270.1335336077716
2026_07_21_gym,flight_126,30,0,850,ok,True,26,26,-139.6188726110476,1183.345963324926,-80.24002514026628,1237.238970570636,80.18917481146974,88.02059311526584,MISS_HIGH_WIDE,True,1268.2150526487328
2026_07_21_gym,flight_126,30,0,900,ok,True,28,28,-125.80284397574165,1184.9882897728148,-80.24002514026628,1237.238970570636,69.32607088296685,75.98944962400121,MISS_HIGH_WIDE,True,1267.3074719645938
2026_07_21_gym,flight_126,30,0,950,ok,True,29,29,-142.9730868713839,1215.09881162867,-80.24002514026628,1237.238970570636,66.52536111991972,53.192781271777896,MISS_HIGH_WIDE,True,1264.7089053147997
2026_07_21_gym,flight_126,30,0,1000,ok,True,31,31,-113.40900215676768,1204.0109094340146,-80.24002514026628,1237.238970570636,46.9498145174211,44.13311612617565,MISS_HIGH_WIDE,True,1264.6741357247852
2026_07_21_gym,flight_126,30,0,1050,ok,True,32,32,-43.396950378186155,1182.0269461311536,-80.24002514026628,1237.238970570636,66.37604839571439,58.581458922034265,MISS_HIGH_WIDE,True,1265.229460646338
2026_07_21_gym,flight_126,30,0,1100,ok,True,34,34,-107.3698869894761,1211.4828397005506,-80.24002514026628,1237.238970570636,37.40865783951858,26.53575794243581,MISS_HIGH_WIDE,True,1263.078128206932
2026_07_21_gym,flight_126,30,0,1150,ok,True,35,35,-51.412142846596275,1206.1074590576193,-80.24002514026628,1237.238970570636,42.42897366921315,40.71611779933466,MISS_HIGH_WIDE,True,1262.854415496246
2026_07_21_gym,flight_126,30,0,1200,ok,True,37,37,-93.62078043909789,1216.351950491587,-80.24002514026628,1237.238970570636,24.805487702317002,30.73541906407726,MISS_HIGH_WIDE,True,1263.3512743250465
2026_07_21_gym,flight_126,30,0,1250,ok,True,38,38,-99.04590956058982,1223.4306264286902,-80.24002514026628,1237.238970570636,23.330916329475272,24.836971962305054,MISS_HIGH_WIDE,True,1262.6134593840254
2026_07_21_gym,flight_13,30,0,150,not_fit_eligible,True,5,5,,,,,,,,,
2026_07_21_gym,flight_13,30,0,200,not_fit_eligible,True,7,7,,,,,,,,,
2026_07_21_gym,flight_13,30,0,250,fit_failed,True,8,8,,,,,,,,,
2026_07_21_gym,flight_13,30,0,300,ok,True,10,10,810.9874065395142,975.6176151278568,867.3621528353062,928.8121455991962,73.27253235499161,156.82138569575034,HIT,True,647.8701749640527
2026_07_21_gym,flight_13,30,0,350,ok,True,11,11,868.2360383694655,970.0690487501697,867.3621528353062,928.8121455991962,41.26615724217143,141.1717950860079,HIT,True,647.383425316918
2026_07_21_gym,flight_13,30,0,400,ok,True,13,13,831.5225594702032,975.2829830056836,867.3621528353062,928.8121455991962,58.68573235324002,119.53500554443141,HIT,True,650.5475012324961
2026_07_21_gym,flight_13,30,0,450,ok,True,14,14,819.0736197991822,943.597224280887,867.3621528353062,928.8121455991962,50.50129675963407,119.25230446867658,HIT,True,655.3895791068283
2026_07_21_gym,flight_13,30,0,490,ok,True,15,15,819.0736200102044,943.597223310467,867.3621528353062,928.8121455991962,50.501296273751734,119.25230408780226,HIT,True,655.3895793239689
2026_07_21_gym,flight_13,30,0,500,ok,True,16,16,886.5897113062682,936.4491963941159,867.3621528353062,928.8121455991962,20.688730014151304,73.06306198373515,HIT,True,651.9938051476041
2026_07_21_gym,flight_13,30,0,550,ok,True,17,17,811.457118145777,943.1686998291133,867.3621528353062,928.8121455991962,57.71900512824188,132.3035566521042,HIT,True,655.1962053210868
2026_07_21_gym,flight_13,30,0,600,ok,True,19,19,866.7092498609348,934.4522916919855,867.3621528353062,928.8121455991962,5.677810338673575,33.372336586749725,HIT,True,653.8720251487325
2026_07_21_gym,flight_13,30,0,650,ok,True,20,20,863.2703185901491,936.0867820571434,867.3621528353062,928.8121455991962,8.346462908629881,37.338623791738456,HIT,True,653.3444998189317
2026_07_21_gym,flight_13,30,0,700,ok,False,22,22,896.4372134890285,925.1931000363894,867.3621528353062,928.8121455991962,29.29943075903185,69.45303316237653,HIT,True,654.7318152127132
2026_07_21_gym,flight_13,30,0,750,ok,False,23,23,872.025409423564,933.9380718375345,867.3621528353062,928.8121455991962,6.929724511754735,44.302071224434556,HIT,True,653.5464432098828
2026_07_21_gym,flight_13,30,0,800,ok,False,24,24,874.209247104704,924.3806486257753,867.3621528353062,928.8121455991962,8.1560324520847,37.6928738677352,HIT,True,654.7497713782044
2026_07_21_gym,flight_13,30,0,850,ok,False,24,24,874.209247104704,924.3806486257753,867.3621528353062,928.8121455991962,8.1560324520847,37.6928738677352,HIT,True,654.7497713782044
2026_07_21_gym,flight_13,30,0,900,ok,False,24,24,874.209247104704,924.3806486257753,867.3621528353062,928.8121455991962,8.1560324520847,37.6928738677352,HIT,True,654.7497713782044
2026_07_21_gym,flight_13,30,0,950,ok,False,24,24,874.209247104704,924.3806486257753,867.3621528353062,928.8121455991962,8.1560324520847,37.6928738677352,HIT,True,654.7497713782044
2026_07_21_gym,flight_13,30,0,1000,ok,False,24,24,874.209247104704,924.3806486257753,867.3621528353062,928.8121455991962,8.1560324520847,37.6928738677352,HIT,True,654.7497713782044
2026_07_21_gym,flight_13,30,0,1050,ok,False,24,24,874.209247104704,924.3806486257753,867.3621528353062,928.8121455991962,8.1560324520847,37.6928738677352,HIT,True,654.7497713782044
2026_07_21_gym,flight_13,30,0,1100,ok,False,24,24,874.209247104704,924.3806486257753,867.3621528353062,928.8121455991962,8.1560324520847,37.6928738677352,HIT,True,654.7497713782044
2026_07_21_gym,flight_13,30,0,1150,ok,False,24,24,874.209247104704,924.3806486257753,867.3621528353062,928.8121455991962,8.1560324520847,37.6928738677352,HIT,True,654.7497713782044
2026_07_21_gym,flight_13,30,0,1200,ok,False,24,24,874.209247104704,924.3806486257753,867.3621528353062,928.8121455991962,8.1560324520847,37.6928738677352,HIT,True,654.7497713782044
2026_07_21_gym,flight_13,30,0,1250,ok,False,24,24,874.209247104704,924.3806486257753,867.3621528353062,928.8121455991962,8.1560324520847,37.6928738677352,HIT,True,654.7497713782044
2026_07_21_gym,flight_14,30,0,150,not_fit_eligible,True,5,5,,,,,,,,,
2026_07_21_gym,flight_14,30,0,200,not_fit_eligible,True,7,7,,,,,,,,,
2026_07_21_gym,flight_14,30,0,250,fit_failed,True,8,8,,,,,,,,,
2026_07_21_gym,flight_14,30,0,300,ok,True,10,10,1159.96611322978,439.18071440555104,1175.1617332896342,451.72457156442846,19.704192990979497,62.60891655478351,HIT,True,603.6698916592969
2026_07_21_gym,flight_14,30,0,350,ok,True,11,11,1177.644104936893,444.39790829870515,1175.1617332896342,451.72457156442846,7.735771687712461,6.306574930119093,HIT,True,602.6031992892591
2026_07_21_gym,flight_14,30,0,400,ok,True,13,13,1133.7947907254115,454.7508279284958,1175.1617332896342,451.72457156442846,41.477489855254674,103.66200298356887,HIT,True,602.3505718597478
2026_07_21_gym,flight_14,30,0,450,ok,True,14,14,1133.7947910030698,454.7508270813448,1175.1617332896342,451.72457156442846,41.47748951652709,103.66200282836583,HIT,True,602.3505720318755
2026_07_21_gym,flight_14,30,0,490,ok,True,15,15,1133.7947918385378,454.7508245322866,1175.1617332896342,451.72457156442846,41.47748849730307,103.66200236175061,HIT,True,602.3505725498039
2026_07_21_gym,flight_14,30,0,500,ok,True,16,16,1128.1978813989567,455.56055141133686,1175.1617332896342,451.72457156442846,47.120251758616234,114.50237656464509,HIT,True,602.28986420316
2026_07_21_gym,flight_14,30,0,550,ok,True,17,17,1101.3184717391962,453.2611085093668,1175.1617332896342,451.72457156442846,73.85924601693112,163.71138332203716,HIT,True,601.6266995429497
2026_07_21_gym,flight_14,30,0,600,ok,True,19,19,1151.6805751829904,459.6616244152971,1175.1617332896342,451.72457156442846,24.786318685651658,68.7687992700765,HIT,True,601.6736622293113
2026_07_21_gym,flight_14,30,0,650,ok,False,20,20,1151.6805481455478,459.6617047920806,1175.1617332896342,451.72457156442846,24.78637003767113,68.76884708110208,HIT,True,601.6736458690131
2026_07_21_gym,flight_14,30,0,700,ok,False,20,20,1151.6805481455478,459.6617047920806,1175.1617332896342,451.72457156442846,24.78637003767113,68.76884708110208,HIT,True,601.6736458690131
2026_07_21_gym,flight_14,30,0,750,ok,False,20,20,1151.6805481455478,459.6617047920806,1175.1617332896342,451.72457156442846,24.78637003767113,68.76884708110208,HIT,True,601.6736458690131
2026_07_21_gym,flight_14,30,0,800,ok,False,20,20,1151.6805481455478,459.6617047920806,1175.1617332896342,451.72457156442846,24.78637003767113,68.76884708110208,HIT,True,601.6736458690131
2026_07_21_gym,flight_14,30,0,850,ok,False,20,20,1151.6805481455478,459.6617047920806,1175.1617332896342,451.72457156442846,24.78637003767113,68.76884708110208,HIT,True,601.6736458690131
2026_07_21_gym,flight_14,30,0,900,ok,False,20,20,1151.6805481455478,459.6617047920806,1175.1617332896342,451.72457156442846,24.78637003767113,68.76884708110208,HIT,True,601.6736458690131
2026_07_21_gym,flight_14,30,0,950,ok,False,20,20,1151.6805481455478,459.6617047920806,1175.1617332896342,451.72457156442846,24.78637003767113,68.76884708110208,HIT,True,601.6736458690131
2026_07_21_gym,flight_14,30,0,1000,ok,False,20,20,1151.6805481455478,459.6617047920806,1175.1617332896342,451.72457156442846,24.78637003767113,68.76884708110208,HIT,True,601.6736458690131
2026_07_21_gym,flight_14,30,0,1050,ok,False,20,20,1151.6805481455478,459.6617047920806,1175.1617332896342,451.72457156442846,24.78637003767113,68.76884708110208,HIT,True,601.6736458690131
2026_07_21_gym,flight_14,30,0,1100,ok,False,20,20,1151.6805481455478,459.6617047920806,1175.1617332896342,451.72457156442846,24.78637003767113,68.76884708110208,HIT,True,601.6736458690131
2026_07_21_gym,flight_14,30,0,1150,ok,False,20,20,1151.6805481455478,459.6617047920806,1175.1617332896342,451.72457156442846,24.78637003767113,68.76884708110208,HIT,True,601.6736458690131
2026_07_21_gym,flight_14,30,0,1200,ok,False,20,20,1151.6805481455478,459.6617047920806,1175.1617332896342,451.72457156442846,24.78637003767113,68.76884708110208,HIT,True,601.6736458690131
2026_07_21_gym,flight_14,30,0,1250,ok,False,20,20,1151.6805481455478,459.6617047920806,1175.1617332896342,451.72457156442846,24.78637003767113,68.76884708110208,HIT,True,601.6736458690131
2026_07_21_gym,flight_15,30,0,150,not_fit_eligible,True,5,5,,,,,,,,,
2026_07_21_gym,flight_15,30,0,200,not_fit_eligible,True,7,7,,,,,,,,,
2026_07_21_gym,flight_15,30,0,250,ok,True,8,8,844.4474513045973,1521.1167351326592,733.3937240211717,1442.5177347933918,136.05415538627852,232.96924169764117,HIT,True,642.7865692625548
2026_07_21_gym,flight_15,30,0,300,ok,True,10,10,752.3340356940772,1512.4712869655682,733.3937240211717,1442.5177347933918,72.47230414283932,152.50304698496214,HIT,True,641.7818447166253
2026_07_21_gym,flight_15,30,0,350,ok,True,11,11,741.5752425978606,1495.5459358763098,733.3937240211717,1442.5177347933918,53.655636761770836,119.497042333186,HIT,True,642.5788105336405
2026_07_21_gym,flight_15,30,0,400,ok,True,13,13,729.4439574947045,1474.6698993604095,733.3937240211717,1442.5177347933918,32.39386272055544,78.35168917251966,HIT,True,644.1866590797707
2026_07_21_gym,flight_15,30,0,450,ok,True,14,14,699.5632222115242,1475.4781560925549,733.3937240211717,1442.5177347933918,47.23232182426437,103.50804135147746,HIT,True,644.4394648583698
2026_07_21_gym,flight_15,30,0,490,ok,True,15,15,699.5632223687894,1475.4781554150354,733.3937240211717,1442.5177347933918,47.232321238824476,103.50804023536415,HIT,True,644.4394650341459
2026_07_21_gym,flight_15,30,0,500,ok,True,16,16,699.5632228097164,1475.4781535154737,733.3937240211717,1442.5177347933918,47.232319597424386,103.50803710869147,HIT,True,644.4394655269693
2026_07_21_gym,flight_15,30,0,550,ok,True,17,17,728.5245196964867,1460.9360972561333,733.3937240211717,1442.5177347933918,19.051121399131745,52.742048301069744,HIT,True,644.8897941316455
2026_07_21_gym,flight_15,30,0,600,ok,True,19,19,711.4745302211172,1454.1252925550186,733.3937240211717,1442.5177347933918,24.80295252654106,59.86612412632758,HIT,True,645.1215436727025
2026_07_21_gym,flight_15,30,0,650,ok,True,20,20,698.8795953723578,1459.800166032465,733.3937240211717,1442.5177347933918,38.599320018883375,89.30618751600275,HIT,True,643.9174426048892
2026_07_21_gym,flight_15,30,0,700,ok,False,22,22,737.9024302123097,1454.6888190245018,733.3937240211717,1442.5177347933918,12.979357568030064,37.66748701781481,HIT,True,645.0081323622755
2026_07_21_gym,flight_15,30,0,750,ok,False,23,23,714.1287304101146,1460.4938410624054,733.3937240211717,1442.5177347933918,26.349200660151737,66.71485863663945,HIT,True,644.1304683850841
2026_07_21_gym,flight_15,30,0,800,ok,False,25,25,717.2405828861863,1450.5501160612919,733.3937240211717,1442.5177347933918,18.040042055374176,45.81501736253851,HIT,True,644.8255059693896
2026_07_21_gym,flight_15,30,0,850,ok,False,26,26,677.5621418771101,1473.897193048699,733.3937240211717,1442.5177347933918,64.0455772485943,145.65642502073948,HIT,True,642.104582286024
2026_07_21_gym,flight_15,30,0,900,ok,False,27,27,754.5149118072515,1433.049234367648,733.3937240211717,1442.5177347933918,23.14642680430727,43.50713037878628,HIT,True,647.670698442918
2026_07_21_gym,flight_15,30,0,950,ok,False,27,27,754.5149118072515,1433.049234367648,733.3937240211717,1442.5177347933918,23.14642680430727,43.50713037878628,HIT,True,647.670698442918
2026_07_21_gym,flight_15,30,0,1000,ok,False,27,27,754.5149118072515,1433.049234367648,733.3937240211717,1442.5177347933918,23.14642680430727,43.50713037878628,HIT,True,647.670698442918
2026_07_21_gym,flight_15,30,0,1050,ok,False,27,27,754.5149118072515,1433.049234367648,733.3937240211717,1442.5177347933918,23.14642680430727,43.50713037878628,HIT,True,647.670698442918
2026_07_21_gym,flight_15,30,0,1100,ok,False,27,27,754.5149118072515,1433.049234367648,733.3937240211717,1442.5177347933918,23.14642680430727,43.50713037878628,HIT,True,647.670698442918
2026_07_21_gym,flight_15,30,0,1150,ok,False,27,27,754.5149118072515,1433.049234367648,733.3937240211717,1442.5177347933918,23.14642680430727,43.50713037878628,HIT,True,647.670698442918
2026_07_21_gym,flight_15,30,0,1200,ok,False,27,27,754.5149118072515,1433.049234367648,733.3937240211717,1442.5177347933918,23.14642680430727,43.50713037878628,HIT,True,647.670698442918
2026_07_21_gym,flight_15,30,0,1250,ok,False,27,27,754.5149118072515,1433.049234367648,733.3937240211717,1442.5177347933918,23.14642680430727,43.50713037878628,HIT,True,647.670698442918
2026_07_21_gym,flight_16,30,0,150,not_fit_eligible,True,5,5,,,,,,,,,
2026_07_21_gym,flight_16,30,0,200,not_fit_eligible,True,7,7,,,,,,,,,
2026_07_21_gym,flight_16,30,0,250,fit_failed,True,8,8,,,,,,,,,
2026_07_21_gym,flight_16,30,0,300,ok,True,10,10,817.4627590207465,473.73325962448837,733.0109474354193,488.5735986451432,85.7458112230071,148.2165303815306,HIT,True,528.6726794070124
2026_07_21_gym,flight_16,30,0,350,ok,True,11,11,839.0116049996449,477.86433610438854,733.0109474354193,488.5735986451432,106.54026331962493,196.1789679127751,HIT,True,529.2544730092956
2026_07_21_gym,flight_16,30,0,400,ok,True,13,13,865.2005177225775,485.366996136401,733.0109474354193,488.5735986451432,132.22845681755726,286.9366814377889,HIT,True,528.9313708687531
2026_07_21_gym,flight_16,30,0,450,ok,True,14,14,903.1535151218817,487.3643477728903,733.0109474354193,488.5735986451432,170.14686487447977,441.5994464381225,HIT,True,528.6265023770653
2026_07_21_gym,flight_16,30,0,490,ok,True,15,15,944.1156364628397,490.7185443681732,733.0109474354193,488.5735986451432,211.1155856906794,550.5173316790854,HIT,True,528.1909195055944
2026_07_21_gym,flight_16,30,0,500,ok,True,16,16,753.8573042780338,485.97123663273436,733.0109474354193,488.5735986451432,21.008162262636088,58.09056879041822,HIT,True,528.350153341851
2026_07_21_gym,flight_16,30,0,550,ok,False,17,17,747.1821287894436,475.8018200268912,733.0109474354193,488.5735986451432,19.077230145969395,50.99325504963845,HIT,True,529.1341537197901
2026_07_21_gym,flight_16,30,0,600,ok,False,17,17,747.1821287894436,475.8018200268912,733.0109474354193,488.5735986451432,19.077230145969395,50.99325504963845,HIT,True,529.1341537197901
2026_07_21_gym,flight_16,30,0,650,ok,False,17,17,747.1821287894436,475.8018200268912,733.0109474354193,488.5735986451432,19.077230145969395,50.99325504963845,HIT,True,529.1341537197901
2026_07_21_gym,flight_16,30,0,700,ok,False,17,17,747.1821287894436,475.8018200268912,733.0109474354193,488.5735986451432,19.077230145969395,50.99325504963845,HIT,True,529.1341537197901
2026_07_21_gym,flight_16,30,0,750,ok,False,17,17,747.1821287894436,475.8018200268912,733.0109474354193,488.5735986451432,19.077230145969395,50.99325504963845,HIT,True,529.1341537197901
2026_07_21_gym,flight_16,30,0,800,ok,False,17,17,747.1821287894436,475.8018200268912,733.0109474354193,488.5735986451432,19.077230145969395,50.99325504963845,HIT,True,529.1341537197901
2026_07_21_gym,flight_16,30,0,850,ok,False,17,17,747.1821287894436,475.8018200268912,733.0109474354193,488.5735986451432,19.077230145969395,50.99325504963845,HIT,True,529.1341537197901
2026_07_21_gym,flight_16,30,0,900,ok,False,17,17,747.1821287894436,475.8018200268912,733.0109474354193,488.5735986451432,19.077230145969395,50.99325504963845,HIT,True,529.1341537197901
2026_07_21_gym,flight_16,30,0,950,ok,False,17,17,747.1821287894436,475.8018200268912,733.0109474354193,488.5735986451432,19.077230145969395,50.99325504963845,HIT,True,529.1341537197901
2026_07_21_gym,flight_16,30,0,1000,ok,False,17,17,747.1821287894436,475.8018200268912,733.0109474354193,488.5735986451432,19.077230145969395,50.99325504963845,HIT,True,529.1341537197901
2026_07_21_gym,flight_16,30,0,1050,ok,False,17,17,747.1821287894436,475.8018200268912,733.0109474354193,488.5735986451432,19.077230145969395,50.99325504963845,HIT,True,529.1341537197901
2026_07_21_gym,flight_16,30,0,1100,ok,False,17,17,747.1821287894436,475.8018200268912,733.0109474354193,488.5735986451432,19.077230145969395,50.99325504963845,HIT,True,529.1341537197901
2026_07_21_gym,flight_16,30,0,1150,ok,False,17,17,747.1821287894436,475.8018200268912,733.0109474354193,488.5735986451432,19.077230145969395,50.99325504963845,HIT,True,529.1341537197901
2026_07_21_gym,flight_16,30,0,1200,ok,False,17,17,747.1821287894436,475.8018200268912,733.0109474354193,488.5735986451432,19.077230145969395,50.99325504963845,HIT,True,529.1341537197901
2026_07_21_gym,flight_16,30,0,1250,ok,False,17,17,747.1821287894436,475.8018200268912,733.0109474354193,488.5735986451432,19.077230145969395,50.99325504963845,HIT,True,529.1341537197901
2026_07_21_gym,flight_18,30,0,150,not_fit_eligible,True,5,5,,,,,,,,,
2026_07_21_gym,flight_18,30,0,200,not_fit_eligible,True,7,7,,,,,,,,,
2026_07_21_gym,flight_18,30,0,250,fit_failed,True,8,8,,,,,,,,,
2026_07_21_gym,flight_18,30,0,300,fit_failed,True,10,10,,,,,,,,,
2026_07_21_gym,flight_18,30,0,350,fit_failed,True,11,11,,,,,,,,,
2026_07_21_gym,flight_18,30,0,400,fit_failed,True,13,13,,,,,,,,,
2026_07_21_gym,flight_18,30,0,450,fit_failed,True,14,14,,,,,,,,,
2026_07_21_gym,flight_18,30,0,490,ok,True,15,15,-345.9758589319948,199.8321269018807,-361.39329616542835,337.4237103158979,138.45266771436116,177.9636425088702,MISS_HIGH_WIDE,True,1073.4448114598756
2026_07_21_gym,flight_18,30,0,500,ok,True,16,16,-544.3350503082283,165.0190281065402,-361.39329616542835,337.4237103158979,251.378320180071,347.24732310455164,MISS_HIGH_WIDE,True,1089.706432267995
2026_07_21_gym,flight_18,30,0,550,ok,True,17,17,-338.7975396016155,215.88662139908013,-361.39329616542835,337.4237103158979,123.61970796384192,155.33391724080136,MISS_HIGH_WIDE,True,1070.87250963708
2026_07_21_gym,flight_18,30,0,600,ok,True,19,19,-482.7113844851674,207.28947787834244,-361.39329616542835,337.4237103158979,177.91289162302914,255.87802838951876,MISS_HIGH_WIDE,True,1078.2838107395817
2026_07_21_gym,flight_18,30,0,650,ok,True,20,20,-493.4516053813194,199.70616956929194,-361.39329616542835,337.4237103158979,190.8023009878365,278.43724247581486,MISS_HIGH_WIDE,True,1079.514083690962
2026_07_21_gym,flight_18,30,0,700,ok,True,22,22,-423.4903023700539,262.0388411218274,-361.39329616542835,337.4237103158979,97.66737778288318,138.59882320421127,MISS_HIGH_WIDE,True,1067.865318970621
2026_07_21_gym,flight_18,30,0,750,ok,True,23,23,-472.0631487156205,271.5403159762243,-361.39329616542835,337.4237103158979,128.79610985273666,201.92923149918806,MISS_HIGH_WIDE,True,1071.0361357643685
2026_07_21_gym,flight_18,30,0,800,ok,True,24,24,-480.8979687080736,274.4663648043924,-361.39329616542835,337.4237103158979,135.0740319727665,207.41301117684466,MISS_HIGH_WIDE,True,1071.0474737349432
2026_07_21_gym,flight_18,30,0,850,ok,True,25,25,-490.11728593262643,260.93188624548037,-361.39329616542835,337.4237103158979,149.73598328793722,236.00746847588977,MISS_HIGH_WIDE,True,1073.2605781227471
2026_07_21_gym,flight_18,30,0,900,ok,True,26,26,-498.97936497314896,263.86507252676853,-361.39329616542835,337.4237103158979,156.015382329292,241.46611675614923,MISS_HIGH_WIDE,True,1073.2730821081054
2026_07_21_gym,flight_18,30,0,950,ok,True,27,27,-323.64908978464604,280.9218537732837,-361.39329616542835,337.4237103158979,67.94913471176245,80.98492930453922,MISS_HIGH_WIDE,True,1063.6865923626963
2026_07_21_gym,flight_18,30,0,1000,ok,True,29,29,-472.1364946896209,285.06921970870644,-361.39329616542835,337.4237103158979,122.49509666148774,203.41889290062966,MISS_HIGH_WIDE,True,1068.9975759949432
2026_07_21_gym,flight_18,30,0,1050,ok,True,30,30,-299.0205009635997,300.7758304693616,-361.39329616542835,337.4237103158979,72.34246801523582,62.43162513483003,MISS_HIGH_WIDE,True,1063.5480735162107
2026_07_21_gym,flight_18,30,0,1100,ok,False,31,31,-399.6025488530062,325.2224531670659,-361.39329616542835,337.4237103158979,40.11006939603945,76.37777644325233,MISS_HIGH_WIDE,True,1059.975700051144
2026_07_21_gym,flight_18,30,0,1150,ok,False,31,31,-399.6025488530062,325.2224531670659,-361.39329616542835,337.4237103158979,40.11006939603945,76.37777644325233,MISS_HIGH_WIDE,True,1059.975700051144
2026_07_21_gym,flight_18,30,0,1200,ok,False,31,31,-399.6025488530062,325.2224531670659,-361.39329616542835,337.4237103158979,40.11006939603945,76.37777644325233,MISS_HIGH_WIDE,True,1059.975700051144
2026_07_21_gym,flight_18,30,0,1250,ok,False,31,31,-399.6025488530062,325.2224531670659,-361.39329616542835,337.4237103158979,40.11006939603945,76.37777644325233,MISS_HIGH_WIDE,True,1059.975700051144
2026_07_21_gym,flight_19,30,0,150,not_fit_eligible,True,5,5,,,,,,,,,
2026_07_21_gym,flight_19,30,0,200,not_fit_eligible,True,7,7,,,,,,,,,
2026_07_21_gym,flight_19,30,0,250,fit_failed,True,8,8,,,,,,,,,
2026_07_21_gym,flight_19,30,0,300,fit_failed,True,10,10,,,,,,,,,
2026_07_21_gym,flight_19,30,0,350,fit_failed,True,11,11,,,,,,,,,
2026_07_21_gym,flight_19,30,0,400,ok,True,13,13,275.0856713312042,770.6842220814091,389.2904956612864,814.9236620566472,122.4739562094229,150.23423384725567,HIT,True,863.9646947168516
2026_07_21_gym,flight_19,30,0,450,ok,True,14,14,218.37178862870675,797.925357624707,389.2904956612864,814.9236620566472,171.76188974056413,194.99799498986212,HIT,True,860.9470085823274
2026_07_21_gym,flight_19,30,0,490,ok,True,15,15,329.5469762621265,797.4199482031864,389.2904956612864,814.9236620566472,62.25486413816697,56.340083559890324,HIT,True,857.8271048806306
2026_07_21_gym,flight_19,30,0,500,ok,True,16,16,376.7404429268756,796.9580197199812,389.2904956612864,814.9236620566472,21.91502060700607,20.348218181702926,HIT,True,857.7427116949264
2026_07_21_gym,flight_19,30,0,550,ok,True,17,17,427.0809628787334,816.6351929537852,389.2904956612864,814.9236620566472,37.829204994617484,84.7841545917665,HIT,True,854.4667748815795
2026_07_21_gym,flight_19,30,0,600,ok,True,19,19,403.44292305897244,815.9272366334551,389.2904956612864,814.9236620566472,14.187965434761587,44.28197748534212,HIT,True,854.7481329078958
2026_07_21_gym,flight_19,30,0,650,ok,True,20,20,424.73307690075035,809.8425980731199,389.2904956612864,814.9236620566472,35.804940666347996,63.50496048822595,HIT,True,854.9896447315613
2026_07_21_gym,flight_19,30,0,700,ok,True,22,22,416.99016486372085,806.8370057403765,389.2904956612864,814.9236620566472,28.85594712189805,52.44476465424871,HIT,True,855.3280544939983
2026_07_21_gym,flight_19,30,0,750,ok,True,23,23,416.9901842243416,806.8368628882513,389.2904956612864,814.9236620566472,28.85600574023057,52.44476490534642,HIT,True,855.3280810639498
2026_07_21_gym,flight_19,30,0,800,ok,True,24,24,412.1578605053266,809.8243627264957,389.2904956612864,814.9236620566472,23.429025343981547,44.19261026863093,HIT,True,855.8609505859881
2026_07_21_gym,flight_19,30,0,850,ok,True,25,25,315.9216792801847,839.8392041491287,389.2904956612864,814.9236620566472,77.48398192482128,99.4162071899738,HIT,True,852.6228852364417
2026_07_21_gym,flight_19,30,0,900,ok,False,27,27,415.69180710017605,814.7754895457349,389.2904956612864,814.9236620566472,26.401727231115686,67.89376407420725,HIT,True,856.7466647452355
2026_07_21_gym,flight_19,30,0,950,ok,False,28,28,394.63134742971033,811.5689898480534,389.2904956612864,814.9236620566472,6.307021740836844,19.48584999387061,HIT,True,856.5980156107879
2026_07_21_gym,flight_19,30,0,1000,ok,False,28,28,394.63134742971033,811.5689898480534,389.2904956612864,814.9236620566472,6.307021740836844,19.48584999387061,HIT,True,856.5980156107879
2026_07_21_gym,flight_19,30,0,1050,ok,False,28,28,394.63134742971033,811.5689898480534,389.2904956612864,814.9236620566472,6.307021740836844,19.48584999387061,HIT,True,856.5980156107879
2026_07_21_gym,flight_19,30,0,1100,ok,False,28,28,394.63134742971033,811.5689898480534,389.2904956612864,814.9236620566472,6.307021740836844,19.48584999387061,HIT,True,856.5980156107879
2026_07_21_gym,flight_19,30,0,1150,ok,False,28,28,394.63134742971033,811.5689898480534,389.2904956612864,814.9236620566472,6.307021740836844,19.48584999387061,HIT,True,856.5980156107879
2026_07_21_gym,flight_19,30,0,1200,ok,False,28,28,394.63134742971033,811.5689898480534,389.2904956612864,814.9236620566472,6.307021740836844,19.48584999387061,HIT,True,856.5980156107879
2026_07_21_gym,flight_19,30,0,1250,ok,False,28,28,394.63134742971033,811.5689898480534,389.2904956612864,814.9236620566472,6.307021740836844,19.48584999387061,HIT,True,856.5980156107879
2026_07_21_gym,flight_2,30,0,150,not_fit_eligible,True,5,5,,,,,,,,,
2026_07_21_gym,flight_2,30,0,200,not_fit_eligible,True,7,7,,,,,,,,,
2026_07_21_gym,flight_2,30,0,250,ok,True,8,8,686.508164770425,215.02828580809148,799.9221228918444,304.5992213638513,144.518782146478,350.0307567990375,HIT,True,502.98051588608814
2026_07_21_gym,flight_2,30,0,300,ok,True,10,10,729.7815703826165,242.84072026181846,799.9221228918444,304.5992213638513,93.45485308248875,219.29659138281357,HIT,True,498.5736720801933
2026_07_21_gym,flight_2,30,0,350,ok,True,11,11,745.926168750776,261.1949104785186,799.9221228918444,304.5992213638513,69.27840404509169,154.848189119551,HIT,True,496.1923946084598
2026_07_21_gym,flight_2,30,0,400,ok,True,12,12,771.2323865784921,287.7468858151267,799.9221228918444,304.5992213638513,33.27314507491733,67.59956355978069,HIT,True,494.325587805388
2026_07_21_gym,flight_2,30,0,450,ok,True,13,13,793.8975294466804,292.08649972168445,799.9221228918444,304.5992213638513,13.887545826166118,28.229641903885263,HIT,True,494.03231764948043
2026_07_21_gym,flight_2,30,0,490,ok,True,14,14,778.6926518816606,304.4696010736352,799.9221228918444,304.5992213638513,21.229866716300208,39.37482600719418,HIT,True,492.15648928418744
2026_07_21_gym,flight_2,30,0,500,ok,False,14,14,778.6926518816606,304.4696010736352,799.9221228918444,304.5992213638513,21.229866716300208,39.37482600719418,HIT,True,492.15648928418744
2026_07_21_gym,flight_2,30,0,550,ok,False,14,14,778.6926518816606,304.4696010736352,799.9221228918444,304.5992213638513,21.229866716300208,39.37482600719418,HIT,True,492.15648928418744
2026_07_21_gym,flight_2,30,0,600,ok,False,14,14,778.6926518816606,304.4696010736352,799.9221228918444,304.5992213638513,21.229866716300208,39.37482600719418,HIT,True,492.15648928418744
2026_07_21_gym,flight_2,30,0,650,ok,False,14,14,778.6926518816606,304.4696010736352,799.9221228918444,304.5992213638513,21.229866716300208,39.37482600719418,HIT,True,492.15648928418744
2026_07_21_gym,flight_2,30,0,700,ok,False,14,14,778.6926518816606,304.4696010736352,799.9221228918444,304.5992213638513,21.229866716300208,39.37482600719418,HIT,True,492.15648928418744
2026_07_21_gym,flight_2,30,0,750,ok,False,14,14,778.6926518816606,304.4696010736352,799.9221228918444,304.5992213638513,21.229866716300208,39.37482600719418,HIT,True,492.15648928418744
2026_07_21_gym,flight_2,30,0,800,ok,False,14,14,778.6926518816606,304.4696010736352,799.9221228918444,304.5992213638513,21.229866716300208,39.37482600719418,HIT,True,492.15648928418744
2026_07_21_gym,flight_2,30,0,850,ok,False,14,14,778.6926518816606,304.4696010736352,799.9221228918444,304.5992213638513,21.229866716300208,39.37482600719418,HIT,True,492.15648928418744
2026_07_21_gym,flight_2,30,0,900,ok,False,14,14,778.6926518816606,304.4696010736352,799.9221228918444,304.5992213638513,21.229866716300208,39.37482600719418,HIT,True,492.15648928418744
2026_07_21_gym,flight_2,30,0,950,ok,False,14,14,778.6926518816606,304.4696010736352,799.9221228918444,304.5992213638513,21.229866716300208,39.37482600719418,HIT,True,492.15648928418744
2026_07_21_gym,flight_2,30,0,1000,ok,False,14,14,778.6926518816606,304.4696010736352,799.9221228918444,304.5992213638513,21.229866716300208,39.37482600719418,HIT,True,492.15648928418744
2026_07_21_gym,flight_2,30,0,1050,ok,False,14,14,778.6926518816606,304.4696010736352,799.9221228918444,304.5992213638513,21.229866716300208,39.37482600719418,HIT,True,492.15648928418744
2026_07_21_gym,flight_2,30,0,1100,ok,False,14,14,778.6926518816606,304.4696010736352,799.9221228918444,304.5992213638513,21.229866716300208,39.37482600719418,HIT,True,492.15648928418744
2026_07_21_gym,flight_2,30,0,1150,ok,False,14,14,778.6926518816606,304.4696010736352,799.9221228918444,304.5992213638513,21.229866716300208,39.37482600719418,HIT,True,492.15648928418744
2026_07_21_gym,flight_2,30,0,1200,ok,False,14,14,778.6926518816606,304.4696010736352,799.9221228918444,304.5992213638513,21.229866716300208,39.37482600719418,HIT,True,492.15648928418744
2026_07_21_gym,flight_2,30,0,1250,ok,False,14,14,778.6926518816606,304.4696010736352,799.9221228918444,304.5992213638513,21.229866716300208,39.37482600719418,HIT,True,492.15648928418744
2026_07_21_gym,flight_20,30,0,150,not_fit_eligible,True,5,5,,,,,,,,,
2026_07_21_gym,flight_20,30,0,200,not_fit_eligible,True,7,7,,,,,,,,,
2026_07_21_gym,flight_20,30,0,250,fit_failed,True,8,8,,,,,,,,,
2026_07_21_gym,flight_20,30,0,300,fit_failed,True,10,10,,,,,,,,,
2026_07_21_gym,flight_20,30,0,350,ok,True,11,11,639.9363844143556,1040.6277965279749,659.4521107727188,1034.7234981360566,20.389318644705106,33.36268367151621,HIT,True,660.312581877301
2026_07_21_gym,flight_20,30,0,400,ok,True,13,13,651.813843731048,1053.0961980784639,659.4521107727188,1034.7234981360566,19.897216553417895,70.23793604783766,HIT,True,658.0593759898237
2026_07_21_gym,flight_20,30,0,450,ok,True,14,14,693.0681644250872,1043.7752821853596,659.4521107727188,1034.7234981360566,34.813414909114044,95.31548633925803,HIT,True,659.5770158390263
2026_07_21_gym,flight_20,30,0,490,ok,True,15,15,670.8447945953311,1040.0290744422766,659.4521107727188,1034.7234981360566,12.567513064370978,55.7995171103273,HIT,True,660.0926707742685
2026_07_21_gym,flight_20,30,0,500,ok,True,16,16,723.519180100404,1029.2819346509561,659.4521107727188,1034.7234981360566,64.29774479249487,136.07965973359188,HIT,True,660.6284788919419
2026_07_21_gym,flight_20,30,0,550,ok,True,17,17,617.4565626766803,1048.7695430636043,659.4521107727188,1034.7234981360566,44.28224743611567,54.84461642817483,HIT,True,659.786599507868
2026_07_21_gym,flight_20,30,0,600,ok,True,19,19,641.1147062600104,1057.380287966697,659.4521107727188,1034.7234981360566,29.14773627046384,58.560001932709675,HIT,True,659.9886418628389
2026_07_21_gym,flight_20,30,0,650,ok,True,19,19,641.1147062600104,1057.380287966697,659.4521107727188,1034.7234981360566,29.14773627046384,58.560001932709675,HIT,True,659.9886418628389
2026_07_21_gym,flight_20,30,0,700,ok,False,21,21,620.3966681383472,1048.9936048005504,659.4521107727188,1034.7234981360566,41.58080739455071,66.23176113778295,HIT,True,659.3087965806773
2026_07_21_gym,flight_20,30,0,750,ok,False,22,22,629.6381815945767,1047.6698294956639,659.4521107727188,1034.7234981360566,32.503505483440115,49.632900133216936,HIT,True,659.5219282818335
2026_07_21_gym,flight_20,30,0,800,ok,False,24,24,618.3291772137328,1042.3398736215065,659.4521107727188,1034.7234981360566,41.822300750103885,77.32781467929499,HIT,True,658.4071260225918
2026_07_21_gym,flight_20,30,0,850,ok,False,24,24,618.3291772137328,1042.3398736215065,659.4521107727188,1034.7234981360566,41.822300750103885,77.32781467929499,HIT,True,658.4071260225918
2026_07_21_gym,flight_20,30,0,900,ok,False,24,24,618.3291772137328,1042.3398736215065,659.4521107727188,1034.7234981360566,41.822300750103885,77.32781467929499,HIT,True,658.4071260225918
2026_07_21_gym,flight_20,30,0,950,ok,False,24,24,618.3291772137328,1042.3398736215065,659.4521107727188,1034.7234981360566,41.822300750103885,77.32781467929499,HIT,True,658.4071260225918
2026_07_21_gym,flight_20,30,0,1000,ok,False,24,24,618.3291772137328,1042.3398736215065,659.4521107727188,1034.7234981360566,41.822300750103885,77.32781467929499,HIT,True,658.4071260225918
2026_07_21_gym,flight_20,30,0,1050,ok,False,24,24,618.3291772137328,1042.3398736215065,659.4521107727188,1034.7234981360566,41.822300750103885,77.32781467929499,HIT,True,658.4071260225918
2026_07_21_gym,flight_20,30,0,1100,ok,False,24,24,618.3291772137328,1042.3398736215065,659.4521107727188,1034.7234981360566,41.822300750103885,77.32781467929499,HIT,True,658.4071260225918
2026_07_21_gym,flight_20,30,0,1150,ok,False,24,24,618.3291772137328,1042.3398736215065,659.4521107727188,1034.7234981360566,41.822300750103885,77.32781467929499,HIT,True,658.4071260225918
2026_07_21_gym,flight_20,30,0,1200,ok,False,24,24,618.3291772137328,1042.3398736215065,659.4521107727188,1034.7234981360566,41.822300750103885,77.32781467929499,HIT,True,658.4071260225918
2026_07_21_gym,flight_20,30,0,1250,ok,False,24,24,618.3291772137328,1042.3398736215065,659.4521107727188,1034.7234981360566,41.822300750103885,77.32781467929499,HIT,True,658.4071260225918
2026_07_21_gym,flight_21,30,0,150,not_fit_eligible,True,5,5,,,,,,,,,
2026_07_21_gym,flight_21,30,0,200,not_fit_eligible,True,6,6,,,,,,,,,
2026_07_21_gym,flight_21,30,0,250,not_fit_eligible,True,7,7,,,,,,,,,
2026_07_21_gym,flight_21,30,0,300,ok,True,9,9,-147.98994321876876,1212.3339760276547,433.65524860629125,1829.7054703142333,848.2091081395281,1150.0203778123175,MISS_HIGH_WIDE,False,1235.6758059104493
2026_07_21_gym,flight_21,30,0,350,ok,True,10,10,36.45092658355925,1299.2540293987481,433.65524860629125,1829.7054703142333,662.683940202909,929.1989722163361,HIT,True,1208.7842247457638
2026_07_21_gym,flight_21,30,0,400,ok,True,12,12,129.18186837153968,1412.5091908612385,433.65524860629125,1829.7054703142333,516.4850190092612,771.7723054281934,HIT,True,1193.4800316340497
2026_07_21_gym,flight_21,30,0,450,ok,True,13,13,344.71413682590145,1578.1561856849448,433.65524860629125,1829.7054703142333,266.80997725392234,429.31132253183034,HIT,True,1161.6972020290498
2026_07_21_gym,flight_21,30,0,490,ok,True,14,14,344.71413995896586,1578.156099388429,433.65524860629125,1829.7054703142333,266.8100575701433,429.311439124782,HIT,True,1161.697218128308
2026_07_21_gym,flight_21,30,0,500,ok,True,15,15,219.52163147719304,1467.908629134817,433.65524860629125,1829.7054703142333,420.41665080274237,654.7061886754731,HIT,True,1182.353939736323
2026_07_21_gym,flight_21,30,0,550,ok,True,16,16,181.20441295509593,1468.9023632025526,433.65524860629125,1829.7054703142333,440.3524798640627,662.6914164225308,HIT,True,1185.0064485372232
2026_07_21_gym,flight_21,30,0,600,ok,True,18,18,331.09623488153466,1670.4505556749666,433.65524860629125,1829.7054703142333,189.42143261245522,320.44786097321577,HIT,True,1149.9379117993828
2026_07_21_gym,flight_21,30,0,650,ok,True,19,19,369.64712640376416,1688.7051603752423,433.65524860629125,1829.7054703142333,154.84872331015572,252.24561079922387,HIT,True,1142.784492598326
2026_07_21_gym,flight_21,30,0,700,ok,True,21,21,398.42003199128357,1715.9335366850923,433.65524860629125,1829.7054703142333,119.10320470759868,192.30687526729844,HIT,True,1137.62154995143
2026_07_21_gym,flight_21,30,0,750,ok,True,22,22,389.9358487042295,1728.0170121232018,433.65524860629125,1829.7054703142333,110.68842964404887,179.55901598312522,HIT,True,1136.3369836938555
2026_07_21_gym,flight_21,30,0,800,ok,True,23,23,367.1461169356728,1720.222602287233,433.65524860629125,1829.7054703142333,128.1013777716587,214.51794168202073,HIT,True,1139.2273554130472
2026_07_21_gym,flight_21,30,0,850,ok,True,24,24,389.9358564423231,1728.016855011831,433.65524860629125,1829.7054703142333,110.68857092449426,179.55922923242892,HIT,True,1136.3370142447118
2026_07_21_gym,flight_21,30,0,900,ok,True,26,26,378.58482224759524,1801.5616090382491,433.65524860629125,1829.7054703142333,61.84520019249998,100.32150424560669,HIT,True,1127.42997874738
2026_07_21_gym,flight_21,30,0,950,ok,True,27,27,371.2042423243347,1796.0497968238615,433.65524860629125,1829.7054703142333,70.94245938589592,124.69345967734276,HIT,True,1128.6637495106008
2026_07_21_gym,flight_21,30,0,1000,ok,True,29,29,374.5876766397448,1840.6974045122683,433.65524860629125,1829.7054703142333,60.08161678447973,90.13850043312952,HIT,True,1120.9387460735045
2026_07_21_gym,flight_21,30,0,1050,ok,True,30,30,381.85233494015483,1803.0460239290526,433.65524860629125,1829.7054703142333,58.26034625596991,107.3308514956261,HIT,True,1127.0947309425633
2026_07_21_gym,flight_21,30,0,1100,ok,True,32,32,390.38239018501326,1808.569052471498,433.65524860629125,1829.7054703142333,48.158991218366126,77.98193562962715,HIT,True,1124.4437835750698
2026_07_21_gym,flight_21,30,0,1150,ok,False,33,33,373.65713421626316,1809.542348526532,433.65524860629125,1829.7054703142333,63.295538630969666,108.95190500520049,HIT,True,1125.1073339921409
2026_07_21_gym,flight_21,30,0,1200,ok,False,35,35,371.39426694606584,1808.7454347915282,433.65524860629125,1829.7054703142333,65.69439037245101,116.76194633003696,HIT,True,1125.3245009729224
2026_07_21_gym,flight_21,30,0,1250,ok,False,36,36,340.02762965737656,1849.9774383075728,433.65524860629125,1829.7054703142333,95.79709659674532,161.95454144116704,HIT,True,1120.237995424304
2026_07_21_gym,flight_23,30,0,150,not_fit_eligible,True,5,5,,,,,,,,,
2026_07_21_gym,flight_23,30,0,200,not_fit_eligible,True,7,7,,,,,,,,,
2026_07_21_gym,flight_23,30,0,250,fit_failed,True,8,8,,,,,,,,,
2026_07_21_gym,flight_23,30,0,300,ok,True,10,10,87.7008404333955,1466.0263297870467,301.1510390448869,1635.125267240205,272.31496090937094,326.64817882049937,HIT,True,1084.8409952372278
2026_07_21_gym,flight_23,30,0,350,ok,True,11,11,281.0140520969075,1465.7056673270724,301.1510390448869,1635.125267240205,170.61213051266017,230.86332260776155,HIT,True,1075.2591687055888
2026_07_21_gym,flight_23,30,0,400,fit_failed,True,13,13,,,,,,,,,
2026_07_21_gym,flight_23,30,0,450,ok,True,14,14,286.89102434331403,1485.794826407106,301.1510390448869,1635.125267240205,150.00976161135893,208.59191824457116,HIT,True,1074.2991455499134
2026_07_21_gym,flight_23,30,0,490,ok,True,15,15,353.101084794114,1513.7525694416381,301.1510390448869,1635.125267240205,132.02325183182325,178.00181308425616,HIT,True,1070.2096162734665
2026_07_21_gym,flight_23,30,0,500,ok,True,16,16,342.0708970290936,1530.8307092779223,301.1510390448869,1635.125267240205,112.03476959406653,147.94831556607662,HIT,True,1068.2746244085963
2026_07_21_gym,flight_23,30,0,550,ok,True,17,17,330.95968077662405,1532.1203904439687,301.1510390448869,1635.125267240205,107.23133761032202,141.84659368529032,HIT,True,1069.5499668690018
2026_07_21_gym,flight_23,30,0,600,ok,True,19,19,297.5268882497855,1543.9523817498757,301.1510390448869,1635.125267240205,91.24488762455857,139.76282606862068,HIT,True,1071.948986505748
2026_07_21_gym,flight_23,30,0,650,ok,True,20,20,280.57628065469186,1580.9525393827387,301.1510390448869,1635.125267240205,57.948297009782806,98.09768462558007,HIT,True,1070.0770951214845
2026_07_21_gym,flight_23,30,0,700,ok,True,22,22,288.62117237641195,1588.3374775886084,301.1510390448869,1635.125267240205,48.43650296224743,71.79607381855783,HIT,True,1065.7930903505874
2026_07_21_gym,flight_23,30,0,750,ok,True,23,23,270.23887973374366,1608.0340169433684,301.1510390448869,1635.125267240205,41.10349663864795,49.392556294155995,HIT,True,1064.6212663336034
2026_07_21_gym,flight_23,30,0,800,ok,True,25,25,266.424684037488,1612.385927804406,301.1510390448869,1635.125267240205,41.50900251844623,42.82022270444975,HIT,True,1063.947034232726
2026_07_21_gym,flight_23,30,0,850,ok,True,26,26,264.32143611474936,1618.9272692745299,301.1510390448869,1635.125267240205,40.234248968852505,38.95190327937133,HIT,True,1063.7189367236376
2026_07_21_gym,flight_23,30,0,900,ok,True,28,28,286.47889015515,1611.870243051399,301.1510390448869,1635.125267240205,27.496692584101016,34.595448946854994,HIT,True,1063.2724811771066
2026_07_21_gym,flight_23,30,0,950,ok,True,29,29,279.7043348814331,1619.3197576010934,301.1510390448869,1635.125267240205,26.641607579625372,28.119800939995727,HIT,True,1062.6716965328583
2026_07_21_gym,flight_23,30,0,1000,ok,True,31,31,294.06770245464423,1613.5743794933562,301.1510390448869,1635.125267240205,22.685114501098404,33.96601058077525,HIT,True,1063.0106948500948
2026_07_21_gym,flight_23,30,0,1050,ok,True,32,32,281.10197305872475,1619.3498245733751,301.1510390448869,1635.125267240205,25.511362924232756,26.015085348201918,HIT,True,1062.6263234188973
2026_07_21_gym,flight_23,30,0,1100,ok,False,34,34,273.83707782987796,1635.623291221202,301.1510390448869,1635.125267240205,27.318501151063543,13.752077451961222,HIT,True,1061.1009114229662
2026_07_21_gym,flight_23,30,0,1150,ok,False,35,35,314.2218684079403,1628.8707010971204,301.1510390448869,1635.125267240205,14.490209725061886,35.45431699578909,HIT,True,1062.44340426831
2026_07_21_gym,flight_23,30,0,1200,ok,False,37,37,316.67037327916,1635.3348770083949,301.1510390448869,1635.125267240205,15.520749702575651,37.59477826407293,HIT,True,1062.0869789163776
2026_07_21_gym,flight_23,30,0,1250,ok,False,38,38,316.67038884666033,1635.3346820946815,301.1510390448869,1635.125267240205,15.520762637547193,37.594811924955025,HIT,True,1062.0870199313422
2026_07_21_gym,flight_24,30,0,150,not_fit_eligible,True,5,5,,,,,,,,,
2026_07_21_gym,flight_24,30,0,200,not_fit_eligible,True,7,7,,,,,,,,,
2026_07_21_gym,flight_24,30,0,250,fit_failed,True,8,8,,,,,,,,,
2026_07_21_gym,flight_24,30,0,300,fit_failed,True,10,10,,,,,,,,,
2026_07_21_gym,flight_24,30,0,350,fit_failed,True,11,11,,,,,,,,,
2026_07_21_gym,flight_24,30,0,400,ok,True,12,12,92.79454442650665,636.0787759693671,432.9927411757478,996.312451689549,495.4827082697322,620.6569473034731,HIT,True,1214.2550994846924
2026_07_21_gym,flight_24,30,0,450,ok,True,13,13,216.3254831464437,748.4528193506417,432.9927411757478,996.312451689549,329.2098085493738,429.36290063682577,HIT,True,1191.193873779148
2026_07_21_gym,flight_24,30,0,490,ok,True,14,14,158.28863702498433,731.2742202851476,432.9927411757478,996.312451689549,381.7166605523612,485.42511340725207,HIT,True,1197.4146636645428
2026_07_21_gym,flight_24,30,0,500,ok,True,15,15,289.9038892699476,801.6056179608261,432.9927411757478,996.312451689549,241.63023536052887,330.35790882042363,HIT,True,1180.7193075588445
2026_07_21_gym,flight_24,30,0,550,ok,True,16,16,306.3561903291901,804.9026110763626,432.9927411757478,996.312451689549,229.5093529551208,314.24325426779745,HIT,True,1179.4392415160985
2026_07_21_gym,flight_24,30,0,600,ok,True,18,18,322.0271674754578,874.8557511669375,432.9927411757478,996.312451689549,164.51470648083057,222.12119207771912,HIT,True,1171.1693432084676
2026_07_21_gym,flight_24,30,0,650,ok,True,19,19,345.71650760322365,890.6958724069777,432.9927411757478,996.312451689549,137.0109585615598,182.80403618420831,HIT,True,1167.9084967893352
2026_07_21_gym,flight_24,30,0,700,ok,True,21,21,340.0572545809524,879.7343876104503,432.9927411757478,996.312451689549,149.08873093913516,215.65714762719483,HIT,True,1171.2678340335967
2026_07_21_gym,flight_24,30,0,750,ok,True,22,22,318.20947726229684,866.8204697971756,432.9927411757478,996.312451689549,173.0415298390525,254.61547065356808,HIT,True,1173.813330624153
2026_07_21_gym,flight_24,30,0,800,ok,True,23,23,387.03834359694076,910.2081940640558,432.9927411757478,996.312451689549,97.59994794091018,130.60979900243092,HIT,True,1165.2418746565052
2026_07_21_gym,flight_24,30,0,850,ok,True,24,24,362.5060293875998,902.2501597839872,432.9927411757478,996.312451689549,117.54187040043456,179.53461932368052,HIT,True,1167.8504385701954
2026_07_21_gym,flight_24,30,0,900,ok,True,26,26,356.41628189174395,904.2730603628687,432.9927411757478,996.312451689549,119.72971090026273,187.32034406427684,HIT,True,1167.0063896939594
2026_07_21_gym,flight_24,30,0,950,ok,True,27,27,384.8051327396876,930.3847509692881,432.9927411757478,996.312451689549,81.6609290239056,128.2739793628799,HIT,True,1162.9367268439103
2026_07_21_gym,flight_24,30,0,1000,ok,True,29,29,390.1412419462886,929.9593730314095,432.9927411757478,996.312451689549,78.98722702833408,142.44949508995057,HIT,True,1163.3495821192494
2026_07_21_gym,flight_24,30,0,1050,ok,True,30,30,386.32939142326404,931.8819054199456,432.9927411757478,996.312451689549,79.5535260231885,138.91092531951253,HIT,True,1163.2888231302422
2026_07_21_gym,flight_24,30,0,1100,ok,True,32,32,385.866042400058,967.1329952346207,432.9927411757478,996.312451689549,55.428931222779866,113.93379322006264,HIT,True,1159.0325710895768
2026_07_21_gym,flight_24,30,0,1150,ok,True,33,33,411.08100250229364,974.7364793540323,432.9927411757478,996.312451689549,30.751371903001793,72.42710018243702,HIT,True,1158.1848219446995
2026_07_21_gym,flight_24,30,0,1200,ok,False,35,35,437.99206814169844,1007.6085840955818,432.9927411757478,996.312451689549,12.35297038963123,34.83329564851557,HIT,True,1153.848455228702
2026_07_21_gym,flight_24,30,0,1250,ok,False,36,36,437.992109923602,1007.6079521912313,432.9927411757478,996.312451689549,12.352409459717856,34.83276179782394,HIT,True,1153.8485663058675
2026_07_21_gym,flight_25,30,0,150,not_fit_eligible,True,5,5,,,,,,,,,
2026_07_21_gym,flight_25,30,0,200,not_fit_eligible,True,7,7,,,,,,,,,
2026_07_21_gym,flight_25,30,0,250,fit_failed,True,8,8,,,,,,,,,
2026_07_21_gym,flight_25,30,0,300,fit_failed,True,10,10,,,,,,,,,
2026_07_21_gym,flight_25,30,0,350,fit_failed,True,11,11,,,,,,,,,
2026_07_21_gym,flight_25,30,0,400,fit_failed,True,13,13,,,,,,,,,
2026_07_21_gym,flight_25,30,0,450,ok,True,14,14,1060.5512194201906,2116.0711025748715,831.7024681173147,2201.3766310655105,244.23100573832306,310.68635075827893,MISS_HIGH_WIDE,True,1021.4155138661629
2026_07_21_gym,flight_25,30,0,490,ok,True,15,15,1060.551247739427,2116.070993487091,831.7024681173147,2201.3766310655105,244.23107037637698,310.68637338577435,MISS_HIGH_WIDE,True,1021.4155387412802
2026_07_21_gym,flight_25,30,0,500,ok,True,16,16,1060.55132410823,2116.0706993088234,831.7024681173147,2201.3766310655105,244.2312446867256,310.6864344055772,MISS_HIGH_WIDE,True,1021.4156058222883
2026_07_21_gym,flight_25,30,0,550,ok,True,17,17,1026.545174244371,2108.568834099724,831.7024681173147,2201.3766310655105,215.8169764141763,275.5296033390223,MISS_HIGH_WIDE,True,1023.9637652752751
2026_07_21_gym,flight_25,30,0,600,ok,True,19,19,833.4351131783093,2145.154216920505,831.7024681173147,2201.3766310655105,56.24910587022618,70.33992562181419,MISS_HIGH_WIDE,True,1033.2393108954486
2026_07_21_gym,flight_25,30,0,650,ok,True,20,20,665.4801793930015,2182.412629118388,831.7024681173147,2201.3766310655105,167.30057572704098,225.88208044706508,MISS_HIGH_WIDE,True,1041.8168902617874
2026_07_21_gym,flight_25,30,0,700,ok,True,22,22,853.3289748341451,2193.292300966343,831.7024681173147,2201.3766310655105,23.088139507665336,79.99763445844529,MISS_HIGH_WIDE,True,1028.2693758966445
2026_07_21_gym,flight_25,30,0,750,ok,True,23,23,782.5659520298647,2192.684707705083,831.7024681173147,2201.3766310655105,49.899366177495466,99.8289027626546,MISS_HIGH_WIDE,True,1032.8944010488635
2026_07_21_gym,flight_25,30,0,800,ok,True,25,25,770.4530909818667,2193.2456012942052,831.7024681173147,2201.3766310655105,61.78672870950677,98.85654991195462,MISS_HIGH_WIDE,True,1032.5996530426514
2026_07_21_gym,flight_25,30,0,850,ok,True,26,26,831.0551504195346,2210.572359678458,831.7024681173147,2201.3766310655105,9.218483873438004,59.74982097628447,MISS_HIGH_WIDE,True,1027.3302516365661
2026_07_21_gym,flight_25,30,0,900,ok,True,28,28,794.7591495817054,2209.1940806347916,831.7024681173147,2201.3766310655105,37.761373150241006,68.947756822733,MISS_HIGH_WIDE,True,1030.1633653412775
2026_07_21_gym,flight_25,30,0,950,ok,True,28,28,794.7591495817054,2209.1940806347916,831.7024681173147,2201.3766310655105,37.761373150241006,68.947756822733,MISS_HIGH_WIDE,True,1030.1633653412775
2026_07_21_gym,flight_25,30,0,1000,ok,True,30,30,765.4774476296705,2229.6576534081964,831.7024681173147,2201.3766310655105,72.0108989204856,88.7934236309901,MISS_HIGH_WIDE,True,1026.89033813151
2026_07_21_gym,flight_25,30,0,1050,ok,True,31,31,754.1298370005013,2223.877015588922,831.7024681173147,2201.3766310655105,80.76992263266426,137.05504405346565,MISS_HIGH_WIDE,True,1028.5207236011838
2026_07_21_gym,flight_25,30,0,1100,ok,False,32,32,834.2571001089111,2198.107663629415,831.7024681173147,2201.3766310655105,4.148770023843249,22.717032018489338,MISS_HIGH_WIDE,True,1029.8890502344973
2026_07_21_gym,flight_25,30,0,1150,ok,False,33,33,834.9799688882754,2205.494445513646,831.7024681173147,2201.3766310655105,5.262927619958465,50.911745783273076,MISS_HIGH_WIDE,True,1029.2886181526708
2026_07_21_gym,flight_25,30,0,1200,ok,False,35,35,839.0692090316005,2205.35826900449,831.7024681173147,2201.3766310655105,8.37390663760553,35.97128451760708,MISS_HIGH_WIDE,True,1030.5960154025852
2026_07_21_gym,flight_25,30,0,1250,ok,False,36,36,811.4140306866288,2212.659093329852,831.7024681173147,2201.3766310655105,23.214535276958365,39.41874029151712,MISS_HIGH_WIDE,True,1028.2908283834565
2026_07_21_gym,flight_29,30,0,150,not_fit_eligible,True,5,5,,,,,,,,,
2026_07_21_gym,flight_29,30,0,200,not_fit_eligible,True,7,7,,,,,,,,,
2026_07_21_gym,flight_29,30,0,250,fit_failed,True,8,8,,,,,,,,,
2026_07_21_gym,flight_29,30,0,300,fit_failed,True,10,10,,,,,,,,,
2026_07_21_gym,flight_29,30,0,350,ok,True,11,11,-421.8196406352772,848.5988211303752,-272.75026199371473,1212.0085671278782,392.7955233127679,475.1097249841902,MISS_HIGH_WIDE,True,1336.7835528694775
2026_07_21_gym,flight_29,30,0,400,ok,True,13,13,-306.5791958611172,935.9281156242508,-272.75026199371473,1212.0085671278782,278.14530819169295,325.55334349078026,MISS_HIGH_WIDE,True,1315.5904169705223
2026_07_21_gym,flight_29,30,0,450,ok,True,14,14,-306.57920163186463,935.9265636946344,-272.75026199371473,1212.0085671278782,278.14684930222603,325.55513516935343,MISS_HIGH_WIDE,True,1315.5906616506009
2026_07_21_gym,flight_29,30,0,490,ok,True,15,15,-235.4588020013546,976.6243338934459,-272.75026199371473,1212.0085671278782,238.3199325354962,280.6666627690341,MISS_HIGH_WIDE,True,1310.4755710150698
2026_07_21_gym,flight_29,30,0,500,ok,True,16,16,-287.3094807314982,996.9069715616282,-272.75026199371473,1212.0085671278782,215.5937551632728,273.1484563304027,MISS_HIGH_WIDE,True,1312.2432194500632
2026_07_21_gym,flight_29,30,0,550,ok,True,17,17,-313.0212250432148,1022.4170629743975,-272.75026199371473,1212.0085671278782,193.82128085458908,248.2517733062702,MISS_HIGH_WIDE,True,1310.0323865641355
2026_07_21_gym,flight_29,30,0,600,ok,True,19,19,-251.24176882190656,1048.7155773289917,-272.75026199371473,1212.0085671278782,164.70341768154353,199.53700713833712,MISS_HIGH_WIDE,True,1302.450294857525
2026_07_21_gym,flight_29,30,0,650,ok,True,20,20,-262.6014009461414,1107.0527962933982,-272.75026199371473,1212.0085671278782,105.44530910392766,127.52382324216936,MISS_HIGH_WIDE,True,1295.2584498423362
2026_07_21_gym,flight_29,30,0,700,ok,True,22,22,-246.80460398722397,1132.3149393772994,-272.75026199371473,1212.0085671278782,83.81080761714207,105.88596405757721,MISS_HIGH_WIDE,True,1293.537159298881
2026_07_21_gym,flight_29,30,0,750,ok,True,23,23,-312.14826828497354,1094.973225486059,-272.75026199371473,1212.0085671278782,123.48876099849504,168.48013270536057,MISS_HIGH_WIDE,True,1302.5104791324288
2026_07_21_gym,flight_29,30,0,800,ok,True,25,25,-223.96607317518846,1105.407853734627,-272.75026199371473,1212.0085671278782,117.23314025748742,131.63947228478895,MISS_HIGH_WIDE,True,1294.1702488049868
2026_07_21_gym,flight_29,30,0,850,ok,True,26,26,-248.08817580877587,1113.7799994708234,-272.75026199371473,1212.0085671278782,101.27719387379342,124.18900285491341,MISS_HIGH_WIDE,True,1294.5630418046976
2026_07_21_gym,flight_29,30,0,900,ok,True,28,28,-220.8931489495397,1179.679746259225,-272.75026199371473,1212.0085671278782,61.10902414565143,59.32995807903258,MISS_HIGH_WIDE,True,1284.5312202229413
2026_07_21_gym,flight_29,30,0,950,ok,True,29,29,-227.41365052404169,1184.3327227092602,-272.75026199371473,1212.0085671278782,53.116482412106684,51.958163404540166,MISS_HIGH_WIDE,True,1284.3892022935065
2026_07_21_gym,flight_29,30,0,1000,ok,True,31,31,-241.08937958404877,1192.3780989126824,-272.75026199371473,1212.0085671278782,37.25274160792074,33.297765139770725,MISS_HIGH_WIDE,True,1283.5745581462754
2026_07_21_gym,flight_29,30,0,1050,ok,True,32,32,-313.509058495546,1189.0711496200781,-272.75026199371473,1212.0085671278782,46.76969760651472,47.77400062388581,MISS_HIGH_WIDE,True,1287.2256633923955
2026_07_21_gym,flight_29,30,0,1100,ok,True,34,34,-228.28555017989916,1193.9434512879607,-272.75026199371473,1212.0085671278782,47.99436432535918,40.860675276639235,MISS_HIGH_WIDE,True,1283.0225260409954
2026_07_21_gym,flight_29,30,0,1150,ok,True,35,35,-234.32315462294162,1191.1833747778785,-272.75026199371473,1212.0085671278782,43.70733596662478,41.97832918279014,MISS_HIGH_WIDE,True,1283.6266045716545
2026_07_21_gym,flight_29,30,0,1200,ok,True,37,37,-269.7357380418489,1213.4549847155934,-272.75026199371473,1212.0085671278782,3.343572714092592,9.87566613984034,MISS_HIGH_WIDE,True,1281.7284283578908
2026_07_21_gym,flight_29,30,0,1250,ok,True,38,38,-245.40019955982228,1196.8512344790608,-272.75026199371473,1212.0085671278782,31.269324395719202,29.909307220444667,MISS_HIGH_WIDE,True,1283.107095540589
2026_07_21_gym,flight_3,30,0,150,not_fit_eligible,True,5,5,,,,,,,,,
2026_07_21_gym,flight_3,30,0,200,not_fit_eligible,True,7,7,,,,,,,,,
2026_07_21_gym,flight_3,30,0,250,ok,True,8,8,258.49685601019047,1169.1832967058003,197.60760318219624,1256.7684731335632,106.67082187662079,246.71526310742436,HIT,True,518.5775372338575
2026_07_21_gym,flight_3,30,0,300,ok,True,10,10,239.87354233247504,1193.0316447694152,197.60760318219624,1256.7684731335632,76.4774012514543,190.33534221020827,HIT,True,519.1097264052387
2026_07_21_gym,flight_3,30,0,350,ok,True,11,11,238.31163693463756,1192.4104700510964,197.60760318219624,1256.7684731335632,76.14966135500998,187.09100639698102,HIT,True,518.7083094435217
2026_07_21_gym,flight_3,30,0,400,ok,True,13,13,165.10012857613995,1220.2486123342185,197.60760318219624,1256.7684731335632,48.892086661001834,121.1329960515032,HIT,True,517.4137012001579
2026_07_21_gym,flight_3,30,0,450,ok,True,14,14,137.3147476140735,1232.506851834368,197.60760318219624,1256.7684731335632,64.99118940767336,151.08884001996117,HIT,True,516.456377460201
2026_07_21_gym,flight_3,30,0,490,ok,True,14,14,137.3147476140735,1232.506851834368,197.60760318219624,1256.7684731335632,64.99118940767336,151.08884001996117,HIT,True,516.456377460201
2026_07_21_gym,flight_3,30,0,500,ok,True,15,15,133.11466675974245,1229.3171649291219,197.60760318219624,1256.7684731335632,70.09217624332902,193.88019420075855,HIT,True,516.3342394830187
2026_07_21_gym,flight_3,30,0,550,ok,False,16,16,148.6521944248079,1227.689299706075,197.60760318219624,1256.7684731335632,56.940586349535565,136.29880553196563,HIT,True,516.6030656188022
2026_07_21_gym,flight_3,30,0,600,fit_failed,False,18,18,,,,,,,,,
2026_07_21_gym,flight_3,30,0,650,ok,False,19,19,206.84383826445762,1255.2481861451884,197.60760318219624,1256.7684731335632,9.360518736791127,31.580911918276602,HIT,True,515.1479599621231
2026_07_21_gym,flight_3,30,0,700,ok,False,20,20,226.71039875377375,1258.6292821044049,197.60760318219624,1256.7684731335632,29.162224196844036,63.85252370767774,HIT,True,516.2050160848685
2026_07_21_gym,flight_3,30,0,750,ok,False,20,20,226.71039875377375,1258.6292821044049,197.60760318219624,1256.7684731335632,29.162224196844036,63.85252370767774,HIT,True,516.2050160848685
2026_07_21_gym,flight_3,30,0,800,ok,False,20,20,226.71039875377375,1258.6292821044049,197.60760318219624,1256.7684731335632,29.162224196844036,63.85252370767774,HIT,True,516.2050160848685
2026_07_21_gym,flight_3,30,0,850,ok,False,20,20,226.71039875377375,1258.6292821044049,197.60760318219624,1256.7684731335632,29.162224196844036,63.85252370767774,HIT,True,516.2050160848685
2026_07_21_gym,flight_3,30,0,900,ok,False,20,20,226.71039875377375,1258.6292821044049,197.60760318219624,1256.7684731335632,29.162224196844036,63.85252370767774,HIT,True,516.2050160848685
2026_07_21_gym,flight_3,30,0,950,ok,False,20,20,226.71039875377375,1258.6292821044049,197.60760318219624,1256.7684731335632,29.162224196844036,63.85252370767774,HIT,True,516.2050160848685
2026_07_21_gym,flight_3,30,0,1000,ok,False,20,20,226.71039875377375,1258.6292821044049,197.60760318219624,1256.7684731335632,29.162224196844036,63.85252370767774,HIT,True,516.2050160848685
2026_07_21_gym,flight_3,30,0,1050,ok,False,20,20,226.71039875377375,1258.6292821044049,197.60760318219624,1256.7684731335632,29.162224196844036,63.85252370767774,HIT,True,516.2050160848685
2026_07_21_gym,flight_3,30,0,1100,ok,False,20,20,226.71039875377375,1258.6292821044049,197.60760318219624,1256.7684731335632,29.162224196844036,63.85252370767774,HIT,True,516.2050160848685
2026_07_21_gym,flight_3,30,0,1150,ok,False,20,20,226.71039875377375,1258.6292821044049,197.60760318219624,1256.7684731335632,29.162224196844036,63.85252370767774,HIT,True,516.2050160848685
2026_07_21_gym,flight_3,30,0,1200,ok,False,20,20,226.71039875377375,1258.6292821044049,197.60760318219624,1256.7684731335632,29.162224196844036,63.85252370767774,HIT,True,516.2050160848685
2026_07_21_gym,flight_3,30,0,1250,ok,False,20,20,226.71039875377375,1258.6292821044049,197.60760318219624,1256.7684731335632,29.162224196844036,63.85252370767774,HIT,True,516.2050160848685
2026_07_21_gym,flight_35,30,0,150,not_fit_eligible,True,5,5,,,,,,,,,
2026_07_21_gym,flight_35,30,0,200,not_fit_eligible,True,7,7,,,,,,,,,
2026_07_21_gym,flight_35,30,0,250,fit_failed,True,8,8,,,,,,,,,
2026_07_21_gym,flight_35,30,0,300,fit_failed,True,10,10,,,,,,,,,
2026_07_21_gym,flight_35,30,0,350,fit_failed,True,11,11,,,,,,,,,
2026_07_21_gym,flight_35,30,0,400,fit_failed,True,13,13,,,,,,,,,
2026_07_21_gym,flight_35,30,0,450,ok,True,14,14,735.2129109665805,2118.85011666578,842.2946569994792,2297.103065226605,207.94377606478696,315.3372244012332,MISS_HIGH_WIDE,True,1197.2970969543799
2026_07_21_gym,flight_35,30,0,490,ok,True,15,15,664.7533760099084,2032.1987109252957,842.2946569994792,2297.103065226605,318.89688518894525,480.8123055901056,MISS_HIGH_WIDE,True,1213.1406279463267
2026_07_21_gym,flight_35,30,0,500,ok,True,16,16,788.9088488905926,2145.3475326678954,842.2946569994792,2297.103065226605,160.87195582082174,246.1752598621623,MISS_HIGH_WIDE,True,1189.9552140524152
2026_07_21_gym,flight_35,30,0,550,ok,True,16,16,788.9088488905926,2145.3475326678954,842.2946569994792,2297.103065226605,160.87195582082174,246.1752598621623,MISS_HIGH_WIDE,True,1189.9552140524152
2026_07_21_gym,flight_35,30,0,600,ok,True,18,18,1027.533354379737,2263.836426992166,842.2946569994792,2297.103065226605,188.20213661527794,267.25682948759834,MISS_HIGH_WIDE,True,1158.113295250423
2026_07_21_gym,flight_35,30,0,650,ok,True,19,19,916.8263569336356,2215.647342941098,842.2946569994792,2297.103065226605,110.40837372286916,131.80560770027736,MISS_HIGH_WIDE,True,1171.219596976683
2026_07_21_gym,flight_35,30,0,700,ok,True,21,21,1002.2451815516779,2263.9129010250153,842.2946569994792,2297.103065226605,163.35775862888173,246.97133968299102,MISS_HIGH_WIDE,True,1160.442618565726
2026_07_21_gym,flight_35,30,0,750,ok,True,22,22,997.2373958490781,2263.2190723975086,842.2946569994792,2297.103065226605,158.60446807154347,234.9714371946251,MISS_HIGH_WIDE,True,1161.0207100766877
2026_07_21_gym,flight_35,30,0,800,ok,True,24,24,931.9508291118569,2269.5342653796893,842.2946569994792,2297.103065226605,93.79908273988393,152.01042763171407,MISS_HIGH_WIDE,True,1165.0955475886035
2026_07_21_gym,flight_35,30,0,850,ok,True,25,25,996.2466395589879,2259.841020900226,842.2946569994792,2297.103065226605,158.3971997270921,232.64375572409003,MISS_HIGH_WIDE,True,1163.4595847611795
2026_07_21_gym,flight_35,30,0,900,ok,True,26,26,852.6406574311128,2273.895711990623,842.2946569994792,2297.103065226605,25.40907257557816,31.27137788828911,MISS_HIGH_WIDE,True,1170.4276636723246
2026_07_21_gym,flight_35,30,0,950,ok,True,27,27,825.3058623782312,2273.2658378307024,842.2946569994792,2297.103065226605,29.271702249901963,44.46375579855826,MISS_HIGH_WIDE,True,1171.9013868551829
2026_07_21_gym,flight_35,30,0,1000,ok,True,29,29,876.5946449924927,2270.516655775973,842.2946569994792,2297.103065226605,43.397308024778646,59.146788287306244,MISS_HIGH_WIDE,True,1170.357230123212
2026_07_21_gym,flight_35,30,0,1050,ok,True,30,30,940.4195095729812,2273.39252178478,842.2946569994792,2297.103065226605,100.94888093920682,173.13945197410612,MISS_HIGH_WIDE,True,1166.5937272676715
2026_07_21_gym,flight_35,30,0,1100,ok,True,32,32,867.7016418416421,2264.6648441164843,842.2946569994792,2297.103065226605,41.20379918841181,52.85632851036584,MISS_HIGH_WIDE,True,1172.5234077936154
2026_07_21_gym,flight_35,30,0,1150,ok,True,33,33,887.3573285211337,2263.658196213047,842.2946569994792,2297.103065226605,56.11776570750625,62.076385272329475,MISS_HIGH_WIDE,True,1172.0788048454194
2026_07_21_gym,flight_35,30,0,1200,ok,False,35,35,870.4407246880658,2270.8285432146627,842.2946569994792,2297.103065226605,38.50391711613942,44.724570977506446,MISS_HIGH_WIDE,True,1171.451502101372
2026_07_21_gym,flight_35,30,0,1250,ok,False,36,36,872.9817024341911,2271.513357132462,842.2946569994792,2297.103065226605,39.956575401997675,50.35080136676291,MISS_HIGH_WIDE,True,1171.454179897308
2026_07_21_gym,flight_36,30,0,150,not_fit_eligible,True,5,5,,,,,,,,,
2026_07_21_gym,flight_36,30,0,200,not_fit_eligible,True,7,7,,,,,,,,,
2026_07_21_gym,flight_36,30,0,250,fit_failed,True,8,8,,,,,,,,,
2026_07_21_gym,flight_36,30,0,300,fit_failed,True,10,10,,,,,,,,,
2026_07_21_gym,flight_36,30,0,350,ok,True,11,11,730.9320245966854,728.2312143307387,782.5342995133234,1118.152950075591,393.32143951588847,457.57112664286404,HIT,True,1286.3427779732924
2026_07_21_gym,flight_36,30,0,400,ok,True,13,13,719.9182893750458,823.4152428429846,782.5342995133234,1118.152950075591,301.3155833845479,343.0100354776779,HIT,True,1271.7436006426053
2026_07_21_gym,flight_36,30,0,450,ok,True,14,14,699.0394875777671,818.0575789779754,782.5342995133234,1118.152950075591,311.4941658753331,368.97888456930383,HIT,True,1276.4772981929632
2026_07_21_gym,flight_36,30,0,490,ok,True,15,15,680.3745678189362,852.3583665365622,782.5342995133234,1118.152950075591,284.7514203977829,343.5750084582974,HIT,True,1274.2773348502665
2026_07_21_gym,flight_36,30,0,500,ok,True,16,16,641.1369856823817,840.0425316263145,782.5342995133234,1118.152950075591,311.99135438123517,375.8731497992756,HIT,True,1276.0497730070106
2026_07_21_gym,flight_36,30,0,550,ok,True,17,17,697.7345302307842,865.0295566887577,782.5342995133234,1118.152950075591,266.9502821688665,314.068922086529,HIT,True,1269.7052013878063
2026_07_21_gym,flight_36,30,0,600,ok,True,19,19,598.9487135206999,856.139764300378,782.5342995133234,1118.152950075591,319.9290185405681,387.9546437505887,HIT,True,1277.6146505140325
2026_07_21_gym,flight_36,30,0,650,ok,True,20,20,698.49021802584,925.5213664551687,782.5342995133234,1118.152950075591,210.1673967131593,255.51109734273436,HIT,True,1262.8155559189645
2026_07_21_gym,flight_36,30,0,700,ok,True,22,22,738.4895351650321,953.7802669723958,782.5342995133234,1118.152950075591,170.17144360038773,207.07972603183782,HIT,True,1259.2788153274594
2026_07_21_gym,flight_36,30,0,750,ok,True,23,23,711.6688381892857,1000.8118193055404,782.5342995133234,1118.152950075591,137.07973803251446,174.46412686612828,HIT,True,1255.8245540732748
2026_07_21_gym,flight_36,30,0,800,ok,True,25,25,696.5875457654482,1034.7528357856936,782.5342995133234,1118.152950075591,119.75985781289921,156.29712258041542,HIT,True,1251.8522504309303
2026_07_21_gym,flight_36,30,0,850,ok,True,26,26,708.3049386144038,1053.0474309136769,782.5342995133234,1118.152950075591,98.73564019544523,124.51548623030156,HIT,True,1249.8550484535308
2026_07_21_gym,flight_36,30,0,900,ok,True,28,28,711.8992484876227,1062.878963138235,782.5342995133234,1118.152950075591,89.69127084256502,122.16916287350739,HIT,True,1247.996479654698
2026_07_21_gym,flight_36,30,0,950,ok,True,29,29,723.7626785449878,1070.7626925823517,782.5342995133234,1118.152950075591,75.49794657155398,94.22620474934318,HIT,True,1246.8654097701415
2026_07_21_gym,flight_36,30,0,1000,ok,True,31,31,773.741563992583,1124.4283772796298,782.5342995133234,1118.152950075591,10.802461966185307,20.309116666854564,HIT,True,1238.9228819607124
2026_07_21_gym,flight_36,30,0,1050,ok,True,32,32,776.3016604801181,1123.5889123956629,782.5342995133234,1118.152950075591,8.270155721839535,22.971799249045226,HIT,True,1238.3823509288789
2026_07_21_gym,flight_36,30,0,1100,ok,True,33,33,763.9532136531749,1080.5641263931725,782.5342995133234,1118.152950075591,41.930614323786806,66.99115404452952,HIT,True,1244.5457890630164
2026_07_21_gym,flight_36,30,0,1150,ok,True,34,34,781.0464059686165,1094.496220974187,782.5342995133234,1118.152950075591,23.703473563543213,34.10741680141051,HIT,True,1243.2807458111763
2026_07_21_gym,flight_36,30,0,1200,ok,True,36,36,809.9744435813313,1116.4666752831833,782.5342995133234,1118.152950075591,27.49190843045534,54.01303909232644,HIT,True,1239.5294216467244
2026_07_21_gym,flight_36,30,0,1250,ok,True,37,37,776.785204670834,1105.8233133573901,782.5342995133234,1118.152950075591,13.604118240839599,19.693263780837572,HIT,True,1242.3266465331822
2026_07_21_gym,flight_39,30,0,150,not_fit_eligible,True,5,5,,,,,,,,,
2026_07_21_gym,flight_39,30,0,200,not_fit_eligible,True,7,7,,,,,,,,,
2026_07_21_gym,flight_39,30,0,250,fit_failed,True,8,8,,,,,,,,,
2026_07_21_gym,flight_39,30,0,300,fit_failed,True,10,10,,,,,,,,,
2026_07_21_gym,flight_39,30,0,350,fit_failed,True,11,11,,,,,,,,,
2026_07_21_gym,flight_39,30,0,400,ok,True,13,13,316.72574395301854,997.8773169121515,478.24342276910716,1244.9033375705076,295.14371999491993,381.0129801338287,HIT,True,1280.5786081327592
2026_07_21_gym,flight_39,30,0,450,ok,True,14,14,237.04529788923855,1038.9768680633797,478.24342276910716,1244.9033375705076,317.1470420628809,385.8412283974209,HIT,True,1281.1606000508796
2026_07_21_gym,flight_39,30,0,490,ok,True,15,15,240.5555923126298,1061.1340844309354,478.24342276910716,1244.9033375705076,300.4440765709706,355.102421849898,HIT,True,1276.2412669570135
2026_07_21_gym,flight_39,30,0,500,ok,True,16,16,334.9820474915113,1051.692793536104,478.24342276910716,1244.9033375705076,240.52886723322487,310.1690078751503,HIT,True,1270.6468472942072
2026_07_21_gym,flight_39,30,0,550,ok,True,17,17,437.0507907106499,1109.9122651130083,478.24342276910716,1244.9033375705076,141.1361845138562,190.24517335820812,HIT,True,1259.5071632033096
2026_07_21_gym,flight_39,30,0,600,ok,True,19,19,294.5329577318108,1123.1874041268952,478.24342276910716,1244.9033375705076,220.37310048703665,269.3223000782259,HIT,True,1266.3022189630935
2026_07_21_gym,flight_39,30,0,650,ok,True,20,20,347.82581579649457,1158.164092537663,478.24342276910716,1244.9033375705076,156.62837813541546,198.52301728777456,HIT,True,1257.5958202033216
2026_07_21_gym,flight_39,30,0,700,ok,True,22,22,439.47043060780277,1224.576769514799,478.24342276910716,1244.9033375705076,43.77801149051796,47.543005124873076,HIT,True,1243.0456535773249
2026_07_21_gym,flight_39,30,0,750,ok,True,23,23,466.1867103772855,1267.4638063588736,478.24342276910716,1244.9033375705076,25.580052104128796,29.78739206442135,HIT,True,1235.8787188136503
2026_07_21_gym,flight_39,30,0,800,ok,True,25,25,431.5516334311583,1236.9853774373414,478.24342276910716,1244.9033375705076,47.35839190945788,39.705919080227204,HIT,True,1241.733849968235
2026_07_21_gym,flight_39,30,0,850,ok,True,26,26,415.0117143952114,1257.463146386882,478.24342276910716,1244.9033375705076,64.46702832755109,53.711629717102895,HIT,True,1238.6686756774607
2026_07_21_gym,flight_39,30,0,900,ok,True,28,28,503.1212156685911,1232.657883542579,478.24342276910716,1244.9033375705076,27.728247761078013,41.10327728078205,HIT,True,1237.13473985257
2026_07_21_gym,flight_39,30,0,950,ok,True,29,29,452.4302159649111,1274.1940574383411,478.24342276910716,1244.9033375705076,39.04187387782627,39.74022996417365,HIT,True,1234.2536882727327
2026_07_21_gym,flight_39,30,0,1000,ok,True,31,31,505.4880541290692,1232.3404464797138,478.24342276910716,1244.9033375705076,30.001602798840146,47.912609728586986,HIT,True,1237.0224687048349
2026_07_21_gym,flight_39,30,0,1050,ok,True,32,32,493.3073294719573,1247.4639346059319,478.24342276910716,1244.9033375705076,15.279985023880004,38.83385826471646,HIT,True,1235.383515804131
2026_07_21_gym,flight_39,30,0,1100,ok,True,34,34,437.0055417800865,1293.4787984112268,478.24342276910716,1244.9033375705076,63.71921393389026,77.48450497882573,HIT,True,1229.925328053558
2026_07_21_gym,flight_39,30,0,1150,ok,True,35,35,527.7698745239014,1212.0283436255097,478.24342276910716,1244.9033375705076,59.44438283222066,66.08168625439676,HIT,True,1239.316149105611
2026_07_21_gym,flight_39,30,0,1200,ok,True,37,37,478.8717951377361,1262.110167684935,478.24342276910716,1244.9033375705076,17.218299986364062,38.26506915526269,HIT,True,1233.9029151798088
2026_07_21_gym,flight_39,30,0,1250,ok,False,38,38,493.96650786717436,1254.679019733374,478.24342276910716,1244.9033375705076,18.514301681415002,43.34298067062647,HIT,True,1235.5585014047558
2026_07_21_gym,flight_40,30,0,150,not_fit_eligible,True,5,5,,,,,,,,,
2026_07_21_gym,flight_40,30,0,200,not_fit_eligible,True,7,7,,,,,,,,,
2026_07_21_gym,flight_40,30,0,250,fit_failed,True,8,8,,,,,,,,,
2026_07_21_gym,flight_40,30,0,300,fit_failed,True,10,10,,,,,,,,,
2026_07_21_gym,flight_40,30,0,350,fit_failed,True,11,11,,,,,,,,,
2026_07_21_gym,flight_40,30,0,400,ok,True,13,13,1127.9913563704,1024.5119399011733,1086.8140067038262,1172.412062619012,153.52530874587103,192.22438700404516,HIT,True,1098.0028790486208
2026_07_21_gym,flight_40,30,0,450,ok,True,14,14,1171.0706432386971,1043.4915967830614,1086.8140067038262,1172.412062619012,154.0119063953429,150.1907844262312,HIT,True,1092.8905063167776
2026_07_21_gym,flight_40,30,0,490,ok,True,15,15,1146.6324585858201,1036.4394284822176,1086.8140067038262,1172.412062619012,148.54899669690454,182.6467931807437,HIT,True,1098.7242874952713
2026_07_21_gym,flight_40,30,0,500,ok,True,16,16,1146.6325452710857,1036.4389139739274,1086.8140067038262,1172.412062619012,148.54950255312536,182.64749547517607,HIT,True,1098.7243810605703
2026_07_21_gym,flight_40,30,0,550,ok,True,17,17,1119.5236166928198,1040.2766603473365,1086.8140067038262,1172.412062619012,136.12377866900985,187.54229300554513,HIT,True,1099.1699593233957
2026_07_21_gym,flight_40,30,0,600,ok,True,19,19,868.6443724815942,963.6597773307592,1086.8140067038262,1172.412062619012,301.95282066861137,521.1798694095424,HIT,True,1123.2428715364501
2026_07_21_gym,flight_40,30,0,650,ok,True,20,20,868.6443095420163,963.6604166911854,1086.8140067038262,1172.412062619012,301.95242412878963,521.179313991592,HIT,True,1123.242757903136
2026_07_21_gym,flight_40,30,0,700,ok,True,22,22,1023.5805041554565,1128.164434594869,1086.8140067038262,1172.412062619012,77.17725332180201,162.1821230429047,HIT,True,1093.1335472417832
2026_07_21_gym,flight_40,30,0,750,ok,True,23,23,1039.6266523317001,1097.721940710837,1086.8140067038262,1172.412062619012,88.34738662404581,160.38959177897144,HIT,True,1095.7625665043372
2026_07_21_gym,flight_40,30,0,800,ok,True,25,25,1053.7718736694771,1127.4452792902528,1086.8140067038262,1172.412062619012,55.801381330529786,133.5820809533004,HIT,True,1092.818799056174
2026_07_21_gym,flight_40,30,0,850,ok,True,26,26,1016.9116053759482,1124.3134558979689,1086.8140067038262,1172.412062619012,84.85176297466832,195.4308179939254,HIT,True,1094.3983838270708
2026_07_21_gym,flight_40,30,0,900,ok,True,28,28,1032.2414802792475,1154.3662451087198,1086.8140067038262,1172.412062619012,57.4787975689828,137.0482279913955,HIT,True,1089.4295635115711
2026_07_21_gym,flight_40,30,0,950,ok,True,29,29,1056.3993422597698,1143.6646113142497,1086.8140067038262,1172.412062619012,41.850540853903276,87.06913924036859,HIT,True,1087.9151869691143
2026_07_21_gym,flight_40,30,0,1000,ok,True,30,30,1056.3994618896143,1143.663864569924,1086.8140067038262,1172.412062619012,41.85096686249063,87.06958927271245,HIT,True,1087.9153260628361
2026_07_21_gym,flight_40,30,0,1050,ok,True,31,31,1057.8531720739106,1143.750658223347,1086.8140067038262,1172.412062619012,40.74562607683378,90.54426854755715,HIT,True,1087.8477313887522
2026_07_21_gym,flight_40,30,0,1100,ok,True,33,33,1040.2899928404129,1159.1458686052572,1086.8140067038262,1172.412062619012,48.37846390258434,122.95020289107771,HIT,True,1086.8482781858252
2026_07_21_gym,flight_40,30,0,1150,ok,False,34,34,1065.5840398418416,1168.083039545202,1086.8140067038262,1172.412062619012,21.666839495748913,86.68155297898714,HIT,True,1085.88605845363
2026_07_21_gym,flight_40,30,0,1200,ok,False,36,36,1094.757115038225,1158.6326141779987,1086.8140067038262,1172.412062619012,15.90491022767939,52.931555693432564,HIT,True,1087.5142537729432
2026_07_21_gym,flight_40,30,0,1250,ok,False,37,37,1041.9204943008942,1182.643653651709,1086.8140067038262,1172.412062619012,46.04468385093517,114.25530460049285,HIT,True,1082.4263423833436
2026_07_21_gym,flight_43,30,0,150,not_fit_eligible,True,5,5,,,,,,,,,
2026_07_21_gym,flight_43,30,0,200,not_fit_eligible,True,7,7,,,,,,,,,
2026_07_21_gym,flight_43,30,0,250,fit_failed,True,8,8,,,,,,,,,
2026_07_21_gym,flight_43,30,0,300,fit_failed,True,10,10,,,,,,,,,
2026_07_21_gym,flight_43,30,0,350,fit_failed,True,11,11,,,,,,,,,
2026_07_21_gym,flight_43,30,0,400,ok,True,13,13,553.2802518808714,823.8819138165705,819.089716353249,905.4802509676498,278.0520815043709,235.7299737576638,HIT,True,1349.8571469359351
2026_07_21_gym,flight_43,30,0,450,ok,True,14,14,693.737803526546,962.3614866270027,819.089716353249,905.4802509676498,137.65383038422203,132.8417122972754,HIT,True,1321.4399953319273
2026_07_21_gym,flight_43,30,0,490,ok,True,15,15,584.670138306009,799.1636273674341,819.089716353249,905.4802509676498,257.40194837179456,220.70312493135637,HIT,True,1350.480201870498
2026_07_21_gym,flight_43,30,0,500,ok,True,16,16,675.4431748508429,896.7429303245084,819.089716353249,905.4802509676498,143.91202054596945,118.38183852176799,HIT,True,1332.450828286461
2026_07_21_gym,flight_43,30,0,550,ok,True,17,17,593.8630080068674,829.7882979497967,819.089716353249,905.4802509676498,237.60543323796887,205.48919860710703,HIT,True,1347.7457692678704
2026_07_21_gym,flight_43,30,0,600,ok,True,19,19,670.1320829713258,939.3960747400007,819.089716353249,905.4802509676498,152.76995661745997,121.69229080958355,HIT,True,1332.1503778916756
2026_07_21_gym,flight_43,30,0,650,ok,True,20,20,671.5649965266444,952.5301292902755,819.089716353249,905.4802509676498,154.8458394988126,127.74292447525065,HIT,True,1329.0373662266938
2026_07_21_gym,flight_43,30,0,700,ok,True,22,22,641.8197391404489,835.4475922326926,819.089716353249,905.4802509676498,190.6022510636053,183.72759623419154,HIT,True,1349.6787919504784
2026_07_21_gym,flight_43,30,0,750,ok,True,23,23,664.3434304210457,845.4968520762523,819.089716353249,905.4802509676498,165.96512028849833,152.19056782259003,HIT,True,1347.4533803819015
2026_07_21_gym,flight_43,30,0,800,ok,True,25,25,650.6853455370219,863.0492455753721,819.089716353249,905.4802509676498,173.66756268402224,155.61450995150003,HIT,True,1347.061364002824
2026_07_21_gym,flight_43,30,0,850,ok,True,26,26,779.8212024817113,889.8628711950175,819.089716353249,905.4802509676498,42.26013171585915,37.456488487718644,HIT,True,1336.3021394888558
2026_07_21_gym,flight_43,30,0,900,ok,True,28,28,693.3153775665473,953.7142796150143,819.089716353249,905.4802509676498,134.7059977016123,103.30659715375461,HIT,True,1333.1384991515754
2026_07_21_gym,flight_43,30,0,950,ok,True,29,29,785.7089968542036,912.0712440859359,819.089716353249,905.4802509676498,34.02519102898965,31.615111220310112,HIT,True,1334.167703558973
2026_07_21_gym,flight_43,30,0,1000,ok,True,31,31,699.5972095960867,982.4768967736112,819.089716353249,905.4802509676498,142.15112604717254,117.05192624954266,HIT,True,1329.387612012767
2026_07_21_gym,flight_43,30,0,1050,ok,True,32,32,744.0773012367755,949.4731880406235,819.089716353249,905.4802509676498,86.96114611660062,75.41970070450218,HIT,True,1331.3732780065773
2026_07_21_gym,flight_43,30,0,1100,ok,True,34,34,761.196128897482,942.9327312800752,819.089716353249,905.4802509676498,68.95183645162142,67.03659265043831,HIT,True,1331.5215736080233
2026_07_21_gym,flight_43,30,0,1150,ok,True,35,35,786.2058636175295,925.643315792163,819.089716353249,905.4802509676498,38.573267347503794,43.07671502554717,HIT,True,1333.1715113301284
2026_07_21_gym,flight_43,30,0,1200,ok,True,37,37,792.5740089198225,921.4902933311906,819.089716353249,905.4802509676498,30.97425055069836,34.61922840460902,HIT,True,1334.2976059076393
2026_07_21_gym,flight_43,30,0,1250,ok,True,37,37,792.5740089198225,921.4902933311906,819.089716353249,905.4802509676498,30.97425055069836,34.61922840460902,HIT,True,1334.2976059076393
2026_07_21_gym,flight_45,30,0,150,not_fit_eligible,True,5,5,,,,,,,,,
2026_07_21_gym,flight_45,30,0,200,not_fit_eligible,True,7,7,,,,,,,,,
2026_07_21_gym,flight_45,30,0,250,fit_failed,True,8,8,,,,,,,,,
2026_07_21_gym,flight_45,30,0,300,fit_failed,True,10,10,,,,,,,,,
2026_07_21_gym,flight_45,30,0,350,fit_failed,True,11,11,,,,,,,,,
2026_07_21_gym,flight_45,30,0,400,fit_failed,True,13,13,,,,,,,,,
2026_07_21_gym,flight_45,30,0,450,fit_failed,True,14,14,,,,,,,,,
2026_07_21_gym,flight_45,30,0,490,fit_failed,True,15,15,,,,,,,,,
2026_07_21_gym,flight_45,30,0,500,fit_failed,True,16,16,,,,,,,,,
2026_07_21_gym,flight_45,30,0,550,ok,True,17,17,684.8287769768096,700.173727899221,864.4297748844406,815.2082819075667,213.2825990682687,242.175469710037,HIT,True,1247.2952479701673
2026_07_21_gym,flight_45,30,0,600,ok,True,19,19,910.6731250513196,749.7538470866085,864.4297748844406,815.2082819075667,80.14193953472589,69.15375085264121,HIT,True,1230.4100314539987
2026_07_21_gym,flight_45,30,0,650,ok,True,20,20,911.4780020846025,773.2036358019826,864.4297748844406,815.2082819075667,63.070801304037836,55.06306923770969,HIT,True,1227.734921029007
2026_07_21_gym,flight_45,30,0,700,ok,True,22,22,845.271679151474,749.8694936181064,864.4297748844406,815.2082819075667,68.0895725294882,109.28983490590663,HIT,True,1233.027901325429
2026_07_21_gym,flight_45,30,0,750,ok,True,23,23,880.5602994926741,821.6786646309898,864.4297748844406,815.2082819075667,17.37986411697163,14.133850510248244,HIT,True,1225.4347676334062
2026_07_21_gym,flight_45,30,0,800,ok,True,25,25,831.7468643302624,829.8810175498089,864.4297748844406,815.2082819075667,35.82543528723044,30.972385694921925,HIT,True,1225.9997021923625
2026_07_21_gym,flight_45,30,0,850,ok,True,26,26,943.6922032902884,814.435348472739,864.4297748844406,815.2082819075667,79.2661969750462,65.2099275236103,HIT,True,1221.755976331623
2026_07_21_gym,flight_45,30,0,900,ok,True,28,28,903.1299277732007,810.2851478215161,864.4297748844406,815.2082819075667,39.01203766586212,12.515196357419287,HIT,True,1223.763856089989
2026_07_21_gym,flight_45,30,0,950,ok,True,29,29,916.5686325539602,814.495755146717,864.4297748844406,815.2082819075667,52.143726117984286,44.90834210456184,HIT,True,1222.3999809228828
2026_07_21_gym,flight_45,30,0,1000,ok,True,31,31,853.8416544302869,810.0269427893118,864.4297748844406,815.2082819075667,11.787899295889277,48.56990934061974,HIT,True,1225.13468541847
2026_07_21_gym,flight_45,30,0,1050,ok,True,32,32,862.448555863429,821.1988421754935,864.4297748844406,815.2082819075667,6.309678370002774,37.79697580716217,HIT,True,1223.6035429402482
2026_07_21_gym,flight_45,30,0,1100,ok,True,33,33,873.5267166628787,813.207532836068,864.4297748844406,815.2082819075667,9.314362381150731,26.7875352655577,HIT,True,1224.3481349318606
2026_07_21_gym,flight_45,30,0,1150,ok,True,34,34,834.2608717980162,809.7032279686263,864.4297748844406,815.2082819075667,30.667056140241296,95.4356152186089,HIT,True,1225.9861327202868
2026_07_21_gym,flight_45,30,0,1200,ok,True,36,36,859.1394903077875,801.4178094156947,864.4297748844406,815.2082819075667,14.770383964239153,65.49341186614679,HIT,True,1227.399043788236
2026_07_21_gym,flight_45,30,0,1250,ok,False,37,37,895.4276668397664,781.2715236434672,864.4297748844406,815.2082819075667,45.962733460380534,51.97051565928328,HIT,True,1231.2215834169185
2026_07_21_gym,flight_47,30,0,150,not_fit_eligible,True,4,4,,,,,,,,,
2026_07_21_gym,flight_47,30,0,200,not_fit_eligible,True,6,6,,,,,,,,,
2026_07_21_gym,flight_47,30,0,250,not_fit_eligible,True,7,7,,,,,,,,,
2026_07_21_gym,flight_47,30,0,300,fit_failed,True,9,9,,,,,,,,,
2026_07_21_gym,flight_47,30,0,350,fit_failed,True,10,10,,,,,,,,,
2026_07_21_gym,flight_47,30,0,400,ok,True,12,12,45.27408844708064,1198.8691553260085,219.8265686749273,1313.4713486475462,208.81147254832504,194.5898808089317,HIT,True,1376.2168085645076
2026_07_21_gym,flight_47,30,0,450,ok,True,13,13,186.3809555949068,1249.784224880489,219.8265686749273,1313.4713486475462,71.93510108437246,96.62948075150014,HIT,True,1365.8562414965254
2026_07_21_gym,flight_47,30,0,490,ok,True,14,14,118.33093909901567,1235.730479844746,219.8265686749273,1313.4713486475462,127.84758701369712,137.00713251210388,HIT,True,1371.659966071813
2026_07_21_gym,flight_47,30,0,500,ok,True,15,15,103.12072084072,1268.9233154834733,219.8265686749273,1313.4713486475462,124.91910253235287,113.99284693681884,HIT,True,1368.529320003475
2026_07_21_gym,flight_47,30,0,550,ok,True,15,15,103.12072084072,1268.9233154834733,219.8265686749273,1313.4713486475462,124.91910253235287,113.99284693681884,HIT,True,1368.529320003475
2026_07_21_gym,flight_47,30,0,600,ok,True,15,15,103.12072084072,1268.9233154834733,219.8265686749273,1313.4713486475462,124.91910253235287,113.99284693681884,HIT,True,1368.529320003475
2026_07_21_gym,flight_47,30,0,650,ok,True,16,16,160.3127214595134,1275.5354538239606,219.8265686749273,1313.4713486475462,70.57641338610074,83.13977816123652,HIT,True,1365.6081307438071
2026_07_21_gym,flight_47,30,0,700,ok,True,18,18,154.80198600317476,1246.5133190572658,219.8265686749273,1313.4713486475462,93.33581348147368,87.6771299504727,HIT,True,1361.6493617261222
2026_07_21_gym,flight_47,30,0,750,ok,True,19,19,252.28597442453085,1225.7394446576532,219.8265686749273,1313.4713486475462,93.54410723989619,98.44067817178252,HIT,True,1357.8017752420292
2026_07_21_gym,flight_47,30,0,800,ok,True,21,21,279.32299993077703,1224.2235029224207,219.8265686749273,1313.4713486475462,107.2613784116065,122.82511441148311,HIT,True,1354.768770170946
2026_07_21_gym,flight_47,30,0,850,ok,True,22,22,210.88304607071126,1248.7255245884865,219.8265686749273,1313.4713486475462,65.36060227429701,70.86848674726343,HIT,True,1357.2841875663378
2026_07_21_gym,flight_47,30,0,900,ok,True,24,24,229.1430760966451,1243.7974215019108,219.8265686749273,1313.4713486475462,70.2940497797234,80.53432512879027,HIT,True,1357.7972043724862
2026_07_21_gym,flight_47,30,0,950,ok,True,25,25,244.1076931832823,1239.9730374127457,219.8265686749273,1313.4713486475462,77.40526313990432,85.92248279013033,HIT,True,1357.2334995370607
2026_07_21_gym,flight_47,30,0,1000,ok,True,27,27,243.29180769043631,1248.1022941217461,219.8265686749273,1313.4713486475462,69.45308295282496,80.81971744872077,HIT,True,1357.2527688761409
2026_07_21_gym,flight_47,30,0,1050,ok,True,28,28,247.78620213171433,1252.2358735680823,219.8265686749273,1313.4713486475462,67.31659907664324,79.33813102945825,HIT,True,1356.6502304080277
2026_07_21_gym,flight_47,30,0,1100,ok,True,30,30,247.78620213049874,1252.235873591121,219.8265686749273,1313.4713486475462,67.31659905518093,79.3381310099995,HIT,True,1356.650230404608
2026_07_21_gym,flight_47,30,0,1150,ok,True,31,31,235.26599075170896,1264.9537914410764,219.8265686749273,1313.4713486475462,50.914920321533224,67.6089247736104,HIT,True,1356.130015814541
2026_07_21_gym,flight_47,30,0,1200,ok,True,33,33,213.4030936550147,1297.5970917813354,219.8265686749273,1313.4713486475462,17.12463320441875,32.86282819827342,HIT,True,1353.8909667451276
2026_07_21_gym,flight_47,30,0,1250,ok,True,34,34,203.7340306489885,1288.89657063793,219.8265686749273,1313.4713486475462,29.374980754686533,28.877813213593093,HIT,True,1355.2204790357634
2026_07_21_gym,flight_48,30,0,150,not_fit_eligible,True,5,5,,,,,,,,,
2026_07_21_gym,flight_48,30,0,200,not_fit_eligible,True,6,6,,,,,,,,,
2026_07_21_gym,flight_48,30,0,250,not_fit_eligible,True,7,7,,,,,,,,,
2026_07_21_gym,flight_48,30,0,300,fit_failed,True,9,9,,,,,,,,,
2026_07_21_gym,flight_48,30,0,350,fit_failed,True,10,10,,,,,,,,,
2026_07_21_gym,flight_48,30,0,400,fit_failed,True,11,11,,,,,,,,,
2026_07_21_gym,flight_48,30,0,450,fit_failed,True,12,12,,,,,,,,,
2026_07_21_gym,flight_48,30,0,490,ok,True,13,13,435.4170127200135,2026.5631742568498,37.05523741746954,2131.719101117846,412.0071273366393,416.17750622338735,MISS_HIGH_WIDE,True,1022.0270349317859
2026_07_21_gym,flight_48,30,0,500,ok,True,14,14,307.43761542838087,2086.121374791131,37.05523741746954,2131.719101117846,274.2002607310966,301.2356587263874,MISS_HIGH_WIDE,True,1023.149355989371
2026_07_21_gym,flight_48,30,0,550,ok,True,15,15,307.4375411236543,2086.1220554537526,37.05523741746954,2131.719101117846,274.2000742719756,301.23560717653925,MISS_HIGH_WIDE,True,1023.1492193818555
2026_07_21_gym,flight_48,30,0,600,ok,True,17,17,156.94678370640574,2123.845795594644,37.05523741746954,2131.719101117846,120.14978906104585,154.4333295005415,MISS_HIGH_WIDE,True,1026.6575830824293
2026_07_21_gym,flight_48,30,0,650,ok,True,18,18,74.52410047768036,2089.7452274758953,37.05523741746954,2131.719101117846,56.26474711162653,75.03752595457219,MISS_HIGH_WIDE,True,1030.91647363918
2026_07_21_gym,flight_48,30,0,700,ok,True,20,20,84.51885478519253,2103.071061159422,37.05523741746954,2131.719101117846,55.43920243915032,85.91532405936134,MISS_HIGH_WIDE,True,1029.7720895309258
2026_07_21_gym,flight_48,30,0,750,ok,True,21,21,89.25997122320967,2103.0408589834005,37.05523741746954,2131.719101117846,59.563208473436646,90.50256130301648,MISS_HIGH_WIDE,True,1029.6501038437302
2026_07_21_gym,flight_48,30,0,800,ok,True,23,23,40.24565587016831,2109.8845753564774,37.05523741746954,2131.719101117846,22.06638359875025,21.900462864026544,MISS_HIGH_WIDE,True,1031.7696088980247
2026_07_21_gym,flight_48,30,0,850,ok,True,24,24,61.85437859914236,2109.1355748496617,37.05523741746954,2131.719101117846,33.541214379540826,50.21467460180264,MISS_HIGH_WIDE,True,1029.853599591146
2026_07_21_gym,flight_48,30,0,900,ok,True,26,26,40.97012099190376,2123.5654799712092,37.05523741746954,2131.719101117846,9.044769273135634,8.781103488323266,MISS_HIGH_WIDE,True,1029.306600988338
2026_07_21_gym,flight_48,30,0,950,ok,True,27,27,27.232629283750416,2129.32158010498,37.05523741746954,2131.719101117846,10.110971148002514,24.94567307107657,MISS_HIGH_WIDE,True,1028.5822759385512
2026_07_21_gym,flight_48,30,0,1000,ok,True,29,29,54.057404652286465,2121.9134430737627,37.05523741746954,2131.719101117846,19.62713989245963,49.19657459875503,MISS_HIGH_WIDE,True,1028.6944311450277
2026_07_21_gym,flight_48,30,0,1050,ok,False,30,30,54.1672175468128,2121.8249350115043,37.05523741746954,2131.719101117846,19.76649657594692,57.37913039259815,MISS_HIGH_WIDE,True,1028.7076341114462
2026_07_21_gym,flight_48,30,0,1100,ok,False,31,31,162.58935465893632,2063.108306532194,37.05523741746954,2131.719101117846,143.06032198086533,218.01992747695576,MISS_HIGH_WIDE,True,1033.6834373567358
2026_07_21_gym,flight_48,30,0,1150,ok,False,32,32,41.747743556323215,2119.9505008808746,37.05523741746954,2131.719101117846,12.669631620565134,10.42340514602451,MISS_HIGH_WIDE,True,1030.1347720215563
2026_07_21_gym,flight_48,30,0,1200,ok,False,34,34,60.30187707487189,2112.435628075735,37.05523741746954,2131.719101117846,30.203618788597673,59.07188493711835,MISS_HIGH_WIDE,True,1032.170039752661
2026_07_21_gym,flight_48,30,0,1250,ok,False,35,35,48.86655644281146,2123.176272941551,37.05523741746954,2131.719101117846,14.57693967772752,40.94598898742921,MISS_HIGH_WIDE,True,1030.8224900465698
2026_07_21_gym,flight_49,30,0,150,not_fit_eligible,True,5,5,,,,,,,,,
2026_07_21_gym,flight_49,30,0,200,not_fit_eligible,True,7,7,,,,,,,,,
2026_07_21_gym,flight_49,30,0,250,fit_failed,True,8,8,,,,,,,,,
2026_07_21_gym,flight_49,30,0,300,fit_failed,True,10,10,,,,,,,,,
2026_07_21_gym,flight_49,30,0,350,fit_failed,True,11,11,,,,,,,,,
2026_07_21_gym,flight_49,30,0,400,ok,True,13,13,83.4733248761664,1631.6006353335013,464.41568092875656,1657.974301261427,381.85422465828003,340.62501336714234,HIT,True,1201.3525113381916
2026_07_21_gym,flight_49,30,0,450,ok,True,14,14,169.16628975715665,1644.7779240254147,464.41568092875656,1657.974301261427,295.5441546695782,268.8921605649147,HIT,True,1194.5471184468997
2026_07_21_gym,flight_49,30,0,490,ok,True,15,15,240.47107034367906,1630.8040947130742,464.41568092875656,1657.974301261427,225.58680975177197,246.2239315982579,HIT,True,1192.928055838735
2026_07_21_gym,flight_49,30,0,500,ok,True,16,16,557.8828037314863,1590.7355928715563,464.41568092875656,1657.974301261427,115.13968451823477,142.58168873125308,HIT,True,1181.2969019577424
2026_07_21_gym,flight_49,30,0,550,ok,True,17,17,169.16620645387658,1644.7794023691686,464.41568092875656,1657.974301261427,295.54417188378073,268.8914486431749,HIT,True,1194.5468659809499
2026_07_21_gym,flight_49,30,0,600,ok,True,19,19,574.3956348155663,1675.4855410286216,464.41568092875656,1657.974301261427,111.36531675135203,175.4806647286609,HIT,True,1163.478196496778
2026_07_21_gym,flight_49,30,0,650,ok,True,20,20,424.0006538028075,1631.1724411205655,464.41568092875656,1657.974301261427,48.49447519668085,59.190142035456866,HIT,True,1178.9596195337208
2026_07_21_gym,flight_49,30,0,700,ok,True,22,22,486.8753955495686,1609.2760097692908,464.41568092875656,1657.974301261427,53.62799991703382,86.97321089468645,HIT,True,1176.4635321063304
2026_07_21_gym,flight_49,30,0,750,ok,True,23,23,461.4131840573638,1617.3099944130545,464.41568092875656,1657.974301261427,40.775002623192,66.10528602018495,HIT,True,1176.6473580657284
2026_07_21_gym,flight_49,30,0,800,ok,True,25,25,452.9601181787342,1621.1220797056667,464.41568092875656,1657.974301261427,38.591659092536304,56.66278066541816,HIT,True,1175.7629485302812
2026_07_21_gym,flight_49,30,0,850,ok,True,26,26,413.3435004208546,1618.1115256156354,464.41568092875656,1657.974301261427,64.78741007339646,78.4068904216687,HIT,True,1179.242071534465
2026_07_21_gym,flight_49,30,0,900,ok,True,28,28,402.33164301189146,1626.0811305919865,464.41568092875656,1657.974301261427,69.7968631058216,99.36606905357165,HIT,True,1179.9919317151414
2026_07_21_gym,flight_49,30,0,950,ok,True,29,29,399.0763199275503,1626.8773281359922,464.41568092875656,1657.974301261427,72.36196399773823,97.18724468830864,HIT,True,1180.100608833364
2026_07_21_gym,flight_49,30,0,1000,ok,True,31,31,399.0764339424343,1626.8759851736809,464.41568092875656,1657.974301261427,72.3624381860713,97.18807984439864,HIT,True,1180.1008400500198
2026_07_21_gym,flight_49,30,0,1050,ok,True,32,32,485.9834312911567,1618.618842171087,464.41568092875656,1657.974301261427,44.87783434955654,55.541244556811144,HIT,True,1176.5992464729309
2026_07_21_gym,flight_49,30,0,1100,ok,True,34,34,391.4010174316061,1650.3106513718708,464.41568092875656,1657.974301261427,73.41575181956398,96.61171512106328,HIT,True,1175.6540579018983
2026_07_21_gym,flight_49,30,0,1150,ok,True,35,35,396.39747458368436,1649.1562191978944,464.41568092875656,1657.974301261427,68.58742571113173,87.08377960570087,HIT,True,1175.5240274083187
2026_07_21_gym,flight_49,30,0,1200,ok,False,37,37,476.9744808192898,1616.5479852973417,464.41568092875656,1657.974301261427,43.28814051269332,52.13026946062588,HIT,True,1178.1446789167583
2026_07_21_gym,flight_49,30,0,1250,ok,False,38,38,410.17123916840296,1673.567247446267,464.41568092875656,1657.974301261427,56.441114735764295,59.21154363237475,HIT,True,1171.38444617187
2026_07_21_gym,flight_51,30,0,150,not_fit_eligible,True,5,5,,,,,,,,,
2026_07_21_gym,flight_51,30,0,200,not_fit_eligible,True,7,7,,,,,,,,,
2026_07_21_gym,flight_51,30,0,250,fit_failed,True,8,8,,,,,,,,,
2026_07_21_gym,flight_51,30,0,300,fit_failed,True,9,9,,,,,,,,,
2026_07_21_gym,flight_51,30,0,350,fit_failed,True,10,10,,,,,,,,,
2026_07_21_gym,flight_51,30,0,400,fit_failed,True,12,12,,,,,,,,,
2026_07_21_gym,flight_51,30,0,450,fit_failed,True,13,13,,,,,,,,,
2026_07_21_gym,flight_51,30,0,490,fit_failed,True,14,14,,,,,,,,,
2026_07_21_gym,flight_51,30,0,500,fit_failed,True,15,15,,,,,,,,,
2026_07_21_gym,flight_51,30,0,550,ok,True,16,16,86.96142598628684,1674.0444850276199,161.776019556798,1727.697537964569,92.06450727927579,54.656033456670926,HIT,True,1364.9655881792025
2026_07_21_gym,flight_51,30,0,600,ok,True,18,18,-18.310833765149663,1756.9454646985748,161.776019556798,1727.697537964569,182.4464742263836,99.09420174903869,MISS_HIGH_WIDE,False,1364.8169896708075
2026_07_21_gym,flight_51,30,0,650,ok,True,19,19,110.68469190405891,1633.4829418119793,161.776019556798,1727.697537964569,107.17608823573984,70.95706932851104,HIT,True,1366.8344026988104
2026_07_21_gym,flight_51,30,0,700,ok,True,21,21,91.06188584447871,1725.0926610019878,161.776019556798,1727.697537964569,70.76209501331878,48.72074739439324,HIT,True,1359.0064527361744
2026_07_21_gym,flight_51,30,0,750,ok,True,22,22,61.07277596031127,1687.32892472823,161.776019556798,1727.697537964569,108.49317123892388,68.5385459135319,HIT,True,1365.313600295697
2026_07_21_gym,flight_51,30,0,800,ok,True,24,24,83.7675843723107,1708.4934018753345,161.776019556798,1727.697537964569,80.33750558030908,47.30794184078877,HIT,True,1362.3593610788512
2026_07_21_gym,flight_51,30,0,850,ok,True,25,25,112.43149701957213,1682.1020597183144,161.776019556798,1727.697537964569,67.18503956188059,41.8665930487646,HIT,True,1365.168569783212
2026_07_21_gym,flight_51,30,0,900,ok,True,27,27,136.95231032353635,1732.2415310716099,161.776019556798,1727.697537964569,25.236172718032236,45.47512758789644,HIT,True,1359.2507927261265
2026_07_21_gym,flight_51,30,0,950,ok,True,27,27,136.95231032353635,1732.2415310716099,161.776019556798,1727.697537964569,25.236172718032236,45.47512758789644,HIT,True,1359.2507927261265
2026_07_21_gym,flight_51,30,0,1000,ok,True,29,29,128.95431522266557,1729.3728396869403,161.776019556798,1727.697537964569,32.86443231303695,36.634969414658514,HIT,True,1360.167306839105
2026_07_21_gym,flight_51,30,0,1050,ok,True,30,30,188.14733581528566,1699.828203235519,161.776019556798,1727.697537964569,38.36855665053104,45.19363211093272,HIT,True,1361.2564876628624
2026_07_21_gym,flight_51,30,0,1100,ok,True,32,32,163.54412198931473,1708.9304455329586,161.776019556798,1727.697537964569,18.850197467095047,36.24439226468724,HIT,True,1360.7418403548959
2026_07_21_gym,flight_51,30,0,1150,ok,True,33,33,182.19170289055018,1696.2804950299956,161.776019556798,1727.697537964569,37.4677289508835,40.92364868278046,HIT,True,1363.5961730845447
2026_07_21_gym,flight_51,30,0,1200,ok,True,35,35,122.61236640985418,1774.6735871757612,161.776019556798,1727.697537964569,61.15996179941973,74.39135137160731,HIT,True,1356.9569430721215
2026_07_21_gym,flight_51,30,0,1250,ok,True,36,36,125.00723250578007,1748.0391322964483,161.776019556798,1727.697537964569,42.020520715072664,39.17322902768324,HIT,True,1361.2310975085077
2026_07_21_gym,flight_52,30,0,150,not_fit_eligible,True,5,5,,,,,,,,,
2026_07_21_gym,flight_52,30,0,200,not_fit_eligible,True,7,7,,,,,,,,,
2026_07_21_gym,flight_52,30,0,250,fit_failed,True,8,8,,,,,,,,,
2026_07_21_gym,flight_52,30,0,300,fit_failed,True,10,10,,,,,,,,,
2026_07_21_gym,flight_52,30,0,350,ok,True,11,11,-127.96299161326755,1208.477791605697,170.71586352203047,1386.124234479474,347.51592362169316,344.76691841603673,MISS_HIGH_WIDE,False,1364.0699172981047
2026_07_21_gym,flight_52,30,0,400,ok,True,13,13,-0.5547647780248138,1254.1513728037498,170.71586352203047,1386.124234479474,216.218556875157,209.38753579215918,MISS_HIGH_WIDE,False,1342.0339866009497
2026_07_21_gym,flight_52,30,0,450,ok,True,14,14,-65.92430491202667,1232.9318492604853,170.71586352203047,1386.124234479474,281.8979890059203,265.2306624470806,MISS_HIGH_WIDE,False,1349.299187444062
2026_07_21_gym,flight_52,30,0,490,ok,True,15,15,-46.915790019030695,1230.2483377803155,170.71586352203047,1386.124234479474,267.6954086172999,249.57910472053854,MISS_HIGH_WIDE,False,1346.4233383040007
2026_07_21_gym,flight_52,30,0,500,ok,True,16,16,-32.106165029259024,1226.1636625257374,170.71586352203047,1386.124234479474,258.31020081566,242.4326351008403,MISS_HIGH_WIDE,False,1344.345284425749
2026_07_21_gym,flight_52,30,0,550,ok,True,17,17,39.86566614116455,1204.6295156703582,170.71586352203047,1386.124234479474,223.7456303712132,210.517353704455,HIT,True,1340.4445033109246
2026_07_21_gym,flight_52,30,0,600,ok,True,19,19,28.966884386918952,1216.6112510261562,170.71586352203047,1386.124234479474,220.9692843928564,211.8120027337983,HIT,True,1341.7974982833928
2026_07_21_gym,flight_52,30,0,650,ok,True,20,20,21.647001549681907,1202.6804783087935,170.71586352203047,1386.124234479474,236.37499294074905,236.63497853816776,HIT,True,1345.8659721543202
2026_07_21_gym,flight_52,30,0,700,ok,True,22,22,147.59896455177375,1204.9164372426435,170.71586352203047,1386.124234479474,182.6763717546013,171.1704477530322,HIT,True,1338.1172522340532
2026_07_21_gym,flight_52,30,0,750,ok,True,23,23,102.81672001314551,1191.9264954081968,170.71586352203047,1386.124234479474,205.7256803358199,207.04911837693103,HIT,True,1343.8377435130192
2026_07_21_gym,flight_52,30,0,800,ok,True,25,25,75.63135287240043,1237.5213636090102,170.71586352203047,1386.124234479474,176.4196060431587,185.746402007393,HIT,True,1342.8175875140462
2026_07_21_gym,flight_52,30,0,850,ok,True,26,26,41.84590037667652,1265.1857775110325,170.71586352203047,1386.124234479474,176.73024012599666,183.80421140166254,HIT,True,1341.8310861768653
2026_07_21_gym,flight_52,30,0,900,ok,True,28,28,62.670639420122264,1296.8595990929955,170.71586352203047,1386.124234479474,140.1497255862904,148.59105843871936,HIT,True,1337.6337370245328
2026_07_21_gym,flight_52,30,0,950,ok,True,29,29,60.92935540020454,1295.840439821349,170.71586352203047,1386.124234479474,142.14162283952652,148.55794140513126,HIT,True,1337.8095584570547
2026_07_21_gym,flight_52,30,0,1000,ok,True,31,31,63.61448106488148,1324.7678117630808,170.71586352203047,1386.124234479474,123.4314252238271,121.73799422127387,HIT,True,1333.6119225657292
2026_07_21_gym,flight_52,30,0,1050,ok,True,32,32,93.34208366182548,1309.4620628080543,170.71586352203047,1386.124234479474,108.92102815909185,116.60551711646733,HIT,True,1335.3597601292463
2026_07_21_gym,flight_52,30,0,1100,ok,True,34,34,154.09768974167926,1306.8276247874485,170.71586352203047,1386.124234479474,81.01923233679378,82.75090824011029,HIT,True,1332.7945188246701
2026_07_21_gym,flight_52,30,0,1150,ok,True,35,35,166.63669552163415,1314.6669368100636,170.71586352203047,1386.124234479474,71.57363342593534,70.67268764924613,HIT,True,1332.0081415921652
2026_07_21_gym,flight_52,30,0,1200,ok,True,37,37,142.63016885954613,1344.6863642456422,170.71586352203047,1386.124234479474,50.0589985336321,52.44736320190614,HIT,True,1330.2509937921734
2026_07_21_gym,flight_52,30,0,1250,ok,True,38,38,167.02625911435982,1337.9941906976574,170.71586352203047,1386.124234479474,48.27125744296164,46.85045954148494,HIT,True,1329.4960072790775
2026_07_21_gym,flight_53,30,0,150,not_fit_eligible,True,5,5,,,,,,,,,
2026_07_21_gym,flight_53,30,0,200,not_fit_eligible,True,7,7,,,,,,,,,
2026_07_21_gym,flight_53,30,0,250,fit_failed,True,8,8,,,,,,,,,
2026_07_21_gym,flight_53,30,0,300,ok,True,10,10,1105.006816663183,602.6398606877696,1247.927537251461,603.0431045149205,142.9212894535198,105.77097694795356,HIT,True,1427.0314443599084
2026_07_21_gym,flight_53,30,0,350,ok,True,11,11,1109.090918513853,626.3718654700124,1247.927537251461,603.0431045149205,140.78294566527487,97.23836132057694,HIT,True,1421.1787191455728
2026_07_21_gym,flight_53,30,0,400,ok,True,13,13,1148.27223254562,611.2314227762232,1247.927537251461,603.0431045149205,99.99114116741741,72.87421510756059,HIT,True,1416.1363531939753
2026_07_21_gym,flight_53,30,0,450,ok,True,14,14,1161.065855349526,609.5973464538703,1247.927537251461,603.0431045149205,87.10860962170871,66.31046740597105,HIT,True,1413.9726146875453
2026_07_21_gym,flight_53,30,0,490,ok,True,15,15,1156.8901147287713,585.628066136223,1247.927537251461,603.0431045149205,92.68816462367907,67.02992890689029,HIT,True,1414.753806350706
2026_07_21_gym,flight_53,30,0,500,ok,True,16,16,1172.3922965567178,565.0499549053216,1247.927537251461,603.0431045149205,84.55206682317204,58.4374884311052,HIT,True,1414.7979779850718
2026_07_21_gym,flight_53,30,0,550,ok,True,17,17,1172.3923671287264,565.0492608328469,1247.927537251461,603.0431045149205,84.5523156584626,58.437606784097845,HIT,True,1414.7980718685467
2026_07_21_gym,flight_53,30,0,600,ok,True,19,19,1195.055160604913,528.8337884306882,1247.927537251461,603.0431045149205,91.11811458729784,56.753725729414,HIT,True,1416.3863786713139
2026_07_21_gym,flight_53,30,0,650,ok,True,20,20,1176.99655934874,537.4694667031669,1247.927537251461,603.0431045149205,96.5976480153805,65.31265675890928,HIT,True,1417.2046097894936
2026_07_21_gym,flight_53,30,0,700,ok,True,22,22,1142.6689253327554,558.9159133654947,1247.927537251461,603.0431045149205,114.13406319671019,81.75578846289194,HIT,True,1418.8994278138978
2026_07_21_gym,flight_53,30,0,750,ok,True,23,23,1226.8147950789812,516.3141534857867,1247.927537251461,603.0431045149205,89.26174336553981,53.389799780945445,HIT,True,1418.4645166815
2026_07_21_gym,flight_53,30,0,800,ok,True,24,24,1142.668925996487,558.9159066261437,1247.927537251461,603.0431045149205,114.13406519020087,81.75579045328575,HIT,True,1418.8994287238402
2026_07_21_gym,flight_53,30,0,850,ok,True,25,25,1149.0813862265968,578.8990841608492,1247.927537251461,603.0431045149205,101.75212671629066,75.13286138327894,HIT,True,1420.7229664515257
2026_07_21_gym,flight_53,30,0,900,ok,True,27,27,1190.444816339655,563.2210968732197,1247.927537251461,603.0431045149205,69.92893175246027,53.10841598202416,HIT,True,1421.3970857122422
2026_07_21_gym,flight_53,30,0,950,ok,True,28,28,1201.7578132815959,551.4584496699697,1247.927537251461,603.0431045149205,69.2287514471137,55.47393042628457,HIT,True,1423.2415783270449
2026_07_21_gym,flight_53,30,0,1000,ok,True,29,29,1199.785699855919,562.3854871967402,1247.927537251461,603.0431045149205,63.01331886046324,51.100507642551605,HIT,True,1422.704384782128
2026_07_21_gym,flight_53,30,0,1050,ok,True,30,30,1199.7857102555884,562.385386562559,1247.927537251461,603.0431045149205,63.01337584667489,51.1005650598218,HIT,True,1422.7043983622368
2026_07_21_gym,flight_53,30,0,1100,ok,True,32,32,1199.2031110308017,584.4237967903526,1247.927537251461,603.0431045149205,52.160793041082364,41.24963231510969,HIT,True,1421.5105418858634
2026_07_21_gym,flight_53,30,0,1150,ok,True,33,33,1206.7092982828187,596.9513671641142,1247.927537251461,603.0431045149205,41.665963178922276,31.752692575119887,HIT,True,1419.9530317631916
2026_07_21_gym,flight_53,30,0,1200,ok,True,35,35,1204.185526153538,601.6741517972172,1247.927537251461,603.0431045149205,43.76342727020054,33.500986714703046,HIT,True,1419.8267374819268
2026_07_21_gym,flight_53,30,0,1250,ok,True,35,35,1204.185526153538,601.6741517972172,1247.927537251461,603.0431045149205,43.76342727020054,33.500986714703046,HIT,True,1419.8267374819268
2026_07_21_gym,flight_54,30,0,150,not_fit_eligible,True,5,5,,,,,,,,,
2026_07_21_gym,flight_54,30,0,200,not_fit_eligible,True,7,7,,,,,,,,,
2026_07_21_gym,flight_54,30,0,250,fit_failed,True,8,8,,,,,,,,,
2026_07_21_gym,flight_54,30,0,300,ok,True,10,10,497.416666394349,1442.645529545058,443.15835050498794,1474.499272053195,62.91761084882663,100.13042223710168,HIT,True,933.7851106850705
2026_07_21_gym,flight_54,30,0,350,ok,True,11,11,519.396416896984,1439.1203588850146,443.15835050498794,1474.499272053195,84.04707171669956,119.11705118418648,HIT,True,934.7564787404286
2026_07_21_gym,flight_54,30,0,400,ok,True,13,13,484.82403910082814,1445.0194561423507,443.15835050498794,1474.499272053195,51.040073984103884,83.86795446575523,HIT,True,935.724099591733
2026_07_21_gym,flight_54,30,0,450,ok,True,14,14,482.2926192616355,1436.4025016410449,443.15835050498794,1474.499272053195,54.61551892048265,80.60971501686703,HIT,True,938.311671281903
2026_07_21_gym,flight_54,30,0,490,ok,True,15,15,477.1531877360586,1433.73547129263,443.15835050498794,1474.499272053195,53.07858712149392,76.94843503469794,HIT,True,938.8152758924813
2026_07_21_gym,flight_54,30,0,500,ok,True,16,16,477.1531551401057,1433.7357853487838,443.15835050498794,1474.499272053195,53.07832505345787,76.948202730906,HIT,True,938.815213863072
2026_07_21_gym,flight_54,30,0,550,ok,True,17,17,500.97710165494476,1434.1419968470761,443.15835050498794,1474.499272053195,70.51040807287282,99.669135778883,HIT,True,938.4751322730202
2026_07_21_gym,flight_54,30,0,600,ok,True,19,19,423.6302790762496,1474.377229773533,443.15835050498794,1474.499272053195,19.528452781619205,37.41192808044122,HIT,True,937.2729942966483
2026_07_21_gym,flight_54,30,0,650,ok,True,20,20,468.65412237334834,1462.253571866953,443.15835050498794,1474.499272053195,28.28412198062376,64.61895120999492,HIT,True,936.6623963349131
2026_07_21_gym,flight_54,30,0,700,ok,True,22,22,404.6531280600226,1484.226730545778,443.15835050498794,1474.499272053195,39.714929236512425,50.70433645975282,HIT,True,936.9968524615052
2026_07_21_gym,flight_54,30,0,750,ok,True,23,23,394.6428671528469,1498.9946570873105,443.15835050498794,1474.499272053195,54.348652355522525,74.58133280521035,HIT,True,935.544243796843
2026_07_21_gym,flight_54,30,0,800,ok,True,25,25,394.4917419569613,1498.2019490243483,443.15835050498794,1474.499272053195,54.13183613333011,71.92946355536085,HIT,True,935.9641715883763
2026_07_21_gym,flight_54,30,0,850,ok,True,26,26,419.8350565585792,1483.6819149433002,443.15835050498794,1474.499272053195,25.06585268762636,38.62933728783296,HIT,True,937.9657655553415
2026_07_21_gym,flight_54,30,0,900,ok,True,28,28,447.3426462667878,1465.250157818016,443.15835050498794,1474.499272053195,10.15157353111358,20.133572621134533,HIT,True,941.2399240983154
2026_07_21_gym,flight_54,30,0,950,ok,True,29,29,433.20317013371886,1473.8348082325294,443.15835050498794,1474.499272053195,9.97733072487199,16.39919027041738,HIT,True,940.4870188553632
2026_07_21_gym,flight_54,30,0,1000,ok,False,31,31,431.54012115505515,1481.7592316410792,443.15835050498794,1474.499272053195,13.70000972427943,23.44200197686189,HIT,True,940.2531799851167
2026_07_21_gym,flight_54,30,0,1050,ok,False,32,32,450.52920918163716,1470.4638281052655,443.15835050498794,1474.499272053195,8.403235417862323,26.36192966830569,HIT,True,941.7036626235794
2026_07_21_gym,flight_54,30,0,1100,ok,False,34,34,441.7626040613408,1485.7363193344345,443.15835050498794,1474.499272053195,11.323397888256212,34.03356783441848,HIT,True,940.11729967034
2026_07_21_gym,flight_54,30,0,1150,ok,False,35,35,446.97388924766625,1481.1480212942731,443.15835050498794,1474.499272053195,7.6657812627035025,32.0283069379953,HIT,True,940.7628452802253
2026_07_21_gym,flight_54,30,0,1200,ok,False,35,35,446.97388924766625,1481.1480212942731,443.15835050498794,1474.499272053195,7.6657812627035025,32.0283069379953,HIT,True,940.7628452802253
2026_07_21_gym,flight_54,30,0,1250,ok,False,35,35,446.97388924766625,1481.1480212942731,443.15835050498794,1474.499272053195,7.6657812627035025,32.0283069379953,HIT,True,940.7628452802253
2026_07_21_gym,flight_55,30,0,150,not_fit_eligible,True,5,5,,,,,,,,,
2026_07_21_gym,flight_55,30,0,200,not_fit_eligible,True,7,7,,,,,,,,,
2026_07_21_gym,flight_55,30,0,250,fit_failed,True,8,8,,,,,,,,,
2026_07_21_gym,flight_55,30,0,300,fit_failed,True,10,10,,,,,,,,,
2026_07_21_gym,flight_55,30,0,350,fit_failed,True,11,11,,,,,,,,,
2026_07_21_gym,flight_55,30,0,400,fit_failed,True,13,13,,,,,,,,,
2026_07_21_gym,flight_55,30,0,450,ok,True,14,14,516.5842890549168,1439.8263894269824,510.1968951667648,1534.4480206321955,94.8369753451562,132.31961283840408,HIT,True,1178.2812689255047
2026_07_21_gym,flight_55,30,0,490,ok,True,15,15,522.9106099100276,1432.7668162560672,510.1968951667648,1534.4480206321955,102.47295187488764,124.07199618426242,HIT,True,1175.284204647944
2026_07_21_gym,flight_55,30,0,500,ok,True,16,16,386.9836318942911,1436.628647700307,510.1968951667648,1534.4480206321955,157.3217657129483,197.180980023124,HIT,True,1180.318881264287
2026_07_21_gym,flight_55,30,0,550,ok,True,17,17,490.46511403883136,1455.7317431325205,510.1968951667648,1534.4480206321955,81.15168223694758,98.77491028020799,HIT,True,1172.9655264486291
2026_07_21_gym,flight_55,30,0,600,ok,True,19,19,489.35678425574844,1449.4193028863126,510.1968951667648,1534.4480206321955,87.54537717259824,110.90861976632092,HIT,True,1174.7147648867362
2026_07_21_gym,flight_55,30,0,650,ok,True,20,20,501.58109508257076,1447.5321358810338,510.1968951667648,1534.4480206321955,87.34187445417014,110.59059953768487,HIT,True,1174.5344909243438
2026_07_21_gym,flight_55,30,0,700,ok,True,22,22,487.2092336908484,1452.437731762035,510.1968951667648,1534.4480206321955,85.17112222284334,109.47811805614693,HIT,True,1174.8881990735692
2026_07_21_gym,flight_55,30,0,750,ok,True,23,23,427.0903162508027,1443.7943919079985,510.1968951667648,1534.4480206321955,122.98286002520676,166.37285788975947,HIT,True,1177.7919151827823
2026_07_21_gym,flight_55,30,0,800,ok,True,25,25,439.7872451775295,1460.0842452907707,510.1968951667648,1534.4480206321955,102.40844640280667,141.84147343246133,HIT,True,1175.9892444626423
2026_07_21_gym,flight_55,30,0,850,ok,True,26,26,435.75634802043623,1475.0951413409118,510.1968951667648,1534.4480206321955,95.20587870300058,130.97165079466347,HIT,True,1174.1770014149852
2026_07_21_gym,flight_55,30,0,900,ok,True,28,28,496.7247050577872,1485.7783080426689,510.1968951667648,1534.4480206321955,50.499909206646706,66.15555584558403,HIT,True,1171.3401827925634
2026_07_21_gym,flight_55,30,0,950,ok,True,29,29,497.31504683560337,1489.320418785237,510.1968951667648,1534.4480206321955,46.93018713881987,59.84750842597429,HIT,True,1170.510252949222
2026_07_21_gym,flight_55,30,0,1000,ok,True,31,31,505.95698562634533,1495.2304163411982,510.1968951667648,1534.4480206321955,39.446131866587265,49.032735450849955,HIT,True,1169.1143174436643
2026_07_21_gym,flight_55,30,0,1050,ok,True,32,32,505.9569856259495,1495.2304163455412,510.1968951667648,1534.4480206321955,39.4461318623119,49.03273544514538,HIT,True,1169.1143174429305
2026_07_21_gym,flight_55,30,0,1100,ok,True,34,34,526.1028773589624,1490.7591956413316,510.1968951667648,1534.4480206321955,46.49423296045258,59.30011222099712,HIT,True,1169.5210950430994
2026_07_21_gym,flight_55,30,0,1150,ok,True,35,35,526.1028773541157,1490.7591956925078,510.1968951667648,1534.4480206321955,46.49423291070627,59.30011216140873,HIT,True,1169.5210950344626
2026_07_21_gym,flight_55,30,0,1200,ok,False,37,37,518.1333753728715,1502.821204901263,510.1968951667648,1534.4480206321955,32.607410067962846,41.4687090615299,HIT,True,1168.0914496516982
2026_07_21_gym,flight_55,30,0,1250,ok,False,38,38,518.1334163008174,1502.8207683627518,510.1968951667648,1534.4480206321955,32.60784344028744,41.469221219744895,HIT,True,1168.091523508718
2026_07_21_gym,flight_56,30,0,150,not_fit_eligible,True,4,4,,,,,,,,,
2026_07_21_gym,flight_56,30,0,200,not_fit_eligible,True,6,6,,,,,,,,,
2026_07_21_gym,flight_56,30,0,250,not_fit_eligible,True,7,7,,,,,,,,,
2026_07_21_gym,flight_56,30,0,300,fit_failed,True,9,9,,,,,,,,,
2026_07_21_gym,flight_56,30,0,350,fit_failed,True,9,9,,,,,,,,,
2026_07_21_gym,flight_56,30,0,400,fit_failed,True,11,11,,,,,,,,,
2026_07_21_gym,flight_56,30,0,450,fit_failed,True,12,12,,,,,,,,,
2026_07_21_gym,flight_56,30,0,490,ok,True,13,13,1327.5312584612407,631.7882582343659,1205.4387980249257,893.5469282785425,288.8324258782058,242.71852330639828,HIT,True,1261.255018912112
2026_07_21_gym,flight_56,30,0,500,ok,True,14,14,1337.9011677657036,640.7450582931002,1205.4387980249257,893.5469282785425,285.40333716598167,239.97581814142058,HIT,True,1260.1471163781239
2026_07_21_gym,flight_56,30,0,550,ok,True,15,15,1311.5075300476506,662.428122071267,1205.4387980249257,893.5469282785425,254.29604498612395,214.8679519953946,HIT,True,1259.0136596015022
2026_07_21_gym,flight_56,30,0,600,ok,True,17,17,1301.7661458010487,712.2026784232668,1205.4387980249257,893.5469282785425,205.34043655635585,168.48320854762784,HIT,True,1256.7052576409626
2026_07_21_gym,flight_56,30,0,650,ok,True,18,18,1239.5376467583967,719.9382064478317,1205.4387980249257,893.5469282785425,176.92574651712297,158.9192324112171,HIT,True,1259.8280561985036
2026_07_21_gym,flight_56,30,0,700,ok,True,20,20,1201.549513186383,726.0830849675588,1205.4387980249257,893.5469282785425,167.50900081201917,174.4900599895038,HIT,True,1264.3236503990536
2026_07_21_gym,flight_56,30,0,750,ok,True,21,21,1205.2158116130367,755.7705224066455,1205.4387980249257,893.5469282785425,137.7765863197285,146.01617954137342,HIT,True,1262.5181748849272
2026_07_21_gym,flight_56,30,0,800,ok,True,22,22,1205.2158201400432,755.7704567780092,1205.4387980249257,893.5469282785425,137.77665193447837,146.0162432446309,HIT,True,1262.518184669164
2026_07_21_gym,flight_56,30,0,850,ok,True,23,23,1205.2158360925132,755.7703339988329,1205.4387980249257,893.5469282785425,137.77677468767735,146.0163624226421,HIT,True,1262.5182029736811
2026_07_21_gym,flight_56,30,0,900,ok,True,25,25,1187.1549405628405,796.995077002201,1205.4387980249257,893.5469282785425,98.26779446279753,118.99331667274824,HIT,True,1260.5961068160223
2026_07_21_gym,flight_56,30,0,950,ok,True,26,26,1173.0440955206816,814.4119867103038,1205.4387980249257,893.5469282785425,85.50880496970491,114.63597090164392,HIT,True,1259.6435166390584
2026_07_21_gym,flight_56,30,0,1000,ok,True,28,28,1215.7767460271043,832.5824381258752,1205.4387980249257,893.5469282785425,61.834797876846125,62.68419173236629,HIT,True,1254.8579571565497
2026_07_21_gym,flight_56,30,0,1050,ok,True,29,29,1211.8658250771416,840.7721432131673,1205.4387980249257,893.5469282785425,53.16469331639624,53.823593341324816,HIT,True,1254.447704284894
2026_07_21_gym,flight_56,30,0,1100,ok,True,31,31,1213.9302483935528,856.7734560432818,1205.4387980249257,893.5469282785425,37.74113127080776,36.85762519910044,HIT,True,1252.992771567217
2026_07_21_gym,flight_56,30,0,1150,ok,True,32,32,1208.5531716942774,866.7941801581014,1205.4387980249257,893.5469282785425,26.93341521879679,28.511838847308603,HIT,True,1252.687934683662
2026_07_21_gym,flight_56,30,0,1200,ok,True,34,34,1213.485447993887,888.8845048289097,1205.4387980249257,893.5469282785425,9.299826242821387,13.695974573603458,HIT,True,1250.2773680495152
2026_07_21_gym,flight_56,30,0,1250,ok,True,35,35,1208.5468906882068,901.8839306891365,1205.4387980249257,893.5469282785425,8.89751927212249,28.40211133535626,HIT,True,1249.2140563284888
2026_07_21_gym,flight_57,30,0,150,not_fit_eligible,True,5,5,,,,,,,,,
2026_07_21_gym,flight_57,30,0,200,not_fit_eligible,True,7,7,,,,,,,,,
2026_07_21_gym,flight_57,30,0,250,fit_failed,True,8,8,,,,,,,,,
2026_07_21_gym,flight_57,30,0,300,fit_failed,True,10,10,,,,,,,,,
2026_07_21_gym,flight_57,30,0,350,fit_failed,True,11,11,,,,,,,,,
2026_07_21_gym,flight_57,30,0,400,ok,True,13,13,236.96854233426933,826.8847902515707,437.4616227829008,1073.0037777988493,317.44610777119146,362.4988268823454,HIT,True,1295.468033582029
2026_07_21_gym,flight_57,30,0,450,ok,True,14,14,564.5077864161551,1114.457635083426,437.4616227829008,1073.0037777988493,133.63813070264672,132.26713254687596,HIT,True,1245.5611854985823
2026_07_21_gym,flight_57,30,0,490,ok,True,15,15,191.32172481875398,859.8565615228794,437.4616227829008,1073.0037777988493,325.60188140733425,368.379107027385,HIT,True,1295.0769068450304
2026_07_21_gym,flight_57,30,0,500,ok,True,16,16,369.5495460602825,998.0520593917165,437.4616227829008,1073.0037777988493,101.1425244739369,124.92203999923642,HIT,True,1273.77578853662
2026_07_21_gym,flight_57,30,0,550,ok,True,17,17,436.6584230509235,1088.1606505569896,437.4616227829008,1073.0037777988493,15.178139596666732,24.776738148942062,HIT,True,1260.6618900299084
2026_07_21_gym,flight_57,30,0,600,ok,True,19,19,433.4953918863951,1085.173098443511,437.4616227829008,1073.0037777988493,12.799349689612527,23.001206225450392,HIT,True,1262.125569011004
2026_07_21_gym,flight_57,30,0,650,ok,True,20,20,417.04685895990355,1079.0646774179293,437.4616227829008,1073.0037777988493,21.29547102417133,31.958381096705814,HIT,True,1263.1833007273335
2026_07_21_gym,flight_57,30,0,700,ok,True,22,22,397.6237102205043,1089.1571066331749,437.4616227829008,1073.0037777988493,42.988246181473876,49.42270757767908,HIT,True,1263.8216838106628
2026_07_21_gym,flight_57,30,0,750,ok,True,23,23,390.12518965404183,1081.5725673127195,437.4616227829008,1073.0037777988493,48.10573827617603,54.17186026278054,HIT,True,1263.5899637882242
2026_07_21_gym,flight_57,30,0,800,ok,True,25,25,288.2293670574793,1022.7721623353184,437.4616227829008,1073.0037777988493,157.45945935692032,198.25302436687485,HIT,True,1274.2399704492193
2026_07_21_gym,flight_57,30,0,850,ok,True,26,26,288.2293709041552,1022.772066383838,437.4616227829008,1073.0037777988493,157.45948632102912,198.25305880343512,HIT,True,1274.2399849492215
2026_07_21_gym,flight_57,30,0,900,ok,True,28,28,461.48009181561247,1041.3515019128579,437.4616227829008,1073.0037777988493,39.7335302161568,36.241831545592404,HIT,True,1264.7518257877307
2026_07_21_gym,flight_57,30,0,950,ok,True,29,29,468.3532837554269,1041.9903259817206,437.4616227829008,1073.0037777988493,43.773609758104904,36.78686454182994,HIT,True,1263.3003643788102
2026_07_21_gym,flight_57,30,0,1000,ok,True,31,31,438.36025857842617,1043.2672692795934,437.4616227829008,1073.0037777988493,29.75008378490355,31.177082093986858,HIT,True,1264.0459706038089
2026_07_21_gym,flight_57,30,0,1050,ok,True,32,32,448.6719588613504,1040.1161484808395,437.4616227829008,1073.0037777988493,34.74575941248963,32.5317564088399,HIT,True,1264.1505706362564
2026_07_21_gym,flight_57,30,0,1100,ok,True,34,34,469.08288856164614,1043.5973376468085,437.4616227829008,1073.0037777988493,43.181514237757035,37.62092740387169,HIT,True,1262.5248194072435
2026_07_21_gym,flight_57,30,0,1150,ok,True,35,35,469.0828885565244,1043.5973377177213,437.4616227829008,1073.0037777988493,43.181514185715066,37.620927353927414,HIT,True,1262.5248193964753
2026_07_21_gym,flight_57,30,0,1200,ok,True,37,37,430.4918641431262,1063.5339179453579,437.4616227829008,1073.0037777988493,11.758221852877353,17.95628705639942,HIT,True,1261.0162914494877
2026_07_21_gym,flight_57,30,0,1250,ok,True,38,38,416.9633065513417,1086.6875779911484,437.4616227829008,1073.0037777988493,24.64604138663575,27.47036689961114,HIT,True,1258.1303237540324
2026_07_21_gym,flight_58,30,0,150,not_fit_eligible,True,4,4,,,,,,,,,
2026_07_21_gym,flight_58,30,0,200,not_fit_eligible,True,6,6,,,,,,,,,
2026_07_21_gym,flight_58,30,0,250,not_fit_eligible,True,7,7,,,,,,,,,
2026_07_21_gym,flight_58,30,0,300,fit_failed,True,9,9,,,,,,,,,
2026_07_21_gym,flight_58,30,0,350,fit_failed,True,10,10,,,,,,,,,
2026_07_21_gym,flight_58,30,0,400,fit_failed,True,11,11,,,,,,,,,
2026_07_21_gym,flight_58,30,0,450,fit_failed,True,11,11,,,,,,,,,
2026_07_21_gym,flight_58,30,0,490,fit_failed,True,12,12,,,,,,,,,
2026_07_21_gym,flight_58,30,0,500,fit_failed,True,13,13,,,,,,,,,
2026_07_21_gym,flight_58,30,0,550,fit_failed,True,14,14,,,,,,,,,
2026_07_21_gym,flight_58,30,0,600,ok,True,16,16,644.730557062948,1730.349560626814,818.1029512374254,1807.2558140387096,189.66433211240596,211.98890132077705,HIT,True,1323.9322689373546
2026_07_21_gym,flight_58,30,0,650,ok,True,17,17,827.4877986361124,1691.3715721527308,818.1029512374254,1807.2558140387096,116.26363523554852,118.70229531172254,HIT,True,1312.8202662819383
2026_07_21_gym,flight_58,30,0,700,ok,True,19,19,799.860752246008,1641.1258631386759,818.1029512374254,1807.2558140387096,167.12850866949682,171.79469527865285,HIT,True,1317.1624861351138
2026_07_21_gym,flight_58,30,0,750,ok,True,20,20,760.0509077877396,1618.400756928825,818.1029512374254,1807.2558140387096,197.57599131640953,214.53353671684496,HIT,True,1319.9322730955578
2026_07_21_gym,flight_58,30,0,800,ok,True,22,22,851.1945132783828,1659.0876714454953,818.1029512374254,1807.2558140387096,151.81847699747752,136.27200684519326,HIT,True,1310.507256074711
2026_07_21_gym,flight_58,30,0,850,ok,True,23,23,838.9266408355658,1672.80965252071,818.1029512374254,1807.2558140387096,136.0492425388827,123.12099475728783,HIT,True,1310.3317553635648
2026_07_21_gym,flight_58,30,0,900,ok,True,25,25,842.0332722510916,1677.6828154006114,818.1029512374254,1807.2558140387096,131.76426769001415,118.7648457485206,HIT,True,1310.2483037797333
2026_07_21_gym,flight_58,30,0,950,ok,True,26,26,842.0333367347816,1677.6822383487672,818.1029512374254,1807.2558140387096,131.76484685654705,118.76549575961639,HIT,True,1310.2483920690722
2026_07_21_gym,flight_58,30,0,1000,ok,True,28,28,879.0041585971315,1693.916418041002,818.1029512374254,1807.2558140387096,128.66536341609222,121.21264832651386,HIT,True,1309.4683804059218
2026_07_21_gym,flight_58,30,0,1050,ok,True,29,29,861.7993377470536,1729.2702262100252,818.1029512374254,1807.2558140387096,89.393098743607,105.43284278030818,HIT,True,1306.663968229885
2026_07_21_gym,flight_58,30,0,1100,ok,True,31,31,854.8759374361174,1744.3661904607245,818.1029512374254,1807.2558140387096,72.85161129137671,69.9957055444259,HIT,True,1308.1232054666289
2026_07_21_gym,flight_58,30,0,1150,ok,True,32,32,838.9586983680383,1753.9267176083213,818.1029512374254,1807.2558140387096,57.2621577873007,66.80641981713002,HIT,True,1309.294191747724
2026_07_21_gym,flight_58,30,0,1200,ok,True,34,34,850.5933389363595,1758.9741747289588,818.1029512374254,1807.2558140387096,58.19572138279512,65.70234031858728,HIT,True,1309.5694259002773
2026_07_21_gym,flight_58,30,0,1250,ok,True,35,35,841.2058232423672,1766.9424656310953,818.1029512374254,1807.2558140387096,46.464058741250966,41.89431613824921,HIT,True,1307.9678740591582
2026_07_21_gym,flight_59,30,0,150,not_fit_eligible,True,5,5,,,,,,,,,
2026_07_21_gym,flight_59,30,0,200,not_fit_eligible,True,7,7,,,,,,,,,
2026_07_21_gym,flight_59,30,0,250,fit_failed,True,8,8,,,,,,,,,
2026_07_21_gym,flight_59,30,0,300,fit_failed,True,9,9,,,,,,,,,
2026_07_21_gym,flight_59,30,0,350,fit_failed,True,10,10,,,,,,,,,
2026_07_21_gym,flight_59,30,0,400,fit_failed,True,12,12,,,,,,,,,
2026_07_21_gym,flight_59,30,0,450,fit_failed,True,13,13,,,,,,,,,
2026_07_21_gym,flight_59,30,0,490,fit_failed,True,14,14,,,,,,,,,
2026_07_21_gym,flight_59,30,0,500,fit_failed,True,15,15,,,,,,,,,
2026_07_21_gym,flight_59,30,0,550,fit_failed,True,16,16,,,,,,,,,
2026_07_21_gym,flight_59,30,0,600,fit_failed,True,17,17,,,,,,,,,
2026_07_21_gym,flight_59,30,0,650,fit_failed,True,19,19,,,,,,,,,
2026_07_21_gym,flight_59,30,0,700,ok,True,21,21,1154.397588798259,970.102481645235,1250.5356607016647,1104.98545317215,165.63799345933586,173.1933661245657,HIT,True,1483.186286895895
2026_07_21_gym,flight_59,30,0,750,ok,True,22,22,1182.3768465476435,986.4486332732318,1250.5356607016647,1104.98545317215,136.7355170342767,138.4900550670024,HIT,True,1478.876849088744
2026_07_21_gym,flight_59,30,0,800,ok,True,24,24,1169.92550099146,941.7850841820422,1250.5356607016647,1104.98545317215,182.02296087859926,183.44714016332344,HIT,True,1483.8020165631688
2026_07_21_gym,flight_59,30,0,850,ok,True,24,24,1169.92550099146,941.7850841820422,1250.5356607016647,1104.98545317215,182.02296087859926,183.44714016332344,HIT,True,1483.8020165631688
2026_07_21_gym,flight_59,30,0,900,ok,True,25,25,1169.925515843976,941.7849533393213,1250.5356607016647,1104.98545317215,182.02307161363558,183.44724548847617,HIT,True,1483.8020342523214
2026_07_21_gym,flight_59,30,0,950,ok,True,26,26,987.0840072072225,1009.533423316006,1250.5356607016647,1104.98545317215,280.21039190689174,286.390372645638,HIT,True,1490.2908965264985
2026_07_21_gym,flight_59,30,0,1000,ok,True,28,28,1148.669870126166,1016.3568821767485,1250.5356607016647,1104.98545317215,135.02467510147287,138.8469658289954,HIT,True,1477.762984200959
2026_07_21_gym,flight_59,30,0,1050,ok,True,29,29,1227.7078390232298,973.2093072188793,1250.5356607016647,1104.98545317215,133.7387830245219,132.5701323161405,HIT,True,1477.7264656060215
2026_07_21_gym,flight_59,30,0,1100,ok,True,31,31,1229.8807318576562,1002.4177094310971,1250.5356607016647,1104.98545317215,104.62680412629146,103.25943517206265,HIT,True,1473.867164801921
2026_07_21_gym,flight_59,30,0,1150,ok,True,32,32,1249.9450652573828,1079.2633390388355,1250.5356607016647,1104.98545317215,25.728893455919696,20.684567553856233,HIT,True,1463.4273384914727
2026_07_21_gym,flight_59,30,0,1200,ok,True,34,34,1251.0450583851937,1075.9753043102946,1250.5356607016647,1104.98545317215,29.01462084858248,24.338222106568292,HIT,True,1464.8711014517417
2026_07_21_gym,flight_59,30,0,1250,ok,True,35,35,1271.8464476868996,1056.2734405220524,1250.5356607016647,1104.98545317215,53.16963248277474,37.22677155865935,HIT,True,1466.265334856306
2026_07_21_gym,flight_6,30,0,150,not_fit_eligible,True,5,5,,,,,,,,,
2026_07_21_gym,flight_6,30,0,200,not_fit_eligible,True,7,7,,,,,,,,,
2026_07_21_gym,flight_6,30,0,250,ok,True,8,8,133.65550847463084,827.0045175082405,343.7293430151896,797.8586428943668,212.08606263868853,371.02134289307037,HIT,True,579.4177933934891
2026_07_21_gym,flight_6,30,0,300,ok,True,10,10,244.2573757471822,822.0526503006178,343.7293430151896,797.8586428943668,102.37197988972014,171.336587161343,HIT,True,575.397379473701
2026_07_21_gym,flight_6,30,0,350,ok,True,11,11,257.6308223243209,822.7468750476377,343.7293430151896,797.8586428943668,89.62354246999534,159.55575955355758,HIT,True,575.2982358256434
2026_07_21_gym,flight_6,30,0,400,ok,True,13,13,285.8679638066239,806.339422548195,343.7293430151896,797.8586428943668,58.47959325657309,101.02133456340896,HIT,True,575.0432248990465
2026_07_21_gym,flight_6,30,0,450,ok,True,14,14,303.9818732034872,802.2446948079141,343.7293430151896,797.8586428943668,39.988733511084405,65.13020679114592,HIT,True,575.182699313604
2026_07_21_gym,flight_6,30,0,490,ok,True,15,15,301.35915155908833,797.3483212125876,343.7293430151896,797.8586428943668,42.37326459273078,68.00344314413424,HIT,True,575.0536836595486
2026_07_21_gym,flight_6,30,0,500,ok,True,16,16,302.32074238373207,796.807169101905,343.7293430151896,797.8586428943668,41.42194832925873,51.14241173155257,HIT,True,574.8495969967264
2026_07_21_gym,flight_6,30,0,550,ok,True,17,17,328.18538249143563,793.7748945761467,343.7293430151896,797.8586428943668,16.071456346286332,24.040844630005346,HIT,True,576.052949926582
2026_07_21_gym,flight_6,30,0,600,ok,False,19,19,322.7118002949314,793.56531827883,343.7293430151896,797.8586428943668,21.451567267970283,24.98753390651338,HIT,True,575.4072678478509
2026_07_21_gym,flight_6,30,0,650,ok,False,20,20,352.7910669316909,794.6567821283339,343.7293430151896,797.8586428943668,9.610762337294174,47.159511065392856,HIT,True,575.6393124788696
2026_07_21_gym,flight_6,30,0,700,ok,False,20,20,352.7910669316909,794.6567821283339,343.7293430151896,797.8586428943668,9.610762337294174,47.159511065392856,HIT,True,575.6393124788696
2026_07_21_gym,flight_6,30,0,750,ok,False,20,20,352.7910669316909,794.6567821283339,343.7293430151896,797.8586428943668,9.610762337294174,47.159511065392856,HIT,True,575.6393124788696
2026_07_21_gym,flight_6,30,0,800,ok,False,20,20,352.7910669316909,794.6567821283339,343.7293430151896,797.8586428943668,9.610762337294174,47.159511065392856,HIT,True,575.6393124788696
2026_07_21_gym,flight_6,30,0,850,ok,False,20,20,352.7910669316909,794.6567821283339,343.7293430151896,797.8586428943668,9.610762337294174,47.159511065392856,HIT,True,575.6393124788696
2026_07_21_gym,flight_6,30,0,900,ok,False,20,20,352.7910669316909,794.6567821283339,343.7293430151896,797.8586428943668,9.610762337294174,47.159511065392856,HIT,True,575.6393124788696
2026_07_21_gym,flight_6,30,0,950,ok,False,20,20,352.7910669316909,794.6567821283339,343.7293430151896,797.8586428943668,9.610762337294174,47.159511065392856,HIT,True,575.6393124788696
2026_07_21_gym,flight_6,30,0,1000,ok,False,20,20,352.7910669316909,794.6567821283339,343.7293430151896,797.8586428943668,9.610762337294174,47.159511065392856,HIT,True,575.6393124788696
2026_07_21_gym,flight_6,30,0,1050,ok,False,20,20,352.7910669316909,794.6567821283339,343.7293430151896,797.8586428943668,9.610762337294174,47.159511065392856,HIT,True,575.6393124788696
2026_07_21_gym,flight_6,30,0,1100,ok,False,20,20,352.7910669316909,794.6567821283339,343.7293430151896,797.8586428943668,9.610762337294174,47.159511065392856,HIT,True,575.6393124788696
2026_07_21_gym,flight_6,30,0,1150,ok,False,20,20,352.7910669316909,794.6567821283339,343.7293430151896,797.8586428943668,9.610762337294174,47.159511065392856,HIT,True,575.6393124788696
2026_07_21_gym,flight_6,30,0,1200,ok,False,20,20,352.7910669316909,794.6567821283339,343.7293430151896,797.8586428943668,9.610762337294174,47.159511065392856,HIT,True,575.6393124788696
2026_07_21_gym,flight_6,30,0,1250,ok,False,20,20,352.7910669316909,794.6567821283339,343.7293430151896,797.8586428943668,9.610762337294174,47.159511065392856,HIT,True,575.6393124788696
2026_07_21_gym,flight_61,30,0,150,not_fit_eligible,True,5,5,,,,,,,,,
2026_07_21_gym,flight_61,30,0,200,not_fit_eligible,True,7,7,,,,,,,,,
2026_07_21_gym,flight_61,30,0,250,ok,True,8,8,1243.30588748275,451.05194657995264,1335.9711181960122,523.3557039632246,117.53585969771596,274.0793220742304,HIT,True,645.4271572007121
2026_07_21_gym,flight_61,30,0,300,ok,True,10,10,1232.8815611157377,490.66748269411926,1335.9711181960122,523.3557039632246,108.14793843964466,222.64565624507784,HIT,True,638.9241032257261
2026_07_21_gym,flight_61,30,0,350,ok,True,11,11,1232.8815610669703,490.6674829653889,1335.9711181960122,523.3557039632246,108.14793840413849,222.64565607655734,HIT,True,638.924103171931
2026_07_21_gym,flight_61,30,0,400,ok,True,13,13,1373.110437005124,473.3838066972866,1335.9711181960122,523.3557039632246,62.26170185565364,116.2678512548098,HIT,True,637.7846066216139
2026_07_21_gym,flight_61,30,0,450,ok,True,14,14,1379.4471379283573,484.99647914747766,1335.9711181960122,523.3557039632246,57.97925853468875,95.59809743415178,HIT,True,636.6311890488904
2026_07_21_gym,flight_61,30,0,490,ok,True,15,15,1332.9911071063443,488.8549767034308,1335.9711181960122,523.3557039632246,34.62918779800106,90.16745185255114,HIT,True,636.5643769762248
2026_07_21_gym,flight_61,30,0,500,ok,True,16,16,1378.493252303262,482.6497256392757,1335.9711181960122,523.3557039632246,58.865172728403095,100.04345564473903,HIT,True,636.5694287458266
2026_07_21_gym,flight_61,30,0,550,ok,True,17,17,1325.109485634393,510.9082363849763,1335.9711181960122,523.3557039632246,16.520124424930046,58.583670494157104,HIT,True,634.3936412454492
2026_07_21_gym,flight_61,30,0,600,ok,True,19,19,1395.8432788173532,505.7488201853791,1335.9711181960122,523.3557039632246,62.407355126092426,96.56995953866138,HIT,True,635.8452227685065
2026_07_21_gym,flight_61,30,0,650,ok,False,20,20,1398.9980996537279,505.8340867556842,1335.9711181960122,523.3557039632246,65.41718016881204,93.83640374121745,HIT,True,635.7596297593344
2026_07_21_gym,flight_61,30,0,700,ok,False,21,21,1437.7700168072176,495.2750302882964,1335.9711181960122,523.3557039632246,105.6008522337405,180.11750067571964,HIT,True,636.9963950617941
2026_07_21_gym,flight_61,30,0,750,ok,False,21,21,1437.7700168072176,495.2750302882964,1335.9711181960122,523.3557039632246,105.6008522337405,180.11750067571964,HIT,True,636.9963950617941
2026_07_21_gym,flight_61,30,0,800,ok,False,21,21,1437.7700168072176,495.2750302882964,1335.9711181960122,523.3557039632246,105.6008522337405,180.11750067571964,HIT,True,636.9963950617941
2026_07_21_gym,flight_61,30,0,850,ok,False,21,21,1437.7700168072176,495.2750302882964,1335.9711181960122,523.3557039632246,105.6008522337405,180.11750067571964,HIT,True,636.9963950617941
2026_07_21_gym,flight_61,30,0,900,ok,False,21,21,1437.7700168072176,495.2750302882964,1335.9711181960122,523.3557039632246,105.6008522337405,180.11750067571964,HIT,True,636.9963950617941
2026_07_21_gym,flight_61,30,0,950,ok,False,21,21,1437.7700168072176,495.2750302882964,1335.9711181960122,523.3557039632246,105.6008522337405,180.11750067571964,HIT,True,636.9963950617941
2026_07_21_gym,flight_61,30,0,1000,ok,False,21,21,1437.7700168072176,495.2750302882964,1335.9711181960122,523.3557039632246,105.6008522337405,180.11750067571964,HIT,True,636.9963950617941
2026_07_21_gym,flight_61,30,0,1050,ok,False,21,21,1437.7700168072176,495.2750302882964,1335.9711181960122,523.3557039632246,105.6008522337405,180.11750067571964,HIT,True,636.9963950617941
2026_07_21_gym,flight_61,30,0,1100,ok,False,21,21,1437.7700168072176,495.2750302882964,1335.9711181960122,523.3557039632246,105.6008522337405,180.11750067571964,HIT,True,636.9963950617941
2026_07_21_gym,flight_61,30,0,1150,ok,False,21,21,1437.7700168072176,495.2750302882964,1335.9711181960122,523.3557039632246,105.6008522337405,180.11750067571964,HIT,True,636.9963950617941
2026_07_21_gym,flight_61,30,0,1200,ok,False,21,21,1437.7700168072176,495.2750302882964,1335.9711181960122,523.3557039632246,105.6008522337405,180.11750067571964,HIT,True,636.9963950617941
2026_07_21_gym,flight_61,30,0,1250,ok,False,21,21,1437.7700168072176,495.2750302882964,1335.9711181960122,523.3557039632246,105.6008522337405,180.11750067571964,HIT,True,636.9963950617941
2026_07_21_gym,flight_62,30,0,150,not_fit_eligible,True,5,5,,,,,,,,,
2026_07_21_gym,flight_62,30,0,200,not_fit_eligible,True,7,7,,,,,,,,,
2026_07_21_gym,flight_62,30,0,250,fit_failed,True,8,8,,,,,,,,,
2026_07_21_gym,flight_62,30,0,300,fit_failed,True,10,10,,,,,,,,,
2026_07_21_gym,flight_62,30,0,350,ok,True,11,11,764.7356520299383,1289.458940971184,672.461770859789,1340.2053184049012,105.30747347101303,285.21349708787653,HIT,True,538.5064240553454
2026_07_21_gym,flight_62,30,0,400,ok,True,13,13,692.4124990340476,1303.8634223506322,672.461770859789,1340.2053184049012,41.45799034567945,135.81676375519243,HIT,True,539.0108912339098
2026_07_21_gym,flight_62,30,0,450,ok,True,14,14,687.6017417738195,1302.7558710337742,672.461770859789,1340.2053184049012,40.39405683613001,128.71809234127807,HIT,True,538.4958720118472
2026_07_21_gym,flight_62,30,0,490,ok,True,15,15,714.9176997091771,1302.6708803924662,672.461770859789,1340.2053184049012,56.6686856330163,175.08771619892642,HIT,True,537.9968940500673
2026_07_21_gym,flight_62,30,0,500,ok,True,16,16,694.5776200662115,1310.1892198043151,672.461770859789,1340.2053184049012,37.28373588203466,116.6508606032588,HIT,True,538.1799161896203
2026_07_21_gym,flight_62,30,0,550,ok,True,17,17,694.5776208922713,1310.189211864255,672.461770859789,1340.2053184049012,37.28374276435603,116.65087546526337,HIT,True,538.1799183436448
2026_07_21_gym,flight_62,30,0,600,ok,False,19,19,686.8815877238918,1327.878092213619,672.461770859789,1340.2053184049012,18.970809786756462,60.17278575007965,HIT,True,536.2795826525547
2026_07_21_gym,flight_62,30,0,650,ok,False,19,19,686.8815877238918,1327.878092213619,672.461770859789,1340.2053184049012,18.970809786756462,60.17278575007965,HIT,True,536.2795826525547
2026_07_21_gym,flight_62,30,0,700,ok,False,20,20,688.9510346952446,1341.562304046353,672.461770859789,1340.2053184049012,16.545006251626834,31.775468924954417,HIT,True,534.8317395578031
2026_07_21_gym,flight_62,30,0,750,ok,False,20,20,688.9510346952446,1341.562304046353,672.461770859789,1340.2053184049012,16.545006251626834,31.775468924954417,HIT,True,534.8317395578031
2026_07_21_gym,flight_62,30,0,800,ok,False,20,20,688.9510346952446,1341.562304046353,672.461770859789,1340.2053184049012,16.545006251626834,31.775468924954417,HIT,True,534.8317395578031
2026_07_21_gym,flight_62,30,0,850,ok,False,20,20,688.9510346952446,1341.562304046353,672.461770859789,1340.2053184049012,16.545006251626834,31.775468924954417,HIT,True,534.8317395578031
2026_07_21_gym,flight_62,30,0,900,ok,False,20,20,688.9510346952446,1341.562304046353,672.461770859789,1340.2053184049012,16.545006251626834,31.775468924954417,HIT,True,534.8317395578031
2026_07_21_gym,flight_62,30,0,950,ok,False,20,20,688.9510346952446,1341.562304046353,672.461770859789,1340.2053184049012,16.545006251626834,31.775468924954417,HIT,True,534.8317395578031
2026_07_21_gym,flight_62,30,0,1000,ok,False,20,20,688.9510346952446,1341.562304046353,672.461770859789,1340.2053184049012,16.545006251626834,31.775468924954417,HIT,True,534.8317395578031
2026_07_21_gym,flight_62,30,0,1050,ok,False,20,20,688.9510346952446,1341.562304046353,672.461770859789,1340.2053184049012,16.545006251626834,31.775468924954417,HIT,True,534.8317395578031
2026_07_21_gym,flight_62,30,0,1100,ok,False,20,20,688.9510346952446,1341.562304046353,672.461770859789,1340.2053184049012,16.545006251626834,31.775468924954417,HIT,True,534.8317395578031
2026_07_21_gym,flight_62,30,0,1150,ok,False,20,20,688.9510346952446,1341.562304046353,672.461770859789,1340.2053184049012,16.545006251626834,31.775468924954417,HIT,True,534.8317395578031
2026_07_21_gym,flight_62,30,0,1200,ok,False,20,20,688.9510346952446,1341.562304046353,672.461770859789,1340.2053184049012,16.545006251626834,31.775468924954417,HIT,True,534.8317395578031
2026_07_21_gym,flight_62,30,0,1250,ok,False,20,20,688.9510346952446,1341.562304046353,672.461770859789,1340.2053184049012,16.545006251626834,31.775468924954417,HIT,True,534.8317395578031
2026_07_21_gym,flight_63,30,0,150,not_fit_eligible,True,4,4,,,,,,,,,
2026_07_21_gym,flight_63,30,0,200,not_fit_eligible,True,6,6,,,,,,,,,
2026_07_21_gym,flight_63,30,0,250,not_fit_eligible,True,7,7,,,,,,,,,
2026_07_21_gym,flight_63,30,0,300,ok,True,9,9,628.8796948364356,787.1345348498,625.2754215699265,830.7889720403076,43.80297560896568,119.89003972301867,HIT,True,613.8717282707372
2026_07_21_gym,flight_63,30,0,350,ok,True,10,10,584.2319118836481,791.7534862157858,625.2754215699265,830.7889720403076,56.642200177288984,84.64311578239457,HIT,True,615.1758080861981
2026_07_21_gym,flight_63,30,0,400,ok,True,12,12,596.2838765779098,801.1405807557124,625.2754215699265,830.7889720403076,41.46729779945378,69.34071842393439,HIT,True,614.8086632870442
2026_07_21_gym,flight_63,30,0,450,ok,True,13,13,627.0178240698214,793.6654820987283,625.2754215699265,830.7889720403076,37.164357547443,112.46256178521693,HIT,True,614.7447463561688
2026_07_21_gym,flight_63,30,0,490,ok,True,14,14,628.2932174621359,810.0487478203119,625.2754215699265,830.7889720403076,20.95862573602416,95.23147284666675,HIT,True,613.7263304884976
2026_07_21_gym,flight_63,30,0,500,ok,True,15,15,628.2932181072491,810.0487431952315,625.2754215699265,830.7889720403076,20.958630405797113,95.23147664301896,HIT,True,613.7263315003147
2026_07_21_gym,flight_63,30,0,550,ok,True,16,16,641.8666821177683,812.925862328142,625.2754215699265,830.7889720403076,24.37951220092882,117.70574972531264,HIT,True,614.3035806438654
2026_07_21_gym,flight_63,30,0,600,ok,True,18,18,612.8547108575767,822.2374672965267,625.2754215699265,830.7889720403076,15.079863659290428,37.248829539667256,HIT,True,614.6890843932308
2026_07_21_gym,flight_63,30,0,650,ok,False,19,19,640.8074864473828,821.3478007221853,625.2754215699265,830.7889720403076,18.176379045773828,90.09474481564475,HIT,True,614.309429969223
2026_07_21_gym,flight_63,30,0,700,ok,False,21,21,647.7627594717326,821.5275001775526,625.2754215699265,830.7889720403076,24.319852527813715,106.78074192580465,HIT,True,614.1676200540782
2026_07_21_gym,flight_63,30,0,750,ok,False,21,21,647.7627594717326,821.5275001775526,625.2754215699265,830.7889720403076,24.319852527813715,106.78074192580465,HIT,True,614.1676200540782
2026_07_21_gym,flight_63,30,0,800,ok,False,21,21,647.7627594717326,821.5275001775526,625.2754215699265,830.7889720403076,24.319852527813715,106.78074192580465,HIT,True,614.1676200540782
2026_07_21_gym,flight_63,30,0,850,ok,False,21,21,647.7627594717326,821.5275001775526,625.2754215699265,830.7889720403076,24.319852527813715,106.78074192580465,HIT,True,614.1676200540782
2026_07_21_gym,flight_63,30,0,900,ok,False,21,21,647.7627594717326,821.5275001775526,625.2754215699265,830.7889720403076,24.319852527813715,106.78074192580465,HIT,True,614.1676200540782
2026_07_21_gym,flight_63,30,0,950,ok,False,21,21,647.7627594717326,821.5275001775526,625.2754215699265,830.7889720403076,24.319852527813715,106.78074192580465,HIT,True,614.1676200540782
2026_07_21_gym,flight_63,30,0,1000,ok,False,21,21,647.7627594717326,821.5275001775526,625.2754215699265,830.7889720403076,24.319852527813715,106.78074192580465,HIT,True,614.1676200540782
2026_07_21_gym,flight_63,30,0,1050,ok,False,21,21,647.7627594717326,821.5275001775526,625.2754215699265,830.7889720403076,24.319852527813715,106.78074192580465,HIT,True,614.1676200540782
2026_07_21_gym,flight_63,30,0,1100,ok,False,21,21,647.7627594717326,821.5275001775526,625.2754215699265,830.7889720403076,24.319852527813715,106.78074192580465,HIT,True,614.1676200540782
2026_07_21_gym,flight_63,30,0,1150,ok,False,21,21,647.7627594717326,821.5275001775526,625.2754215699265,830.7889720403076,24.319852527813715,106.78074192580465,HIT,True,614.1676200540782
2026_07_21_gym,flight_63,30,0,1200,ok,False,21,21,647.7627594717326,821.5275001775526,625.2754215699265,830.7889720403076,24.319852527813715,106.78074192580465,HIT,True,614.1676200540782
2026_07_21_gym,flight_63,30,0,1250,ok,False,21,21,647.7627594717326,821.5275001775526,625.2754215699265,830.7889720403076,24.319852527813715,106.78074192580465,HIT,True,614.1676200540782
2026_07_21_gym,flight_64,30,0,150,not_fit_eligible,True,5,5,,,,,,,,,
2026_07_21_gym,flight_64,30,0,200,not_fit_eligible,True,7,7,,,,,,,,,
2026_07_21_gym,flight_64,30,0,250,ok,True,8,8,51.544638780560994,1153.161510537263,245.20223956600768,1217.3061693237382,204.0044205227151,382.29361044830335,HIT,True,624.8673102890247
2026_07_21_gym,flight_64,30,0,300,ok,True,10,10,226.16993503033802,1170.216675081981,245.20223956600768,1217.3061693237382,50.79024595218016,144.97050955868585,HIT,True,619.3049284086147
2026_07_21_gym,flight_64,30,0,350,ok,True,11,11,231.2139373876238,1177.8444525206776,245.20223956600768,1217.3061693237382,41.86764491679391,124.12628416995878,HIT,True,617.947132732163
2026_07_21_gym,flight_64,30,0,400,ok,True,13,13,199.2874615392694,1182.0320106766123,245.20223956600768,1217.3061693237382,57.900199563622,150.71664840458945,HIT,True,619.5487391174498
2026_07_21_gym,flight_64,30,0,450,ok,True,14,14,276.0922464708144,1195.098722018212,245.20223956600768,1217.3061693237382,38.04422745183212,94.54277035780842,HIT,True,615.1692273333161
2026_07_21_gym,flight_64,30,0,490,ok,True,15,15,275.58758489314084,1189.856187800016,245.20223956600768,1217.3061693237382,40.94839064361172,107.6803063089414,HIT,True,616.9432702948851
2026_07_21_gym,flight_64,30,0,500,ok,True,16,16,298.31480332390305,1195.5412529250355,245.20223956600768,1217.3061693237382,57.39909419824517,131.3784345577463,HIT,True,615.1623648797604
2026_07_21_gym,flight_64,30,0,550,ok,True,17,17,298.31480313687246,1195.5412461387887,245.20223956600768,1217.3061693237382,57.39909659843008,131.3784396245754,HIT,True,615.1623665255872
2026_07_21_gym,flight_64,30,0,600,ok,True,19,19,245.97992561137352,1222.4307334915095,245.20223956600768,1217.3061693237382,5.183237742450368,40.34781068180441,HIT,True,613.1151791751037
2026_07_21_gym,flight_64,30,0,650,ok,False,20,20,219.0661607251866,1227.647852320953,245.20223956600768,1217.3061693237382,28.107739581625854,38.51292304191323,HIT,True,611.5524193593963
2026_07_21_gym,flight_64,30,0,700,ok,False,22,22,213.70101437016055,1228.7861769926715,245.20223956600768,1217.3061693237382,33.52786549898815,55.46137204830587,HIT,True,610.3793922414155
2026_07_21_gym,flight_64,30,0,750,ok,False,23,23,205.87497501964705,1229.8051003009857,245.20223956600768,1217.3061693237382,41.26568807463932,66.65143881722659,HIT,True,610.0979071338005
2026_07_21_gym,flight_64,30,0,800,ok,False,24,24,250.81152133074355,1220.869976355724,245.20223956600768,1217.3061693237382,6.645657414991364,33.86822316302172,HIT,True,611.4086929339676
2026_07_21_gym,flight_64,30,0,850,ok,False,24,24,250.81152133074355,1220.869976355724,245.20223956600768,1217.3061693237382,6.645657414991364,33.86822316302172,HIT,True,611.4086929339676
2026_07_21_gym,flight_64,30,0,900,ok,False,24,24,250.81152133074355,1220.869976355724,245.20223956600768,1217.3061693237382,6.645657414991364,33.86822316302172,HIT,True,611.4086929339676
2026_07_21_gym,flight_64,30,0,950,ok,False,24,24,250.81152133074355,1220.869976355724,245.20223956600768,1217.3061693237382,6.645657414991364,33.86822316302172,HIT,True,611.4086929339676
2026_07_21_gym,flight_64,30,0,1000,ok,False,24,24,250.81152133074355,1220.869976355724,245.20223956600768,1217.3061693237382,6.645657414991364,33.86822316302172,HIT,True,611.4086929339676
2026_07_21_gym,flight_64,30,0,1050,ok,False,24,24,250.81152133074355,1220.869976355724,245.20223956600768,1217.3061693237382,6.645657414991364,33.86822316302172,HIT,True,611.4086929339676
2026_07_21_gym,flight_64,30,0,1100,ok,False,24,24,250.81152133074355,1220.869976355724,245.20223956600768,1217.3061693237382,6.645657414991364,33.86822316302172,HIT,True,611.4086929339676
2026_07_21_gym,flight_64,30,0,1150,ok,False,24,24,250.81152133074355,1220.869976355724,245.20223956600768,1217.3061693237382,6.645657414991364,33.86822316302172,HIT,True,611.4086929339676
2026_07_21_gym,flight_64,30,0,1200,ok,False,24,24,250.81152133074355,1220.869976355724,245.20223956600768,1217.3061693237382,6.645657414991364,33.86822316302172,HIT,True,611.4086929339676
2026_07_21_gym,flight_64,30,0,1250,ok,False,24,24,250.81152133074355,1220.869976355724,245.20223956600768,1217.3061693237382,6.645657414991364,33.86822316302172,HIT,True,611.4086929339676
2026_07_21_gym,flight_65,30,0,150,not_fit_eligible,True,5,5,,,,,,,,,
2026_07_21_gym,flight_65,30,0,200,not_fit_eligible,True,7,7,,,,,,,,,
2026_07_21_gym,flight_65,30,0,250,fit_failed,True,8,8,,,,,,,,,
2026_07_21_gym,flight_65,30,0,300,fit_failed,True,10,10,,,,,,,,,
2026_07_21_gym,flight_65,30,0,350,fit_failed,True,11,11,,,,,,,,,
2026_07_21_gym,flight_65,30,0,400,ok,True,13,13,357.17943120179154,534.6295007649868,432.1015079079062,585.2488539384368,90.4192263495734,238.39808583057007,HIT,True,674.2508166168429
2026_07_21_gym,flight_65,30,0,450,ok,True,14,14,351.6749229968624,558.51397268621,432.1015079079062,585.2488539384368,84.75369865689642,198.32553051820454,HIT,True,666.4622760250188
2026_07_21_gym,flight_65,30,0,490,ok,True,15,15,430.82957803236303,554.6456683287588,432.1015079079062,585.2488539384368,30.62960618533484,100.38419593492495,HIT,True,666.1449837908408
2026_07_21_gym,flight_65,30,0,500,ok,True,15,15,430.82957803236303,554.6456683287588,432.1015079079062,585.2488539384368,30.62960618533484,100.38419593492495,HIT,True,666.1449837908408
2026_07_21_gym,flight_65,30,0,550,ok,True,16,16,354.1207448445292,581.4837908511607,432.1015079079062,585.2488539384368,78.07160244287104,198.1318714551261,HIT,True,662.9532789542533
2026_07_21_gym,flight_65,30,0,600,ok,True,18,18,421.4079235911069,586.2636805687995,432.1015079079062,585.2488539384368,10.741630166328976,44.00044796795817,HIT,True,660.0498624957473
2026_07_21_gym,flight_65,30,0,650,ok,True,19,19,423.4631012117822,576.3886898378144,432.1015079079062,585.2488539384368,12.37435162493771,89.41438359044389,HIT,True,662.6436163893135
2026_07_21_gym,flight_65,30,0,700,ok,False,21,21,513.4532924319923,571.1356717631444,432.1015079079062,585.2488539384368,82.56691078371726,87.64068865400195,HIT,True,666.1774434798195
2026_07_21_gym,flight_65,30,0,750,ok,False,21,21,513.4532924319923,571.1356717631444,432.1015079079062,585.2488539384368,82.56691078371726,87.64068865400195,HIT,True,666.1774434798195
2026_07_21_gym,flight_65,30,0,800,ok,False,21,21,513.4532924319923,571.1356717631444,432.1015079079062,585.2488539384368,82.56691078371726,87.64068865400195,HIT,True,666.1774434798195
2026_07_21_gym,flight_65,30,0,850,ok,False,21,21,513.4532924319923,571.1356717631444,432.1015079079062,585.2488539384368,82.56691078371726,87.64068865400195,HIT,True,666.1774434798195
2026_07_21_gym,flight_65,30,0,900,ok,False,21,21,513.4532924319923,571.1356717631444,432.1015079079062,585.2488539384368,82.56691078371726,87.64068865400195,HIT,True,666.1774434798195
2026_07_21_gym,flight_65,30,0,950,ok,False,21,21,513.4532924319923,571.1356717631444,432.1015079079062,585.2488539384368,82.56691078371726,87.64068865400195,HIT,True,666.1774434798195
2026_07_21_gym,flight_65,30,0,1000,ok,False,21,21,513.4532924319923,571.1356717631444,432.1015079079062,585.2488539384368,82.56691078371726,87.64068865400195,HIT,True,666.1774434798195
2026_07_21_gym,flight_65,30,0,1050,ok,False,21,21,513.4532924319923,571.1356717631444,432.1015079079062,585.2488539384368,82.56691078371726,87.64068865400195,HIT,True,666.1774434798195
2026_07_21_gym,flight_65,30,0,1100,ok,False,21,21,513.4532924319923,571.1356717631444,432.1015079079062,585.2488539384368,82.56691078371726,87.64068865400195,HIT,True,666.1774434798195
2026_07_21_gym,flight_65,30,0,1150,ok,False,21,21,513.4532924319923,571.1356717631444,432.1015079079062,585.2488539384368,82.56691078371726,87.64068865400195,HIT,True,666.1774434798195
2026_07_21_gym,flight_65,30,0,1200,ok,False,21,21,513.4532924319923,571.1356717631444,432.1015079079062,585.2488539384368,82.56691078371726,87.64068865400195,HIT,True,666.1774434798195
2026_07_21_gym,flight_65,30,0,1250,ok,False,21,21,513.4532924319923,571.1356717631444,432.1015079079062,585.2488539384368,82.56691078371726,87.64068865400195,HIT,True,666.1774434798195
2026_07_21_gym,flight_66,30,0,150,not_fit_eligible,True,5,5,,,,,,,,,
2026_07_21_gym,flight_66,30,0,200,not_fit_eligible,True,7,7,,,,,,,,,
2026_07_21_gym,flight_66,30,0,250,fit_failed,True,8,8,,,,,,,,,
2026_07_21_gym,flight_66,30,0,300,ok,True,10,10,338.8507501143065,266.6922479073382,299.83480690555757,328.8815487677828,73.4149369405111,138.4881476314331,HIT,True,580.6592219216029
2026_07_21_gym,flight_66,30,0,350,ok,True,11,11,308.5245203130897,274.4409656357593,299.83480690555757,328.8815487677828,55.129739804027786,110.72771161142111,HIT,True,580.0015700898754
2026_07_21_gym,flight_66,30,0,400,ok,True,13,13,296.8416586271982,307.83244446989954,299.83480690555757,328.8815487677828,21.260849662217492,56.82864387535227,HIT,True,578.6589053274935
2026_07_21_gym,flight_66,30,0,450,ok,True,14,14,296.84165849510333,307.83244298340026,299.83480690555757,328.8815487677828,21.26085115250874,56.82864554036403,HIT,True,578.6589056161998
2026_07_21_gym,flight_66,30,0,490,ok,True,15,15,296.8416581305418,307.8324388808852,299.83480690555757,328.8815487677828,21.260855265488946,56.82865013497474,HIT,True,578.6589064129861
2026_07_21_gym,flight_66,30,0,500,ok,True,16,16,298.63707927434024,315.31317865864736,299.83480690555757,328.8815487677828,13.62113133689937,40.08564562209423,HIT,True,578.2974006018355
2026_07_21_gym,flight_66,30,0,550,ok,True,17,17,313.4366897553962,317.07864734553607,299.83480690555757,328.8815487677828,18.00887833941936,40.378793083646045,HIT,True,578.6308828987392
2026_07_21_gym,flight_66,30,0,600,ok,False,18,18,313.43668673579623,317.07861057289625,299.83480690555757,328.8815487677828,18.008900159325815,40.378826128171944,HIT,True,578.6308900679918
2026_07_21_gym,flight_66,30,0,650,ok,False,18,18,313.43668673579623,317.07861057289625,299.83480690555757,328.8815487677828,18.008900159325815,40.378826128171944,HIT,True,578.6308900679918
2026_07_21_gym,flight_66,30,0,700,ok,False,18,18,313.43668673579623,317.07861057289625,299.83480690555757,328.8815487677828,18.008900159325815,40.378826128171944,HIT,True,578.6308900679918
2026_07_21_gym,flight_66,30,0,750,ok,False,18,18,313.43668673579623,317.07861057289625,299.83480690555757,328.8815487677828,18.008900159325815,40.378826128171944,HIT,True,578.6308900679918
2026_07_21_gym,flight_66,30,0,800,ok,False,18,18,313.43668673579623,317.07861057289625,299.83480690555757,328.8815487677828,18.008900159325815,40.378826128171944,HIT,True,578.6308900679918
2026_07_21_gym,flight_66,30,0,850,ok,False,18,18,313.43668673579623,317.07861057289625,299.83480690555757,328.8815487677828,18.008900159325815,40.378826128171944,HIT,True,578.6308900679918
2026_07_21_gym,flight_66,30,0,900,ok,False,18,18,313.43668673579623,317.07861057289625,299.83480690555757,328.8815487677828,18.008900159325815,40.378826128171944,HIT,True,578.6308900679918
2026_07_21_gym,flight_66,30,0,950,ok,False,18,18,313.43668673579623,317.07861057289625,299.83480690555757,328.8815487677828,18.008900159325815,40.378826128171944,HIT,True,578.6308900679918
2026_07_21_gym,flight_66,30,0,1000,ok,False,18,18,313.43668673579623,317.07861057289625,299.83480690555757,328.8815487677828,18.008900159325815,40.378826128171944,HIT,True,578.6308900679918
2026_07_21_gym,flight_66,30,0,1050,ok,False,18,18,313.43668673579623,317.07861057289625,299.83480690555757,328.8815487677828,18.008900159325815,40.378826128171944,HIT,True,578.6308900679918
2026_07_21_gym,flight_66,30,0,1100,ok,False,18,18,313.43668673579623,317.07861057289625,299.83480690555757,328.8815487677828,18.008900159325815,40.378826128171944,HIT,True,578.6308900679918
2026_07_21_gym,flight_66,30,0,1150,ok,False,18,18,313.43668673579623,317.07861057289625,299.83480690555757,328.8815487677828,18.008900159325815,40.378826128171944,HIT,True,578.6308900679918
2026_07_21_gym,flight_66,30,0,1200,ok,False,18,18,313.43668673579623,317.07861057289625,299.83480690555757,328.8815487677828,18.008900159325815,40.378826128171944,HIT,True,578.6308900679918
2026_07_21_gym,flight_66,30,0,1250,ok,False,18,18,313.43668673579623,317.07861057289625,299.83480690555757,328.8815487677828,18.008900159325815,40.378826128171944,HIT,True,578.6308900679918
2026_07_21_gym,flight_68,30,0,150,not_fit_eligible,True,5,5,,,,,,,,,
2026_07_21_gym,flight_68,30,0,200,not_fit_eligible,True,7,7,,,,,,,,,
2026_07_21_gym,flight_68,30,0,250,fit_failed,True,8,8,,,,,,,,,
2026_07_21_gym,flight_68,30,0,300,ok,True,10,10,1345.286460124805,989.1496928473894,1356.530675216053,1058.9734219161458,70.72330248288286,142.71909661839064,HIT,True,674.3330359349561
2026_07_21_gym,flight_68,30,0,350,ok,True,11,11,1319.6411736383652,993.461462890815,1356.530675216053,1058.9734219161458,75.18412134212141,147.50589167641093,HIT,True,673.995832186813
2026_07_21_gym,flight_68,30,0,400,ok,True,13,13,1336.1411110080928,997.3446757492522,1356.530675216053,1058.9734219161458,64.91407153070834,128.05262679252073,HIT,True,673.3013411851015
2026_07_21_gym,flight_68,30,0,450,ok,True,14,14,1299.4889863967762,1024.9367486887438,1356.530675216053,1058.9734219161458,66.4247648678122,121.31061075018023,HIT,True,671.9197799642421
2026_07_21_gym,flight_68,30,0,490,ok,True,15,15,1316.6001408877269,1032.4821546116402,1356.530675216053,1058.9734219161458,47.919044388889795,87.61503883788295,HIT,True,671.1906018873608
2026_07_21_gym,flight_68,30,0,500,ok,True,16,16,1344.8819443104533,1017.055131322493,1356.530675216053,1058.9734219161458,43.506735317706706,86.49095208667326,HIT,True,671.8720347752549
2026_07_21_gym,flight_68,30,0,550,ok,True,17,17,1285.6330191845482,1041.0693876367839,1356.530675216053,1058.9734219161458,73.1234030542762,120.27215654315283,HIT,True,668.5158228991995
2026_07_21_gym,flight_68,30,0,600,ok,True,19,19,1302.7012367901073,1048.1128609156217,1356.530675216053,1058.9734219161458,54.91411682344333,85.66090942157724,HIT,True,668.1575355775703
2026_07_21_gym,flight_68,30,0,650,ok,True,20,20,1308.8048620101679,1057.6027494955558,1356.530675216053,1058.9734219161458,47.74549181909847,72.87281468011841,HIT,True,666.9977171799685
2026_07_21_gym,flight_68,30,0,700,ok,False,22,22,1398.550205036849,1015.9777688882633,1356.530675216053,1058.9734219161458,60.118774651974014,107.95249901088717,HIT,True,671.5336620765402
2026_07_21_gym,flight_68,30,0,750,ok,False,23,23,1403.958106360555,1040.8995424627706,1356.530675216053,1058.9734219161458,50.7545696805875,107.67962842001005,HIT,True,671.5408124876661
2026_07_21_gym,flight_68,30,0,800,ok,False,24,24,1359.8915857848735,1050.1043921238663,1356.530675216053,1058.9734219161458,9.484482553516042,17.558934675882764,HIT,True,668.3484450218439
2026_07_21_gym,flight_68,30,0,850,ok,False,24,24,1359.8915857848735,1050.1043921238663,1356.530675216053,1058.9734219161458,9.484482553516042,17.558934675882764,HIT,True,668.3484450218439
2026_07_21_gym,flight_68,30,0,900,ok,False,24,24,1359.8915857848735,1050.1043921238663,1356.530675216053,1058.9734219161458,9.484482553516042,17.558934675882764,HIT,True,668.3484450218439
2026_07_21_gym,flight_68,30,0,950,ok,False,24,24,1359.8915857848735,1050.1043921238663,1356.530675216053,1058.9734219161458,9.484482553516042,17.558934675882764,HIT,True,668.3484450218439
2026_07_21_gym,flight_68,30,0,1000,ok,False,24,24,1359.8915857848735,1050.1043921238663,1356.530675216053,1058.9734219161458,9.484482553516042,17.558934675882764,HIT,True,668.3484450218439
2026_07_21_gym,flight_68,30,0,1050,ok,False,24,24,1359.8915857848735,1050.1043921238663,1356.530675216053,1058.9734219161458,9.484482553516042,17.558934675882764,HIT,True,668.3484450218439
2026_07_21_gym,flight_68,30,0,1100,ok,False,24,24,1359.8915857848735,1050.1043921238663,1356.530675216053,1058.9734219161458,9.484482553516042,17.558934675882764,HIT,True,668.3484450218439
2026_07_21_gym,flight_68,30,0,1150,ok,False,24,24,1359.8915857848735,1050.1043921238663,1356.530675216053,1058.9734219161458,9.484482553516042,17.558934675882764,HIT,True,668.3484450218439
2026_07_21_gym,flight_68,30,0,1200,ok,False,24,24,1359.8915857848735,1050.1043921238663,1356.530675216053,1058.9734219161458,9.484482553516042,17.558934675882764,HIT,True,668.3484450218439
2026_07_21_gym,flight_68,30,0,1250,ok,False,24,24,1359.8915857848735,1050.1043921238663,1356.530675216053,1058.9734219161458,9.484482553516042,17.558934675882764,HIT,True,668.3484450218439
2026_07_21_gym,flight_69,30,0,150,not_fit_eligible,True,5,5,,,,,,,,,
2026_07_21_gym,flight_69,30,0,200,not_fit_eligible,True,7,7,,,,,,,,,
2026_07_21_gym,flight_69,30,0,250,ok,True,8,8,332.4450779241636,1343.1869369560027,571.7131647745622,1400.189822249651,245.96452247600809,446.0681188408017,HIT,True,632.2633642591288
2026_07_21_gym,flight_69,30,0,300,ok,True,10,10,332.4450776184396,1343.1869305109399,571.7131647745622,1400.189822249651,245.964524267068,446.06812372729826,HIT,True,632.2633658945194
2026_07_21_gym,flight_69,30,0,350,ok,True,11,11,387.61589715393086,1362.8450588677874,571.7131647745622,1400.189822249651,187.8468399985204,333.11333564431885,HIT,True,626.7510207136708
2026_07_21_gym,flight_69,30,0,400,ok,True,13,13,420.6123191495866,1399.9690481373966,571.7131647745622,1400.189822249651,151.10100691190428,262.59828055507427,HIT,True,621.8664487502685
2026_07_21_gym,flight_69,30,0,450,ok,True,14,14,504.18528439525954,1386.1654378069866,571.7131647745622,1400.189822249651,68.96881895115395,131.76633373040366,HIT,True,621.8585702938597
2026_07_21_gym,flight_69,30,0,490,ok,True,15,15,468.4834501338107,1401.0221440021055,571.7131647745622,1400.189822249651,103.23307001300788,188.17444887295943,HIT,True,621.1617310787844
2026_07_21_gym,flight_69,30,0,500,ok,True,16,16,468.4834501508169,1401.0221417723699,571.7131647745622,1400.189822249651,103.23306997802491,188.1744489794476,HIT,True,621.1617316626422
2026_07_21_gym,flight_69,30,0,550,ok,True,17,17,385.2701337207305,1422.007945172679,571.7131647745622,1400.189822249651,187.71530123147772,330.9783462673478,HIT,True,618.6347833485881
2026_07_21_gym,flight_69,30,0,600,ok,True,19,19,529.4664120292908,1394.7396437910627,571.7131647745622,1400.189822249651,42.596860949494285,78.99424106945122,HIT,True,619.0626060852688
2026_07_21_gym,flight_69,30,0,650,ok,False,20,20,555.0787681412023,1400.2051074366145,571.7131647745622,1400.189822249651,16.634403656063977,29.41170448969792,HIT,True,619.4035529499675
2026_07_21_gym,flight_69,30,0,700,ok,False,22,22,571.4801577402745,1400.7754880489924,571.7131647745622,1400.189822249651,0.6303147678310365,11.854202226408947,HIT,True,619.9210020948602
2026_07_21_gym,flight_69,30,0,750,ok,False,23,23,566.7247378419465,1400.6100387101944,571.7131647745622,1400.189822249651,5.00609479891831,8.757331005749878,HIT,True,619.2365687978905
2026_07_21_gym,flight_69,30,0,800,ok,False,25,25,566.7247080166893,1400.6105756459297,571.7131647745622,1400.189822249651,5.006169618145967,8.7583679498513,HIT,True,619.236428018006
2026_07_21_gym,flight_69,30,0,850,ok,False,25,25,566.7247080166893,1400.6105756459297,571.7131647745622,1400.189822249651,5.006169618145967,8.7583679498513,HIT,True,619.236428018006
2026_07_21_gym,flight_69,30,0,900,ok,False,25,25,566.7247080166893,1400.6105756459297,571.7131647745622,1400.189822249651,5.006169618145967,8.7583679498513,HIT,True,619.236428018006
2026_07_21_gym,flight_69,30,0,950,ok,False,25,25,566.7247080166893,1400.6105756459297,571.7131647745622,1400.189822249651,5.006169618145967,8.7583679498513,HIT,True,619.236428018006
2026_07_21_gym,flight_69,30,0,1000,ok,False,25,25,566.7247080166893,1400.6105756459297,571.7131647745622,1400.189822249651,5.006169618145967,8.7583679498513,HIT,True,619.236428018006
2026_07_21_gym,flight_69,30,0,1050,ok,False,25,25,566.7247080166893,1400.6105756459297,571.7131647745622,1400.189822249651,5.006169618145967,8.7583679498513,HIT,True,619.236428018006
2026_07_21_gym,flight_69,30,0,1100,ok,False,25,25,566.7247080166893,1400.6105756459297,571.7131647745622,1400.189822249651,5.006169618145967,8.7583679498513,HIT,True,619.236428018006
2026_07_21_gym,flight_69,30,0,1150,ok,False,25,25,566.7247080166893,1400.6105756459297,571.7131647745622,1400.189822249651,5.006169618145967,8.7583679498513,HIT,True,619.236428018006
2026_07_21_gym,flight_69,30,0,1200,ok,False,25,25,566.7247080166893,1400.6105756459297,571.7131647745622,1400.189822249651,5.006169618145967,8.7583679498513,HIT,True,619.236428018006
2026_07_21_gym,flight_69,30,0,1250,ok,False,25,25,566.7247080166893,1400.6105756459297,571.7131647745622,1400.189822249651,5.006169618145967,8.7583679498513,HIT,True,619.236428018006
2026_07_21_gym,flight_70,30,0,150,not_fit_eligible,True,5,5,,,,,,,,,
2026_07_21_gym,flight_70,30,0,200,not_fit_eligible,True,7,7,,,,,,,,,
2026_07_21_gym,flight_70,30,0,250,fit_failed,True,8,8,,,,,,,,,
2026_07_21_gym,flight_70,30,0,300,ok,True,10,10,623.050615925458,589.3104763460753,602.1814507767463,658.0309830574071,71.81942701432806,171.02689310453334,HIT,True,575.0883701165357
2026_07_21_gym,flight_70,30,0,350,ok,True,11,11,623.0506417232401,589.3100317229104,602.1814507767463,658.0309830574071,71.81985994889914,171.0276080766642,HIT,True,575.0884646683836
2026_07_21_gym,flight_70,30,0,400,ok,True,13,13,549.9973430076582,638.3329868627474,602.1814507767463,658.0309830574071,55.77806161691734,138.3499986813775,HIT,True,570.8374338909202
2026_07_21_gym,flight_70,30,0,450,ok,True,14,14,489.3590010227215,649.2192731117468,602.1814507767463,658.0309830574071,113.16603465998926,209.97597161202296,HIT,True,570.3890032180078
2026_07_21_gym,flight_70,30,0,490,ok,True,15,15,631.7295201432834,626.4706895428982,602.1814507767463,658.0309830574071,43.23355791525422,114.25603660158956,HIT,True,573.3199852172932
2026_07_21_gym,flight_70,30,0,500,ok,True,16,16,629.9720412430901,626.4128790542512,602.1814507767463,658.0309830574071,42.09538477342166,111.57850129094977,HIT,True,573.3888433313059
2026_07_21_gym,flight_70,30,0,550,ok,True,17,17,634.0115384922378,642.9699022390021,602.1814507767463,658.0309830574071,35.213500811399236,75.7621524046706,HIT,True,571.4081402301118
2026_07_21_gym,flight_70,30,0,600,ok,False,19,19,634.0115374325566,642.9699185350181,602.1814507767463,658.0309830574071,35.213492883608644,75.76213725551573,HIT,True,571.4081366885742
2026_07_21_gym,flight_70,30,0,650,ok,False,20,20,620.8421520291048,642.1158508911861,602.1814507767463,658.0309830574071,24.525766106241317,58.61749008331632,HIT,True,570.9420885997066
2026_07_21_gym,flight_70,30,0,700,ok,False,21,21,636.7642443054673,650.098739128595,602.1814507767463,658.0309830574071,35.480841337210784,60.65590473841027,HIT,True,570.0417332424421
2026_07_21_gym,flight_70,30,0,750,ok,False,21,21,636.7642443054673,650.098739128595,602.1814507767463,658.0309830574071,35.480841337210784,60.65590473841027,HIT,True,570.0417332424421
2026_07_21_gym,flight_70,30,0,800,ok,False,21,21,636.7642443054673,650.098739128595,602.1814507767463,658.0309830574071,35.480841337210784,60.65590473841027,HIT,True,570.0417332424421
2026_07_21_gym,flight_70,30,0,850,ok,False,21,21,636.7642443054673,650.098739128595,602.1814507767463,658.0309830574071,35.480841337210784,60.65590473841027,HIT,True,570.0417332424421
2026_07_21_gym,flight_70,30,0,900,ok,False,21,21,636.7642443054673,650.098739128595,602.1814507767463,658.0309830574071,35.480841337210784,60.65590473841027,HIT,True,570.0417332424421
2026_07_21_gym,flight_70,30,0,950,ok,False,21,21,636.7642443054673,650.098739128595,602.1814507767463,658.0309830574071,35.480841337210784,60.65590473841027,HIT,True,570.0417332424421
2026_07_21_gym,flight_70,30,0,1000,ok,False,21,21,636.7642443054673,650.098739128595,602.1814507767463,658.0309830574071,35.480841337210784,60.65590473841027,HIT,True,570.0417332424421
2026_07_21_gym,flight_70,30,0,1050,ok,False,21,21,636.7642443054673,650.098739128595,602.1814507767463,658.0309830574071,35.480841337210784,60.65590473841027,HIT,True,570.0417332424421
2026_07_21_gym,flight_70,30,0,1100,ok,False,21,21,636.7642443054673,650.098739128595,602.1814507767463,658.0309830574071,35.480841337210784,60.65590473841027,HIT,True,570.0417332424421
2026_07_21_gym,flight_70,30,0,1150,ok,False,21,21,636.7642443054673,650.098739128595,602.1814507767463,658.0309830574071,35.480841337210784,60.65590473841027,HIT,True,570.0417332424421
2026_07_21_gym,flight_70,30,0,1200,ok,False,21,21,636.7642443054673,650.098739128595,602.1814507767463,658.0309830574071,35.480841337210784,60.65590473841027,HIT,True,570.0417332424421
2026_07_21_gym,flight_70,30,0,1250,ok,False,21,21,636.7642443054673,650.098739128595,602.1814507767463,658.0309830574071,35.480841337210784,60.65590473841027,HIT,True,570.0417332424421
2026_07_21_gym,flight_72,30,0,150,not_fit_eligible,True,5,5,,,,,,,,,
2026_07_21_gym,flight_72,30,0,200,not_fit_eligible,True,7,7,,,,,,,,,
2026_07_21_gym,flight_72,30,0,250,fit_failed,True,8,8,,,,,,,,,
2026_07_21_gym,flight_72,30,0,300,ok,True,10,10,471.68861514336095,684.2790810514533,494.19157541665595,723.2996054958293,45.04425100915359,169.09371179082626,HIT,True,615.4251987758176
2026_07_21_gym,flight_72,30,0,350,ok,True,11,11,471.68861745526374,684.279025108697,494.19157541665595,723.2996054958293,45.04429831577835,169.09376152350504,HIT,True,615.4252105959068
2026_07_21_gym,flight_72,30,0,400,ok,True,13,13,472.63337330261083,689.798817227453,494.19157541665595,723.2996054958293,39.83790773864254,134.22263625791206,HIT,True,611.848494332016
2026_07_21_gym,flight_72,30,0,450,ok,True,14,14,351.34787889475643,721.2360980071323,494.19157541665595,723.2996054958293,142.85860036832375,366.3550749856507,HIT,True,607.4695343099304
2026_07_21_gym,flight_72,30,0,490,ok,True,15,15,402.53429056024595,719.6289112395483,494.19157541665595,723.2996054958293,91.7307574566578,268.34857506113707,HIT,True,607.429944111403
2026_07_21_gym,flight_72,30,0,500,ok,True,16,16,437.86046308359863,690.4009493730708,494.19157541665595,723.2996054958293,65.23431452359283,178.5874699404839,HIT,True,612.2669692257624
2026_07_21_gym,flight_72,30,0,550,ok,True,17,17,422.7050125348032,711.8739086245857,494.19157541665595,723.2996054958293,72.39388939444153,207.42279152987032,HIT,True,609.1968602623441
2026_07_21_gym,flight_72,30,0,600,ok,True,19,19,440.97402076971736,732.5913290982393,494.19157541665595,723.2996054958293,54.022627204750776,170.2537982562181,HIT,True,605.9151927201044
2026_07_21_gym,flight_72,30,0,650,ok,False,20,20,453.7602580518011,728.8104799422779,494.19157541665595,723.2996054958293,40.80516096062035,139.93154632021907,HIT,True,605.9554541182354
2026_07_21_gym,flight_72,30,0,700,ok,False,21,21,499.7059754530502,715.283647349385,494.19157541665595,723.2996054958293,9.72955254710778,54.34642364758622,HIT,True,608.8209516147076
2026_07_21_gym,flight_72,30,0,750,ok,False,21,21,499.7059754530502,715.283647349385,494.19157541665595,723.2996054958293,9.72955254710778,54.34642364758622,HIT,True,608.8209516147076
2026_07_21_gym,flight_72,30,0,800,ok,False,21,21,499.7059754530502,715.283647349385,494.19157541665595,723.2996054958293,9.72955254710778,54.34642364758622,HIT,True,608.8209516147076
2026_07_21_gym,flight_72,30,0,850,ok,False,21,21,499.7059754530502,715.283647349385,494.19157541665595,723.2996054958293,9.72955254710778,54.34642364758622,HIT,True,608.8209516147076
2026_07_21_gym,flight_72,30,0,900,ok,False,21,21,499.7059754530502,715.283647349385,494.19157541665595,723.2996054958293,9.72955254710778,54.34642364758622,HIT,True,608.8209516147076
2026_07_21_gym,flight_72,30,0,950,ok,False,21,21,499.7059754530502,715.283647349385,494.19157541665595,723.2996054958293,9.72955254710778,54.34642364758622,HIT,True,608.8209516147076
2026_07_21_gym,flight_72,30,0,1000,ok,False,21,21,499.7059754530502,715.283647349385,494.19157541665595,723.2996054958293,9.72955254710778,54.34642364758622,HIT,True,608.8209516147076
2026_07_21_gym,flight_72,30,0,1050,ok,False,21,21,499.7059754530502,715.283647349385,494.19157541665595,723.2996054958293,9.72955254710778,54.34642364758622,HIT,True,608.8209516147076
2026_07_21_gym,flight_72,30,0,1100,ok,False,21,21,499.7059754530502,715.283647349385,494.19157541665595,723.2996054958293,9.72955254710778,54.34642364758622,HIT,True,608.8209516147076
2026_07_21_gym,flight_72,30,0,1150,ok,False,21,21,499.7059754530502,715.283647349385,494.19157541665595,723.2996054958293,9.72955254710778,54.34642364758622,HIT,True,608.8209516147076
2026_07_21_gym,flight_72,30,0,1200,ok,False,21,21,499.7059754530502,715.283647349385,494.19157541665595,723.2996054958293,9.72955254710778,54.34642364758622,HIT,True,608.8209516147076
2026_07_21_gym,flight_72,30,0,1250,ok,False,21,21,499.7059754530502,715.283647349385,494.19157541665595,723.2996054958293,9.72955254710778,54.34642364758622,HIT,True,608.8209516147076
2026_07_21_gym,flight_73,30,0,150,not_fit_eligible,True,5,5,,,,,,,,,
2026_07_21_gym,flight_73,30,0,200,not_fit_eligible,True,7,7,,,,,,,,,
2026_07_21_gym,flight_73,30,0,250,fit_failed,True,8,8,,,,,,,,,
2026_07_21_gym,flight_73,30,0,300,ok,True,10,10,1327.744304138112,1113.6606182450587,1254.4479171718779,1195.7443387125934,110.04588819259138,185.391706441381,HIT,True,754.7124744874784
2026_07_21_gym,flight_73,30,0,350,ok,True,11,11,1295.7611804680434,1120.1516132199945,1254.4479171718779,1195.7443387125934,86.14549246233209,161.01103678439694,HIT,True,755.2750302258582
2026_07_21_gym,flight_73,30,0,400,ok,True,13,13,1272.7965436698853,1122.9575641250744,1254.4479171718779,1195.7443387125934,75.06388378719605,146.77813856267187,HIT,True,754.9945383261876
2026_07_21_gym,flight_73,30,0,450,ok,True,14,14,1241.5112254723406,1128.1757388355102,1254.4479171718779,1195.7443387125934,68.79588418995897,133.29766745739067,HIT,True,754.4189445627343
2026_07_21_gym,flight_73,30,0,490,ok,True,15,15,1247.7176768372387,1133.0588992972612,1254.4479171718779,1195.7443387125934,63.045701278162404,118.77846959459389,HIT,True,753.0974951089553
2026_07_21_gym,flight_73,30,0,500,ok,True,16,16,1235.4744303421533,1139.8399368461405,1254.4479171718779,1195.7443387125934,59.03639005328487,110.10259591214249,HIT,True,752.9019900292803
2026_07_21_gym,flight_73,30,0,550,ok,True,17,17,1258.0327618138688,1141.7815237545622,1254.4479171718779,1195.7443387125934,54.081757638800255,104.34441984344046,HIT,True,752.2935592492684
2026_07_21_gym,flight_73,30,0,600,ok,True,19,19,1258.0327661554784,1141.7815045736306,1254.4479171718779,1195.7443387125934,54.08177706533344,104.3444532559239,HIT,True,752.293563456338
2026_07_21_gym,flight_73,30,0,650,ok,True,20,20,1206.739249066235,1160.8974325569377,1254.4479171718779,1195.7443387125934,59.07980941942393,83.81162784186327,HIT,True,749.7319779549357
2026_07_21_gym,flight_73,30,0,700,ok,True,22,22,1310.2524958581273,1168.8651566371493,1254.4479171718779,1195.7443387125934,61.940628277364766,149.77295739586395,HIT,True,751.3042980613238
2026_07_21_gym,flight_73,30,0,750,ok,False,23,23,1286.0192137132492,1166.7092821026138,1254.4479171718779,1195.7443387125934,42.892671607722534,90.45663084668897,HIT,True,751.4385087312096
2026_07_21_gym,flight_73,30,0,800,ok,False,25,25,1284.3338691473061,1175.6134115930515,1254.4479171718779,1195.7443387125934,36.0336558257681,76.52996346500906,HIT,True,750.059963542578
2026_07_21_gym,flight_73,30,0,850,ok,False,26,26,1289.3477332461089,1180.2101684143627,1254.4479171718779,1195.7443387125934,38.20088492259815,80.26766780068851,HIT,True,749.4145505588513
2026_07_21_gym,flight_73,30,0,900,ok,False,28,28,1353.1552506742898,1177.2107001225259,1254.4479171718779,1195.7443387125934,100.43223310543097,172.0294763172975,HIT,True,751.9828580478961
2026_07_21_gym,flight_73,30,0,950,ok,False,28,28,1353.1552506742898,1177.2107001225259,1254.4479171718779,1195.7443387125934,100.43223310543097,172.0294763172975,HIT,True,751.9828580478961
2026_07_21_gym,flight_73,30,0,1000,ok,False,28,28,1353.1552506742898,1177.2107001225259,1254.4479171718779,1195.7443387125934,100.43223310543097,172.0294763172975,HIT,True,751.9828580478961
2026_07_21_gym,flight_73,30,0,1050,ok,False,28,28,1353.1552506742898,1177.2107001225259,1254.4479171718779,1195.7443387125934,100.43223310543097,172.0294763172975,HIT,True,751.9828580478961
2026_07_21_gym,flight_73,30,0,1100,ok,False,28,28,1353.1552506742898,1177.2107001225259,1254.4479171718779,1195.7443387125934,100.43223310543097,172.0294763172975,HIT,True,751.9828580478961
2026_07_21_gym,flight_73,30,0,1150,ok,False,28,28,1353.1552506742898,1177.2107001225259,1254.4479171718779,1195.7443387125934,100.43223310543097,172.0294763172975,HIT,True,751.9828580478961
2026_07_21_gym,flight_73,30,0,1200,ok,False,28,28,1353.1552506742898,1177.2107001225259,1254.4479171718779,1195.7443387125934,100.43223310543097,172.0294763172975,HIT,True,751.9828580478961
2026_07_21_gym,flight_73,30,0,1250,ok,False,28,28,1353.1552506742898,1177.2107001225259,1254.4479171718779,1195.7443387125934,100.43223310543097,172.0294763172975,HIT,True,751.9828580478961
2026_07_21_gym,flight_74,30,0,150,not_fit_eligible,True,5,5,,,,,,,,,
2026_07_21_gym,flight_74,30,0,200,not_fit_eligible,True,7,7,,,,,,,,,
2026_07_21_gym,flight_74,30,0,250,fit_failed,True,8,8,,,,,,,,,
2026_07_21_gym,flight_74,30,0,300,ok,True,10,10,1615.8382563858627,1274.4118636799271,1662.5647888234791,1325.1526171294302,68.97820593685282,172.14555990378102,HIT,True,599.279335253123
2026_07_21_gym,flight_74,30,0,350,ok,True,11,11,1605.5252199890647,1282.6011831687617,1662.5647888234791,1325.1526171294302,71.16274970042285,176.87335909507038,HIT,True,599.2223887858414
2026_07_21_gym,flight_74,30,0,400,ok,True,13,13,1584.961626686799,1301.3001117192453,1662.5647888234791,1325.1526171294302,81.18616130816115,189.8880031901962,HIT,True,598.4677588687211
2026_07_21_gym,flight_74,30,0,450,ok,True,14,14,1598.099361331136,1308.6565611921005,1662.5647888234791,1325.1526171294302,66.5425518240627,160.75840635738814,HIT,True,598.1505739853558
2026_07_21_gym,flight_74,30,0,490,ok,True,15,15,1593.5473071559168,1309.872233447102,1662.5647888234791,1325.1526171294302,70.68877493075878,162.28055860643178,HIT,True,597.2529636001595
2026_07_21_gym,flight_74,30,0,500,ok,True,16,16,1593.5473083903476,1309.8722302599194,1662.5647888234791,1325.1526171294302,70.68877441446851,162.28056106571265,HIT,True,597.2529644342676
2026_07_21_gym,flight_74,30,0,550,ok,True,17,17,1644.8599952217799,1312.8227090139844,1662.5647888234791,1325.1526171294302,21.575132690533025,59.21157714806205,HIT,True,595.9898445035017
2026_07_21_gym,flight_74,30,0,600,ok,True,18,18,1604.9592318407665,1321.4180682279605,1662.5647888234791,1325.1526171294302,57.726484829634494,123.50883446478234,HIT,True,595.1644261045659
2026_07_21_gym,flight_74,30,0,650,ok,False,19,19,1642.9769996260873,1322.9779332606447,1662.5647888234791,1325.1526171294302,19.708138815489857,41.22215332311196,HIT,True,594.5174679297285
2026_07_21_gym,flight_74,30,0,700,ok,False,21,21,1665.7445832539906,1322.410633728639,1662.5647888234791,1325.1526171294302,4.198757624646439,6.301854544029001,HIT,True,594.6324621509269
2026_07_21_gym,flight_74,30,0,750,ok,False,22,22,1671.3185306459734,1324.6134674994867,1662.5647888234791,1325.1526171294302,8.770329424733893,58.02891540275483,HIT,True,594.3121679195601
2026_07_21_gym,flight_74,30,0,800,ok,False,22,22,1671.3185306459734,1324.6134674994867,1662.5647888234791,1325.1526171294302,8.770329424733893,58.02891540275483,HIT,True,594.3121679195601
2026_07_21_gym,flight_74,30,0,850,ok,False,22,22,1671.3185306459734,1324.6134674994867,1662.5647888234791,1325.1526171294302,8.770329424733893,58.02891540275483,HIT,True,594.3121679195601
2026_07_21_gym,flight_74,30,0,900,ok,False,22,22,1671.3185306459734,1324.6134674994867,1662.5647888234791,1325.1526171294302,8.770329424733893,58.02891540275483,HIT,True,594.3121679195601
2026_07_21_gym,flight_74,30,0,950,ok,False,22,22,1671.3185306459734,1324.6134674994867,1662.5647888234791,1325.1526171294302,8.770329424733893,58.02891540275483,HIT,True,594.3121679195601
2026_07_21_gym,flight_74,30,0,1000,ok,False,22,22,1671.3185306459734,1324.6134674994867,1662.5647888234791,1325.1526171294302,8.770329424733893,58.02891540275483,HIT,True,594.3121679195601
2026_07_21_gym,flight_74,30,0,1050,ok,False,22,22,1671.3185306459734,1324.6134674994867,1662.5647888234791,1325.1526171294302,8.770329424733893,58.02891540275483,HIT,True,594.3121679195601
2026_07_21_gym,flight_74,30,0,1100,ok,False,22,22,1671.3185306459734,1324.6134674994867,1662.5647888234791,1325.1526171294302,8.770329424733893,58.02891540275483,HIT,True,594.3121679195601
2026_07_21_gym,flight_74,30,0,1150,ok,False,22,22,1671.3185306459734,1324.6134674994867,1662.5647888234791,1325.1526171294302,8.770329424733893,58.02891540275483,HIT,True,594.3121679195601
2026_07_21_gym,flight_74,30,0,1200,ok,False,22,22,1671.3185306459734,1324.6134674994867,1662.5647888234791,1325.1526171294302,8.770329424733893,58.02891540275483,HIT,True,594.3121679195601
2026_07_21_gym,flight_74,30,0,1250,ok,False,22,22,1671.3185306459734,1324.6134674994867,1662.5647888234791,1325.1526171294302,8.770329424733893,58.02891540275483,HIT,True,594.3121679195601
2026_07_21_gym,flight_75,30,0,150,not_fit_eligible,True,5,5,,,,,,,,,
2026_07_21_gym,flight_75,30,0,200,not_fit_eligible,True,7,7,,,,,,,,,
2026_07_21_gym,flight_75,30,0,250,ok,True,8,8,1425.1275700893668,852.6703708893745,1184.5492903426798,923.7531039480931,250.85984857081505,466.747770548632,HIT,True,626.712550291404
2026_07_21_gym,flight_75,30,0,300,ok,True,10,10,1284.2428456737325,882.5524536231428,1184.5492903426798,923.7531039480931,107.87167636476453,248.90570557264672,HIT,True,628.3485347987245
2026_07_21_gym,flight_75,30,0,350,ok,True,11,11,1406.3873844327734,869.4932612060503,1184.5492903426798,923.7531039480931,228.37747376638623,431.7166225074025,HIT,True,627.44069894933
2026_07_21_gym,flight_75,30,0,400,ok,True,13,13,1246.42589100903,896.1343727098969,1184.5492903426798,923.7531039480931,67.76066724310415,164.9334188466965,HIT,True,625.0109997129182
2026_07_21_gym,flight_75,30,0,450,ok,True,14,14,1259.7403262663229,899.487174993823,1184.5492903426798,923.7531039480931,79.00966517638375,185.96934347244587,HIT,True,624.8012121233235
2026_07_21_gym,flight_75,30,0,490,ok,True,15,15,1336.2640201352835,890.9759823174418,1184.5492903426798,923.7531039480931,155.21500874088588,307.477331584601,HIT,True,625.2739210980192
2026_07_21_gym,flight_75,30,0,500,ok,True,16,16,1236.4606879782314,908.3743192704637,1184.5492903426798,923.7531039480931,54.14148338046564,140.29794957373971,HIT,True,624.4856669756997
2026_07_21_gym,flight_75,30,0,550,ok,True,17,17,1236.2433537256136,908.239407486863,1184.5492903426798,923.7531039480931,53.971760828510675,153.3994264618715,HIT,True,624.5329396632706
2026_07_21_gym,flight_75,30,0,600,ok,True,19,19,1218.8596412662353,921.8782141642768,1184.5492903426798,923.7531039480931,34.36153943290349,103.63154834666047,HIT,True,623.4376849227391
2026_07_21_gym,flight_75,30,0,650,ok,False,20,20,1166.4345621012274,935.7845323890758,1184.5492903426798,923.7531039480931,21.746232997743828,48.07783809264659,HIT,True,620.9696015667098
2026_07_21_gym,flight_75,30,0,700,ok,False,22,22,1202.8387838349083,930.1665304438048,1184.5492903426798,923.7531039480931,19.381372800144142,88.98896121245835,HIT,True,622.5182680530762
2026_07_21_gym,flight_75,30,0,750,ok,False,23,23,1186.0985538323655,928.0207473846938,1184.5492903426798,923.7531039480931,4.540153946997168,76.10042914850331,HIT,True,622.4218085199753
2026_07_21_gym,flight_75,30,0,800,ok,False,23,23,1186.0985538323655,928.0207473846938,1184.5492903426798,923.7531039480931,4.540153946997168,76.10042914850331,HIT,True,622.4218085199753
2026_07_21_gym,flight_75,30,0,850,ok,False,23,23,1186.0985538323655,928.0207473846938,1184.5492903426798,923.7531039480931,4.540153946997168,76.10042914850331,HIT,True,622.4218085199753
2026_07_21_gym,flight_75,30,0,900,ok,False,23,23,1186.0985538323655,928.0207473846938,1184.5492903426798,923.7531039480931,4.540153946997168,76.10042914850331,HIT,True,622.4218085199753
2026_07_21_gym,flight_75,30,0,950,ok,False,23,23,1186.0985538323655,928.0207473846938,1184.5492903426798,923.7531039480931,4.540153946997168,76.10042914850331,HIT,True,622.4218085199753
2026_07_21_gym,flight_75,30,0,1000,ok,False,23,23,1186.0985538323655,928.0207473846938,1184.5492903426798,923.7531039480931,4.540153946997168,76.10042914850331,HIT,True,622.4218085199753
2026_07_21_gym,flight_75,30,0,1050,ok,False,23,23,1186.0985538323655,928.0207473846938,1184.5492903426798,923.7531039480931,4.540153946997168,76.10042914850331,HIT,True,622.4218085199753
2026_07_21_gym,flight_75,30,0,1100,ok,False,23,23,1186.0985538323655,928.0207473846938,1184.5492903426798,923.7531039480931,4.540153946997168,76.10042914850331,HIT,True,622.4218085199753
2026_07_21_gym,flight_75,30,0,1150,ok,False,23,23,1186.0985538323655,928.0207473846938,1184.5492903426798,923.7531039480931,4.540153946997168,76.10042914850331,HIT,True,622.4218085199753
2026_07_21_gym,flight_75,30,0,1200,ok,False,23,23,1186.0985538323655,928.0207473846938,1184.5492903426798,923.7531039480931,4.540153946997168,76.10042914850331,HIT,True,622.4218085199753
2026_07_21_gym,flight_75,30,0,1250,ok,False,23,23,1186.0985538323655,928.0207473846938,1184.5492903426798,923.7531039480931,4.540153946997168,76.10042914850331,HIT,True,622.4218085199753
2026_07_21_gym,flight_76,30,0,150,not_fit_eligible,True,5,5,,,,,,,,,
2026_07_21_gym,flight_76,30,0,200,not_fit_eligible,True,7,7,,,,,,,,,
2026_07_21_gym,flight_76,30,0,250,ok,True,8,8,735.3859551806152,678.1291338581331,911.215321356446,768.3043997137119,197.60451559091135,350.4438689059848,HIT,True,711.2293415708714
2026_07_21_gym,flight_76,30,0,300,ok,True,10,10,900.6689311596144,714.459863834168,911.215321356446,768.3043997137119,54.867662518712336,153.85001964781137,HIT,True,706.4120213447358
2026_07_21_gym,flight_76,30,0,350,ok,True,11,11,887.1965964199948,728.4747747026431,911.215321356446,768.3043997137119,46.511269345130295,130.1640257152235,HIT,True,704.580386315114
2026_07_21_gym,flight_76,30,0,400,ok,True,13,13,904.8612893263821,737.8895164409348,911.215321356446,768.3043997137119,31.07151183215472,100.01128458483755,HIT,True,702.5502516062604
2026_07_21_gym,flight_76,30,0,450,ok,True,14,14,904.8611996288969,737.89017312061,911.215321356446,768.3043997137119,31.070887373634086,100.01054763452683,HIT,True,702.5501164288441
2026_07_21_gym,flight_76,30,0,490,ok,True,15,15,1007.0427842608768,726.3845414961378,911.215321356446,768.3043997137119,104.59530180501216,175.1139127983947,HIT,True,704.1402156091071
2026_07_21_gym,flight_76,30,0,500,ok,True,16,16,905.7870801233306,741.8514142610164,911.215321356446,768.3043997137119,27.004189346199787,106.13033263330796,HIT,True,702.5630000225033
2026_07_21_gym,flight_76,30,0,550,ok,True,17,17,853.4878978168767,757.0615352671902,911.215321356446,768.3043997137119,58.8120517366949,124.55405410505544,HIT,True,701.5564376371407
2026_07_21_gym,flight_76,30,0,600,ok,True,18,18,909.780852834118,750.2563547104306,911.215321356446,768.3043997137119,18.104961430006263,53.34302425266611,HIT,True,699.4065506235924
2026_07_21_gym,flight_76,30,0,650,ok,True,19,19,887.6930548601412,768.5232866253126,911.215321356446,768.3043997137119,23.523284902480246,82.93380476842165,HIT,True,697.2835217851422
2026_07_21_gym,flight_76,30,0,700,ok,True,21,21,933.7086087687904,753.2986854769659,911.215321356446,768.3043997137119,27.03922037280683,55.80931537494407,HIT,True,699.8084812473717
2026_07_21_gym,flight_76,30,0,750,ok,False,22,22,891.7973468842885,775.5763925635853,911.215321356446,768.3043997137119,20.73498523293354,45.609269052031905,HIT,True,695.8647394372989
2026_07_21_gym,flight_76,30,0,800,ok,False,23,23,940.3611222208342,756.0580771756286,911.215321356446,768.3043997137119,31.614081098987192,44.15971002461856,HIT,True,698.5014585953414
2026_07_21_gym,flight_76,30,0,850,ok,False,23,23,940.3611222208342,756.0580771756286,911.215321356446,768.3043997137119,31.614081098987192,44.15971002461856,HIT,True,698.5014585953414
2026_07_21_gym,flight_76,30,0,900,ok,False,23,23,940.3611222208342,756.0580771756286,911.215321356446,768.3043997137119,31.614081098987192,44.15971002461856,HIT,True,698.5014585953414
2026_07_21_gym,flight_76,30,0,950,ok,False,23,23,940.3611222208342,756.0580771756286,911.215321356446,768.3043997137119,31.614081098987192,44.15971002461856,HIT,True,698.5014585953414
2026_07_21_gym,flight_76,30,0,1000,ok,False,23,23,940.3611222208342,756.0580771756286,911.215321356446,768.3043997137119,31.614081098987192,44.15971002461856,HIT,True,698.5014585953414
2026_07_21_gym,flight_76,30,0,1050,ok,False,23,23,940.3611222208342,756.0580771756286,911.215321356446,768.3043997137119,31.614081098987192,44.15971002461856,HIT,True,698.5014585953414
2026_07_21_gym,flight_76,30,0,1100,ok,False,23,23,940.3611222208342,756.0580771756286,911.215321356446,768.3043997137119,31.614081098987192,44.15971002461856,HIT,True,698.5014585953414
2026_07_21_gym,flight_76,30,0,1150,ok,False,23,23,940.3611222208342,756.0580771756286,911.215321356446,768.3043997137119,31.614081098987192,44.15971002461856,HIT,True,698.5014585953414
2026_07_21_gym,flight_76,30,0,1200,ok,False,23,23,940.3611222208342,756.0580771756286,911.215321356446,768.3043997137119,31.614081098987192,44.15971002461856,HIT,True,698.5014585953414
2026_07_21_gym,flight_76,30,0,1250,ok,False,23,23,940.3611222208342,756.0580771756286,911.215321356446,768.3043997137119,31.614081098987192,44.15971002461856,HIT,True,698.5014585953414
2026_07_21_gym,flight_77,30,0,150,not_fit_eligible,True,5,5,,,,,,,,,
2026_07_21_gym,flight_77,30,0,200,not_fit_eligible,True,7,7,,,,,,,,,
2026_07_21_gym,flight_77,30,0,250,fit_failed,True,8,8,,,,,,,,,
2026_07_21_gym,flight_77,30,0,300,ok,True,10,10,1113.1123990243698,593.9317353300969,1189.7401056776537,688.4004516491287,121.63940064760037,244.77856789410373,HIT,True,665.5864903023779
2026_07_21_gym,flight_77,30,0,350,ok,True,11,11,1153.0088351633945,590.2926456675461,1189.7401056776537,688.4004516491287,104.7584260482733,212.40815035313,HIT,True,664.355725787166
2026_07_21_gym,flight_77,30,0,400,ok,True,13,13,1188.4197264019472,628.213491918338,1189.7401056776537,688.4004516491287,60.20144120423976,133.56110076105148,HIT,True,661.7412669634152
2026_07_21_gym,flight_77,30,0,450,ok,True,14,14,1205.8581634713198,624.574354555456,1189.7401056776537,688.4004516491287,65.82979915851864,141.33535456210873,HIT,True,662.0716302997319
2026_07_21_gym,flight_77,30,0,490,ok,True,15,15,1210.9944439758165,633.1945035854233,1189.7401056776537,688.4004516491287,59.15609518980522,131.4500425387782,HIT,True,662.0013020290121
2026_07_21_gym,flight_77,30,0,500,ok,True,16,16,1203.7944584288002,631.6048549064435,1189.7401056776537,688.4004516491287,58.50867149928614,141.08540478010065,HIT,True,662.4674988934823
2026_07_21_gym,flight_77,30,0,550,ok,True,17,17,1172.3764292650746,658.5699859939906,1189.7401056776537,688.4004516491287,34.51599541898117,79.80498918522778,HIT,True,658.9071011432733
2026_07_21_gym,flight_77,30,0,600,ok,True,19,19,1194.1363651322583,685.8811371282814,1189.7401056776537,688.4004516491287,5.066955974463698,31.46126500045054,HIT,True,657.2597335421381
2026_07_21_gym,flight_77,30,0,650,ok,True,20,20,1181.808781397324,685.6435807930853,1189.7401056776537,688.4004516491287,8.39679949484607,26.054163655506468,HIT,True,656.5812572126963
2026_07_21_gym,flight_77,30,0,700,ok,False,22,22,1175.8752045593894,698.9868701749417,1189.7401056776537,688.4004516491287,17.444418598019286,37.63309846749486,HIT,True,654.1055312352746
2026_07_21_gym,flight_77,30,0,750,ok,False,23,23,1175.8752546000887,698.9866189625408,1189.7401056776537,688.4004516491287,17.444226374093144,37.6327842180661,HIT,True,654.1055840762949
2026_07_21_gym,flight_77,30,0,800,ok,False,23,23,1175.8752546000887,698.9866189625408,1189.7401056776537,688.4004516491287,17.444226374093144,37.6327842180661,HIT,True,654.1055840762949
2026_07_21_gym,flight_77,30,0,850,ok,False,23,23,1175.8752546000887,698.9866189625408,1189.7401056776537,688.4004516491287,17.444226374093144,37.6327842180661,HIT,True,654.1055840762949
2026_07_21_gym,flight_77,30,0,900,ok,False,23,23,1175.8752546000887,698.9866189625408,1189.7401056776537,688.4004516491287,17.444226374093144,37.6327842180661,HIT,True,654.1055840762949
2026_07_21_gym,flight_77,30,0,950,ok,False,23,23,1175.8752546000887,698.9866189625408,1189.7401056776537,688.4004516491287,17.444226374093144,37.6327842180661,HIT,True,654.1055840762949
2026_07_21_gym,flight_77,30,0,1000,ok,False,23,23,1175.8752546000887,698.9866189625408,1189.7401056776537,688.4004516491287,17.444226374093144,37.6327842180661,HIT,True,654.1055840762949
2026_07_21_gym,flight_77,30,0,1050,ok,False,23,23,1175.8752546000887,698.9866189625408,1189.7401056776537,688.4004516491287,17.444226374093144,37.6327842180661,HIT,True,654.1055840762949
2026_07_21_gym,flight_77,30,0,1100,ok,False,23,23,1175.8752546000887,698.9866189625408,1189.7401056776537,688.4004516491287,17.444226374093144,37.6327842180661,HIT,True,654.1055840762949
2026_07_21_gym,flight_77,30,0,1150,ok,False,23,23,1175.8752546000887,698.9866189625408,1189.7401056776537,688.4004516491287,17.444226374093144,37.6327842180661,HIT,True,654.1055840762949
2026_07_21_gym,flight_77,30,0,1200,ok,False,23,23,1175.8752546000887,698.9866189625408,1189.7401056776537,688.4004516491287,17.444226374093144,37.6327842180661,HIT,True,654.1055840762949
2026_07_21_gym,flight_77,30,0,1250,ok,False,23,23,1175.8752546000887,698.9866189625408,1189.7401056776537,688.4004516491287,17.444226374093144,37.6327842180661,HIT,True,654.1055840762949
2026_07_21_gym,flight_78,30,0,150,not_fit_eligible,True,5,5,,,,,,,,,
2026_07_21_gym,flight_78,30,0,200,not_fit_eligible,True,7,7,,,,,,,,,
2026_07_21_gym,flight_78,30,0,250,ok,True,8,8,894.0599488083373,859.0185578646083,906.2568001043387,910.7784854072523,53.17756369707561,141.28390727097099,HIT,True,561.816789278504
2026_07_21_gym,flight_78,30,0,300,ok,True,10,10,858.5036561189569,864.7479397261992,906.2568001043387,910.7784854072523,66.32626852299266,155.73598690262665,HIT,True,561.3475189951668
2026_07_21_gym,flight_78,30,0,350,ok,True,11,11,672.5178458484305,903.8251002045971,906.2568001043387,910.7784854072523,233.84235780205017,466.4937611453061,HIT,True,560.395019989425
2026_07_21_gym,flight_78,30,0,400,ok,True,13,13,858.5036529657016,864.7479643299904,906.2568001043387,910.7784854072523,66.32625371818149,155.73595152873912,HIT,True,561.3475133947076
2026_07_21_gym,flight_78,30,0,450,ok,True,14,14,929.2708515745711,879.6689763199764,906.2568001043387,910.7784854072523,38.69687481859238,101.34238869374836,HIT,True,558.1911642950323
2026_07_21_gym,flight_78,30,0,490,ok,True,15,15,927.9151147407902,881.2705488935778,906.2568001043387,910.7784854072523,36.603290974809525,90.07103927686508,HIT,True,558.7748145157096
2026_07_21_gym,flight_78,30,0,500,ok,True,16,16,926.579745033521,893.9056636145042,906.2568001043387,910.7784854072523,26.41428033932429,62.22297567627583,HIT,True,557.3120037497612
2026_07_21_gym,flight_78,30,0,550,ok,True,16,16,926.579745033521,893.9056636145042,906.2568001043387,910.7784854072523,26.41428033932429,62.22297567627583,HIT,True,557.3120037497612
2026_07_21_gym,flight_78,30,0,600,ok,False,18,18,913.6477681067822,902.5480126984302,906.2568001043387,910.7784854072523,11.06196587518739,23.36121774496878,HIT,True,556.1566906013625
2026_07_21_gym,flight_78,30,0,650,ok,False,19,19,913.6477941366242,902.5478462928305,906.2568001043387,910.7784854072523,11.062107078542022,23.361405395181645,HIT,True,556.1567291389337
2026_07_21_gym,flight_78,30,0,700,ok,False,20,20,909.1256355759324,911.2005551215923,906.2568001043387,910.7784854072523,2.899717194285878,71.59032162384642,HIT,True,554.090425071788
2026_07_21_gym,flight_78,30,0,750,ok,False,20,20,909.1256355759324,911.2005551215923,906.2568001043387,910.7784854072523,2.899717194285878,71.59032162384642,HIT,True,554.090425071788
2026_07_21_gym,flight_78,30,0,800,ok,False,20,20,909.1256355759324,911.2005551215923,906.2568001043387,910.7784854072523,2.899717194285878,71.59032162384642,HIT,True,554.090425071788
2026_07_21_gym,flight_78,30,0,850,ok,False,20,20,909.1256355759324,911.2005551215923,906.2568001043387,910.7784854072523,2.899717194285878,71.59032162384642,HIT,True,554.090425071788
2026_07_21_gym,flight_78,30,0,900,ok,False,20,20,909.1256355759324,911.2005551215923,906.2568001043387,910.7784854072523,2.899717194285878,71.59032162384642,HIT,True,554.090425071788
2026_07_21_gym,flight_78,30,0,950,ok,False,20,20,909.1256355759324,911.2005551215923,906.2568001043387,910.7784854072523,2.899717194285878,71.59032162384642,HIT,True,554.090425071788
2026_07_21_gym,flight_78,30,0,1000,ok,False,20,20,909.1256355759324,911.2005551215923,906.2568001043387,910.7784854072523,2.899717194285878,71.59032162384642,HIT,True,554.090425071788
2026_07_21_gym,flight_78,30,0,1050,ok,False,20,20,909.1256355759324,911.2005551215923,906.2568001043387,910.7784854072523,2.899717194285878,71.59032162384642,HIT,True,554.090425071788
2026_07_21_gym,flight_78,30,0,1100,ok,False,20,20,909.1256355759324,911.2005551215923,906.2568001043387,910.7784854072523,2.899717194285878,71.59032162384642,HIT,True,554.090425071788
2026_07_21_gym,flight_78,30,0,1150,ok,False,20,20,909.1256355759324,911.2005551215923,906.2568001043387,910.7784854072523,2.899717194285878,71.59032162384642,HIT,True,554.090425071788
2026_07_21_gym,flight_78,30,0,1200,ok,False,20,20,909.1256355759324,911.2005551215923,906.2568001043387,910.7784854072523,2.899717194285878,71.59032162384642,HIT,True,554.090425071788
2026_07_21_gym,flight_78,30,0,1250,ok,False,20,20,909.1256355759324,911.2005551215923,906.2568001043387,910.7784854072523,2.899717194285878,71.59032162384642,HIT,True,554.090425071788
2026_07_21_gym,flight_79,30,0,150,not_fit_eligible,True,5,5,,,,,,,,,
2026_07_21_gym,flight_79,30,0,200,not_fit_eligible,True,7,7,,,,,,,,,
2026_07_21_gym,flight_79,30,0,250,fit_failed,True,8,8,,,,,,,,,
2026_07_21_gym,flight_79,30,0,300,ok,True,10,10,749.3776217412737,582.0724560856911,778.0715795667869,637.5441055855092,62.45355965774088,202.62764585626357,HIT,True,515.3564839291199
2026_07_21_gym,flight_79,30,0,350,ok,True,11,11,830.0802232682202,591.3830761155629,778.0715795667869,637.5441055855092,69.5394827518,234.87504092731268,HIT,True,511.19230752608337
2026_07_21_gym,flight_79,30,0,400,ok,True,12,12,835.766389267279,596.8209240864645,778.0715795667869,637.5441055855092,70.61917995686535,240.74641220718414,HIT,True,511.1853223086085
2026_07_21_gym,flight_79,30,0,450,ok,True,13,13,818.2513008623473,609.4210355716037,778.0715795667869,637.5441055855092,49.04403195492739,161.80210884134203,HIT,True,512.7863449654404
2026_07_21_gym,flight_79,30,0,490,ok,True,14,14,839.8763945026188,614.7131111070727,778.0715795667869,637.5441055855092,65.8869445195847,235.98427134975915,HIT,True,511.3219284540082
2026_07_21_gym,flight_79,30,0,500,ok,False,15,15,803.5272906004777,632.8469708637348,778.0715795667869,637.5441055855092,25.885445694931878,92.88863833075027,HIT,True,510.42880505515507
2026_07_21_gym,flight_79,30,0,550,ok,False,16,16,804.3720183265945,633.9532611918294,778.0715795667869,637.5441055855092,26.544439011175374,86.71316892327098,HIT,True,509.794274283525
2026_07_21_gym,flight_79,30,0,600,ok,False,16,16,804.3720183265945,633.9532611918294,778.0715795667869,637.5441055855092,26.544439011175374,86.71316892327098,HIT,True,509.794274283525
2026_07_21_gym,flight_79,30,0,650,ok,False,16,16,804.3720183265945,633.9532611918294,778.0715795667869,637.5441055855092,26.544439011175374,86.71316892327098,HIT,True,509.794274283525
2026_07_21_gym,flight_79,30,0,700,ok,False,16,16,804.3720183265945,633.9532611918294,778.0715795667869,637.5441055855092,26.544439011175374,86.71316892327098,HIT,True,509.794274283525
2026_07_21_gym,flight_79,30,0,750,ok,False,16,16,804.3720183265945,633.9532611918294,778.0715795667869,637.5441055855092,26.544439011175374,86.71316892327098,HIT,True,509.794274283525
2026_07_21_gym,flight_79,30,0,800,ok,False,16,16,804.3720183265945,633.9532611918294,778.0715795667869,637.5441055855092,26.544439011175374,86.71316892327098,HIT,True,509.794274283525
2026_07_21_gym,flight_79,30,0,850,ok,False,16,16,804.3720183265945,633.9532611918294,778.0715795667869,637.5441055855092,26.544439011175374,86.71316892327098,HIT,True,509.794274283525
2026_07_21_gym,flight_79,30,0,900,ok,False,16,16,804.3720183265945,633.9532611918294,778.0715795667869,637.5441055855092,26.544439011175374,86.71316892327098,HIT,True,509.794274283525
2026_07_21_gym,flight_79,30,0,950,ok,False,16,16,804.3720183265945,633.9532611918294,778.0715795667869,637.5441055855092,26.544439011175374,86.71316892327098,HIT,True,509.794274283525
2026_07_21_gym,flight_79,30,0,1000,ok,False,16,16,804.3720183265945,633.9532611918294,778.0715795667869,637.5441055855092,26.544439011175374,86.71316892327098,HIT,True,509.794274283525
2026_07_21_gym,flight_79,30,0,1050,ok,False,16,16,804.3720183265945,633.9532611918294,778.0715795667869,637.5441055855092,26.544439011175374,86.71316892327098,HIT,True,509.794274283525
2026_07_21_gym,flight_79,30,0,1100,ok,False,16,16,804.3720183265945,633.9532611918294,778.0715795667869,637.5441055855092,26.544439011175374,86.71316892327098,HIT,True,509.794274283525
2026_07_21_gym,flight_79,30,0,1150,ok,False,16,16,804.3720183265945,633.9532611918294,778.0715795667869,637.5441055855092,26.544439011175374,86.71316892327098,HIT,True,509.794274283525
2026_07_21_gym,flight_79,30,0,1200,ok,False,16,16,804.3720183265945,633.9532611918294,778.0715795667869,637.5441055855092,26.544439011175374,86.71316892327098,HIT,True,509.794274283525
2026_07_21_gym,flight_79,30,0,1250,ok,False,16,16,804.3720183265945,633.9532611918294,778.0715795667869,637.5441055855092,26.544439011175374,86.71316892327098,HIT,True,509.794274283525
2026_07_21_gym,flight_82,30,0,150,not_fit_eligible,True,5,5,,,,,,,,,
2026_07_21_gym,flight_82,30,0,200,not_fit_eligible,True,7,7,,,,,,,,,
2026_07_21_gym,flight_82,30,0,250,ok,True,8,8,834.6689149804013,495.5201104978068,915.9400529689351,560.9864806235842,104.3592041335913,311.5172529686771,HIT,True,530.6645566076619
2026_07_21_gym,flight_82,30,0,300,ok,True,10,10,840.4353466684399,521.0243645953444,915.9400529689351,560.9864806235842,85.42793097680952,248.53112799656037,HIT,True,527.2486289673453
2026_07_21_gym,flight_82,30,0,350,ok,True,11,11,846.4436704084192,528.4206805717894,915.9400529689351,560.9864806235842,76.74814995823066,213.91901879771683,HIT,True,525.2586881342017
2026_07_21_gym,flight_82,30,0,400,ok,True,13,13,879.8042745575301,544.4940510173151,915.9400529689351,560.9864806235842,39.72146416883325,114.29266900798109,HIT,True,522.1650731927766
2026_07_21_gym,flight_82,30,0,450,ok,True,14,14,902.0148600472421,542.9815855639082,915.9400529689351,560.9864806235842,22.761529913789023,75.54138621777909,HIT,True,521.8557345868397
2026_07_21_gym,flight_82,30,0,490,ok,True,15,15,920.3834361792631,549.4901622266054,915.9400529689351,560.9864806235842,12.325136552531006,43.80606386635656,HIT,True,521.0899124996207
2026_07_21_gym,flight_82,30,0,500,ok,True,16,16,920.3834375612855,549.4901486484397,915.9400529689351,560.9864806235842,12.32514971585604,43.80608108748086,HIT,True,521.0899154199541
2026_07_21_gym,flight_82,30,0,550,ok,False,17,17,884.2681935208966,560.5593374772034,915.9400529689351,560.9864806235842,31.674739654238767,83.76761848140039,HIT,True,519.3960436124954
2026_07_21_gym,flight_82,30,0,600,ok,False,17,17,884.2681935208966,560.5593374772034,915.9400529689351,560.9864806235842,31.674739654238767,83.76761848140039,HIT,True,519.3960436124954
2026_07_21_gym,flight_82,30,0,650,ok,False,17,17,884.2681935208966,560.5593374772034,915.9400529689351,560.9864806235842,31.674739654238767,83.76761848140039,HIT,True,519.3960436124954
2026_07_21_gym,flight_82,30,0,700,ok,False,17,17,884.2681935208966,560.5593374772034,915.9400529689351,560.9864806235842,31.674739654238767,83.76761848140039,HIT,True,519.3960436124954
2026_07_21_gym,flight_82,30,0,750,ok,False,17,17,884.2681935208966,560.5593374772034,915.9400529689351,560.9864806235842,31.674739654238767,83.76761848140039,HIT,True,519.3960436124954
2026_07_21_gym,flight_82,30,0,800,ok,False,17,17,884.2681935208966,560.5593374772034,915.9400529689351,560.9864806235842,31.674739654238767,83.76761848140039,HIT,True,519.3960436124954
2026_07_21_gym,flight_82,30,0,850,ok,False,17,17,884.2681935208966,560.5593374772034,915.9400529689351,560.9864806235842,31.674739654238767,83.76761848140039,HIT,True,519.3960436124954
2026_07_21_gym,flight_82,30,0,900,ok,False,17,17,884.2681935208966,560.5593374772034,915.9400529689351,560.9864806235842,31.674739654238767,83.76761848140039,HIT,True,519.3960436124954
2026_07_21_gym,flight_82,30,0,950,ok,False,17,17,884.2681935208966,560.5593374772034,915.9400529689351,560.9864806235842,31.674739654238767,83.76761848140039,HIT,True,519.3960436124954
2026_07_21_gym,flight_82,30,0,1000,ok,False,17,17,884.2681935208966,560.5593374772034,915.9400529689351,560.9864806235842,31.674739654238767,83.76761848140039,HIT,True,519.3960436124954
2026_07_21_gym,flight_82,30,0,1050,ok,False,17,17,884.2681935208966,560.5593374772034,915.9400529689351,560.9864806235842,31.674739654238767,83.76761848140039,HIT,True,519.3960436124954
2026_07_21_gym,flight_82,30,0,1100,ok,False,17,17,884.2681935208966,560.5593374772034,915.9400529689351,560.9864806235842,31.674739654238767,83.76761848140039,HIT,True,519.3960436124954
2026_07_21_gym,flight_82,30,0,1150,ok,False,17,17,884.2681935208966,560.5593374772034,915.9400529689351,560.9864806235842,31.674739654238767,83.76761848140039,HIT,True,519.3960436124954
2026_07_21_gym,flight_82,30,0,1200,ok,False,17,17,884.2681935208966,560.5593374772034,915.9400529689351,560.9864806235842,31.674739654238767,83.76761848140039,HIT,True,519.3960436124954
2026_07_21_gym,flight_82,30,0,1250,ok,False,17,17,884.2681935208966,560.5593374772034,915.9400529689351,560.9864806235842,31.674739654238767,83.76761848140039,HIT,True,519.3960436124954
2026_07_21_gym,flight_83,30,0,150,not_fit_eligible,True,5,5,,,,,,,,,
2026_07_21_gym,flight_83,30,0,200,not_fit_eligible,True,7,7,,,,,,,,,
2026_07_21_gym,flight_83,30,0,250,fit_failed,True,8,8,,,,,,,,,
2026_07_21_gym,flight_83,30,0,300,ok,True,10,10,659.8236327591503,812.1202401378092,660.0391917671415,856.1105874478712,43.99087544191189,124.04805426749549,HIT,True,540.5089617711798
2026_07_21_gym,flight_83,30,0,350,ok,True,11,11,653.510101406292,807.5583993111463,660.0391917671415,856.1105874478712,48.98922324148514,134.4455521655659,HIT,True,540.5925757859741
2026_07_21_gym,flight_83,30,0,400,ok,True,13,13,644.2060921438966,821.282761542564,660.0391917671415,856.1105874478712,38.257868484404426,99.09549364217928,HIT,True,538.2989297240106
2026_07_21_gym,flight_83,30,0,450,ok,True,14,14,673.1749754964611,823.6632802753708,660.0391917671415,856.1105874478712,35.00537897138181,89.71151473064606,HIT,True,539.3030670086849
2026_07_21_gym,flight_83,30,0,490,ok,True,15,15,673.1749760107907,823.6632766495106,660.0391917671415,856.1105874478712,35.00538252527906,89.7115211158393,HIT,True,539.3030678582018
2026_07_21_gym,flight_83,30,0,500,ok,True,16,16,677.6247776929093,827.1078755939275,660.0391917671415,856.1105874478712,33.91769637277059,75.70971401119803,HIT,True,538.5079771771325
2026_07_21_gym,flight_83,30,0,550,ok,True,17,17,674.244469350664,840.4023182685753,660.0391917671415,856.1105874478712,21.178754255955322,39.73141341743217,HIT,True,537.4343715204005
2026_07_21_gym,flight_83,30,0,600,ok,False,19,19,682.1503357309587,850.2872809681082,660.0391917671415,856.1105874478712,22.865117225719608,36.43765995338127,HIT,True,536.7603679943585
2026_07_21_gym,flight_83,30,0,650,ok,False,20,20,683.2050057613151,851.0037129768111,660.0391917671415,856.1105874478712,23.722038379444033,36.11903495759759,HIT,True,536.3624024045346
2026_07_21_gym,flight_83,30,0,700,ok,False,20,20,683.2050057613151,851.0037129768111,660.0391917671415,856.1105874478712,23.722038379444033,36.11903495759759,HIT,True,536.3624024045346
2026_07_21_gym,flight_83,30,0,750,ok,False,20,20,683.2050057613151,851.0037129768111,660.0391917671415,856.1105874478712,23.722038379444033,36.11903495759759,HIT,True,536.3624024045346
2026_07_21_gym,flight_83,30,0,800,ok,False,20,20,683.2050057613151,851.0037129768111,660.0391917671415,856.1105874478712,23.722038379444033,36.11903495759759,HIT,True,536.3624024045346
2026_07_21_gym,flight_83,30,0,850,ok,False,20,20,683.2050057613151,851.0037129768111,660.0391917671415,856.1105874478712,23.722038379444033,36.11903495759759,HIT,True,536.3624024045346
2026_07_21_gym,flight_83,30,0,900,ok,False,20,20,683.2050057613151,851.0037129768111,660.0391917671415,856.1105874478712,23.722038379444033,36.11903495759759,HIT,True,536.3624024045346
2026_07_21_gym,flight_83,30,0,950,ok,False,20,20,683.2050057613151,851.0037129768111,660.0391917671415,856.1105874478712,23.722038379444033,36.11903495759759,HIT,True,536.3624024045346
2026_07_21_gym,flight_83,30,0,1000,ok,False,20,20,683.2050057613151,851.0037129768111,660.0391917671415,856.1105874478712,23.722038379444033,36.11903495759759,HIT,True,536.3624024045346
2026_07_21_gym,flight_83,30,0,1050,ok,False,20,20,683.2050057613151,851.0037129768111,660.0391917671415,856.1105874478712,23.722038379444033,36.11903495759759,HIT,True,536.3624024045346
2026_07_21_gym,flight_83,30,0,1100,ok,False,20,20,683.2050057613151,851.0037129768111,660.0391917671415,856.1105874478712,23.722038379444033,36.11903495759759,HIT,True,536.3624024045346
2026_07_21_gym,flight_83,30,0,1150,ok,False,20,20,683.2050057613151,851.0037129768111,660.0391917671415,856.1105874478712,23.722038379444033,36.11903495759759,HIT,True,536.3624024045346
2026_07_21_gym,flight_83,30,0,1200,ok,False,20,20,683.2050057613151,851.0037129768111,660.0391917671415,856.1105874478712,23.722038379444033,36.11903495759759,HIT,True,536.3624024045346
2026_07_21_gym,flight_83,30,0,1250,ok,False,20,20,683.2050057613151,851.0037129768111,660.0391917671415,856.1105874478712,23.722038379444033,36.11903495759759,HIT,True,536.3624024045346
2026_07_21_gym,flight_85,30,0,150,not_fit_eligible,True,5,5,,,,,,,,,
2026_07_21_gym,flight_85,30,0,200,not_fit_eligible,True,7,7,,,,,,,,,
2026_07_21_gym,flight_85,30,0,250,fit_failed,True,8,8,,,,,,,,,
2026_07_21_gym,flight_85,30,0,300,ok,True,10,10,143.8361693959891,1206.1632495685906,158.19724692733155,1240.7067893735875,37.40984750196983,199.85966521072402,HIT,True,526.6259634157288
2026_07_21_gym,flight_85,30,0,350,ok,True,11,11,77.2983738778011,1230.2932129782105,158.19724692733155,1240.7067893735875,81.56635479182822,245.3939532441916,HIT,True,524.4434963324796
2026_07_21_gym,flight_85,30,0,400,ok,True,13,13,37.09845225420149,1252.63486869793,158.19724692733155,1240.7067893735875,121.68482710532452,304.21095293962736,HIT,True,521.7059716634371
2026_07_21_gym,flight_85,30,0,450,ok,True,14,14,37.098452093605005,1252.6348674939795,158.19724692733155,1240.7067893735875,121.68482714713109,304.2109527907463,HIT,True,521.7059719870274
2026_07_21_gym,flight_85,30,0,490,ok,True,15,15,179.10088268391755,1214.7460320329517,158.19724692733155,1240.7067893735875,33.330510190265585,107.87977205099527,HIT,True,522.3420559691737
2026_07_21_gym,flight_85,30,0,500,ok,True,16,16,104.62147561472734,1239.9877604576977,158.19724692733155,1240.7067893735875,53.580596061656024,149.9139216751674,HIT,True,518.0542887987233
2026_07_21_gym,flight_85,30,0,550,ok,False,17,17,128.01854369775788,1240.119487664402,158.19724692733155,1240.7067893735875,30.184417369170678,49.523543736087085,HIT,True,518.2428981185924
2026_07_21_gym,flight_85,30,0,600,ok,False,19,19,172.644253175506,1235.8416766174744,158.19724692733155,1240.7067893735875,15.244189439405652,13.140112950973228,HIT,True,518.5512605059544
2026_07_21_gym,flight_85,30,0,650,ok,False,19,19,172.644253175506,1235.8416766174744,158.19724692733155,1240.7067893735875,15.244189439405652,13.140112950973228,HIT,True,518.5512605059544
2026_07_21_gym,flight_85,30,0,700,ok,False,19,19,172.644253175506,1235.8416766174744,158.19724692733155,1240.7067893735875,15.244189439405652,13.140112950973228,HIT,True,518.5512605059544
2026_07_21_gym,flight_85,30,0,750,ok,False,19,19,172.644253175506,1235.8416766174744,158.19724692733155,1240.7067893735875,15.244189439405652,13.140112950973228,HIT,True,518.5512605059544
2026_07_21_gym,flight_85,30,0,800,ok,False,19,19,172.644253175506,1235.8416766174744,158.19724692733155,1240.7067893735875,15.244189439405652,13.140112950973228,HIT,True,518.5512605059544
2026_07_21_gym,flight_85,30,0,850,ok,False,19,19,172.644253175506,1235.8416766174744,158.19724692733155,1240.7067893735875,15.244189439405652,13.140112950973228,HIT,True,518.5512605059544
2026_07_21_gym,flight_85,30,0,900,ok,False,19,19,172.644253175506,1235.8416766174744,158.19724692733155,1240.7067893735875,15.244189439405652,13.140112950973228,HIT,True,518.5512605059544
2026_07_21_gym,flight_85,30,0,950,ok,False,19,19,172.644253175506,1235.8416766174744,158.19724692733155,1240.7067893735875,15.244189439405652,13.140112950973228,HIT,True,518.5512605059544
2026_07_21_gym,flight_85,30,0,1000,ok,False,19,19,172.644253175506,1235.8416766174744,158.19724692733155,1240.7067893735875,15.244189439405652,13.140112950973228,HIT,True,518.5512605059544
2026_07_21_gym,flight_85,30,0,1050,ok,False,19,19,172.644253175506,1235.8416766174744,158.19724692733155,1240.7067893735875,15.244189439405652,13.140112950973228,HIT,True,518.5512605059544
2026_07_21_gym,flight_85,30,0,1100,ok,False,19,19,172.644253175506,1235.8416766174744,158.19724692733155,1240.7067893735875,15.244189439405652,13.140112950973228,HIT,True,518.5512605059544
2026_07_21_gym,flight_85,30,0,1150,ok,False,19,19,172.644253175506,1235.8416766174744,158.19724692733155,1240.7067893735875,15.244189439405652,13.140112950973228,HIT,True,518.5512605059544
2026_07_21_gym,flight_85,30,0,1200,ok,False,19,19,172.644253175506,1235.8416766174744,158.19724692733155,1240.7067893735875,15.244189439405652,13.140112950973228,HIT,True,518.5512605059544
2026_07_21_gym,flight_85,30,0,1250,ok,False,19,19,172.644253175506,1235.8416766174744,158.19724692733155,1240.7067893735875,15.244189439405652,13.140112950973228,HIT,True,518.5512605059544
2026_07_21_gym,flight_86,30,0,150,not_fit_eligible,True,5,5,,,,,,,,,
2026_07_21_gym,flight_86,30,0,200,not_fit_eligible,True,7,7,,,,,,,,,
2026_07_21_gym,flight_86,30,0,250,ok,True,8,8,662.1209440894188,419.5861913560357,612.0491670081335,441.98942473923984,54.85515222930511,185.03939669279137,HIT,True,495.84155514220737
2026_07_21_gym,flight_86,30,0,300,ok,True,10,10,637.4755810468237,443.28421139955964,612.0491670081335,441.98942473923984,25.459359838036814,108.70932307049404,HIT,True,492.60827280866994
2026_07_21_gym,flight_86,30,0,350,ok,True,11,11,619.8136912821642,455.92596298257234,612.0491670081335,441.98942473923984,15.953524231651178,85.20698807623938,HIT,True,491.28985548679844
2026_07_21_gym,flight_86,30,0,400,ok,True,13,13,599.9670417142614,450.5800832948554,612.0491670081335,441.98942473923984,14.824883339709436,62.532823998856536,HIT,True,489.9909766194657
2026_07_21_gym,flight_86,30,0,450,ok,True,14,14,600.5921735348513,454.94448886283845,612.0491670081335,441.98942473923984,17.29440331128491,58.356900750833596,HIT,True,488.95035964050226
2026_07_21_gym,flight_86,30,0,490,ok,True,15,15,599.2274656739138,459.52051890148016,612.0491670081335,441.98942473923984,21.719467940750025,66.72492445731466,HIT,True,487.8390383386632
2026_07_21_gym,flight_86,30,0,500,ok,True,16,16,599.2274645542885,459.52053239222437,612.0491670081335,441.98942473923984,21.719479490896347,66.72494470208989,HIT,True,487.83903547472335
2026_07_21_gym,flight_86,30,0,550,ok,False,16,16,599.2274645542885,459.52053239222437,612.0491670081335,441.98942473923984,21.719479490896347,66.72494470208989,HIT,True,487.83903547472335
2026_07_21_gym,flight_86,30,0,600,ok,False,16,16,599.2274645542885,459.52053239222437,612.0491670081335,441.98942473923984,21.719479490896347,66.72494470208989,HIT,True,487.83903547472335
2026_07_21_gym,flight_86,30,0,650,ok,False,16,16,599.2274645542885,459.52053239222437,612.0491670081335,441.98942473923984,21.719479490896347,66.72494470208989,HIT,True,487.83903547472335
2026_07_21_gym,flight_86,30,0,700,ok,False,16,16,599.2274645542885,459.52053239222437,612.0491670081335,441.98942473923984,21.719479490896347,66.72494470208989,HIT,True,487.83903547472335
2026_07_21_gym,flight_86,30,0,750,ok,False,16,16,599.2274645542885,459.52053239222437,612.0491670081335,441.98942473923984,21.719479490896347,66.72494470208989,HIT,True,487.83903547472335
2026_07_21_gym,flight_86,30,0,800,ok,False,16,16,599.2274645542885,459.52053239222437,612.0491670081335,441.98942473923984,21.719479490896347,66.72494470208989,HIT,True,487.83903547472335
2026_07_21_gym,flight_86,30,0,850,ok,False,16,16,599.2274645542885,459.52053239222437,612.0491670081335,441.98942473923984,21.719479490896347,66.72494470208989,HIT,True,487.83903547472335
2026_07_21_gym,flight_86,30,0,900,ok,False,16,16,599.2274645542885,459.52053239222437,612.0491670081335,441.98942473923984,21.719479490896347,66.72494470208989,HIT,True,487.83903547472335
2026_07_21_gym,flight_86,30,0,950,ok,False,16,16,599.2274645542885,459.52053239222437,612.0491670081335,441.98942473923984,21.719479490896347,66.72494470208989,HIT,True,487.83903547472335
2026_07_21_gym,flight_86,30,0,1000,ok,False,16,16,599.2274645542885,459.52053239222437,612.0491670081335,441.98942473923984,21.719479490896347,66.72494470208989,HIT,True,487.83903547472335
2026_07_21_gym,flight_86,30,0,1050,ok,False,16,16,599.2274645542885,459.52053239222437,612.0491670081335,441.98942473923984,21.719479490896347,66.72494470208989,HIT,True,487.83903547472335
2026_07_21_gym,flight_86,30,0,1100,ok,False,16,16,599.2274645542885,459.52053239222437,612.0491670081335,441.98942473923984,21.719479490896347,66.72494470208989,HIT,True,487.83903547472335
2026_07_21_gym,flight_86,30,0,1150,ok,False,16,16,599.2274645542885,459.52053239222437,612.0491670081335,441.98942473923984,21.719479490896347,66.72494470208989,HIT,True,487.83903547472335
2026_07_21_gym,flight_86,30,0,1200,ok,False,16,16,599.2274645542885,459.52053239222437,612.0491670081335,441.98942473923984,21.719479490896347,66.72494470208989,HIT,True,487.83903547472335
2026_07_21_gym,flight_86,30,0,1250,ok,False,16,16,599.2274645542885,459.52053239222437,612.0491670081335,441.98942473923984,21.719479490896347,66.72494470208989,HIT,True,487.83903547472335
2026_07_21_gym,flight_87,30,0,150,not_fit_eligible,True,5,5,,,,,,,,,
2026_07_21_gym,flight_87,30,0,200,not_fit_eligible,True,7,7,,,,,,,,,
2026_07_21_gym,flight_87,30,0,250,ok,True,8,8,940.7838917206333,987.8252219149198,1042.5757845910155,993.5856779541552,101.95475618094198,258.30631807062986,HIT,True,534.7371435543979
2026_07_21_gym,flight_87,30,0,300,ok,True,10,10,966.0905593770408,979.9122675726891,1042.5757845910155,993.5856779541552,77.69782382726311,205.38973382585937,HIT,True,533.6205777203564
2026_07_21_gym,flight_87,30,0,350,ok,True,11,11,983.1828455902942,992.5821874331137,1042.5757845910155,993.5856779541552,59.401415777481446,165.18923756712206,HIT,True,532.828998011279
2026_07_21_gym,flight_87,30,0,400,ok,True,13,13,1004.7045223107326,985.7127505662108,1042.5757845910155,993.5856779541552,38.680944822455146,119.783660077766,HIT,True,532.3686351522257
2026_07_21_gym,flight_87,30,0,450,ok,True,14,14,1004.7045227047656,985.7127490961396,1042.5757845910155,993.5856779541552,38.68094473588119,119.78366084160349,HIT,True,532.3686355081841
2026_07_21_gym,flight_87,30,0,490,ok,True,15,15,1005.4775154807372,983.9736422475933,1042.5757845910155,993.5856779541552,38.32326710241244,115.55128483242072,HIT,True,532.0413739854702
2026_07_21_gym,flight_87,30,0,500,ok,True,16,16,986.4839233615222,989.9266425585369,1042.5757845910155,993.5856779541552,56.21107930128291,148.39747543596008,HIT,True,531.5413461288949
2026_07_21_gym,flight_87,30,0,550,ok,False,17,17,1016.2746312946443,993.0681876348798,1042.5757845910155,993.5856779541552,26.30624376359646,86.3655009242796,HIT,True,531.4643210025147
2026_07_21_gym,flight_87,30,0,600,ok,False,18,18,1054.6419939899033,988.2185300541042,1042.5757845910155,993.5856779541552,13.20604732078571,41.527964951105766,HIT,True,531.871503259735
2026_07_21_gym,flight_87,30,0,650,ok,False,19,19,1051.1650366684262,984.748388940001,1042.5757845910155,993.5856779541552,12.323673493280992,46.71236369283011,HIT,True,532.1277054814407
2026_07_21_gym,flight_87,30,0,700,ok,False,20,20,1056.1797023603558,985.8652110356351,1042.5757845910155,993.5856779541552,15.642000770839333,47.50755182063851,HIT,True,531.3452267469382
2026_07_21_gym,flight_87,30,0,750,ok,False,20,20,1056.1797023603558,985.8652110356351,1042.5757845910155,993.5856779541552,15.642000770839333,47.50755182063851,HIT,True,531.3452267469382
2026_07_21_gym,flight_87,30,0,800,ok,False,20,20,1056.1797023603558,985.8652110356351,1042.5757845910155,993.5856779541552,15.642000770839333,47.50755182063851,HIT,True,531.3452267469382
2026_07_21_gym,flight_87,30,0,850,ok,False,20,20,1056.1797023603558,985.8652110356351,1042.5757845910155,993.5856779541552,15.642000770839333,47.50755182063851,HIT,True,531.3452267469382
2026_07_21_gym,flight_87,30,0,900,ok,False,20,20,1056.1797023603558,985.8652110356351,1042.5757845910155,993.5856779541552,15.642000770839333,47.50755182063851,HIT,True,531.3452267469382
2026_07_21_gym,flight_87,30,0,950,ok,False,20,20,1056.1797023603558,985.8652110356351,1042.5757845910155,993.5856779541552,15.642000770839333,47.50755182063851,HIT,True,531.3452267469382
2026_07_21_gym,flight_87,30,0,1000,ok,False,20,20,1056.1797023603558,985.8652110356351,1042.5757845910155,993.5856779541552,15.642000770839333,47.50755182063851,HIT,True,531.3452267469382
2026_07_21_gym,flight_87,30,0,1050,ok,False,20,20,1056.1797023603558,985.8652110356351,1042.5757845910155,993.5856779541552,15.642000770839333,47.50755182063851,HIT,True,531.3452267469382
2026_07_21_gym,flight_87,30,0,1100,ok,False,20,20,1056.1797023603558,985.8652110356351,1042.5757845910155,993.5856779541552,15.642000770839333,47.50755182063851,HIT,True,531.3452267469382
2026_07_21_gym,flight_87,30,0,1150,ok,False,20,20,1056.1797023603558,985.8652110356351,1042.5757845910155,993.5856779541552,15.642000770839333,47.50755182063851,HIT,True,531.3452267469382
2026_07_21_gym,flight_87,30,0,1200,ok,False,20,20,1056.1797023603558,985.8652110356351,1042.5757845910155,993.5856779541552,15.642000770839333,47.50755182063851,HIT,True,531.3452267469382
2026_07_21_gym,flight_87,30,0,1250,ok,False,20,20,1056.1797023603558,985.8652110356351,1042.5757845910155,993.5856779541552,15.642000770839333,47.50755182063851,HIT,True,531.3452267469382
2026_07_21_gym,flight_88,30,0,150,not_fit_eligible,True,5,5,,,,,,,,,
2026_07_21_gym,flight_88,30,0,200,not_fit_eligible,True,7,7,,,,,,,,,
2026_07_21_gym,flight_88,30,0,250,fit_failed,True,8,8,,,,,,,,,
2026_07_21_gym,flight_88,30,0,300,fit_failed,True,10,10,,,,,,,,,
2026_07_21_gym,flight_88,30,0,350,ok,True,11,11,2162.422998244728,1228.1898645731437,2083.989622278325,1265.817554080348,86.99216909088842,267.82151214967615,MISS_HIGH_WIDE,True,608.8508062518897
2026_07_21_gym,flight_88,30,0,400,ok,True,13,13,2146.8952662813163,1227.8805015496503,2083.989622278325,1265.817554080348,73.45978493126688,235.37839328609047,MISS_HIGH_WIDE,True,609.5795737407841
2026_07_21_gym,flight_88,30,0,450,ok,True,14,14,2146.8952665691163,1227.8805010244857,2083.989622278325,1265.817554080348,73.45978544893028,235.3783934718842,MISS_HIGH_WIDE,True,609.5795738720262
2026_07_21_gym,flight_88,30,0,490,ok,True,14,14,2146.8952665691163,1227.8805010244857,2083.989622278325,1265.817554080348,73.45978544893028,235.3783934718842,MISS_HIGH_WIDE,True,609.5795738720262
2026_07_21_gym,flight_88,30,0,500,ok,True,15,15,2146.8952696929305,1227.8804953242964,2083.989622278325,1265.817554080348,73.4597910677043,235.37839548725134,MISS_HIGH_WIDE,True,609.579575296542
2026_07_21_gym,flight_88,30,0,550,ok,True,16,16,2146.8952745730194,1227.880486419337,2083.989622278325,1265.817554080348,73.45979984547401,235.37839863712122,MISS_HIGH_WIDE,True,609.5795775219511
2026_07_21_gym,flight_88,30,0,600,ok,True,18,18,2029.5338301704705,1283.555330496076,2083.989622278325,1265.817554080348,57.27182558875022,122.89335165372744,MISS_HIGH_WIDE,True,606.3630044280452
2026_07_21_gym,flight_88,30,0,650,ok,False,19,19,2115.1685621003926,1256.6769488329205,2083.989622278325,1265.817554080348,32.49118269188443,144.08539434906763,MISS_HIGH_WIDE,True,610.8744243688947
2026_07_21_gym,flight_88,30,0,700,ok,False,21,21,1911.5282439373536,1331.02224328627,2083.989622278325,1265.817554080348,184.37618749097874,410.9682245027459,HIT,False,600.4777975594477
2026_07_21_gym,flight_88,30,0,750,ok,False,21,21,1911.5282439373536,1331.02224328627,2083.989622278325,1265.817554080348,184.37618749097874,410.9682245027459,HIT,False,600.4777975594477
2026_07_21_gym,flight_88,30,0,800,ok,False,21,21,1911.5282439373536,1331.02224328627,2083.989622278325,1265.817554080348,184.37618749097874,410.9682245027459,HIT,False,600.4777975594477
2026_07_21_gym,flight_88,30,0,850,ok,False,21,21,1911.5282439373536,1331.02224328627,2083.989622278325,1265.817554080348,184.37618749097874,410.9682245027459,HIT,False,600.4777975594477
2026_07_21_gym,flight_88,30,0,900,ok,False,21,21,1911.5282439373536,1331.02224328627,2083.989622278325,1265.817554080348,184.37618749097874,410.9682245027459,HIT,False,600.4777975594477
2026_07_21_gym,flight_88,30,0,950,ok,False,21,21,1911.5282439373536,1331.02224328627,2083.989622278325,1265.817554080348,184.37618749097874,410.9682245027459,HIT,False,600.4777975594477
2026_07_21_gym,flight_88,30,0,1000,ok,False,21,21,1911.5282439373536,1331.02224328627,2083.989622278325,1265.817554080348,184.37618749097874,410.9682245027459,HIT,False,600.4777975594477
2026_07_21_gym,flight_88,30,0,1050,ok,False,21,21,1911.5282439373536,1331.02224328627,2083.989622278325,1265.817554080348,184.37618749097874,410.9682245027459,HIT,False,600.4777975594477
2026_07_21_gym,flight_88,30,0,1100,ok,False,21,21,1911.5282439373536,1331.02224328627,2083.989622278325,1265.817554080348,184.37618749097874,410.9682245027459,HIT,False,600.4777975594477
2026_07_21_gym,flight_88,30,0,1150,ok,False,21,21,1911.5282439373536,1331.02224328627,2083.989622278325,1265.817554080348,184.37618749097874,410.9682245027459,HIT,False,600.4777975594477
2026_07_21_gym,flight_88,30,0,1200,ok,False,21,21,1911.5282439373536,1331.02224328627,2083.989622278325,1265.817554080348,184.37618749097874,410.9682245027459,HIT,False,600.4777975594477
2026_07_21_gym,flight_88,30,0,1250,ok,False,21,21,1911.5282439373536,1331.02224328627,2083.989622278325,1265.817554080348,184.37618749097874,410.9682245027459,HIT,False,600.4777975594477
2026_07_21_gym,flight_9,30,0,150,not_fit_eligible,True,5,5,,,,,,,,,
2026_07_21_gym,flight_9,30,0,200,not_fit_eligible,True,7,7,,,,,,,,,
2026_07_21_gym,flight_9,30,0,250,fit_failed,True,8,8,,,,,,,,,
2026_07_21_gym,flight_9,30,0,300,ok,True,10,10,685.2346345408029,812.1864992721096,728.30196754341,842.0407113478864,52.402949827494545,108.70467008577263,HIT,True,569.7420876373347
2026_07_21_gym,flight_9,30,0,350,ok,True,11,11,716.4773457417715,820.3488574037385,728.30196754341,842.0407113478864,24.70542872095174,54.848385279070975,HIT,True,568.0223432778372
2026_07_21_gym,flight_9,30,0,400,ok,True,13,13,696.8792305707586,826.7825123026544,728.30196754341,842.0407113478864,34.93137611025867,56.49389516044303,HIT,True,566.9551363185874
2026_07_21_gym,flight_9,30,0,450,ok,True,14,14,648.5588405350024,835.4340101119625,728.30196754341,842.0407113478864,80.0163408704733,140.51222157095646,HIT,True,565.577991137865
2026_07_21_gym,flight_9,30,0,490,ok,True,15,15,648.558841215558,835.4340073233126,728.30196754341,842.0407113478864,80.01634042249172,140.51222201754504,HIT,True,565.5779917781651
2026_07_21_gym,flight_9,30,0,500,ok,True,16,16,657.5644280635826,840.5054705461023,728.30196754341,842.0407113478864,70.75419744424784,120.4390851454839,HIT,True,564.9960522934268
2026_07_21_gym,flight_9,30,0,550,ok,True,17,17,649.5759203891358,852.0726728412243,728.30196754341,842.0407113478864,79.36265338268886,142.5403526650518,HIT,True,563.7857954938157
2026_07_21_gym,flight_9,30,0,600,ok,False,19,19,653.5420684492424,858.4493376481338,728.30196754341,842.0407113478864,76.53943774049621,153.45417888622143,HIT,True,562.9076760060574
2026_07_21_gym,flight_9,30,0,650,ok,False,20,20,663.4832490203733,860.1426648014561,728.30196754341,842.0407113478864,67.29893750872947,141.1093617646967,HIT,True,562.8634515626624
2026_07_21_gym,flight_9,30,0,700,ok,False,21,21,662.9406754790931,860.1132566568457,728.30196754341,842.0407113478864,67.81382893084067,129.00792374549374,HIT,True,562.8858164086753
2026_07_21_gym,flight_9,30,0,750,ok,False,21,21,662.9406754790931,860.1132566568457,728.30196754341,842.0407113478864,67.81382893084067,129.00792374549374,HIT,True,562.8858164086753
2026_07_21_gym,flight_9,30,0,800,ok,False,21,21,662.9406754790931,860.1132566568457,728.30196754341,842.0407113478864,67.81382893084067,129.00792374549374,HIT,True,562.8858164086753
2026_07_21_gym,flight_9,30,0,850,ok,False,21,21,662.9406754790931,860.1132566568457,728.30196754341,842.0407113478864,67.81382893084067,129.00792374549374,HIT,True,562.8858164086753
2026_07_21_gym,flight_9,30,0,900,ok,False,21,21,662.9406754790931,860.1132566568457,728.30196754341,842.0407113478864,67.81382893084067,129.00792374549374,HIT,True,562.8858164086753
2026_07_21_gym,flight_9,30,0,950,ok,False,21,21,662.9406754790931,860.1132566568457,728.30196754341,842.0407113478864,67.81382893084067,129.00792374549374,HIT,True,562.8858164086753
2026_07_21_gym,flight_9,30,0,1000,ok,False,21,21,662.9406754790931,860.1132566568457,728.30196754341,842.0407113478864,67.81382893084067,129.00792374549374,HIT,True,562.8858164086753
2026_07_21_gym,flight_9,30,0,1050,ok,False,21,21,662.9406754790931,860.1132566568457,728.30196754341,842.0407113478864,67.81382893084067,129.00792374549374,HIT,True,562.8858164086753
2026_07_21_gym,flight_9,30,0,1100,ok,False,21,21,662.9406754790931,860.1132566568457,728.30196754341,842.0407113478864,67.81382893084067,129.00792374549374,HIT,True,562.8858164086753
2026_07_21_gym,flight_9,30,0,1150,ok,False,21,21,662.9406754790931,860.1132566568457,728.30196754341,842.0407113478864,67.81382893084067,129.00792374549374,HIT,True,562.8858164086753
2026_07_21_gym,flight_9,30,0,1200,ok,False,21,21,662.9406754790931,860.1132566568457,728.30196754341,842.0407113478864,67.81382893084067,129.00792374549374,HIT,True,562.8858164086753
2026_07_21_gym,flight_9,30,0,1250,ok,False,21,21,662.9406754790931,860.1132566568457,728.30196754341,842.0407113478864,67.81382893084067,129.00792374549374,HIT,True,562.8858164086753
2026_07_21_gym,flight_90,30,0,150,not_fit_eligible,True,5,5,,,,,,,,,
2026_07_21_gym,flight_90,30,0,200,not_fit_eligible,True,7,7,,,,,,,,,
2026_07_21_gym,flight_90,30,0,250,fit_failed,True,8,8,,,,,,,,,
2026_07_21_gym,flight_90,30,0,300,ok,True,10,10,387.149920709768,947.6840664510427,495.6103115225091,975.1517089622806,111.88443931297014,217.14003342983304,HIT,True,576.8799029240453
2026_07_21_gym,flight_90,30,0,350,ok,True,11,11,415.8991258310201,983.9685392908261,495.6103115225091,975.1517089622806,80.1973167966697,157.33023209743064,HIT,True,574.4279032421481
2026_07_21_gym,flight_90,30,0,400,ok,True,13,13,450.06775261867045,979.3765870226747,495.6103115225091,975.1517089622806,45.73810518741253,113.3494124369517,HIT,True,574.6940253915868
2026_07_21_gym,flight_90,30,0,450,ok,True,14,14,449.9307244271018,980.6140983186582,495.6103115225091,975.1517089622806,46.0050255372994,98.43985000488979,HIT,True,572.1293303353764
2026_07_21_gym,flight_90,30,0,490,ok,True,15,15,415.8769388511455,980.508645023494,495.6103115225091,975.1517089622806,79.91312458860861,165.70526043817117,HIT,True,571.0197613354643
2026_07_21_gym,flight_90,30,0,500,ok,True,16,16,430.36776381441405,981.0636368690014,495.6103115225091,975.1517089622806,65.50985363300184,140.63686573958188,HIT,True,571.1839309881188
2026_07_21_gym,flight_90,30,0,550,ok,True,17,17,430.3677646181204,981.0636272654041,495.6103115225091,975.1517089622806,65.50985196590024,140.636861597799,HIT,True,571.1839331850373
2026_07_21_gym,flight_90,30,0,600,ok,True,19,19,497.16630390475467,978.0841949732226,495.6103115225091,975.1517089622806,3.3197268709905057,41.4258485910675,HIT,True,573.8152064346268
2026_07_21_gym,flight_90,30,0,650,ok,False,20,20,503.0331562267906,982.0972627032941,495.6103115225091,975.1517089622806,10.165595913333638,59.73520622676424,HIT,True,573.3865443926895
2026_07_21_gym,flight_90,30,0,700,ok,False,22,22,500.4222723409828,975.070137145586,495.6103115225091,975.1517089622806,4.812652166924657,10.536791453646336,HIT,True,574.4148197658034
2026_07_21_gym,flight_90,30,0,750,ok,False,22,22,500.4222723409828,975.070137145586,495.6103115225091,975.1517089622806,4.812652166924657,10.536791453646336,HIT,True,574.4148197658034
2026_07_21_gym,flight_90,30,0,800,ok,False,22,22,500.4222723409828,975.070137145586,495.6103115225091,975.1517089622806,4.812652166924657,10.536791453646336,HIT,True,574.4148197658034
2026_07_21_gym,flight_90,30,0,850,ok,False,22,22,500.4222723409828,975.070137145586,495.6103115225091,975.1517089622806,4.812652166924657,10.536791453646336,HIT,True,574.4148197658034
2026_07_21_gym,flight_90,30,0,900,ok,False,22,22,500.4222723409828,975.070137145586,495.6103115225091,975.1517089622806,4.812652166924657,10.536791453646336,HIT,True,574.4148197658034
2026_07_21_gym,flight_90,30,0,950,ok,False,22,22,500.4222723409828,975.070137145586,495.6103115225091,975.1517089622806,4.812652166924657,10.536791453646336,HIT,True,574.4148197658034
2026_07_21_gym,flight_90,30,0,1000,ok,False,22,22,500.4222723409828,975.070137145586,495.6103115225091,975.1517089622806,4.812652166924657,10.536791453646336,HIT,True,574.4148197658034
2026_07_21_gym,flight_90,30,0,1050,ok,False,22,22,500.4222723409828,975.070137145586,495.6103115225091,975.1517089622806,4.812652166924657,10.536791453646336,HIT,True,574.4148197658034
2026_07_21_gym,flight_90,30,0,1100,ok,False,22,22,500.4222723409828,975.070137145586,495.6103115225091,975.1517089622806,4.812652166924657,10.536791453646336,HIT,True,574.4148197658034
2026_07_21_gym,flight_90,30,0,1150,ok,False,22,22,500.4222723409828,975.070137145586,495.6103115225091,975.1517089622806,4.812652166924657,10.536791453646336,HIT,True,574.4148197658034
2026_07_21_gym,flight_90,30,0,1200,ok,False,22,22,500.4222723409828,975.070137145586,495.6103115225091,975.1517089622806,4.812652166924657,10.536791453646336,HIT,True,574.4148197658034
2026_07_21_gym,flight_90,30,0,1250,ok,False,22,22,500.4222723409828,975.070137145586,495.6103115225091,975.1517089622806,4.812652166924657,10.536791453646336,HIT,True,574.4148197658034
2026_07_21_gym,flight_92,30,0,150,not_fit_eligible,True,5,5,,,,,,,,,
2026_07_21_gym,flight_92,30,0,200,not_fit_eligible,True,7,7,,,,,,,,,
2026_07_21_gym,flight_92,30,0,250,fit_failed,True,8,8,,,,,,,,,
2026_07_21_gym,flight_92,30,0,300,ok,True,9,9,248.47069707057236,784.7715982449952,905.4792378337152,1287.7709979885199,827.4470489270358,958.6067234962181,HIT,True,1229.0961918761943
2026_07_21_gym,flight_92,30,0,350,fit_failed,True,10,10,,,,,,,,,
2026_07_21_gym,flight_92,30,0,400,ok,True,12,12,935.7481357288793,1135.903411232118,905.4792378337152,1287.7709979885199,154.8546740883242,196.46172900669046,HIT,True,1150.2969017238327
2026_07_21_gym,flight_92,30,0,450,ok,True,13,13,987.5486648013251,1152.4881388674298,905.4792378337152,1287.7709979885199,158.2303473255638,178.7444376464846,HIT,True,1144.7328031701948
2026_07_21_gym,flight_92,30,0,490,ok,True,14,14,966.4781981432001,1165.2755300239628,905.4792378337152,1287.7709979885199,136.8430225868091,160.66993349865837,HIT,True,1144.468927202648
2026_07_21_gym,flight_92,30,0,500,ok,True,15,15,887.8416277669427,1191.871871262531,905.4792378337152,1287.7709979885199,97.50757814485395,134.4691125964877,HIT,True,1146.3345692580842
2026_07_21_gym,flight_92,30,0,550,ok,True,16,16,956.973929726557,1195.3607729867506,905.4792378337152,1287.7709979885199,105.7891912154372,123.17364634960977,HIT,True,1141.2171007614172
2026_07_21_gym,flight_92,30,0,600,ok,True,18,18,927.2989314880494,1189.2267676088666,905.4792378337152,1287.7709979885199,100.93098816660412,133.60289218625576,HIT,True,1145.0885662328872
2026_07_21_gym,flight_92,30,0,650,ok,True,19,19,927.2989185855247,1189.2270034140258,905.4792378337152,1287.7709979885199,100.93075514831342,133.60257876053097,HIT,True,1145.0885245924894
2026_07_21_gym,flight_92,30,0,700,ok,True,21,21,934.5786143019516,1190.0425153582025,905.4792378337152,1287.7709979885199,101.96876986638794,126.56404445665588,HIT,True,1143.0407894094546
2026_07_21_gym,flight_92,30,0,750,ok,True,22,22,907.1286962830927,1215.9325838921225,905.4792378337152,1287.7709979885199,71.85734794063647,94.22619567723108,HIT,True,1141.792435736888
2026_07_21_gym,flight_92,30,0,800,ok,True,24,24,918.3285821983402,1217.410735001303,905.4792378337152,1287.7709979885199,71.52392787194395,95.93863603150459,HIT,True,1140.7142355037588
2026_07_21_gym,flight_92,30,0,850,ok,True,25,25,932.9858399650525,1220.6175929587764,905.4792378337152,1287.7709979885199,72.56853979446234,91.28591911917748,HIT,True,1140.593079654991
2026_07_21_gym,flight_92,30,0,900,ok,True,27,27,899.1387976125473,1227.0056419207715,905.4792378337152,1287.7709979885199,61.09525088121374,79.40958887143168,HIT,True,1141.019835538529
2026_07_21_gym,flight_92,30,0,950,ok,True,28,28,918.6273499801755,1224.9080273472675,905.4792378337152,1287.7709979885199,64.22325070298801,81.61406227261068,HIT,True,1140.2892660603593
2026_07_21_gym,flight_92,30,0,1000,ok,True,30,30,924.5009393031112,1233.3788910101882,905.4792378337152,1287.7709979885199,57.62227371714081,75.3265701487195,HIT,True,1139.7970537564931
2026_07_21_gym,flight_92,30,0,1050,ok,True,31,31,934.6654824100251,1230.485705414966,905.4792378337152,1287.7709979885199,64.29184721024771,81.3123071633068,HIT,True,1139.8450778914112
2026_07_21_gym,flight_92,30,0,1100,ok,True,33,33,908.1977019632255,1258.768860045298,905.4792378337152,1287.7709979885199,29.129264537593563,36.43721389452926,HIT,True,1137.2245049026537
2026_07_21_gym,flight_92,30,0,1150,ok,False,34,34,908.9036055323195,1269.6082951182834,905.4792378337152,1287.7709979885199,18.482696493957256,19.948239759570335,HIT,True,1136.7536852946726
2026_07_21_gym,flight_92,30,0,1200,ok,False,36,36,928.7410599132281,1270.9621091960398,905.4792378337152,1287.7709979885199,28.699322446651564,36.38318713463728,HIT,True,1136.0584320684484
2026_07_21_gym,flight_92,30,0,1250,ok,False,37,37,914.4007514826841,1277.6851117591004,905.4792378337152,1287.7709979885199,13.46545605694554,16.10410917205177,HIT,True,1136.658201748555
2026_07_21_gym,flight_93,30,0,150,not_fit_eligible,True,4,4,,,,,,,,,
2026_07_21_gym,flight_93,30,0,200,not_fit_eligible,True,5,5,,,,,,,,,
2026_07_21_gym,flight_93,30,0,250,not_fit_eligible,True,6,6,,,,,,,,,
2026_07_21_gym,flight_93,30,0,300,fit_failed,True,8,8,,,,,,,,,
2026_07_21_gym,flight_93,30,0,350,fit_failed,True,9,9,,,,,,,,,
2026_07_21_gym,flight_93,30,0,400,ok,True,11,11,-318.0555712861198,1107.7110343511479,-96.7384465607923,1397.6653961377565,364.76677701754267,473.2677128827529,MISS_HIGH_WIDE,True,1208.4001937171192
2026_07_21_gym,flight_93,30,0,450,ok,True,12,12,-370.6270758534351,1131.6519182286513,-96.7384465607923,1397.6653961377565,381.80905133993446,474.5475162994494,MISS_HIGH_WIDE,True,1206.7989968187155
2026_07_21_gym,flight_93,30,0,490,ok,True,13,13,-349.05664646593203,1151.3268824851643,-96.7384465607923,1397.6653961377565,352.62889460726046,446.95397483909414,MISS_HIGH_WIDE,True,1205.1748363399142
2026_07_21_gym,flight_93,30,0,500,ok,True,14,14,-305.110694295783,1206.960320741914,-96.7384465607923,1397.6653961377565,282.4666695521195,349.270382194999,MISS_HIGH_WIDE,True,1194.3963027492125
2026_07_21_gym,flight_93,30,0,550,ok,True,15,15,-284.9458620407749,1212.5370753242014,-96.7384465607923,1397.6653961377565,263.99720909301556,326.38531761911935,MISS_HIGH_WIDE,True,1191.450260699479
2026_07_21_gym,flight_93,30,0,600,ok,True,15,15,-284.9458620407749,1212.5370753242014,-96.7384465607923,1397.6653961377565,263.99720909301556,326.38531761911935,MISS_HIGH_WIDE,True,1191.450260699479
2026_07_21_gym,flight_93,30,0,650,ok,True,16,16,-300.6322473922419,1265.8264040104018,-96.7384465607923,1397.6653961377565,242.8048637541092,280.4731741927581,MISS_HIGH_WIDE,True,1184.1196435614552
2026_07_21_gym,flight_93,30,0,700,ok,True,18,18,-233.61294163124373,1309.613489664885,-96.7384465607923,1397.6653961377565,162.75062406730837,196.72841562633363,MISS_HIGH_WIDE,True,1178.0765167574446
2026_07_21_gym,flight_93,30,0,750,ok,True,19,19,-226.68317534488546,1313.4634508325937,-96.7384465607923,1397.6653961377565,154.84056358701733,186.53283343023477,MISS_HIGH_WIDE,True,1176.7894726678633
2026_07_21_gym,flight_93,30,0,800,ok,True,21,21,-222.2376122278664,1349.7379628996798,-96.7384465607923,1397.6653961377565,134.3394187866019,156.03712761394024,MISS_HIGH_WIDE,True,1172.3387592695815
2026_07_21_gym,flight_93,30,0,850,ok,True,22,22,-206.9357841828277,1340.4019423337854,-96.7384465607923,1397.6653961377565,124.18758537206682,148.09102657602457,MISS_HIGH_WIDE,True,1172.8528032089293
2026_07_21_gym,flight_93,30,0,900,ok,True,24,24,-187.80684623417093,1362.1476378630352,-96.7384465607923,1397.6653961377565,97.74949908788157,105.68418911357381,MISS_HIGH_WIDE,True,1169.0028063254745
2026_07_21_gym,flight_93,30,0,950,ok,True,25,25,-206.93561422868711,1340.4035171665093,-96.7384465607923,1397.6653961377565,124.18670840852445,148.08984875558752,MISS_HIGH_WIDE,True,1172.852523160114
2026_07_21_gym,flight_93,30,0,1000,ok,True,27,27,-117.03649133738965,1362.6790898267775,-96.7384465607923,1397.6653961377565,40.448142739047974,44.69128450106297,MISS_HIGH_WIDE,True,1165.5177014198262
2026_07_21_gym,flight_93,30,0,1050,ok,True,28,28,-131.18866218592734,1361.8203773798039,-96.7384465607923,1397.6653961377565,49.71602082202753,55.97527830145904,MISS_HIGH_WIDE,True,1165.991685693656
2026_07_21_gym,flight_93,30,0,1100,ok,True,30,30,-195.65761922083132,1417.8136977895374,-96.7384465607923,1397.6653961377565,100.95026884163197,117.37114327944087,MISS_HIGH_WIDE,True,1160.1716954632827
2026_07_21_gym,flight_93,30,0,1150,ok,True,31,31,-98.66146457549348,1362.191915249777,-96.7384465607923,1397.6653961377565,35.52556607001101,35.58124347487879,MISS_HIGH_WIDE,True,1164.9976658288545
2026_07_21_gym,flight_93,30,0,1200,ok,False,33,33,-155.3019462669865,1389.0263862965662,-96.7384465607923,1397.6653961377565,59.19726335628693,47.41914954522499,MISS_HIGH_WIDE,True,1163.1027725846805
2026_07_21_gym,flight_93,30,0,1250,ok,False,34,34,-128.73724993158575,1399.9955577168855,-96.7384465607923,1397.6653961377565,32.083532694320795,29.93776500388384,MISS_HIGH_WIDE,True,1162.5769491646822
2026_07_21_gym,flight_94,30,0,150,not_fit_eligible,True,5,5,,,,,,,,,
2026_07_21_gym,flight_94,30,0,200,not_fit_eligible,True,7,7,,,,,,,,,
2026_07_21_gym,flight_94,30,0,250,fit_failed,True,8,8,,,,,,,,,
2026_07_21_gym,flight_94,30,0,300,ok,True,10,10,1127.4312685970895,1756.9329508107135,1188.2341463111723,1799.002339964838,73.93797023258672,116.55915471571461,HIT,True,1182.6427554289348
2026_07_21_gym,flight_94,30,0,350,ok,True,11,11,1127.4311778427063,1756.9343461921721,1188.2341463111723,1799.002339964838,73.93725092694693,116.55758945326674,HIT,True,1182.64249914367
2026_07_21_gym,flight_94,30,0,400,ok,True,13,13,1173.7804623646134,1776.901444633639,1188.2341463111723,1799.002339964838,26.40754729367406,59.04378977852367,HIT,True,1176.6841003258328
2026_07_21_gym,flight_94,30,0,450,ok,True,14,14,970.0893711625771,1841.7459362903853,1188.2341463111723,1799.002339964838,222.2929552448131,204.27660200203258,HIT,True,1178.2909123838526
2026_07_21_gym,flight_94,30,0,490,ok,True,15,15,1086.0490956077142,1787.3657920305532,1188.2341463111723,1799.002339964838,102.84548524410394,115.68292154184715,HIT,True,1177.2501951887666
2026_07_21_gym,flight_94,30,0,500,ok,True,16,16,1095.7807663638002,1821.599955239321,1188.2341463111723,1799.002339964838,95.17499503434016,90.39299743661971,HIT,True,1173.3553911016675
2026_07_21_gym,flight_94,30,0,550,ok,True,17,17,1116.2259770720923,1794.5192717344614,1188.2341463111723,1799.002339964838,72.14758719404408,79.38360139656713,HIT,True,1174.939251431741
2026_07_21_gym,flight_94,30,0,600,ok,True,19,19,1123.7990551703524,1791.2276370452257,1188.2341463111723,1799.002339964838,64.90244198652304,72.51853636665571,HIT,True,1173.5558309902024
2026_07_21_gym,flight_94,30,0,650,ok,True,20,20,1167.6258090842518,1789.4836290791754,1188.2341463111723,1799.002339964838,22.70042775331128,28.861391050380444,HIT,True,1169.278791774795
2026_07_21_gym,flight_94,30,0,700,ok,True,21,21,1103.4622584281153,1845.3816265150053,1188.2341463111723,1799.002339964838,96.62976351083607,90.2397327316009,HIT,True,1166.782144765014
2026_07_21_gym,flight_94,30,0,750,ok,True,22,22,1139.8577657921815,1812.102355347961,1188.2341463111723,1799.002339964838,50.11870504269093,58.74220107630633,HIT,True,1166.1104092741316
2026_07_21_gym,flight_94,30,0,800,ok,True,24,24,1091.4047393785036,1854.5920530741303,1188.2341463111723,1799.002339964838,111.6519155702479,107.20986735843103,HIT,True,1167.4633830475423
2026_07_21_gym,flight_94,30,0,850,ok,True,25,25,1091.4047439730214,1854.5919789079828,1188.2341463111723,1799.002339964838,111.65187465955374,107.20980913484404,HIT,True,1167.4633970207265
2026_07_21_gym,flight_94,30,0,900,ok,True,26,26,1092.788921506177,1855.6894825975594,1188.2341463111723,1799.002339964838,111.01001341292849,111.49568894506088,HIT,True,1165.5715733652642
2026_07_21_gym,flight_94,30,0,950,ok,True,27,27,1123.8680126952002,1814.2655962301058,1188.2341463111723,1799.002339964838,66.15108576953526,99.4398136622784,HIT,True,1167.9902035330763
2026_07_21_gym,flight_94,30,0,1000,ok,True,28,28,1151.2678500511415,1821.5999941394816,1188.2341463111723,1799.002339964838,43.326216467413225,53.21687298493401,HIT,True,1165.9685934874967
2026_07_21_gym,flight_94,30,0,1050,ok,True,29,29,1187.4911302097023,1795.0241701226048,1188.2341463111723,1799.002339964838,4.046962839055673,9.359095235043942,HIT,True,1167.9052937657227
2026_07_21_gym,flight_94,30,0,1100,ok,True,31,31,1173.6905695139938,1815.9872685388923,1188.2341463111723,1799.002339964838,22.360756353959808,26.937855945133265,HIT,True,1165.8726079718358
2026_07_21_gym,flight_94,30,0,1150,ok,True,32,32,1197.0744167629275,1790.7843597749713,1188.2341463111723,1799.002339964838,12.070028171517189,2.108565185716824,HIT,True,1168.0765748217837
2026_07_21_gym,flight_94,30,0,1200,ok,False,34,34,1201.017928864623,1794.8470684542983,1188.2341463111723,1799.002339964838,13.442149296158455,30.876433296223944,HIT,True,1167.2985771011386
2026_07_21_gym,flight_94,30,0,1250,ok,False,35,35,1185.9665459652883,1802.3068987444606,1188.2341463111723,1799.002339964838,4.007757484757939,16.82001360323465,HIT,True,1167.15843859871
2026_07_21_gym,flight_95,30,0,150,not_fit_eligible,True,5,5,,,,,,,,,
2026_07_21_gym,flight_95,30,0,200,not_fit_eligible,True,7,7,,,,,,,,,
2026_07_21_gym,flight_95,30,0,250,fit_failed,True,8,8,,,,,,,,,
2026_07_21_gym,flight_95,30,0,300,ok,True,10,10,-74.66479416524419,1797.3524750052131,100.94304969799818,2157.278599646131,400.48087348252545,635.3202348931969,MISS_HIGH_WIDE,True,1171.0034356133906
2026_07_21_gym,flight_95,30,0,350,ok,True,11,11,-74.66469342151393,1797.3538652120528,100.94304969799818,2157.278599646131,400.47957988013616,635.3182054983348,MISS_HIGH_WIDE,True,1171.0031699576994
2026_07_21_gym,flight_95,30,0,400,ok,True,13,13,50.37116092385404,1870.6293572331194,100.94304969799818,2157.278599646131,291.0761139464006,476.4018962726835,HIT,False,1152.4159305842272
2026_07_21_gym,flight_95,30,0,450,ok,True,14,14,216.51656366742895,1870.5485207785932,100.94304969799818,2157.278599646131,309.1462036943471,440.4613531364272,HIT,False,1142.5683569328398
2026_07_21_gym,flight_95,30,0,490,ok,True,15,15,171.12660575095055,1927.2311286680467,100.94304969799818,2157.278599646131,240.51521873605114,364.47314757703674,HIT,False,1138.1484418871344
2026_07_21_gym,flight_95,30,0,500,ok,True,16,16,191.49216559744858,1928.1584498410455,100.94304969799818,2157.278599646131,246.36392884689312,365.3400095366908,HIT,False,1137.085518536824
2026_07_21_gym,flight_95,30,0,550,ok,True,17,17,145.72586906599753,1945.9522886474426,100.94304969799818,2157.278599646131,216.01923671483817,338.35780798978055,HIT,False,1137.242827528601
2026_07_21_gym,flight_95,30,0,600,ok,True,17,17,145.72586906599753,1945.9522886474426,100.94304969799818,2157.278599646131,216.01923671483817,338.35780798978055,HIT,False,1137.242827528601
2026_07_21_gym,flight_95,30,0,650,ok,True,18,18,143.87402239800772,1974.116883091499,100.94304969799818,2157.278599646131,188.1257101732998,296.0950306596455,HIT,False,1133.6012303457296
2026_07_21_gym,flight_95,30,0,700,ok,True,19,19,132.25761358687754,2005.2465348790492,100.94304969799818,2157.278599646131,155.22355049699416,253.86925831796538,MISS_HIGH_WIDE,True,1130.5128982174535
2026_07_21_gym,flight_95,30,0,750,ok,True,20,20,101.92018808633819,2044.1295384917682,100.94304969799818,2157.278599646131,113.15328028627243,207.82504199012686,MISS_HIGH_WIDE,True,1128.0519679974957
2026_07_21_gym,flight_95,30,0,800,ok,True,22,22,155.0040004072598,2041.5126829037465,100.94304969799818,2157.278599646131,127.7667166001927,201.9590511148355,MISS_HIGH_WIDE,True,1124.183137032258
2026_07_21_gym,flight_95,30,0,850,ok,True,23,23,130.5036451782662,2054.538461341643,100.94304969799818,2157.278599646131,106.90820746777756,177.5315218062033,MISS_HIGH_WIDE,True,1124.3848875246047
2026_07_21_gym,flight_95,30,0,900,ok,True,25,25,121.86784625053278,2082.054740530685,100.94304969799818,2157.278599646131,78.07993398425378,143.68169527534627,MISS_HIGH_WIDE,True,1121.4904230690156
2026_07_21_gym,flight_95,30,0,950,ok,True,26,26,125.20860952501869,2082.7809922925085,100.94304969799818,2157.278599646131,78.34992594210443,135.22199818534108,MISS_HIGH_WIDE,True,1121.089005071744
2026_07_21_gym,flight_95,30,0,1000,ok,True,28,28,126.25687547919831,2086.583687640867,100.94304969799818,2157.278599646131,75.09034797570847,142.79205077702213,MISS_HIGH_WIDE,True,1120.1026235830589
2026_07_21_gym,flight_95,30,0,1050,ok,True,29,29,117.42663902412603,2088.697496682745,100.94304969799818,2157.278599646131,70.53422148678604,122.74442355645552,MISS_HIGH_WIDE,True,1120.049831034255
2026_07_21_gym,flight_95,30,0,1100,ok,True,30,30,100.01581973414417,2112.3543294761757,100.94304969799818,2157.278599646131,44.93383809234435,80.39925810746509,MISS_HIGH_WIDE,True,1117.6549641578515
2026_07_21_gym,flight_95,30,0,1150,ok,False,31,31,105.58356262044269,2085.2180988779332,100.94304969799818,2157.278599646131,72.20976479082887,122.50953969125904,MISS_HIGH_WIDE,True,1119.6162221871477
2026_07_21_gym,flight_95,30,0,1200,ok,False,33,33,152.32973865060785,2086.2257207972884,100.94304969799818,2157.278599646131,87.68753271828659,136.63262535984327,MISS_HIGH_WIDE,True,1120.6080712822204
2026_07_21_gym,flight_95,30,0,1250,ok,False,34,34,105.29647126365754,2100.7318376064854,100.94304969799818,2157.278599646131,56.71409504256122,98.84343735674476,MISS_HIGH_WIDE,True,1118.0116913727686
2026_07_21_gym,flight_96,30,0,150,not_fit_eligible,True,5,5,,,,,,,,,
2026_07_21_gym,flight_96,30,0,200,not_fit_eligible,True,7,7,,,,,,,,,
2026_07_21_gym,flight_96,30,0,250,fit_failed,True,8,8,,,,,,,,,
2026_07_21_gym,flight_96,30,0,300,ok,True,10,10,-9.699190691514884,162.66988534240926,174.64335948759432,657.7777484691261,528.3123810175579,575.3828303047309,MISS_HIGH_WIDE,False,1288.320629224197
2026_07_21_gym,flight_96,30,0,350,ok,True,11,11,-83.15030206582007,212.76049385217468,174.64335948759432,657.7777484691261,514.2936212358898,559.2269036692841,MISS_HIGH_WIDE,False,1287.9218102829386
2026_07_21_gym,flight_96,30,0,400,ok,True,13,13,36.87194392013467,292.3018149363858,174.64335948759432,657.7777484691261,390.581132338839,439.0567051098286,HIT,True,1274.1435181837987
2026_07_21_gym,flight_96,30,0,450,ok,True,14,14,54.25688564000436,327.88247503829564,174.64335948759432,657.7777484691261,351.17487740078855,404.345551734252,HIT,True,1271.4402338254833
2026_07_21_gym,flight_96,30,0,490,ok,True,15,15,31.944605760789873,359.81028396920715,174.64335948759432,657.7777484691261,330.37485409106677,382.3570806257745,HIT,True,1268.9161642232052
2026_07_21_gym,flight_96,30,0,500,ok,True,16,16,31.94458802056209,359.80989563705185,174.64335948759432,657.7777484691261,330.3752119932077,382.3574679865394,HIT,True,1268.9162225307437
2026_07_21_gym,flight_96,30,0,550,ok,True,17,17,85.72132834993823,437.7179662797836,174.64335948759432,657.7777484691261,237.3466565150374,273.0115576098311,HIT,True,1255.9611653392558
2026_07_21_gym,flight_96,30,0,600,ok,True,19,19,98.26788989194948,490.95652607404736,174.64335948759432,657.7777484691261,183.47352015302806,213.9536040323755,HIT,True,1249.9123754961447
2026_07_21_gym,flight_96,30,0,650,ok,True,20,20,125.05923393522822,570.9535447304783,174.64335948759432,657.7777484691261,99.98513820385024,118.06735551692672,HIT,True,1241.5025727198495
2026_07_21_gym,flight_96,30,0,700,ok,True,22,22,107.10115777752611,515.8969172984183,174.64335948759432,657.7777484691261,157.13726249853798,187.27044598410697,HIT,True,1247.617753260775
2026_07_21_gym,flight_96,30,0,750,ok,True,23,23,165.0802721857962,583.8939049162717,174.64335948759432,657.7777484691261,74.50016762990856,90.29808301785346,HIT,True,1237.912701558163
2026_07_21_gym,flight_96,30,0,800,ok,True,24,24,165.08690573144546,586.0999421105472,174.64335948759432,657.7777484691261,72.3120580039826,88.59472384521378,HIT,True,1238.5023968656176
2026_07_21_gym,flight_96,30,0,850,ok,True,25,25,206.23114367754337,585.8160488799941,174.64335948759432,657.7777484691261,78.58927609914262,91.61381944917507,HIT,True,1235.7660746508363
2026_07_21_gym,flight_96,30,0,900,ok,True,27,27,173.61895271860004,579.6719071957507,174.64335948759432,657.7777484691261,78.11255885099446,92.42040764240011,HIT,True,1238.2108130181186
2026_07_21_gym,flight_96,30,0,950,ok,True,28,28,244.9937497015126,615.814949699412,174.64335948759432,657.7777484691261,81.91491856699908,98.09171639020019,HIT,True,1231.9861749743113
2026_07_21_gym,flight_96,30,0,1000,ok,True,30,30,223.56537044308203,618.8512887066456,174.64335948759432,657.7777484691261,62.519056499349624,74.90185027751548,HIT,True,1232.0908100174588
2026_07_21_gym,flight_96,30,0,1050,ok,True,31,31,223.56537044317696,618.8512887115897,174.64335948759432,657.7777484691261,62.51905649634553,74.90185027362487,HIT,True,1232.090810016683
2026_07_21_gym,flight_96,30,0,1100,ok,True,33,33,156.63173717879025,632.9278286925165,174.64335948759432,657.7777484691261,30.69099299630007,27.425054195189812,HIT,True,1230.529070087681
2026_07_21_gym,flight_96,30,0,1150,ok,True,34,34,218.58931772996783,628.1171502975448,174.64335948759432,657.7777484691261,53.01884881564716,54.38729733399405,HIT,True,1231.1960107317373
2026_07_21_gym,flight_96,30,0,1200,ok,True,36,36,227.26623767417263,654.4371027287382,174.64335948759432,657.7777484691261,52.7288082797462,75.28922298329631,HIT,True,1228.3893833690631
2026_07_21_gym,flight_96,30,0,1250,ok,False,36,36,227.26623767417263,654.4371027287382,174.64335948759432,657.7777484691261,52.7288082797462,75.28922298329631,HIT,True,1228.3893833690631
2026_07_21_gym,flight_98,30,0,150,not_fit_eligible,True,4,4,,,,,,,,,
2026_07_21_gym,flight_98,30,0,200,not_fit_eligible,True,6,6,,,,,,,,,
2026_07_21_gym,flight_98,30,0,250,not_fit_eligible,True,7,7,,,,,,,,,
2026_07_21_gym,flight_98,30,0,300,fit_failed,True,9,9,,,,,,,,,
2026_07_21_gym,flight_98,30,0,350,ok,True,10,10,599.6581674390105,702.6834134419013,485.24432711820543,810.1315281783558,156.9573961856305,141.7361216268733,HIT,True,1249.0667822873643
2026_07_21_gym,flight_98,30,0,400,ok,True,12,12,554.6883970664727,749.8579739370257,485.24432711820543,810.1315281783558,91.95314128327753,93.87882360715943,HIT,True,1248.2097759043652
2026_07_21_gym,flight_98,30,0,450,ok,True,13,13,548.2526918685393,770.569529234631,485.24432711820543,810.1315281783558,74.3989636280936,53.88234699356959,HIT,True,1237.0564315023714
2026_07_21_gym,flight_98,30,0,490,ok,True,14,14,490.31398049182343,753.6723138954729,485.24432711820543,810.1315281783558,56.68636752138134,36.11401189658189,HIT,True,1238.6877431154278
2026_07_21_gym,flight_98,30,0,500,ok,True,15,15,470.66816047312636,792.5144907869031,485.24432711820543,810.1315281783558,22.865358963221116,12.01861433258535,HIT,True,1237.9021926691873
2026_07_21_gym,flight_98,30,0,550,ok,True,16,16,475.4300718612631,784.9458382205365,485.24432711820543,810.1315281783558,27.03032713268223,15.818578438367897,HIT,True,1237.1208131221329
2026_07_21_gym,flight_98,30,0,600,ok,True,18,18,429.0213798102828,823.2171533713578,485.24432711820543,810.1315281783558,57.72567358360728,59.10453905922838,HIT,True,1236.4195232174864
2026_07_21_gym,flight_98,30,0,650,ok,True,19,19,435.9612335454986,802.6946599608947,485.24432711820543,810.1315281783558,49.84105056055762,54.66086487869198,HIT,True,1238.9069094958215
2026_07_21_gym,flight_98,30,0,700,ok,True,21,21,516.4336070651199,757.2733854988428,485.24432711820543,810.1315281783558,61.37389046764716,54.918751063476265,HIT,True,1243.0957853819004
2026_07_21_gym,flight_98,30,0,750,ok,True,22,22,512.3764518420328,798.8597826056825,485.24432711820543,810.1315281783558,29.380341051192765,21.73721718387738,HIT,True,1238.579517136791
2026_07_21_gym,flight_98,30,0,800,ok,True,24,24,502.4224208214981,799.0552697520992,485.24432711820543,810.1315281783558,20.439432575400023,12.870293432728946,HIT,True,1238.4318665424066
2026_07_21_gym,flight_98,30,0,850,ok,True,25,25,465.26829580649996,833.3097517722102,485.24432711820543,810.1315281783558,30.598560030382945,38.57773004049173,HIT,True,1235.851954458922
2026_07_21_gym,flight_98,30,0,900,ok,True,27,27,493.4204137034839,786.6967178174935,485.24432711820543,810.1315281783558,24.820127487576418,16.491876804183377,HIT,True,1240.3695398056898
2026_07_21_gym,flight_98,30,0,950,ok,True,28,28,465.3024600530169,831.2934891244137,485.24432711820543,810.1315281783558,29.077597100313,41.94948322128517,HIT,True,1235.7976369123
2026_07_21_gym,flight_98,30,0,1000,ok,True,30,30,480.8447410467593,815.137491587638,485.24432711820543,810.1315281783558,6.664535036680021,19.56285806889136,HIT,True,1237.073077646541
2026_07_21_gym,flight_98,30,0,1050,ok,True,31,31,478.54469742823284,814.420028878613,485.24432711820543,810.1315281783558,7.954638661741293,16.187466135402758,HIT,True,1237.7291079879478
2026_07_21_gym,flight_98,30,0,1100,ok,True,33,33,484.7378543406306,812.9611279126775,485.24432711820543,810.1315281783558,2.8745694166079914,12.618787500055282,HIT,True,1237.1441663908488
2026_07_21_gym,flight_98,30,0,1150,ok,True,34,34,494.2983742314802,803.3539361941063,485.24432711820543,810.1315281783558,11.309797621282266,9.106974986496791,HIT,True,1238.7117218683727
2026_07_21_gym,flight_98,30,0,1200,ok,True,36,36,498.2663048162922,813.0869971825953,485.24432711820543,810.1315281783558,13.353153193328117,19.916123619305655,HIT,True,1238.1938000966177
2026_07_21_gym,flight_98,30,0,1250,ok,True,37,37,496.0808158674064,815.1039580125769,485.24432711820543,810.1315281783558,11.922858166891478,18.596573273808072,HIT,True,1238.2895533712763
