session,flight,N,lead_time_ms,error_mm,status,reason
2026_07_21_gym,flight_1,3,1465.38,6233.9597,ok,
2026_07_21_gym,flight_1,4,1448.73,322.3504,ok,
2026_07_21_gym,flight_1,5,1432.08,459.4833,ok,
2026_07_21_gym,flight_1,6,1415.42,764.3783,ok,
2026_07_21_gym,flight_1,7,1398.77,1431.5106,ok,
2026_07_21_gym,flight_1,8,1382.12,1500.4571,ok,
2026_07_21_gym,flight_1,9,1365.47,574.5672,ok,
2026_07_21_gym,flight_1,10,1348.82,889.1216,ok,
2026_07_21_gym,flight_1,11,1332.16,722.9503,ok,
2026_07_21_gym,flight_1,12,1315.51,598.3285,ok,
2026_07_21_gym,flight_1,13,1298.86,565.2189,ok,
2026_07_21_gym,flight_1,14,1282.21,475.2758,ok,
2026_07_21_gym,flight_1,15,1265.56,409.3241,ok,
2026_07_21_gym,flight_1,16,1248.90,531.6635,ok,
2026_07_21_gym,flight_1,17,1232.25,343.7642,ok,
2026_07_21_gym,flight_1,18,1215.60,218.3152,ok,
2026_07_21_gym,flight_1,19,1198.95,256.9554,ok,
2026_07_21_gym,flight_1,20,1182.29,177.0733,ok,
2026_07_21_gym,flight_1,21,1165.64,164.6667,ok,
2026_07_21_gym,flight_1,22,1148.99,282.7682,ok,
2026_07_21_gym,flight_1,23,1132.34,189.1331,ok,
2026_07_21_gym,flight_1,24,1115.69,173.8330,ok,
2026_07_21_gym,flight_1,25,1099.03,172.1701,ok,
2026_07_21_gym,flight_1,26,1082.38,141.3958,ok,
2026_07_21_gym,flight_1,27,1065.73,132.7117,ok,
2026_07_21_gym,flight_1,28,1049.08,164.7603,ok,
2026_07_21_gym,flight_1,29,1032.43,106.6414,ok,
2026_07_21_gym,flight_1,30,1015.77,86.4138,ok,
2026_07_21_gym,flight_1,31,999.12,74.5485,ok,
2026_07_21_gym,flight_1,32,982.47,75.6406,ok,
2026_07_21_gym,flight_1,33,965.82,75.7624,ok,
2026_07_21_gym,flight_1,34,949.17,76.3338,ok,
2026_07_21_gym,flight_1,35,932.51,71.7213,ok,
2026_07_21_gym,flight_1,36,915.86,65.9086,ok,
2026_07_21_gym,flight_1,37,899.21,77.0987,ok,
2026_07_21_gym,flight_1,38,882.56,83.8625,ok,
2026_07_21_gym,flight_1,39,865.91,84.1329,ok,
2026_07_21_gym,flight_1,40,849.25,69.7830,ok,
2026_07_21_gym,flight_1,41,832.60,45.4004,ok,
2026_07_21_gym,flight_1,42,815.95,39.0024,ok,
2026_07_21_gym,flight_1,43,799.30,40.8631,ok,
2026_07_21_gym,flight_1,44,782.65,31.9079,ok,
2026_07_21_gym,flight_1,45,765.99,30.9821,ok,
2026_07_21_gym,flight_1,46,749.34,47.8624,ok,
2026_07_21_gym,flight_1,47,732.69,59.9211,ok,
2026_07_21_gym,flight_1,48,716.04,46.8329,ok,
2026_07_21_gym,flight_1,49,699.39,28.1801,ok,
2026_07_21_gym,flight_1,50,682.73,22.3817,ok,
2026_07_21_gym,flight_1,51,666.08,15.8624,ok,
2026_07_21_gym,flight_1,52,649.43,18.2989,ok,
2026_07_21_gym,flight_1,53,632.78,25.6632,ok,
2026_07_21_gym,flight_1,54,616.13,17.3954,ok,
2026_07_21_gym,flight_1,55,599.47,14.2209,ok,
2026_07_21_gym,flight_1,56,582.82,15.2338,ok,
2026_07_21_gym,flight_1,57,566.17,21.5359,ok,
2026_07_21_gym,flight_1,58,549.52,22.7426,ok,
2026_07_21_gym,flight_1,59,532.87,17.1801,ok,
2026_07_21_gym,flight_1,60,516.21,17.3468,ok,
2026_07_21_gym,flight_1,61,499.56,30.3897,ok,
2026_07_21_gym,flight_1,62,482.91,34.6514,ok,
2026_07_21_gym,flight_1,63,466.26,27.7744,ok,
2026_07_21_gym,flight_1,64,449.61,25.1705,ok,
2026_07_21_gym,flight_1,65,432.95,26.0701,ok,
2026_07_21_gym,flight_1,66,416.30,30.6337,ok,
2026_07_21_gym,flight_1,67,399.65,31.2610,ok,
2026_07_21_gym,flight_1,68,383.00,28.1638,ok,
2026_07_21_gym,flight_1,69,366.35,25.4021,ok,
2026_07_21_gym,flight_1,70,349.69,27.6035,ok,
2026_07_21_gym,flight_1,71,333.04,28.2277,ok,
2026_07_21_gym,flight_1,72,316.39,20.6313,ok,
2026_07_21_gym,flight_1,73,299.74,21.3294,ok,
2026_07_21_gym,flight_1,74,283.09,19.1410,ok,
2026_07_21_gym,flight_1,75,249.78,19.6500,ok,
2026_07_21_gym,flight_1,76,233.13,20.3291,ok,
2026_07_21_gym,flight_1,77,199.83,20.4939,ok,
2026_07_21_gym,flight_1,78,183.17,20.3134,ok,
2026_07_21_gym,flight_1,79,149.87,23.7543,ok,
2026_07_21_gym,flight_1,80,133.21,28.2835,ok,
2026_07_21_gym,flight_1,81,116.56,29.4377,ok,
2026_07_21_gym,flight_1,82,99.91,33.7815,ok,
2026_07_21_gym,flight_1,83,83.26,37.5375,ok,
2026_07_21_gym,flight_1,84,66.61,41.4325,ok,
2026_07_21_gym,flight_1,85,49.96,45.4498,ok,
2026_07_21_gym,flight_1,86,33.30,51.6323,ok,
2026_07_21_gym,flight_2,3,466.26,756.7500,ok,
2026_07_21_gym,flight_2,4,449.61,403.1356,ok,
2026_07_21_gym,flight_2,5,432.95,236.2010,ok,
2026_07_21_gym,flight_2,6,416.30,277.9178,ok,
2026_07_21_gym,flight_2,7,399.65,222.5444,ok,
2026_07_21_gym,flight_2,8,383.00,126.3482,ok,
2026_07_21_gym,flight_2,9,366.35,142.0810,ok,
2026_07_21_gym,flight_2,10,349.69,147.3867,ok,
2026_07_21_gym,flight_2,11,333.04,137.7137,ok,
2026_07_21_gym,flight_2,12,316.39,149.9361,ok,
2026_07_21_gym,flight_2,13,299.74,178.9906,ok,
2026_07_21_gym,flight_2,14,283.09,156.5725,ok,
2026_07_21_gym,flight_2,15,266.43,156.1856,ok,
2026_07_21_gym,flight_2,16,249.78,135.4167,ok,
2026_07_21_gym,flight_2,17,233.13,104.9900,ok,
2026_07_21_gym,flight_2,18,216.48,99.2824,ok,
2026_07_21_gym,flight_2,19,199.82,91.5581,ok,
2026_07_21_gym,flight_2,20,183.17,96.5106,ok,
2026_07_21_gym,flight_2,21,166.52,89.1919,ok,
2026_07_21_gym,flight_2,22,133.22,89.5102,ok,
2026_07_21_gym,flight_2,23,116.56,88.3797,ok,
2026_07_21_gym,flight_2,24,99.91,78.4486,ok,
2026_07_21_gym,flight_2,25,83.26,90.7135,ok,
2026_07_21_gym,flight_2,26,66.61,91.3440,ok,
2026_07_21_gym,flight_2,27,49.96,94.1435,ok,
2026_07_21_gym,flight_2,28,33.30,88.6732,ok,
2026_07_21_gym,flight_2,29,16.65,74.1951,ok,
2026_07_21_gym,flight_3,3,632.78,1025.7204,ok,
2026_07_21_gym,flight_3,4,616.13,1192.0241,ok,
2026_07_21_gym,flight_3,5,599.47,1014.5884,ok,
2026_07_21_gym,flight_3,6,582.82,810.5850,ok,
2026_07_21_gym,flight_3,7,566.17,663.7540,ok,
2026_07_21_gym,flight_3,8,549.52,552.6486,ok,
2026_07_21_gym,flight_3,9,532.87,470.2728,ok,
2026_07_21_gym,flight_3,10,516.21,399.1307,ok,
2026_07_21_gym,flight_3,11,499.56,348.3227,ok,
2026_07_21_gym,flight_3,12,482.91,284.1043,ok,
2026_07_21_gym,flight_3,13,466.26,256.3725,ok,
2026_07_21_gym,flight_3,14,449.61,245.8406,ok,
2026_07_21_gym,flight_3,15,432.95,189.2019,ok,
2026_07_21_gym,flight_3,16,416.30,106.3199,ok,
2026_07_21_gym,flight_3,17,399.65,92.3672,ok,
2026_07_21_gym,flight_3,18,383.00,84.3489,ok,
2026_07_21_gym,flight_3,19,366.35,78.1161,ok,
2026_07_21_gym,flight_3,20,333.04,79.1331,ok,
2026_07_21_gym,flight_3,21,316.39,62.4721,ok,
2026_07_21_gym,flight_3,22,299.74,43.8948,ok,
2026_07_21_gym,flight_3,23,283.08,42.9727,ok,
2026_07_21_gym,flight_3,24,266.43,40.9795,ok,
2026_07_21_gym,flight_3,25,249.78,50.3733,ok,
2026_07_21_gym,flight_3,26,233.13,52.5863,ok,
2026_07_21_gym,flight_3,27,216.48,75.0446,ok,
2026_07_21_gym,flight_3,28,199.82,60.3813,ok,
2026_07_21_gym,flight_3,29,183.17,48.2065,ok,
2026_07_21_gym,flight_3,30,166.52,41.6522,ok,
2026_07_21_gym,flight_3,31,133.22,38.4153,ok,
2026_07_21_gym,flight_3,32,116.56,29.2002,ok,
2026_07_21_gym,flight_3,33,99.91,26.5096,ok,
2026_07_21_gym,flight_3,34,83.26,22.9398,ok,
2026_07_21_gym,flight_3,35,66.61,23.2998,ok,
2026_07_21_gym,flight_3,36,49.96,30.4375,ok,
2026_07_21_gym,flight_3,37,33.30,27.2352,ok,
2026_07_21_gym,flight_3,38,16.65,26.5853,ok,
2026_07_21_gym,flight_4,3,532.87,2108.0292,ok,
2026_07_21_gym,flight_4,4,516.21,570.2992,ok,
2026_07_21_gym,flight_4,5,499.56,1368.4265,ok,
2026_07_21_gym,flight_4,6,482.91,1483.2589,ok,
2026_07_21_gym,flight_4,7,466.26,1385.6010,ok,
2026_07_21_gym,flight_4,8,449.61,1203.7160,ok,
2026_07_21_gym,flight_4,9,432.95,894.6420,ok,
2026_07_21_gym,flight_4,10,416.30,662.5648,ok,
2026_07_21_gym,flight_4,11,399.65,544.8095,ok,
2026_07_21_gym,flight_4,12,383.00,393.3092,ok,
2026_07_21_gym,flight_4,13,366.35,359.1643,ok,
2026_07_21_gym,flight_4,14,349.69,321.2613,ok,
2026_07_21_gym,flight_4,15,333.04,251.7957,ok,
2026_07_21_gym,flight_4,16,316.39,231.2539,ok,
2026_07_21_gym,flight_4,17,299.74,200.2811,ok,
2026_07_21_gym,flight_4,18,283.08,181.2626,ok,
2026_07_21_gym,flight_4,19,266.43,174.4798,ok,
2026_07_21_gym,flight_4,20,249.78,181.2212,ok,
2026_07_21_gym,flight_4,21,233.13,95.5066,ok,
2026_07_21_gym,flight_4,22,216.48,76.6486,ok,
2026_07_21_gym,flight_4,23,199.82,84.9928,ok,
2026_07_21_gym,flight_4,24,183.17,72.9917,ok,
2026_07_21_gym,flight_4,25,166.52,48.4981,ok,
2026_07_21_gym,flight_4,26,149.87,58.2137,ok,
2026_07_21_gym,flight_4,27,133.21,61.2158,ok,
2026_07_21_gym,flight_4,28,116.56,68.6572,ok,
2026_07_21_gym,flight_4,29,99.91,63.0549,ok,
2026_07_21_gym,flight_4,30,83.26,56.8530,ok,
2026_07_21_gym,flight_4,31,66.61,50.4128,ok,
2026_07_21_gym,flight_4,32,49.93,42.4772,ok,
2026_07_21_gym,flight_4,33,33.30,63.2218,ok,
2026_07_21_gym,flight_4,34,16.65,57.2534,ok,
2026_07_21_gym,flight_5,3,549.52,1316.7801,ok,
2026_07_21_gym,flight_5,4,532.87,684.9695,ok,
2026_07_21_gym,flight_5,5,516.22,567.0837,ok,
2026_07_21_gym,flight_5,6,499.56,378.0255,ok,
2026_07_21_gym,flight_5,7,482.91,386.7341,ok,
2026_07_21_gym,flight_5,8,466.26,231.5435,ok,
2026_07_21_gym,flight_5,9,449.61,265.1674,ok,
2026_07_21_gym,flight_5,10,432.95,197.6793,ok,
2026_07_21_gym,flight_5,11,416.30,158.6549,ok,
2026_07_21_gym,flight_5,12,399.65,153.3183,ok,
2026_07_21_gym,flight_5,13,383.00,101.4894,ok,
2026_07_21_gym,flight_5,14,366.35,92.7148,ok,
2026_07_21_gym,flight_5,15,349.69,78.1935,ok,
2026_07_21_gym,flight_5,16,333.04,52.0496,ok,
2026_07_21_gym,flight_5,17,316.39,31.4594,ok,
2026_07_21_gym,flight_5,18,299.74,29.9229,ok,
2026_07_21_gym,flight_5,19,283.09,26.6084,ok,
2026_07_21_gym,flight_5,20,266.43,36.3141,ok,
2026_07_21_gym,flight_5,21,249.78,54.9079,ok,
2026_07_21_gym,flight_5,22,233.13,44.9164,ok,
2026_07_21_gym,flight_5,23,216.48,40.3271,ok,
2026_07_21_gym,flight_5,24,199.83,44.5184,ok,
2026_07_21_gym,flight_5,25,183.17,41.2081,ok,
2026_07_21_gym,flight_5,26,166.52,47.0068,ok,
2026_07_21_gym,flight_5,27,149.87,58.1656,ok,
2026_07_21_gym,flight_5,28,133.22,58.6901,ok,
2026_07_21_gym,flight_5,29,116.56,74.6982,ok,
2026_07_21_gym,flight_5,30,99.91,63.2437,ok,
2026_07_21_gym,flight_5,31,83.26,54.6095,ok,
2026_07_21_gym,flight_5,32,66.61,59.2977,ok,
2026_07_21_gym,flight_5,33,49.96,60.8587,ok,
2026_07_21_gym,flight_5,34,33.30,63.2203,ok,
2026_07_21_gym,flight_5,35,16.65,49.5361,ok,
2026_07_21_gym,flight_6,3,649.43,1302.5734,ok,
2026_07_21_gym,flight_6,4,632.78,462.4248,ok,
2026_07_21_gym,flight_6,5,616.13,189.0898,ok,
2026_07_21_gym,flight_6,6,599.48,365.6185,ok,
2026_07_21_gym,flight_6,7,582.82,339.8127,ok,
2026_07_21_gym,flight_6,8,566.17,182.5509,ok,
2026_07_21_gym,flight_6,9,549.52,198.3187,ok,
2026_07_21_gym,flight_6,10,532.87,393.5481,ok,
2026_07_21_gym,flight_6,11,516.22,667.2297,ok,
2026_07_21_gym,flight_6,12,499.56,725.6760,ok,
2026_07_21_gym,flight_6,13,482.91,628.5872,ok,
2026_07_21_gym,flight_6,14,466.26,525.6439,ok,
2026_07_21_gym,flight_6,15,449.61,443.5036,ok,
2026_07_21_gym,flight_6,16,432.96,398.2545,ok,
2026_07_21_gym,flight_6,17,416.30,291.6419,ok,
2026_07_21_gym,flight_6,18,399.65,262.1335,ok,
2026_07_21_gym,flight_6,19,383.00,190.1870,ok,
2026_07_21_gym,flight_6,20,366.35,153.0474,ok,
2026_07_21_gym,flight_6,21,349.70,126.2164,ok,
2026_07_21_gym,flight_6,22,333.04,74.6126,ok,
2026_07_21_gym,flight_6,23,316.39,50.2408,ok,
2026_07_21_gym,flight_6,24,299.74,41.9337,ok,
2026_07_21_gym,flight_6,25,283.09,52.2706,ok,
2026_07_21_gym,flight_6,26,266.44,64.0276,ok,
2026_07_21_gym,flight_6,27,249.78,62.1945,ok,
2026_07_21_gym,flight_6,28,233.13,89.5433,ok,
2026_07_21_gym,flight_6,29,216.48,71.6592,ok,
2026_07_21_gym,flight_6,30,199.83,69.6832,ok,
2026_07_21_gym,flight_6,31,183.17,98.8650,ok,
2026_07_21_gym,flight_6,32,166.52,99.4632,ok,
2026_07_21_gym,flight_6,33,149.87,100.2962,ok,
2026_07_21_gym,flight_6,34,133.21,87.7195,ok,
2026_07_21_gym,flight_6,35,116.57,83.1212,ok,
2026_07_21_gym,flight_6,36,99.91,76.6679,ok,
2026_07_21_gym,flight_6,37,83.26,78.9298,ok,
2026_07_21_gym,flight_6,38,66.61,71.5888,ok,
2026_07_21_gym,flight_6,39,49.96,69.0240,ok,
2026_07_21_gym,flight_6,40,33.30,67.2397,ok,
2026_07_21_gym,flight_6,41,16.65,63.7469,ok,
2026_07_21_gym,flight_7,3,416.30,125.9286,ok,
2026_07_21_gym,flight_7,4,399.65,100.9514,ok,
2026_07_21_gym,flight_7,5,383.00,563.5052,ok,
2026_07_21_gym,flight_7,6,366.34,606.0313,ok,
2026_07_21_gym,flight_7,7,349.69,300.0078,ok,
2026_07_21_gym,flight_7,8,333.04,383.4150,ok,
2026_07_21_gym,flight_7,9,316.39,304.5544,ok,
2026_07_21_gym,flight_7,10,299.74,186.6415,ok,
2026_07_21_gym,flight_7,11,283.08,238.3104,ok,
2026_07_21_gym,flight_7,12,266.43,180.2912,ok,
2026_07_21_gym,flight_7,13,249.78,187.3094,ok,
2026_07_21_gym,flight_7,14,233.13,195.2685,ok,
2026_07_21_gym,flight_7,15,216.48,208.1768,ok,
2026_07_21_gym,flight_7,16,199.82,203.3796,ok,
2026_07_21_gym,flight_7,17,183.17,147.3531,ok,
2026_07_21_gym,flight_7,18,166.52,114.9945,ok,
2026_07_21_gym,flight_7,19,149.87,92.2663,ok,
2026_07_21_gym,flight_7,20,133.22,81.5514,ok,
2026_07_21_gym,flight_7,21,116.56,104.1173,ok,
2026_07_21_gym,flight_7,22,99.91,120.2648,ok,
2026_07_21_gym,flight_7,23,83.26,101.0474,ok,
2026_07_21_gym,flight_7,24,66.61,81.9341,ok,
2026_07_21_gym,flight_7,25,49.96,72.0567,ok,
2026_07_21_gym,flight_7,26,33.30,57.9055,ok,
2026_07_21_gym,flight_7,27,16.65,49.2656,ok,
2026_07_21_gym,flight_8,3,549.52,2548.5287,ok,
2026_07_21_gym,flight_8,4,532.86,1528.0748,ok,
2026_07_21_gym,flight_8,5,516.21,1600.5217,ok,
2026_07_21_gym,flight_8,6,499.56,1603.9752,ok,
2026_07_21_gym,flight_8,7,482.91,1359.8238,ok,
2026_07_21_gym,flight_8,8,466.26,922.6916,ok,
2026_07_21_gym,flight_8,9,449.61,523.4483,ok,
2026_07_21_gym,flight_8,10,432.95,269.9763,ok,
2026_07_21_gym,flight_8,11,416.30,149.4993,ok,
2026_07_21_gym,flight_8,12,399.65,106.4831,ok,
2026_07_21_gym,flight_8,13,383.00,118.9154,ok,
2026_07_21_gym,flight_8,14,366.35,121.9900,ok,
2026_07_21_gym,flight_8,15,349.69,117.8800,ok,
2026_07_21_gym,flight_8,16,333.04,115.4715,ok,
2026_07_21_gym,flight_8,17,316.39,99.0121,ok,
2026_07_21_gym,flight_8,18,299.74,85.4129,ok,
2026_07_21_gym,flight_8,19,283.09,83.0488,ok,
2026_07_21_gym,flight_8,20,266.43,80.0003,ok,
2026_07_21_gym,flight_8,21,249.78,88.3707,ok,
2026_07_21_gym,flight_8,22,233.13,88.7671,ok,
2026_07_21_gym,flight_8,23,216.48,79.4939,ok,
2026_07_21_gym,flight_8,24,199.82,82.8509,ok,
2026_07_21_gym,flight_8,25,183.17,80.1203,ok,
2026_07_21_gym,flight_8,26,166.52,79.2766,ok,
2026_07_21_gym,flight_8,27,149.87,76.1351,ok,
2026_07_21_gym,flight_8,28,133.22,71.3972,ok,
2026_07_21_gym,flight_8,29,116.56,66.0108,ok,
2026_07_21_gym,flight_8,30,99.91,66.0127,ok,
2026_07_21_gym,flight_8,31,83.26,56.3958,ok,
2026_07_21_gym,flight_8,32,66.61,51.4636,ok,
2026_07_21_gym,flight_8,33,49.96,45.4644,ok,
2026_07_21_gym,flight_8,34,33.30,44.2972,ok,
2026_07_21_gym,flight_8,35,16.65,40.9897,ok,
2026_07_21_gym,flight_9,3,632.78,573.5708,ok,
2026_07_21_gym,flight_9,4,616.13,546.1618,ok,
2026_07_21_gym,flight_9,5,599.47,499.1036,ok,
2026_07_21_gym,flight_9,6,582.82,419.9828,ok,
2026_07_21_gym,flight_9,7,566.17,211.6037,ok,
2026_07_21_gym,flight_9,8,549.52,180.1366,ok,
2026_07_21_gym,flight_9,9,532.87,158.4374,ok,
2026_07_21_gym,flight_9,10,516.21,133.7863,ok,
2026_07_21_gym,flight_9,11,499.56,100.6314,ok,
2026_07_21_gym,flight_9,12,482.91,98.7620,ok,
2026_07_21_gym,flight_9,13,466.26,100.1643,ok,
2026_07_21_gym,flight_9,14,449.60,109.6089,ok,
2026_07_21_gym,flight_9,15,432.95,110.4810,ok,
2026_07_21_gym,flight_9,16,416.30,110.1918,ok,
2026_07_21_gym,flight_9,17,399.65,102.1615,ok,
2026_07_21_gym,flight_9,18,383.00,117.5871,ok,
2026_07_21_gym,flight_9,19,366.34,109.6169,ok,
2026_07_21_gym,flight_9,20,349.69,106.0811,ok,
2026_07_21_gym,flight_9,21,333.04,103.0657,ok,
2026_07_21_gym,flight_9,22,316.39,91.0136,ok,
2026_07_21_gym,flight_9,23,299.74,78.2774,ok,
2026_07_21_gym,flight_9,24,283.08,74.1536,ok,
2026_07_21_gym,flight_9,25,266.43,69.2296,ok,
2026_07_21_gym,flight_9,26,249.78,70.9685,ok,
2026_07_21_gym,flight_9,27,233.13,65.9349,ok,
2026_07_21_gym,flight_9,28,216.48,63.3310,ok,
2026_07_21_gym,flight_9,29,199.82,58.7451,ok,
2026_07_21_gym,flight_9,30,183.17,56.9799,ok,
2026_07_21_gym,flight_9,31,166.52,55.9798,ok,
2026_07_21_gym,flight_9,32,149.87,56.1988,ok,
2026_07_21_gym,flight_9,33,133.22,53.5262,ok,
2026_07_21_gym,flight_9,34,116.56,50.1372,ok,
2026_07_21_gym,flight_9,35,99.91,48.7079,ok,
2026_07_21_gym,flight_9,36,83.26,48.1931,ok,
2026_07_21_gym,flight_9,37,66.61,47.8771,ok,
2026_07_21_gym,flight_9,38,49.95,58.2359,ok,
2026_07_21_gym,flight_9,39,33.30,62.7757,ok,
2026_07_21_gym,flight_9,40,16.65,59.8069,ok,
2026_07_21_gym,flight_10,3,499.56,1046.2308,ok,
2026_07_21_gym,flight_10,4,482.91,633.9379,ok,
2026_07_21_gym,flight_10,5,466.26,749.1714,ok,
2026_07_21_gym,flight_10,6,449.61,1176.8792,ok,
2026_07_21_gym,flight_10,7,432.95,658.4145,ok,
2026_07_21_gym,flight_10,8,416.30,431.4716,ok,
2026_07_21_gym,flight_10,9,399.65,219.2580,ok,
2026_07_21_gym,flight_10,10,383.00,155.8069,ok,
2026_07_21_gym,flight_10,11,366.35,86.4988,ok,
2026_07_21_gym,flight_10,12,349.69,46.9638,ok,
2026_07_21_gym,flight_10,13,333.04,43.7159,ok,
2026_07_21_gym,flight_10,14,316.39,52.6220,ok,
2026_07_21_gym,flight_10,15,299.74,43.0259,ok,
2026_07_21_gym,flight_10,16,283.09,57.0407,ok,
2026_07_21_gym,flight_10,17,266.43,124.2563,ok,
2026_07_21_gym,flight_10,18,249.78,66.0813,ok,
2026_07_21_gym,flight_10,19,233.13,56.2276,ok,
2026_07_21_gym,flight_10,20,216.48,62.4778,ok,
2026_07_21_gym,flight_10,21,199.82,79.3291,ok,
2026_07_21_gym,flight_10,22,183.17,67.8680,ok,
2026_07_21_gym,flight_10,23,166.52,57.4109,ok,
2026_07_21_gym,flight_10,24,149.87,55.9183,ok,
2026_07_21_gym,flight_10,25,133.22,55.0888,ok,
2026_07_21_gym,flight_10,26,116.56,46.5600,ok,
2026_07_21_gym,flight_10,27,99.91,45.5906,ok,
2026_07_21_gym,flight_10,28,83.26,40.8645,ok,
2026_07_21_gym,flight_10,29,66.61,45.0647,ok,
2026_07_21_gym,flight_10,30,49.96,42.7253,ok,
2026_07_21_gym,flight_10,31,33.30,34.9934,ok,
2026_07_21_gym,flight_10,32,16.65,30.0691,ok,
2026_07_21_gym,flight_11,3,882.56,1733.8405,ok,
2026_07_21_gym,flight_11,4,865.91,996.0816,ok,
2026_07_21_gym,flight_11,5,849.25,977.0645,ok,
2026_07_21_gym,flight_11,6,832.60,427.6083,ok,
2026_07_21_gym,flight_11,7,815.95,286.4130,ok,
2026_07_21_gym,flight_11,8,799.30,152.5834,ok,
2026_07_21_gym,flight_11,9,782.65,223.3447,ok,
2026_07_21_gym,flight_11,10,765.99,204.7045,ok,
2026_07_21_gym,flight_11,11,749.34,218.3047,ok,
2026_07_21_gym,flight_11,12,732.69,200.5013,ok,
2026_07_21_gym,flight_11,13,716.04,138.5658,ok,
2026_07_21_gym,flight_11,14,699.39,150.3050,ok,
2026_07_21_gym,flight_11,15,682.73,249.8993,ok,
2026_07_21_gym,flight_11,16,666.08,178.7305,ok,
2026_07_21_gym,flight_11,17,649.43,192.2844,ok,
2026_07_21_gym,flight_11,18,632.78,187.7739,ok,
2026_07_21_gym,flight_11,19,616.13,178.7644,ok,
2026_07_21_gym,flight_11,20,599.47,191.3058,ok,
2026_07_21_gym,flight_11,21,582.82,224.7693,ok,
2026_07_21_gym,flight_11,22,566.17,217.3635,ok,
2026_07_21_gym,flight_11,23,549.52,220.0469,ok,
2026_07_21_gym,flight_11,24,532.87,226.1566,ok,
2026_07_21_gym,flight_11,25,516.21,239.0747,ok,
2026_07_21_gym,flight_11,26,499.56,256.5325,ok,
2026_07_21_gym,flight_11,27,482.91,278.9971,ok,
2026_07_21_gym,flight_11,28,466.26,281.4458,ok,
2026_07_21_gym,flight_11,29,449.61,274.0416,ok,
2026_07_21_gym,flight_11,30,432.95,265.3254,ok,
2026_07_21_gym,flight_11,31,416.30,250.5580,ok,
2026_07_21_gym,flight_11,32,399.65,221.2828,ok,
2026_07_21_gym,flight_11,33,383.00,197.8866,ok,
2026_07_21_gym,flight_11,34,366.35,181.7787,ok,
2026_07_21_gym,flight_11,35,349.69,183.6341,ok,
2026_07_21_gym,flight_11,36,333.04,163.5108,ok,
2026_07_21_gym,flight_11,37,316.39,159.4936,ok,
2026_07_21_gym,flight_11,38,299.74,149.3204,ok,
2026_07_21_gym,flight_11,39,283.09,141.6002,ok,
2026_07_21_gym,flight_11,40,266.43,151.0379,ok,
2026_07_21_gym,flight_11,41,249.78,154.4125,ok,
2026_07_21_gym,flight_11,42,233.13,143.3009,ok,
2026_07_21_gym,flight_11,43,216.48,135.5913,ok,
2026_07_21_gym,flight_11,44,199.83,120.9806,ok,
2026_07_21_gym,flight_11,45,183.17,112.6399,ok,
2026_07_21_gym,flight_11,46,166.52,108.2361,ok,
2026_07_21_gym,flight_11,47,149.87,105.2414,ok,
2026_07_21_gym,flight_11,48,133.22,103.6997,ok,
2026_07_21_gym,flight_11,49,116.57,103.5752,ok,
2026_07_21_gym,flight_11,50,83.26,102.4217,ok,
2026_07_21_gym,flight_11,51,66.61,89.7214,ok,
2026_07_21_gym,flight_11,52,49.96,77.4297,ok,
2026_07_21_gym,flight_11,53,33.30,69.2060,ok,
2026_07_21_gym,flight_11,54,16.65,65.4056,ok,
2026_07_21_gym,flight_12,3,649.43,191.2969,ok,
2026_07_21_gym,flight_12,4,632.78,880.3944,ok,
2026_07_21_gym,flight_12,5,616.13,885.1939,ok,
2026_07_21_gym,flight_12,6,599.47,521.3333,ok,
2026_07_21_gym,flight_12,7,582.82,394.7510,ok,
2026_07_21_gym,flight_12,8,566.17,216.9921,ok,
2026_07_21_gym,flight_12,9,549.52,165.2977,ok,
2026_07_21_gym,flight_12,10,532.87,141.8345,ok,
2026_07_21_gym,flight_12,11,516.21,96.9587,ok,
2026_07_21_gym,flight_12,12,499.56,85.1831,ok,
2026_07_21_gym,flight_12,13,482.91,96.5843,ok,
2026_07_21_gym,flight_12,14,466.26,119.1782,ok,
2026_07_21_gym,flight_12,15,449.61,96.7478,ok,
2026_07_21_gym,flight_12,16,432.95,100.0742,ok,
2026_07_21_gym,flight_12,17,416.30,84.3587,ok,
2026_07_21_gym,flight_12,18,399.65,63.2930,ok,
2026_07_21_gym,flight_12,19,383.00,83.8092,ok,
2026_07_21_gym,flight_12,20,366.35,74.3461,ok,
2026_07_21_gym,flight_12,21,349.69,66.8421,ok,
2026_07_21_gym,flight_12,22,333.04,68.8778,ok,
2026_07_21_gym,flight_12,23,316.39,50.5770,ok,
2026_07_21_gym,flight_12,24,299.74,57.2699,ok,
2026_07_21_gym,flight_12,25,283.09,70.7519,ok,
2026_07_21_gym,flight_12,26,266.43,79.6281,ok,
2026_07_21_gym,flight_12,27,249.78,82.7326,ok,
2026_07_21_gym,flight_12,28,233.13,73.9305,ok,
2026_07_21_gym,flight_12,29,216.48,75.6175,ok,
2026_07_21_gym,flight_12,30,199.83,79.7766,ok,
2026_07_21_gym,flight_12,31,183.17,93.0759,ok,
2026_07_21_gym,flight_12,32,166.52,102.3372,ok,
2026_07_21_gym,flight_12,33,149.87,96.4223,ok,
2026_07_21_gym,flight_12,34,133.22,94.1948,ok,
2026_07_21_gym,flight_12,35,116.56,92.7789,ok,
2026_07_21_gym,flight_12,36,99.91,84.7572,ok,
2026_07_21_gym,flight_12,37,83.26,80.7933,ok,
2026_07_21_gym,flight_12,38,66.61,73.1651,ok,
2026_07_21_gym,flight_12,39,49.96,67.5550,ok,
2026_07_21_gym,flight_12,40,33.30,70.6080,ok,
2026_07_21_gym,flight_12,41,16.65,58.7257,ok,
2026_07_21_gym,flight_13,3,732.69,2739.5609,ok,
2026_07_21_gym,flight_13,4,716.04,663.0467,ok,
2026_07_21_gym,flight_13,5,699.39,520.8696,ok,
2026_07_21_gym,flight_13,6,682.73,838.9992,ok,
2026_07_21_gym,flight_13,7,666.08,857.7065,ok,
2026_07_21_gym,flight_13,8,649.43,1312.4606,ok,
2026_07_21_gym,flight_13,9,632.78,777.8607,ok,
2026_07_21_gym,flight_13,10,616.13,474.1669,ok,
2026_07_21_gym,flight_13,11,599.47,338.1465,ok,
2026_07_21_gym,flight_13,12,582.82,182.5737,ok,
2026_07_21_gym,flight_13,13,566.17,84.2476,ok,
2026_07_21_gym,flight_13,14,549.52,64.6213,ok,
2026_07_21_gym,flight_13,15,532.87,54.8842,ok,
2026_07_21_gym,flight_13,16,516.21,56.6663,ok,
2026_07_21_gym,flight_13,17,499.56,57.1917,ok,
2026_07_21_gym,flight_13,18,482.91,71.5060,ok,
2026_07_21_gym,flight_13,19,466.26,70.2449,ok,
2026_07_21_gym,flight_13,20,449.60,115.0620,ok,
2026_07_21_gym,flight_13,21,432.95,131.1941,ok,
2026_07_21_gym,flight_13,22,416.30,115.8300,ok,
2026_07_21_gym,flight_13,23,399.65,101.3848,ok,
2026_07_21_gym,flight_13,24,383.00,98.3232,ok,
2026_07_21_gym,flight_13,25,366.34,102.9582,ok,
2026_07_21_gym,flight_13,26,349.69,98.1657,ok,
2026_07_21_gym,flight_13,27,333.04,96.5184,ok,
2026_07_21_gym,flight_13,28,316.39,102.3356,ok,
2026_07_21_gym,flight_13,29,299.74,116.2181,ok,
2026_07_21_gym,flight_13,30,283.08,106.9106,ok,
2026_07_21_gym,flight_13,31,266.43,102.9576,ok,
2026_07_21_gym,flight_13,32,249.78,101.1275,ok,
2026_07_21_gym,flight_13,33,233.13,92.0423,ok,
2026_07_21_gym,flight_13,34,216.48,84.1199,ok,
2026_07_21_gym,flight_13,35,199.82,80.4426,ok,
2026_07_21_gym,flight_13,36,183.17,79.3069,ok,
2026_07_21_gym,flight_13,37,166.52,80.7332,ok,
2026_07_21_gym,flight_13,38,149.87,79.6264,ok,
2026_07_21_gym,flight_13,39,133.22,79.0128,ok,
2026_07_21_gym,flight_13,40,116.56,80.6011,ok,
2026_07_21_gym,flight_13,41,99.91,81.4433,ok,
2026_07_21_gym,flight_13,42,83.26,78.0842,ok,
2026_07_21_gym,flight_13,43,66.61,79.4679,ok,
2026_07_21_gym,flight_13,44,49.96,80.5924,ok,
2026_07_21_gym,flight_13,45,33.30,71.4179,ok,
2026_07_21_gym,flight_13,46,16.65,67.8196,ok,
2026_07_21_gym,flight_14,3,599.47,1180.5858,ok,
2026_07_21_gym,flight_14,4,582.82,567.4253,ok,
2026_07_21_gym,flight_14,5,566.17,561.8980,ok,
2026_07_21_gym,flight_14,6,549.52,468.7594,ok,
2026_07_21_gym,flight_14,7,532.87,267.0394,ok,
2026_07_21_gym,flight_14,8,516.21,181.5212,ok,
2026_07_21_gym,flight_14,9,499.56,170.7486,ok,
2026_07_21_gym,flight_14,10,482.91,109.2410,ok,
2026_07_21_gym,flight_14,11,466.26,59.9105,ok,
2026_07_21_gym,flight_14,12,449.61,81.4335,ok,
2026_07_21_gym,flight_14,13,432.95,76.2568,ok,
2026_07_21_gym,flight_14,14,416.30,83.4909,ok,
2026_07_21_gym,flight_14,15,399.65,53.9140,ok,
2026_07_21_gym,flight_14,16,383.00,37.2051,ok,
2026_07_21_gym,flight_14,17,366.34,39.7178,ok,
2026_07_21_gym,flight_14,18,349.69,49.4998,ok,
2026_07_21_gym,flight_14,19,333.04,50.8376,ok,
2026_07_21_gym,flight_14,20,316.39,46.2862,ok,
2026_07_21_gym,flight_14,21,299.74,45.4648,ok,
2026_07_21_gym,flight_14,22,283.08,48.4338,ok,
2026_07_21_gym,flight_14,23,266.43,52.1424,ok,
2026_07_21_gym,flight_14,24,249.78,54.5725,ok,
2026_07_21_gym,flight_14,25,233.13,55.9760,ok,
2026_07_21_gym,flight_14,26,216.48,55.5691,ok,
2026_07_21_gym,flight_14,27,199.82,57.8717,ok,
2026_07_21_gym,flight_14,28,183.17,54.0351,ok,
2026_07_21_gym,flight_14,29,166.52,54.0535,ok,
2026_07_21_gym,flight_14,30,149.87,62.5604,ok,
2026_07_21_gym,flight_14,31,133.22,66.8759,ok,
2026_07_21_gym,flight_14,32,116.56,64.0386,ok,
2026_07_21_gym,flight_14,33,99.91,73.2333,ok,
2026_07_21_gym,flight_14,34,83.26,77.0485,ok,
2026_07_21_gym,flight_14,35,66.61,76.7742,ok,
2026_07_21_gym,flight_14,36,49.96,72.0310,ok,
2026_07_21_gym,flight_14,37,33.30,72.3690,ok,
2026_07_21_gym,flight_14,38,16.65,68.3342,ok,
2026_07_21_gym,flight_15,3,849.25,776.4596,ok,
2026_07_21_gym,flight_15,4,832.60,288.6116,ok,
2026_07_21_gym,flight_15,5,815.95,184.7777,ok,
2026_07_21_gym,flight_15,6,799.30,99.9535,ok,
2026_07_21_gym,flight_15,7,782.64,333.8444,ok,
2026_07_21_gym,flight_15,8,765.99,281.8716,ok,
2026_07_21_gym,flight_15,9,749.34,260.3384,ok,
2026_07_21_gym,flight_15,10,732.69,112.7094,ok,
2026_07_21_gym,flight_15,11,716.04,113.3500,ok,
2026_07_21_gym,flight_15,12,699.39,131.9403,ok,
2026_07_21_gym,flight_15,13,682.73,169.6152,ok,
2026_07_21_gym,flight_15,14,666.08,169.0790,ok,
2026_07_21_gym,flight_15,15,649.43,165.9029,ok,
2026_07_21_gym,flight_15,16,632.78,162.4926,ok,
2026_07_21_gym,flight_15,17,616.12,167.6887,ok,
2026_07_21_gym,flight_15,18,599.47,164.0082,ok,
2026_07_21_gym,flight_15,19,582.82,156.4746,ok,
2026_07_21_gym,flight_15,20,566.17,153.1295,ok,
2026_07_21_gym,flight_15,21,549.52,140.3374,ok,
2026_07_21_gym,flight_15,22,532.87,143.2863,ok,
2026_07_21_gym,flight_15,23,516.21,140.8454,ok,
2026_07_21_gym,flight_15,24,499.56,133.0840,ok,
2026_07_21_gym,flight_15,25,482.91,127.4806,ok,
2026_07_21_gym,flight_15,26,466.26,123.7329,ok,
2026_07_21_gym,flight_15,27,449.60,116.2126,ok,
2026_07_21_gym,flight_15,28,432.95,125.4455,ok,
2026_07_21_gym,flight_15,29,416.30,141.8304,ok,
2026_07_21_gym,flight_15,30,399.65,175.7065,ok,
2026_07_21_gym,flight_15,31,383.00,211.9026,ok,
2026_07_21_gym,flight_15,32,366.35,235.1038,ok,
2026_07_21_gym,flight_15,33,349.69,217.9778,ok,
2026_07_21_gym,flight_15,34,333.04,203.5658,ok,
2026_07_21_gym,flight_15,35,316.39,187.0438,ok,
2026_07_21_gym,flight_15,36,299.74,177.6006,ok,
2026_07_21_gym,flight_15,37,283.09,144.2298,ok,
2026_07_21_gym,flight_15,38,266.43,121.1864,ok,
2026_07_21_gym,flight_15,39,249.78,109.6879,ok,
2026_07_21_gym,flight_15,40,233.13,119.9995,ok,
2026_07_21_gym,flight_15,41,216.48,138.1342,ok,
2026_07_21_gym,flight_15,42,199.83,152.9686,ok,
2026_07_21_gym,flight_15,43,183.17,151.4876,ok,
2026_07_21_gym,flight_15,44,166.52,141.4260,ok,
2026_07_21_gym,flight_15,45,149.87,131.2372,ok,
2026_07_21_gym,flight_15,46,133.22,143.0430,ok,
2026_07_21_gym,flight_15,47,116.56,155.7518,ok,
2026_07_21_gym,flight_15,48,99.91,144.5135,ok,
2026_07_21_gym,flight_15,49,83.26,145.3002,ok,
2026_07_21_gym,flight_15,50,66.61,143.5310,ok,
2026_07_21_gym,flight_15,51,49.96,134.3497,ok,
2026_07_21_gym,flight_15,52,33.30,127.0376,ok,
2026_07_21_gym,flight_15,53,16.65,119.7305,ok,
2026_07_21_gym,flight_16,3,549.52,2494.6462,ok,
2026_07_21_gym,flight_16,4,532.87,3474.1287,ok,
2026_07_21_gym,flight_16,5,516.21,1860.0436,ok,
2026_07_21_gym,flight_16,6,499.56,1030.7563,ok,
2026_07_21_gym,flight_16,7,482.91,460.8979,ok,
2026_07_21_gym,flight_16,8,466.26,74.0016,ok,
2026_07_21_gym,flight_16,9,449.61,115.1465,ok,
2026_07_21_gym,flight_16,10,432.95,162.4634,ok,
2026_07_21_gym,flight_16,11,416.30,226.4848,ok,
2026_07_21_gym,flight_16,12,399.65,231.1457,ok,
2026_07_21_gym,flight_16,13,383.00,188.8724,ok,
2026_07_21_gym,flight_16,14,366.35,183.8025,ok,
2026_07_21_gym,flight_16,15,349.69,212.2057,ok,
2026_07_21_gym,flight_16,16,333.04,183.4295,ok,
2026_07_21_gym,flight_16,17,316.39,174.9949,ok,
2026_07_21_gym,flight_16,18,299.74,166.5462,ok,
2026_07_21_gym,flight_16,19,283.09,167.4228,ok,
2026_07_21_gym,flight_16,20,266.43,182.0305,ok,
2026_07_21_gym,flight_16,21,249.78,173.8820,ok,
2026_07_21_gym,flight_16,22,233.13,193.9981,ok,
2026_07_21_gym,flight_16,23,216.48,178.9374,ok,
2026_07_21_gym,flight_16,24,199.82,192.2096,ok,
2026_07_21_gym,flight_16,25,183.17,199.9762,ok,
2026_07_21_gym,flight_16,26,166.52,184.7807,ok,
2026_07_21_gym,flight_16,27,149.87,153.6003,ok,
2026_07_21_gym,flight_16,28,133.22,110.8860,ok,
2026_07_21_gym,flight_16,29,116.57,114.1416,ok,
2026_07_21_gym,flight_16,30,99.91,107.9857,ok,
2026_07_21_gym,flight_16,31,83.26,99.3348,ok,
2026_07_21_gym,flight_16,32,66.61,90.7342,ok,
2026_07_21_gym,flight_16,33,49.96,68.1795,ok,
2026_07_21_gym,flight_16,34,33.30,64.6315,ok,
2026_07_21_gym,flight_16,35,16.65,63.1242,ok,
2026_07_21_gym,flight_17,3,266.43,141.0877,ok,
2026_07_21_gym,flight_17,4,249.78,672.6608,ok,
2026_07_21_gym,flight_17,5,233.13,531.0394,ok,
2026_07_21_gym,flight_17,6,216.48,390.1875,ok,
2026_07_21_gym,flight_17,7,199.83,416.6729,ok,
2026_07_21_gym,flight_17,8,183.17,279.3087,ok,
2026_07_21_gym,flight_17,9,166.52,69.9312,ok,
2026_07_21_gym,flight_17,10,149.87,67.0442,ok,
2026_07_21_gym,flight_17,11,133.22,70.5879,ok,
2026_07_21_gym,flight_17,12,116.56,64.8020,ok,
2026_07_21_gym,flight_17,13,99.91,44.1501,ok,
2026_07_21_gym,flight_17,14,83.26,63.9464,ok,
2026_07_21_gym,flight_17,15,66.61,62.2267,ok,
2026_07_21_gym,flight_17,16,49.96,77.3698,ok,
2026_07_21_gym,flight_17,17,33.30,88.6022,ok,
2026_07_21_gym,flight_17,18,16.65,94.4118,ok,
2026_07_21_gym,flight_18,3,1032.43,3174.0424,ok,
2026_07_21_gym,flight_18,4,1015.77,1312.0409,ok,
2026_07_21_gym,flight_18,5,999.12,2995.2650,ok,
2026_07_21_gym,flight_18,6,982.47,2190.9552,ok,
2026_07_21_gym,flight_18,7,965.82,440.3715,ok,
2026_07_21_gym,flight_18,8,949.17,130.7944,ok,
2026_07_21_gym,flight_18,9,932.51,609.5448,ok,
2026_07_21_gym,flight_18,10,915.86,493.1875,ok,
2026_07_21_gym,flight_18,11,899.21,228.9139,ok,
2026_07_21_gym,flight_18,12,882.56,151.5284,ok,
2026_07_21_gym,flight_18,13,865.91,268.9040,ok,
2026_07_21_gym,flight_18,14,849.25,197.9238,ok,
2026_07_21_gym,flight_18,15,832.60,325.7121,ok,
2026_07_21_gym,flight_18,16,815.95,295.0949,ok,
2026_07_21_gym,flight_18,17,799.30,245.9483,ok,
2026_07_21_gym,flight_18,18,782.65,329.2693,ok,
2026_07_21_gym,flight_18,19,765.99,312.2858,ok,
2026_07_21_gym,flight_18,20,749.34,295.9983,ok,
2026_07_21_gym,flight_18,21,732.69,286.4205,ok,
2026_07_21_gym,flight_18,22,716.04,162.2332,ok,
2026_07_21_gym,flight_18,23,699.39,157.0599,ok,
2026_07_21_gym,flight_18,24,682.73,133.7966,ok,
2026_07_21_gym,flight_18,25,666.08,77.4879,ok,
2026_07_21_gym,flight_18,26,649.43,71.4016,ok,
2026_07_21_gym,flight_18,27,632.78,63.3380,ok,
2026_07_21_gym,flight_18,28,616.13,42.5108,ok,
2026_07_21_gym,flight_18,29,599.47,39.1036,ok,
2026_07_21_gym,flight_18,30,582.82,40.3992,ok,
2026_07_21_gym,flight_18,31,566.17,39.3326,ok,
2026_07_21_gym,flight_18,32,549.52,42.9491,ok,
2026_07_21_gym,flight_18,33,532.86,41.6946,ok,
2026_07_21_gym,flight_18,34,516.21,59.0095,ok,
2026_07_21_gym,flight_18,35,499.56,50.0010,ok,
2026_07_21_gym,flight_18,36,482.91,45.8186,ok,
2026_07_21_gym,flight_18,37,466.26,53.1137,ok,
2026_07_21_gym,flight_18,38,449.60,54.6501,ok,
2026_07_21_gym,flight_18,39,432.95,55.4531,ok,
2026_07_21_gym,flight_18,40,416.30,56.2548,ok,
2026_07_21_gym,flight_18,41,399.65,57.7414,ok,
2026_07_21_gym,flight_18,42,383.00,62.3809,ok,
2026_07_21_gym,flight_18,43,366.35,66.3708,ok,
2026_07_21_gym,flight_18,44,349.69,63.5515,ok,
2026_07_21_gym,flight_18,45,333.04,67.8087,ok,
2026_07_21_gym,flight_18,46,316.39,67.3595,ok,
2026_07_21_gym,flight_18,47,299.74,59.8445,ok,
2026_07_21_gym,flight_18,48,283.08,69.3562,ok,
2026_07_21_gym,flight_18,49,266.43,64.9203,ok,
2026_07_21_gym,flight_18,50,249.78,62.2868,ok,
2026_07_21_gym,flight_18,51,233.13,61.1188,ok,
2026_07_21_gym,flight_18,52,216.48,60.7593,ok,
2026_07_21_gym,flight_18,53,199.82,54.7232,ok,
2026_07_21_gym,flight_18,54,166.52,37.4152,ok,
2026_07_21_gym,flight_18,55,149.87,43.1567,ok,
2026_07_21_gym,flight_18,56,133.22,44.0324,ok,
2026_07_21_gym,flight_18,57,116.56,57.1289,ok,
2026_07_21_gym,flight_18,58,99.91,61.4866,ok,
2026_07_21_gym,flight_18,59,83.26,53.0540,ok,
2026_07_21_gym,flight_18,60,66.61,49.0819,ok,
2026_07_21_gym,flight_18,61,49.96,48.2491,ok,
2026_07_21_gym,flight_18,62,33.30,46.8096,ok,
2026_07_21_gym,flight_18,63,16.65,47.1623,ok,
2026_07_21_gym,flight_19,3,949.17,4319.8223,ok,
2026_07_21_gym,flight_19,4,932.51,420.3475,ok,
2026_07_21_gym,flight_19,5,915.86,1331.5868,ok,
2026_07_21_gym,flight_19,6,899.21,853.9659,ok,
2026_07_21_gym,flight_19,7,882.56,865.4451,ok,
2026_07_21_gym,flight_19,8,865.91,463.4451,ok,
2026_07_21_gym,flight_19,9,849.25,253.2610,ok,
2026_07_21_gym,flight_19,10,832.60,281.0550,ok,
2026_07_21_gym,flight_19,11,815.95,333.9986,ok,
2026_07_21_gym,flight_19,12,799.30,233.4356,ok,
2026_07_21_gym,flight_19,13,782.64,156.9834,ok,
2026_07_21_gym,flight_19,14,765.99,85.4376,ok,
2026_07_21_gym,flight_19,15,749.34,67.8602,ok,
2026_07_21_gym,flight_19,16,732.69,130.1044,ok,
2026_07_21_gym,flight_19,17,716.03,144.9239,ok,
2026_07_21_gym,flight_19,18,699.39,110.8495,ok,
2026_07_21_gym,flight_19,19,682.73,161.4764,ok,
2026_07_21_gym,flight_19,20,666.08,263.1936,ok,
2026_07_21_gym,flight_19,21,649.43,259.8299,ok,
2026_07_21_gym,flight_19,22,632.78,215.2081,ok,
2026_07_21_gym,flight_19,23,616.13,188.9733,ok,
2026_07_21_gym,flight_19,24,599.47,143.4971,ok,
2026_07_21_gym,flight_19,25,582.82,88.8930,ok,
2026_07_21_gym,flight_19,26,566.17,80.5166,ok,
2026_07_21_gym,flight_19,27,549.52,83.5331,ok,
2026_07_21_gym,flight_19,28,532.86,68.9133,ok,
2026_07_21_gym,flight_19,29,516.21,64.0620,ok,
2026_07_21_gym,flight_19,30,499.56,61.4594,ok,
2026_07_21_gym,flight_19,31,482.91,60.3345,ok,
2026_07_21_gym,flight_19,32,466.26,64.1362,ok,
2026_07_21_gym,flight_19,33,449.61,62.9095,ok,
2026_07_21_gym,flight_19,34,432.95,61.6217,ok,
2026_07_21_gym,flight_19,35,416.30,65.7868,ok,
2026_07_21_gym,flight_19,36,399.65,66.3882,ok,
2026_07_21_gym,flight_19,37,383.00,65.7217,ok,
2026_07_21_gym,flight_19,38,366.35,80.7379,ok,
2026_07_21_gym,flight_19,39,349.69,78.6112,ok,
2026_07_21_gym,flight_19,40,333.04,71.5815,ok,
2026_07_21_gym,flight_19,41,316.39,73.1002,ok,
2026_07_21_gym,flight_19,42,299.74,76.2453,ok,
2026_07_21_gym,flight_19,43,283.09,71.2855,ok,
2026_07_21_gym,flight_19,44,266.43,64.9254,ok,
2026_07_21_gym,flight_19,45,249.78,64.5760,ok,
2026_07_21_gym,flight_19,46,233.13,67.2822,ok,
2026_07_21_gym,flight_19,47,216.48,72.6652,ok,
2026_07_21_gym,flight_19,48,199.82,68.1001,ok,
2026_07_21_gym,flight_19,49,183.17,65.6379,ok,
2026_07_21_gym,flight_19,50,166.52,71.0237,ok,
2026_07_21_gym,flight_19,51,149.87,67.4649,ok,
2026_07_21_gym,flight_19,52,133.21,66.6906,ok,
2026_07_21_gym,flight_19,53,116.56,74.0266,ok,
2026_07_21_gym,flight_19,54,99.91,71.9708,ok,
2026_07_21_gym,flight_19,55,83.26,69.8039,ok,
2026_07_21_gym,flight_19,56,66.61,67.5484,ok,
2026_07_21_gym,flight_19,57,49.96,66.3537,ok,
2026_07_21_gym,flight_19,58,33.30,63.5520,ok,
2026_07_21_gym,flight_19,59,16.65,63.8097,ok,
2026_07_21_gym,flight_20,3,782.65,2866.9469,ok,
2026_07_21_gym,flight_20,4,765.99,2132.4315,ok,
2026_07_21_gym,flight_20,5,749.34,1319.8742,ok,
2026_07_21_gym,flight_20,6,732.69,914.1936,ok,
2026_07_21_gym,flight_20,7,716.04,1191.0732,ok,
2026_07_21_gym,flight_20,8,699.38,985.6835,ok,
2026_07_21_gym,flight_20,9,682.73,690.9689,ok,
2026_07_21_gym,flight_20,10,666.08,486.2628,ok,
2026_07_21_gym,flight_20,11,649.43,353.3181,ok,
2026_07_21_gym,flight_20,12,632.78,374.9697,ok,
2026_07_21_gym,flight_20,13,616.13,318.8953,ok,
2026_07_21_gym,flight_20,14,599.47,253.1135,ok,
2026_07_21_gym,flight_20,15,582.82,169.6312,ok,
2026_07_21_gym,flight_20,16,566.17,128.7684,ok,
2026_07_21_gym,flight_20,17,549.52,135.0680,ok,
2026_07_21_gym,flight_20,18,532.87,144.0972,ok,
2026_07_21_gym,flight_20,19,516.21,173.5085,ok,
2026_07_21_gym,flight_20,20,499.56,167.7681,ok,
2026_07_21_gym,flight_20,21,482.91,169.6100,ok,
2026_07_21_gym,flight_20,22,466.26,152.7310,ok,
2026_07_21_gym,flight_20,23,449.61,164.7455,ok,
2026_07_21_gym,flight_20,24,432.95,161.8305,ok,
2026_07_21_gym,flight_20,25,416.30,116.5100,ok,
2026_07_21_gym,flight_20,26,399.65,120.0992,ok,
2026_07_21_gym,flight_20,27,383.00,112.2626,ok,
2026_07_21_gym,flight_20,28,366.35,107.9352,ok,
2026_07_21_gym,flight_20,29,349.69,114.7553,ok,
2026_07_21_gym,flight_20,30,333.04,156.3767,ok,
2026_07_21_gym,flight_20,31,316.39,178.4104,ok,
2026_07_21_gym,flight_20,32,299.74,181.4058,ok,
2026_07_21_gym,flight_20,33,283.09,207.0058,ok,
2026_07_21_gym,flight_20,34,266.43,207.1701,ok,
2026_07_21_gym,flight_20,35,249.78,203.1929,ok,
2026_07_21_gym,flight_20,36,233.13,193.4805,ok,
2026_07_21_gym,flight_20,37,216.48,184.6020,ok,
2026_07_21_gym,flight_20,38,199.82,177.5989,ok,
2026_07_21_gym,flight_20,39,183.17,179.2153,ok,
2026_07_21_gym,flight_20,40,166.52,176.8175,ok,
2026_07_21_gym,flight_20,41,149.87,182.6132,ok,
2026_07_21_gym,flight_20,42,133.22,179.1800,ok,
2026_07_21_gym,flight_20,43,116.57,185.2869,ok,
2026_07_21_gym,flight_20,44,99.91,192.4946,ok,
2026_07_21_gym,flight_20,45,83.26,186.0487,ok,
2026_07_21_gym,flight_20,46,66.61,180.2524,ok,
2026_07_21_gym,flight_20,47,49.96,185.4672,ok,
2026_07_21_gym,flight_20,48,33.30,187.2439,ok,
2026_07_21_gym,flight_20,49,16.65,170.3779,ok,
2026_07_21_gym,flight_21,3,1348.81,3051.2440,ok,
2026_07_21_gym,flight_21,4,1332.16,6868.4956,ok,
2026_07_21_gym,flight_21,5,1315.51,4331.7965,ok,
2026_07_21_gym,flight_21,6,1298.86,3113.2118,ok,
2026_07_21_gym,flight_21,7,1282.21,1506.9346,ok,
2026_07_21_gym,flight_21,8,1265.56,1416.0410,ok,
2026_07_21_gym,flight_21,9,1248.90,900.3620,ok,
2026_07_21_gym,flight_21,10,1232.25,422.9914,ok,
2026_07_21_gym,flight_21,11,1215.60,536.6661,ok,
2026_07_21_gym,flight_21,12,1198.95,404.0209,ok,
2026_07_21_gym,flight_21,13,1182.29,417.4146,ok,
2026_07_21_gym,flight_21,14,1165.64,477.2210,ok,
2026_07_21_gym,flight_21,15,1148.99,457.6492,ok,
2026_07_21_gym,flight_21,16,1132.34,372.3590,ok,
2026_07_21_gym,flight_21,17,1115.69,390.7456,ok,
2026_07_21_gym,flight_21,18,1099.03,449.7917,ok,
2026_07_21_gym,flight_21,19,1082.38,428.5836,ok,
2026_07_21_gym,flight_21,20,1065.73,419.6309,ok,
2026_07_21_gym,flight_21,21,1049.08,405.6536,ok,
2026_07_21_gym,flight_21,22,1032.43,376.3913,ok,
2026_07_21_gym,flight_21,23,1015.77,361.1794,ok,
2026_07_21_gym,flight_21,24,999.12,335.8313,ok,
2026_07_21_gym,flight_21,25,982.47,295.3338,ok,
2026_07_21_gym,flight_21,26,965.82,316.9606,ok,
2026_07_21_gym,flight_21,27,949.17,289.6451,ok,
2026_07_21_gym,flight_21,28,932.51,256.0844,ok,
2026_07_21_gym,flight_21,29,915.86,296.0597,ok,
2026_07_21_gym,flight_21,30,899.21,283.9948,ok,
2026_07_21_gym,flight_21,31,882.56,262.2028,ok,
2026_07_21_gym,flight_21,32,865.91,262.8675,ok,
2026_07_21_gym,flight_21,33,849.25,243.7353,ok,
2026_07_21_gym,flight_21,34,832.60,221.9043,ok,
2026_07_21_gym,flight_21,35,815.95,222.1265,ok,
2026_07_21_gym,flight_21,36,799.30,215.8352,ok,
2026_07_21_gym,flight_21,37,782.64,201.7466,ok,
2026_07_21_gym,flight_21,38,765.99,198.1641,ok,
2026_07_21_gym,flight_21,39,749.34,188.7726,ok,
2026_07_21_gym,flight_21,40,732.69,176.6220,ok,
2026_07_21_gym,flight_21,41,716.04,166.1415,ok,
2026_07_21_gym,flight_21,42,699.38,159.9961,ok,
2026_07_21_gym,flight_21,43,682.73,156.6889,ok,
2026_07_21_gym,flight_21,44,666.08,166.1565,ok,
2026_07_21_gym,flight_21,45,649.43,164.3529,ok,
2026_07_21_gym,flight_21,46,632.78,163.4422,ok,
2026_07_21_gym,flight_21,47,616.12,159.1908,ok,
2026_07_21_gym,flight_21,48,599.47,155.7206,ok,
2026_07_21_gym,flight_21,49,566.17,121.9389,ok,
2026_07_21_gym,flight_21,50,549.52,105.9619,ok,
2026_07_21_gym,flight_21,51,532.86,102.1676,ok,
2026_07_21_gym,flight_21,52,516.21,102.5746,ok,
2026_07_21_gym,flight_21,53,499.56,98.9041,ok,
2026_07_21_gym,flight_21,54,482.91,97.0406,ok,
2026_07_21_gym,flight_21,55,466.26,88.4593,ok,
2026_07_21_gym,flight_21,56,449.60,87.1586,ok,
2026_07_21_gym,flight_21,57,432.95,89.6878,ok,
2026_07_21_gym,flight_21,58,416.30,89.2899,ok,
2026_07_21_gym,flight_21,59,399.65,88.2818,ok,
2026_07_21_gym,flight_21,60,383.00,94.6816,ok,
2026_07_21_gym,flight_21,61,366.34,97.9890,ok,
2026_07_21_gym,flight_21,62,349.69,94.9637,ok,
2026_07_21_gym,flight_21,63,316.39,95.6640,ok,
2026_07_21_gym,flight_21,64,299.74,97.5636,ok,
2026_07_21_gym,flight_21,65,283.08,96.3585,ok,
2026_07_21_gym,flight_21,66,266.43,97.6444,ok,
2026_07_21_gym,flight_21,67,249.78,121.6081,ok,
2026_07_21_gym,flight_21,68,233.13,112.8203,ok,
2026_07_21_gym,flight_21,69,216.48,103.3888,ok,
2026_07_21_gym,flight_21,70,199.82,97.9922,ok,
2026_07_21_gym,flight_21,71,183.17,92.9385,ok,
2026_07_21_gym,flight_21,72,166.52,86.1399,ok,
2026_07_21_gym,flight_21,73,149.87,89.7898,ok,
2026_07_21_gym,flight_21,74,133.21,83.1143,ok,
2026_07_21_gym,flight_21,75,116.56,75.5036,ok,
2026_07_21_gym,flight_21,76,99.91,71.8246,ok,
2026_07_21_gym,flight_21,77,83.26,68.7459,ok,
2026_07_21_gym,flight_21,78,66.61,65.3723,ok,
2026_07_21_gym,flight_21,79,49.95,74.0038,ok,
2026_07_21_gym,flight_21,80,33.30,80.4543,ok,
2026_07_21_gym,flight_21,81,16.65,72.3420,ok,
2026_07_21_gym,flight_22,3,1198.95,5670.2398,ok,
2026_07_21_gym,flight_22,4,1182.30,2349.5738,ok,
2026_07_21_gym,flight_22,5,1165.64,763.0430,ok,
2026_07_21_gym,flight_22,6,1148.99,1468.2156,ok,
2026_07_21_gym,flight_22,7,1132.34,1563.5301,ok,
2026_07_21_gym,flight_22,8,1115.69,1715.0502,ok,
2026_07_21_gym,flight_22,9,1099.03,1830.7190,ok,
2026_07_21_gym,flight_22,10,1082.38,1360.9251,ok,
2026_07_21_gym,flight_22,11,1065.73,983.8463,ok,
2026_07_21_gym,flight_22,12,1049.08,1002.7754,ok,
2026_07_21_gym,flight_22,13,1032.43,698.7850,ok,
2026_07_21_gym,flight_22,14,1015.78,504.3319,ok,
2026_07_21_gym,flight_22,15,999.12,389.5332,ok,
2026_07_21_gym,flight_22,16,982.47,351.3127,ok,
2026_07_21_gym,flight_22,17,965.82,343.0525,ok,
2026_07_21_gym,flight_22,18,949.17,322.7575,ok,
2026_07_21_gym,flight_22,19,932.51,281.8622,ok,
2026_07_21_gym,flight_22,20,915.86,268.9083,ok,
2026_07_21_gym,flight_22,21,899.21,290.7169,ok,
2026_07_21_gym,flight_22,22,882.56,203.0666,ok,
2026_07_21_gym,flight_22,23,865.91,203.4092,ok,
2026_07_21_gym,flight_22,24,849.25,183.2705,ok,
2026_07_21_gym,flight_22,25,815.95,379.9668,ok,
2026_07_21_gym,flight_22,26,799.30,336.9991,ok,
2026_07_21_gym,flight_22,27,782.65,291.0099,ok,
2026_07_21_gym,flight_22,28,765.99,246.7571,ok,
2026_07_21_gym,flight_22,29,749.34,229.4906,ok,
2026_07_21_gym,flight_22,30,732.69,202.7258,ok,
2026_07_21_gym,flight_22,31,716.04,189.1334,ok,
2026_07_21_gym,flight_22,32,699.39,182.1961,ok,
2026_07_21_gym,flight_22,33,682.73,168.8951,ok,
2026_07_21_gym,flight_22,34,666.08,157.3191,ok,
2026_07_21_gym,flight_22,35,649.43,151.1087,ok,
2026_07_21_gym,flight_22,36,632.78,148.5930,ok,
2026_07_21_gym,flight_22,37,616.13,146.5074,ok,
2026_07_21_gym,flight_22,38,599.47,144.0480,ok,
2026_07_21_gym,flight_22,39,582.82,129.1061,ok,
2026_07_21_gym,flight_22,40,566.17,115.4272,ok,
2026_07_21_gym,flight_22,41,549.52,106.1402,ok,
2026_07_21_gym,flight_22,42,532.87,102.5628,ok,
2026_07_21_gym,flight_22,43,516.21,119.7659,ok,
2026_07_21_gym,flight_22,44,482.91,128.2868,ok,
2026_07_21_gym,flight_22,45,466.26,133.2641,ok,
2026_07_21_gym,flight_22,46,449.61,105.1785,ok,
2026_07_21_gym,flight_22,47,432.95,135.6739,ok,
2026_07_21_gym,flight_22,48,416.30,131.9283,ok,
2026_07_21_gym,flight_22,49,399.65,126.2546,ok,
2026_07_21_gym,flight_22,50,383.00,120.4983,ok,
2026_07_21_gym,flight_22,51,366.34,121.7435,ok,
2026_07_21_gym,flight_22,52,349.69,123.0076,ok,
2026_07_21_gym,flight_22,53,333.04,121.0988,ok,
2026_07_21_gym,flight_22,54,316.39,115.3695,ok,
2026_07_21_gym,flight_22,55,299.74,106.4105,ok,
2026_07_21_gym,flight_22,56,283.09,102.6644,ok,
2026_07_21_gym,flight_22,57,266.43,99.8690,ok,
2026_07_21_gym,flight_22,58,249.78,100.9293,ok,
2026_07_21_gym,flight_22,59,233.13,87.5503,ok,
2026_07_21_gym,flight_22,60,216.48,95.3923,ok,
2026_07_21_gym,flight_22,61,199.82,91.7356,ok,
2026_07_21_gym,flight_22,62,183.17,91.5616,ok,
2026_07_21_gym,flight_22,63,166.52,88.5996,ok,
2026_07_21_gym,flight_22,64,149.87,95.9890,ok,
2026_07_21_gym,flight_22,65,133.22,116.3786,ok,
2026_07_21_gym,flight_22,66,116.56,128.3916,ok,
2026_07_21_gym,flight_22,67,99.91,127.5186,ok,
2026_07_21_gym,flight_22,68,83.26,121.8328,ok,
2026_07_21_gym,flight_22,69,66.61,111.3135,ok,
2026_07_21_gym,flight_22,70,49.96,106.2053,ok,
2026_07_21_gym,flight_22,71,33.30,101.7786,ok,
2026_07_21_gym,flight_22,72,16.65,98.7297,ok,
2026_07_21_gym,flight_23,3,1265.55,6914.9721,ok,
2026_07_21_gym,flight_23,4,1248.90,2052.7532,ok,
2026_07_21_gym,flight_23,5,1232.25,448.4213,ok,
2026_07_21_gym,flight_23,6,1215.60,632.1973,ok,
2026_07_21_gym,flight_23,7,1198.95,107.5085,ok,
2026_07_21_gym,flight_23,8,1182.29,420.3583,ok,
2026_07_21_gym,flight_23,9,1165.64,446.5665,ok,
2026_07_21_gym,flight_23,10,1148.99,420.7954,ok,
2026_07_21_gym,flight_23,11,1132.34,380.7096,ok,
2026_07_21_gym,flight_23,12,1115.68,353.3248,ok,
2026_07_21_gym,flight_23,13,1099.04,510.6965,ok,
2026_07_21_gym,flight_23,14,1082.38,504.7491,ok,
2026_07_21_gym,flight_23,15,1065.73,318.7634,ok,
2026_07_21_gym,flight_23,16,1049.08,346.0168,ok,
2026_07_21_gym,flight_23,17,1032.43,489.0765,ok,
2026_07_21_gym,flight_23,18,1015.77,458.3721,ok,
2026_07_21_gym,flight_23,19,999.12,494.0455,ok,
2026_07_21_gym,flight_23,20,982.47,454.0281,ok,
2026_07_21_gym,flight_23,21,965.82,422.5194,ok,
2026_07_21_gym,flight_23,22,949.16,378.8751,ok,
2026_07_21_gym,flight_23,23,932.51,353.5771,ok,
2026_07_21_gym,flight_23,24,915.86,340.3202,ok,
2026_07_21_gym,flight_23,25,899.21,320.9949,ok,
2026_07_21_gym,flight_23,26,882.56,318.7709,ok,
2026_07_21_gym,flight_23,27,865.91,288.1112,ok,
2026_07_21_gym,flight_23,28,849.25,342.9305,ok,
2026_07_21_gym,flight_23,29,832.60,335.4643,ok,
2026_07_21_gym,flight_23,30,815.95,323.8316,ok,
2026_07_21_gym,flight_23,31,799.30,313.9820,ok,
2026_07_21_gym,flight_23,32,782.64,296.2674,ok,
2026_07_21_gym,flight_23,33,765.99,273.1429,ok,
2026_07_21_gym,flight_23,34,749.34,267.9748,ok,
2026_07_21_gym,flight_23,35,732.69,264.2469,ok,
2026_07_21_gym,flight_23,36,716.04,248.1587,ok,
2026_07_21_gym,flight_23,37,699.38,247.7089,ok,
2026_07_21_gym,flight_23,38,682.73,265.6550,ok,
2026_07_21_gym,flight_23,39,666.08,263.1708,ok,
2026_07_21_gym,flight_23,40,649.43,257.3252,ok,
2026_07_21_gym,flight_23,41,632.78,251.3962,ok,
2026_07_21_gym,flight_23,42,616.12,241.4377,ok,
2026_07_21_gym,flight_23,43,599.47,248.7266,ok,
2026_07_21_gym,flight_23,44,582.82,249.1987,ok,
2026_07_21_gym,flight_23,45,566.17,250.6561,ok,
2026_07_21_gym,flight_23,46,549.51,235.2744,ok,
2026_07_21_gym,flight_23,47,532.86,228.2853,ok,
2026_07_21_gym,flight_23,48,516.21,224.8697,ok,
2026_07_21_gym,flight_23,49,499.56,230.5365,ok,
2026_07_21_gym,flight_23,50,482.90,235.6156,ok,
2026_07_21_gym,flight_23,51,466.26,238.4920,ok,
2026_07_21_gym,flight_23,52,449.60,242.5629,ok,
2026_07_21_gym,flight_23,53,432.95,239.6297,ok,
2026_07_21_gym,flight_23,54,416.30,228.4648,ok,
2026_07_21_gym,flight_23,55,399.65,213.7711,ok,
2026_07_21_gym,flight_23,56,382.99,206.3828,ok,
2026_07_21_gym,flight_23,57,366.34,211.7761,ok,
2026_07_21_gym,flight_23,58,349.69,221.8747,ok,
2026_07_21_gym,flight_23,59,333.04,219.6901,ok,
2026_07_21_gym,flight_23,60,316.39,217.1796,ok,
2026_07_21_gym,flight_23,61,299.74,209.2413,ok,
2026_07_21_gym,flight_23,62,283.08,210.7479,ok,
2026_07_21_gym,flight_23,63,266.43,200.9277,ok,
2026_07_21_gym,flight_23,64,233.13,198.2637,ok,
2026_07_21_gym,flight_23,65,216.47,202.4730,ok,
2026_07_21_gym,flight_23,66,199.83,206.4073,ok,
2026_07_21_gym,flight_23,67,183.17,199.9446,ok,
2026_07_21_gym,flight_23,68,166.52,196.1587,ok,
2026_07_21_gym,flight_23,69,149.86,180.9181,ok,
2026_07_21_gym,flight_23,70,133.22,179.7005,ok,
2026_07_21_gym,flight_23,71,116.56,176.2443,ok,
2026_07_21_gym,flight_23,72,99.91,173.2642,ok,
2026_07_21_gym,flight_23,73,83.26,176.1471,ok,
2026_07_21_gym,flight_23,74,66.61,171.6702,ok,
2026_07_21_gym,flight_23,75,49.95,166.2815,ok,
2026_07_21_gym,flight_23,76,33.30,161.0556,ok,
2026_07_21_gym,flight_23,77,16.65,171.1769,ok,
2026_07_21_gym,flight_24,3,1232.25,2121.4238,ok,
2026_07_21_gym,flight_24,4,1215.60,836.1755,ok,
2026_07_21_gym,flight_24,5,1198.95,929.6589,ok,
2026_07_21_gym,flight_24,6,1182.30,1655.1463,ok,
2026_07_21_gym,flight_24,7,1165.64,281.7927,ok,
2026_07_21_gym,flight_24,8,1148.99,255.4639,ok,
2026_07_21_gym,flight_24,9,1132.34,324.4918,ok,
2026_07_21_gym,flight_24,10,1115.69,611.3304,ok,
2026_07_21_gym,flight_24,11,1099.04,387.4336,ok,
2026_07_21_gym,flight_24,12,1082.38,452.9548,ok,
2026_07_21_gym,flight_24,13,1065.73,527.5914,ok,
2026_07_21_gym,flight_24,14,1049.08,325.0089,ok,
2026_07_21_gym,flight_24,15,1032.43,330.3631,ok,
2026_07_21_gym,flight_24,16,1015.77,431.3521,ok,
2026_07_21_gym,flight_24,17,999.12,254.5414,ok,
2026_07_21_gym,flight_24,18,982.47,239.3844,ok,
2026_07_21_gym,flight_24,19,965.82,249.4706,ok,
2026_07_21_gym,flight_24,20,949.17,232.7027,ok,
2026_07_21_gym,flight_24,21,932.51,258.3081,ok,
2026_07_21_gym,flight_24,22,915.86,293.5957,ok,
2026_07_21_gym,flight_24,23,899.21,235.9680,ok,
2026_07_21_gym,flight_24,24,882.55,233.8080,ok,
2026_07_21_gym,flight_24,25,865.91,389.8289,ok,
2026_07_21_gym,flight_24,26,849.25,332.3992,ok,
2026_07_21_gym,flight_24,27,832.60,307.2297,ok,
2026_07_21_gym,flight_24,28,815.95,286.8017,ok,
2026_07_21_gym,flight_24,29,799.30,251.2075,ok,
2026_07_21_gym,flight_24,30,782.65,327.8854,ok,
2026_07_21_gym,flight_24,31,765.99,301.1635,ok,
2026_07_21_gym,flight_24,32,749.34,271.3131,ok,
2026_07_21_gym,flight_24,33,732.69,248.8041,ok,
2026_07_21_gym,flight_24,34,716.03,229.3518,ok,
2026_07_21_gym,flight_24,35,699.38,226.6462,ok,
2026_07_21_gym,flight_24,36,682.73,222.8870,ok,
2026_07_21_gym,flight_24,37,666.08,219.5760,ok,
2026_07_21_gym,flight_24,38,649.42,194.4417,ok,
2026_07_21_gym,flight_24,39,632.78,176.7888,ok,
2026_07_21_gym,flight_24,40,616.12,163.3587,ok,
2026_07_21_gym,flight_24,41,599.47,149.9735,ok,
2026_07_21_gym,flight_24,42,582.82,139.7470,ok,
2026_07_21_gym,flight_24,43,566.17,138.7528,ok,
2026_07_21_gym,flight_24,44,549.51,189.5791,ok,
2026_07_21_gym,flight_24,45,532.87,164.5701,ok,
2026_07_21_gym,flight_24,46,516.21,165.4280,ok,
2026_07_21_gym,flight_24,47,499.56,165.6938,ok,
2026_07_21_gym,flight_24,48,482.91,154.1958,ok,
2026_07_21_gym,flight_24,49,466.26,138.5067,ok,
2026_07_21_gym,flight_24,50,449.61,137.9177,ok,
2026_07_21_gym,flight_24,51,432.95,135.1290,ok,
2026_07_21_gym,flight_24,52,416.30,123.2191,ok,
2026_07_21_gym,flight_24,53,399.65,117.7409,ok,
2026_07_21_gym,flight_24,54,383.00,118.1684,ok,
2026_07_21_gym,flight_24,55,366.35,124.2841,ok,
2026_07_21_gym,flight_24,56,349.69,124.7829,ok,
2026_07_21_gym,flight_24,57,333.04,117.5327,ok,
2026_07_21_gym,flight_24,58,316.39,105.5508,ok,
2026_07_21_gym,flight_24,59,299.74,98.1407,ok,
2026_07_21_gym,flight_24,60,283.08,107.4304,ok,
2026_07_21_gym,flight_24,61,266.43,105.3376,ok,
2026_07_21_gym,flight_24,62,249.78,104.3522,ok,
2026_07_21_gym,flight_24,63,233.13,115.6981,ok,
2026_07_21_gym,flight_24,64,216.48,111.1637,ok,
2026_07_21_gym,flight_24,65,199.83,109.2230,ok,
2026_07_21_gym,flight_24,66,183.17,103.3088,ok,
2026_07_21_gym,flight_24,67,166.52,100.3664,ok,
2026_07_21_gym,flight_24,68,149.87,95.0667,ok,
2026_07_21_gym,flight_24,69,133.22,91.1454,ok,
2026_07_21_gym,flight_24,70,116.56,87.5994,ok,
2026_07_21_gym,flight_24,71,99.91,85.9074,ok,
2026_07_21_gym,flight_24,72,83.26,79.0805,ok,
2026_07_21_gym,flight_24,73,66.61,78.3294,ok,
2026_07_21_gym,flight_24,74,49.96,75.1145,ok,
2026_07_21_gym,flight_24,75,33.31,85.7443,ok,
2026_07_21_gym,flight_24,76,16.65,82.4123,ok,
2026_07_21_gym,flight_25,3,1332.16,9361.7760,ok,
2026_07_21_gym,flight_25,4,1315.51,6947.0321,ok,
2026_07_21_gym,flight_25,5,1298.86,3030.9628,ok,
2026_07_21_gym,flight_25,6,1282.20,1184.5011,ok,
2026_07_21_gym,flight_25,7,1265.56,423.3491,ok,
2026_07_21_gym,flight_25,8,1248.90,458.0357,ok,
2026_07_21_gym,flight_25,9,1232.25,356.8012,ok,
2026_07_21_gym,flight_25,10,1215.60,458.0545,ok,
2026_07_21_gym,flight_25,11,1198.95,585.9862,ok,
2026_07_21_gym,flight_25,12,1182.29,263.2121,ok,
2026_07_21_gym,flight_25,13,1165.64,257.3252,ok,
2026_07_21_gym,flight_25,14,1148.99,315.1947,ok,
2026_07_21_gym,flight_25,15,1132.34,231.1872,ok,
2026_07_21_gym,flight_25,16,1115.68,201.8281,ok,
2026_07_21_gym,flight_25,17,1099.03,172.3139,ok,
2026_07_21_gym,flight_25,18,1082.38,167.7457,ok,
2026_07_21_gym,flight_25,19,1065.73,152.9010,ok,
2026_07_21_gym,flight_25,20,1049.08,157.7670,ok,
2026_07_21_gym,flight_25,21,1032.43,162.4930,ok,
2026_07_21_gym,flight_25,22,1015.77,142.9738,ok,
2026_07_21_gym,flight_25,23,999.12,139.3221,ok,
2026_07_21_gym,flight_25,24,982.47,131.4951,ok,
2026_07_21_gym,flight_25,25,965.82,128.8977,ok,
2026_07_21_gym,flight_25,26,949.16,126.8318,ok,
2026_07_21_gym,flight_25,27,932.51,128.2833,ok,
2026_07_21_gym,flight_25,28,915.86,142.0040,ok,
2026_07_21_gym,flight_25,29,899.21,129.0952,ok,
2026_07_21_gym,flight_25,30,882.55,113.5353,ok,
2026_07_21_gym,flight_25,31,865.91,109.5260,ok,
2026_07_21_gym,flight_25,32,849.25,92.5896,ok,
2026_07_21_gym,flight_25,33,832.60,92.8664,ok,
2026_07_21_gym,flight_25,34,815.95,97.3475,ok,
2026_07_21_gym,flight_25,35,799.30,96.7684,ok,
2026_07_21_gym,flight_25,36,782.64,95.2969,ok,
2026_07_21_gym,flight_25,37,765.99,95.2817,ok,
2026_07_21_gym,flight_25,38,749.34,115.1570,ok,
2026_07_21_gym,flight_25,39,732.69,145.0524,ok,
2026_07_21_gym,flight_25,40,716.03,120.6898,ok,
2026_07_21_gym,flight_25,41,699.38,123.6319,ok,
2026_07_21_gym,flight_25,42,682.73,128.8028,ok,
2026_07_21_gym,flight_25,43,666.08,116.2655,ok,
2026_07_21_gym,flight_25,44,649.43,96.0054,ok,
2026_07_21_gym,flight_25,45,632.78,87.8961,ok,
2026_07_21_gym,flight_25,46,616.12,82.5049,ok,
2026_07_21_gym,flight_25,47,599.47,81.7458,ok,
2026_07_21_gym,flight_25,48,582.82,77.1606,ok,
2026_07_21_gym,flight_25,49,566.17,70.7073,ok,
2026_07_21_gym,flight_25,50,549.51,81.1629,ok,
2026_07_21_gym,flight_25,51,532.87,77.1482,ok,
2026_07_21_gym,flight_25,52,516.21,69.3373,ok,
2026_07_21_gym,flight_25,53,499.56,70.1163,ok,
2026_07_21_gym,flight_25,54,482.91,65.1934,ok,
2026_07_21_gym,flight_25,55,466.26,67.8669,ok,
2026_07_21_gym,flight_25,56,449.60,68.6294,ok,
2026_07_21_gym,flight_25,57,432.95,65.3160,ok,
2026_07_21_gym,flight_25,58,416.30,80.8548,ok,
2026_07_21_gym,flight_25,59,399.65,59.1764,ok,
2026_07_21_gym,flight_25,60,382.99,51.5654,ok,
2026_07_21_gym,flight_25,61,366.35,54.5241,ok,
2026_07_21_gym,flight_25,62,349.69,59.1811,ok,
2026_07_21_gym,flight_25,63,333.04,62.7747,ok,
2026_07_21_gym,flight_25,64,316.39,55.0116,ok,
2026_07_21_gym,flight_25,65,299.74,51.8938,ok,
2026_07_21_gym,flight_25,66,283.08,41.4558,ok,
2026_07_21_gym,flight_25,67,266.43,39.1394,ok,
2026_07_21_gym,flight_25,68,233.13,42.0363,ok,
2026_07_21_gym,flight_25,69,216.47,38.9100,ok,
2026_07_21_gym,flight_25,70,199.82,40.7716,ok,
2026_07_21_gym,flight_25,71,183.17,43.4253,ok,
2026_07_21_gym,flight_25,72,166.52,52.0097,ok,
2026_07_21_gym,flight_25,73,149.87,46.6282,ok,
2026_07_21_gym,flight_25,74,133.22,44.4691,ok,
2026_07_21_gym,flight_25,75,116.56,39.6198,ok,
2026_07_21_gym,flight_25,76,99.91,46.4961,ok,
2026_07_21_gym,flight_25,77,83.26,53.5520,ok,
2026_07_21_gym,flight_25,78,66.61,71.2832,ok,
2026_07_21_gym,flight_25,79,33.30,62.8484,ok,
2026_07_21_gym,flight_26,3,1348.81,5492.3047,ok,
2026_07_21_gym,flight_26,4,1332.16,4196.8316,ok,
2026_07_21_gym,flight_26,5,1315.51,3122.8338,ok,
2026_07_21_gym,flight_26,6,1298.86,2110.5538,ok,
2026_07_21_gym,flight_26,7,1282.21,1572.4037,ok,
2026_07_21_gym,flight_26,8,1265.56,648.1154,ok,
2026_07_21_gym,flight_26,9,1248.90,573.2470,ok,
2026_07_21_gym,flight_26,10,1232.25,358.7265,ok,
2026_07_21_gym,flight_26,11,1215.60,266.0218,ok,
2026_07_21_gym,flight_26,12,1198.95,346.8702,ok,
2026_07_21_gym,flight_26,13,1182.29,500.9484,ok,
2026_07_21_gym,flight_26,14,1165.64,513.4502,ok,
2026_07_21_gym,flight_26,15,1148.99,460.4308,ok,
2026_07_21_gym,flight_26,16,1132.34,332.7108,ok,
2026_07_21_gym,flight_26,17,1115.69,212.8450,ok,
2026_07_21_gym,flight_26,18,1099.03,404.6042,ok,
2026_07_21_gym,flight_26,19,1082.38,197.2647,ok,
2026_07_21_gym,flight_26,20,1065.73,187.9057,ok,
2026_07_21_gym,flight_26,21,1049.08,184.5577,ok,
2026_07_21_gym,flight_26,22,1032.43,171.6065,ok,
2026_07_21_gym,flight_26,23,1015.77,175.1738,ok,
2026_07_21_gym,flight_26,24,999.12,181.3868,ok,
2026_07_21_gym,flight_26,25,982.47,182.7752,ok,
2026_07_21_gym,flight_26,26,965.82,179.2813,ok,
2026_07_21_gym,flight_26,27,949.16,224.9819,ok,
2026_07_21_gym,flight_26,28,932.51,231.1296,ok,
2026_07_21_gym,flight_26,29,915.86,220.7656,ok,
2026_07_21_gym,flight_26,30,899.21,277.1413,ok,
2026_07_21_gym,flight_26,31,882.56,283.1472,ok,
2026_07_21_gym,flight_26,32,849.25,414.2610,ok,
2026_07_21_gym,flight_26,33,832.60,376.8330,ok,
2026_07_21_gym,flight_26,34,815.95,337.2719,ok,
2026_07_21_gym,flight_26,35,799.30,292.3346,ok,
2026_07_21_gym,flight_26,36,782.64,261.2163,ok,
2026_07_21_gym,flight_26,37,765.99,238.3931,ok,
2026_07_21_gym,flight_26,38,749.34,231.3291,ok,
2026_07_21_gym,flight_26,39,732.69,219.3523,ok,
2026_07_21_gym,flight_26,40,716.04,200.9928,ok,
2026_07_21_gym,flight_26,41,699.39,196.1351,ok,
2026_07_21_gym,flight_26,42,682.73,190.2542,ok,
2026_07_21_gym,flight_26,43,666.08,170.4429,ok,
2026_07_21_gym,flight_26,44,649.43,153.5655,ok,
2026_07_21_gym,flight_26,45,632.78,144.2411,ok,
2026_07_21_gym,flight_26,46,616.12,143.7012,ok,
2026_07_21_gym,flight_26,47,599.47,141.9336,ok,
2026_07_21_gym,flight_26,48,582.82,144.9821,ok,
2026_07_21_gym,flight_26,49,566.17,147.9057,ok,
2026_07_21_gym,flight_26,50,549.52,129.5192,ok,
2026_07_21_gym,flight_26,51,532.87,125.7146,ok,
2026_07_21_gym,flight_26,52,516.21,125.6760,ok,
2026_07_21_gym,flight_26,53,499.56,110.8537,ok,
2026_07_21_gym,flight_26,54,482.91,111.1245,ok,
2026_07_21_gym,flight_26,55,466.26,108.5664,ok,
2026_07_21_gym,flight_26,56,449.60,101.2250,ok,
2026_07_21_gym,flight_26,57,432.95,107.1607,ok,
2026_07_21_gym,flight_26,58,416.30,116.5661,ok,
2026_07_21_gym,flight_26,59,399.65,126.4924,ok,
2026_07_21_gym,flight_26,60,382.99,151.9624,ok,
2026_07_21_gym,flight_26,61,366.34,157.0216,ok,
2026_07_21_gym,flight_26,62,349.69,144.5331,ok,
2026_07_21_gym,flight_26,63,333.04,150.2653,ok,
2026_07_21_gym,flight_26,64,316.39,138.9659,ok,
2026_07_21_gym,flight_26,65,299.74,123.3164,ok,
2026_07_21_gym,flight_26,66,283.08,121.7041,ok,
2026_07_21_gym,flight_26,67,266.43,121.1938,ok,
2026_07_21_gym,flight_26,68,249.78,114.1651,ok,
2026_07_21_gym,flight_26,69,233.13,108.7097,ok,
2026_07_21_gym,flight_26,70,216.48,102.9347,ok,
2026_07_21_gym,flight_26,71,199.82,108.1868,ok,
2026_07_21_gym,flight_26,72,183.17,104.1615,ok,
2026_07_21_gym,flight_26,73,166.52,93.5197,ok,
2026_07_21_gym,flight_26,74,149.87,89.1122,ok,
2026_07_21_gym,flight_26,75,133.22,85.9378,ok,
2026_07_21_gym,flight_26,76,116.56,85.8176,ok,
2026_07_21_gym,flight_26,77,99.91,89.3026,ok,
2026_07_21_gym,flight_26,78,83.26,76.8059,ok,
2026_07_21_gym,flight_26,79,66.61,74.3387,ok,
2026_07_21_gym,flight_26,80,49.95,69.1285,ok,
2026_07_21_gym,flight_26,81,33.30,64.9025,ok,
2026_07_21_gym,flight_26,82,16.65,63.3207,ok,
2026_07_21_gym,flight_27,3,1215.60,6259.5649,ok,
2026_07_21_gym,flight_27,4,1198.95,5042.4667,ok,
2026_07_21_gym,flight_27,5,1182.29,138.5750,ok,
2026_07_21_gym,flight_27,6,1165.64,614.1726,ok,
2026_07_21_gym,flight_27,7,1148.99,564.1289,ok,
2026_07_21_gym,flight_27,8,1132.34,634.5525,ok,
2026_07_21_gym,flight_27,9,1115.69,197.7523,ok,
2026_07_21_gym,flight_27,10,1099.04,367.9695,ok,
2026_07_21_gym,flight_27,11,1082.38,223.4438,ok,
2026_07_21_gym,flight_27,12,1065.73,305.5524,ok,
2026_07_21_gym,flight_27,13,1049.08,191.4539,ok,
2026_07_21_gym,flight_27,14,1032.43,165.3081,ok,
2026_07_21_gym,flight_27,15,1015.77,235.1236,ok,
2026_07_21_gym,flight_27,16,999.12,371.3315,ok,
2026_07_21_gym,flight_27,17,982.47,302.6390,ok,
2026_07_21_gym,flight_27,18,965.82,199.2750,ok,
2026_07_21_gym,flight_27,19,949.16,155.8478,ok,
2026_07_21_gym,flight_27,20,932.51,260.1304,ok,
2026_07_21_gym,flight_27,21,915.86,187.8968,ok,
2026_07_21_gym,flight_27,22,899.21,190.7394,ok,
2026_07_21_gym,flight_27,23,882.56,197.2568,ok,
2026_07_21_gym,flight_27,24,865.91,170.8106,ok,
2026_07_21_gym,flight_27,25,849.25,159.4902,ok,
2026_07_21_gym,flight_27,26,832.60,157.1630,ok,
2026_07_21_gym,flight_27,27,815.95,147.6923,ok,
2026_07_21_gym,flight_27,28,799.30,145.2055,ok,
2026_07_21_gym,flight_27,29,782.64,161.2440,ok,
2026_07_21_gym,flight_27,30,765.99,146.6404,ok,
2026_07_21_gym,flight_27,31,749.34,138.6820,ok,
2026_07_21_gym,flight_27,32,732.69,155.1717,ok,
2026_07_21_gym,flight_27,33,716.04,152.0497,ok,
2026_07_21_gym,flight_27,34,699.39,149.9644,ok,
2026_07_21_gym,flight_27,35,682.73,146.4392,ok,
2026_07_21_gym,flight_27,36,666.08,138.1105,ok,
2026_07_21_gym,flight_27,37,649.43,144.0388,ok,
2026_07_21_gym,flight_27,38,632.78,142.6849,ok,
2026_07_21_gym,flight_27,39,616.12,130.3962,ok,
2026_07_21_gym,flight_27,40,599.47,132.0776,ok,
2026_07_21_gym,flight_27,41,582.82,134.4451,ok,
2026_07_21_gym,flight_27,42,566.17,145.1239,ok,
2026_07_21_gym,flight_27,43,549.52,167.2121,ok,
2026_07_21_gym,flight_27,44,532.87,164.2260,ok,
2026_07_21_gym,flight_27,45,516.21,160.5056,ok,
2026_07_21_gym,flight_27,46,499.56,152.9694,ok,
2026_07_21_gym,flight_27,47,482.91,143.0567,ok,
2026_07_21_gym,flight_27,48,466.26,140.2474,ok,
2026_07_21_gym,flight_27,49,449.60,138.4294,ok,
2026_07_21_gym,flight_27,50,432.95,136.4908,ok,
2026_07_21_gym,flight_27,51,416.30,138.4086,ok,
2026_07_21_gym,flight_27,52,399.65,142.8877,ok,
2026_07_21_gym,flight_27,53,383.00,150.9564,ok,
2026_07_21_gym,flight_27,54,366.35,147.8722,ok,
2026_07_21_gym,flight_27,55,349.69,146.9075,ok,
2026_07_21_gym,flight_27,56,333.04,145.8443,ok,
2026_07_21_gym,flight_27,57,316.39,146.8146,ok,
2026_07_21_gym,flight_27,58,299.74,146.7083,ok,
2026_07_21_gym,flight_27,59,283.08,151.7202,ok,
2026_07_21_gym,flight_27,60,266.43,154.0121,ok,
2026_07_21_gym,flight_27,61,249.78,157.3968,ok,
2026_07_21_gym,flight_27,62,233.13,156.9510,ok,
2026_07_21_gym,flight_27,63,216.47,158.6450,ok,
2026_07_21_gym,flight_27,64,199.82,157.3446,ok,
2026_07_21_gym,flight_27,65,183.17,156.6295,ok,
2026_07_21_gym,flight_27,66,166.52,167.3618,ok,
2026_07_21_gym,flight_27,67,149.87,168.5113,ok,
2026_07_21_gym,flight_27,68,133.22,170.1242,ok,
2026_07_21_gym,flight_27,69,116.56,164.4504,ok,
2026_07_21_gym,flight_27,70,99.91,155.9703,ok,
2026_07_21_gym,flight_27,71,83.26,149.0928,ok,
2026_07_21_gym,flight_27,72,66.61,144.5011,ok,
2026_07_21_gym,flight_27,73,49.95,145.4317,ok,
2026_07_21_gym,flight_27,74,33.30,148.1243,ok,
2026_07_21_gym,flight_27,75,16.65,152.1635,ok,
2026_07_21_gym,flight_28,3,1198.95,3796.9780,ok,
2026_07_21_gym,flight_28,4,1182.30,3102.8115,ok,
2026_07_21_gym,flight_28,5,1165.64,357.4127,ok,
2026_07_21_gym,flight_28,6,1148.99,1282.2384,ok,
2026_07_21_gym,flight_28,7,1132.34,1402.3535,ok,
2026_07_21_gym,flight_28,8,1115.69,226.6430,ok,
2026_07_21_gym,flight_28,9,1099.04,688.7985,ok,
2026_07_21_gym,flight_28,10,1082.38,156.6711,ok,
2026_07_21_gym,flight_28,11,1065.73,313.3627,ok,
2026_07_21_gym,flight_28,12,1032.42,119.0344,ok,
2026_07_21_gym,flight_28,13,1015.78,214.7597,ok,
2026_07_21_gym,flight_28,14,999.12,249.2069,ok,
2026_07_21_gym,flight_28,15,982.47,204.7346,ok,
2026_07_21_gym,flight_28,16,965.82,244.4962,ok,
2026_07_21_gym,flight_28,17,949.17,138.3578,ok,
2026_07_21_gym,flight_28,18,932.51,138.3963,ok,
2026_07_21_gym,flight_28,19,915.86,121.9975,ok,
2026_07_21_gym,flight_28,20,899.21,129.2004,ok,
2026_07_21_gym,flight_28,21,882.56,136.8163,ok,
2026_07_21_gym,flight_28,22,865.90,170.1547,ok,
2026_07_21_gym,flight_28,23,849.25,164.7681,ok,
2026_07_21_gym,flight_28,24,832.60,154.0527,ok,
2026_07_21_gym,flight_28,25,815.95,205.4863,ok,
2026_07_21_gym,flight_28,26,799.30,196.4707,ok,
2026_07_21_gym,flight_28,27,782.65,229.2627,ok,
2026_07_21_gym,flight_28,28,765.99,253.5469,ok,
2026_07_21_gym,flight_28,29,749.34,174.9929,ok,
2026_07_21_gym,flight_28,30,732.69,179.4930,ok,
2026_07_21_gym,flight_28,31,716.04,176.3472,ok,
2026_07_21_gym,flight_28,32,699.39,170.7330,ok,
2026_07_21_gym,flight_28,33,682.73,165.6900,ok,
2026_07_21_gym,flight_28,34,666.08,160.7093,ok,
2026_07_21_gym,flight_28,35,649.43,151.9633,ok,
2026_07_21_gym,flight_28,36,632.78,146.0512,ok,
2026_07_21_gym,flight_28,37,616.13,139.5077,ok,
2026_07_21_gym,flight_28,38,599.47,144.3216,ok,
2026_07_21_gym,flight_28,39,582.82,140.6662,ok,
2026_07_21_gym,flight_28,40,566.17,144.9914,ok,
2026_07_21_gym,flight_28,41,549.52,117.7882,ok,
2026_07_21_gym,flight_28,42,532.86,115.2392,ok,
2026_07_21_gym,flight_28,43,516.21,108.3888,ok,
2026_07_21_gym,flight_28,44,499.56,108.4157,ok,
2026_07_21_gym,flight_28,45,482.91,106.1937,ok,
2026_07_21_gym,flight_28,46,466.26,98.9999,ok,
2026_07_21_gym,flight_28,47,449.61,94.5562,ok,
2026_07_21_gym,flight_28,48,432.95,106.8278,ok,
2026_07_21_gym,flight_28,49,416.30,118.6355,ok,
2026_07_21_gym,flight_28,50,399.65,120.6375,ok,
2026_07_21_gym,flight_28,51,366.34,111.9574,ok,
2026_07_21_gym,flight_28,52,349.69,109.5211,ok,
2026_07_21_gym,flight_28,53,333.04,97.3124,ok,
2026_07_21_gym,flight_28,54,316.39,93.0934,ok,
2026_07_21_gym,flight_28,55,299.74,87.4973,ok,
2026_07_21_gym,flight_28,56,283.09,94.4772,ok,
2026_07_21_gym,flight_28,57,266.43,91.0842,ok,
2026_07_21_gym,flight_28,58,249.78,92.9811,ok,
2026_07_21_gym,flight_28,59,233.13,97.1355,ok,
2026_07_21_gym,flight_28,60,216.48,97.7362,ok,
2026_07_21_gym,flight_28,61,199.82,102.9219,ok,
2026_07_21_gym,flight_28,62,183.17,101.5705,ok,
2026_07_21_gym,flight_28,63,166.52,100.7724,ok,
2026_07_21_gym,flight_28,64,149.87,88.7773,ok,
2026_07_21_gym,flight_28,65,133.21,93.1017,ok,
2026_07_21_gym,flight_28,66,116.56,92.8835,ok,
2026_07_21_gym,flight_28,67,99.91,84.3317,ok,
2026_07_21_gym,flight_28,68,83.26,88.5475,ok,
2026_07_21_gym,flight_28,69,66.61,89.1561,ok,
2026_07_21_gym,flight_28,70,49.96,92.6684,ok,
2026_07_21_gym,flight_28,71,33.30,82.1144,ok,
2026_07_21_gym,flight_29,3,1382.12,3492.6420,ok,
2026_07_21_gym,flight_29,4,1365.47,1525.0794,ok,
2026_07_21_gym,flight_29,5,1348.82,928.0177,ok,
2026_07_21_gym,flight_29,6,1332.16,1339.4132,ok,
2026_07_21_gym,flight_29,7,1315.51,687.5968,ok,
2026_07_21_gym,flight_29,8,1298.86,663.3878,ok,
2026_07_21_gym,flight_29,9,1282.21,796.5083,ok,
2026_07_21_gym,flight_29,10,1265.56,817.4587,ok,
2026_07_21_gym,flight_29,11,1248.90,1049.8702,ok,
2026_07_21_gym,flight_29,12,1232.25,979.4956,ok,
2026_07_21_gym,flight_29,13,1215.60,725.5280,ok,
2026_07_21_gym,flight_29,14,1198.95,607.0798,ok,
2026_07_21_gym,flight_29,15,1182.30,538.8423,ok,
2026_07_21_gym,flight_29,16,1165.64,455.7134,ok,
2026_07_21_gym,flight_29,17,1148.99,356.6383,ok,
2026_07_21_gym,flight_29,18,1132.34,592.8496,ok,
2026_07_21_gym,flight_29,19,1115.69,348.3431,ok,
2026_07_21_gym,flight_29,20,1099.04,294.2936,ok,
2026_07_21_gym,flight_29,21,1082.38,303.9011,ok,
2026_07_21_gym,flight_29,22,1065.73,251.7607,ok,
2026_07_21_gym,flight_29,23,1049.08,228.5025,ok,
2026_07_21_gym,flight_29,24,1032.43,200.6328,ok,
2026_07_21_gym,flight_29,25,1015.78,163.8244,ok,
2026_07_21_gym,flight_29,26,999.12,140.9623,ok,
2026_07_21_gym,flight_29,27,982.47,151.0423,ok,
2026_07_21_gym,flight_29,28,965.82,126.3319,ok,
2026_07_21_gym,flight_29,29,949.17,99.2940,ok,
2026_07_21_gym,flight_29,30,932.52,104.2039,ok,
2026_07_21_gym,flight_29,31,915.86,102.2034,ok,
2026_07_21_gym,flight_29,32,899.21,125.5985,ok,
2026_07_21_gym,flight_29,33,882.56,129.3452,ok,
2026_07_21_gym,flight_29,34,865.91,111.9935,ok,
2026_07_21_gym,flight_29,35,849.25,93.7993,ok,
2026_07_21_gym,flight_29,36,832.60,94.3515,ok,
2026_07_21_gym,flight_29,37,815.95,81.5831,ok,
2026_07_21_gym,flight_29,38,799.30,80.8116,ok,
2026_07_21_gym,flight_29,39,782.65,87.4889,ok,
2026_07_21_gym,flight_29,40,765.99,77.9358,ok,
2026_07_21_gym,flight_29,41,749.34,90.4936,ok,
2026_07_21_gym,flight_29,42,732.69,133.0047,ok,
2026_07_21_gym,flight_29,43,716.04,122.5357,ok,
2026_07_21_gym,flight_29,44,699.39,120.6802,ok,
2026_07_21_gym,flight_29,45,682.73,109.2367,ok,
2026_07_21_gym,flight_29,46,666.08,106.6352,ok,
2026_07_21_gym,flight_29,47,649.43,110.2944,ok,
2026_07_21_gym,flight_29,48,632.78,111.7550,ok,
2026_07_21_gym,flight_29,49,616.13,101.6462,ok,
2026_07_21_gym,flight_29,50,599.47,100.7978,ok,
2026_07_21_gym,flight_29,51,582.82,95.9685,ok,
2026_07_21_gym,flight_29,52,566.17,90.4148,ok,
2026_07_21_gym,flight_29,53,549.52,85.5378,ok,
2026_07_21_gym,flight_29,54,532.87,70.1425,ok,
2026_07_21_gym,flight_29,55,516.21,65.3219,ok,
2026_07_21_gym,flight_29,56,499.56,58.6474,ok,
2026_07_21_gym,flight_29,57,482.91,60.1925,ok,
2026_07_21_gym,flight_29,58,466.26,60.9308,ok,
2026_07_21_gym,flight_29,59,449.61,66.0487,ok,
2026_07_21_gym,flight_29,60,432.95,64.0724,ok,
2026_07_21_gym,flight_29,61,416.30,72.3467,ok,
2026_07_21_gym,flight_29,62,399.65,79.5273,ok,
2026_07_21_gym,flight_29,63,383.00,74.0561,ok,
2026_07_21_gym,flight_29,64,366.34,72.2042,ok,
2026_07_21_gym,flight_29,65,349.69,89.3144,ok,
2026_07_21_gym,flight_29,66,333.04,93.1921,ok,
2026_07_21_gym,flight_29,67,316.39,93.9478,ok,
2026_07_21_gym,flight_29,68,299.74,100.0010,ok,
2026_07_21_gym,flight_29,69,283.08,107.2126,ok,
2026_07_21_gym,flight_29,70,266.43,106.9407,ok,
2026_07_21_gym,flight_29,71,249.78,113.2513,ok,
2026_07_21_gym,flight_29,72,233.13,112.8754,ok,
2026_07_21_gym,flight_29,73,216.47,113.8374,ok,
2026_07_21_gym,flight_29,74,199.83,113.2016,ok,
2026_07_21_gym,flight_29,75,183.17,114.2296,ok,
2026_07_21_gym,flight_29,76,166.52,115.3628,ok,
2026_07_21_gym,flight_29,77,149.87,107.5091,ok,
2026_07_21_gym,flight_29,78,133.22,101.7418,ok,
2026_07_21_gym,flight_29,79,116.56,104.8804,ok,
2026_07_21_gym,flight_29,80,99.91,94.0208,ok,
2026_07_21_gym,flight_29,81,83.26,90.4099,ok,
2026_07_21_gym,flight_29,82,66.61,88.2398,ok,
2026_07_21_gym,flight_29,83,49.96,95.7522,ok,
2026_07_21_gym,flight_29,84,33.30,92.2765,ok,
2026_07_21_gym,flight_29,85,16.65,88.7044,ok,
2026_07_21_gym,flight_30,3,1332.16,6320.7981,ok,
2026_07_21_gym,flight_30,4,1315.51,2495.3185,ok,
2026_07_21_gym,flight_30,5,1298.86,1425.1700,ok,
2026_07_21_gym,flight_30,6,1282.21,1362.3825,ok,
2026_07_21_gym,flight_30,7,1265.56,330.8588,ok,
2026_07_21_gym,flight_30,8,1248.90,336.9737,ok,
2026_07_21_gym,flight_30,9,1232.25,370.9225,ok,
2026_07_21_gym,flight_30,10,1215.60,286.3316,ok,
2026_07_21_gym,flight_30,11,1198.95,304.5969,ok,
2026_07_21_gym,flight_30,12,1182.29,233.4938,ok,
2026_07_21_gym,flight_30,13,1165.64,231.0660,ok,
2026_07_21_gym,flight_30,14,1148.99,261.9882,ok,
2026_07_21_gym,flight_30,15,1132.34,274.1228,ok,
2026_07_21_gym,flight_30,16,1115.69,261.1264,ok,
2026_07_21_gym,flight_30,17,1099.04,242.1218,ok,
2026_07_21_gym,flight_30,18,1082.38,237.7211,ok,
2026_07_21_gym,flight_30,19,1065.73,190.9407,ok,
2026_07_21_gym,flight_30,20,1049.08,191.9823,ok,
2026_07_21_gym,flight_30,21,1032.43,184.9856,ok,
2026_07_21_gym,flight_30,22,1015.78,375.5929,ok,
2026_07_21_gym,flight_30,23,999.12,249.7607,ok,
2026_07_21_gym,flight_30,24,982.47,242.0950,ok,
2026_07_21_gym,flight_30,25,965.82,207.5840,ok,
2026_07_21_gym,flight_30,26,949.17,181.8410,ok,
2026_07_21_gym,flight_30,27,932.51,165.8193,ok,
2026_07_21_gym,flight_30,28,915.86,157.8186,ok,
2026_07_21_gym,flight_30,29,899.21,151.4802,ok,
2026_07_21_gym,flight_30,30,882.56,149.5763,ok,
2026_07_21_gym,flight_30,31,865.91,149.4324,ok,
2026_07_21_gym,flight_30,32,849.25,151.9530,ok,
2026_07_21_gym,flight_30,33,832.60,147.3338,ok,
2026_07_21_gym,flight_30,34,815.95,140.8157,ok,
2026_07_21_gym,flight_30,35,799.30,136.7326,ok,
2026_07_21_gym,flight_30,36,782.64,134.1781,ok,
2026_07_21_gym,flight_30,37,765.99,133.3136,ok,
2026_07_21_gym,flight_30,38,749.34,133.2852,ok,
2026_07_21_gym,flight_30,39,732.69,134.0480,ok,
2026_07_21_gym,flight_30,40,716.04,136.0742,ok,
2026_07_21_gym,flight_30,41,699.39,135.2763,ok,
2026_07_21_gym,flight_30,42,682.73,136.1038,ok,
2026_07_21_gym,flight_30,43,666.08,134.7827,ok,
2026_07_21_gym,flight_30,44,649.43,130.6746,ok,
2026_07_21_gym,flight_30,45,632.78,131.1490,ok,
2026_07_21_gym,flight_30,46,616.13,132.5962,ok,
2026_07_21_gym,flight_30,47,599.47,137.0033,ok,
2026_07_21_gym,flight_30,48,582.82,142.1588,ok,
2026_07_21_gym,flight_30,49,566.17,152.0543,ok,
2026_07_21_gym,flight_30,50,549.52,149.6564,ok,
2026_07_21_gym,flight_30,51,532.87,159.6621,ok,
2026_07_21_gym,flight_30,52,516.21,159.1628,ok,
2026_07_21_gym,flight_30,53,499.56,144.3070,ok,
2026_07_21_gym,flight_30,54,482.91,138.9851,ok,
2026_07_21_gym,flight_30,55,466.26,143.4876,ok,
2026_07_21_gym,flight_30,56,449.60,142.0708,ok,
2026_07_21_gym,flight_30,57,432.95,142.3388,ok,
2026_07_21_gym,flight_30,58,416.30,139.6261,ok,
2026_07_21_gym,flight_30,59,399.65,137.3503,ok,
2026_07_21_gym,flight_30,60,383.00,133.1118,ok,
2026_07_21_gym,flight_30,61,366.35,126.7461,ok,
2026_07_21_gym,flight_30,62,349.69,119.2992,ok,
2026_07_21_gym,flight_30,63,333.04,116.6766,ok,
2026_07_21_gym,flight_30,64,316.39,117.0675,ok,
2026_07_21_gym,flight_30,65,299.74,106.2911,ok,
2026_07_21_gym,flight_30,66,283.08,106.4194,ok,
2026_07_21_gym,flight_30,67,266.43,103.9790,ok,
2026_07_21_gym,flight_30,68,249.78,101.9918,ok,
2026_07_21_gym,flight_30,69,233.13,101.8805,ok,
2026_07_21_gym,flight_30,70,216.48,100.4552,ok,
2026_07_21_gym,flight_30,71,199.82,95.8607,ok,
2026_07_21_gym,flight_30,72,183.17,97.0439,ok,
2026_07_21_gym,flight_30,73,166.52,95.5463,ok,
2026_07_21_gym,flight_30,74,149.87,92.2005,ok,
2026_07_21_gym,flight_30,75,133.22,93.4490,ok,
2026_07_21_gym,flight_30,76,116.56,93.4158,ok,
2026_07_21_gym,flight_30,77,99.91,91.6978,ok,
2026_07_21_gym,flight_30,78,83.26,86.0115,ok,
2026_07_21_gym,flight_30,79,66.61,89.3397,ok,
2026_07_21_gym,flight_30,80,49.96,81.8831,ok,
2026_07_21_gym,flight_30,81,33.30,79.8080,ok,
2026_07_21_gym,flight_30,82,16.65,81.0361,ok,
2026_07_21_gym,flight_31,3,1248.90,2100.9719,ok,
2026_07_21_gym,flight_31,4,1232.25,1442.6591,ok,
2026_07_21_gym,flight_31,5,1215.60,2453.1980,ok,
2026_07_21_gym,flight_31,6,1198.95,669.2284,ok,
2026_07_21_gym,flight_31,7,1182.29,148.4943,ok,
2026_07_21_gym,flight_31,8,1165.64,73.4652,ok,
2026_07_21_gym,flight_31,9,1148.99,222.6493,ok,
2026_07_21_gym,flight_31,10,1132.34,252.3684,ok,
2026_07_21_gym,flight_31,11,1115.69,232.7142,ok,
2026_07_21_gym,flight_31,12,1099.04,87.9703,ok,
2026_07_21_gym,flight_31,13,1082.38,101.8829,ok,
2026_07_21_gym,flight_31,14,1065.73,240.1115,ok,
2026_07_21_gym,flight_31,15,1049.08,128.7856,ok,
2026_07_21_gym,flight_31,16,1032.43,319.7690,ok,
2026_07_21_gym,flight_31,17,1015.77,277.7896,ok,
2026_07_21_gym,flight_31,18,999.12,220.8161,ok,
2026_07_21_gym,flight_31,19,982.47,169.9764,ok,
2026_07_21_gym,flight_31,20,965.82,86.9340,ok,
2026_07_21_gym,flight_31,21,949.17,116.1172,ok,
2026_07_21_gym,flight_31,22,932.51,140.8820,ok,
2026_07_21_gym,flight_31,23,915.86,92.1475,ok,
2026_07_21_gym,flight_31,24,899.21,143.7488,ok,
2026_07_21_gym,flight_31,25,882.56,135.8857,ok,
2026_07_21_gym,flight_31,26,849.25,222.2013,ok,
2026_07_21_gym,flight_31,27,832.60,171.9634,ok,
2026_07_21_gym,flight_31,28,815.95,150.0540,ok,
2026_07_21_gym,flight_31,29,799.30,119.6077,ok,
2026_07_21_gym,flight_31,30,782.65,94.7831,ok,
2026_07_21_gym,flight_31,31,765.99,67.1244,ok,
2026_07_21_gym,flight_31,32,749.34,68.9773,ok,
2026_07_21_gym,flight_31,33,732.69,61.3277,ok,
2026_07_21_gym,flight_31,34,716.04,45.1701,ok,
2026_07_21_gym,flight_31,35,699.39,59.6177,ok,
2026_07_21_gym,flight_31,36,682.73,68.9307,ok,
2026_07_21_gym,flight_31,37,666.08,57.2823,ok,
2026_07_21_gym,flight_31,38,649.43,59.7387,ok,
2026_07_21_gym,flight_31,39,632.78,53.0645,ok,
2026_07_21_gym,flight_31,40,616.13,44.7437,ok,
2026_07_21_gym,flight_31,41,599.47,37.6414,ok,
2026_07_21_gym,flight_31,42,582.82,36.4454,ok,
2026_07_21_gym,flight_31,43,566.17,37.4817,ok,
2026_07_21_gym,flight_31,44,549.52,36.9822,ok,
2026_07_21_gym,flight_31,45,532.87,35.1163,ok,
2026_07_21_gym,flight_31,46,516.21,37.6097,ok,
2026_07_21_gym,flight_31,47,499.56,37.1092,ok,
2026_07_21_gym,flight_31,48,482.91,50.2043,ok,
2026_07_21_gym,flight_31,49,466.26,44.6852,ok,
2026_07_21_gym,flight_31,50,449.60,35.7588,ok,
2026_07_21_gym,flight_31,51,432.95,38.4003,ok,
2026_07_21_gym,flight_31,52,416.30,40.2444,ok,
2026_07_21_gym,flight_31,53,399.65,47.2471,ok,
2026_07_21_gym,flight_31,54,383.00,41.2530,ok,
2026_07_21_gym,flight_31,55,366.34,45.2695,ok,
2026_07_21_gym,flight_31,56,349.69,51.0630,ok,
2026_07_21_gym,flight_31,57,333.04,50.9419,ok,
2026_07_21_gym,flight_31,58,316.39,53.7478,ok,
2026_07_21_gym,flight_31,59,299.74,58.6296,ok,
2026_07_21_gym,flight_31,60,283.08,67.6567,ok,
2026_07_21_gym,flight_31,61,266.43,68.1062,ok,
2026_07_21_gym,flight_31,62,249.78,74.9591,ok,
2026_07_21_gym,flight_31,63,233.13,75.6408,ok,
2026_07_21_gym,flight_31,64,216.48,75.4776,ok,
2026_07_21_gym,flight_31,65,199.82,78.7446,ok,
2026_07_21_gym,flight_31,66,183.17,68.7483,ok,
2026_07_21_gym,flight_31,67,166.52,64.8123,ok,
2026_07_21_gym,flight_31,68,149.87,62.9277,ok,
2026_07_21_gym,flight_31,69,133.22,70.5004,ok,
2026_07_21_gym,flight_31,70,116.56,66.9623,ok,
2026_07_21_gym,flight_31,71,99.91,59.7506,ok,
2026_07_21_gym,flight_31,72,83.26,60.7632,ok,
2026_07_21_gym,flight_31,73,66.61,59.4321,ok,
2026_07_21_gym,flight_31,74,49.96,63.2483,ok,
2026_07_21_gym,flight_31,75,33.30,62.6370,ok,
2026_07_21_gym,flight_31,76,16.65,61.7463,ok,
2026_07_21_gym,flight_32,3,1398.77,2118.4741,ok,
2026_07_21_gym,flight_32,4,1382.12,2249.0110,ok,
2026_07_21_gym,flight_32,5,1365.47,955.6819,ok,
2026_07_21_gym,flight_32,6,1348.82,286.4913,ok,
2026_07_21_gym,flight_32,7,1332.16,326.6615,ok,
2026_07_21_gym,flight_32,8,1315.51,249.8923,ok,
2026_07_21_gym,flight_32,9,1298.86,473.5788,ok,
2026_07_21_gym,flight_32,10,1282.21,340.4530,ok,
2026_07_21_gym,flight_32,11,1265.56,151.2707,ok,
2026_07_21_gym,flight_32,12,1248.90,415.6740,ok,
2026_07_21_gym,flight_32,13,1232.25,229.1842,ok,
2026_07_21_gym,flight_32,14,1215.60,205.7654,ok,
2026_07_21_gym,flight_32,15,1198.95,110.4340,ok,
2026_07_21_gym,flight_32,16,1182.30,137.5507,ok,
2026_07_21_gym,flight_32,17,1165.64,164.0591,ok,
2026_07_21_gym,flight_32,18,1148.99,271.8694,ok,
2026_07_21_gym,flight_32,19,1132.34,135.1796,ok,
2026_07_21_gym,flight_32,20,1115.69,115.2430,ok,
2026_07_21_gym,flight_32,21,1099.03,90.7437,ok,
2026_07_21_gym,flight_32,22,1082.38,289.5325,ok,
2026_07_21_gym,flight_32,23,1065.73,243.3071,ok,
2026_07_21_gym,flight_32,24,1049.08,222.9820,ok,
2026_07_21_gym,flight_32,25,1032.43,186.4691,ok,
2026_07_21_gym,flight_32,26,1015.77,137.9662,ok,
2026_07_21_gym,flight_32,27,999.12,130.1862,ok,
2026_07_21_gym,flight_32,28,982.47,118.4149,ok,
2026_07_21_gym,flight_32,29,965.82,114.6614,ok,
2026_07_21_gym,flight_32,30,949.17,119.5659,ok,
2026_07_21_gym,flight_32,31,932.51,125.3295,ok,
2026_07_21_gym,flight_32,32,915.86,108.8722,ok,
2026_07_21_gym,flight_32,33,899.21,110.4160,ok,
2026_07_21_gym,flight_32,34,882.56,152.8542,ok,
2026_07_21_gym,flight_32,35,865.91,120.3530,ok,
2026_07_21_gym,flight_32,36,849.25,114.8346,ok,
2026_07_21_gym,flight_32,37,832.60,129.7459,ok,
2026_07_21_gym,flight_32,38,815.95,119.0519,ok,
2026_07_21_gym,flight_32,39,799.30,119.7840,ok,
2026_07_21_gym,flight_32,40,782.65,116.5038,ok,
2026_07_21_gym,flight_32,41,765.99,116.5850,ok,
2026_07_21_gym,flight_32,42,749.34,115.1870,ok,
2026_07_21_gym,flight_32,43,732.69,113.7269,ok,
2026_07_21_gym,flight_32,44,716.04,106.5086,ok,
2026_07_21_gym,flight_32,45,699.38,104.6885,ok,
2026_07_21_gym,flight_32,46,682.73,113.6250,ok,
2026_07_21_gym,flight_32,47,666.08,123.4062,ok,
2026_07_21_gym,flight_32,48,632.78,125.6262,ok,
2026_07_21_gym,flight_32,49,616.13,134.4840,ok,
2026_07_21_gym,flight_32,50,599.47,134.8657,ok,
2026_07_21_gym,flight_32,51,582.82,138.4204,ok,
2026_07_21_gym,flight_32,52,566.17,141.0833,ok,
2026_07_21_gym,flight_32,53,549.52,143.2537,ok,
2026_07_21_gym,flight_32,54,532.87,140.6395,ok,
2026_07_21_gym,flight_32,55,516.21,138.9783,ok,
2026_07_21_gym,flight_32,56,499.56,140.5388,ok,
2026_07_21_gym,flight_32,57,482.91,139.5210,ok,
2026_07_21_gym,flight_32,58,466.26,141.0395,ok,
2026_07_21_gym,flight_32,59,449.61,145.5543,ok,
2026_07_21_gym,flight_32,60,432.95,149.7324,ok,
2026_07_21_gym,flight_32,61,416.30,154.4557,ok,
2026_07_21_gym,flight_32,62,399.65,160.0764,ok,
2026_07_21_gym,flight_32,63,383.00,157.7631,ok,
2026_07_21_gym,flight_32,64,366.34,154.5507,ok,
2026_07_21_gym,flight_32,65,349.69,156.2569,ok,
2026_07_21_gym,flight_32,66,333.04,157.5808,ok,
2026_07_21_gym,flight_32,67,316.39,152.3772,ok,
2026_07_21_gym,flight_32,68,299.74,159.8439,ok,
2026_07_21_gym,flight_32,69,283.09,169.5531,ok,
2026_07_21_gym,flight_32,70,266.43,172.1371,ok,
2026_07_21_gym,flight_32,71,249.78,170.6649,ok,
2026_07_21_gym,flight_32,72,233.13,181.1064,ok,
2026_07_21_gym,flight_32,73,216.48,187.3758,ok,
2026_07_21_gym,flight_32,74,199.82,186.8042,ok,
2026_07_21_gym,flight_32,75,183.17,185.4656,ok,
2026_07_21_gym,flight_32,76,166.52,187.8792,ok,
2026_07_21_gym,flight_32,77,149.87,194.0181,ok,
2026_07_21_gym,flight_32,78,133.22,191.7309,ok,
2026_07_21_gym,flight_32,79,116.56,182.2430,ok,
2026_07_21_gym,flight_32,80,99.91,178.7863,ok,
2026_07_21_gym,flight_32,81,83.26,175.5246,ok,
2026_07_21_gym,flight_32,82,66.61,174.4579,ok,
2026_07_21_gym,flight_32,83,49.96,174.8901,ok,
2026_07_21_gym,flight_32,84,33.30,179.7055,ok,
2026_07_21_gym,flight_32,85,16.65,178.3857,ok,
2026_07_21_gym,flight_33,3,1248.90,1397.7478,ok,
2026_07_21_gym,flight_33,4,1232.25,1253.9000,ok,
2026_07_21_gym,flight_33,5,1215.60,1001.4829,ok,
2026_07_21_gym,flight_33,6,1198.95,1549.4224,ok,
2026_07_21_gym,flight_33,7,1182.29,2173.4494,ok,
2026_07_21_gym,flight_33,8,1165.64,1391.9531,ok,
2026_07_21_gym,flight_33,9,1148.99,296.1366,ok,
2026_07_21_gym,flight_33,10,1132.34,342.6068,ok,
2026_07_21_gym,flight_33,11,1115.69,456.2662,ok,
2026_07_21_gym,flight_33,12,1099.04,440.8304,ok,
2026_07_21_gym,flight_33,13,1082.38,563.0712,ok,
2026_07_21_gym,flight_33,14,1065.73,209.1792,ok,
2026_07_21_gym,flight_33,15,1049.08,124.9430,ok,
2026_07_21_gym,flight_33,16,1032.43,272.4002,ok,
2026_07_21_gym,flight_33,17,1015.77,122.7242,ok,
2026_07_21_gym,flight_33,18,999.12,156.1932,ok,
2026_07_21_gym,flight_33,19,982.47,303.4350,ok,
2026_07_21_gym,flight_33,20,965.82,170.8366,ok,
2026_07_21_gym,flight_33,21,949.17,135.3425,ok,
2026_07_21_gym,flight_33,22,932.51,164.2926,ok,
2026_07_21_gym,flight_33,23,915.86,143.4658,ok,
2026_07_21_gym,flight_33,24,899.21,134.4680,ok,
2026_07_21_gym,flight_33,25,882.56,138.1556,ok,
2026_07_21_gym,flight_33,26,865.91,136.8070,ok,
2026_07_21_gym,flight_33,27,849.25,139.3901,ok,
2026_07_21_gym,flight_33,28,832.60,150.0233,ok,
2026_07_21_gym,flight_33,29,815.95,134.3503,ok,
2026_07_21_gym,flight_33,30,799.30,127.8910,ok,
2026_07_21_gym,flight_33,31,782.65,126.1007,ok,
2026_07_21_gym,flight_33,32,765.99,120.6113,ok,
2026_07_21_gym,flight_33,33,749.34,121.3648,ok,
2026_07_21_gym,flight_33,34,732.69,120.1779,ok,
2026_07_21_gym,flight_33,35,716.04,121.4378,ok,
2026_07_21_gym,flight_33,36,699.39,118.9579,ok,
2026_07_21_gym,flight_33,37,682.73,113.3349,ok,
2026_07_21_gym,flight_33,38,666.08,116.1136,ok,
2026_07_21_gym,flight_33,39,649.43,117.4916,ok,
2026_07_21_gym,flight_33,40,632.78,134.6199,ok,
2026_07_21_gym,flight_33,41,616.12,169.6063,ok,
2026_07_21_gym,flight_33,42,599.47,175.7323,ok,
2026_07_21_gym,flight_33,43,582.82,182.1376,ok,
2026_07_21_gym,flight_33,44,566.17,174.7194,ok,
2026_07_21_gym,flight_33,45,549.52,175.7978,ok,
2026_07_21_gym,flight_33,46,532.87,180.1508,ok,
2026_07_21_gym,flight_33,47,516.21,170.8534,ok,
2026_07_21_gym,flight_33,48,499.56,170.6422,ok,
2026_07_21_gym,flight_33,49,482.91,165.0429,ok,
2026_07_21_gym,flight_33,50,466.26,163.8423,ok,
2026_07_21_gym,flight_33,51,449.60,163.1739,ok,
2026_07_21_gym,flight_33,52,432.95,162.5179,ok,
2026_07_21_gym,flight_33,53,416.30,158.5560,ok,
2026_07_21_gym,flight_33,54,399.65,160.0150,ok,
2026_07_21_gym,flight_33,55,383.00,159.8539,ok,
2026_07_21_gym,flight_33,56,366.34,157.0950,ok,
2026_07_21_gym,flight_33,57,349.69,161.4536,ok,
2026_07_21_gym,flight_33,58,333.04,164.6943,ok,
2026_07_21_gym,flight_33,59,316.39,158.1102,ok,
2026_07_21_gym,flight_33,60,299.74,159.7326,ok,
2026_07_21_gym,flight_33,61,283.08,160.6307,ok,
2026_07_21_gym,flight_33,62,266.43,168.2698,ok,
2026_07_21_gym,flight_33,63,249.78,172.4233,ok,
2026_07_21_gym,flight_33,64,233.13,169.3790,ok,
2026_07_21_gym,flight_33,65,216.48,171.0277,ok,
2026_07_21_gym,flight_33,66,199.82,174.7912,ok,
2026_07_21_gym,flight_33,67,183.17,169.9684,ok,
2026_07_21_gym,flight_33,68,166.52,158.7850,ok,
2026_07_21_gym,flight_33,69,149.87,159.2458,ok,
2026_07_21_gym,flight_33,70,133.22,156.0654,ok,
2026_07_21_gym,flight_33,71,116.56,157.3823,ok,
2026_07_21_gym,flight_33,72,99.91,152.9877,ok,
2026_07_21_gym,flight_33,73,83.26,150.1372,ok,
2026_07_21_gym,flight_33,74,66.61,151.1837,ok,
2026_07_21_gym,flight_33,75,49.96,148.6443,ok,
2026_07_21_gym,flight_33,76,33.30,148.6853,ok,
2026_07_21_gym,flight_33,77,16.65,147.5434,ok,
2026_07_21_gym,flight_34,3,1298.86,8124.2093,ok,
2026_07_21_gym,flight_34,4,1282.21,4466.5429,ok,
2026_07_21_gym,flight_34,5,1265.56,1952.8921,ok,
2026_07_21_gym,flight_34,6,1248.90,1971.3783,ok,
2026_07_21_gym,flight_34,7,1232.25,1515.1011,ok,
2026_07_21_gym,flight_34,8,1215.60,690.9081,ok,
2026_07_21_gym,flight_34,9,1198.95,1264.9878,ok,
2026_07_21_gym,flight_34,10,1182.29,947.1000,ok,
2026_07_21_gym,flight_34,11,1148.99,788.4078,ok,
2026_07_21_gym,flight_34,12,1132.34,688.8624,ok,
2026_07_21_gym,flight_34,13,1115.69,299.9583,ok,
2026_07_21_gym,flight_34,14,1099.04,449.6850,ok,
2026_07_21_gym,flight_34,15,1082.38,247.9269,ok,
2026_07_21_gym,flight_34,16,1065.73,152.6235,ok,
2026_07_21_gym,flight_34,17,1049.08,142.7059,ok,
2026_07_21_gym,flight_34,18,1032.43,141.3536,ok,
2026_07_21_gym,flight_34,19,1015.77,121.8272,ok,
2026_07_21_gym,flight_34,20,999.12,125.1190,ok,
2026_07_21_gym,flight_34,21,982.47,143.6094,ok,
2026_07_21_gym,flight_34,22,965.82,83.1574,ok,
2026_07_21_gym,flight_34,23,949.17,90.5614,ok,
2026_07_21_gym,flight_34,24,932.51,64.0681,ok,
2026_07_21_gym,flight_34,25,915.86,158.7781,ok,
2026_07_21_gym,flight_34,26,899.21,233.9875,ok,
2026_07_21_gym,flight_34,27,882.56,280.1125,ok,
2026_07_21_gym,flight_34,28,865.91,239.7543,ok,
2026_07_21_gym,flight_34,29,849.25,173.8262,ok,
2026_07_21_gym,flight_34,30,832.60,138.9803,ok,
2026_07_21_gym,flight_34,31,815.95,151.1653,ok,
2026_07_21_gym,flight_34,32,799.30,99.3899,ok,
2026_07_21_gym,flight_34,33,782.65,78.4476,ok,
2026_07_21_gym,flight_34,34,765.99,98.0800,ok,
2026_07_21_gym,flight_34,35,749.34,70.5137,ok,
2026_07_21_gym,flight_34,36,732.69,63.5543,ok,
2026_07_21_gym,flight_34,37,716.04,80.4142,ok,
2026_07_21_gym,flight_34,38,699.39,67.0398,ok,
2026_07_21_gym,flight_34,39,682.73,69.3826,ok,
2026_07_21_gym,flight_34,40,666.08,68.6065,ok,
2026_07_21_gym,flight_34,41,649.43,65.6965,ok,
2026_07_21_gym,flight_34,42,632.78,60.3043,ok,
2026_07_21_gym,flight_34,43,616.13,56.3420,ok,
2026_07_21_gym,flight_34,44,599.47,53.0215,ok,
2026_07_21_gym,flight_34,45,582.82,50.3474,ok,
2026_07_21_gym,flight_34,46,566.17,50.2132,ok,
2026_07_21_gym,flight_34,47,549.52,48.7630,ok,
2026_07_21_gym,flight_34,48,532.87,54.8000,ok,
2026_07_21_gym,flight_34,49,516.21,54.7042,ok,
2026_07_21_gym,flight_34,50,499.56,61.7177,ok,
2026_07_21_gym,flight_34,51,482.91,64.4943,ok,
2026_07_21_gym,flight_34,52,466.26,61.4751,ok,
2026_07_21_gym,flight_34,53,449.60,65.1891,ok,
2026_07_21_gym,flight_34,54,432.95,66.2041,ok,
2026_07_21_gym,flight_34,55,416.30,65.8318,ok,
2026_07_21_gym,flight_34,56,399.65,67.2685,ok,
2026_07_21_gym,flight_34,57,383.00,67.3387,ok,
2026_07_21_gym,flight_34,58,366.34,73.3240,ok,
2026_07_21_gym,flight_34,59,349.69,72.0501,ok,
2026_07_21_gym,flight_34,60,333.04,69.3737,ok,
2026_07_21_gym,flight_34,61,316.39,65.0027,ok,
2026_07_21_gym,flight_34,62,299.74,66.1155,ok,
2026_07_21_gym,flight_34,63,283.08,67.9890,ok,
2026_07_21_gym,flight_34,64,266.43,66.2665,ok,
2026_07_21_gym,flight_34,65,249.78,59.3960,ok,
2026_07_21_gym,flight_34,66,233.13,61.2293,ok,
2026_07_21_gym,flight_34,67,216.48,60.4974,ok,
2026_07_21_gym,flight_34,68,199.82,54.9412,ok,
2026_07_21_gym,flight_34,69,183.17,56.8504,ok,
2026_07_21_gym,flight_34,70,166.52,65.8414,ok,
2026_07_21_gym,flight_34,71,149.87,64.0000,ok,
2026_07_21_gym,flight_34,72,116.56,60.2504,ok,
2026_07_21_gym,flight_34,73,99.91,67.7620,ok,
2026_07_21_gym,flight_34,74,83.26,63.2993,ok,
2026_07_21_gym,flight_34,75,66.61,61.8928,ok,
2026_07_21_gym,flight_34,76,49.96,56.7633,ok,
2026_07_21_gym,flight_34,77,33.30,55.3094,ok,
2026_07_21_gym,flight_34,78,16.65,58.8048,ok,
2026_07_21_gym,flight_35,3,1448.73,990.6510,ok,
2026_07_21_gym,flight_35,4,1432.08,3993.2532,ok,
2026_07_21_gym,flight_35,5,1415.42,1756.8198,ok,
2026_07_21_gym,flight_35,6,1398.77,1234.3033,ok,
2026_07_21_gym,flight_35,7,1382.12,2172.5829,ok,
2026_07_21_gym,flight_35,8,1365.47,1438.8827,ok,
2026_07_21_gym,flight_35,9,1348.82,1366.5766,ok,
2026_07_21_gym,flight_35,10,1332.16,1758.0990,ok,
2026_07_21_gym,flight_35,11,1315.51,1410.2733,ok,
2026_07_21_gym,flight_35,12,1298.86,1451.7521,ok,
2026_07_21_gym,flight_35,13,1282.21,1368.4015,ok,
2026_07_21_gym,flight_35,14,1265.56,880.8395,ok,
2026_07_21_gym,flight_35,15,1248.90,892.3896,ok,
2026_07_21_gym,flight_35,16,1232.25,863.5235,ok,
2026_07_21_gym,flight_35,17,1215.60,316.2060,ok,
2026_07_21_gym,flight_35,18,1198.95,286.5090,ok,
2026_07_21_gym,flight_35,19,1182.30,310.8617,ok,
2026_07_21_gym,flight_35,20,1165.64,264.5757,ok,
2026_07_21_gym,flight_35,21,1148.99,235.2273,ok,
2026_07_21_gym,flight_35,22,1132.34,244.9011,ok,
2026_07_21_gym,flight_35,23,1115.69,205.4664,ok,
2026_07_21_gym,flight_35,24,1099.04,188.9772,ok,
2026_07_21_gym,flight_35,25,1082.38,193.7827,ok,
2026_07_21_gym,flight_35,26,1065.73,191.2897,ok,
2026_07_21_gym,flight_35,27,1049.08,185.8356,ok,
2026_07_21_gym,flight_35,28,1032.43,190.0972,ok,
2026_07_21_gym,flight_35,29,1015.77,191.3735,ok,
2026_07_21_gym,flight_35,30,999.12,223.6306,ok,
2026_07_21_gym,flight_35,31,982.47,292.0105,ok,
2026_07_21_gym,flight_35,32,965.82,258.3771,ok,
2026_07_21_gym,flight_35,33,899.21,252.5661,ok,
2026_07_21_gym,flight_35,34,882.56,377.9946,ok,
2026_07_21_gym,flight_35,35,865.91,341.3698,ok,
2026_07_21_gym,flight_35,36,849.25,299.4681,ok,
2026_07_21_gym,flight_35,37,832.60,277.0989,ok,
2026_07_21_gym,flight_35,38,815.95,260.1671,ok,
2026_07_21_gym,flight_35,39,799.30,234.3504,ok,
2026_07_21_gym,flight_35,40,782.65,220.1298,ok,
2026_07_21_gym,flight_35,41,765.99,208.2918,ok,
2026_07_21_gym,flight_35,42,749.34,214.9727,ok,
2026_07_21_gym,flight_35,43,732.69,210.4716,ok,
2026_07_21_gym,flight_35,44,716.04,195.4718,ok,
2026_07_21_gym,flight_35,45,699.39,192.2443,ok,
2026_07_21_gym,flight_35,46,682.73,198.5234,ok,
2026_07_21_gym,flight_35,47,666.08,198.2795,ok,
2026_07_21_gym,flight_35,48,632.78,183.7923,ok,
2026_07_21_gym,flight_35,49,616.13,177.3194,ok,
2026_07_21_gym,flight_35,50,599.47,148.6738,ok,
2026_07_21_gym,flight_35,51,582.82,129.5690,ok,
2026_07_21_gym,flight_35,52,566.17,141.6079,ok,
2026_07_21_gym,flight_35,53,549.52,145.5781,ok,
2026_07_21_gym,flight_35,54,532.87,128.1365,ok,
2026_07_21_gym,flight_35,55,516.21,134.0591,ok,
2026_07_21_gym,flight_35,56,499.56,133.7732,ok,
2026_07_21_gym,flight_35,57,482.91,132.7074,ok,
2026_07_21_gym,flight_35,58,466.26,135.3493,ok,
2026_07_21_gym,flight_35,59,449.61,142.9729,ok,
2026_07_21_gym,flight_35,60,432.95,139.7585,ok,
2026_07_21_gym,flight_35,61,416.30,141.9947,ok,
2026_07_21_gym,flight_35,62,399.65,139.9283,ok,
2026_07_21_gym,flight_35,63,383.00,137.1034,ok,
2026_07_21_gym,flight_35,64,366.35,138.8451,ok,
2026_07_21_gym,flight_35,65,349.69,142.2917,ok,
2026_07_21_gym,flight_35,66,333.04,143.6788,ok,
2026_07_21_gym,flight_35,67,316.39,146.6182,ok,
2026_07_21_gym,flight_35,68,299.74,146.0419,ok,
2026_07_21_gym,flight_35,69,266.43,142.6079,ok,
2026_07_21_gym,flight_35,70,249.78,142.4874,ok,
2026_07_21_gym,flight_35,71,233.13,153.0469,ok,
2026_07_21_gym,flight_35,72,216.48,172.7261,ok,
2026_07_21_gym,flight_35,73,199.82,177.5025,ok,
2026_07_21_gym,flight_35,74,183.17,181.2421,ok,
2026_07_21_gym,flight_35,75,166.52,182.1963,ok,
2026_07_21_gym,flight_35,76,149.87,179.8874,ok,
2026_07_21_gym,flight_35,77,133.22,185.8275,ok,
2026_07_21_gym,flight_35,78,116.56,189.3928,ok,
2026_07_21_gym,flight_35,79,99.91,181.8420,ok,
2026_07_21_gym,flight_35,80,83.26,175.6801,ok,
2026_07_21_gym,flight_35,81,66.61,169.0112,ok,
2026_07_21_gym,flight_35,82,49.96,178.8185,ok,
2026_07_21_gym,flight_35,83,33.30,188.3780,ok,
2026_07_21_gym,flight_35,84,16.65,201.6150,ok,
2026_07_21_gym,flight_36,3,1332.16,1780.6390,ok,
2026_07_21_gym,flight_36,4,1315.51,2535.3118,ok,
2026_07_21_gym,flight_36,5,1298.86,554.8688,ok,
2026_07_21_gym,flight_36,6,1282.21,640.2578,ok,
2026_07_21_gym,flight_36,7,1265.56,615.5235,ok,
2026_07_21_gym,flight_36,8,1248.90,950.6647,ok,
2026_07_21_gym,flight_36,9,1232.25,1011.6291,ok,
2026_07_21_gym,flight_36,10,1215.60,517.8273,ok,
2026_07_21_gym,flight_36,11,1198.95,466.9744,ok,
2026_07_21_gym,flight_36,12,1182.29,896.4847,ok,
2026_07_21_gym,flight_36,13,1165.64,287.1811,ok,
2026_07_21_gym,flight_36,14,1148.99,268.4663,ok,
2026_07_21_gym,flight_36,15,1132.34,217.8176,ok,
2026_07_21_gym,flight_36,16,1115.69,197.2195,ok,
2026_07_21_gym,flight_36,17,1099.04,196.8866,ok,
2026_07_21_gym,flight_36,18,1082.38,201.4890,ok,
2026_07_21_gym,flight_36,19,1065.73,194.5091,ok,
2026_07_21_gym,flight_36,20,1049.08,177.7504,ok,
2026_07_21_gym,flight_36,21,1032.43,228.4946,ok,
2026_07_21_gym,flight_36,22,1015.77,172.2161,ok,
2026_07_21_gym,flight_36,23,999.12,139.6240,ok,
2026_07_21_gym,flight_36,24,982.47,131.6795,ok,
2026_07_21_gym,flight_36,25,965.82,133.0887,ok,
2026_07_21_gym,flight_36,26,949.17,136.0632,ok,
2026_07_21_gym,flight_36,27,932.51,137.1824,ok,
2026_07_21_gym,flight_36,28,915.86,133.5626,ok,
2026_07_21_gym,flight_36,29,899.21,128.6541,ok,
2026_07_21_gym,flight_36,30,882.56,124.6477,ok,
2026_07_21_gym,flight_36,31,865.91,120.9469,ok,
2026_07_21_gym,flight_36,32,849.25,121.8502,ok,
2026_07_21_gym,flight_36,33,832.60,123.3070,ok,
2026_07_21_gym,flight_36,34,815.95,123.4908,ok,
2026_07_21_gym,flight_36,35,799.30,113.2431,ok,
2026_07_21_gym,flight_36,36,782.65,121.3152,ok,
2026_07_21_gym,flight_36,37,765.99,114.2653,ok,
2026_07_21_gym,flight_36,38,749.34,107.3388,ok,
2026_07_21_gym,flight_36,39,732.69,104.0259,ok,
2026_07_21_gym,flight_36,40,716.04,95.8323,ok,
2026_07_21_gym,flight_36,41,699.39,93.0125,ok,
2026_07_21_gym,flight_36,42,682.73,92.6714,ok,
2026_07_21_gym,flight_36,43,666.08,89.5297,ok,
2026_07_21_gym,flight_36,44,649.43,86.8969,ok,
2026_07_21_gym,flight_36,45,632.78,87.9759,ok,
2026_07_21_gym,flight_36,46,616.13,86.5183,ok,
2026_07_21_gym,flight_36,47,599.47,88.0776,ok,
2026_07_21_gym,flight_36,48,582.82,82.9894,ok,
2026_07_21_gym,flight_36,49,566.17,79.8217,ok,
2026_07_21_gym,flight_36,50,549.52,83.5979,ok,
2026_07_21_gym,flight_36,51,532.87,86.8444,ok,
2026_07_21_gym,flight_36,52,516.21,86.7098,ok,
2026_07_21_gym,flight_36,53,499.56,80.8663,ok,
2026_07_21_gym,flight_36,54,482.91,76.9001,ok,
2026_07_21_gym,flight_36,55,466.26,73.0104,ok,
2026_07_21_gym,flight_36,56,449.61,74.4832,ok,
2026_07_21_gym,flight_36,57,432.95,72.6574,ok,
2026_07_21_gym,flight_36,58,416.30,70.9537,ok,
2026_07_21_gym,flight_36,59,399.65,70.3323,ok,
2026_07_21_gym,flight_36,60,383.00,69.1536,ok,
2026_07_21_gym,flight_36,61,366.34,71.0781,ok,
2026_07_21_gym,flight_36,62,349.69,67.0644,ok,
2026_07_21_gym,flight_36,63,333.04,58.8121,ok,
2026_07_21_gym,flight_36,64,316.39,59.9575,ok,
2026_07_21_gym,flight_36,65,299.74,63.7368,ok,
2026_07_21_gym,flight_36,66,283.08,59.2433,ok,
2026_07_21_gym,flight_36,67,266.43,54.5188,ok,
2026_07_21_gym,flight_36,68,233.13,50.1549,ok,
2026_07_21_gym,flight_36,69,216.48,44.1478,ok,
2026_07_21_gym,flight_36,70,199.82,36.1763,ok,
2026_07_21_gym,flight_36,71,183.17,34.3694,ok,
2026_07_21_gym,flight_36,72,166.52,32.9370,ok,
2026_07_21_gym,flight_36,73,149.87,36.8075,ok,
2026_07_21_gym,flight_36,74,133.22,41.9877,ok,
2026_07_21_gym,flight_36,75,116.56,39.0815,ok,
2026_07_21_gym,flight_36,76,99.91,37.7673,ok,
2026_07_21_gym,flight_36,77,83.26,31.5079,ok,
2026_07_21_gym,flight_36,78,66.61,33.1025,ok,
2026_07_21_gym,flight_36,79,49.96,34.1695,ok,
2026_07_21_gym,flight_36,80,33.30,37.1996,ok,
2026_07_21_gym,flight_36,81,16.65,27.0541,ok,
2026_07_21_gym,flight_37,3,1332.16,3859.5467,ok,
2026_07_21_gym,flight_37,4,1315.51,2064.7020,ok,
2026_07_21_gym,flight_37,5,1298.86,631.1647,ok,
2026_07_21_gym,flight_37,6,1282.21,3173.1876,ok,
2026_07_21_gym,flight_37,7,1265.56,2146.7278,ok,
2026_07_21_gym,flight_37,8,1248.90,927.8816,ok,
2026_07_21_gym,flight_37,9,1232.25,1223.0921,ok,
2026_07_21_gym,flight_37,10,1215.60,906.0981,ok,
2026_07_21_gym,flight_37,11,1198.95,664.4325,ok,
2026_07_21_gym,flight_37,12,1182.30,586.4444,ok,
2026_07_21_gym,flight_37,13,1165.64,438.3585,ok,
2026_07_21_gym,flight_37,14,1148.99,127.2116,ok,
2026_07_21_gym,flight_37,15,1132.34,321.8329,ok,
2026_07_21_gym,flight_37,16,1115.69,127.0201,ok,
2026_07_21_gym,flight_37,17,1099.04,185.4832,ok,
2026_07_21_gym,flight_37,18,1082.38,276.4586,ok,
2026_07_21_gym,flight_37,19,1065.73,301.0376,ok,
2026_07_21_gym,flight_37,20,1049.08,342.0078,ok,
2026_07_21_gym,flight_37,21,1032.43,361.1757,ok,
2026_07_21_gym,flight_37,22,1015.78,333.5058,ok,
2026_07_21_gym,flight_37,23,999.12,421.0393,ok,
2026_07_21_gym,flight_37,24,982.47,559.8786,ok,
2026_07_21_gym,flight_37,25,965.82,475.3477,ok,
2026_07_21_gym,flight_37,26,949.17,296.5128,ok,
2026_07_21_gym,flight_37,27,932.51,391.0831,ok,
2026_07_21_gym,flight_37,28,915.86,286.2595,ok,
2026_07_21_gym,flight_37,29,899.21,180.2433,ok,
2026_07_21_gym,flight_37,30,865.91,208.9302,ok,
2026_07_21_gym,flight_37,31,849.25,220.5928,ok,
2026_07_21_gym,flight_37,32,832.60,199.7965,ok,
2026_07_21_gym,flight_37,33,815.95,195.9656,ok,
2026_07_21_gym,flight_37,34,799.30,170.4569,ok,
2026_07_21_gym,flight_37,35,782.65,163.8811,ok,
2026_07_21_gym,flight_37,36,765.99,144.0587,ok,
2026_07_21_gym,flight_37,37,749.34,126.8534,ok,
2026_07_21_gym,flight_37,38,732.69,131.7454,ok,
2026_07_21_gym,flight_37,39,716.04,121.0666,ok,
2026_07_21_gym,flight_37,40,699.39,119.8138,ok,
2026_07_21_gym,flight_37,41,682.73,132.5014,ok,
2026_07_21_gym,flight_37,42,666.08,132.2193,ok,
2026_07_21_gym,flight_37,43,649.43,139.6867,ok,
2026_07_21_gym,flight_37,44,632.78,145.6583,ok,
2026_07_21_gym,flight_37,45,616.13,127.2525,ok,
2026_07_21_gym,flight_37,46,599.47,136.0330,ok,
2026_07_21_gym,flight_37,47,582.82,136.6663,ok,
2026_07_21_gym,flight_37,48,566.17,128.4776,ok,
2026_07_21_gym,flight_37,49,549.52,128.8699,ok,
2026_07_21_gym,flight_37,50,532.87,141.2190,ok,
2026_07_21_gym,flight_37,51,516.21,185.5416,ok,
2026_07_21_gym,flight_37,52,499.56,183.5281,ok,
2026_07_21_gym,flight_37,53,482.91,179.5390,ok,
2026_07_21_gym,flight_37,54,466.26,190.9531,ok,
2026_07_21_gym,flight_37,55,449.60,168.3841,ok,
2026_07_21_gym,flight_37,56,432.95,164.8650,ok,
2026_07_21_gym,flight_37,57,416.30,161.1653,ok,
2026_07_21_gym,flight_37,58,399.65,157.7303,ok,
2026_07_21_gym,flight_37,59,383.00,160.9567,ok,
2026_07_21_gym,flight_37,60,366.34,153.5778,ok,
2026_07_21_gym,flight_37,61,349.69,153.8638,ok,
2026_07_21_gym,flight_37,62,333.04,148.6887,ok,
2026_07_21_gym,flight_37,63,316.39,147.8070,ok,
2026_07_21_gym,flight_37,64,299.74,149.9034,ok,
2026_07_21_gym,flight_37,65,283.09,151.4619,ok,
2026_07_21_gym,flight_37,66,266.43,147.7826,ok,
2026_07_21_gym,flight_37,67,249.78,145.1386,ok,
2026_07_21_gym,flight_37,68,233.13,150.4433,ok,
2026_07_21_gym,flight_37,69,216.48,151.4876,ok,
2026_07_21_gym,flight_37,70,199.82,152.6568,ok,
2026_07_21_gym,flight_37,71,183.17,153.0760,ok,
2026_07_21_gym,flight_37,72,166.52,154.4031,ok,
2026_07_21_gym,flight_37,73,149.87,156.2226,ok,
2026_07_21_gym,flight_37,74,133.22,149.1784,ok,
2026_07_21_gym,flight_37,75,116.56,144.9025,ok,
2026_07_21_gym,flight_37,76,99.91,142.8783,ok,
2026_07_21_gym,flight_37,77,83.26,138.8955,ok,
2026_07_21_gym,flight_37,78,66.61,142.4011,ok,
2026_07_21_gym,flight_37,79,49.96,128.0814,ok,
2026_07_21_gym,flight_37,80,33.30,125.9029,ok,
2026_07_21_gym,flight_37,81,16.65,120.2134,ok,
2026_07_21_gym,flight_38,3,1498.68,6508.4257,ok,
2026_07_21_gym,flight_38,4,1482.03,2641.4670,ok,
2026_07_21_gym,flight_38,5,1465.38,765.5358,ok,
2026_07_21_gym,flight_38,6,1448.73,1077.5978,ok,
2026_07_21_gym,flight_38,7,1432.08,359.7472,ok,
2026_07_21_gym,flight_38,8,1415.42,1042.5522,ok,
2026_07_21_gym,flight_38,9,1398.77,662.4286,ok,
2026_07_21_gym,flight_38,10,1382.12,207.3009,ok,
2026_07_21_gym,flight_38,11,1365.47,600.6515,ok,
2026_07_21_gym,flight_38,12,1348.82,950.9852,ok,
2026_07_21_gym,flight_38,13,1332.16,521.8914,ok,
2026_07_21_gym,flight_38,14,1315.51,315.2563,ok,
2026_07_21_gym,flight_38,15,1298.86,537.0179,ok,
2026_07_21_gym,flight_38,16,1282.21,442.7247,ok,
2026_07_21_gym,flight_38,17,1265.56,606.3837,ok,
2026_07_21_gym,flight_38,18,1248.90,748.8006,ok,
2026_07_21_gym,flight_38,19,1232.25,651.6388,ok,
2026_07_21_gym,flight_38,20,1215.60,486.2098,ok,
2026_07_21_gym,flight_38,21,1182.30,365.1419,ok,
2026_07_21_gym,flight_38,22,1165.64,185.4496,ok,
2026_07_21_gym,flight_38,23,1115.69,195.9961,ok,
2026_07_21_gym,flight_38,24,1099.04,163.9657,ok,
2026_07_21_gym,flight_38,25,1082.38,177.7892,ok,
2026_07_21_gym,flight_38,26,1065.73,247.0935,ok,
2026_07_21_gym,flight_38,27,1032.43,234.3397,ok,
2026_07_21_gym,flight_38,28,1015.78,205.8145,ok,
2026_07_21_gym,flight_38,29,999.12,177.9635,ok,
2026_07_21_gym,flight_38,30,982.47,170.6242,ok,
2026_07_21_gym,flight_38,31,965.82,164.7414,ok,
2026_07_21_gym,flight_38,32,949.17,140.2520,ok,
2026_07_21_gym,flight_38,33,932.51,135.6128,ok,
2026_07_21_gym,flight_38,34,915.86,132.6092,ok,
2026_07_21_gym,flight_38,35,899.21,121.4401,ok,
2026_07_21_gym,flight_38,36,882.56,123.9390,ok,
2026_07_21_gym,flight_38,37,865.91,114.0446,ok,
2026_07_21_gym,flight_38,38,849.26,100.4954,ok,
2026_07_21_gym,flight_38,39,832.60,96.0506,ok,
2026_07_21_gym,flight_38,40,815.95,92.6875,ok,
2026_07_21_gym,flight_38,41,799.30,86.7198,ok,
2026_07_21_gym,flight_38,42,782.65,96.2262,ok,
2026_07_21_gym,flight_38,43,766.00,86.8451,ok,
2026_07_21_gym,flight_38,44,749.34,99.5315,ok,
2026_07_21_gym,flight_38,45,716.04,122.5988,ok,
2026_07_21_gym,flight_38,46,682.73,115.3977,ok,
2026_07_21_gym,flight_38,47,666.08,111.1985,ok,
2026_07_21_gym,flight_38,48,649.43,100.9862,ok,
2026_07_21_gym,flight_38,49,632.78,112.5635,ok,
2026_07_21_gym,flight_38,50,616.13,101.1139,ok,
2026_07_21_gym,flight_38,51,599.47,96.6491,ok,
2026_07_21_gym,flight_38,52,582.82,107.6935,ok,
2026_07_21_gym,flight_38,53,566.17,106.1504,ok,
2026_07_21_gym,flight_38,54,532.87,132.0498,ok,
2026_07_21_gym,flight_38,55,516.21,119.2745,ok,
2026_07_21_gym,flight_38,56,499.56,110.7345,ok,
2026_07_21_gym,flight_38,57,482.91,105.9006,ok,
2026_07_21_gym,flight_38,58,466.26,108.2435,ok,
2026_07_21_gym,flight_38,59,449.61,116.9491,ok,
2026_07_21_gym,flight_38,60,432.95,112.3420,ok,
2026_07_21_gym,flight_38,61,416.30,109.7504,ok,
2026_07_21_gym,flight_38,62,399.65,109.2255,ok,
2026_07_21_gym,flight_38,63,383.00,106.3264,ok,
2026_07_21_gym,flight_38,64,366.35,106.0794,ok,
2026_07_21_gym,flight_38,65,349.69,104.0354,ok,
2026_07_21_gym,flight_38,66,333.04,104.7500,ok,
2026_07_21_gym,flight_38,67,316.39,106.5370,ok,
2026_07_21_gym,flight_38,68,299.74,107.9902,ok,
2026_07_21_gym,flight_38,69,283.09,100.5949,ok,
2026_07_21_gym,flight_38,70,266.43,103.4438,ok,
2026_07_21_gym,flight_38,71,249.78,96.2546,ok,
2026_07_21_gym,flight_38,72,233.13,93.1169,ok,
2026_07_21_gym,flight_38,73,216.48,97.2060,ok,
2026_07_21_gym,flight_38,74,199.83,92.5022,ok,
2026_07_21_gym,flight_38,75,183.17,91.5292,ok,
2026_07_21_gym,flight_38,76,166.52,92.1361,ok,
2026_07_21_gym,flight_38,77,149.87,89.4811,ok,
2026_07_21_gym,flight_38,78,133.22,86.7363,ok,
2026_07_21_gym,flight_38,79,116.57,81.0541,ok,
2026_07_21_gym,flight_38,80,99.91,84.4634,ok,
2026_07_21_gym,flight_38,81,83.26,83.6737,ok,
2026_07_21_gym,flight_38,82,66.61,76.5630,ok,
2026_07_21_gym,flight_38,83,49.96,75.5671,ok,
2026_07_21_gym,flight_38,84,33.30,72.1040,ok,
2026_07_21_gym,flight_38,85,16.65,70.5634,ok,
2026_07_21_gym,flight_39,3,1348.82,1066.7228,ok,
2026_07_21_gym,flight_39,4,1332.16,391.4259,ok,
2026_07_21_gym,flight_39,5,1315.51,4061.1063,ok,
2026_07_21_gym,flight_39,6,1298.86,2445.0771,ok,
2026_07_21_gym,flight_39,7,1282.21,1599.2310,ok,
2026_07_21_gym,flight_39,8,1265.56,1317.1569,ok,
2026_07_21_gym,flight_39,9,1248.90,673.6261,ok,
2026_07_21_gym,flight_39,10,1232.25,169.8991,ok,
2026_07_21_gym,flight_39,11,1215.60,186.2877,ok,
2026_07_21_gym,flight_39,12,1198.95,226.6169,ok,
2026_07_21_gym,flight_39,13,1182.30,166.3219,ok,
2026_07_21_gym,flight_39,14,1165.64,169.6658,ok,
2026_07_21_gym,flight_39,15,1148.99,287.9263,ok,
2026_07_21_gym,flight_39,16,1132.34,132.8968,ok,
2026_07_21_gym,flight_39,17,1115.69,288.6691,ok,
2026_07_21_gym,flight_39,18,1099.04,180.1280,ok,
2026_07_21_gym,flight_39,19,1082.38,203.7061,ok,
2026_07_21_gym,flight_39,20,1065.73,222.4124,ok,
2026_07_21_gym,flight_39,21,1049.08,176.4365,ok,
2026_07_21_gym,flight_39,22,1032.43,155.2145,ok,
2026_07_21_gym,flight_39,23,1015.78,193.9116,ok,
2026_07_21_gym,flight_39,24,999.12,125.5742,ok,
2026_07_21_gym,flight_39,25,982.47,118.8029,ok,
2026_07_21_gym,flight_39,26,965.82,194.0466,ok,
2026_07_21_gym,flight_39,27,949.17,200.9251,ok,
2026_07_21_gym,flight_39,28,932.51,210.3562,ok,
2026_07_21_gym,flight_39,29,915.86,227.4839,ok,
2026_07_21_gym,flight_39,30,899.21,203.2192,ok,
2026_07_21_gym,flight_39,31,882.56,186.6659,ok,
2026_07_21_gym,flight_39,32,865.91,214.8958,ok,
2026_07_21_gym,flight_39,33,849.25,208.3067,ok,
2026_07_21_gym,flight_39,34,832.60,243.9999,ok,
2026_07_21_gym,flight_39,35,815.95,281.2934,ok,
2026_07_21_gym,flight_39,36,799.30,253.6568,ok,
2026_07_21_gym,flight_39,37,782.65,256.2532,ok,
2026_07_21_gym,flight_39,38,765.99,246.0711,ok,
2026_07_21_gym,flight_39,39,749.34,253.6996,ok,
2026_07_21_gym,flight_39,40,732.69,260.5508,ok,
2026_07_21_gym,flight_39,41,716.04,250.9809,ok,
2026_07_21_gym,flight_39,42,699.39,243.9554,ok,
2026_07_21_gym,flight_39,43,682.73,237.5346,ok,
2026_07_21_gym,flight_39,44,666.08,235.7854,ok,
2026_07_21_gym,flight_39,45,649.43,223.9062,ok,
2026_07_21_gym,flight_39,46,632.78,224.5480,ok,
2026_07_21_gym,flight_39,47,616.13,224.7623,ok,
2026_07_21_gym,flight_39,48,599.47,215.3918,ok,
2026_07_21_gym,flight_39,49,582.82,231.3701,ok,
2026_07_21_gym,flight_39,50,566.17,233.3521,ok,
2026_07_21_gym,flight_39,51,549.52,246.6178,ok,
2026_07_21_gym,flight_39,52,532.87,231.5471,ok,
2026_07_21_gym,flight_39,53,516.21,216.5867,ok,
2026_07_21_gym,flight_39,54,499.56,217.7647,ok,
2026_07_21_gym,flight_39,55,482.91,212.3990,ok,
2026_07_21_gym,flight_39,56,466.26,211.9818,ok,
2026_07_21_gym,flight_39,57,449.61,226.9936,ok,
2026_07_21_gym,flight_39,58,432.95,200.3583,ok,
2026_07_21_gym,flight_39,59,416.30,202.5180,ok,
2026_07_21_gym,flight_39,60,399.65,201.0771,ok,
2026_07_21_gym,flight_39,61,383.00,206.0684,ok,
2026_07_21_gym,flight_39,62,366.35,216.6450,ok,
2026_07_21_gym,flight_39,63,349.69,213.5017,ok,
2026_07_21_gym,flight_39,64,333.04,204.1180,ok,
2026_07_21_gym,flight_39,65,316.39,203.6886,ok,
2026_07_21_gym,flight_39,66,299.74,199.2997,ok,
2026_07_21_gym,flight_39,67,283.09,196.7677,ok,
2026_07_21_gym,flight_39,68,266.43,202.8789,ok,
2026_07_21_gym,flight_39,69,249.78,202.6651,ok,
2026_07_21_gym,flight_39,70,233.13,200.5091,ok,
2026_07_21_gym,flight_39,71,216.48,203.5145,ok,
2026_07_21_gym,flight_39,72,199.83,194.4553,ok,
2026_07_21_gym,flight_39,73,183.17,200.1262,ok,
2026_07_21_gym,flight_39,74,166.52,196.4815,ok,
2026_07_21_gym,flight_39,75,149.87,190.1781,ok,
2026_07_21_gym,flight_39,76,133.22,189.5761,ok,
2026_07_21_gym,flight_39,77,116.57,188.0386,ok,
2026_07_21_gym,flight_39,78,99.91,185.5436,ok,
2026_07_21_gym,flight_39,79,49.96,183.9613,ok,
2026_07_21_gym,flight_39,80,16.65,188.9649,ok,
2026_07_21_gym,flight_40,3,1215.60,1724.2750,ok,
2026_07_21_gym,flight_40,4,1198.95,2761.0308,ok,
2026_07_21_gym,flight_40,5,1182.29,2547.7485,ok,
2026_07_21_gym,flight_40,6,1165.64,519.3182,ok,
2026_07_21_gym,flight_40,7,1148.99,686.3585,ok,
2026_07_21_gym,flight_40,8,1132.34,496.9790,ok,
2026_07_21_gym,flight_40,9,1115.69,386.6179,ok,
2026_07_21_gym,flight_40,10,1099.04,369.6538,ok,
2026_07_21_gym,flight_40,11,1082.38,280.9342,ok,
2026_07_21_gym,flight_40,12,1065.73,1073.4500,ok,
2026_07_21_gym,flight_40,13,1032.43,850.3438,ok,
2026_07_21_gym,flight_40,14,1015.77,780.0573,ok,
2026_07_21_gym,flight_40,15,999.12,578.2215,ok,
2026_07_21_gym,flight_40,16,982.47,540.6798,ok,
2026_07_21_gym,flight_40,17,965.82,576.7695,ok,
2026_07_21_gym,flight_40,18,949.17,481.1347,ok,
2026_07_21_gym,flight_40,19,932.51,444.6736,ok,
2026_07_21_gym,flight_40,20,915.86,447.8739,ok,
2026_07_21_gym,flight_40,21,899.21,366.2115,ok,
2026_07_21_gym,flight_40,22,882.56,344.0900,ok,
2026_07_21_gym,flight_40,23,865.91,269.2809,ok,
2026_07_21_gym,flight_40,24,849.25,185.5621,ok,
2026_07_21_gym,flight_40,25,832.60,202.0228,ok,
2026_07_21_gym,flight_40,26,815.95,173.1609,ok,
2026_07_21_gym,flight_40,27,799.30,144.2712,ok,
2026_07_21_gym,flight_40,28,782.65,152.3931,ok,
2026_07_21_gym,flight_40,29,732.69,170.8884,ok,
2026_07_21_gym,flight_40,30,716.04,175.0817,ok,
2026_07_21_gym,flight_40,31,699.39,179.0108,ok,
2026_07_21_gym,flight_40,32,682.73,179.1478,ok,
2026_07_21_gym,flight_40,33,666.08,183.8122,ok,
2026_07_21_gym,flight_40,34,649.43,171.0538,ok,
2026_07_21_gym,flight_40,35,632.78,200.4859,ok,
2026_07_21_gym,flight_40,36,616.13,203.5639,ok,
2026_07_21_gym,flight_40,37,599.47,187.7767,ok,
2026_07_21_gym,flight_40,38,582.82,202.7042,ok,
2026_07_21_gym,flight_40,39,566.17,196.8840,ok,
2026_07_21_gym,flight_40,40,549.52,207.3706,ok,
2026_07_21_gym,flight_40,41,532.87,210.4567,ok,
2026_07_21_gym,flight_40,42,516.21,200.9617,ok,
2026_07_21_gym,flight_40,43,499.56,233.4895,ok,
2026_07_21_gym,flight_40,44,482.91,216.8534,ok,
2026_07_21_gym,flight_40,45,466.26,216.8724,ok,
2026_07_21_gym,flight_40,46,449.61,214.1596,ok,
2026_07_21_gym,flight_40,47,432.95,202.6920,ok,
2026_07_21_gym,flight_40,48,416.30,201.9222,ok,
2026_07_21_gym,flight_40,49,399.65,196.7974,ok,
2026_07_21_gym,flight_40,50,383.00,196.8220,ok,
2026_07_21_gym,flight_40,51,366.35,195.5441,ok,
2026_07_21_gym,flight_40,52,349.69,199.7549,ok,
2026_07_21_gym,flight_40,53,333.04,185.5113,ok,
2026_07_21_gym,flight_40,54,316.39,179.8183,ok,
2026_07_21_gym,flight_40,55,299.74,181.0152,ok,
2026_07_21_gym,flight_40,56,283.08,184.5913,ok,
2026_07_21_gym,flight_40,57,249.78,182.4273,ok,
2026_07_21_gym,flight_40,58,233.13,191.7415,ok,
2026_07_21_gym,flight_40,59,216.48,187.5105,ok,
2026_07_21_gym,flight_40,60,199.82,187.6461,ok,
2026_07_21_gym,flight_40,61,183.17,185.1255,ok,
2026_07_21_gym,flight_40,62,166.52,184.5201,ok,
2026_07_21_gym,flight_40,63,149.87,180.1309,ok,
2026_07_21_gym,flight_40,64,133.22,174.9752,ok,
2026_07_21_gym,flight_40,65,116.56,174.3264,ok,
2026_07_21_gym,flight_40,66,99.91,166.0800,ok,
2026_07_21_gym,flight_40,67,83.26,159.9870,ok,
2026_07_21_gym,flight_40,68,66.61,166.8337,ok,
2026_07_21_gym,flight_40,69,49.96,178.2213,ok,
2026_07_21_gym,flight_40,70,33.30,174.5808,ok,
2026_07_21_gym,flight_40,71,16.65,175.5490,ok,
2026_07_21_gym,flight_41,3,1432.08,3041.8282,ok,
2026_07_21_gym,flight_41,4,1415.42,937.0229,ok,
2026_07_21_gym,flight_41,5,1398.77,1419.5259,ok,
2026_07_21_gym,flight_41,6,1382.12,1601.9020,ok,
2026_07_21_gym,flight_41,7,1365.47,1492.9770,ok,
2026_07_21_gym,flight_41,8,1348.82,286.7217,ok,
2026_07_21_gym,flight_41,9,1315.51,1132.0842,ok,
2026_07_21_gym,flight_41,10,1298.86,662.1686,ok,
2026_07_21_gym,flight_41,11,1282.21,200.2934,ok,
2026_07_21_gym,flight_41,12,1265.56,111.2655,ok,
2026_07_21_gym,flight_41,13,1248.90,557.6928,ok,
2026_07_21_gym,flight_41,14,1232.25,116.9093,ok,
2026_07_21_gym,flight_41,15,1215.60,162.6309,ok,
2026_07_21_gym,flight_41,16,1198.95,365.7962,ok,
2026_07_21_gym,flight_41,17,1182.30,212.4508,ok,
2026_07_21_gym,flight_41,18,1165.64,184.8442,ok,
2026_07_21_gym,flight_41,19,1148.99,297.3753,ok,
2026_07_21_gym,flight_41,20,1132.34,211.2905,ok,
2026_07_21_gym,flight_41,21,1115.69,174.8216,ok,
2026_07_21_gym,flight_41,22,1099.04,193.1205,ok,
2026_07_21_gym,flight_41,23,1082.38,172.5831,ok,
2026_07_21_gym,flight_41,24,1065.73,243.7537,ok,
2026_07_21_gym,flight_41,25,1049.08,147.7420,ok,
2026_07_21_gym,flight_41,26,1032.43,161.0245,ok,
2026_07_21_gym,flight_41,27,1015.77,124.4975,ok,
2026_07_21_gym,flight_41,28,999.12,120.8589,ok,
2026_07_21_gym,flight_41,29,982.47,114.8203,ok,
2026_07_21_gym,flight_41,30,965.82,117.5919,ok,
2026_07_21_gym,flight_41,31,949.17,124.9588,ok,
2026_07_21_gym,flight_41,32,932.51,124.4676,ok,
2026_07_21_gym,flight_41,33,915.86,142.2807,ok,
2026_07_21_gym,flight_41,34,899.21,159.2979,ok,
2026_07_21_gym,flight_41,35,882.56,138.6471,ok,
2026_07_21_gym,flight_41,36,865.91,154.3309,ok,
2026_07_21_gym,flight_41,37,849.25,153.5820,ok,
2026_07_21_gym,flight_41,38,832.60,143.7253,ok,
2026_07_21_gym,flight_41,39,815.95,148.6668,ok,
2026_07_21_gym,flight_41,40,799.30,148.9113,ok,
2026_07_21_gym,flight_41,41,782.65,146.7431,ok,
2026_07_21_gym,flight_41,42,765.99,152.0021,ok,
2026_07_21_gym,flight_41,43,749.34,151.0598,ok,
2026_07_21_gym,flight_41,44,732.69,147.6577,ok,
2026_07_21_gym,flight_41,45,716.04,147.8985,ok,
2026_07_21_gym,flight_41,46,699.39,145.0031,ok,
2026_07_21_gym,flight_41,47,682.73,143.4112,ok,
2026_07_21_gym,flight_41,48,666.08,142.1654,ok,
2026_07_21_gym,flight_41,49,649.43,139.8057,ok,
2026_07_21_gym,flight_41,50,632.78,138.0408,ok,
2026_07_21_gym,flight_41,51,616.13,136.6165,ok,
2026_07_21_gym,flight_41,52,599.47,131.9647,ok,
2026_07_21_gym,flight_41,53,582.82,129.0560,ok,
2026_07_21_gym,flight_41,54,566.17,125.5310,ok,
2026_07_21_gym,flight_41,55,549.52,119.5169,ok,
2026_07_21_gym,flight_41,56,532.87,116.8947,ok,
2026_07_21_gym,flight_41,57,516.21,114.0046,ok,
2026_07_21_gym,flight_41,58,499.56,109.7571,ok,
2026_07_21_gym,flight_41,59,482.91,107.4443,ok,
2026_07_21_gym,flight_41,60,466.26,105.1128,ok,
2026_07_21_gym,flight_41,61,449.61,102.8488,ok,
2026_07_21_gym,flight_41,62,432.95,100.9164,ok,
2026_07_21_gym,flight_41,63,416.30,99.2093,ok,
2026_07_21_gym,flight_41,64,399.65,96.8220,ok,
2026_07_21_gym,flight_41,65,383.00,96.4509,ok,
2026_07_21_gym,flight_41,66,366.34,97.4125,ok,
2026_07_21_gym,flight_41,67,349.69,95.2240,ok,
2026_07_21_gym,flight_41,68,333.04,96.5851,ok,
2026_07_21_gym,flight_41,69,316.39,94.2872,ok,
2026_07_21_gym,flight_41,70,299.74,93.4129,ok,
2026_07_21_gym,flight_41,71,283.08,94.8930,ok,
2026_07_21_gym,flight_41,72,266.43,93.9268,ok,
2026_07_21_gym,flight_41,73,249.78,96.2369,ok,
2026_07_21_gym,flight_41,74,233.13,97.7532,ok,
2026_07_21_gym,flight_41,75,216.48,98.2083,ok,
2026_07_21_gym,flight_41,76,199.82,92.9118,ok,
2026_07_21_gym,flight_41,77,183.17,87.6369,ok,
2026_07_21_gym,flight_41,78,149.87,86.7531,ok,
2026_07_21_gym,flight_41,79,133.22,84.4409,ok,
2026_07_21_gym,flight_41,80,116.56,78.3238,ok,
2026_07_21_gym,flight_41,81,99.91,79.6821,ok,
2026_07_21_gym,flight_41,82,83.26,78.0153,ok,
2026_07_21_gym,flight_41,83,66.61,75.4289,ok,
2026_07_21_gym,flight_41,84,49.96,74.1051,ok,
2026_07_21_gym,flight_41,85,33.30,74.3988,ok,
2026_07_21_gym,flight_41,86,16.65,73.4461,ok,
2026_07_21_gym,flight_42,3,1415.42,955.8274,ok,
2026_07_21_gym,flight_42,4,1398.77,2959.8998,ok,
2026_07_21_gym,flight_42,5,1382.12,865.1295,ok,
2026_07_21_gym,flight_42,6,1365.47,1976.4563,ok,
2026_07_21_gym,flight_42,7,1348.82,2192.5465,ok,
2026_07_21_gym,flight_42,8,1332.16,779.8375,ok,
2026_07_21_gym,flight_42,9,1315.51,1161.7035,ok,
2026_07_21_gym,flight_42,10,1298.86,1248.9243,ok,
2026_07_21_gym,flight_42,11,1282.21,118.6953,ok,
2026_07_21_gym,flight_42,12,1265.56,517.5257,ok,
2026_07_21_gym,flight_42,13,1248.90,817.3709,ok,
2026_07_21_gym,flight_42,14,1232.25,158.2545,ok,
2026_07_21_gym,flight_42,15,1215.60,590.7464,ok,
2026_07_21_gym,flight_42,16,1198.95,1039.8094,ok,
2026_07_21_gym,flight_42,17,1182.30,138.1730,ok,
2026_07_21_gym,flight_42,18,1165.64,64.6909,ok,
2026_07_21_gym,flight_42,19,1132.34,239.5625,ok,
2026_07_21_gym,flight_42,20,1115.69,202.4446,ok,
2026_07_21_gym,flight_42,21,1082.38,247.6137,ok,
2026_07_21_gym,flight_42,22,1065.73,208.5462,ok,
2026_07_21_gym,flight_42,23,1049.08,205.5373,ok,
2026_07_21_gym,flight_42,24,1032.43,219.0581,ok,
2026_07_21_gym,flight_42,25,1015.78,228.8387,ok,
2026_07_21_gym,flight_42,26,999.12,256.8763,ok,
2026_07_21_gym,flight_42,27,982.47,263.9579,ok,
2026_07_21_gym,flight_42,28,965.82,323.0124,ok,
2026_07_21_gym,flight_42,29,949.17,426.7458,ok,
2026_07_21_gym,flight_42,30,932.51,348.1563,ok,
2026_07_21_gym,flight_42,31,915.86,344.2347,ok,
2026_07_21_gym,flight_42,32,899.21,339.7594,ok,
2026_07_21_gym,flight_42,33,882.56,295.2035,ok,
2026_07_21_gym,flight_42,34,849.25,259.6340,ok,
2026_07_21_gym,flight_42,35,815.95,230.4455,ok,
2026_07_21_gym,flight_42,36,799.30,202.3439,ok,
2026_07_21_gym,flight_42,37,782.65,194.2839,ok,
2026_07_21_gym,flight_42,38,765.99,178.9086,ok,
2026_07_21_gym,flight_42,39,749.34,177.6671,ok,
2026_07_21_gym,flight_42,40,732.69,198.2692,ok,
2026_07_21_gym,flight_42,41,716.04,185.5318,ok,
2026_07_21_gym,flight_42,42,699.39,184.6416,ok,
2026_07_21_gym,flight_42,43,682.73,182.9971,ok,
2026_07_21_gym,flight_42,44,666.08,182.3994,ok,
2026_07_21_gym,flight_42,45,649.43,180.0631,ok,
2026_07_21_gym,flight_42,46,632.78,176.3761,ok,
2026_07_21_gym,flight_42,47,616.13,175.8388,ok,
2026_07_21_gym,flight_42,48,599.47,171.6882,ok,
2026_07_21_gym,flight_42,49,582.82,167.0684,ok,
2026_07_21_gym,flight_42,50,566.17,167.3587,ok,
2026_07_21_gym,flight_42,51,549.52,165.8316,ok,
2026_07_21_gym,flight_42,52,532.87,159.3331,ok,
2026_07_21_gym,flight_42,53,516.21,157.7252,ok,
2026_07_21_gym,flight_42,54,499.56,157.3333,ok,
2026_07_21_gym,flight_42,55,482.91,153.3208,ok,
2026_07_21_gym,flight_42,56,466.26,152.9382,ok,
2026_07_21_gym,flight_42,57,449.61,151.7315,ok,
2026_07_21_gym,flight_42,58,432.95,148.4821,ok,
2026_07_21_gym,flight_42,59,416.30,146.9975,ok,
2026_07_21_gym,flight_42,60,399.65,147.5741,ok,
2026_07_21_gym,flight_42,61,383.00,145.8831,ok,
2026_07_21_gym,flight_42,62,366.34,142.1097,ok,
2026_07_21_gym,flight_42,63,349.69,143.6322,ok,
2026_07_21_gym,flight_42,64,333.04,143.4083,ok,
2026_07_21_gym,flight_42,65,316.39,140.5399,ok,
2026_07_21_gym,flight_42,66,299.74,141.5260,ok,
2026_07_21_gym,flight_42,67,283.08,139.4309,ok,
2026_07_21_gym,flight_42,68,266.43,138.3631,ok,
2026_07_21_gym,flight_42,69,249.78,143.9692,ok,
2026_07_21_gym,flight_42,70,233.13,138.8569,ok,
2026_07_21_gym,flight_42,71,216.48,127.4155,ok,
2026_07_21_gym,flight_42,72,199.82,122.9306,ok,
2026_07_21_gym,flight_42,73,183.17,120.0260,ok,
2026_07_21_gym,flight_42,74,166.52,113.1458,ok,
2026_07_21_gym,flight_42,75,149.87,106.2731,ok,
2026_07_21_gym,flight_42,76,133.22,108.6114,ok,
2026_07_21_gym,flight_42,77,116.56,115.5525,ok,
2026_07_21_gym,flight_42,78,99.91,121.7741,ok,
2026_07_21_gym,flight_42,79,83.26,134.2810,ok,
2026_07_21_gym,flight_42,80,66.61,131.2666,ok,
2026_07_21_gym,flight_42,81,49.96,122.3143,ok,
2026_07_21_gym,flight_42,82,33.30,116.5915,ok,
2026_07_21_gym,flight_42,83,16.65,117.3328,ok,
2026_07_21_gym,flight_43,3,1398.77,1404.2325,ok,
2026_07_21_gym,flight_43,4,1382.12,519.2422,ok,
2026_07_21_gym,flight_43,5,1365.47,970.3474,ok,
2026_07_21_gym,flight_43,6,1348.82,831.5074,ok,
2026_07_21_gym,flight_43,7,1332.16,690.4795,ok,
2026_07_21_gym,flight_43,8,1315.51,974.1135,ok,
2026_07_21_gym,flight_43,9,1298.86,685.6803,ok,
2026_07_21_gym,flight_43,10,1282.21,359.1471,ok,
2026_07_21_gym,flight_43,11,1265.56,318.1998,ok,
2026_07_21_gym,flight_43,12,1248.90,505.7097,ok,
2026_07_21_gym,flight_43,13,1232.25,227.4155,ok,
2026_07_21_gym,flight_43,14,1215.60,204.7581,ok,
2026_07_21_gym,flight_43,15,1198.95,591.7301,ok,
2026_07_21_gym,flight_43,16,1165.64,546.3655,ok,
2026_07_21_gym,flight_43,17,1148.99,523.9192,ok,
2026_07_21_gym,flight_43,18,1132.34,473.3040,ok,
2026_07_21_gym,flight_43,19,1115.69,496.8432,ok,
2026_07_21_gym,flight_43,20,1099.04,467.5010,ok,
2026_07_21_gym,flight_43,21,1082.38,424.6907,ok,
2026_07_21_gym,flight_43,22,1065.73,412.2492,ok,
2026_07_21_gym,flight_43,23,1049.08,417.9318,ok,
2026_07_21_gym,flight_43,24,1032.43,380.4284,ok,
2026_07_21_gym,flight_43,25,1015.78,359.8462,ok,
2026_07_21_gym,flight_43,26,999.12,364.3929,ok,
2026_07_21_gym,flight_43,27,982.47,350.8325,ok,
2026_07_21_gym,flight_43,28,965.82,331.6114,ok,
2026_07_21_gym,flight_43,29,949.17,324.8714,ok,
2026_07_21_gym,flight_43,30,932.51,310.7020,ok,
2026_07_21_gym,flight_43,31,915.86,305.1433,ok,
2026_07_21_gym,flight_43,32,899.21,301.7286,ok,
2026_07_21_gym,flight_43,33,882.56,304.4024,ok,
2026_07_21_gym,flight_43,34,865.91,285.5839,ok,
2026_07_21_gym,flight_43,35,849.25,277.6068,ok,
2026_07_21_gym,flight_43,36,832.60,277.4768,ok,
2026_07_21_gym,flight_43,37,815.95,252.1167,ok,
2026_07_21_gym,flight_43,38,799.30,240.5112,ok,
2026_07_21_gym,flight_43,39,782.65,231.1386,ok,
2026_07_21_gym,flight_43,40,765.99,222.6941,ok,
2026_07_21_gym,flight_43,41,749.34,211.2096,ok,
2026_07_21_gym,flight_43,42,732.69,202.1248,ok,
2026_07_21_gym,flight_43,43,716.04,211.2701,ok,
2026_07_21_gym,flight_43,44,699.39,195.4622,ok,
2026_07_21_gym,flight_43,45,682.73,193.0109,ok,
2026_07_21_gym,flight_43,46,666.08,196.0324,ok,
2026_07_21_gym,flight_43,47,649.43,194.6211,ok,
2026_07_21_gym,flight_43,48,632.78,202.6510,ok,
2026_07_21_gym,flight_43,49,616.13,213.4816,ok,
2026_07_21_gym,flight_43,50,599.47,207.6599,ok,
2026_07_21_gym,flight_43,51,582.82,203.9591,ok,
2026_07_21_gym,flight_43,52,566.17,208.6802,ok,
2026_07_21_gym,flight_43,53,549.52,199.0657,ok,
2026_07_21_gym,flight_43,54,532.87,189.9550,ok,
2026_07_21_gym,flight_43,55,516.21,182.7385,ok,
2026_07_21_gym,flight_43,56,499.56,183.3324,ok,
2026_07_21_gym,flight_43,57,482.91,183.9230,ok,
2026_07_21_gym,flight_43,58,466.26,183.3371,ok,
2026_07_21_gym,flight_43,59,449.61,188.4449,ok,
2026_07_21_gym,flight_43,60,432.95,177.5797,ok,
2026_07_21_gym,flight_43,61,416.30,168.7218,ok,
2026_07_21_gym,flight_43,62,399.65,165.3715,ok,
2026_07_21_gym,flight_43,63,383.00,162.6509,ok,
2026_07_21_gym,flight_43,64,366.35,160.8419,ok,
2026_07_21_gym,flight_43,65,349.69,161.7153,ok,
2026_07_21_gym,flight_43,66,333.04,163.3170,ok,
2026_07_21_gym,flight_43,67,316.39,170.3896,ok,
2026_07_21_gym,flight_43,68,299.74,169.6354,ok,
2026_07_21_gym,flight_43,69,283.09,160.6564,ok,
2026_07_21_gym,flight_43,70,266.43,158.9468,ok,
2026_07_21_gym,flight_43,71,249.78,155.3825,ok,
2026_07_21_gym,flight_43,72,233.13,153.9944,ok,
2026_07_21_gym,flight_43,73,216.48,153.4160,ok,
2026_07_21_gym,flight_43,74,199.82,147.9237,ok,
2026_07_21_gym,flight_43,75,183.17,147.7648,ok,
2026_07_21_gym,flight_43,76,149.87,155.3465,ok,
2026_07_21_gym,flight_43,77,133.22,152.0843,ok,
2026_07_21_gym,flight_43,78,116.57,149.3812,ok,
2026_07_21_gym,flight_43,79,99.91,144.0484,ok,
2026_07_21_gym,flight_43,80,83.26,142.6244,ok,
2026_07_21_gym,flight_43,81,66.61,138.9702,ok,
2026_07_21_gym,flight_43,82,49.96,140.9907,ok,
2026_07_21_gym,flight_43,83,33.30,134.2055,ok,
2026_07_21_gym,flight_43,84,16.65,131.3077,ok,
2026_07_21_gym,flight_44,3,1282.21,3265.7256,ok,
2026_07_21_gym,flight_44,4,1265.56,982.1434,ok,
2026_07_21_gym,flight_44,5,1248.90,2363.8503,ok,
2026_07_21_gym,flight_44,6,1232.25,1528.0284,ok,
2026_07_21_gym,flight_44,7,1215.60,3322.4029,ok,
2026_07_21_gym,flight_44,8,1182.29,2016.5839,ok,
2026_07_21_gym,flight_44,9,1165.64,2036.8299,ok,
2026_07_21_gym,flight_44,10,1148.99,1685.3721,ok,
2026_07_21_gym,flight_44,11,1132.34,1331.4641,ok,
2026_07_21_gym,flight_44,12,1115.69,1258.9014,ok,
2026_07_21_gym,flight_44,13,1099.04,1070.7620,ok,
2026_07_21_gym,flight_44,14,1082.38,624.4618,ok,
2026_07_21_gym,flight_44,15,1065.73,826.0329,ok,
2026_07_21_gym,flight_44,16,1049.08,795.9335,ok,
2026_07_21_gym,flight_44,17,1015.77,952.6144,ok,
2026_07_21_gym,flight_44,18,999.12,920.6709,ok,
2026_07_21_gym,flight_44,19,965.82,920.7390,ok,
2026_07_21_gym,flight_44,20,949.17,738.7925,ok,
2026_07_21_gym,flight_44,21,932.51,522.8075,ok,
2026_07_21_gym,flight_44,22,915.86,583.2443,ok,
2026_07_21_gym,flight_44,23,899.21,576.8167,ok,
2026_07_21_gym,flight_44,24,882.56,499.6383,ok,
2026_07_21_gym,flight_44,25,865.91,394.7814,ok,
2026_07_21_gym,flight_44,26,849.25,424.0820,ok,
2026_07_21_gym,flight_44,27,832.60,421.7981,ok,
2026_07_21_gym,flight_44,28,799.30,412.9952,ok,
2026_07_21_gym,flight_44,29,782.65,416.0887,ok,
2026_07_21_gym,flight_44,30,765.99,408.8307,ok,
2026_07_21_gym,flight_44,31,749.34,453.7815,ok,
2026_07_21_gym,flight_44,32,732.69,439.0530,ok,
2026_07_21_gym,flight_44,33,716.04,421.1407,ok,
2026_07_21_gym,flight_44,34,699.39,387.1092,ok,
2026_07_21_gym,flight_44,35,682.73,394.7617,ok,
2026_07_21_gym,flight_44,36,666.08,394.8702,ok,
2026_07_21_gym,flight_44,37,649.43,369.3566,ok,
2026_07_21_gym,flight_44,38,632.78,367.5728,ok,
2026_07_21_gym,flight_44,39,616.13,387.2156,ok,
2026_07_21_gym,flight_44,40,599.47,415.9834,ok,
2026_07_21_gym,flight_44,41,582.82,382.1268,ok,
2026_07_21_gym,flight_44,42,566.17,351.5584,ok,
2026_07_21_gym,flight_44,43,549.52,373.0680,ok,
2026_07_21_gym,flight_44,44,532.87,385.6969,ok,
2026_07_21_gym,flight_44,45,516.21,375.7402,ok,
2026_07_21_gym,flight_44,46,499.56,377.3297,ok,
2026_07_21_gym,flight_44,47,482.91,369.3674,ok,
2026_07_21_gym,flight_44,48,466.26,364.0982,ok,
2026_07_21_gym,flight_44,49,449.60,350.2995,ok,
2026_07_21_gym,flight_44,50,432.95,349.6791,ok,
2026_07_21_gym,flight_44,51,416.30,339.1657,ok,
2026_07_21_gym,flight_44,52,399.65,331.6221,ok,
2026_07_21_gym,flight_44,53,383.00,344.3283,ok,
2026_07_21_gym,flight_44,54,366.34,329.6000,ok,
2026_07_21_gym,flight_44,55,349.69,328.6827,ok,
2026_07_21_gym,flight_44,56,333.04,327.4856,ok,
2026_07_21_gym,flight_44,57,316.39,323.6236,ok,
2026_07_21_gym,flight_44,58,299.74,321.7256,ok,
2026_07_21_gym,flight_44,59,283.09,327.7301,ok,
2026_07_21_gym,flight_44,60,266.43,328.7221,ok,
2026_07_21_gym,flight_44,61,249.78,320.1368,ok,
2026_07_21_gym,flight_44,62,233.13,308.8682,ok,
2026_07_21_gym,flight_44,63,216.48,306.8359,ok,
2026_07_21_gym,flight_44,64,199.82,306.7018,ok,
2026_07_21_gym,flight_44,65,183.17,297.8883,ok,
2026_07_21_gym,flight_44,66,166.52,306.3578,ok,
2026_07_21_gym,flight_44,67,149.87,308.3725,ok,
2026_07_21_gym,flight_44,68,133.22,304.6421,ok,
2026_07_21_gym,flight_44,69,116.56,300.4794,ok,
2026_07_21_gym,flight_44,70,99.91,296.6291,ok,
2026_07_21_gym,flight_44,71,83.26,293.8959,ok,
2026_07_21_gym,flight_44,72,66.61,287.1054,ok,
2026_07_21_gym,flight_44,73,49.96,274.9457,ok,
2026_07_21_gym,flight_44,74,33.30,273.5572,ok,
2026_07_21_gym,flight_44,75,16.65,265.7919,ok,
2026_07_21_gym,flight_45,3,1265.56,4562.4031,ok,
2026_07_21_gym,flight_45,4,1248.90,3609.9139,ok,
2026_07_21_gym,flight_45,5,1232.25,2602.1371,ok,
2026_07_21_gym,flight_45,6,1215.60,1728.3940,ok,
2026_07_21_gym,flight_45,7,1198.95,2393.8908,ok,
2026_07_21_gym,flight_45,8,1182.29,958.4659,ok,
2026_07_21_gym,flight_45,9,1165.64,1065.5836,ok,
2026_07_21_gym,flight_45,10,1148.99,536.2206,ok,
2026_07_21_gym,flight_45,11,1132.34,95.8545,ok,
2026_07_21_gym,flight_45,12,1115.69,102.7133,ok,
2026_07_21_gym,flight_45,13,1099.04,194.3434,ok,
2026_07_21_gym,flight_45,14,1082.38,90.1857,ok,
2026_07_21_gym,flight_45,15,1065.73,265.6878,ok,
2026_07_21_gym,flight_45,16,1049.08,352.1956,ok,
2026_07_21_gym,flight_45,17,1032.43,120.0499,ok,
2026_07_21_gym,flight_45,18,1015.77,204.2786,ok,
2026_07_21_gym,flight_45,19,999.12,152.2941,ok,
2026_07_21_gym,flight_45,20,965.82,184.7709,ok,
2026_07_21_gym,flight_45,21,932.51,177.6188,ok,
2026_07_21_gym,flight_45,22,915.86,348.5488,ok,
2026_07_21_gym,flight_45,23,899.21,411.3419,ok,
2026_07_21_gym,flight_45,24,882.56,347.0727,ok,
2026_07_21_gym,flight_45,25,865.91,429.0760,ok,
2026_07_21_gym,flight_45,26,849.25,447.1848,ok,
2026_07_21_gym,flight_45,27,832.60,360.5289,ok,
2026_07_21_gym,flight_45,28,815.95,340.7901,ok,
2026_07_21_gym,flight_45,29,799.30,312.4018,ok,
2026_07_21_gym,flight_45,30,782.65,278.0792,ok,
2026_07_21_gym,flight_45,31,765.99,288.1887,ok,
2026_07_21_gym,flight_45,32,749.34,300.6902,ok,
2026_07_21_gym,flight_45,33,732.69,284.9207,ok,
2026_07_21_gym,flight_45,34,716.04,302.3438,ok,
2026_07_21_gym,flight_45,35,699.39,293.0693,ok,
2026_07_21_gym,flight_45,36,682.73,270.3181,ok,
2026_07_21_gym,flight_45,37,666.08,276.3175,ok,
2026_07_21_gym,flight_45,38,649.43,274.1118,ok,
2026_07_21_gym,flight_45,39,632.78,260.8795,ok,
2026_07_21_gym,flight_45,40,616.12,239.0233,ok,
2026_07_21_gym,flight_45,41,599.47,231.4800,ok,
2026_07_21_gym,flight_45,42,582.82,230.6403,ok,
2026_07_21_gym,flight_45,43,566.17,213.8811,ok,
2026_07_21_gym,flight_45,44,549.52,202.9061,ok,
2026_07_21_gym,flight_45,45,532.87,198.7255,ok,
2026_07_21_gym,flight_45,46,516.21,189.7986,ok,
2026_07_21_gym,flight_45,47,499.56,186.1862,ok,
2026_07_21_gym,flight_45,48,482.91,186.6348,ok,
2026_07_21_gym,flight_45,49,466.26,181.9209,ok,
2026_07_21_gym,flight_45,50,449.60,179.7535,ok,
2026_07_21_gym,flight_45,51,432.95,186.3887,ok,
2026_07_21_gym,flight_45,52,416.30,168.4772,ok,
2026_07_21_gym,flight_45,53,399.65,173.6018,ok,
2026_07_21_gym,flight_45,54,383.00,178.8463,ok,
2026_07_21_gym,flight_45,55,366.34,169.7090,ok,
2026_07_21_gym,flight_45,56,349.69,173.9787,ok,
2026_07_21_gym,flight_45,57,333.04,173.7262,ok,
2026_07_21_gym,flight_45,58,316.39,172.7542,ok,
2026_07_21_gym,flight_45,59,299.74,174.8134,ok,
2026_07_21_gym,flight_45,60,283.08,177.6746,ok,
2026_07_21_gym,flight_45,61,266.43,180.8737,ok,
2026_07_21_gym,flight_45,62,249.78,183.7914,ok,
2026_07_21_gym,flight_45,63,233.13,185.3561,ok,
2026_07_21_gym,flight_45,64,199.82,179.3994,ok,
2026_07_21_gym,flight_45,65,183.17,180.8469,ok,
2026_07_21_gym,flight_45,66,166.52,182.6023,ok,
2026_07_21_gym,flight_45,67,149.87,176.6947,ok,
2026_07_21_gym,flight_45,68,133.22,177.4295,ok,
2026_07_21_gym,flight_45,69,116.56,183.6685,ok,
2026_07_21_gym,flight_45,70,99.91,175.2899,ok,
2026_07_21_gym,flight_45,71,83.26,174.0359,ok,
2026_07_21_gym,flight_45,72,66.61,175.7406,ok,
2026_07_21_gym,flight_45,73,49.95,176.0863,ok,
2026_07_21_gym,flight_45,74,33.30,177.8324,ok,
2026_07_21_gym,flight_45,75,16.65,184.8291,ok,
2026_07_21_gym,flight_46,3,1382.12,3651.5752,ok,
2026_07_21_gym,flight_46,4,1315.51,1586.4974,ok,
2026_07_21_gym,flight_46,5,1282.21,3312.3335,ok,
2026_07_21_gym,flight_46,6,1248.90,640.5293,ok,
2026_07_21_gym,flight_46,7,1232.25,1336.7164,ok,
2026_07_21_gym,flight_46,8,1215.60,764.5154,ok,
2026_07_21_gym,flight_46,9,1198.95,297.4144,ok,
2026_07_21_gym,flight_46,10,1182.30,247.7151,ok,
2026_07_21_gym,flight_46,11,1165.64,247.1701,ok,
2026_07_21_gym,flight_46,12,1148.99,201.6322,ok,
2026_07_21_gym,flight_46,13,1132.34,209.0685,ok,
2026_07_21_gym,flight_46,14,1115.69,209.3881,ok,
2026_07_21_gym,flight_46,15,1099.04,119.1762,ok,
2026_07_21_gym,flight_46,16,1082.38,79.9354,ok,
2026_07_21_gym,flight_46,17,1065.73,169.4489,ok,
2026_07_21_gym,flight_46,18,1049.08,220.4221,ok,
2026_07_21_gym,flight_46,19,1032.43,175.5729,ok,
2026_07_21_gym,flight_46,20,1015.77,165.3987,ok,
2026_07_21_gym,flight_46,21,999.12,156.4930,ok,
2026_07_21_gym,flight_46,22,982.47,177.9078,ok,
2026_07_21_gym,flight_46,23,965.82,178.7181,ok,
2026_07_21_gym,flight_46,24,949.17,165.4378,ok,
2026_07_21_gym,flight_46,25,932.52,159.4863,ok,
2026_07_21_gym,flight_46,26,915.86,134.8791,ok,
2026_07_21_gym,flight_46,27,899.21,115.1594,ok,
2026_07_21_gym,flight_46,28,882.56,116.0806,ok,
2026_07_21_gym,flight_46,29,865.91,101.2054,ok,
2026_07_21_gym,flight_46,30,849.25,99.9239,ok,
2026_07_21_gym,flight_46,31,832.60,101.6974,ok,
2026_07_21_gym,flight_46,32,815.95,95.7346,ok,
2026_07_21_gym,flight_46,33,799.30,94.6480,ok,
2026_07_21_gym,flight_46,34,782.65,96.3397,ok,
2026_07_21_gym,flight_46,35,765.99,96.3277,ok,
2026_07_21_gym,flight_46,36,749.34,99.1406,ok,
2026_07_21_gym,flight_46,37,732.69,103.2414,ok,
2026_07_21_gym,flight_46,38,716.04,105.3392,ok,
2026_07_21_gym,flight_46,39,699.39,108.7903,ok,
2026_07_21_gym,flight_46,40,682.73,115.4935,ok,
2026_07_21_gym,flight_46,41,666.08,117.1102,ok,
2026_07_21_gym,flight_46,42,649.43,123.3715,ok,
2026_07_21_gym,flight_46,43,632.78,124.1812,ok,
2026_07_21_gym,flight_46,44,616.13,122.6743,ok,
2026_07_21_gym,flight_46,45,599.47,129.7454,ok,
2026_07_21_gym,flight_46,46,582.82,139.7529,ok,
2026_07_21_gym,flight_46,47,566.17,139.4004,ok,
2026_07_21_gym,flight_46,48,549.52,143.5875,ok,
2026_07_21_gym,flight_46,49,532.87,145.7779,ok,
2026_07_21_gym,flight_46,50,516.21,143.1364,ok,
2026_07_21_gym,flight_46,51,499.56,137.5339,ok,
2026_07_21_gym,flight_46,52,482.91,134.8754,ok,
2026_07_21_gym,flight_46,53,466.26,133.6599,ok,
2026_07_21_gym,flight_46,54,449.61,132.3699,ok,
2026_07_21_gym,flight_46,55,432.95,129.4753,ok,
2026_07_21_gym,flight_46,56,416.30,126.7947,ok,
2026_07_21_gym,flight_46,57,399.65,122.4219,ok,
2026_07_21_gym,flight_46,58,383.00,122.9386,ok,
2026_07_21_gym,flight_46,59,366.34,124.6417,ok,
2026_07_21_gym,flight_46,60,349.69,120.5678,ok,
2026_07_21_gym,flight_46,61,333.04,136.9229,ok,
2026_07_21_gym,flight_46,62,316.39,134.0589,ok,
2026_07_21_gym,flight_46,63,299.74,129.4580,ok,
2026_07_21_gym,flight_46,64,283.08,128.8917,ok,
2026_07_21_gym,flight_46,65,266.43,122.0391,ok,
2026_07_21_gym,flight_46,66,249.78,129.5944,ok,
2026_07_21_gym,flight_46,67,233.13,129.2508,ok,
2026_07_21_gym,flight_46,68,216.48,123.4463,ok,
2026_07_21_gym,flight_46,69,199.82,115.3990,ok,
2026_07_21_gym,flight_46,70,183.17,107.2147,ok,
2026_07_21_gym,flight_46,71,166.52,104.3631,ok,
2026_07_21_gym,flight_46,72,149.87,94.9688,ok,
2026_07_21_gym,flight_46,73,133.22,91.2606,ok,
2026_07_21_gym,flight_46,74,116.57,90.3638,ok,
2026_07_21_gym,flight_46,75,99.91,90.9244,ok,
2026_07_21_gym,flight_46,76,83.26,97.2517,ok,
2026_07_21_gym,flight_46,77,66.61,108.3446,ok,
2026_07_21_gym,flight_46,78,49.96,103.7672,ok,
2026_07_21_gym,flight_46,79,33.30,104.6967,ok,
2026_07_21_gym,flight_46,80,16.65,105.9694,ok,
2026_07_21_gym,flight_47,3,1448.73,2845.0385,ok,
2026_07_21_gym,flight_47,4,1432.08,879.9443,ok,
2026_07_21_gym,flight_47,5,1415.42,1029.6254,ok,
2026_07_21_gym,flight_47,6,1398.77,821.4502,ok,
2026_07_21_gym,flight_47,7,1382.12,752.9913,ok,
2026_07_21_gym,flight_47,8,1365.47,990.8782,ok,
2026_07_21_gym,flight_47,9,1348.82,379.3359,ok,
2026_07_21_gym,flight_47,10,1332.16,364.8960,ok,
2026_07_21_gym,flight_47,11,1315.51,319.2561,ok,
2026_07_21_gym,flight_47,12,1298.86,270.9018,ok,
2026_07_21_gym,flight_47,13,1282.21,424.9442,ok,
2026_07_21_gym,flight_47,14,1265.56,433.0747,ok,
2026_07_21_gym,flight_47,15,1248.90,458.8027,ok,
2026_07_21_gym,flight_47,16,1232.25,552.7542,ok,
2026_07_21_gym,flight_47,17,1215.60,426.3346,ok,
2026_07_21_gym,flight_47,18,1198.95,360.6659,ok,
2026_07_21_gym,flight_47,19,1182.30,338.4419,ok,
2026_07_21_gym,flight_47,20,1165.64,245.6410,ok,
2026_07_21_gym,flight_47,21,1148.99,235.4570,ok,
2026_07_21_gym,flight_47,22,1132.34,213.6186,ok,
2026_07_21_gym,flight_47,23,1115.69,194.2070,ok,
2026_07_21_gym,flight_47,24,1099.04,200.4217,ok,
2026_07_21_gym,flight_47,25,1082.38,188.6886,ok,
2026_07_21_gym,flight_47,26,1065.73,164.7282,ok,
2026_07_21_gym,flight_47,27,1049.08,148.3582,ok,
2026_07_21_gym,flight_47,28,1032.43,148.1172,ok,
2026_07_21_gym,flight_47,29,1015.78,146.0504,ok,
2026_07_21_gym,flight_47,30,999.12,166.5183,ok,
2026_07_21_gym,flight_47,31,982.47,168.9935,ok,
2026_07_21_gym,flight_47,32,965.82,159.1965,ok,
2026_07_21_gym,flight_47,33,949.17,184.4818,ok,
2026_07_21_gym,flight_47,34,932.51,179.8886,ok,
2026_07_21_gym,flight_47,35,915.86,172.4259,ok,
2026_07_21_gym,flight_47,36,899.21,189.1126,ok,
2026_07_21_gym,flight_47,37,882.56,211.8781,ok,
2026_07_21_gym,flight_47,38,865.91,227.8697,ok,
2026_07_21_gym,flight_47,39,849.26,237.3579,ok,
2026_07_21_gym,flight_47,40,832.60,228.8984,ok,
2026_07_21_gym,flight_47,41,815.95,233.8520,ok,
2026_07_21_gym,flight_47,42,799.30,237.4987,ok,
2026_07_21_gym,flight_47,43,782.65,229.9656,ok,
2026_07_21_gym,flight_47,44,765.99,230.0165,ok,
2026_07_21_gym,flight_47,45,749.34,231.4132,ok,
2026_07_21_gym,flight_47,46,732.69,225.9940,ok,
2026_07_21_gym,flight_47,47,716.04,225.3756,ok,
2026_07_21_gym,flight_47,48,699.39,230.6667,ok,
2026_07_21_gym,flight_47,49,682.73,230.3847,ok,
2026_07_21_gym,flight_47,50,666.08,232.4785,ok,
2026_07_21_gym,flight_47,51,649.43,237.8012,ok,
2026_07_21_gym,flight_47,52,632.78,233.1038,ok,
2026_07_21_gym,flight_47,53,616.13,235.2677,ok,
2026_07_21_gym,flight_47,54,599.47,239.7046,ok,
2026_07_21_gym,flight_47,55,582.82,229.2778,ok,
2026_07_21_gym,flight_47,56,566.17,230.5200,ok,
2026_07_21_gym,flight_47,57,549.52,232.8046,ok,
2026_07_21_gym,flight_47,58,532.87,228.4770,ok,
2026_07_21_gym,flight_47,59,516.21,227.6624,ok,
2026_07_21_gym,flight_47,60,499.56,230.9783,ok,
2026_07_21_gym,flight_47,61,482.91,223.5103,ok,
2026_07_21_gym,flight_47,62,466.26,223.0281,ok,
2026_07_21_gym,flight_47,63,449.61,225.3487,ok,
2026_07_21_gym,flight_47,64,432.95,218.1224,ok,
2026_07_21_gym,flight_47,65,416.30,216.8980,ok,
2026_07_21_gym,flight_47,66,399.65,201.8605,ok,
2026_07_21_gym,flight_47,67,383.00,203.4283,ok,
2026_07_21_gym,flight_47,68,366.34,204.4479,ok,
2026_07_21_gym,flight_47,69,349.69,202.0980,ok,
2026_07_21_gym,flight_47,70,333.04,206.3185,ok,
2026_07_21_gym,flight_47,71,316.39,208.4657,ok,
2026_07_21_gym,flight_47,72,299.74,208.4177,ok,
2026_07_21_gym,flight_47,73,283.09,210.5347,ok,
2026_07_21_gym,flight_47,74,266.43,206.7016,ok,
2026_07_21_gym,flight_47,75,249.78,210.4659,ok,
2026_07_21_gym,flight_47,76,233.13,207.9739,ok,
2026_07_21_gym,flight_47,77,216.48,199.9829,ok,
2026_07_21_gym,flight_47,78,199.82,199.0630,ok,
2026_07_21_gym,flight_47,79,183.17,200.0658,ok,
2026_07_21_gym,flight_47,80,166.52,200.9611,ok,
2026_07_21_gym,flight_47,81,149.87,203.3306,ok,
2026_07_21_gym,flight_47,82,133.22,197.8916,ok,
2026_07_21_gym,flight_47,83,116.56,195.2742,ok,
2026_07_21_gym,flight_47,84,99.91,197.7019,ok,
2026_07_21_gym,flight_47,85,83.26,192.1166,ok,
2026_07_21_gym,flight_47,86,66.61,191.5792,ok,
2026_07_21_gym,flight_47,87,49.96,193.0213,ok,
2026_07_21_gym,flight_47,88,33.30,189.3659,ok,
2026_07_21_gym,flight_47,89,16.65,188.6878,ok,
2026_07_21_gym,flight_48,3,1298.86,1447.2773,ok,
2026_07_21_gym,flight_48,4,1282.21,2058.5827,ok,
2026_07_21_gym,flight_48,5,1265.56,685.8391,ok,
2026_07_21_gym,flight_48,6,1248.90,434.9706,ok,
2026_07_21_gym,flight_48,7,1232.25,611.3157,ok,
2026_07_21_gym,flight_48,8,1215.60,224.8661,ok,
2026_07_21_gym,flight_48,9,1198.95,270.9807,ok,
2026_07_21_gym,flight_48,10,1182.30,257.3941,ok,
2026_07_21_gym,flight_48,11,1165.64,275.6535,ok,
2026_07_21_gym,flight_48,12,1148.99,243.7881,ok,
2026_07_21_gym,flight_48,13,1132.34,229.6178,ok,
2026_07_21_gym,flight_48,14,1115.69,300.8680,ok,
2026_07_21_gym,flight_48,15,1099.04,197.7554,ok,
2026_07_21_gym,flight_48,16,1082.38,212.3817,ok,
2026_07_21_gym,flight_48,17,1065.73,258.3622,ok,
2026_07_21_gym,flight_48,18,1049.08,229.9204,ok,
2026_07_21_gym,flight_48,19,1032.43,161.5326,ok,
2026_07_21_gym,flight_48,20,1015.77,237.0837,ok,
2026_07_21_gym,flight_48,21,999.12,189.4046,ok,
2026_07_21_gym,flight_48,22,982.47,168.9071,ok,
2026_07_21_gym,flight_48,23,965.82,247.0609,ok,
2026_07_21_gym,flight_48,24,949.17,158.9926,ok,
2026_07_21_gym,flight_48,25,932.51,124.5997,ok,
2026_07_21_gym,flight_48,26,899.21,163.6672,ok,
2026_07_21_gym,flight_48,27,882.56,195.2611,ok,
2026_07_21_gym,flight_48,28,865.91,168.1049,ok,
2026_07_21_gym,flight_48,29,849.25,205.2800,ok,
2026_07_21_gym,flight_48,30,832.60,213.5047,ok,
2026_07_21_gym,flight_48,31,815.95,181.1320,ok,
2026_07_21_gym,flight_48,32,799.30,184.4435,ok,
2026_07_21_gym,flight_48,33,782.65,218.1788,ok,
2026_07_21_gym,flight_48,34,765.99,211.8193,ok,
2026_07_21_gym,flight_48,35,749.34,207.9266,ok,
2026_07_21_gym,flight_48,36,732.69,210.4290,ok,
2026_07_21_gym,flight_48,37,716.04,213.0478,ok,
2026_07_21_gym,flight_48,38,699.39,212.3046,ok,
2026_07_21_gym,flight_48,39,682.73,217.5054,ok,
2026_07_21_gym,flight_48,40,666.08,221.3118,ok,
2026_07_21_gym,flight_48,41,649.43,223.2097,ok,
2026_07_21_gym,flight_48,42,632.78,225.2289,ok,
2026_07_21_gym,flight_48,43,616.13,225.7123,ok,
2026_07_21_gym,flight_48,44,599.47,224.6137,ok,
2026_07_21_gym,flight_48,45,582.82,223.1624,ok,
2026_07_21_gym,flight_48,46,566.17,222.4884,ok,
2026_07_21_gym,flight_48,47,549.52,228.2944,ok,
2026_07_21_gym,flight_48,48,532.87,227.3421,ok,
2026_07_21_gym,flight_48,49,516.21,220.4132,ok,
2026_07_21_gym,flight_48,50,499.56,224.3193,ok,
2026_07_21_gym,flight_48,51,482.91,215.6046,ok,
2026_07_21_gym,flight_48,52,466.26,217.3393,ok,
2026_07_21_gym,flight_48,53,449.61,224.2508,ok,
2026_07_21_gym,flight_48,54,432.95,218.1108,ok,
2026_07_21_gym,flight_48,55,416.30,223.8925,ok,
2026_07_21_gym,flight_48,56,399.65,229.3260,ok,
2026_07_21_gym,flight_48,57,383.00,229.7681,ok,
2026_07_21_gym,flight_48,58,366.35,234.2608,ok,
2026_07_21_gym,flight_48,59,349.69,226.0462,ok,
2026_07_21_gym,flight_48,60,333.04,232.9616,ok,
2026_07_21_gym,flight_48,61,316.39,230.5595,ok,
2026_07_21_gym,flight_48,62,299.74,227.9660,ok,
2026_07_21_gym,flight_48,63,283.08,247.8642,ok,
2026_07_21_gym,flight_48,64,266.43,261.0608,ok,
2026_07_21_gym,flight_48,65,249.78,267.8962,ok,
2026_07_21_gym,flight_48,66,233.13,274.8241,ok,
2026_07_21_gym,flight_48,67,216.48,269.7681,ok,
2026_07_21_gym,flight_48,68,199.82,265.7217,ok,
2026_07_21_gym,flight_48,69,183.17,264.5557,ok,
2026_07_21_gym,flight_48,70,166.52,260.3408,ok,
2026_07_21_gym,flight_48,71,149.87,257.2524,ok,
2026_07_21_gym,flight_48,72,133.22,257.1890,ok,
2026_07_21_gym,flight_48,73,116.56,254.8638,ok,
2026_07_21_gym,flight_48,74,99.91,254.4950,ok,
2026_07_21_gym,flight_48,75,83.26,254.8236,ok,
2026_07_21_gym,flight_48,76,66.61,255.3752,ok,
2026_07_21_gym,flight_48,77,49.96,253.4776,ok,
2026_07_21_gym,flight_48,78,33.30,248.2310,ok,
2026_07_21_gym,flight_48,79,16.65,252.8997,ok,
2026_07_21_gym,flight_49,3,1382.12,8840.3559,ok,
2026_07_21_gym,flight_49,4,1365.47,2447.9027,ok,
2026_07_21_gym,flight_49,5,1348.82,1567.8792,ok,
2026_07_21_gym,flight_49,6,1332.16,2429.6200,ok,
2026_07_21_gym,flight_49,7,1315.51,1410.2811,ok,
2026_07_21_gym,flight_49,8,1298.86,472.1494,ok,
2026_07_21_gym,flight_49,9,1282.21,722.4595,ok,
2026_07_21_gym,flight_49,10,1265.56,707.5254,ok,
2026_07_21_gym,flight_49,11,1248.90,490.1838,ok,
2026_07_21_gym,flight_49,12,1232.25,626.0607,ok,
2026_07_21_gym,flight_49,13,1215.60,494.7854,ok,
2026_07_21_gym,flight_49,14,1198.95,383.9294,ok,
2026_07_21_gym,flight_49,15,1182.30,518.5831,ok,
2026_07_21_gym,flight_49,16,1165.64,523.6583,ok,
2026_07_21_gym,flight_49,17,1148.99,460.9955,ok,
2026_07_21_gym,flight_49,18,1132.34,466.0884,ok,
2026_07_21_gym,flight_49,19,1115.69,505.3717,ok,
2026_07_21_gym,flight_49,20,1099.04,498.0500,ok,
2026_07_21_gym,flight_49,21,1082.38,413.4253,ok,
2026_07_21_gym,flight_49,22,1065.73,330.3630,ok,
2026_07_21_gym,flight_49,23,1049.08,376.9831,ok,
2026_07_21_gym,flight_49,24,1032.43,385.6041,ok,
2026_07_21_gym,flight_49,25,1015.77,404.6390,ok,
2026_07_21_gym,flight_49,26,999.12,319.9695,ok,
2026_07_21_gym,flight_49,27,982.47,294.8787,ok,
2026_07_21_gym,flight_49,28,965.82,258.1217,ok,
2026_07_21_gym,flight_49,29,949.17,203.3716,ok,
2026_07_21_gym,flight_49,30,932.51,174.3443,ok,
2026_07_21_gym,flight_49,31,915.86,157.8549,ok,
2026_07_21_gym,flight_49,32,899.21,141.3244,ok,
2026_07_21_gym,flight_49,33,882.56,130.1826,ok,
2026_07_21_gym,flight_49,34,865.91,126.0786,ok,
2026_07_21_gym,flight_49,35,849.25,120.7365,ok,
2026_07_21_gym,flight_49,36,832.60,113.9298,ok,
2026_07_21_gym,flight_49,37,815.95,112.2899,ok,
2026_07_21_gym,flight_49,38,799.30,105.4412,ok,
2026_07_21_gym,flight_49,39,782.65,104.0106,ok,
2026_07_21_gym,flight_49,40,765.99,101.9507,ok,
2026_07_21_gym,flight_49,41,749.34,99.6859,ok,
2026_07_21_gym,flight_49,42,732.69,104.2405,ok,
2026_07_21_gym,flight_49,43,716.04,99.2734,ok,
2026_07_21_gym,flight_49,44,699.39,97.4983,ok,
2026_07_21_gym,flight_49,45,682.73,97.3465,ok,
2026_07_21_gym,flight_49,46,666.08,99.0477,ok,
2026_07_21_gym,flight_49,47,649.43,98.3257,ok,
2026_07_21_gym,flight_49,48,632.78,97.2601,ok,
2026_07_21_gym,flight_49,49,616.13,98.0665,ok,
2026_07_21_gym,flight_49,50,599.47,94.9832,ok,
2026_07_21_gym,flight_49,51,582.82,94.7335,ok,
2026_07_21_gym,flight_49,52,566.17,93.5524,ok,
2026_07_21_gym,flight_49,53,549.52,92.1598,ok,
2026_07_21_gym,flight_49,54,532.87,94.5169,ok,
2026_07_21_gym,flight_49,55,516.21,93.4352,ok,
2026_07_21_gym,flight_49,56,499.56,98.2554,ok,
2026_07_21_gym,flight_49,57,482.91,110.1459,ok,
2026_07_21_gym,flight_49,58,466.26,109.3982,ok,
2026_07_21_gym,flight_49,59,449.61,116.6238,ok,
2026_07_21_gym,flight_49,60,432.95,123.6665,ok,
2026_07_21_gym,flight_49,61,416.30,127.3659,ok,
2026_07_21_gym,flight_49,62,399.65,130.4129,ok,
2026_07_21_gym,flight_49,63,383.00,124.3975,ok,
2026_07_21_gym,flight_49,64,366.35,133.7830,ok,
2026_07_21_gym,flight_49,65,349.69,122.8147,ok,
2026_07_21_gym,flight_49,66,333.04,132.4171,ok,
2026_07_21_gym,flight_49,67,316.39,137.0265,ok,
2026_07_21_gym,flight_49,68,299.74,135.8782,ok,
2026_07_21_gym,flight_49,69,283.09,129.6790,ok,
2026_07_21_gym,flight_49,70,266.43,126.4890,ok,
2026_07_21_gym,flight_49,71,249.78,121.2586,ok,
2026_07_21_gym,flight_49,72,233.13,119.1825,ok,
2026_07_21_gym,flight_49,73,216.48,121.3112,ok,
2026_07_21_gym,flight_49,74,199.82,122.0251,ok,
2026_07_21_gym,flight_49,75,183.17,117.2906,ok,
2026_07_21_gym,flight_49,76,166.52,114.5818,ok,
2026_07_21_gym,flight_49,77,149.87,111.3090,ok,
2026_07_21_gym,flight_49,78,133.22,110.3188,ok,
2026_07_21_gym,flight_49,79,116.56,110.5596,ok,
2026_07_21_gym,flight_49,80,99.91,112.0798,ok,
2026_07_21_gym,flight_49,81,83.26,111.5400,ok,
2026_07_21_gym,flight_49,82,66.61,110.5175,ok,
2026_07_21_gym,flight_49,83,49.96,116.9508,ok,
2026_07_21_gym,flight_49,84,33.30,119.8565,ok,
2026_07_21_gym,flight_51,3,1531.99,860.8887,ok,
2026_07_21_gym,flight_51,4,1515.34,1132.4324,ok,
2026_07_21_gym,flight_51,5,1498.68,1366.3763,ok,
2026_07_21_gym,flight_51,6,1482.03,793.0234,ok,
2026_07_21_gym,flight_51,7,1465.38,526.8340,ok,
2026_07_21_gym,flight_51,8,1448.73,526.3424,ok,
2026_07_21_gym,flight_51,9,1432.08,872.1672,ok,
2026_07_21_gym,flight_51,10,1415.42,546.3870,ok,
2026_07_21_gym,flight_51,11,1398.77,990.7955,ok,
2026_07_21_gym,flight_51,12,1382.12,1210.7376,ok,
2026_07_21_gym,flight_51,13,1365.47,778.7907,ok,
2026_07_21_gym,flight_51,14,1348.82,727.6375,ok,
2026_07_21_gym,flight_51,15,1332.16,654.7412,ok,
2026_07_21_gym,flight_51,16,1315.51,240.1941,ok,
2026_07_21_gym,flight_51,17,1298.86,225.4247,ok,
2026_07_21_gym,flight_51,18,1282.21,248.2504,ok,
2026_07_21_gym,flight_51,19,1265.56,319.7238,ok,
2026_07_21_gym,flight_51,20,1248.90,327.9851,ok,
2026_07_21_gym,flight_51,21,1232.25,338.5516,ok,
2026_07_21_gym,flight_51,22,1215.60,338.9227,ok,
2026_07_21_gym,flight_51,23,1198.95,390.1854,ok,
2026_07_21_gym,flight_51,24,1182.30,435.6796,ok,
2026_07_21_gym,flight_51,25,1165.64,397.7028,ok,
2026_07_21_gym,flight_51,26,1148.99,414.4568,ok,
2026_07_21_gym,flight_51,27,1132.34,422.5538,ok,
2026_07_21_gym,flight_51,28,1115.69,397.2313,ok,
2026_07_21_gym,flight_51,29,1099.04,409.8742,ok,
2026_07_21_gym,flight_51,30,1082.38,421.9464,ok,
2026_07_21_gym,flight_51,31,1065.73,402.8543,ok,
2026_07_21_gym,flight_51,32,1049.08,402.9673,ok,
2026_07_21_gym,flight_51,33,1032.43,394.8906,ok,
2026_07_21_gym,flight_51,34,1015.78,380.6685,ok,
2026_07_21_gym,flight_51,35,999.12,359.3940,ok,
2026_07_21_gym,flight_51,36,982.47,350.4206,ok,
2026_07_21_gym,flight_51,37,965.82,361.8027,ok,
2026_07_21_gym,flight_51,38,949.17,353.3757,ok,
2026_07_21_gym,flight_51,39,932.51,356.5622,ok,
2026_07_21_gym,flight_51,40,915.86,355.1406,ok,
2026_07_21_gym,flight_51,41,899.21,355.3615,ok,
2026_07_21_gym,flight_51,42,882.56,352.2299,ok,
2026_07_21_gym,flight_51,43,865.91,349.8272,ok,
2026_07_21_gym,flight_51,44,849.25,353.8508,ok,
2026_07_21_gym,flight_51,45,832.60,353.1145,ok,
2026_07_21_gym,flight_51,46,815.95,348.9290,ok,
2026_07_21_gym,flight_51,47,799.30,342.1317,ok,
2026_07_21_gym,flight_51,48,782.65,348.4345,ok,
2026_07_21_gym,flight_51,49,765.99,334.1575,ok,
2026_07_21_gym,flight_51,50,749.34,327.9825,ok,
2026_07_21_gym,flight_51,51,732.69,323.7377,ok,
2026_07_21_gym,flight_51,52,716.04,320.6973,ok,
2026_07_21_gym,flight_51,53,699.39,310.6791,ok,
2026_07_21_gym,flight_51,54,682.73,299.5031,ok,
2026_07_21_gym,flight_51,55,666.08,303.0846,ok,
2026_07_21_gym,flight_51,56,649.43,312.2311,ok,
2026_07_21_gym,flight_51,57,632.78,294.9365,ok,
2026_07_21_gym,flight_51,58,616.13,274.9046,ok,
2026_07_21_gym,flight_51,59,599.47,299.8820,ok,
2026_07_21_gym,flight_51,60,582.82,279.5934,ok,
2026_07_21_gym,flight_51,61,549.52,299.2296,ok,
2026_07_21_gym,flight_51,62,516.21,280.7537,ok,
2026_07_21_gym,flight_51,63,499.56,286.4041,ok,
2026_07_21_gym,flight_51,64,482.91,281.3895,ok,
2026_07_21_gym,flight_51,65,466.26,278.6550,ok,
2026_07_21_gym,flight_51,66,449.61,291.8120,ok,
2026_07_21_gym,flight_51,67,432.95,284.0713,ok,
2026_07_21_gym,flight_51,68,416.30,271.0977,ok,
2026_07_21_gym,flight_51,69,399.65,278.5257,ok,
2026_07_21_gym,flight_51,70,383.00,264.2517,ok,
2026_07_21_gym,flight_51,71,366.34,258.9870,ok,
2026_07_21_gym,flight_51,72,349.69,270.5403,ok,
2026_07_21_gym,flight_51,73,333.04,268.0106,ok,
2026_07_21_gym,flight_51,74,316.39,277.2926,ok,
2026_07_21_gym,flight_51,75,299.74,279.6631,ok,
2026_07_21_gym,flight_51,76,283.09,272.7695,ok,
2026_07_21_gym,flight_51,77,266.43,269.7828,ok,
2026_07_21_gym,flight_51,78,249.78,267.2404,ok,
2026_07_21_gym,flight_51,79,233.13,260.9826,ok,
2026_07_21_gym,flight_51,80,216.48,239.9346,ok,
2026_07_21_gym,flight_51,81,199.82,235.7211,ok,
2026_07_21_gym,flight_51,82,183.17,236.6144,ok,
2026_07_21_gym,flight_51,83,149.87,236.2835,ok,
2026_07_21_gym,flight_51,84,133.22,237.0484,ok,
2026_07_21_gym,flight_51,85,116.56,237.3669,ok,
2026_07_21_gym,flight_51,86,99.91,242.2819,ok,
2026_07_21_gym,flight_51,87,83.26,235.5281,ok,
2026_07_21_gym,flight_51,88,66.61,238.9832,ok,
2026_07_21_gym,flight_51,89,49.96,244.1049,ok,
2026_07_21_gym,flight_51,90,33.30,241.6329,ok,
2026_07_21_gym,flight_51,91,16.65,242.0297,ok,
2026_07_21_gym,flight_52,3,1448.73,8924.7556,ok,
2026_07_21_gym,flight_52,4,1432.08,1186.6644,ok,
2026_07_21_gym,flight_52,5,1415.42,1510.4521,ok,
2026_07_21_gym,flight_52,6,1398.77,1148.7856,ok,
2026_07_21_gym,flight_52,7,1382.12,1423.6233,ok,
2026_07_21_gym,flight_52,8,1365.47,1640.4538,ok,
2026_07_21_gym,flight_52,9,1348.82,1220.4989,ok,
2026_07_21_gym,flight_52,10,1332.16,1748.6085,ok,
2026_07_21_gym,flight_52,11,1315.51,1318.4207,ok,
2026_07_21_gym,flight_52,12,1298.86,950.8368,ok,
2026_07_21_gym,flight_52,13,1282.21,1132.7261,ok,
2026_07_21_gym,flight_52,14,1265.56,901.2790,ok,
2026_07_21_gym,flight_52,15,1248.90,672.8548,ok,
2026_07_21_gym,flight_52,16,1232.25,742.3320,ok,
2026_07_21_gym,flight_52,17,1215.60,612.9382,ok,
2026_07_21_gym,flight_52,18,1198.95,562.2670,ok,
2026_07_21_gym,flight_52,19,1182.30,575.5475,ok,
2026_07_21_gym,flight_52,20,1165.64,635.5319,ok,
2026_07_21_gym,flight_52,21,1148.99,601.5083,ok,
2026_07_21_gym,flight_52,22,1132.34,526.3615,ok,
2026_07_21_gym,flight_52,23,1115.69,400.4705,ok,
2026_07_21_gym,flight_52,24,1099.04,390.3942,ok,
2026_07_21_gym,flight_52,25,1082.38,377.5271,ok,
2026_07_21_gym,flight_52,26,1065.73,342.8519,ok,
2026_07_21_gym,flight_52,27,1049.08,321.5872,ok,
2026_07_21_gym,flight_52,28,1032.43,324.7917,ok,
2026_07_21_gym,flight_52,29,1015.78,323.3368,ok,
2026_07_21_gym,flight_52,30,999.12,318.6282,ok,
2026_07_21_gym,flight_52,31,982.47,310.3532,ok,
2026_07_21_gym,flight_52,32,965.82,292.1039,ok,
2026_07_21_gym,flight_52,33,949.17,278.0757,ok,
2026_07_21_gym,flight_52,34,932.51,272.3798,ok,
2026_07_21_gym,flight_52,35,915.86,259.2234,ok,
2026_07_21_gym,flight_52,36,899.21,257.0489,ok,
2026_07_21_gym,flight_52,37,882.56,253.8917,ok,
2026_07_21_gym,flight_52,38,865.91,238.9562,ok,
2026_07_21_gym,flight_52,39,849.25,234.3324,ok,
2026_07_21_gym,flight_52,40,832.60,230.5947,ok,
2026_07_21_gym,flight_52,41,815.95,219.6258,ok,
2026_07_21_gym,flight_52,42,799.30,217.7715,ok,
2026_07_21_gym,flight_52,43,782.65,219.3516,ok,
2026_07_21_gym,flight_52,44,765.99,208.4429,ok,
2026_07_21_gym,flight_52,45,749.34,206.7196,ok,
2026_07_21_gym,flight_52,46,732.69,208.3607,ok,
2026_07_21_gym,flight_52,47,716.04,201.8317,ok,
2026_07_21_gym,flight_52,48,699.39,199.2522,ok,
2026_07_21_gym,flight_52,49,682.73,198.6668,ok,
2026_07_21_gym,flight_52,50,666.08,190.9696,ok,
2026_07_21_gym,flight_52,51,649.43,187.5899,ok,
2026_07_21_gym,flight_52,52,632.78,188.8825,ok,
2026_07_21_gym,flight_52,53,616.12,193.5514,ok,
2026_07_21_gym,flight_52,54,599.47,189.9548,ok,
2026_07_21_gym,flight_52,55,582.82,185.0600,ok,
2026_07_21_gym,flight_52,56,566.17,189.1865,ok,
2026_07_21_gym,flight_52,57,549.52,188.6773,ok,
2026_07_21_gym,flight_52,58,532.86,180.4420,ok,
2026_07_21_gym,flight_52,59,516.21,179.3978,ok,
2026_07_21_gym,flight_52,60,499.56,178.1712,ok,
2026_07_21_gym,flight_52,61,482.91,176.4067,ok,
2026_07_21_gym,flight_52,62,466.26,171.6871,ok,
2026_07_21_gym,flight_52,63,449.61,165.2066,ok,
2026_07_21_gym,flight_52,64,432.95,163.5418,ok,
2026_07_21_gym,flight_52,65,416.30,159.0478,ok,
2026_07_21_gym,flight_52,66,399.65,152.5601,ok,
2026_07_21_gym,flight_52,67,383.00,152.3402,ok,
2026_07_21_gym,flight_52,68,366.34,150.5756,ok,
2026_07_21_gym,flight_52,69,349.69,143.5049,ok,
2026_07_21_gym,flight_52,70,333.04,149.1893,ok,
2026_07_21_gym,flight_52,71,316.39,146.4646,ok,
2026_07_21_gym,flight_52,72,299.74,150.0532,ok,
2026_07_21_gym,flight_52,73,283.08,144.5582,ok,
2026_07_21_gym,flight_52,74,266.43,141.2663,ok,
2026_07_21_gym,flight_52,75,249.78,138.8334,ok,
2026_07_21_gym,flight_52,76,233.13,141.0312,ok,
2026_07_21_gym,flight_52,77,216.48,134.1776,ok,
2026_07_21_gym,flight_52,78,199.82,122.7920,ok,
2026_07_21_gym,flight_52,79,183.17,128.9032,ok,
2026_07_21_gym,flight_52,80,166.52,125.6308,ok,
2026_07_21_gym,flight_52,81,149.87,124.1321,ok,
2026_07_21_gym,flight_52,82,133.22,126.4384,ok,
2026_07_21_gym,flight_52,83,116.56,123.7126,ok,
2026_07_21_gym,flight_52,84,99.91,117.2042,ok,
2026_07_21_gym,flight_52,85,83.26,114.0334,ok,
2026_07_21_gym,flight_52,86,66.61,112.8632,ok,
2026_07_21_gym,flight_52,87,49.96,111.2750,ok,
2026_07_21_gym,flight_52,88,33.30,110.7501,ok,
2026_07_21_gym,flight_52,89,16.65,109.7877,ok,
2026_07_21_gym,flight_53,3,1448.73,1646.2600,ok,
2026_07_21_gym,flight_53,4,1432.08,434.1042,ok,
2026_07_21_gym,flight_53,5,1415.42,837.2622,ok,
2026_07_21_gym,flight_53,6,1398.77,1303.4636,ok,
2026_07_21_gym,flight_53,7,1382.12,1029.5249,ok,
2026_07_21_gym,flight_53,8,1365.47,776.0770,ok,
2026_07_21_gym,flight_53,9,1348.81,735.9291,ok,
2026_07_21_gym,flight_53,10,1332.16,407.6901,ok,
2026_07_21_gym,flight_53,11,1315.51,1000.4184,ok,
2026_07_21_gym,flight_53,12,1298.86,752.4508,ok,
2026_07_21_gym,flight_53,13,1282.21,504.7366,ok,
2026_07_21_gym,flight_53,14,1265.56,350.2362,ok,
2026_07_21_gym,flight_53,15,1248.90,105.9633,ok,
2026_07_21_gym,flight_53,16,1232.25,308.9525,ok,
2026_07_21_gym,flight_53,17,1215.60,277.9127,ok,
2026_07_21_gym,flight_53,18,1198.95,214.9426,ok,
2026_07_21_gym,flight_53,19,1182.30,210.6489,ok,
2026_07_21_gym,flight_53,20,1165.64,225.2911,ok,
2026_07_21_gym,flight_53,21,1148.99,227.9784,ok,
2026_07_21_gym,flight_53,22,1132.34,230.3202,ok,
2026_07_21_gym,flight_53,23,1115.69,234.3552,ok,
2026_07_21_gym,flight_53,24,1099.04,222.3143,ok,
2026_07_21_gym,flight_53,25,1082.38,214.1203,ok,
2026_07_21_gym,flight_53,26,1065.73,212.4596,ok,
2026_07_21_gym,flight_53,27,1049.08,212.3061,ok,
2026_07_21_gym,flight_53,28,1032.43,213.5987,ok,
2026_07_21_gym,flight_53,29,1015.78,219.8286,ok,
2026_07_21_gym,flight_53,30,999.12,228.0202,ok,
2026_07_21_gym,flight_53,31,982.47,229.1747,ok,
2026_07_21_gym,flight_53,32,965.82,228.7375,ok,
2026_07_21_gym,flight_53,33,949.17,230.6886,ok,
2026_07_21_gym,flight_53,34,932.52,227.6850,ok,
2026_07_21_gym,flight_53,35,915.86,229.3380,ok,
2026_07_21_gym,flight_53,36,899.21,231.3024,ok,
2026_07_21_gym,flight_53,37,882.56,234.6535,ok,
2026_07_21_gym,flight_53,38,865.91,235.8231,ok,
2026_07_21_gym,flight_53,39,849.25,235.0188,ok,
2026_07_21_gym,flight_53,40,832.60,234.5532,ok,
2026_07_21_gym,flight_53,41,815.95,233.5579,ok,
2026_07_21_gym,flight_53,42,799.30,232.2591,ok,
2026_07_21_gym,flight_53,43,782.65,224.7971,ok,
2026_07_21_gym,flight_53,44,765.99,214.7108,ok,
2026_07_21_gym,flight_53,45,749.34,210.4733,ok,
2026_07_21_gym,flight_53,46,716.04,205.4560,ok,
2026_07_21_gym,flight_53,47,699.39,198.7903,ok,
2026_07_21_gym,flight_53,48,682.73,191.4226,ok,
2026_07_21_gym,flight_53,49,666.08,186.8296,ok,
2026_07_21_gym,flight_53,50,649.43,182.7454,ok,
2026_07_21_gym,flight_53,51,632.78,178.7315,ok,
2026_07_21_gym,flight_53,52,616.13,177.2877,ok,
2026_07_21_gym,flight_53,53,599.47,175.4769,ok,
2026_07_21_gym,flight_53,54,582.82,172.1824,ok,
2026_07_21_gym,flight_53,55,566.17,171.7969,ok,
2026_07_21_gym,flight_53,56,549.52,170.5231,ok,
2026_07_21_gym,flight_53,57,532.87,166.8215,ok,
2026_07_21_gym,flight_53,58,516.21,164.9188,ok,
2026_07_21_gym,flight_53,59,499.56,164.1246,ok,
2026_07_21_gym,flight_53,60,482.91,174.6655,ok,
2026_07_21_gym,flight_53,61,466.26,172.7965,ok,
2026_07_21_gym,flight_53,62,449.61,169.5288,ok,
2026_07_21_gym,flight_53,63,432.95,176.4529,ok,
2026_07_21_gym,flight_53,64,416.30,168.3141,ok,
2026_07_21_gym,flight_53,65,399.65,168.9545,ok,
2026_07_21_gym,flight_53,66,383.00,168.3495,ok,
2026_07_21_gym,flight_53,67,366.35,167.9788,ok,
2026_07_21_gym,flight_53,68,349.69,170.4202,ok,
2026_07_21_gym,flight_53,69,333.04,167.5357,ok,
2026_07_21_gym,flight_53,70,316.39,165.2892,ok,
2026_07_21_gym,flight_53,71,299.74,166.2287,ok,
2026_07_21_gym,flight_53,72,283.08,164.5570,ok,
2026_07_21_gym,flight_53,73,266.43,165.7947,ok,
2026_07_21_gym,flight_53,74,249.78,167.3722,ok,
2026_07_21_gym,flight_53,75,216.48,172.2800,ok,
2026_07_21_gym,flight_53,76,199.82,164.0600,ok,
2026_07_21_gym,flight_53,77,183.17,158.4717,ok,
2026_07_21_gym,flight_53,78,166.52,153.6804,ok,
2026_07_21_gym,flight_53,79,149.87,150.2095,ok,
2026_07_21_gym,flight_53,80,133.22,150.8754,ok,
2026_07_21_gym,flight_53,81,116.56,151.4042,ok,
2026_07_21_gym,flight_53,82,99.91,148.3978,ok,
2026_07_21_gym,flight_53,83,83.26,146.9690,ok,
2026_07_21_gym,flight_53,84,66.61,145.4512,ok,
2026_07_21_gym,flight_53,85,49.96,143.8125,ok,
2026_07_21_gym,flight_53,86,33.30,142.9849,ok,
2026_07_21_gym,flight_53,87,16.65,143.8191,ok,
2026_07_21_gym,flight_54,3,1115.69,1670.8523,ok,
2026_07_21_gym,flight_54,4,1099.04,386.8243,ok,
2026_07_21_gym,flight_54,5,1082.38,432.9660,ok,
2026_07_21_gym,flight_54,6,1065.73,1099.5034,ok,
2026_07_21_gym,flight_54,7,1049.08,503.3235,ok,
2026_07_21_gym,flight_54,8,1032.43,329.7106,ok,
2026_07_21_gym,flight_54,9,1015.77,453.3480,ok,
2026_07_21_gym,flight_54,10,999.12,364.9027,ok,
2026_07_21_gym,flight_54,11,982.47,396.0512,ok,
2026_07_21_gym,flight_54,12,965.82,408.6758,ok,
2026_07_21_gym,flight_54,13,949.17,422.1058,ok,
2026_07_21_gym,flight_54,14,932.52,475.0213,ok,
2026_07_21_gym,flight_54,15,915.86,454.7573,ok,
2026_07_21_gym,flight_54,16,899.21,459.4357,ok,
2026_07_21_gym,flight_54,17,882.56,449.2682,ok,
2026_07_21_gym,flight_54,18,865.91,412.2710,ok,
2026_07_21_gym,flight_54,19,849.25,374.9786,ok,
2026_07_21_gym,flight_54,20,832.60,352.3523,ok,
2026_07_21_gym,flight_54,21,815.95,351.7923,ok,
2026_07_21_gym,flight_54,22,799.30,326.1519,ok,
2026_07_21_gym,flight_54,23,782.65,330.7512,ok,
2026_07_21_gym,flight_54,24,765.99,329.0411,ok,
2026_07_21_gym,flight_54,25,749.34,316.6363,ok,
2026_07_21_gym,flight_54,26,732.69,309.0047,ok,
2026_07_21_gym,flight_54,27,716.04,310.8543,ok,
2026_07_21_gym,flight_54,28,699.39,297.7588,ok,
2026_07_21_gym,flight_54,29,682.73,312.6550,ok,
2026_07_21_gym,flight_54,30,666.08,311.8694,ok,
2026_07_21_gym,flight_54,31,649.43,281.5492,ok,
2026_07_21_gym,flight_54,32,632.78,270.4843,ok,
2026_07_21_gym,flight_54,33,616.13,289.9761,ok,
2026_07_21_gym,flight_54,34,599.47,283.4776,ok,
2026_07_21_gym,flight_54,35,582.82,282.0393,ok,
2026_07_21_gym,flight_54,36,566.17,292.1824,ok,
2026_07_21_gym,flight_54,37,549.52,278.4001,ok,
2026_07_21_gym,flight_54,38,532.87,280.7568,ok,
2026_07_21_gym,flight_54,39,516.21,283.6025,ok,
2026_07_21_gym,flight_54,40,499.56,281.3004,ok,
2026_07_21_gym,flight_54,41,482.91,275.0904,ok,
2026_07_21_gym,flight_54,42,466.26,284.6075,ok,
2026_07_21_gym,flight_54,43,449.61,289.0683,ok,
2026_07_21_gym,flight_54,44,432.95,287.1229,ok,
2026_07_21_gym,flight_54,45,416.30,285.6810,ok,
2026_07_21_gym,flight_54,46,399.65,291.9575,ok,
2026_07_21_gym,flight_54,47,383.00,286.8454,ok,
2026_07_21_gym,flight_54,48,366.35,280.4894,ok,
2026_07_21_gym,flight_54,49,349.69,277.1012,ok,
2026_07_21_gym,flight_54,50,333.04,279.2311,ok,
2026_07_21_gym,flight_54,51,316.39,267.9654,ok,
2026_07_21_gym,flight_54,52,299.74,269.0199,ok,
2026_07_21_gym,flight_54,53,283.08,270.5748,ok,
2026_07_21_gym,flight_54,54,266.43,269.8964,ok,
2026_07_21_gym,flight_54,55,249.78,258.8663,ok,
2026_07_21_gym,flight_54,56,233.13,256.5990,ok,
2026_07_21_gym,flight_54,57,216.48,251.0557,ok,
2026_07_21_gym,flight_54,58,199.82,247.7312,ok,
2026_07_21_gym,flight_54,59,183.17,264.7160,ok,
2026_07_21_gym,flight_54,60,166.52,269.1818,ok,
2026_07_21_gym,flight_54,61,149.87,266.3939,ok,
2026_07_21_gym,flight_54,62,133.22,274.7063,ok,
2026_07_21_gym,flight_54,63,116.56,271.7654,ok,
2026_07_21_gym,flight_54,64,99.91,270.1697,ok,
2026_07_21_gym,flight_54,65,83.26,271.1556,ok,
2026_07_21_gym,flight_54,66,66.61,272.1003,ok,
2026_07_21_gym,flight_54,67,49.96,275.8510,ok,
2026_07_21_gym,flight_54,68,33.30,265.9059,ok,
2026_07_21_gym,flight_54,69,16.65,277.0627,ok,
2026_07_21_gym,flight_55,3,1298.86,4146.2608,ok,
2026_07_21_gym,flight_55,4,1282.21,3389.5888,ok,
2026_07_21_gym,flight_55,5,1265.56,1441.5299,ok,
2026_07_21_gym,flight_55,6,1248.90,2477.6827,ok,
2026_07_21_gym,flight_55,7,1232.25,554.7828,ok,
2026_07_21_gym,flight_55,8,1215.60,276.0629,ok,
2026_07_21_gym,flight_55,9,1198.95,160.6286,ok,
2026_07_21_gym,flight_55,10,1182.30,431.1816,ok,
2026_07_21_gym,flight_55,11,1165.64,632.4921,ok,
2026_07_21_gym,flight_55,12,1148.99,292.1334,ok,
2026_07_21_gym,flight_55,13,1132.34,498.5956,ok,
2026_07_21_gym,flight_55,14,1115.69,400.6844,ok,
2026_07_21_gym,flight_55,15,1099.04,203.0812,ok,
2026_07_21_gym,flight_55,16,1082.38,263.4009,ok,
2026_07_21_gym,flight_55,17,1065.73,339.5759,ok,
2026_07_21_gym,flight_55,18,1049.08,275.6587,ok,
2026_07_21_gym,flight_55,19,1032.43,308.3662,ok,
2026_07_21_gym,flight_55,20,1015.78,335.2578,ok,
2026_07_21_gym,flight_55,21,999.12,224.3698,ok,
2026_07_21_gym,flight_55,22,982.47,277.1646,ok,
2026_07_21_gym,flight_55,23,965.82,313.3045,ok,
2026_07_21_gym,flight_55,24,949.17,282.5582,ok,
2026_07_21_gym,flight_55,25,932.51,298.4031,ok,
2026_07_21_gym,flight_55,26,915.86,304.7785,ok,
2026_07_21_gym,flight_55,27,899.21,305.1404,ok,
2026_07_21_gym,flight_55,28,882.56,326.2367,ok,
2026_07_21_gym,flight_55,29,865.91,343.6537,ok,
2026_07_21_gym,flight_55,30,849.25,345.6046,ok,
2026_07_21_gym,flight_55,31,832.60,360.4184,ok,
2026_07_21_gym,flight_55,32,815.95,393.9517,ok,
2026_07_21_gym,flight_55,33,799.30,390.7681,ok,
2026_07_21_gym,flight_55,34,782.65,412.0088,ok,
2026_07_21_gym,flight_55,35,765.99,402.1608,ok,
2026_07_21_gym,flight_55,36,749.34,381.1645,ok,
2026_07_21_gym,flight_55,37,732.69,379.7937,ok,
2026_07_21_gym,flight_55,38,716.04,386.6461,ok,
2026_07_21_gym,flight_55,39,699.39,375.8723,ok,
2026_07_21_gym,flight_55,40,682.73,367.3606,ok,
2026_07_21_gym,flight_55,41,666.08,368.3209,ok,
2026_07_21_gym,flight_55,42,649.43,368.0595,ok,
2026_07_21_gym,flight_55,43,632.78,365.1377,ok,
2026_07_21_gym,flight_55,44,616.13,361.2730,ok,
2026_07_21_gym,flight_55,45,599.47,354.7540,ok,
2026_07_21_gym,flight_55,46,582.82,352.7218,ok,
2026_07_21_gym,flight_55,47,566.17,352.8890,ok,
2026_07_21_gym,flight_55,48,549.52,346.5860,ok,
2026_07_21_gym,flight_55,49,532.87,343.0787,ok,
2026_07_21_gym,flight_55,50,516.21,333.8809,ok,
2026_07_21_gym,flight_55,51,499.56,338.4067,ok,
2026_07_21_gym,flight_55,52,482.91,342.2391,ok,
2026_07_21_gym,flight_55,53,466.26,330.0498,ok,
2026_07_21_gym,flight_55,54,449.61,334.0419,ok,
2026_07_21_gym,flight_55,55,432.95,336.1482,ok,
2026_07_21_gym,flight_55,56,416.30,323.1468,ok,
2026_07_21_gym,flight_55,57,399.65,324.5653,ok,
2026_07_21_gym,flight_55,58,383.00,313.6316,ok,
2026_07_21_gym,flight_55,59,366.35,293.5852,ok,
2026_07_21_gym,flight_55,60,349.69,290.4930,ok,
2026_07_21_gym,flight_55,61,333.04,288.8217,ok,
2026_07_21_gym,flight_55,62,316.39,293.7316,ok,
2026_07_21_gym,flight_55,63,299.74,285.5214,ok,
2026_07_21_gym,flight_55,64,283.09,263.7917,ok,
2026_07_21_gym,flight_55,65,266.43,251.0513,ok,
2026_07_21_gym,flight_55,66,249.78,247.8800,ok,
2026_07_21_gym,flight_55,67,233.13,247.3004,ok,
2026_07_21_gym,flight_55,68,216.48,254.8959,ok,
2026_07_21_gym,flight_55,69,199.82,265.2830,ok,
2026_07_21_gym,flight_55,70,166.52,264.0679,ok,
2026_07_21_gym,flight_55,71,149.87,267.2230,ok,
2026_07_21_gym,flight_55,72,133.22,262.1881,ok,
2026_07_21_gym,flight_55,73,116.57,263.5034,ok,
2026_07_21_gym,flight_55,74,99.91,269.9012,ok,
2026_07_21_gym,flight_55,75,83.26,264.5572,ok,
2026_07_21_gym,flight_55,76,66.61,263.2823,ok,
2026_07_21_gym,flight_55,77,49.96,258.6785,ok,
2026_07_21_gym,flight_55,78,33.30,252.6653,ok,
2026_07_21_gym,flight_55,79,16.65,248.4360,ok,
2026_07_21_gym,flight_56,3,1315.51,4551.2631,ok,
2026_07_21_gym,flight_56,4,1298.86,133.9544,ok,
2026_07_21_gym,flight_56,5,1282.21,925.1679,ok,
2026_07_21_gym,flight_56,6,1265.56,445.5388,ok,
2026_07_21_gym,flight_56,7,1248.90,1090.2917,ok,
2026_07_21_gym,flight_56,8,1232.25,639.8140,ok,
2026_07_21_gym,flight_56,9,1215.60,399.3131,ok,
2026_07_21_gym,flight_56,10,1198.95,790.0076,ok,
2026_07_21_gym,flight_56,11,1182.30,1082.3187,ok,
2026_07_21_gym,flight_56,12,1165.64,1022.4586,ok,
2026_07_21_gym,flight_56,13,1148.99,942.1309,ok,
2026_07_21_gym,flight_56,14,1132.34,964.3801,ok,
2026_07_21_gym,flight_56,15,1115.69,737.4254,ok,
2026_07_21_gym,flight_56,16,1099.04,652.3637,ok,
2026_07_21_gym,flight_56,17,1082.38,702.2219,ok,
2026_07_21_gym,flight_56,18,1065.73,573.7334,ok,
2026_07_21_gym,flight_56,19,1049.08,527.8569,ok,
2026_07_21_gym,flight_56,20,1032.43,583.0102,ok,
2026_07_21_gym,flight_56,21,1015.78,350.8978,ok,
2026_07_21_gym,flight_56,22,999.12,243.6877,ok,
2026_07_21_gym,flight_56,23,982.47,199.6817,ok,
2026_07_21_gym,flight_56,24,965.82,168.2868,ok,
2026_07_21_gym,flight_56,25,949.17,199.5984,ok,
2026_07_21_gym,flight_56,26,932.52,214.1758,ok,
2026_07_21_gym,flight_56,27,915.86,216.8608,ok,
2026_07_21_gym,flight_56,28,899.21,230.7170,ok,
2026_07_21_gym,flight_56,29,882.56,230.6494,ok,
2026_07_21_gym,flight_56,30,865.91,231.6130,ok,
2026_07_21_gym,flight_56,31,849.26,238.3070,ok,
2026_07_21_gym,flight_56,32,832.60,234.9356,ok,
2026_07_21_gym,flight_56,33,815.95,233.2242,ok,
2026_07_21_gym,flight_56,34,799.30,229.6892,ok,
2026_07_21_gym,flight_56,35,782.65,220.7989,ok,
2026_07_21_gym,flight_56,36,765.99,219.3105,ok,
2026_07_21_gym,flight_56,37,749.34,210.2767,ok,
2026_07_21_gym,flight_56,38,732.69,203.4964,ok,
2026_07_21_gym,flight_56,39,716.04,203.6173,ok,
2026_07_21_gym,flight_56,40,699.39,199.3856,ok,
2026_07_21_gym,flight_56,41,682.73,196.6719,ok,
2026_07_21_gym,flight_56,42,666.08,187.3438,ok,
2026_07_21_gym,flight_56,43,649.43,182.0866,ok,
2026_07_21_gym,flight_56,44,632.78,180.1864,ok,
2026_07_21_gym,flight_56,45,616.13,173.0898,ok,
2026_07_21_gym,flight_56,46,599.47,168.2571,ok,
2026_07_21_gym,flight_56,47,582.82,168.5362,ok,
2026_07_21_gym,flight_56,48,566.17,166.9860,ok,
2026_07_21_gym,flight_56,49,549.52,166.3823,ok,
2026_07_21_gym,flight_56,50,532.87,168.4144,ok,
2026_07_21_gym,flight_56,51,516.21,173.5091,ok,
2026_07_21_gym,flight_56,52,499.56,184.2235,ok,
2026_07_21_gym,flight_56,53,482.91,180.0598,ok,
2026_07_21_gym,flight_56,54,466.26,179.8037,ok,
2026_07_21_gym,flight_56,55,449.61,178.3333,ok,
2026_07_21_gym,flight_56,56,432.95,177.5510,ok,
2026_07_21_gym,flight_56,57,416.30,178.2030,ok,
2026_07_21_gym,flight_56,58,399.65,173.7478,ok,
2026_07_21_gym,flight_56,59,383.00,177.5057,ok,
2026_07_21_gym,flight_56,60,366.35,173.6584,ok,
2026_07_21_gym,flight_56,61,349.69,174.1326,ok,
2026_07_21_gym,flight_56,62,333.04,170.4595,ok,
2026_07_21_gym,flight_56,63,316.39,170.1159,ok,
2026_07_21_gym,flight_56,64,299.74,170.0441,ok,
2026_07_21_gym,flight_56,65,283.09,169.3992,ok,
2026_07_21_gym,flight_56,66,266.43,175.3280,ok,
2026_07_21_gym,flight_56,67,249.78,171.6922,ok,
2026_07_21_gym,flight_56,68,233.13,172.9462,ok,
2026_07_21_gym,flight_56,69,216.48,168.4793,ok,
2026_07_21_gym,flight_56,70,199.83,166.1727,ok,
2026_07_21_gym,flight_56,71,183.17,166.9861,ok,
2026_07_21_gym,flight_56,72,166.52,167.5667,ok,
2026_07_21_gym,flight_56,73,149.87,170.3645,ok,
2026_07_21_gym,flight_56,74,133.22,166.5895,ok,
2026_07_21_gym,flight_56,75,116.56,169.4026,ok,
2026_07_21_gym,flight_56,76,99.91,167.3010,ok,
2026_07_21_gym,flight_56,77,83.26,167.6054,ok,
2026_07_21_gym,flight_56,78,66.61,167.2807,ok,
2026_07_21_gym,flight_56,79,49.96,164.1833,ok,
2026_07_21_gym,flight_56,80,33.30,166.2058,ok,
2026_07_21_gym,flight_56,81,16.65,166.3520,ok,
2026_07_21_gym,flight_57,3,1332.16,7026.4635,ok,
2026_07_21_gym,flight_57,4,1315.51,4726.3429,ok,
2026_07_21_gym,flight_57,5,1298.86,3367.5979,ok,
2026_07_21_gym,flight_57,6,1282.21,1096.7280,ok,
2026_07_21_gym,flight_57,7,1265.56,1459.2333,ok,
2026_07_21_gym,flight_57,8,1248.90,763.7555,ok,
2026_07_21_gym,flight_57,9,1232.25,496.8557,ok,
2026_07_21_gym,flight_57,10,1215.60,361.6160,ok,
2026_07_21_gym,flight_57,11,1198.95,245.8092,ok,
2026_07_21_gym,flight_57,12,1182.30,332.3973,ok,
2026_07_21_gym,flight_57,13,1165.64,166.0317,ok,
2026_07_21_gym,flight_57,14,1148.99,299.1549,ok,
2026_07_21_gym,flight_57,15,1132.34,223.3195,ok,
2026_07_21_gym,flight_57,16,1115.69,318.3562,ok,
2026_07_21_gym,flight_57,17,1099.04,263.1054,ok,
2026_07_21_gym,flight_57,18,1082.38,218.8629,ok,
2026_07_21_gym,flight_57,19,1065.73,210.2143,ok,
2026_07_21_gym,flight_57,20,1049.08,223.4875,ok,
2026_07_21_gym,flight_57,21,1032.43,224.2669,ok,
2026_07_21_gym,flight_57,22,1015.78,237.3971,ok,
2026_07_21_gym,flight_57,23,999.12,207.5797,ok,
2026_07_21_gym,flight_57,24,982.47,231.0539,ok,
2026_07_21_gym,flight_57,25,965.82,224.3916,ok,
2026_07_21_gym,flight_57,26,949.17,238.4844,ok,
2026_07_21_gym,flight_57,27,932.51,281.9152,ok,
2026_07_21_gym,flight_57,28,915.86,277.2299,ok,
2026_07_21_gym,flight_57,29,899.21,254.3203,ok,
2026_07_21_gym,flight_57,30,882.56,247.6092,ok,
2026_07_21_gym,flight_57,31,865.91,244.7468,ok,
2026_07_21_gym,flight_57,32,849.25,228.6429,ok,
2026_07_21_gym,flight_57,33,832.60,224.2059,ok,
2026_07_21_gym,flight_57,34,815.95,211.5276,ok,
2026_07_21_gym,flight_57,35,799.30,218.4838,ok,
2026_07_21_gym,flight_57,36,782.65,197.7660,ok,
2026_07_21_gym,flight_57,37,765.99,192.8651,ok,
2026_07_21_gym,flight_57,38,732.69,191.3257,ok,
2026_07_21_gym,flight_57,39,716.04,193.6823,ok,
2026_07_21_gym,flight_57,40,699.39,182.5491,ok,
2026_07_21_gym,flight_57,41,682.73,171.9932,ok,
2026_07_21_gym,flight_57,42,666.08,182.6933,ok,
2026_07_21_gym,flight_57,43,649.43,181.5228,ok,
2026_07_21_gym,flight_57,44,632.78,181.0333,ok,
2026_07_21_gym,flight_57,45,616.13,180.3077,ok,
2026_07_21_gym,flight_57,46,599.47,176.6452,ok,
2026_07_21_gym,flight_57,47,582.82,175.0576,ok,
2026_07_21_gym,flight_57,48,566.17,183.4544,ok,
2026_07_21_gym,flight_57,49,549.52,176.8686,ok,
2026_07_21_gym,flight_57,50,532.87,188.6496,ok,
2026_07_21_gym,flight_57,51,516.21,195.1639,ok,
2026_07_21_gym,flight_57,52,499.56,183.9981,ok,
2026_07_21_gym,flight_57,53,482.91,171.9461,ok,
2026_07_21_gym,flight_57,54,466.26,161.6701,ok,
2026_07_21_gym,flight_57,55,449.61,159.2016,ok,
2026_07_21_gym,flight_57,56,432.95,156.4784,ok,
2026_07_21_gym,flight_57,57,416.30,155.9306,ok,
2026_07_21_gym,flight_57,58,399.65,155.1413,ok,
2026_07_21_gym,flight_57,59,383.00,154.1471,ok,
2026_07_21_gym,flight_57,60,366.35,154.4401,ok,
2026_07_21_gym,flight_57,61,349.69,156.3054,ok,
2026_07_21_gym,flight_57,62,333.04,151.2836,ok,
2026_07_21_gym,flight_57,63,316.39,142.8708,ok,
2026_07_21_gym,flight_57,64,299.74,145.0705,ok,
2026_07_21_gym,flight_57,65,283.08,147.1390,ok,
2026_07_21_gym,flight_57,66,266.43,142.1962,ok,
2026_07_21_gym,flight_57,67,249.78,141.8643,ok,
2026_07_21_gym,flight_57,68,233.13,143.3585,ok,
2026_07_21_gym,flight_57,69,216.48,143.3205,ok,
2026_07_21_gym,flight_57,70,199.82,138.6132,ok,
2026_07_21_gym,flight_57,71,183.17,136.2896,ok,
2026_07_21_gym,flight_57,72,174.85,136.4321,ok,
2026_07_21_gym,flight_57,73,149.87,128.6053,ok,
2026_07_21_gym,flight_57,74,133.22,130.9847,ok,
2026_07_21_gym,flight_57,75,116.56,130.6653,ok,
2026_07_21_gym,flight_57,76,99.91,137.0053,ok,
2026_07_21_gym,flight_57,77,83.26,132.8462,ok,
2026_07_21_gym,flight_57,78,66.61,130.4114,ok,
2026_07_21_gym,flight_57,79,49.96,128.0313,ok,
2026_07_21_gym,flight_57,80,33.30,131.9252,ok,
2026_07_21_gym,flight_57,81,24.98,133.9445,ok,
2026_07_21_gym,flight_58,3,1515.34,8587.3132,ok,
2026_07_21_gym,flight_58,4,1498.68,7481.4204,ok,
2026_07_21_gym,flight_58,5,1482.03,1592.8433,ok,
2026_07_21_gym,flight_58,6,1465.38,1822.3695,ok,
2026_07_21_gym,flight_58,7,1448.73,3265.8563,ok,
2026_07_21_gym,flight_58,8,1432.08,1151.5986,ok,
2026_07_21_gym,flight_58,9,1415.43,865.9642,ok,
2026_07_21_gym,flight_58,10,1398.77,1087.4400,ok,
2026_07_21_gym,flight_58,11,1365.47,936.2341,ok,
2026_07_21_gym,flight_58,12,1332.16,693.8098,ok,
2026_07_21_gym,flight_58,13,1315.51,781.4938,ok,
2026_07_21_gym,flight_58,14,1298.86,436.2522,ok,
2026_07_21_gym,flight_58,15,1282.21,531.5295,ok,
2026_07_21_gym,flight_58,16,1265.56,513.9099,ok,
2026_07_21_gym,flight_58,17,1248.90,434.6778,ok,
2026_07_21_gym,flight_58,18,1232.25,424.0802,ok,
2026_07_21_gym,flight_58,19,1215.60,403.5510,ok,
2026_07_21_gym,flight_58,20,1198.95,398.7224,ok,
2026_07_21_gym,flight_58,21,1182.30,398.4247,ok,
2026_07_21_gym,flight_58,22,1165.64,362.1534,ok,
2026_07_21_gym,flight_58,23,1148.99,369.4155,ok,
2026_07_21_gym,flight_58,24,1132.34,383.0392,ok,
2026_07_21_gym,flight_58,25,1115.69,380.3367,ok,
2026_07_21_gym,flight_58,26,1099.04,378.1960,ok,
2026_07_21_gym,flight_58,27,1082.38,371.7847,ok,
2026_07_21_gym,flight_58,28,1065.73,345.3801,ok,
2026_07_21_gym,flight_58,29,1049.08,338.7623,ok,
2026_07_21_gym,flight_58,30,1024.10,328.9172,ok,
2026_07_21_gym,flight_58,31,1015.78,303.8264,ok,
2026_07_21_gym,flight_58,32,999.12,320.0295,ok,
2026_07_21_gym,flight_58,33,982.47,313.0486,ok,
2026_07_21_gym,flight_58,34,965.82,310.0009,ok,
2026_07_21_gym,flight_58,35,949.17,318.1227,ok,
2026_07_21_gym,flight_58,36,932.52,316.6604,ok,
2026_07_21_gym,flight_58,37,915.86,318.0444,ok,
2026_07_21_gym,flight_58,38,899.21,314.6964,ok,
2026_07_21_gym,flight_58,39,882.56,305.7426,ok,
2026_07_21_gym,flight_58,40,865.91,300.5535,ok,
2026_07_21_gym,flight_58,41,849.26,306.1614,ok,
2026_07_21_gym,flight_58,42,832.60,304.2385,ok,
2026_07_21_gym,flight_58,43,815.95,308.6894,ok,
2026_07_21_gym,flight_58,44,799.30,312.8918,ok,
2026_07_21_gym,flight_58,45,782.65,317.2008,ok,
2026_07_21_gym,flight_58,46,766.00,318.2869,ok,
2026_07_21_gym,flight_58,47,749.34,322.0667,ok,
2026_07_21_gym,flight_58,48,732.69,336.2396,ok,
2026_07_21_gym,flight_58,49,716.04,334.9170,ok,
2026_07_21_gym,flight_58,50,699.39,309.4637,ok,
2026_07_21_gym,flight_58,51,682.73,295.5282,ok,
2026_07_21_gym,flight_58,52,666.08,294.2896,ok,
2026_07_21_gym,flight_58,53,649.43,280.8302,ok,
2026_07_21_gym,flight_58,54,632.78,272.3887,ok,
2026_07_21_gym,flight_58,55,616.13,280.7193,ok,
2026_07_21_gym,flight_58,56,599.47,270.5579,ok,
2026_07_21_gym,flight_58,57,582.82,263.4982,ok,
2026_07_21_gym,flight_58,58,566.17,266.4568,ok,
2026_07_21_gym,flight_58,59,549.52,264.4365,ok,
2026_07_21_gym,flight_58,60,532.87,258.4204,ok,
2026_07_21_gym,flight_58,61,516.21,266.3539,ok,
2026_07_21_gym,flight_58,62,499.56,268.3343,ok,
2026_07_21_gym,flight_58,63,482.91,268.2858,ok,
2026_07_21_gym,flight_58,64,466.26,269.3147,ok,
2026_07_21_gym,flight_58,65,449.61,270.3005,ok,
2026_07_21_gym,flight_58,66,432.95,274.2560,ok,
2026_07_21_gym,flight_58,67,416.30,276.0036,ok,
2026_07_21_gym,flight_58,68,399.65,277.4710,ok,
2026_07_21_gym,flight_58,69,383.00,283.5892,ok,
2026_07_21_gym,flight_58,70,366.34,283.2417,ok,
2026_07_21_gym,flight_58,71,349.69,285.7464,ok,
2026_07_21_gym,flight_58,72,333.04,290.9133,ok,
2026_07_21_gym,flight_58,73,316.39,285.1995,ok,
2026_07_21_gym,flight_58,74,299.74,288.2162,ok,
2026_07_21_gym,flight_58,75,283.09,287.3334,ok,
2026_07_21_gym,flight_58,76,266.43,278.8429,ok,
2026_07_21_gym,flight_58,77,249.78,276.3812,ok,
2026_07_21_gym,flight_58,78,216.48,280.5687,ok,
2026_07_21_gym,flight_58,79,199.82,275.3987,ok,
2026_07_21_gym,flight_58,80,183.17,278.5396,ok,
2026_07_21_gym,flight_58,81,166.52,272.2243,ok,
2026_07_21_gym,flight_58,82,149.87,269.9580,ok,
2026_07_21_gym,flight_58,83,133.22,275.9790,ok,
2026_07_21_gym,flight_58,84,116.56,276.5749,ok,
2026_07_21_gym,flight_58,85,91.59,278.8039,ok,
2026_07_21_gym,flight_58,86,83.26,284.0558,ok,
2026_07_21_gym,flight_58,87,66.61,284.3049,ok,
2026_07_21_gym,flight_58,88,49.96,279.2087,ok,
2026_07_21_gym,flight_58,89,33.30,266.8543,ok,
2026_07_21_gym,flight_58,90,16.65,266.7435,ok,
2026_07_21_gym,flight_59,3,1548.64,1960.4025,ok,
2026_07_21_gym,flight_59,4,1531.99,3608.7436,ok,
2026_07_21_gym,flight_59,5,1515.34,1212.9833,ok,
2026_07_21_gym,flight_59,6,1498.68,1553.6758,ok,
2026_07_21_gym,flight_59,7,1465.38,3223.0217,ok,
2026_07_21_gym,flight_59,8,1448.73,2121.0779,ok,
2026_07_21_gym,flight_59,9,1432.08,891.9231,ok,
2026_07_21_gym,flight_59,10,1415.42,1148.3900,ok,
2026_07_21_gym,flight_59,11,1398.77,844.9112,ok,
2026_07_21_gym,flight_59,12,1382.12,723.9622,ok,
2026_07_21_gym,flight_59,13,1365.47,733.5966,ok,
2026_07_21_gym,flight_59,14,1348.82,637.8258,ok,
2026_07_21_gym,flight_59,15,1332.16,553.9348,ok,
2026_07_21_gym,flight_59,16,1307.19,460.1675,ok,
2026_07_21_gym,flight_59,17,1298.86,424.8187,ok,
2026_07_21_gym,flight_59,18,1282.21,477.6336,ok,
2026_07_21_gym,flight_59,19,1248.90,523.4607,ok,
2026_07_21_gym,flight_59,20,1223.93,394.9341,ok,
2026_07_21_gym,flight_59,21,1215.60,443.2190,ok,
2026_07_21_gym,flight_59,22,1198.95,393.1719,ok,
2026_07_21_gym,flight_59,23,1182.30,415.0634,ok,
2026_07_21_gym,flight_59,24,1165.64,450.5426,ok,
2026_07_21_gym,flight_59,25,1148.99,423.0965,ok,
2026_07_21_gym,flight_59,26,1132.34,443.5122,ok,
2026_07_21_gym,flight_59,27,1115.69,446.9871,ok,
2026_07_21_gym,flight_59,28,1099.04,396.8649,ok,
2026_07_21_gym,flight_59,29,1082.38,389.8365,ok,
2026_07_21_gym,flight_59,30,1065.73,360.2522,ok,
2026_07_21_gym,flight_59,31,1049.08,395.2238,ok,
2026_07_21_gym,flight_59,32,1032.43,556.3261,ok,
2026_07_21_gym,flight_59,33,1015.78,660.0304,ok,
2026_07_21_gym,flight_59,34,957.49,564.0354,ok,
2026_07_21_gym,flight_59,35,949.17,468.7959,ok,
2026_07_21_gym,flight_59,36,932.51,423.6906,ok,
2026_07_21_gym,flight_59,37,915.86,395.4484,ok,
2026_07_21_gym,flight_59,38,899.21,359.9764,ok,
2026_07_21_gym,flight_59,39,882.56,336.6442,ok,
2026_07_21_gym,flight_59,40,865.91,314.1339,ok,
2026_07_21_gym,flight_59,41,849.25,293.5220,ok,
2026_07_21_gym,flight_59,42,832.60,279.9634,ok,
2026_07_21_gym,flight_59,43,815.95,266.6460,ok,
2026_07_21_gym,flight_59,44,799.30,257.5456,ok,
2026_07_21_gym,flight_59,45,782.65,254.6671,ok,
2026_07_21_gym,flight_59,46,765.99,251.0624,ok,
2026_07_21_gym,flight_59,47,749.34,247.8746,ok,
2026_07_21_gym,flight_59,48,732.69,242.5437,ok,
2026_07_21_gym,flight_59,49,682.73,239.4725,ok,
2026_07_21_gym,flight_59,50,649.43,224.2116,ok,
2026_07_21_gym,flight_59,51,632.78,220.8242,ok,
2026_07_21_gym,flight_59,52,616.13,221.0329,ok,
2026_07_21_gym,flight_59,53,599.47,225.5227,ok,
2026_07_21_gym,flight_59,54,582.82,230.9139,ok,
2026_07_21_gym,flight_59,55,566.17,233.6458,ok,
2026_07_21_gym,flight_59,56,549.52,233.5622,ok,
2026_07_21_gym,flight_59,57,532.87,238.8056,ok,
2026_07_21_gym,flight_59,58,516.21,239.7165,ok,
2026_07_21_gym,flight_59,59,499.56,241.1351,ok,
2026_07_21_gym,flight_59,60,482.91,246.8059,ok,
2026_07_21_gym,flight_59,61,466.26,251.1544,ok,
2026_07_21_gym,flight_59,62,449.61,256.7833,ok,
2026_07_21_gym,flight_59,63,432.95,258.2031,ok,
2026_07_21_gym,flight_59,64,416.30,261.5096,ok,
2026_07_21_gym,flight_59,65,399.65,264.6293,ok,
2026_07_21_gym,flight_59,66,383.00,271.8695,ok,
2026_07_21_gym,flight_59,67,366.35,277.9579,ok,
2026_07_21_gym,flight_59,68,349.69,277.3767,ok,
2026_07_21_gym,flight_59,69,333.04,272.1112,ok,
2026_07_21_gym,flight_59,70,316.39,271.4479,ok,
2026_07_21_gym,flight_59,71,299.74,275.8803,ok,
2026_07_21_gym,flight_59,72,283.09,270.6704,ok,
2026_07_21_gym,flight_59,73,266.43,269.7217,ok,
2026_07_21_gym,flight_59,74,249.78,269.0688,ok,
2026_07_21_gym,flight_59,75,233.13,270.9201,ok,
2026_07_21_gym,flight_59,76,216.48,260.9299,ok,
2026_07_21_gym,flight_59,77,199.83,265.7983,ok,
2026_07_21_gym,flight_59,78,183.17,261.9469,ok,
2026_07_21_gym,flight_59,79,166.52,264.1871,ok,
2026_07_21_gym,flight_59,80,149.87,267.5072,ok,
2026_07_21_gym,flight_59,81,133.22,263.0369,ok,
2026_07_21_gym,flight_59,82,116.56,262.7689,ok,
2026_07_21_gym,flight_59,83,99.91,263.2630,ok,
2026_07_21_gym,flight_59,84,83.26,270.3976,ok,
2026_07_21_gym,flight_59,85,66.61,270.6258,ok,
2026_07_21_gym,flight_59,86,49.96,273.3647,ok,
2026_07_21_gym,flight_59,87,33.30,275.1335,ok,
2026_07_21_gym,flight_59,88,16.65,274.4166,ok,
2026_07_21_gym,flight_60,3,1465.38,422.8716,ok,
2026_07_21_gym,flight_60,4,1448.73,591.4688,ok,
2026_07_21_gym,flight_60,5,1432.08,395.6925,ok,
2026_07_21_gym,flight_60,6,1415.42,287.0476,ok,
2026_07_21_gym,flight_60,7,1398.77,171.4279,ok,
2026_07_21_gym,flight_60,8,1382.12,160.0379,ok,
2026_07_21_gym,flight_60,9,1365.47,199.1757,ok,
2026_07_21_gym,flight_60,10,1348.82,387.4227,ok,
2026_07_21_gym,flight_60,11,1332.16,361.9982,ok,
2026_07_21_gym,flight_60,12,1315.51,430.3453,ok,
2026_07_21_gym,flight_60,13,1298.86,436.3192,ok,
2026_07_21_gym,flight_60,14,1282.21,245.2041,ok,
2026_07_21_gym,flight_60,15,1265.56,571.3466,ok,
2026_07_21_gym,flight_60,16,1232.25,583.8939,ok,
2026_07_21_gym,flight_60,17,1215.60,866.9054,ok,
2026_07_21_gym,flight_60,18,1198.95,449.4565,ok,
2026_07_21_gym,flight_60,19,1182.29,463.4295,ok,
2026_07_21_gym,flight_60,20,1165.64,479.1014,ok,
2026_07_21_gym,flight_60,21,1148.99,295.2685,ok,
2026_07_21_gym,flight_60,22,1132.34,284.3039,ok,
2026_07_21_gym,flight_60,23,1115.69,306.8947,ok,
2026_07_21_gym,flight_60,24,1099.04,289.7175,ok,
2026_07_21_gym,flight_60,25,1082.38,307.1687,ok,
2026_07_21_gym,flight_60,26,1065.73,293.3473,ok,
2026_07_21_gym,flight_60,27,1049.08,278.0271,ok,
2026_07_21_gym,flight_60,28,1032.43,278.3624,ok,
2026_07_21_gym,flight_60,29,1015.77,262.6792,ok,
2026_07_21_gym,flight_60,30,999.12,259.8005,ok,
2026_07_21_gym,flight_60,31,982.47,255.1153,ok,
2026_07_21_gym,flight_60,32,965.82,237.4408,ok,
2026_07_21_gym,flight_60,33,949.17,227.0976,ok,
2026_07_21_gym,flight_60,34,932.51,224.7984,ok,
2026_07_21_gym,flight_60,35,915.86,212.7824,ok,
2026_07_21_gym,flight_60,36,899.21,209.0743,ok,
2026_07_21_gym,flight_60,37,882.56,199.0589,ok,
2026_07_21_gym,flight_60,38,865.91,183.2488,ok,
2026_07_21_gym,flight_60,39,849.25,180.0541,ok,
2026_07_21_gym,flight_60,40,832.60,173.4439,ok,
2026_07_21_gym,flight_60,41,815.95,163.6648,ok,
2026_07_21_gym,flight_60,42,799.30,160.6399,ok,
2026_07_21_gym,flight_60,43,782.64,156.7531,ok,
2026_07_21_gym,flight_60,44,749.34,154.6407,ok,
2026_07_21_gym,flight_60,45,732.69,151.7112,ok,
2026_07_21_gym,flight_60,46,716.04,148.6396,ok,
2026_07_21_gym,flight_60,47,699.39,144.7429,ok,
2026_07_21_gym,flight_60,48,682.73,141.8580,ok,
2026_07_21_gym,flight_60,49,666.08,141.8963,ok,
2026_07_21_gym,flight_60,50,649.43,141.3864,ok,
2026_07_21_gym,flight_60,51,632.78,142.3201,ok,
2026_07_21_gym,flight_60,52,616.13,140.7671,ok,
2026_07_21_gym,flight_60,53,599.47,140.1787,ok,
2026_07_21_gym,flight_60,54,582.82,143.7720,ok,
2026_07_21_gym,flight_60,55,566.17,142.9751,ok,
2026_07_21_gym,flight_60,56,549.52,145.4457,ok,
2026_07_21_gym,flight_60,57,532.87,150.0352,ok,
2026_07_21_gym,flight_60,58,516.21,150.5139,ok,
2026_07_21_gym,flight_60,59,499.56,154.1972,ok,
2026_07_21_gym,flight_60,60,482.91,153.5139,ok,
2026_07_21_gym,flight_60,61,466.26,157.0043,ok,
2026_07_21_gym,flight_60,62,449.60,160.3438,ok,
2026_07_21_gym,flight_60,63,432.95,158.7934,ok,
2026_07_21_gym,flight_60,64,416.30,158.1655,ok,
2026_07_21_gym,flight_60,65,399.65,161.8049,ok,
2026_07_21_gym,flight_60,66,383.00,162.9785,ok,
2026_07_21_gym,flight_60,67,366.35,159.8554,ok,
2026_07_21_gym,flight_60,68,349.69,159.7979,ok,
2026_07_21_gym,flight_60,69,333.04,161.6308,ok,
2026_07_21_gym,flight_60,70,316.39,159.8821,ok,
2026_07_21_gym,flight_60,71,299.74,161.0381,ok,
2026_07_21_gym,flight_60,72,283.08,162.9868,ok,
2026_07_21_gym,flight_60,73,266.43,156.0525,ok,
2026_07_21_gym,flight_60,74,249.78,159.2945,ok,
2026_07_21_gym,flight_60,75,233.13,160.4800,ok,
2026_07_21_gym,flight_60,76,216.48,158.3649,ok,
2026_07_21_gym,flight_60,77,199.82,157.9497,ok,
2026_07_21_gym,flight_60,78,183.17,153.0219,ok,
2026_07_21_gym,flight_60,79,166.52,150.4864,ok,
2026_07_21_gym,flight_60,80,149.87,150.6716,ok,
2026_07_21_gym,flight_60,81,133.22,156.0650,ok,
2026_07_21_gym,flight_60,82,116.56,159.9247,ok,
2026_07_21_gym,flight_60,83,99.91,161.8306,ok,
2026_07_21_gym,flight_60,84,83.26,164.1595,ok,
2026_07_21_gym,flight_60,85,66.61,166.2020,ok,
2026_07_21_gym,flight_60,86,49.96,169.0468,ok,
2026_07_21_gym,flight_60,87,33.30,172.5568,ok,
2026_07_21_gym,flight_60,88,16.65,176.1558,ok,
2026_07_21_gym,flight_61,3,632.77,5033.3584,ok,
2026_07_21_gym,flight_61,4,616.12,3126.3498,ok,
2026_07_21_gym,flight_61,5,599.47,2359.4005,ok,
2026_07_21_gym,flight_61,6,582.81,1894.0614,ok,
2026_07_21_gym,flight_61,7,566.16,1612.9651,ok,
2026_07_21_gym,flight_61,8,549.51,1174.8272,ok,
2026_07_21_gym,flight_61,9,532.86,1052.2019,ok,
2026_07_21_gym,flight_61,10,516.21,854.3473,ok,
2026_07_21_gym,flight_61,11,499.55,748.5409,ok,
2026_07_21_gym,flight_61,12,482.90,613.2174,ok,
2026_07_21_gym,flight_61,13,466.25,483.8459,ok,
2026_07_21_gym,flight_61,14,449.60,407.6201,ok,
2026_07_21_gym,flight_61,15,432.95,360.5935,ok,
2026_07_21_gym,flight_61,16,416.30,313.6454,ok,
2026_07_21_gym,flight_61,17,399.64,283.8233,ok,
2026_07_21_gym,flight_61,18,382.99,291.2894,ok,
2026_07_21_gym,flight_61,19,366.34,265.4083,ok,
2026_07_21_gym,flight_61,20,349.69,275.6741,ok,
2026_07_21_gym,flight_61,21,333.04,326.4144,ok,
2026_07_21_gym,flight_61,22,316.39,304.9566,ok,
2026_07_21_gym,flight_61,23,299.73,322.4668,ok,
2026_07_21_gym,flight_61,24,283.08,323.2347,ok,
2026_07_21_gym,flight_61,25,266.43,317.5244,ok,
2026_07_21_gym,flight_61,26,249.78,320.9575,ok,
2026_07_21_gym,flight_61,27,233.13,307.4241,ok,
2026_07_21_gym,flight_61,28,216.47,294.9716,ok,
2026_07_21_gym,flight_61,29,199.82,306.4338,ok,
2026_07_21_gym,flight_61,30,183.17,292.4598,ok,
2026_07_21_gym,flight_61,31,166.52,275.5735,ok,
2026_07_21_gym,flight_61,32,149.87,266.1255,ok,
2026_07_21_gym,flight_61,33,133.21,257.9590,ok,
2026_07_21_gym,flight_61,34,116.56,249.1169,ok,
2026_07_21_gym,flight_61,35,99.91,253.3695,ok,
2026_07_21_gym,flight_61,36,83.26,247.7441,ok,
2026_07_21_gym,flight_61,37,66.61,257.0406,ok,
2026_07_21_gym,flight_61,38,49.96,262.3213,ok,
2026_07_21_gym,flight_61,39,33.30,271.8667,ok,
2026_07_21_gym,flight_61,40,16.65,266.7512,ok,
2026_07_21_gym,flight_62,3,699.38,2783.8055,ok,
2026_07_21_gym,flight_62,4,682.73,1687.2318,ok,
2026_07_21_gym,flight_62,5,666.08,345.1515,ok,
2026_07_21_gym,flight_62,6,649.42,300.1298,ok,
2026_07_21_gym,flight_62,7,632.77,394.7985,ok,
2026_07_21_gym,flight_62,8,616.12,263.3345,ok,
2026_07_21_gym,flight_62,9,599.47,240.7777,ok,
2026_07_21_gym,flight_62,10,582.82,269.4317,ok,
2026_07_21_gym,flight_62,11,566.16,185.9469,ok,
2026_07_21_gym,flight_62,12,549.51,169.2192,ok,
2026_07_21_gym,flight_62,13,532.86,167.1218,ok,
2026_07_21_gym,flight_62,14,516.21,159.8081,ok,
2026_07_21_gym,flight_62,15,499.56,164.9701,ok,
2026_07_21_gym,flight_62,16,482.91,153.9652,ok,
2026_07_21_gym,flight_62,17,466.25,169.8391,ok,
2026_07_21_gym,flight_62,18,449.60,184.3485,ok,
2026_07_21_gym,flight_62,19,432.95,220.5549,ok,
2026_07_21_gym,flight_62,20,416.30,145.4318,ok,
2026_07_21_gym,flight_62,21,399.65,123.1749,ok,
2026_07_21_gym,flight_62,22,382.99,134.7128,ok,
2026_07_21_gym,flight_62,23,366.34,149.2304,ok,
2026_07_21_gym,flight_62,24,349.69,139.4628,ok,
2026_07_21_gym,flight_62,25,333.04,134.8976,ok,
2026_07_21_gym,flight_62,26,316.39,134.8194,ok,
2026_07_21_gym,flight_62,27,299.73,125.2717,ok,
2026_07_21_gym,flight_62,28,283.08,119.5984,ok,
2026_07_21_gym,flight_62,29,266.43,113.4265,ok,
2026_07_21_gym,flight_62,30,249.78,121.8048,ok,
2026_07_21_gym,flight_62,31,233.13,134.9220,ok,
2026_07_21_gym,flight_62,32,216.48,128.8848,ok,
2026_07_21_gym,flight_62,33,199.82,143.5513,ok,
2026_07_21_gym,flight_62,34,183.17,142.1504,ok,
2026_07_21_gym,flight_62,35,166.52,165.6170,ok,
2026_07_21_gym,flight_62,36,149.87,152.4352,ok,
2026_07_21_gym,flight_62,37,133.22,164.0854,ok,
2026_07_21_gym,flight_62,38,99.91,133.7360,ok,
2026_07_21_gym,flight_62,39,83.26,147.0319,ok,
2026_07_21_gym,flight_62,40,66.61,140.5198,ok,
2026_07_21_gym,flight_62,41,49.96,130.4268,ok,
2026_07_21_gym,flight_62,42,33.30,145.1370,ok,
2026_07_21_gym,flight_63,3,682.73,1388.5144,ok,
2026_07_21_gym,flight_63,4,666.08,2805.2428,ok,
2026_07_21_gym,flight_63,5,649.42,2220.3236,ok,
2026_07_21_gym,flight_63,6,632.77,1984.9325,ok,
2026_07_21_gym,flight_63,7,616.12,1417.5421,ok,
2026_07_21_gym,flight_63,8,599.47,1316.0320,ok,
2026_07_21_gym,flight_63,9,582.82,1075.8713,ok,
2026_07_21_gym,flight_63,10,566.17,959.9362,ok,
2026_07_21_gym,flight_63,11,549.51,820.9399,ok,
2026_07_21_gym,flight_63,12,532.86,823.0918,ok,
2026_07_21_gym,flight_63,13,516.21,730.9955,ok,
2026_07_21_gym,flight_63,14,499.56,631.6415,ok,
2026_07_21_gym,flight_63,15,482.91,526.9053,ok,
2026_07_21_gym,flight_63,16,466.25,436.4194,ok,
2026_07_21_gym,flight_63,17,449.60,402.8123,ok,
2026_07_21_gym,flight_63,18,432.95,400.6465,ok,
2026_07_21_gym,flight_63,19,416.30,354.0990,ok,
2026_07_21_gym,flight_63,20,399.65,364.1024,ok,
2026_07_21_gym,flight_63,21,382.99,321.2029,ok,
2026_07_21_gym,flight_63,22,366.34,282.4271,ok,
2026_07_21_gym,flight_63,23,349.69,301.7340,ok,
2026_07_21_gym,flight_63,24,333.04,307.0233,ok,
2026_07_21_gym,flight_63,25,316.39,283.3585,ok,
2026_07_21_gym,flight_63,26,299.73,288.6026,ok,
2026_07_21_gym,flight_63,27,283.08,296.9194,ok,
2026_07_21_gym,flight_63,28,266.43,318.3563,ok,
2026_07_21_gym,flight_63,29,249.78,315.4023,ok,
2026_07_21_gym,flight_63,30,233.13,309.2965,ok,
2026_07_21_gym,flight_63,31,216.47,293.0068,ok,
2026_07_21_gym,flight_63,32,199.82,264.9216,ok,
2026_07_21_gym,flight_63,33,183.17,267.2958,ok,
2026_07_21_gym,flight_63,34,166.52,267.8209,ok,
2026_07_21_gym,flight_63,35,149.87,272.6556,ok,
2026_07_21_gym,flight_63,36,133.21,267.0398,ok,
2026_07_21_gym,flight_63,37,116.56,265.4655,ok,
2026_07_21_gym,flight_63,38,99.91,260.2341,ok,
2026_07_21_gym,flight_63,39,83.26,265.5265,ok,
2026_07_21_gym,flight_63,40,66.61,262.7933,ok,
2026_07_21_gym,flight_63,41,49.96,267.3449,ok,
2026_07_21_gym,flight_63,42,33.30,254.9501,ok,
2026_07_21_gym,flight_63,43,16.65,248.6639,ok,
2026_07_21_gym,flight_64,3,749.34,365.8667,ok,
2026_07_21_gym,flight_64,4,732.69,703.9109,ok,
2026_07_21_gym,flight_64,5,716.03,724.0804,ok,
2026_07_21_gym,flight_64,6,699.38,520.5700,ok,
2026_07_21_gym,flight_64,7,682.73,452.0581,ok,
2026_07_21_gym,flight_64,8,649.43,323.6923,ok,
2026_07_21_gym,flight_64,9,632.77,314.0670,ok,
2026_07_21_gym,flight_64,10,616.12,278.4863,ok,
2026_07_21_gym,flight_64,11,599.47,289.7233,ok,
2026_07_21_gym,flight_64,12,582.82,280.3538,ok,
2026_07_21_gym,flight_64,13,566.17,265.9607,ok,
2026_07_21_gym,flight_64,14,549.51,257.1159,ok,
2026_07_21_gym,flight_64,15,532.86,247.2384,ok,
2026_07_21_gym,flight_64,16,516.21,225.9031,ok,
2026_07_21_gym,flight_64,17,499.56,235.9802,ok,
2026_07_21_gym,flight_64,18,482.91,249.5978,ok,
2026_07_21_gym,flight_64,19,466.26,265.6309,ok,
2026_07_21_gym,flight_64,20,449.60,273.2617,ok,
2026_07_21_gym,flight_64,21,432.95,279.8646,ok,
2026_07_21_gym,flight_64,22,416.30,310.6476,ok,
2026_07_21_gym,flight_64,23,399.65,357.2277,ok,
2026_07_21_gym,flight_64,24,382.99,325.9357,ok,
2026_07_21_gym,flight_64,25,366.34,344.0175,ok,
2026_07_21_gym,flight_64,26,349.69,342.4974,ok,
2026_07_21_gym,flight_64,27,333.04,344.6000,ok,
2026_07_21_gym,flight_64,28,316.39,349.3756,ok,
2026_07_21_gym,flight_64,29,299.74,361.8287,ok,
2026_07_21_gym,flight_64,30,283.08,321.0430,ok,
2026_07_21_gym,flight_64,31,266.43,297.7183,ok,
2026_07_21_gym,flight_64,32,249.78,284.3884,ok,
2026_07_21_gym,flight_64,33,233.13,274.1067,ok,
2026_07_21_gym,flight_64,34,216.47,305.5785,ok,
2026_07_21_gym,flight_64,35,199.82,301.4882,ok,
2026_07_21_gym,flight_64,36,183.17,294.0562,ok,
2026_07_21_gym,flight_64,37,166.52,294.3430,ok,
2026_07_21_gym,flight_64,38,149.87,312.3073,ok,
2026_07_21_gym,flight_64,39,133.22,306.8267,ok,
2026_07_21_gym,flight_64,40,116.56,307.4801,ok,
2026_07_21_gym,flight_64,41,99.91,293.4582,ok,
2026_07_21_gym,flight_64,42,83.26,297.7493,ok,
2026_07_21_gym,flight_64,43,66.61,297.9200,ok,
2026_07_21_gym,flight_64,44,49.96,296.8183,ok,
2026_07_21_gym,flight_64,45,33.30,303.6905,ok,
2026_07_21_gym,flight_64,46,16.65,305.9602,ok,
2026_07_21_gym,flight_65,3,682.73,2351.7814,ok,
2026_07_21_gym,flight_65,4,666.08,942.2653,ok,
2026_07_21_gym,flight_65,5,649.43,1067.2466,ok,
2026_07_21_gym,flight_65,6,632.78,386.1217,ok,
2026_07_21_gym,flight_65,7,616.12,217.6294,ok,
2026_07_21_gym,flight_65,8,599.47,149.2993,ok,
2026_07_21_gym,flight_65,9,582.82,74.5860,ok,
2026_07_21_gym,flight_65,10,566.17,99.7615,ok,
2026_07_21_gym,flight_65,11,549.52,116.7275,ok,
2026_07_21_gym,flight_65,12,532.86,120.8235,ok,
2026_07_21_gym,flight_65,13,516.21,141.8417,ok,
2026_07_21_gym,flight_65,14,499.56,136.3273,ok,
2026_07_21_gym,flight_65,15,482.91,125.1577,ok,
2026_07_21_gym,flight_65,16,466.26,141.0172,ok,
2026_07_21_gym,flight_65,17,432.95,228.6052,ok,
2026_07_21_gym,flight_65,18,416.30,205.3062,ok,
2026_07_21_gym,flight_65,19,399.65,192.1022,ok,
2026_07_21_gym,flight_65,20,383.00,151.2516,ok,
2026_07_21_gym,flight_65,21,366.34,136.0743,ok,
2026_07_21_gym,flight_65,22,349.69,124.0792,ok,
2026_07_21_gym,flight_65,23,333.04,134.1695,ok,
2026_07_21_gym,flight_65,24,316.39,168.3583,ok,
2026_07_21_gym,flight_65,25,299.74,162.9354,ok,
2026_07_21_gym,flight_65,26,283.08,152.5060,ok,
2026_07_21_gym,flight_65,27,266.43,125.0170,ok,
2026_07_21_gym,flight_65,28,249.78,120.4898,ok,
2026_07_21_gym,flight_65,29,233.13,147.0315,ok,
2026_07_21_gym,flight_65,30,216.48,137.3411,ok,
2026_07_21_gym,flight_65,31,199.82,165.5620,ok,
2026_07_21_gym,flight_65,32,183.17,176.3458,ok,
2026_07_21_gym,flight_65,33,166.52,150.1863,ok,
2026_07_21_gym,flight_65,34,149.87,151.9869,ok,
2026_07_21_gym,flight_65,35,133.21,153.9494,ok,
2026_07_21_gym,flight_65,36,116.56,167.3095,ok,
2026_07_21_gym,flight_65,37,99.91,169.9311,ok,
2026_07_21_gym,flight_65,38,83.26,163.2096,ok,
2026_07_21_gym,flight_65,39,66.61,170.0990,ok,
2026_07_21_gym,flight_65,40,49.96,177.1460,ok,
2026_07_21_gym,flight_65,41,33.30,172.2808,ok,
2026_07_21_gym,flight_65,42,16.65,162.5838,ok,
2026_07_21_gym,flight_66,3,549.52,2954.5516,ok,
2026_07_21_gym,flight_66,4,532.87,1432.4603,ok,
2026_07_21_gym,flight_66,5,516.21,466.6870,ok,
2026_07_21_gym,flight_66,6,499.56,105.9963,ok,
2026_07_21_gym,flight_66,7,482.91,175.4093,ok,
2026_07_21_gym,flight_66,8,466.26,121.1213,ok,
2026_07_21_gym,flight_66,9,449.61,129.3737,ok,
2026_07_21_gym,flight_66,10,432.95,87.2201,ok,
2026_07_21_gym,flight_66,11,416.30,155.8869,ok,
2026_07_21_gym,flight_66,12,399.65,199.6555,ok,
2026_07_21_gym,flight_66,13,383.00,210.7256,ok,
2026_07_21_gym,flight_66,14,366.35,203.0469,ok,
2026_07_21_gym,flight_66,15,349.69,201.6757,ok,
2026_07_21_gym,flight_66,16,333.04,201.7278,ok,
2026_07_21_gym,flight_66,17,316.39,225.9836,ok,
2026_07_21_gym,flight_66,18,299.74,219.4792,ok,
2026_07_21_gym,flight_66,19,283.09,209.6211,ok,
2026_07_21_gym,flight_66,20,266.43,159.3066,ok,
2026_07_21_gym,flight_66,21,249.78,156.5853,ok,
2026_07_21_gym,flight_66,22,233.13,155.9900,ok,
2026_07_21_gym,flight_66,23,216.48,139.7076,ok,
2026_07_21_gym,flight_66,24,199.82,132.1261,ok,
2026_07_21_gym,flight_66,25,183.17,139.5766,ok,
2026_07_21_gym,flight_66,26,166.52,156.5516,ok,
2026_07_21_gym,flight_66,27,149.87,185.8662,ok,
2026_07_21_gym,flight_66,28,133.22,177.0883,ok,
2026_07_21_gym,flight_66,29,116.57,154.3841,ok,
2026_07_21_gym,flight_66,30,99.91,142.0653,ok,
2026_07_21_gym,flight_66,31,83.26,134.7043,ok,
2026_07_21_gym,flight_66,32,66.61,139.7665,ok,
2026_07_21_gym,flight_66,33,49.96,146.0021,ok,
2026_07_21_gym,flight_66,34,33.30,143.7743,ok,
2026_07_21_gym,flight_66,35,16.65,158.2993,ok,
2026_07_21_gym,flight_67,3,399.65,520.5385,ok,
2026_07_21_gym,flight_67,4,383.00,234.4949,ok,
2026_07_21_gym,flight_67,5,366.35,143.5788,ok,
2026_07_21_gym,flight_67,6,349.69,199.9001,ok,
2026_07_21_gym,flight_67,7,333.04,154.6013,ok,
2026_07_21_gym,flight_67,8,316.39,164.8796,ok,
2026_07_21_gym,flight_67,9,299.74,175.5478,ok,
2026_07_21_gym,flight_67,10,283.09,190.6352,ok,
2026_07_21_gym,flight_67,11,266.43,205.5563,ok,
2026_07_21_gym,flight_67,12,249.78,186.2429,ok,
2026_07_21_gym,flight_67,13,233.13,183.1267,ok,
2026_07_21_gym,flight_67,14,216.48,172.8211,ok,
2026_07_21_gym,flight_67,15,199.83,190.5793,ok,
2026_07_21_gym,flight_67,16,183.17,177.9617,ok,
2026_07_21_gym,flight_67,17,166.52,168.9305,ok,
2026_07_21_gym,flight_67,18,149.87,200.0415,ok,
2026_07_21_gym,flight_67,19,133.22,169.1034,ok,
2026_07_21_gym,flight_67,20,116.57,155.1609,ok,
2026_07_21_gym,flight_67,21,99.91,183.0860,ok,
2026_07_21_gym,flight_67,22,83.26,194.1473,ok,
2026_07_21_gym,flight_67,23,66.61,192.3434,ok,
2026_07_21_gym,flight_67,24,49.96,195.8009,ok,
2026_07_21_gym,flight_67,25,33.31,192.9941,ok,
2026_07_21_gym,flight_67,26,16.65,195.8050,ok,
2026_07_21_gym,flight_68,3,799.30,402.5442,ok,
2026_07_21_gym,flight_68,4,782.65,295.1733,ok,
2026_07_21_gym,flight_68,5,766.00,225.8968,ok,
2026_07_21_gym,flight_68,6,749.34,802.7859,ok,
2026_07_21_gym,flight_68,7,732.69,734.6799,ok,
2026_07_21_gym,flight_68,8,716.04,364.9919,ok,
2026_07_21_gym,flight_68,9,699.39,285.0497,ok,
2026_07_21_gym,flight_68,10,682.74,249.8118,ok,
2026_07_21_gym,flight_68,11,666.08,216.2495,ok,
2026_07_21_gym,flight_68,12,649.43,188.4994,ok,
2026_07_21_gym,flight_68,13,632.78,178.1183,ok,
2026_07_21_gym,flight_68,14,616.13,188.0077,ok,
2026_07_21_gym,flight_68,15,599.47,199.4018,ok,
2026_07_21_gym,flight_68,16,582.82,165.0919,ok,
2026_07_21_gym,flight_68,17,566.17,146.5798,ok,
2026_07_21_gym,flight_68,18,549.52,150.5550,ok,
2026_07_21_gym,flight_68,19,532.87,147.4337,ok,
2026_07_21_gym,flight_68,20,516.21,144.0182,ok,
2026_07_21_gym,flight_68,21,499.56,132.9801,ok,
2026_07_21_gym,flight_68,22,482.91,131.2542,ok,
2026_07_21_gym,flight_68,23,466.26,131.3957,ok,
2026_07_21_gym,flight_68,24,449.61,129.1350,ok,
2026_07_21_gym,flight_68,25,432.95,127.3324,ok,
2026_07_21_gym,flight_68,26,416.30,144.8438,ok,
2026_07_21_gym,flight_68,27,399.65,151.4300,ok,
2026_07_21_gym,flight_68,28,383.00,121.2963,ok,
2026_07_21_gym,flight_68,29,366.34,105.7407,ok,
2026_07_21_gym,flight_68,30,349.69,107.7142,ok,
2026_07_21_gym,flight_68,31,333.04,100.3234,ok,
2026_07_21_gym,flight_68,32,316.39,90.9576,ok,
2026_07_21_gym,flight_68,33,299.74,90.4032,ok,
2026_07_21_gym,flight_68,34,283.09,87.4978,ok,
2026_07_21_gym,flight_68,35,266.43,85.6029,ok,
2026_07_21_gym,flight_68,36,249.78,89.1562,ok,
2026_07_21_gym,flight_68,37,233.13,95.6304,ok,
2026_07_21_gym,flight_68,38,216.46,97.3228,ok,
2026_07_21_gym,flight_68,39,199.81,98.3836,ok,
2026_07_21_gym,flight_68,40,183.17,97.1802,ok,
2026_07_21_gym,flight_68,41,166.52,100.0653,ok,
2026_07_21_gym,flight_68,42,149.87,119.7967,ok,
2026_07_21_gym,flight_68,43,133.22,139.3384,ok,
2026_07_21_gym,flight_68,44,116.56,103.1380,ok,
2026_07_21_gym,flight_68,45,99.91,103.3339,ok,
2026_07_21_gym,flight_68,46,83.26,116.8027,ok,
2026_07_21_gym,flight_68,47,66.61,115.2367,ok,
2026_07_21_gym,flight_68,48,49.96,117.5802,ok,
2026_07_21_gym,flight_68,49,16.65,101.8979,ok,
2026_07_21_gym,flight_69,3,782.65,368.9443,ok,
2026_07_21_gym,flight_69,4,766.00,699.5785,ok,
2026_07_21_gym,flight_69,5,749.35,435.9091,ok,
2026_07_21_gym,flight_69,6,732.69,444.5683,ok,
2026_07_21_gym,flight_69,7,716.04,660.0095,ok,
2026_07_21_gym,flight_69,8,699.39,349.4783,ok,
2026_07_21_gym,flight_69,9,682.74,271.9648,ok,
2026_07_21_gym,flight_69,10,666.08,270.9289,ok,
2026_07_21_gym,flight_69,11,649.43,216.1118,ok,
2026_07_21_gym,flight_69,12,632.78,204.2676,ok,
2026_07_21_gym,flight_69,13,616.13,186.5991,ok,
2026_07_21_gym,flight_69,14,599.48,205.7770,ok,
2026_07_21_gym,flight_69,15,582.82,268.2998,ok,
2026_07_21_gym,flight_69,16,566.17,317.7367,ok,
2026_07_21_gym,flight_69,17,549.52,386.9892,ok,
2026_07_21_gym,flight_69,18,532.87,422.3018,ok,
2026_07_21_gym,flight_69,19,516.22,337.2020,ok,
2026_07_21_gym,flight_69,20,499.56,268.6510,ok,
2026_07_21_gym,flight_69,21,482.91,259.5204,ok,
2026_07_21_gym,flight_69,22,466.26,232.3132,ok,
2026_07_21_gym,flight_69,23,449.61,204.9485,ok,
2026_07_21_gym,flight_69,24,432.95,192.1832,ok,
2026_07_21_gym,flight_69,25,416.30,194.2578,ok,
2026_07_21_gym,flight_69,26,399.65,170.2242,ok,
2026_07_21_gym,flight_69,27,383.00,159.7636,ok,
2026_07_21_gym,flight_69,28,366.35,151.6153,ok,
2026_07_21_gym,flight_69,29,349.69,150.1901,ok,
2026_07_21_gym,flight_69,30,333.04,135.7538,ok,
2026_07_21_gym,flight_69,31,316.39,130.3852,ok,
2026_07_21_gym,flight_69,32,299.74,126.7248,ok,
2026_07_21_gym,flight_69,33,283.09,119.6279,ok,
2026_07_21_gym,flight_69,34,233.13,113.5221,ok,
2026_07_21_gym,flight_69,35,216.48,112.5857,ok,
2026_07_21_gym,flight_69,36,199.83,109.9859,ok,
2026_07_21_gym,flight_69,37,183.17,119.6321,ok,
2026_07_21_gym,flight_69,38,166.52,122.8509,ok,
2026_07_21_gym,flight_69,39,149.87,131.3012,ok,
2026_07_21_gym,flight_69,40,133.22,140.4079,ok,
2026_07_21_gym,flight_69,41,116.57,151.2894,ok,
2026_07_21_gym,flight_69,42,99.91,136.1685,ok,
2026_07_21_gym,flight_69,43,83.26,138.8551,ok,
2026_07_21_gym,flight_69,44,66.61,157.1664,ok,
2026_07_21_gym,flight_69,45,49.96,178.3806,ok,
2026_07_21_gym,flight_69,46,33.30,186.7065,ok,
2026_07_21_gym,flight_69,47,16.65,208.5882,ok,
2026_07_21_gym,flight_70,3,632.78,414.1078,ok,
2026_07_21_gym,flight_70,4,616.13,328.2602,ok,
2026_07_21_gym,flight_70,5,599.48,604.6771,ok,
2026_07_21_gym,flight_70,6,582.82,564.3268,ok,
2026_07_21_gym,flight_70,7,566.17,437.7342,ok,
2026_07_21_gym,flight_70,8,549.52,392.2248,ok,
2026_07_21_gym,flight_70,9,532.87,448.3437,ok,
2026_07_21_gym,flight_70,10,516.22,454.3710,ok,
2026_07_21_gym,flight_70,11,499.56,413.8729,ok,
2026_07_21_gym,flight_70,12,482.91,363.8830,ok,
2026_07_21_gym,flight_70,13,466.26,325.7035,ok,
2026_07_21_gym,flight_70,14,449.61,295.7160,ok,
2026_07_21_gym,flight_70,15,432.95,282.8503,ok,
2026_07_21_gym,flight_70,16,416.30,288.8687,ok,
2026_07_21_gym,flight_70,17,399.65,290.6021,ok,
2026_07_21_gym,flight_70,18,383.00,315.9878,ok,
2026_07_21_gym,flight_70,19,366.35,308.9179,ok,
2026_07_21_gym,flight_70,20,349.70,310.3298,ok,
2026_07_21_gym,flight_70,21,333.04,278.1434,ok,
2026_07_21_gym,flight_70,22,316.39,289.9398,ok,
2026_07_21_gym,flight_70,23,299.74,282.3581,ok,
2026_07_21_gym,flight_70,24,283.09,277.9814,ok,
2026_07_21_gym,flight_70,25,266.43,262.0628,ok,
2026_07_21_gym,flight_70,26,249.78,254.7272,ok,
2026_07_21_gym,flight_70,27,233.13,267.9357,ok,
2026_07_21_gym,flight_70,28,216.48,277.6413,ok,
2026_07_21_gym,flight_70,29,199.82,287.8400,ok,
2026_07_21_gym,flight_70,30,183.17,283.3924,ok,
2026_07_21_gym,flight_70,31,166.52,296.0644,ok,
2026_07_21_gym,flight_70,32,149.87,296.9379,ok,
2026_07_21_gym,flight_70,33,133.22,293.5990,ok,
2026_07_21_gym,flight_70,34,116.56,296.4960,ok,
2026_07_21_gym,flight_70,35,99.91,311.3683,ok,
2026_07_21_gym,flight_70,36,83.26,308.9232,ok,
2026_07_21_gym,flight_70,37,66.61,290.9975,ok,
2026_07_21_gym,flight_70,38,49.96,305.3423,ok,
2026_07_21_gym,flight_70,39,16.65,298.9447,ok,
2026_07_21_gym,flight_71,3,383.00,820.0804,ok,
2026_07_21_gym,flight_71,4,366.35,612.9107,ok,
2026_07_21_gym,flight_71,5,349.69,307.9320,ok,
2026_07_21_gym,flight_71,6,333.04,406.0053,ok,
2026_07_21_gym,flight_71,7,316.39,387.5371,ok,
2026_07_21_gym,flight_71,8,299.74,340.8517,ok,
2026_07_21_gym,flight_71,9,283.09,302.0277,ok,
2026_07_21_gym,flight_71,10,266.43,260.8048,ok,
2026_07_21_gym,flight_71,11,249.78,293.0982,ok,
2026_07_21_gym,flight_71,12,233.13,300.4576,ok,
2026_07_21_gym,flight_71,13,216.48,274.2990,ok,
2026_07_21_gym,flight_71,14,199.83,262.5436,ok,
2026_07_21_gym,flight_71,15,183.17,255.7838,ok,
2026_07_21_gym,flight_71,16,166.52,232.2700,ok,
2026_07_21_gym,flight_71,17,149.87,199.7171,ok,
2026_07_21_gym,flight_71,18,133.22,162.7549,ok,
2026_07_21_gym,flight_71,19,116.57,177.8575,ok,
2026_07_21_gym,flight_71,20,99.91,173.1616,ok,
2026_07_21_gym,flight_71,21,83.26,179.9463,ok,
2026_07_21_gym,flight_71,22,66.61,187.8100,ok,
2026_07_21_gym,flight_71,23,49.96,184.8185,ok,
2026_07_21_gym,flight_71,24,33.30,171.9528,ok,
2026_07_21_gym,flight_71,25,16.65,170.0355,ok,
2026_07_21_gym,flight_72,3,666.03,309.6246,ok,
2026_07_21_gym,flight_72,4,649.38,1763.6477,ok,
2026_07_21_gym,flight_72,5,632.73,1243.9634,ok,
2026_07_21_gym,flight_72,6,616.08,1923.5324,ok,
2026_07_21_gym,flight_72,7,599.43,1560.6893,ok,
2026_07_21_gym,flight_72,8,582.78,1254.0216,ok,
2026_07_21_gym,flight_72,9,566.13,1116.7698,ok,
2026_07_21_gym,flight_72,10,549.48,938.8879,ok,
2026_07_21_gym,flight_72,11,532.82,782.1923,ok,
2026_07_21_gym,flight_72,12,516.18,691.7223,ok,
2026_07_21_gym,flight_72,13,499.52,567.4449,ok,
2026_07_21_gym,flight_72,14,482.88,482.1020,ok,
2026_07_21_gym,flight_72,15,466.22,387.0440,ok,
2026_07_21_gym,flight_72,16,449.57,356.7098,ok,
2026_07_21_gym,flight_72,17,432.92,293.2142,ok,
2026_07_21_gym,flight_72,18,416.27,271.0352,ok,
2026_07_21_gym,flight_72,19,399.62,220.0937,ok,
2026_07_21_gym,flight_72,20,382.97,217.1260,ok,
2026_07_21_gym,flight_72,21,366.32,171.8806,ok,
2026_07_21_gym,flight_72,22,349.67,160.1416,ok,
2026_07_21_gym,flight_72,23,333.02,183.9453,ok,
2026_07_21_gym,flight_72,24,316.37,188.2065,ok,
2026_07_21_gym,flight_72,25,299.71,198.3164,ok,
2026_07_21_gym,flight_72,26,283.07,186.3050,ok,
2026_07_21_gym,flight_72,27,266.41,196.9074,ok,
2026_07_21_gym,flight_72,28,249.76,162.4211,ok,
2026_07_21_gym,flight_72,29,233.11,154.8865,ok,
2026_07_21_gym,flight_72,30,216.46,185.6471,ok,
2026_07_21_gym,flight_72,31,199.81,200.4591,ok,
2026_07_21_gym,flight_72,32,183.16,164.4571,ok,
2026_07_21_gym,flight_72,33,166.51,162.9009,ok,
2026_07_21_gym,flight_72,34,149.86,171.4593,ok,
2026_07_21_gym,flight_72,35,133.21,175.4728,ok,
2026_07_21_gym,flight_72,36,116.56,177.4879,ok,
2026_07_21_gym,flight_72,37,99.91,183.2216,ok,
2026_07_21_gym,flight_72,38,83.26,173.5111,ok,
2026_07_21_gym,flight_72,39,66.60,179.1314,ok,
2026_07_21_gym,flight_72,40,49.96,175.5235,ok,
2026_07_21_gym,flight_72,41,33.30,179.1469,ok,
2026_07_21_gym,flight_72,42,16.66,190.5105,ok,
2026_07_21_gym,flight_73,3,882.49,2426.6824,ok,
2026_07_21_gym,flight_73,4,865.84,543.6367,ok,
2026_07_21_gym,flight_73,5,849.19,292.8014,ok,
2026_07_21_gym,flight_73,6,832.54,839.2012,ok,
2026_07_21_gym,flight_73,7,815.89,733.5409,ok,
2026_07_21_gym,flight_73,8,799.24,930.3393,ok,
2026_07_21_gym,flight_73,9,782.59,807.1074,ok,
2026_07_21_gym,flight_73,10,765.94,490.3695,ok,
2026_07_21_gym,flight_73,11,749.28,211.0809,ok,
2026_07_21_gym,flight_73,12,732.64,230.4291,ok,
2026_07_21_gym,flight_73,13,715.98,208.9827,ok,
2026_07_21_gym,flight_73,14,699.33,213.1320,ok,
2026_07_21_gym,flight_73,15,682.68,215.5796,ok,
2026_07_21_gym,flight_73,16,666.03,221.7639,ok,
2026_07_21_gym,flight_73,17,649.38,240.5693,ok,
2026_07_21_gym,flight_73,18,632.73,212.0963,ok,
2026_07_21_gym,flight_73,19,616.08,181.1312,ok,
2026_07_21_gym,flight_73,20,599.43,169.9289,ok,
2026_07_21_gym,flight_73,21,582.78,166.3400,ok,
2026_07_21_gym,flight_73,22,566.12,166.3592,ok,
2026_07_21_gym,flight_73,23,549.47,164.2616,ok,
2026_07_21_gym,flight_73,24,532.83,151.2916,ok,
2026_07_21_gym,flight_73,25,516.17,148.1581,ok,
2026_07_21_gym,flight_73,26,499.52,141.6946,ok,
2026_07_21_gym,flight_73,27,482.87,139.2901,ok,
2026_07_21_gym,flight_73,28,466.22,130.0599,ok,
2026_07_21_gym,flight_73,29,449.57,123.3098,ok,
2026_07_21_gym,flight_73,30,432.92,123.1756,ok,
2026_07_21_gym,flight_73,31,416.27,122.8935,ok,
2026_07_21_gym,flight_73,32,399.62,120.5977,ok,
2026_07_21_gym,flight_73,33,382.97,118.1906,ok,
2026_07_21_gym,flight_73,34,366.32,117.4637,ok,
2026_07_21_gym,flight_73,35,349.67,125.7871,ok,
2026_07_21_gym,flight_73,36,333.02,145.3401,ok,
2026_07_21_gym,flight_73,37,316.36,128.5340,ok,
2026_07_21_gym,flight_73,38,299.71,119.0090,ok,
2026_07_21_gym,flight_73,39,283.06,111.3282,ok,
2026_07_21_gym,flight_73,40,266.41,107.1322,ok,
2026_07_21_gym,flight_73,41,249.76,106.4763,ok,
2026_07_21_gym,flight_73,42,233.11,108.2661,ok,
2026_07_21_gym,flight_73,43,216.46,110.8768,ok,
2026_07_21_gym,flight_73,44,199.81,112.3039,ok,
2026_07_21_gym,flight_73,45,183.16,122.0529,ok,
2026_07_21_gym,flight_73,46,166.51,118.8765,ok,
2026_07_21_gym,flight_73,47,149.86,117.2513,ok,
2026_07_21_gym,flight_73,48,133.21,108.9851,ok,
2026_07_21_gym,flight_73,49,116.55,83.8620,ok,
2026_07_21_gym,flight_73,50,99.91,84.4869,ok,
2026_07_21_gym,flight_73,51,83.25,85.7257,ok,
2026_07_21_gym,flight_73,52,66.60,96.3665,ok,
2026_07_21_gym,flight_73,53,49.95,112.8927,ok,
2026_07_21_gym,flight_73,54,33.30,115.0909,ok,
2026_07_21_gym,flight_73,55,16.65,123.3338,ok,
2026_07_21_gym,flight_75,3,715.99,1961.9974,ok,
2026_07_21_gym,flight_75,4,699.34,1015.2501,ok,
2026_07_21_gym,flight_75,5,682.69,341.7351,ok,
2026_07_21_gym,flight_75,6,666.04,398.4224,ok,
2026_07_21_gym,flight_75,7,649.39,813.5268,ok,
2026_07_21_gym,flight_75,8,632.74,929.4724,ok,
2026_07_21_gym,flight_75,9,616.09,969.0826,ok,
2026_07_21_gym,flight_75,10,599.44,830.1454,ok,
2026_07_21_gym,flight_75,11,582.78,803.7620,ok,
2026_07_21_gym,flight_75,12,566.13,794.6780,ok,
2026_07_21_gym,flight_75,13,549.48,758.7805,ok,
2026_07_21_gym,flight_75,14,532.83,686.1981,ok,
2026_07_21_gym,flight_75,15,516.18,647.7579,ok,
2026_07_21_gym,flight_75,16,499.53,623.1352,ok,
2026_07_21_gym,flight_75,17,482.88,580.1123,ok,
2026_07_21_gym,flight_75,18,466.23,535.4969,ok,
2026_07_21_gym,flight_75,19,449.58,466.7668,ok,
2026_07_21_gym,flight_75,20,432.93,448.0063,ok,
2026_07_21_gym,flight_75,21,416.27,391.8053,ok,
2026_07_21_gym,flight_75,22,399.62,412.9778,ok,
2026_07_21_gym,flight_75,23,382.97,391.6527,ok,
2026_07_21_gym,flight_75,24,366.32,385.7719,ok,
2026_07_21_gym,flight_75,25,349.67,352.8788,ok,
2026_07_21_gym,flight_75,26,333.02,331.6176,ok,
2026_07_21_gym,flight_75,27,316.37,271.4755,ok,
2026_07_21_gym,flight_75,28,299.72,280.0316,ok,
2026_07_21_gym,flight_75,29,283.07,279.2974,ok,
2026_07_21_gym,flight_75,30,266.42,265.5814,ok,
2026_07_21_gym,flight_75,31,249.76,258.3798,ok,
2026_07_21_gym,flight_75,32,233.11,253.6071,ok,
2026_07_21_gym,flight_75,33,216.46,243.2473,ok,
2026_07_21_gym,flight_75,34,199.81,226.8562,ok,
2026_07_21_gym,flight_75,35,183.16,220.6133,ok,
2026_07_21_gym,flight_75,36,166.51,223.5687,ok,
2026_07_21_gym,flight_75,37,149.86,228.9626,ok,
2026_07_21_gym,flight_75,38,133.21,229.3435,ok,
2026_07_21_gym,flight_75,39,116.56,222.5183,ok,
2026_07_21_gym,flight_75,40,99.91,217.6674,ok,
2026_07_21_gym,flight_75,41,83.25,242.3755,ok,
2026_07_21_gym,flight_75,42,66.60,230.5992,ok,
2026_07_21_gym,flight_75,43,49.95,200.8041,ok,
2026_07_21_gym,flight_75,44,33.30,201.4925,ok,
2026_07_21_gym,flight_75,45,16.65,191.5289,ok,
2026_07_21_gym,flight_76,3,765.95,1653.6808,ok,
2026_07_21_gym,flight_76,4,749.30,1225.4903,ok,
2026_07_21_gym,flight_76,5,732.65,1260.9440,ok,
2026_07_21_gym,flight_76,6,716.00,1126.7539,ok,
2026_07_21_gym,flight_76,7,699.34,1343.0982,ok,
2026_07_21_gym,flight_76,8,682.69,1246.0032,ok,
2026_07_21_gym,flight_76,9,666.04,999.5784,ok,
2026_07_21_gym,flight_76,10,649.39,824.6468,ok,
2026_07_21_gym,flight_76,11,632.74,916.7700,ok,
2026_07_21_gym,flight_76,12,616.09,739.7763,ok,
2026_07_21_gym,flight_76,13,599.44,581.1996,ok,
2026_07_21_gym,flight_76,14,582.79,453.1363,ok,
2026_07_21_gym,flight_76,15,566.14,392.9673,ok,
2026_07_21_gym,flight_76,16,549.49,332.2712,ok,
2026_07_21_gym,flight_76,17,532.83,277.7313,ok,
2026_07_21_gym,flight_76,18,516.18,223.8653,ok,
2026_07_21_gym,flight_76,19,499.53,225.5165,ok,
2026_07_21_gym,flight_76,20,482.88,196.4027,ok,
2026_07_21_gym,flight_76,21,466.23,196.2374,ok,
2026_07_21_gym,flight_76,22,449.58,178.2298,ok,
2026_07_21_gym,flight_76,23,432.93,178.2657,ok,
2026_07_21_gym,flight_76,24,416.28,169.9749,ok,
2026_07_21_gym,flight_76,25,399.62,156.9669,ok,
2026_07_21_gym,flight_76,26,382.98,149.8086,ok,
2026_07_21_gym,flight_76,27,366.32,144.6053,ok,
2026_07_21_gym,flight_76,28,349.67,151.5691,ok,
2026_07_21_gym,flight_76,29,333.02,149.0295,ok,
2026_07_21_gym,flight_76,30,316.37,144.1272,ok,
2026_07_21_gym,flight_76,31,299.72,146.4177,ok,
2026_07_21_gym,flight_76,32,283.07,146.0218,ok,
2026_07_21_gym,flight_76,33,266.42,149.9288,ok,
2026_07_21_gym,flight_76,34,249.77,151.3495,ok,
2026_07_21_gym,flight_76,35,233.12,144.9174,ok,
2026_07_21_gym,flight_76,36,216.47,135.0145,ok,
2026_07_21_gym,flight_76,37,199.81,147.8107,ok,
2026_07_21_gym,flight_76,38,183.16,172.7413,ok,
2026_07_21_gym,flight_76,39,166.51,170.6310,ok,
2026_07_21_gym,flight_76,40,133.21,169.3585,ok,
2026_07_21_gym,flight_76,41,116.56,175.2635,ok,
2026_07_21_gym,flight_76,42,99.91,173.2481,ok,
2026_07_21_gym,flight_76,43,83.26,182.6093,ok,
2026_07_21_gym,flight_76,44,66.61,183.0265,ok,
2026_07_21_gym,flight_76,45,49.95,179.8370,ok,
2026_07_21_gym,flight_76,46,33.30,172.8315,ok,
2026_07_21_gym,flight_76,47,16.65,166.6542,ok,
2026_07_21_gym,flight_77,3,716.00,2729.5924,ok,
2026_07_21_gym,flight_77,4,699.35,1438.4945,ok,
2026_07_21_gym,flight_77,5,682.69,1510.4104,ok,
2026_07_21_gym,flight_77,6,666.04,899.7420,ok,
2026_07_21_gym,flight_77,7,649.39,804.2958,ok,
2026_07_21_gym,flight_77,8,632.74,790.7273,ok,
2026_07_21_gym,flight_77,9,616.09,711.0539,ok,
2026_07_21_gym,flight_77,10,599.43,559.9365,ok,
2026_07_21_gym,flight_77,11,582.78,413.6967,ok,
2026_07_21_gym,flight_77,12,566.14,223.3683,ok,
2026_07_21_gym,flight_77,13,549.48,200.4038,ok,
2026_07_21_gym,flight_77,14,532.84,205.9587,ok,
2026_07_21_gym,flight_77,15,516.18,196.0556,ok,
2026_07_21_gym,flight_77,16,499.53,185.0240,ok,
2026_07_21_gym,flight_77,17,482.88,182.0301,ok,
2026_07_21_gym,flight_77,18,466.23,170.1128,ok,
2026_07_21_gym,flight_77,19,449.58,175.0525,ok,
2026_07_21_gym,flight_77,20,432.93,174.0763,ok,
2026_07_21_gym,flight_77,21,416.27,176.3011,ok,
2026_07_21_gym,flight_77,22,399.63,181.5967,ok,
2026_07_21_gym,flight_77,23,382.97,184.2100,ok,
2026_07_21_gym,flight_77,24,366.32,184.8195,ok,
2026_07_21_gym,flight_77,25,349.67,192.1366,ok,
2026_07_21_gym,flight_77,26,333.02,187.9973,ok,
2026_07_21_gym,flight_77,27,316.37,180.3735,ok,
2026_07_21_gym,flight_77,28,299.72,185.2316,ok,
2026_07_21_gym,flight_77,29,283.06,175.7413,ok,
2026_07_21_gym,flight_77,30,266.42,183.5310,ok,
2026_07_21_gym,flight_77,31,249.76,182.4954,ok,
2026_07_21_gym,flight_77,32,233.12,175.3338,ok,
2026_07_21_gym,flight_77,33,216.46,176.8176,ok,
2026_07_21_gym,flight_77,34,199.81,167.5048,ok,
2026_07_21_gym,flight_77,35,183.16,185.3423,ok,
2026_07_21_gym,flight_77,36,166.51,188.4732,ok,
2026_07_21_gym,flight_77,37,149.86,180.1463,ok,
2026_07_21_gym,flight_77,38,133.21,180.2314,ok,
2026_07_21_gym,flight_77,39,116.56,187.6670,ok,
2026_07_21_gym,flight_77,40,99.91,179.8063,ok,
2026_07_21_gym,flight_77,41,66.60,173.7064,ok,
2026_07_21_gym,flight_77,42,16.65,169.7788,ok,
2026_07_21_gym,flight_78,3,666.05,769.2492,ok,
2026_07_21_gym,flight_78,4,649.40,407.6874,ok,
2026_07_21_gym,flight_78,5,632.74,730.9256,ok,
2026_07_21_gym,flight_78,6,616.09,272.4413,ok,
2026_07_21_gym,flight_78,7,599.44,608.5301,ok,
2026_07_21_gym,flight_78,8,582.79,510.7072,ok,
2026_07_21_gym,flight_78,9,566.14,572.3646,ok,
2026_07_21_gym,flight_78,10,549.49,391.5865,ok,
2026_07_21_gym,flight_78,11,532.84,369.2345,ok,
2026_07_21_gym,flight_78,12,516.19,313.8221,ok,
2026_07_21_gym,flight_78,13,499.54,248.0001,ok,
2026_07_21_gym,flight_78,14,482.88,191.1659,ok,
2026_07_21_gym,flight_78,15,466.23,178.6735,ok,
2026_07_21_gym,flight_78,16,449.58,156.1936,ok,
2026_07_21_gym,flight_78,17,432.93,146.7728,ok,
2026_07_21_gym,flight_78,18,416.28,140.2459,ok,
2026_07_21_gym,flight_78,19,399.63,147.0470,ok,
2026_07_21_gym,flight_78,20,382.98,119.9100,ok,
2026_07_21_gym,flight_78,21,366.33,115.2355,ok,
2026_07_21_gym,flight_78,22,349.68,129.6788,ok,
2026_07_21_gym,flight_78,23,333.02,117.7418,ok,
2026_07_21_gym,flight_78,24,316.37,112.5970,ok,
2026_07_21_gym,flight_78,25,299.72,105.8688,ok,
2026_07_21_gym,flight_78,26,283.07,106.4679,ok,
2026_07_21_gym,flight_78,27,266.42,117.6885,ok,
2026_07_21_gym,flight_78,28,249.77,124.5291,ok,
2026_07_21_gym,flight_78,29,233.12,101.0987,ok,
2026_07_21_gym,flight_78,30,216.47,109.9413,ok,
2026_07_21_gym,flight_78,31,199.81,114.6526,ok,
2026_07_21_gym,flight_78,32,183.16,118.0701,ok,
2026_07_21_gym,flight_78,33,166.51,126.9816,ok,
2026_07_21_gym,flight_78,34,149.86,133.5317,ok,
2026_07_21_gym,flight_78,35,133.21,136.2774,ok,
2026_07_21_gym,flight_78,36,116.56,139.1530,ok,
2026_07_21_gym,flight_78,37,99.91,144.2812,ok,
2026_07_21_gym,flight_78,38,83.26,137.7246,ok,
2026_07_21_gym,flight_78,39,66.60,115.7268,ok,
2026_07_21_gym,flight_78,40,49.95,108.0604,ok,
2026_07_21_gym,flight_78,41,33.30,107.1255,ok,
2026_07_21_gym,flight_78,42,16.65,102.6093,ok,
2026_07_21_gym,flight_79,3,532.84,215.5712,ok,
2026_07_21_gym,flight_79,4,516.18,351.1550,ok,
2026_07_21_gym,flight_79,5,499.54,230.9960,ok,
2026_07_21_gym,flight_79,6,482.88,211.6023,ok,
2026_07_21_gym,flight_79,7,466.24,194.0331,ok,
2026_07_21_gym,flight_79,8,449.58,215.0507,ok,
2026_07_21_gym,flight_79,9,432.93,230.6470,ok,
2026_07_21_gym,flight_79,10,416.28,193.2074,ok,
2026_07_21_gym,flight_79,11,399.63,179.0610,ok,
2026_07_21_gym,flight_79,12,382.98,184.1616,ok,
2026_07_21_gym,flight_79,13,366.33,184.0497,ok,
2026_07_21_gym,flight_79,14,349.67,201.0351,ok,
2026_07_21_gym,flight_79,15,333.03,206.8740,ok,
2026_07_21_gym,flight_79,16,316.37,186.8593,ok,
2026_07_21_gym,flight_79,17,299.72,196.7980,ok,
2026_07_21_gym,flight_79,18,283.07,197.3580,ok,
2026_07_21_gym,flight_79,19,266.42,208.9051,ok,
2026_07_21_gym,flight_79,20,249.77,205.1270,ok,
2026_07_21_gym,flight_79,21,233.12,213.1821,ok,
2026_07_21_gym,flight_79,22,216.46,211.3076,ok,
2026_07_21_gym,flight_79,23,199.82,211.1147,ok,
2026_07_21_gym,flight_79,24,183.16,181.6885,ok,
2026_07_21_gym,flight_79,25,166.51,154.4142,ok,
2026_07_21_gym,flight_79,26,149.86,169.5659,ok,
2026_07_21_gym,flight_79,27,133.21,161.6673,ok,
2026_07_21_gym,flight_79,28,116.56,171.1428,ok,
2026_07_21_gym,flight_79,29,99.91,159.2171,ok,
2026_07_21_gym,flight_79,30,83.26,157.8458,ok,
2026_07_21_gym,flight_79,31,66.61,159.1677,ok,
2026_07_21_gym,flight_79,32,49.95,158.4624,ok,
2026_07_21_gym,flight_79,33,33.30,128.4256,ok,
2026_07_21_gym,flight_79,34,16.65,146.7611,ok,
2026_07_21_gym,flight_81,3,466.24,687.6485,ok,
2026_07_21_gym,flight_81,4,449.59,105.4206,ok,
2026_07_21_gym,flight_81,5,432.93,125.6635,ok,
2026_07_21_gym,flight_81,6,416.29,224.5195,ok,
2026_07_21_gym,flight_81,7,399.63,109.5932,ok,
2026_07_21_gym,flight_81,8,382.98,69.3754,ok,
2026_07_21_gym,flight_81,9,366.33,101.7299,ok,
2026_07_21_gym,flight_81,10,349.68,103.5178,ok,
2026_07_21_gym,flight_81,11,333.03,108.2804,ok,
2026_07_21_gym,flight_81,12,316.38,99.4901,ok,
2026_07_21_gym,flight_81,13,299.73,115.0537,ok,
2026_07_21_gym,flight_81,14,283.07,102.7508,ok,
2026_07_21_gym,flight_81,15,266.42,91.5227,ok,
2026_07_21_gym,flight_81,16,249.77,73.9207,ok,
2026_07_21_gym,flight_81,17,233.12,92.6138,ok,
2026_07_21_gym,flight_81,18,216.47,92.2315,ok,
2026_07_21_gym,flight_81,19,199.82,96.4880,ok,
2026_07_21_gym,flight_81,20,183.17,98.2865,ok,
2026_07_21_gym,flight_81,21,166.51,104.1795,ok,
2026_07_21_gym,flight_81,22,149.86,93.7601,ok,
2026_07_21_gym,flight_81,23,133.21,101.0220,ok,
2026_07_21_gym,flight_81,24,116.56,102.1813,ok,
2026_07_21_gym,flight_81,25,99.91,104.7845,ok,
2026_07_21_gym,flight_81,26,83.26,107.9848,ok,
2026_07_21_gym,flight_81,27,66.61,97.6041,ok,
2026_07_21_gym,flight_81,28,49.96,104.7550,ok,
2026_07_21_gym,flight_81,29,33.30,97.7666,ok,
2026_07_21_gym,flight_81,30,16.65,102.4358,ok,
2026_07_21_gym,flight_82,3,549.50,1636.2825,ok,
2026_07_21_gym,flight_82,4,532.84,703.0528,ok,
2026_07_21_gym,flight_82,5,516.19,646.7035,ok,
2026_07_21_gym,flight_82,6,499.54,541.2587,ok,
2026_07_21_gym,flight_82,7,482.89,408.7415,ok,
2026_07_21_gym,flight_82,8,466.24,346.5518,ok,
2026_07_21_gym,flight_82,9,449.59,353.4797,ok,
2026_07_21_gym,flight_82,10,432.94,341.3070,ok,
2026_07_21_gym,flight_82,11,416.28,307.8103,ok,
2026_07_21_gym,flight_82,12,399.63,295.6043,ok,
2026_07_21_gym,flight_82,13,382.98,278.8204,ok,
2026_07_21_gym,flight_82,14,366.33,271.4872,ok,
2026_07_21_gym,flight_82,15,349.68,258.1441,ok,
2026_07_21_gym,flight_82,16,333.03,246.3419,ok,
2026_07_21_gym,flight_82,17,316.38,229.8188,ok,
2026_07_21_gym,flight_82,18,299.72,223.0869,ok,
2026_07_21_gym,flight_82,19,283.07,210.0686,ok,
2026_07_21_gym,flight_82,20,266.42,204.0199,ok,
2026_07_21_gym,flight_82,21,249.77,200.7528,ok,
2026_07_21_gym,flight_82,22,233.12,195.0372,ok,
2026_07_21_gym,flight_82,23,216.47,188.5969,ok,
2026_07_21_gym,flight_82,24,199.82,180.3897,ok,
2026_07_21_gym,flight_82,25,183.17,180.5699,ok,
2026_07_21_gym,flight_82,26,166.51,188.3159,ok,
2026_07_21_gym,flight_82,27,149.86,175.4194,ok,
2026_07_21_gym,flight_82,28,133.21,180.2796,ok,
2026_07_21_gym,flight_82,29,116.56,178.4198,ok,
2026_07_21_gym,flight_82,30,99.91,183.1377,ok,
2026_07_21_gym,flight_82,31,83.26,187.3919,ok,
2026_07_21_gym,flight_82,32,49.95,186.0319,ok,
2026_07_21_gym,flight_82,33,33.30,198.1403,ok,
2026_07_21_gym,flight_82,34,16.65,180.3809,ok,
2026_07_21_gym,flight_83,3,632.75,930.8594,ok,
2026_07_21_gym,flight_83,4,616.10,331.0547,ok,
2026_07_21_gym,flight_83,5,599.45,284.5321,ok,
2026_07_21_gym,flight_83,6,582.80,189.1068,ok,
2026_07_21_gym,flight_83,7,566.15,150.4075,ok,
2026_07_21_gym,flight_83,8,549.50,223.7025,ok,
2026_07_21_gym,flight_83,9,532.85,384.0915,ok,
2026_07_21_gym,flight_83,10,516.19,493.2753,ok,
2026_07_21_gym,flight_83,11,499.54,410.9466,ok,
2026_07_21_gym,flight_83,12,482.89,336.5083,ok,
2026_07_21_gym,flight_83,13,466.24,243.1084,ok,
2026_07_21_gym,flight_83,14,449.59,190.9258,ok,
2026_07_21_gym,flight_83,15,432.94,209.0250,ok,
2026_07_21_gym,flight_83,16,416.29,185.8966,ok,
2026_07_21_gym,flight_83,17,399.63,185.1359,ok,
2026_07_21_gym,flight_83,18,382.98,164.5797,ok,
2026_07_21_gym,flight_83,19,366.33,168.2326,ok,
2026_07_21_gym,flight_83,20,349.68,142.9181,ok,
2026_07_21_gym,flight_83,21,333.03,133.7727,ok,
2026_07_21_gym,flight_83,22,316.38,125.4180,ok,
2026_07_21_gym,flight_83,23,299.73,114.7847,ok,
2026_07_21_gym,flight_83,24,283.07,106.7387,ok,
2026_07_21_gym,flight_83,25,266.42,102.1866,ok,
2026_07_21_gym,flight_83,26,249.77,94.5397,ok,
2026_07_21_gym,flight_83,27,233.12,85.2365,ok,
2026_07_21_gym,flight_83,28,216.47,68.5541,ok,
2026_07_21_gym,flight_83,29,199.82,62.7411,ok,
2026_07_21_gym,flight_83,30,183.17,50.7157,ok,
2026_07_21_gym,flight_83,31,166.51,50.2977,ok,
2026_07_21_gym,flight_83,32,149.86,47.2646,ok,
2026_07_21_gym,flight_83,33,133.21,50.9442,ok,
2026_07_21_gym,flight_83,34,116.56,49.7053,ok,
2026_07_21_gym,flight_83,35,99.91,51.9034,ok,
2026_07_21_gym,flight_83,36,83.26,47.6453,ok,
2026_07_21_gym,flight_83,37,66.61,48.8400,ok,
2026_07_21_gym,flight_83,38,49.95,41.4500,ok,
2026_07_21_gym,flight_83,39,33.30,45.7290,ok,
2026_07_21_gym,flight_83,40,16.65,45.8708,ok,
2026_07_21_gym,flight_84,3,382.99,352.2886,ok,
2026_07_21_gym,flight_84,4,366.33,233.7540,ok,
2026_07_21_gym,flight_84,5,349.68,391.0419,ok,
2026_07_21_gym,flight_84,6,333.03,147.8589,ok,
2026_07_21_gym,flight_84,7,316.38,166.8271,ok,
2026_07_21_gym,flight_84,8,299.73,185.5372,ok,
2026_07_21_gym,flight_84,9,283.08,166.2109,ok,
2026_07_21_gym,flight_84,10,266.43,205.9796,ok,
2026_07_21_gym,flight_84,11,249.77,170.4969,ok,
2026_07_21_gym,flight_84,12,233.12,173.2152,ok,
2026_07_21_gym,flight_84,13,216.47,180.0931,ok,
2026_07_21_gym,flight_84,14,199.82,169.6457,ok,
2026_07_21_gym,flight_84,15,183.17,148.9155,ok,
2026_07_21_gym,flight_84,16,166.52,161.8990,ok,
2026_07_21_gym,flight_84,17,149.86,148.5534,ok,
2026_07_21_gym,flight_84,18,133.21,132.1133,ok,
2026_07_21_gym,flight_84,19,116.56,132.9255,ok,
2026_07_21_gym,flight_84,20,99.91,125.7989,ok,
2026_07_21_gym,flight_84,21,83.26,131.5296,ok,
2026_07_21_gym,flight_84,22,66.61,114.2582,ok,
2026_07_21_gym,flight_84,23,49.96,104.3215,ok,
2026_07_21_gym,flight_84,24,33.30,118.7089,ok,
2026_07_21_gym,flight_84,25,16.65,126.2130,ok,
2026_07_21_gym,flight_85,3,632.76,1351.0351,ok,
2026_07_21_gym,flight_85,4,616.11,1763.8758,ok,
2026_07_21_gym,flight_85,5,599.46,557.3289,ok,
2026_07_21_gym,flight_85,6,582.80,341.7414,ok,
2026_07_21_gym,flight_85,7,566.15,233.8611,ok,
2026_07_21_gym,flight_85,8,549.50,186.2970,ok,
2026_07_21_gym,flight_85,9,532.85,178.4295,ok,
2026_07_21_gym,flight_85,10,516.20,239.4383,ok,
2026_07_21_gym,flight_85,11,499.55,263.5353,ok,
2026_07_21_gym,flight_85,12,482.89,282.9455,ok,
2026_07_21_gym,flight_85,13,466.24,258.9693,ok,
2026_07_21_gym,flight_85,14,449.59,230.2504,ok,
2026_07_21_gym,flight_85,15,432.94,231.1943,ok,
2026_07_21_gym,flight_85,16,416.29,243.2680,ok,
2026_07_21_gym,flight_85,17,399.64,218.9243,ok,
2026_07_21_gym,flight_85,18,382.99,214.0007,ok,
2026_07_21_gym,flight_85,19,366.33,190.6582,ok,
2026_07_21_gym,flight_85,20,349.68,175.4939,ok,
2026_07_21_gym,flight_85,21,333.03,187.6489,ok,
2026_07_21_gym,flight_85,22,316.38,175.3439,ok,
2026_07_21_gym,flight_85,23,299.73,171.7026,ok,
2026_07_21_gym,flight_85,24,283.08,149.6222,ok,
2026_07_21_gym,flight_85,25,266.43,153.0024,ok,
2026_07_21_gym,flight_85,26,249.77,150.1516,ok,
2026_07_21_gym,flight_85,27,233.12,142.0021,ok,
2026_07_21_gym,flight_85,28,216.47,131.6501,ok,
2026_07_21_gym,flight_85,29,199.82,132.3807,ok,
2026_07_21_gym,flight_85,30,183.17,120.3067,ok,
2026_07_21_gym,flight_85,31,166.52,115.4979,ok,
2026_07_21_gym,flight_85,32,149.86,110.2790,ok,
2026_07_21_gym,flight_85,33,133.21,104.0109,ok,
2026_07_21_gym,flight_85,34,116.56,99.4057,ok,
2026_07_21_gym,flight_85,35,99.91,93.8750,ok,
2026_07_21_gym,flight_85,36,83.26,89.6069,ok,
2026_07_21_gym,flight_85,37,66.61,86.1300,ok,
2026_07_21_gym,flight_85,38,49.95,84.7930,ok,
2026_07_21_gym,flight_85,39,33.30,88.8514,ok,
2026_07_21_gym,flight_86,3,499.55,786.5131,ok,
2026_07_21_gym,flight_86,4,482.89,430.2216,ok,
2026_07_21_gym,flight_86,5,466.24,307.3952,ok,
2026_07_21_gym,flight_86,6,449.59,266.7008,ok,
2026_07_21_gym,flight_86,7,432.94,241.2507,ok,
2026_07_21_gym,flight_86,8,416.29,233.2472,ok,
2026_07_21_gym,flight_86,9,399.64,218.4883,ok,
2026_07_21_gym,flight_86,10,382.99,218.1623,ok,
2026_07_21_gym,flight_86,11,366.33,258.5101,ok,
2026_07_21_gym,flight_86,12,349.68,231.4426,ok,
2026_07_21_gym,flight_86,13,333.03,216.3559,ok,
2026_07_21_gym,flight_86,14,316.38,197.8005,ok,
2026_07_21_gym,flight_86,15,299.73,186.1173,ok,
2026_07_21_gym,flight_86,16,283.08,179.4552,ok,
2026_07_21_gym,flight_86,17,266.42,166.2742,ok,
2026_07_21_gym,flight_86,18,249.77,160.8488,ok,
2026_07_21_gym,flight_86,19,233.12,169.4429,ok,
2026_07_21_gym,flight_86,20,216.47,167.6780,ok,
2026_07_21_gym,flight_86,21,199.82,171.5387,ok,
2026_07_21_gym,flight_86,22,183.17,165.1628,ok,
2026_07_21_gym,flight_86,23,166.52,157.7298,ok,
2026_07_21_gym,flight_86,24,149.86,131.9524,ok,
2026_07_21_gym,flight_86,25,133.21,120.7451,ok,
2026_07_21_gym,flight_86,26,116.56,116.5478,ok,
2026_07_21_gym,flight_86,27,99.91,113.7411,ok,
2026_07_21_gym,flight_86,28,83.26,113.8822,ok,
2026_07_21_gym,flight_86,29,66.61,101.9382,ok,
2026_07_21_gym,flight_86,30,49.95,102.5073,ok,
2026_07_21_gym,flight_86,31,33.30,103.6316,ok,
2026_07_21_gym,flight_86,32,16.65,118.1952,ok,
2026_07_21_gym,flight_87,3,649.41,1674.3227,ok,
2026_07_21_gym,flight_87,4,632.76,613.8027,ok,
2026_07_21_gym,flight_87,5,616.11,825.8380,ok,
2026_07_21_gym,flight_87,6,599.46,438.6458,ok,
2026_07_21_gym,flight_87,7,582.80,218.0527,ok,
2026_07_21_gym,flight_87,8,566.15,244.2561,ok,
2026_07_21_gym,flight_87,9,549.50,440.9393,ok,
2026_07_21_gym,flight_87,10,532.85,358.3243,ok,
2026_07_21_gym,flight_87,11,516.20,195.8708,ok,
2026_07_21_gym,flight_87,12,499.55,186.2360,ok,
2026_07_21_gym,flight_87,13,482.90,190.6775,ok,
2026_07_21_gym,flight_87,14,466.24,178.0041,ok,
2026_07_21_gym,flight_87,15,449.59,176.3178,ok,
2026_07_21_gym,flight_87,16,432.94,167.9444,ok,
2026_07_21_gym,flight_87,17,416.29,174.8958,ok,
2026_07_21_gym,flight_87,18,399.64,168.6621,ok,
2026_07_21_gym,flight_87,19,382.99,161.0697,ok,
2026_07_21_gym,flight_87,20,366.33,157.4843,ok,
2026_07_21_gym,flight_87,21,349.68,154.7984,ok,
2026_07_21_gym,flight_87,22,333.03,157.3129,ok,
2026_07_21_gym,flight_87,23,316.38,147.4557,ok,
2026_07_21_gym,flight_87,24,299.73,148.9896,ok,
2026_07_21_gym,flight_87,25,283.08,149.6310,ok,
2026_07_21_gym,flight_87,26,266.43,144.8544,ok,
2026_07_21_gym,flight_87,27,249.77,133.8955,ok,
2026_07_21_gym,flight_87,28,233.12,124.0372,ok,
2026_07_21_gym,flight_87,29,216.47,120.9321,ok,
2026_07_21_gym,flight_87,30,199.82,120.0645,ok,
2026_07_21_gym,flight_87,31,183.17,121.9998,ok,
2026_07_21_gym,flight_87,32,166.52,125.1349,ok,
2026_07_21_gym,flight_87,33,149.86,129.9598,ok,
2026_07_21_gym,flight_87,34,133.21,132.5947,ok,
2026_07_21_gym,flight_87,35,116.56,134.8722,ok,
2026_07_21_gym,flight_87,36,99.91,138.4733,ok,
2026_07_21_gym,flight_87,37,49.95,148.3162,ok,
2026_07_21_gym,flight_87,38,33.30,149.5151,ok,
2026_07_21_gym,flight_87,39,16.65,133.4479,ok,
2026_07_21_gym,flight_89,3,349.68,420.4653,ok,
2026_07_21_gym,flight_89,4,333.03,159.8519,ok,
2026_07_21_gym,flight_89,5,316.38,279.8594,ok,
2026_07_21_gym,flight_89,6,299.73,242.8399,ok,
2026_07_21_gym,flight_89,7,283.08,150.1467,ok,
2026_07_21_gym,flight_89,8,266.43,99.1271,ok,
2026_07_21_gym,flight_89,9,249.78,130.6213,ok,
2026_07_21_gym,flight_89,10,233.12,138.4766,ok,
2026_07_21_gym,flight_89,11,216.47,144.2675,ok,
2026_07_21_gym,flight_89,12,199.82,106.9242,ok,
2026_07_21_gym,flight_89,13,183.17,112.9898,ok,
2026_07_21_gym,flight_89,14,166.52,110.6523,ok,
2026_07_21_gym,flight_89,15,149.87,102.0534,ok,
2026_07_21_gym,flight_89,16,133.21,105.7338,ok,
2026_07_21_gym,flight_89,17,116.56,89.3330,ok,
2026_07_21_gym,flight_89,18,99.91,66.3153,ok,
2026_07_21_gym,flight_89,19,83.26,69.4622,ok,
2026_07_21_gym,flight_89,20,66.61,64.2889,ok,
2026_07_21_gym,flight_89,21,49.96,60.3464,ok,
2026_07_21_gym,flight_89,22,33.30,54.3960,ok,
2026_07_21_gym,flight_89,23,16.65,41.3331,ok,
2026_07_21_gym,flight_90,3,699.37,519.4912,ok,
2026_07_21_gym,flight_90,4,682.72,247.9212,ok,
2026_07_21_gym,flight_90,5,666.07,253.8297,ok,
2026_07_21_gym,flight_90,6,649.42,175.8101,ok,
2026_07_21_gym,flight_90,7,632.77,159.0173,ok,
2026_07_21_gym,flight_90,8,616.12,270.8190,ok,
2026_07_21_gym,flight_90,9,599.46,149.7834,ok,
2026_07_21_gym,flight_90,10,582.81,97.3164,ok,
2026_07_21_gym,flight_90,11,566.16,70.7731,ok,
2026_07_21_gym,flight_90,12,549.51,84.6710,ok,
2026_07_21_gym,flight_90,13,532.86,109.2994,ok,
2026_07_21_gym,flight_90,14,516.21,104.6979,ok,
2026_07_21_gym,flight_90,15,499.55,129.4860,ok,
2026_07_21_gym,flight_90,16,482.90,113.3408,ok,
2026_07_21_gym,flight_90,17,466.25,136.8771,ok,
2026_07_21_gym,flight_90,18,449.60,128.7192,ok,
2026_07_21_gym,flight_90,19,432.95,129.6648,ok,
2026_07_21_gym,flight_90,20,416.30,150.5298,ok,
2026_07_21_gym,flight_90,21,399.64,211.5896,ok,
2026_07_21_gym,flight_90,22,382.99,158.0702,ok,
2026_07_21_gym,flight_90,23,366.34,176.7919,ok,
2026_07_21_gym,flight_90,24,349.69,143.4057,ok,
2026_07_21_gym,flight_90,25,333.03,124.8466,ok,
2026_07_21_gym,flight_90,26,316.38,145.3503,ok,
2026_07_21_gym,flight_90,27,299.73,143.7024,ok,
2026_07_21_gym,flight_90,28,283.08,132.6520,ok,
2026_07_21_gym,flight_90,29,266.43,135.5490,ok,
2026_07_21_gym,flight_90,30,249.77,119.4541,ok,
2026_07_21_gym,flight_90,31,233.12,126.6930,ok,
2026_07_21_gym,flight_90,32,216.47,111.0317,ok,
2026_07_21_gym,flight_90,33,199.82,88.8564,ok,
2026_07_21_gym,flight_90,34,183.17,91.1405,ok,
2026_07_21_gym,flight_90,35,166.52,83.8756,ok,
2026_07_21_gym,flight_90,36,149.87,92.1961,ok,
2026_07_21_gym,flight_90,37,133.21,95.4708,ok,
2026_07_21_gym,flight_90,38,116.56,90.9370,ok,
2026_07_21_gym,flight_90,39,99.91,86.8487,ok,
2026_07_21_gym,flight_90,40,83.26,77.4113,ok,
2026_07_21_gym,flight_90,41,66.61,78.0294,ok,
2026_07_21_gym,flight_90,42,49.96,78.7157,ok,
2026_07_21_gym,flight_90,43,33.30,76.2426,ok,
2026_07_21_gym,flight_90,44,16.65,74.7800,ok,
2026_07_21_gym,flight_91,3,1265.53,5757.6768,ok,
2026_07_21_gym,flight_91,4,1248.88,2469.3159,ok,
2026_07_21_gym,flight_91,5,1232.22,3921.1088,ok,
2026_07_21_gym,flight_91,6,1215.57,2443.1477,ok,
2026_07_21_gym,flight_91,7,1198.92,1974.1859,ok,
2026_07_21_gym,flight_91,8,1182.27,1433.8944,ok,
2026_07_21_gym,flight_91,9,1165.62,1440.4329,ok,
2026_07_21_gym,flight_91,10,1148.97,1054.6612,ok,
2026_07_21_gym,flight_91,11,1132.32,1064.9641,ok,
2026_07_21_gym,flight_91,12,1115.66,1041.8392,ok,
2026_07_21_gym,flight_91,13,1099.01,777.4370,ok,
2026_07_21_gym,flight_91,14,1082.36,679.9187,ok,
2026_07_21_gym,flight_91,15,1065.71,520.8900,ok,
2026_07_21_gym,flight_91,16,1049.06,467.8983,ok,
2026_07_21_gym,flight_91,17,1032.40,442.1904,ok,
2026_07_21_gym,flight_91,18,1015.75,435.5944,ok,
2026_07_21_gym,flight_91,19,999.10,370.4628,ok,
2026_07_21_gym,flight_91,20,982.45,393.8724,ok,
2026_07_21_gym,flight_91,21,965.80,336.9894,ok,
2026_07_21_gym,flight_91,22,949.15,306.9864,ok,
2026_07_21_gym,flight_91,23,932.49,290.6098,ok,
2026_07_21_gym,flight_91,24,915.84,262.4135,ok,
2026_07_21_gym,flight_91,25,899.19,229.1488,ok,
2026_07_21_gym,flight_91,26,882.54,210.6440,ok,
2026_07_21_gym,flight_91,27,865.89,193.5591,ok,
2026_07_21_gym,flight_91,28,849.24,188.1877,ok,
2026_07_21_gym,flight_91,29,832.58,186.1111,ok,
2026_07_21_gym,flight_91,30,815.93,188.0650,ok,
2026_07_21_gym,flight_91,31,799.28,169.0066,ok,
2026_07_21_gym,flight_91,32,782.63,147.3936,ok,
2026_07_21_gym,flight_91,33,765.98,130.6714,ok,
2026_07_21_gym,flight_91,34,749.32,116.9598,ok,
2026_07_21_gym,flight_91,35,732.67,114.9217,ok,
2026_07_21_gym,flight_91,36,716.02,112.7767,ok,
2026_07_21_gym,flight_91,37,699.37,101.9477,ok,
2026_07_21_gym,flight_91,38,682.72,99.5030,ok,
2026_07_21_gym,flight_91,39,666.07,101.7310,ok,
2026_07_21_gym,flight_91,40,649.42,115.8318,ok,
2026_07_21_gym,flight_91,41,632.76,104.7323,ok,
2026_07_21_gym,flight_91,42,616.11,109.3402,ok,
2026_07_21_gym,flight_91,43,599.46,107.4093,ok,
2026_07_21_gym,flight_91,44,582.81,97.4108,ok,
2026_07_21_gym,flight_91,45,566.16,76.8339,ok,
2026_07_21_gym,flight_91,46,549.51,60.0447,ok,
2026_07_21_gym,flight_91,47,532.85,51.6305,ok,
2026_07_21_gym,flight_91,48,516.20,49.5378,ok,
2026_07_21_gym,flight_91,49,499.55,46.0912,ok,
2026_07_21_gym,flight_91,50,482.90,49.3833,ok,
2026_07_21_gym,flight_91,51,466.25,54.4908,ok,
2026_07_21_gym,flight_91,52,449.60,55.1298,ok,
2026_07_21_gym,flight_91,53,432.94,48.4516,ok,
2026_07_21_gym,flight_91,54,416.29,45.6712,ok,
2026_07_21_gym,flight_91,55,399.64,42.0141,ok,
2026_07_21_gym,flight_91,56,382.99,39.7117,ok,
2026_07_21_gym,flight_91,57,366.34,40.2520,ok,
2026_07_21_gym,flight_91,58,349.68,39.9275,ok,
2026_07_21_gym,flight_91,59,333.03,42.0222,ok,
2026_07_21_gym,flight_91,60,316.38,39.9097,ok,
2026_07_21_gym,flight_91,61,299.73,39.6383,ok,
2026_07_21_gym,flight_91,62,283.08,40.4816,ok,
2026_07_21_gym,flight_91,63,266.43,40.7151,ok,
2026_07_21_gym,flight_91,64,233.12,38.1659,ok,
2026_07_21_gym,flight_91,65,216.47,39.6206,ok,
2026_07_21_gym,flight_91,66,199.82,40.6707,ok,
2026_07_21_gym,flight_91,67,183.17,40.1933,ok,
2026_07_21_gym,flight_91,68,166.52,39.0033,ok,
2026_07_21_gym,flight_91,69,149.86,43.2145,ok,
2026_07_21_gym,flight_91,70,133.21,43.2173,ok,
2026_07_21_gym,flight_91,71,116.56,43.8844,ok,
2026_07_21_gym,flight_91,72,99.91,41.6266,ok,
2026_07_21_gym,flight_91,73,83.26,41.0757,ok,
2026_07_21_gym,flight_91,74,66.61,40.7940,ok,
2026_07_21_gym,flight_91,75,49.95,40.4981,ok,
2026_07_21_gym,flight_91,76,33.30,39.5345,ok,
2026_07_21_gym,flight_91,77,16.65,38.1267,ok,
2026_07_21_gym,flight_92,3,1248.87,6145.5323,ok,
2026_07_21_gym,flight_92,4,1232.22,5788.3251,ok,
2026_07_21_gym,flight_92,5,1215.57,2235.0531,ok,
2026_07_21_gym,flight_92,6,1198.92,1436.6774,ok,
2026_07_21_gym,flight_92,7,1182.26,801.6305,ok,
2026_07_21_gym,flight_92,8,1165.61,401.3042,ok,
2026_07_21_gym,flight_92,9,1148.96,355.6133,ok,
2026_07_21_gym,flight_92,10,1132.31,334.9850,ok,
2026_07_21_gym,flight_92,11,1115.65,285.1758,ok,
2026_07_21_gym,flight_92,12,1099.01,248.2311,ok,
2026_07_21_gym,flight_92,13,1082.34,208.1719,ok,
2026_07_21_gym,flight_92,14,1065.70,197.1964,ok,
2026_07_21_gym,flight_92,15,1049.05,220.3637,ok,
2026_07_21_gym,flight_92,16,1032.40,182.2344,ok,
2026_07_21_gym,flight_92,17,1015.74,154.9878,ok,
2026_07_21_gym,flight_92,18,999.10,141.3888,ok,
2026_07_21_gym,flight_92,19,965.79,128.6309,ok,
2026_07_21_gym,flight_92,20,949.13,136.1359,ok,
2026_07_21_gym,flight_92,21,932.49,142.9485,ok,
2026_07_21_gym,flight_92,22,915.83,144.7035,ok,
2026_07_21_gym,flight_92,23,899.19,134.7526,ok,
2026_07_21_gym,flight_92,24,882.53,131.6746,ok,
2026_07_21_gym,flight_92,25,865.88,120.0947,ok,
2026_07_21_gym,flight_92,26,849.23,110.5931,ok,
2026_07_21_gym,flight_92,27,832.58,109.1294,ok,
2026_07_21_gym,flight_92,28,815.93,100.2333,ok,
2026_07_21_gym,flight_92,29,799.28,90.3238,ok,
2026_07_21_gym,flight_92,30,782.62,69.8174,ok,
2026_07_21_gym,flight_92,31,765.97,70.9872,ok,
2026_07_21_gym,flight_92,32,749.32,73.6099,ok,
2026_07_21_gym,flight_92,33,732.67,73.7879,ok,
2026_07_21_gym,flight_92,34,716.01,75.0623,ok,
2026_07_21_gym,flight_92,35,699.37,73.5534,ok,
2026_07_21_gym,flight_92,36,682.71,67.2353,ok,
2026_07_21_gym,flight_92,37,666.07,63.7403,ok,
2026_07_21_gym,flight_92,38,649.41,58.8290,ok,
2026_07_21_gym,flight_92,39,616.10,55.3803,ok,
2026_07_21_gym,flight_92,40,599.46,54.8098,ok,
2026_07_21_gym,flight_92,41,582.80,57.0714,ok,
2026_07_21_gym,flight_92,42,566.16,57.1165,ok,
2026_07_21_gym,flight_92,43,549.50,54.1688,ok,
2026_07_21_gym,flight_92,44,532.85,50.2890,ok,
2026_07_21_gym,flight_92,45,516.19,50.3963,ok,
2026_07_21_gym,flight_92,46,499.55,52.1332,ok,
2026_07_21_gym,flight_92,47,482.89,55.5805,ok,
2026_07_21_gym,flight_92,48,466.25,56.8126,ok,
2026_07_21_gym,flight_92,49,449.59,49.8283,ok,
2026_07_21_gym,flight_92,50,432.94,49.1031,ok,
2026_07_21_gym,flight_92,51,416.29,47.6907,ok,
2026_07_21_gym,flight_92,52,399.64,48.8178,ok,
2026_07_21_gym,flight_92,53,382.98,48.8362,ok,
2026_07_21_gym,flight_92,54,366.33,48.6809,ok,
2026_07_21_gym,flight_92,55,349.68,48.7666,ok,
2026_07_21_gym,flight_92,56,333.03,47.2354,ok,
2026_07_21_gym,flight_92,57,316.37,43.2826,ok,
2026_07_21_gym,flight_92,58,299.73,36.4203,ok,
2026_07_21_gym,flight_92,59,283.07,32.1941,ok,
2026_07_21_gym,flight_92,60,249.76,29.2082,ok,
2026_07_21_gym,flight_92,61,233.12,31.2357,ok,
2026_07_21_gym,flight_92,62,199.82,30.7472,ok,
2026_07_21_gym,flight_92,63,183.17,30.7890,ok,
2026_07_21_gym,flight_92,64,166.52,30.7538,ok,
2026_07_21_gym,flight_92,65,149.86,26.6057,ok,
2026_07_21_gym,flight_92,66,133.21,25.3695,ok,
2026_07_21_gym,flight_92,67,116.55,24.3042,ok,
2026_07_21_gym,flight_92,68,99.91,22.9446,ok,
2026_07_21_gym,flight_92,69,83.25,22.5778,ok,
2026_07_21_gym,flight_92,70,66.61,29.1451,ok,
2026_07_21_gym,flight_92,71,49.95,27.1451,ok,
2026_07_21_gym,flight_92,72,33.30,23.1750,ok,
2026_07_21_gym,flight_92,73,16.65,24.8609,ok,
2026_07_21_gym,flight_93,3,1298.84,6565.8571,ok,
2026_07_21_gym,flight_93,4,1282.18,5014.8337,ok,
2026_07_21_gym,flight_93,5,1265.53,2564.5502,ok,
2026_07_21_gym,flight_93,6,1248.88,2805.7716,ok,
2026_07_21_gym,flight_93,7,1232.23,2684.5667,ok,
2026_07_21_gym,flight_93,8,1215.58,2652.7624,ok,
2026_07_21_gym,flight_93,9,1198.92,2385.7610,ok,
2026_07_21_gym,flight_93,10,1182.27,1760.2068,ok,
2026_07_21_gym,flight_93,11,1165.62,1719.5404,ok,
2026_07_21_gym,flight_93,12,1148.97,1432.2451,ok,
2026_07_21_gym,flight_93,13,1132.32,1131.0877,ok,
2026_07_21_gym,flight_93,14,1115.66,883.6180,ok,
2026_07_21_gym,flight_93,15,1099.02,826.7432,ok,
2026_07_21_gym,flight_93,16,1082.36,697.4068,ok,
2026_07_21_gym,flight_93,17,1065.71,574.3702,ok,
2026_07_21_gym,flight_93,18,1049.06,446.8556,ok,
2026_07_21_gym,flight_93,19,1032.41,356.3583,ok,
2026_07_21_gym,flight_93,20,1015.75,369.0551,ok,
2026_07_21_gym,flight_93,21,999.11,306.7335,ok,
2026_07_21_gym,flight_93,22,982.45,273.8539,ok,
2026_07_21_gym,flight_93,23,965.80,254.9285,ok,
2026_07_21_gym,flight_93,24,949.15,251.8948,ok,
2026_07_21_gym,flight_93,25,932.50,265.7362,ok,
2026_07_21_gym,flight_93,26,915.84,257.6835,ok,
2026_07_21_gym,flight_93,27,899.19,268.4509,ok,
2026_07_21_gym,flight_93,28,882.54,257.2982,ok,
2026_07_21_gym,flight_93,29,865.89,245.9508,ok,
2026_07_21_gym,flight_93,30,849.24,249.6686,ok,
2026_07_21_gym,flight_93,31,832.59,246.4693,ok,
2026_07_21_gym,flight_93,32,815.94,232.8768,ok,
2026_07_21_gym,flight_93,33,799.28,225.6909,ok,
2026_07_21_gym,flight_93,34,765.98,194.1273,ok,
2026_07_21_gym,flight_93,35,749.33,155.6735,ok,
2026_07_21_gym,flight_93,36,716.02,164.4861,ok,
2026_07_21_gym,flight_93,37,699.37,169.3552,ok,
2026_07_21_gym,flight_93,38,682.72,156.7709,ok,
2026_07_21_gym,flight_93,39,666.07,149.9338,ok,
2026_07_21_gym,flight_93,40,649.42,147.9273,ok,
2026_07_21_gym,flight_93,41,632.77,145.2079,ok,
2026_07_21_gym,flight_93,42,616.11,128.2572,ok,
2026_07_21_gym,flight_93,43,599.46,126.0271,ok,
2026_07_21_gym,flight_93,44,582.81,125.7519,ok,
2026_07_21_gym,flight_93,45,566.16,127.9187,ok,
2026_07_21_gym,flight_93,46,549.51,131.4271,ok,
2026_07_21_gym,flight_93,47,532.86,127.9269,ok,
2026_07_21_gym,flight_93,48,516.20,124.2965,ok,
2026_07_21_gym,flight_93,49,499.55,120.3420,ok,
2026_07_21_gym,flight_93,50,482.90,142.8858,ok,
2026_07_21_gym,flight_93,51,466.25,130.5358,ok,
2026_07_21_gym,flight_93,52,449.60,127.3618,ok,
2026_07_21_gym,flight_93,53,432.95,113.6883,ok,
2026_07_21_gym,flight_93,54,416.29,105.5237,ok,
2026_07_21_gym,flight_93,55,399.64,95.9963,ok,
2026_07_21_gym,flight_93,56,382.99,93.9867,ok,
2026_07_21_gym,flight_93,57,366.34,83.8412,ok,
2026_07_21_gym,flight_93,58,349.69,73.9648,ok,
2026_07_21_gym,flight_93,59,333.04,70.0596,ok,
2026_07_21_gym,flight_93,60,316.38,67.2127,ok,
2026_07_21_gym,flight_93,61,299.73,70.6832,ok,
2026_07_21_gym,flight_93,62,283.08,70.0074,ok,
2026_07_21_gym,flight_93,63,266.43,71.9930,ok,
2026_07_21_gym,flight_93,64,249.78,79.2973,ok,
2026_07_21_gym,flight_93,65,233.12,93.1339,ok,
2026_07_21_gym,flight_93,66,216.47,99.7552,ok,
2026_07_21_gym,flight_93,67,199.82,97.7906,ok,
2026_07_21_gym,flight_93,68,166.52,89.8744,ok,
2026_07_21_gym,flight_93,69,149.87,85.6593,ok,
2026_07_21_gym,flight_93,70,133.21,80.1902,ok,
2026_07_21_gym,flight_93,71,116.56,77.4951,ok,
2026_07_21_gym,flight_93,72,99.91,73.8306,ok,
2026_07_21_gym,flight_93,73,83.26,70.2954,ok,
2026_07_21_gym,flight_93,74,66.61,65.1856,ok,
2026_07_21_gym,flight_93,75,49.96,63.1517,ok,
2026_07_21_gym,flight_93,76,33.30,60.9926,ok,
2026_07_21_gym,flight_93,77,16.65,56.6961,ok,
2026_07_21_gym,flight_94,3,1382.10,4849.9921,ok,
2026_07_21_gym,flight_94,4,1365.44,2318.2538,ok,
2026_07_21_gym,flight_94,5,1348.79,1080.2697,ok,
2026_07_21_gym,flight_94,6,1332.14,640.5801,ok,
2026_07_21_gym,flight_94,7,1315.49,496.0231,ok,
2026_07_21_gym,flight_94,8,1298.84,504.1751,ok,
2026_07_21_gym,flight_94,9,1282.19,320.9068,ok,
2026_07_21_gym,flight_94,10,1265.53,197.8407,ok,
2026_07_21_gym,flight_94,11,1248.88,240.9798,ok,
2026_07_21_gym,flight_94,12,1232.23,233.3615,ok,
2026_07_21_gym,flight_94,13,1215.58,249.5199,ok,
2026_07_21_gym,flight_94,14,1198.93,190.3337,ok,
2026_07_21_gym,flight_94,15,1182.27,265.3945,ok,
2026_07_21_gym,flight_94,16,1165.62,204.7587,ok,
2026_07_21_gym,flight_94,17,1148.97,179.5330,ok,
2026_07_21_gym,flight_94,18,1132.32,180.0980,ok,
2026_07_21_gym,flight_94,19,1115.67,191.2610,ok,
2026_07_21_gym,flight_94,20,1099.02,165.4787,ok,
2026_07_21_gym,flight_94,21,1082.36,156.5068,ok,
2026_07_21_gym,flight_94,22,1065.71,147.4775,ok,
2026_07_21_gym,flight_94,23,1049.06,127.1625,ok,
2026_07_21_gym,flight_94,24,1032.41,145.5699,ok,
2026_07_21_gym,flight_94,25,1015.76,136.0816,ok,
2026_07_21_gym,flight_94,26,999.11,133.4528,ok,
2026_07_21_gym,flight_94,27,982.45,137.8580,ok,
2026_07_21_gym,flight_94,28,965.80,141.9607,ok,
2026_07_21_gym,flight_94,29,949.15,135.7306,ok,
2026_07_21_gym,flight_94,30,932.50,127.8984,ok,
2026_07_21_gym,flight_94,31,915.85,121.0506,ok,
2026_07_21_gym,flight_94,32,899.20,122.6320,ok,
2026_07_21_gym,flight_94,33,882.54,118.6952,ok,
2026_07_21_gym,flight_94,34,865.89,122.9217,ok,
2026_07_21_gym,flight_94,35,849.24,117.2132,ok,
2026_07_21_gym,flight_94,36,832.59,116.1365,ok,
2026_07_21_gym,flight_94,37,815.94,118.6406,ok,
2026_07_21_gym,flight_94,38,799.28,109.7491,ok,
2026_07_21_gym,flight_94,39,782.63,104.7888,ok,
2026_07_21_gym,flight_94,40,765.98,99.7673,ok,
2026_07_21_gym,flight_94,41,749.33,102.0891,ok,
2026_07_21_gym,flight_94,42,732.68,108.8766,ok,
2026_07_21_gym,flight_94,43,716.03,106.6834,ok,
2026_07_21_gym,flight_94,44,699.37,108.7620,ok,
2026_07_21_gym,flight_94,45,682.72,107.4944,ok,
2026_07_21_gym,flight_94,46,666.07,103.5860,ok,
2026_07_21_gym,flight_94,47,649.42,100.7049,ok,
2026_07_21_gym,flight_94,48,632.77,102.2815,ok,
2026_07_21_gym,flight_94,49,616.11,101.2039,ok,
2026_07_21_gym,flight_94,50,599.46,104.7790,ok,
2026_07_21_gym,flight_94,51,582.81,112.2226,ok,
2026_07_21_gym,flight_94,52,566.16,109.4427,ok,
2026_07_21_gym,flight_94,53,549.51,106.9113,ok,
2026_07_21_gym,flight_94,54,532.86,103.0536,ok,
2026_07_21_gym,flight_94,55,516.21,103.6783,ok,
2026_07_21_gym,flight_94,56,499.55,103.8120,ok,
2026_07_21_gym,flight_94,57,482.90,103.0649,ok,
2026_07_21_gym,flight_94,58,466.25,112.0560,ok,
2026_07_21_gym,flight_94,59,449.60,113.9174,ok,
2026_07_21_gym,flight_94,60,432.95,124.5500,ok,
2026_07_21_gym,flight_94,61,416.30,134.8292,ok,
2026_07_21_gym,flight_94,62,399.64,135.2380,ok,
2026_07_21_gym,flight_94,63,382.99,134.9421,ok,
2026_07_21_gym,flight_94,64,366.34,136.5031,ok,
2026_07_21_gym,flight_94,65,349.69,136.4797,ok,
2026_07_21_gym,flight_94,66,333.04,134.5834,ok,
2026_07_21_gym,flight_94,67,316.38,133.0512,ok,
2026_07_21_gym,flight_94,68,299.73,135.0436,ok,
2026_07_21_gym,flight_94,69,283.08,140.0036,ok,
2026_07_21_gym,flight_94,70,266.43,144.4839,ok,
2026_07_21_gym,flight_94,71,249.78,145.7713,ok,
2026_07_21_gym,flight_94,72,233.13,156.8435,ok,
2026_07_21_gym,flight_94,73,216.47,145.9603,ok,
2026_07_21_gym,flight_94,74,199.82,131.5271,ok,
2026_07_21_gym,flight_94,75,183.17,121.6862,ok,
2026_07_21_gym,flight_94,76,166.52,121.3337,ok,
2026_07_21_gym,flight_94,77,149.87,120.5650,ok,
2026_07_21_gym,flight_94,78,133.21,107.8621,ok,
2026_07_21_gym,flight_94,79,116.56,85.3897,ok,
2026_07_21_gym,flight_94,80,99.91,67.5851,ok,
2026_07_21_gym,flight_94,81,66.61,79.4060,ok,
2026_07_21_gym,flight_94,82,49.96,88.3978,ok,
2026_07_21_gym,flight_94,83,33.31,97.2749,ok,
2026_07_21_gym,flight_94,84,16.65,107.2251,ok,
2026_07_21_gym,flight_95,3,1382.10,981.2073,ok,
2026_07_21_gym,flight_95,4,1365.45,1356.6771,ok,
2026_07_21_gym,flight_95,5,1348.79,1045.0675,ok,
2026_07_21_gym,flight_95,6,1332.14,563.1030,ok,
2026_07_21_gym,flight_95,7,1315.49,483.4597,ok,
2026_07_21_gym,flight_95,8,1298.84,500.5574,ok,
2026_07_21_gym,flight_95,9,1282.19,766.4545,ok,
2026_07_21_gym,flight_95,10,1265.54,625.6465,ok,
2026_07_21_gym,flight_95,11,1248.88,633.9823,ok,
2026_07_21_gym,flight_95,12,1232.23,520.6161,ok,
2026_07_21_gym,flight_95,13,1215.58,396.9786,ok,
2026_07_21_gym,flight_95,14,1198.93,401.0544,ok,
2026_07_21_gym,flight_95,15,1182.28,391.0153,ok,
2026_07_21_gym,flight_95,16,1165.62,354.3497,ok,
2026_07_21_gym,flight_95,17,1148.97,394.2896,ok,
2026_07_21_gym,flight_95,18,1132.32,343.7220,ok,
2026_07_21_gym,flight_95,19,1115.67,341.8390,ok,
2026_07_21_gym,flight_95,20,1099.02,317.9411,ok,
2026_07_21_gym,flight_95,21,1082.37,292.0181,ok,
2026_07_21_gym,flight_95,22,1065.71,277.8892,ok,
2026_07_21_gym,flight_95,23,1049.06,266.0274,ok,
2026_07_21_gym,flight_95,24,1032.40,257.9826,ok,
2026_07_21_gym,flight_95,25,1015.76,265.3154,ok,
2026_07_21_gym,flight_95,26,999.11,273.7264,ok,
2026_07_21_gym,flight_95,27,982.46,243.7242,ok,
2026_07_21_gym,flight_95,28,965.80,218.8234,ok,
2026_07_21_gym,flight_95,29,949.15,207.8275,ok,
2026_07_21_gym,flight_95,30,932.50,206.3233,ok,
2026_07_21_gym,flight_95,31,915.85,211.2650,ok,
2026_07_21_gym,flight_95,32,899.20,203.0457,ok,
2026_07_21_gym,flight_95,33,882.54,196.0604,ok,
2026_07_21_gym,flight_95,34,865.89,184.0112,ok,
2026_07_21_gym,flight_95,35,849.24,183.8324,ok,
2026_07_21_gym,flight_95,36,832.59,160.7046,ok,
2026_07_21_gym,flight_95,37,815.94,158.1916,ok,
2026_07_21_gym,flight_95,38,799.28,162.4110,ok,
2026_07_21_gym,flight_95,39,782.63,161.2580,ok,
2026_07_21_gym,flight_95,40,749.33,153.9792,ok,
2026_07_21_gym,flight_95,41,732.68,164.3538,ok,
2026_07_21_gym,flight_95,42,716.03,155.8061,ok,
2026_07_21_gym,flight_95,43,699.37,144.4801,ok,
2026_07_21_gym,flight_95,44,682.72,134.3783,ok,
2026_07_21_gym,flight_95,45,666.07,130.1163,ok,
2026_07_21_gym,flight_95,46,649.42,131.0836,ok,
2026_07_21_gym,flight_95,47,632.77,131.7191,ok,
2026_07_21_gym,flight_95,48,616.12,129.6140,ok,
2026_07_21_gym,flight_95,49,599.46,130.9290,ok,
2026_07_21_gym,flight_95,50,582.81,133.1838,ok,
2026_07_21_gym,flight_95,51,566.16,124.8344,ok,
2026_07_21_gym,flight_95,52,549.51,134.1328,ok,
2026_07_21_gym,flight_95,53,516.20,133.9148,ok,
2026_07_21_gym,flight_95,54,499.55,131.5849,ok,
2026_07_21_gym,flight_95,55,482.90,129.6657,ok,
2026_07_21_gym,flight_95,56,466.25,119.0332,ok,
2026_07_21_gym,flight_95,57,449.60,107.7975,ok,
2026_07_21_gym,flight_95,58,432.95,103.8649,ok,
2026_07_21_gym,flight_95,59,416.30,103.2016,ok,
2026_07_21_gym,flight_95,60,399.64,100.8524,ok,
2026_07_21_gym,flight_95,61,382.99,99.0547,ok,
2026_07_21_gym,flight_95,62,366.34,99.3357,ok,
2026_07_21_gym,flight_95,63,349.69,103.2709,ok,
2026_07_21_gym,flight_95,64,333.04,106.4269,ok,
2026_07_21_gym,flight_95,65,316.38,108.7472,ok,
2026_07_21_gym,flight_95,66,299.73,112.2786,ok,
2026_07_21_gym,flight_95,67,283.08,110.0405,ok,
2026_07_21_gym,flight_95,68,266.43,78.8937,ok,
2026_07_21_gym,flight_95,69,249.78,77.8866,ok,
2026_07_21_gym,flight_95,70,233.13,78.6055,ok,
2026_07_21_gym,flight_95,71,216.47,82.6075,ok,
2026_07_21_gym,flight_95,72,199.82,85.5892,ok,
2026_07_21_gym,flight_95,73,183.17,83.3691,ok,
2026_07_21_gym,flight_95,74,166.52,81.6788,ok,
2026_07_21_gym,flight_95,75,149.87,82.9759,ok,
2026_07_21_gym,flight_95,76,133.22,82.9100,ok,
2026_07_21_gym,flight_95,77,116.56,81.3241,ok,
2026_07_21_gym,flight_95,78,99.91,78.8746,ok,
2026_07_21_gym,flight_95,79,83.26,77.3269,ok,
2026_07_21_gym,flight_95,80,66.61,87.7168,ok,
2026_07_21_gym,flight_95,81,49.96,92.1641,ok,
2026_07_21_gym,flight_95,82,33.30,88.5544,ok,
2026_07_21_gym,flight_95,83,16.65,84.9914,ok,
2026_07_21_gym,flight_96,3,1248.88,945.5410,ok,
2026_07_21_gym,flight_96,4,1232.23,2561.9209,ok,
2026_07_21_gym,flight_96,5,1215.58,1001.4624,ok,
2026_07_21_gym,flight_96,6,1198.93,1110.0214,ok,
2026_07_21_gym,flight_96,7,1182.28,1063.3312,ok,
2026_07_21_gym,flight_96,8,1165.63,664.5040,ok,
2026_07_21_gym,flight_96,9,1148.97,366.4470,ok,
2026_07_21_gym,flight_96,10,1132.32,418.1549,ok,
2026_07_21_gym,flight_96,11,1115.67,387.3163,ok,
2026_07_21_gym,flight_96,12,1099.02,548.3078,ok,
2026_07_21_gym,flight_96,13,1065.71,317.3651,ok,
2026_07_21_gym,flight_96,14,1049.06,251.5578,ok,
2026_07_21_gym,flight_96,15,1032.41,240.0000,ok,
2026_07_21_gym,flight_96,16,1015.76,226.0157,ok,
2026_07_21_gym,flight_96,17,999.11,222.4304,ok,
2026_07_21_gym,flight_96,18,982.46,213.9923,ok,
2026_07_21_gym,flight_96,19,965.80,270.2671,ok,
2026_07_21_gym,flight_96,20,949.15,293.9191,ok,
2026_07_21_gym,flight_96,21,932.50,268.1881,ok,
2026_07_21_gym,flight_96,22,915.85,237.8769,ok,
2026_07_21_gym,flight_96,23,899.20,229.1885,ok,
2026_07_21_gym,flight_96,24,882.55,209.0866,ok,
2026_07_21_gym,flight_96,25,865.89,205.8687,ok,
2026_07_21_gym,flight_96,26,849.24,195.9409,ok,
2026_07_21_gym,flight_96,27,832.59,204.3175,ok,
2026_07_21_gym,flight_96,28,815.94,188.8290,ok,
2026_07_21_gym,flight_96,29,799.29,177.4629,ok,
2026_07_21_gym,flight_96,30,782.63,192.4193,ok,
2026_07_21_gym,flight_96,31,765.98,180.1498,ok,
2026_07_21_gym,flight_96,32,749.33,159.7018,ok,
2026_07_21_gym,flight_96,33,732.68,142.8983,ok,
2026_07_21_gym,flight_96,34,716.03,131.0736,ok,
2026_07_21_gym,flight_96,35,699.38,115.8003,ok,
2026_07_21_gym,flight_96,36,682.72,117.6846,ok,
2026_07_21_gym,flight_96,37,666.07,123.2082,ok,
2026_07_21_gym,flight_96,38,649.42,116.4746,ok,
2026_07_21_gym,flight_96,39,632.77,105.2298,ok,
2026_07_21_gym,flight_96,40,616.12,101.2502,ok,
2026_07_21_gym,flight_96,41,599.46,95.7373,ok,
2026_07_21_gym,flight_96,42,582.81,88.2809,ok,
2026_07_21_gym,flight_96,43,566.16,84.9433,ok,
2026_07_21_gym,flight_96,44,549.51,87.2352,ok,
2026_07_21_gym,flight_96,45,532.86,89.6260,ok,
2026_07_21_gym,flight_96,46,482.90,82.5601,ok,
2026_07_21_gym,flight_96,47,466.25,77.3493,ok,
2026_07_21_gym,flight_96,48,449.60,69.7793,ok,
2026_07_21_gym,flight_96,49,432.95,66.6389,ok,
2026_07_21_gym,flight_96,50,416.30,63.6568,ok,
2026_07_21_gym,flight_96,51,399.64,61.2326,ok,
2026_07_21_gym,flight_96,52,382.99,57.8389,ok,
2026_07_21_gym,flight_96,53,366.34,53.6678,ok,
2026_07_21_gym,flight_96,54,349.69,50.3329,ok,
2026_07_21_gym,flight_96,55,333.04,48.9992,ok,
2026_07_21_gym,flight_96,56,316.38,47.9832,ok,
2026_07_21_gym,flight_96,57,299.73,46.0225,ok,
2026_07_21_gym,flight_96,58,283.08,42.5928,ok,
2026_07_21_gym,flight_96,59,266.43,39.9189,ok,
2026_07_21_gym,flight_96,60,249.78,39.4242,ok,
2026_07_21_gym,flight_96,61,233.13,37.9286,ok,
2026_07_21_gym,flight_96,62,216.47,33.4968,ok,
2026_07_21_gym,flight_96,63,199.82,32.8130,ok,
2026_07_21_gym,flight_96,64,183.17,35.5942,ok,
2026_07_21_gym,flight_96,65,166.52,37.9598,ok,
2026_07_21_gym,flight_96,66,149.87,41.7458,ok,
2026_07_21_gym,flight_96,67,133.21,42.1516,ok,
2026_07_21_gym,flight_96,68,116.56,41.8638,ok,
2026_07_21_gym,flight_96,69,99.91,40.3913,ok,
2026_07_21_gym,flight_96,70,83.26,40.2408,ok,
2026_07_21_gym,flight_96,71,66.61,40.4790,ok,
2026_07_21_gym,flight_96,72,33.30,40.3607,ok,
2026_07_21_gym,flight_96,73,16.65,35.0848,ok,
2026_07_21_gym,flight_97,3,1182.28,1443.5211,ok,
2026_07_21_gym,flight_97,4,1165.63,4975.0814,ok,
2026_07_21_gym,flight_97,5,1148.98,974.2236,ok,
2026_07_21_gym,flight_97,6,1132.32,400.6657,ok,
2026_07_21_gym,flight_97,7,1115.67,551.4963,ok,
2026_07_21_gym,flight_97,8,1099.02,757.6524,ok,
2026_07_21_gym,flight_97,9,1082.37,876.6576,ok,
2026_07_21_gym,flight_97,10,1049.06,868.7221,ok,
2026_07_21_gym,flight_97,11,1032.41,616.2061,ok,
2026_07_21_gym,flight_97,12,1015.76,703.8621,ok,
2026_07_21_gym,flight_97,13,999.11,666.8367,ok,
2026_07_21_gym,flight_97,14,982.46,604.3894,ok,
2026_07_21_gym,flight_97,15,965.81,552.6376,ok,
2026_07_21_gym,flight_97,16,949.15,475.6938,ok,
2026_07_21_gym,flight_97,17,932.50,388.6045,ok,
2026_07_21_gym,flight_97,18,915.85,362.3702,ok,
2026_07_21_gym,flight_97,19,899.20,367.6044,ok,
2026_07_21_gym,flight_97,20,882.55,304.5180,ok,
2026_07_21_gym,flight_97,21,865.89,268.7774,ok,
2026_07_21_gym,flight_97,22,849.24,260.4116,ok,
2026_07_21_gym,flight_97,23,832.59,225.4121,ok,
2026_07_21_gym,flight_97,24,815.94,240.4688,ok,
2026_07_21_gym,flight_97,25,799.29,233.4474,ok,
2026_07_21_gym,flight_97,26,782.64,205.6566,ok,
2026_07_21_gym,flight_97,27,765.98,177.0895,ok,
2026_07_21_gym,flight_97,28,749.33,174.7420,ok,
2026_07_21_gym,flight_97,29,732.68,169.2247,ok,
2026_07_21_gym,flight_97,30,716.03,169.0819,ok,
2026_07_21_gym,flight_97,31,699.38,202.2947,ok,
2026_07_21_gym,flight_97,32,682.73,185.3153,ok,
2026_07_21_gym,flight_97,33,666.07,197.4203,ok,
2026_07_21_gym,flight_97,34,649.42,182.5967,ok,
2026_07_21_gym,flight_97,35,632.77,160.9925,ok,
2026_07_21_gym,flight_97,36,616.12,140.6780,ok,
2026_07_21_gym,flight_97,37,599.47,127.7958,ok,
2026_07_21_gym,flight_97,38,582.81,117.0015,ok,
2026_07_21_gym,flight_97,39,566.16,110.3545,ok,
2026_07_21_gym,flight_97,40,549.51,106.7489,ok,
2026_07_21_gym,flight_97,41,532.86,96.8568,ok,
2026_07_21_gym,flight_97,42,516.21,86.4644,ok,
2026_07_21_gym,flight_97,43,499.56,81.8247,ok,
2026_07_21_gym,flight_97,44,482.90,88.0229,ok,
2026_07_21_gym,flight_97,45,466.25,87.1837,ok,
2026_07_21_gym,flight_97,46,449.60,82.4303,ok,
2026_07_21_gym,flight_97,47,432.95,80.0527,ok,
2026_07_21_gym,flight_97,48,416.30,73.5771,ok,
2026_07_21_gym,flight_97,49,399.64,71.7517,ok,
2026_07_21_gym,flight_97,50,366.34,72.4330,ok,
2026_07_21_gym,flight_97,51,349.69,78.3292,ok,
2026_07_21_gym,flight_97,52,333.04,67.8365,ok,
2026_07_21_gym,flight_97,53,316.39,54.7992,ok,
2026_07_21_gym,flight_97,54,299.73,48.4803,ok,
2026_07_21_gym,flight_97,55,283.08,40.0650,ok,
2026_07_21_gym,flight_97,56,266.43,42.0836,ok,
2026_07_21_gym,flight_97,57,249.78,41.0688,ok,
2026_07_21_gym,flight_97,58,233.13,42.4847,ok,
2026_07_21_gym,flight_97,59,216.47,49.3528,ok,
2026_07_21_gym,flight_97,60,199.82,47.4042,ok,
2026_07_21_gym,flight_97,61,183.17,36.7299,ok,
2026_07_21_gym,flight_97,62,166.52,30.6499,ok,
2026_07_21_gym,flight_97,63,149.87,29.9440,ok,
2026_07_21_gym,flight_97,64,133.22,30.2214,ok,
2026_07_21_gym,flight_97,65,116.56,31.0870,ok,
2026_07_21_gym,flight_97,66,99.91,31.8642,ok,
2026_07_21_gym,flight_97,67,66.61,34.5350,ok,
2026_07_21_gym,flight_97,68,49.96,33.3414,ok,
2026_07_21_gym,flight_97,69,16.65,33.7242,ok,
2026_07_21_gym,flight_98,3,1298.84,1432.9018,ok,
2026_07_21_gym,flight_98,4,1282.19,3107.2916,ok,
2026_07_21_gym,flight_98,5,1265.54,975.4712,ok,
2026_07_21_gym,flight_98,6,1248.89,626.9586,ok,
2026_07_21_gym,flight_98,7,1232.23,291.7096,ok,
2026_07_21_gym,flight_98,8,1215.58,340.2985,ok,
2026_07_21_gym,flight_98,9,1198.93,261.5391,ok,
2026_07_21_gym,flight_98,10,1165.63,183.7657,ok,
2026_07_21_gym,flight_98,11,1148.98,195.6180,ok,
2026_07_21_gym,flight_98,12,1132.32,163.6870,ok,
2026_07_21_gym,flight_98,13,1115.67,82.5187,ok,
2026_07_21_gym,flight_98,14,1099.02,239.2878,ok,
2026_07_21_gym,flight_98,15,1082.37,27.7586,ok,
2026_07_21_gym,flight_98,16,1065.72,31.1634,ok,
2026_07_21_gym,flight_98,17,1049.07,53.3808,ok,
2026_07_21_gym,flight_98,18,1032.41,42.7753,ok,
2026_07_21_gym,flight_98,19,1015.76,55.7786,ok,
2026_07_21_gym,flight_98,20,999.11,56.2939,ok,
2026_07_21_gym,flight_98,21,982.46,53.0434,ok,
2026_07_21_gym,flight_98,22,965.81,160.4138,ok,
2026_07_21_gym,flight_98,23,949.15,142.7372,ok,
2026_07_21_gym,flight_98,24,932.50,135.9431,ok,
2026_07_21_gym,flight_98,25,915.85,120.5011,ok,
2026_07_21_gym,flight_98,26,899.20,174.0233,ok,
2026_07_21_gym,flight_98,27,882.55,199.1545,ok,
2026_07_21_gym,flight_98,28,865.90,173.9433,ok,
2026_07_21_gym,flight_98,29,849.24,172.6233,ok,
2026_07_21_gym,flight_98,30,815.94,183.4171,ok,
2026_07_21_gym,flight_98,31,799.29,187.5680,ok,
2026_07_21_gym,flight_98,32,782.64,166.3247,ok,
2026_07_21_gym,flight_98,33,765.98,151.2215,ok,
2026_07_21_gym,flight_98,34,749.33,146.7977,ok,
2026_07_21_gym,flight_98,35,732.68,162.1189,ok,
2026_07_21_gym,flight_98,36,716.03,164.0211,ok,
2026_07_21_gym,flight_98,37,699.38,149.1739,ok,
2026_07_21_gym,flight_98,38,682.73,140.6218,ok,
2026_07_21_gym,flight_98,39,666.07,137.8612,ok,
2026_07_21_gym,flight_98,40,649.42,123.8388,ok,
2026_07_21_gym,flight_98,41,632.77,115.2061,ok,
2026_07_21_gym,flight_98,42,616.12,112.4843,ok,
2026_07_21_gym,flight_98,43,582.81,114.1615,ok,
2026_07_21_gym,flight_98,44,566.16,107.2609,ok,
2026_07_21_gym,flight_98,45,549.51,113.8704,ok,
2026_07_21_gym,flight_98,46,532.86,111.8353,ok,
2026_07_21_gym,flight_98,47,516.21,113.1675,ok,
2026_07_21_gym,flight_98,48,499.55,116.7503,ok,
2026_07_21_gym,flight_98,49,482.90,120.1895,ok,
2026_07_21_gym,flight_98,50,466.25,118.9429,ok,
2026_07_21_gym,flight_98,51,449.60,122.1488,ok,
2026_07_21_gym,flight_98,52,432.95,119.9141,ok,
2026_07_21_gym,flight_98,53,416.30,118.9396,ok,
2026_07_21_gym,flight_98,54,399.64,122.3033,ok,
2026_07_21_gym,flight_98,55,382.99,122.5040,ok,
2026_07_21_gym,flight_98,56,366.34,121.9029,ok,
2026_07_21_gym,flight_98,57,349.69,121.4887,ok,
2026_07_21_gym,flight_98,58,333.04,121.4923,ok,
2026_07_21_gym,flight_98,59,316.39,121.9461,ok,
2026_07_21_gym,flight_98,60,299.73,129.2446,ok,
2026_07_21_gym,flight_98,61,283.08,126.7125,ok,
2026_07_21_gym,flight_98,62,266.43,121.7294,ok,
2026_07_21_gym,flight_98,63,249.78,119.7714,ok,
2026_07_21_gym,flight_98,64,233.13,114.9461,ok,
2026_07_21_gym,flight_98,65,216.47,121.2942,ok,
2026_07_21_gym,flight_98,66,199.82,120.6341,ok,
2026_07_21_gym,flight_98,67,183.17,116.5704,ok,
2026_07_21_gym,flight_98,68,166.52,110.4668,ok,
2026_07_21_gym,flight_98,69,149.87,108.9923,ok,
2026_07_21_gym,flight_98,70,133.21,107.2267,ok,
2026_07_21_gym,flight_98,71,116.56,105.1942,ok,
2026_07_21_gym,flight_98,72,99.91,97.0802,ok,
2026_07_21_gym,flight_98,73,83.26,97.7616,ok,
2026_07_21_gym,flight_98,74,66.61,96.3904,ok,
2026_07_21_gym,flight_98,75,49.96,99.7204,ok,
2026_07_21_gym,flight_98,76,33.30,99.1740,ok,
2026_07_21_gym,flight_98,77,16.65,93.7978,ok,
2026_07_21_gym,flight_99,3,1282.19,1218.2157,ok,
2026_07_21_gym,flight_99,4,1265.54,1673.6572,ok,
2026_07_21_gym,flight_99,5,1248.89,1379.4866,ok,
2026_07_21_gym,flight_99,6,1232.24,1094.5972,ok,
2026_07_21_gym,flight_99,7,1215.59,1322.3387,ok,
2026_07_21_gym,flight_99,8,1198.93,676.9554,ok,
2026_07_21_gym,flight_99,9,1182.28,545.2292,ok,
2026_07_21_gym,flight_99,10,1165.63,960.0828,ok,
2026_07_21_gym,flight_99,11,1148.98,399.4193,ok,
2026_07_21_gym,flight_99,12,1132.33,409.3581,ok,
2026_07_21_gym,flight_99,13,1115.67,573.5877,ok,
2026_07_21_gym,flight_99,14,1099.02,404.7957,ok,
2026_07_21_gym,flight_99,15,1082.37,286.1539,ok,
2026_07_21_gym,flight_99,16,1065.72,218.1821,ok,
2026_07_21_gym,flight_99,17,1049.07,223.3695,ok,
2026_07_21_gym,flight_99,18,1032.41,177.9835,ok,
2026_07_21_gym,flight_99,19,1015.76,115.4920,ok,
2026_07_21_gym,flight_99,20,999.11,126.6145,ok,
2026_07_21_gym,flight_99,21,982.46,101.7925,ok,
2026_07_21_gym,flight_99,22,965.81,94.8570,ok,
2026_07_21_gym,flight_99,23,949.16,165.7454,ok,
2026_07_21_gym,flight_99,24,932.50,142.9210,ok,
2026_07_21_gym,flight_99,25,915.85,133.4208,ok,
2026_07_21_gym,flight_99,26,899.20,111.5616,ok,
2026_07_21_gym,flight_99,27,882.55,81.0124,ok,
2026_07_21_gym,flight_99,28,865.90,50.5270,ok,
2026_07_21_gym,flight_99,29,849.25,41.8189,ok,
2026_07_21_gym,flight_99,30,832.59,32.7535,ok,
2026_07_21_gym,flight_99,31,815.94,36.7919,ok,
2026_07_21_gym,flight_99,32,799.29,78.2453,ok,
2026_07_21_gym,flight_99,33,782.64,68.7366,ok,
2026_07_21_gym,flight_99,34,765.99,58.8694,ok,
2026_07_21_gym,flight_99,35,749.33,74.0818,ok,
2026_07_21_gym,flight_99,36,732.68,71.3912,ok,
2026_07_21_gym,flight_99,37,716.03,135.5179,ok,
2026_07_21_gym,flight_99,38,699.38,239.3028,ok,
2026_07_21_gym,flight_99,39,682.73,240.6979,ok,
2026_07_21_gym,flight_99,40,666.07,228.1361,ok,
2026_07_21_gym,flight_99,41,649.42,197.4398,ok,
2026_07_21_gym,flight_99,42,632.77,178.3960,ok,
2026_07_21_gym,flight_99,43,616.12,169.9419,ok,
2026_07_21_gym,flight_99,44,599.47,171.9585,ok,
2026_07_21_gym,flight_99,45,582.81,174.2102,ok,
2026_07_21_gym,flight_99,46,566.16,158.4929,ok,
2026_07_21_gym,flight_99,47,549.51,146.4212,ok,
2026_07_21_gym,flight_99,48,532.86,144.0567,ok,
2026_07_21_gym,flight_99,49,516.21,143.7936,ok,
2026_07_21_gym,flight_99,50,499.56,137.6986,ok,
2026_07_21_gym,flight_99,51,482.90,127.9486,ok,
2026_07_21_gym,flight_99,52,466.25,119.2067,ok,
2026_07_21_gym,flight_99,53,449.60,116.0986,ok,
2026_07_21_gym,flight_99,54,432.95,110.5963,ok,
2026_07_21_gym,flight_99,55,416.30,109.0233,ok,
2026_07_21_gym,flight_99,56,399.65,108.5659,ok,
2026_07_21_gym,flight_99,57,382.99,126.9871,ok,
2026_07_21_gym,flight_99,58,366.34,114.5533,ok,
2026_07_21_gym,flight_99,59,349.69,105.0432,ok,
2026_07_21_gym,flight_99,60,333.04,98.0653,ok,
2026_07_21_gym,flight_99,61,316.39,99.8339,ok,
2026_07_21_gym,flight_99,62,299.73,99.6571,ok,
2026_07_21_gym,flight_99,63,283.08,99.5235,ok,
2026_07_21_gym,flight_99,64,266.43,100.6587,ok,
2026_07_21_gym,flight_99,65,249.78,93.1869,ok,
2026_07_21_gym,flight_99,66,233.13,82.6224,ok,
2026_07_21_gym,flight_99,67,216.47,76.6715,ok,
2026_07_21_gym,flight_99,68,199.82,71.0325,ok,
2026_07_21_gym,flight_99,69,183.17,75.9415,ok,
2026_07_21_gym,flight_99,70,166.52,66.0315,ok,
2026_07_21_gym,flight_99,71,149.87,66.0822,ok,
2026_07_21_gym,flight_99,72,133.22,61.3448,ok,
2026_07_21_gym,flight_99,73,116.56,55.3309,ok,
2026_07_21_gym,flight_99,74,99.91,47.0152,ok,
2026_07_21_gym,flight_99,75,83.26,57.9210,ok,
2026_07_21_gym,flight_99,76,66.61,70.8942,ok,
2026_07_21_gym,flight_99,77,49.96,66.6835,ok,
2026_07_21_gym,flight_99,78,33.30,59.0562,ok,
2026_07_21_gym,flight_99,79,16.65,57.8077,ok,
2026_07_21_gym,flight_100,3,1365.45,1837.1739,ok,
2026_07_21_gym,flight_100,4,1348.80,4586.1890,ok,
2026_07_21_gym,flight_100,5,1332.15,2681.1118,ok,
2026_07_21_gym,flight_100,6,1315.50,1123.6419,ok,
2026_07_21_gym,flight_100,7,1298.85,1253.1458,ok,
2026_07_21_gym,flight_100,8,1282.19,835.2565,ok,
2026_07_21_gym,flight_100,9,1265.54,535.5535,ok,
2026_07_21_gym,flight_100,10,1248.89,677.8412,ok,
2026_07_21_gym,flight_100,11,1232.24,476.4146,ok,
2026_07_21_gym,flight_100,12,1215.59,535.0366,ok,
2026_07_21_gym,flight_100,13,1198.93,312.8444,ok,
2026_07_21_gym,flight_100,14,1182.28,290.5325,ok,
2026_07_21_gym,flight_100,15,1165.63,305.6231,ok,
2026_07_21_gym,flight_100,16,1148.98,289.7140,ok,
2026_07_21_gym,flight_100,17,1132.33,290.4528,ok,
2026_07_21_gym,flight_100,18,1115.67,380.0659,ok,
2026_07_21_gym,flight_100,19,1099.02,240.0391,ok,
2026_07_21_gym,flight_100,20,1082.37,226.5636,ok,
2026_07_21_gym,flight_100,21,1065.72,216.1081,ok,
2026_07_21_gym,flight_100,22,1049.07,214.1585,ok,
2026_07_21_gym,flight_100,23,1032.41,208.2815,ok,
2026_07_21_gym,flight_100,24,1015.76,200.3425,ok,
2026_07_21_gym,flight_100,25,999.11,200.5301,ok,
2026_07_21_gym,flight_100,26,982.46,198.3169,ok,
2026_07_21_gym,flight_100,27,965.81,178.8091,ok,
2026_07_21_gym,flight_100,28,949.16,193.5382,ok,
2026_07_21_gym,flight_100,29,932.50,183.9927,ok,
2026_07_21_gym,flight_100,30,915.85,251.2818,ok,
2026_07_21_gym,flight_100,31,899.20,243.0469,ok,
2026_07_21_gym,flight_100,32,882.55,211.8637,ok,
2026_07_21_gym,flight_100,33,865.90,183.1185,ok,
2026_07_21_gym,flight_100,34,849.25,170.9285,ok,
2026_07_21_gym,flight_100,35,832.59,158.4727,ok,
2026_07_21_gym,flight_100,36,815.94,155.2102,ok,
2026_07_21_gym,flight_100,37,799.29,170.7494,ok,
2026_07_21_gym,flight_100,38,782.64,159.0732,ok,
2026_07_21_gym,flight_100,39,765.99,147.9521,ok,
2026_07_21_gym,flight_100,40,749.33,137.4978,ok,
2026_07_21_gym,flight_100,41,732.68,131.6304,ok,
2026_07_21_gym,flight_100,42,716.03,129.0887,ok,
2026_07_21_gym,flight_100,43,699.38,126.2216,ok,
2026_07_21_gym,flight_100,44,682.73,122.5635,ok,
2026_07_21_gym,flight_100,45,666.07,124.6552,ok,
2026_07_21_gym,flight_100,46,649.42,118.3217,ok,
2026_07_21_gym,flight_100,47,632.77,111.9080,ok,
2026_07_21_gym,flight_100,48,616.12,102.3157,ok,
2026_07_21_gym,flight_100,49,599.47,97.3034,ok,
2026_07_21_gym,flight_100,50,582.81,92.4153,ok,
2026_07_21_gym,flight_100,51,566.16,90.3443,ok,
2026_07_21_gym,flight_100,52,549.51,86.7087,ok,
2026_07_21_gym,flight_100,53,532.86,84.8189,ok,
2026_07_21_gym,flight_100,54,516.21,85.0465,ok,
2026_07_21_gym,flight_100,55,499.55,82.7579,ok,
2026_07_21_gym,flight_100,56,482.90,80.1500,ok,
2026_07_21_gym,flight_100,57,466.25,76.2634,ok,
2026_07_21_gym,flight_100,58,449.60,75.3377,ok,
2026_07_21_gym,flight_100,59,432.95,74.3366,ok,
2026_07_21_gym,flight_100,60,416.30,73.2578,ok,
2026_07_21_gym,flight_100,61,399.64,72.2688,ok,
2026_07_21_gym,flight_100,62,382.99,71.6165,ok,
2026_07_21_gym,flight_100,63,366.34,70.6736,ok,
2026_07_21_gym,flight_100,64,349.69,72.3458,ok,
2026_07_21_gym,flight_100,65,333.04,69.5335,ok,
2026_07_21_gym,flight_100,66,316.39,64.9417,ok,
2026_07_21_gym,flight_100,67,299.73,64.8026,ok,
2026_07_21_gym,flight_100,68,283.08,65.3205,ok,
2026_07_21_gym,flight_100,69,266.43,63.4218,ok,
2026_07_21_gym,flight_100,70,249.78,62.1097,ok,
2026_07_21_gym,flight_100,71,233.13,59.7877,ok,
2026_07_21_gym,flight_100,72,216.47,58.6937,ok,
2026_07_21_gym,flight_100,73,199.82,57.1030,ok,
2026_07_21_gym,flight_100,74,183.17,55.9944,ok,
2026_07_21_gym,flight_100,75,166.52,54.7296,ok,
2026_07_21_gym,flight_100,76,149.87,54.0270,ok,
2026_07_21_gym,flight_100,77,133.21,53.1654,ok,
2026_07_21_gym,flight_100,78,116.56,53.5530,ok,
2026_07_21_gym,flight_100,79,99.91,54.6105,ok,
2026_07_21_gym,flight_100,80,83.26,59.0110,ok,
2026_07_21_gym,flight_100,81,66.61,56.6689,ok,
2026_07_21_gym,flight_100,82,49.96,52.1394,ok,
2026_07_21_gym,flight_101,3,1148.98,126.6594,ok,
2026_07_21_gym,flight_101,4,1132.33,4300.9184,ok,
2026_07_21_gym,flight_101,5,1115.68,986.9398,ok,
2026_07_21_gym,flight_101,6,1099.02,447.3176,ok,
2026_07_21_gym,flight_101,7,1082.37,508.7804,ok,
2026_07_21_gym,flight_101,8,1065.72,900.0016,ok,
2026_07_21_gym,flight_101,9,1049.07,994.5388,ok,
2026_07_21_gym,flight_101,10,1032.42,1401.0759,ok,
2026_07_21_gym,flight_101,11,999.11,1356.2970,ok,
2026_07_21_gym,flight_101,12,982.46,750.5186,ok,
2026_07_21_gym,flight_101,13,965.81,645.5881,ok,
2026_07_21_gym,flight_101,14,949.16,945.7016,ok,
2026_07_21_gym,flight_101,15,932.50,856.3946,ok,
2026_07_21_gym,flight_101,16,915.85,760.5795,ok,
2026_07_21_gym,flight_101,17,899.20,641.4682,ok,
2026_07_21_gym,flight_101,18,882.55,523.5555,ok,
2026_07_21_gym,flight_101,19,865.90,440.2980,ok,
2026_07_21_gym,flight_101,20,849.24,356.2704,ok,
2026_07_21_gym,flight_101,21,832.59,282.4274,ok,
2026_07_21_gym,flight_101,22,815.94,231.1910,ok,
2026_07_21_gym,flight_101,23,799.29,206.1018,ok,
2026_07_21_gym,flight_101,24,782.64,194.2610,ok,
2026_07_21_gym,flight_101,25,765.99,189.9344,ok,
2026_07_21_gym,flight_101,26,749.33,174.6572,ok,
2026_07_21_gym,flight_101,27,732.68,130.8162,ok,
2026_07_21_gym,flight_101,28,716.03,120.6179,ok,
2026_07_21_gym,flight_101,29,699.38,114.6061,ok,
2026_07_21_gym,flight_101,30,682.73,108.5477,ok,
2026_07_21_gym,flight_101,31,666.07,109.4699,ok,
2026_07_21_gym,flight_101,32,649.42,114.0582,ok,
2026_07_21_gym,flight_101,33,632.77,121.5853,ok,
2026_07_21_gym,flight_101,34,616.12,133.4808,ok,
2026_07_21_gym,flight_101,35,599.47,184.4566,ok,
2026_07_21_gym,flight_101,36,582.81,164.3924,ok,
2026_07_21_gym,flight_101,37,566.16,149.3509,ok,
2026_07_21_gym,flight_101,38,549.51,153.8535,ok,
2026_07_21_gym,flight_101,39,532.86,152.5140,ok,
2026_07_21_gym,flight_101,40,516.21,142.9092,ok,
2026_07_21_gym,flight_101,41,499.56,132.6622,ok,
2026_07_21_gym,flight_101,42,482.90,128.3424,ok,
2026_07_21_gym,flight_101,43,466.25,124.8349,ok,
2026_07_21_gym,flight_101,44,449.60,124.2109,ok,
2026_07_21_gym,flight_101,45,432.95,113.2731,ok,
2026_07_21_gym,flight_101,46,416.30,110.7642,ok,
2026_07_21_gym,flight_101,47,399.64,110.0791,ok,
2026_07_21_gym,flight_101,48,382.99,108.4675,ok,
2026_07_21_gym,flight_101,49,366.34,93.6013,ok,
2026_07_21_gym,flight_101,50,349.69,90.6053,ok,
2026_07_21_gym,flight_101,51,333.04,86.5453,ok,
2026_07_21_gym,flight_101,52,316.38,73.4958,ok,
2026_07_21_gym,flight_101,53,299.73,68.3793,ok,
2026_07_21_gym,flight_101,54,283.08,68.3928,ok,
2026_07_21_gym,flight_101,55,266.43,70.6781,ok,
2026_07_21_gym,flight_101,56,249.78,90.3957,ok,
2026_07_21_gym,flight_101,57,233.13,76.0473,ok,
2026_07_21_gym,flight_101,58,216.47,74.4758,ok,
2026_07_21_gym,flight_101,59,199.82,75.5364,ok,
2026_07_21_gym,flight_101,60,183.17,68.3982,ok,
2026_07_21_gym,flight_101,61,166.52,61.5395,ok,
2026_07_21_gym,flight_101,62,149.87,59.6849,ok,
2026_07_21_gym,flight_101,63,133.22,60.7850,ok,
2026_07_21_gym,flight_101,64,116.56,62.2279,ok,
2026_07_21_gym,flight_101,65,99.91,61.1782,ok,
2026_07_21_gym,flight_101,66,83.26,45.9218,ok,
2026_07_21_gym,flight_101,67,66.61,39.1353,ok,
2026_07_21_gym,flight_101,68,49.95,34.5310,ok,
2026_07_21_gym,flight_101,69,33.30,37.7020,ok,
2026_07_21_gym,flight_101,70,16.65,36.4038,ok,
2026_07_21_gym,flight_102,3,1265.54,5097.8115,ok,
2026_07_21_gym,flight_102,4,1248.89,1039.3066,ok,
2026_07_21_gym,flight_102,5,1232.24,1237.0784,ok,
2026_07_21_gym,flight_102,6,1215.59,305.2017,ok,
2026_07_21_gym,flight_102,7,1198.94,170.7597,ok,
2026_07_21_gym,flight_102,8,1182.28,334.8103,ok,
2026_07_21_gym,flight_102,9,1165.63,258.4321,ok,
2026_07_21_gym,flight_102,10,1148.98,157.0254,ok,
2026_07_21_gym,flight_102,11,1132.33,144.3834,ok,
2026_07_21_gym,flight_102,12,1115.67,15.5720,ok,
2026_07_21_gym,flight_102,13,1099.03,16.9233,ok,
2026_07_21_gym,flight_102,14,1082.37,248.5695,ok,
2026_07_21_gym,flight_102,15,1065.72,137.0848,ok,
2026_07_21_gym,flight_102,16,1049.07,41.6155,ok,
2026_07_21_gym,flight_102,17,1032.42,102.3611,ok,
2026_07_21_gym,flight_102,18,1015.76,82.6168,ok,
2026_07_21_gym,flight_102,19,999.11,57.7263,ok,
2026_07_21_gym,flight_102,20,982.46,109.7269,ok,
2026_07_21_gym,flight_102,21,965.81,77.3018,ok,
2026_07_21_gym,flight_102,22,949.16,97.5358,ok,
2026_07_21_gym,flight_102,23,932.51,126.6421,ok,
2026_07_21_gym,flight_102,24,915.85,123.4886,ok,
2026_07_21_gym,flight_102,25,899.20,144.6150,ok,
2026_07_21_gym,flight_102,26,882.55,67.3844,ok,
2026_07_21_gym,flight_102,27,849.25,51.3986,ok,
2026_07_21_gym,flight_102,28,832.59,43.9008,ok,
2026_07_21_gym,flight_102,29,815.94,128.3673,ok,
2026_07_21_gym,flight_102,30,799.29,135.9969,ok,
2026_07_21_gym,flight_102,31,782.64,138.0434,ok,
2026_07_21_gym,flight_102,32,765.99,133.3717,ok,
2026_07_21_gym,flight_102,33,749.33,129.7771,ok,
2026_07_21_gym,flight_102,34,732.68,133.3967,ok,
2026_07_21_gym,flight_102,35,716.03,124.1899,ok,
2026_07_21_gym,flight_102,36,699.38,119.1317,ok,
2026_07_21_gym,flight_102,37,682.73,125.6564,ok,
2026_07_21_gym,flight_102,38,666.08,136.2880,ok,
2026_07_21_gym,flight_102,39,649.42,131.0155,ok,
2026_07_21_gym,flight_102,40,632.77,120.4426,ok,
2026_07_21_gym,flight_102,41,616.12,105.4877,ok,
2026_07_21_gym,flight_102,42,599.47,96.6456,ok,
2026_07_21_gym,flight_102,43,582.82,95.2524,ok,
2026_07_21_gym,flight_102,44,566.16,86.2511,ok,
2026_07_21_gym,flight_102,45,549.51,80.4068,ok,
2026_07_21_gym,flight_102,46,532.86,94.7506,ok,
2026_07_21_gym,flight_102,47,516.21,83.7047,ok,
2026_07_21_gym,flight_102,48,466.25,74.7706,ok,
2026_07_21_gym,flight_102,49,449.60,69.1609,ok,
2026_07_21_gym,flight_102,50,432.95,66.8007,ok,
2026_07_21_gym,flight_102,51,416.30,62.7361,ok,
2026_07_21_gym,flight_102,52,399.65,62.0282,ok,
2026_07_21_gym,flight_102,53,382.99,57.8997,ok,
2026_07_21_gym,flight_102,54,366.34,60.3817,ok,
2026_07_21_gym,flight_102,55,349.69,60.7716,ok,
2026_07_21_gym,flight_102,56,333.04,64.8718,ok,
2026_07_21_gym,flight_102,57,316.38,68.4504,ok,
2026_07_21_gym,flight_102,58,299.73,73.0495,ok,
2026_07_21_gym,flight_102,59,283.08,72.3334,ok,
2026_07_21_gym,flight_102,60,266.43,71.5476,ok,
2026_07_21_gym,flight_102,61,249.78,78.3192,ok,
2026_07_21_gym,flight_102,62,233.13,78.3528,ok,
2026_07_21_gym,flight_102,63,216.47,76.2245,ok,
2026_07_21_gym,flight_102,64,199.82,73.4203,ok,
2026_07_21_gym,flight_102,65,183.17,66.4872,ok,
2026_07_21_gym,flight_102,66,166.52,64.9856,ok,
2026_07_21_gym,flight_102,67,149.87,63.4054,ok,
2026_07_21_gym,flight_102,68,116.56,61.8871,ok,
2026_07_21_gym,flight_102,69,99.91,61.1195,ok,
2026_07_21_gym,flight_102,70,66.61,56.7055,ok,
2026_07_21_gym,flight_102,71,49.95,54.7507,ok,
2026_07_21_gym,flight_102,72,33.30,51.8844,ok,
2026_07_21_gym,flight_103,3,1215.59,4172.0418,ok,
2026_07_21_gym,flight_103,4,1198.94,2673.0308,ok,
2026_07_21_gym,flight_103,5,1182.29,2292.9381,ok,
2026_07_21_gym,flight_103,6,1165.63,3392.8080,ok,
2026_07_21_gym,flight_103,7,1148.98,2520.2897,ok,
2026_07_21_gym,flight_103,8,1115.68,1226.8973,ok,
2026_07_21_gym,flight_103,9,1099.03,1024.4238,ok,
2026_07_21_gym,flight_103,10,1082.38,857.2645,ok,
2026_07_21_gym,flight_103,11,1065.72,708.4815,ok,
2026_07_21_gym,flight_103,12,1049.07,339.6237,ok,
2026_07_21_gym,flight_103,13,1032.42,228.0713,ok,
2026_07_21_gym,flight_103,14,1015.77,249.2305,ok,
2026_07_21_gym,flight_103,15,999.12,218.1409,ok,
2026_07_21_gym,flight_103,16,982.47,304.1272,ok,
2026_07_21_gym,flight_103,17,965.81,306.5462,ok,
2026_07_21_gym,flight_103,18,949.16,207.1754,ok,
2026_07_21_gym,flight_103,19,932.51,276.3531,ok,
2026_07_21_gym,flight_103,20,915.86,265.5250,ok,
2026_07_21_gym,flight_103,21,899.20,210.9047,ok,
2026_07_21_gym,flight_103,22,882.55,453.5887,ok,
2026_07_21_gym,flight_103,23,865.90,393.6030,ok,
2026_07_21_gym,flight_103,24,849.25,304.5927,ok,
2026_07_21_gym,flight_103,25,832.60,293.0512,ok,
2026_07_21_gym,flight_103,26,815.95,236.3921,ok,
2026_07_21_gym,flight_103,27,799.29,204.7214,ok,
2026_07_21_gym,flight_103,28,782.64,182.8712,ok,
2026_07_21_gym,flight_103,29,765.99,164.5255,ok,
2026_07_21_gym,flight_103,30,749.34,142.6573,ok,
2026_07_21_gym,flight_103,31,732.69,120.2953,ok,
2026_07_21_gym,flight_103,32,716.03,114.0660,ok,
2026_07_21_gym,flight_103,33,699.38,109.6061,ok,
2026_07_21_gym,flight_103,34,682.73,101.8647,ok,
2026_07_21_gym,flight_103,35,666.08,100.5716,ok,
2026_07_21_gym,flight_103,36,649.43,123.7997,ok,
2026_07_21_gym,flight_103,37,632.78,128.3230,ok,
2026_07_21_gym,flight_103,38,616.12,79.2940,ok,
2026_07_21_gym,flight_103,39,582.82,84.3802,ok,
2026_07_21_gym,flight_103,40,566.17,83.9446,ok,
2026_07_21_gym,flight_103,41,549.51,91.9110,ok,
2026_07_21_gym,flight_103,42,532.86,101.8655,ok,
2026_07_21_gym,flight_103,43,516.21,127.3877,ok,
2026_07_21_gym,flight_103,44,499.56,138.4613,ok,
2026_07_21_gym,flight_103,45,482.91,129.8924,ok,
2026_07_21_gym,flight_103,46,466.25,125.7157,ok,
2026_07_21_gym,flight_103,47,449.60,123.9939,ok,
2026_07_21_gym,flight_103,48,432.95,101.6444,ok,
2026_07_21_gym,flight_103,49,416.30,95.2259,ok,
2026_07_21_gym,flight_103,50,399.64,88.7763,ok,
2026_07_21_gym,flight_103,51,383.00,87.0993,ok,
2026_07_21_gym,flight_103,52,366.34,88.5532,ok,
2026_07_21_gym,flight_103,53,333.04,87.6885,ok,
2026_07_21_gym,flight_103,54,316.39,91.1915,ok,
2026_07_21_gym,flight_103,55,283.08,81.3218,ok,
2026_07_21_gym,flight_103,56,266.43,76.8490,ok,
2026_07_21_gym,flight_103,57,249.78,79.2856,ok,
2026_07_21_gym,flight_103,58,233.13,76.7534,ok,
2026_07_21_gym,flight_103,59,216.48,72.6978,ok,
2026_07_21_gym,flight_103,60,199.82,59.1799,ok,
2026_07_21_gym,flight_103,61,183.17,57.3180,ok,
2026_07_21_gym,flight_103,62,166.51,54.8468,ok,
2026_07_21_gym,flight_103,63,149.87,54.6263,ok,
2026_07_21_gym,flight_103,64,133.22,53.5489,ok,
2026_07_21_gym,flight_103,65,116.57,52.6494,ok,
2026_07_21_gym,flight_103,66,99.91,47.6965,ok,
2026_07_21_gym,flight_103,67,83.26,46.6608,ok,
2026_07_21_gym,flight_103,68,66.60,56.0032,ok,
2026_07_21_gym,flight_103,69,33.30,54.0981,ok,
2026_07_21_gym,flight_103,70,16.65,36.3364,ok,
2026_07_21_gym,flight_104,3,1348.81,1265.2554,ok,
2026_07_21_gym,flight_104,4,1332.15,2785.5776,ok,
2026_07_21_gym,flight_104,5,1315.50,2748.7594,ok,
2026_07_21_gym,flight_104,6,1298.85,1055.3942,ok,
2026_07_21_gym,flight_104,7,1282.20,1235.8992,ok,
2026_07_21_gym,flight_104,8,1265.55,1049.3671,ok,
2026_07_21_gym,flight_104,9,1232.24,801.9390,ok,
2026_07_21_gym,flight_104,10,1215.59,654.9773,ok,
2026_07_21_gym,flight_104,11,1198.93,432.3731,ok,
2026_07_21_gym,flight_104,12,1182.29,412.3694,ok,
2026_07_21_gym,flight_104,13,1165.63,309.3207,ok,
2026_07_21_gym,flight_104,14,1148.98,270.0794,ok,
2026_07_21_gym,flight_104,15,1132.33,258.1190,ok,
2026_07_21_gym,flight_104,16,1115.68,226.2148,ok,
2026_07_21_gym,flight_104,17,1099.02,343.9114,ok,
2026_07_21_gym,flight_104,18,1082.37,281.8291,ok,
2026_07_21_gym,flight_104,19,1065.72,295.9706,ok,
2026_07_21_gym,flight_104,20,1049.07,239.2402,ok,
2026_07_21_gym,flight_104,21,1032.42,188.4027,ok,
2026_07_21_gym,flight_104,22,1015.77,215.2414,ok,
2026_07_21_gym,flight_104,23,999.11,217.7553,ok,
2026_07_21_gym,flight_104,24,982.46,204.5266,ok,
2026_07_21_gym,flight_104,25,965.81,190.6565,ok,
2026_07_21_gym,flight_104,26,949.16,187.3678,ok,
2026_07_21_gym,flight_104,27,932.51,134.3000,ok,
2026_07_21_gym,flight_104,28,915.85,153.2269,ok,
2026_07_21_gym,flight_104,29,899.20,181.6583,ok,
2026_07_21_gym,flight_104,30,882.55,110.7990,ok,
2026_07_21_gym,flight_104,31,865.90,96.9854,ok,
2026_07_21_gym,flight_104,32,849.25,94.9663,ok,
2026_07_21_gym,flight_104,33,832.60,198.2218,ok,
2026_07_21_gym,flight_104,34,815.94,184.3500,ok,
2026_07_21_gym,flight_104,35,799.29,144.4082,ok,
2026_07_21_gym,flight_104,36,782.64,128.2248,ok,
2026_07_21_gym,flight_104,37,765.99,124.3082,ok,
2026_07_21_gym,flight_104,38,749.34,123.3786,ok,
2026_07_21_gym,flight_104,39,732.69,104.7326,ok,
2026_07_21_gym,flight_104,40,716.03,99.9809,ok,
2026_07_21_gym,flight_104,41,699.38,87.2126,ok,
2026_07_21_gym,flight_104,42,682.73,75.2696,ok,
2026_07_21_gym,flight_104,43,666.08,65.0400,ok,
2026_07_21_gym,flight_104,44,649.43,56.1861,ok,
2026_07_21_gym,flight_104,45,632.77,44.2652,ok,
2026_07_21_gym,flight_104,46,616.12,36.6102,ok,
2026_07_21_gym,flight_104,47,599.47,33.2667,ok,
2026_07_21_gym,flight_104,48,582.82,31.1274,ok,
2026_07_21_gym,flight_104,49,566.17,30.7434,ok,
2026_07_21_gym,flight_104,50,549.51,45.2695,ok,
2026_07_21_gym,flight_104,51,532.86,44.8556,ok,
2026_07_21_gym,flight_104,52,516.21,34.3920,ok,
2026_07_21_gym,flight_104,53,499.56,14.6628,ok,
2026_07_21_gym,flight_104,54,482.91,14.4012,ok,
2026_07_21_gym,flight_104,55,449.60,12.8462,ok,
2026_07_21_gym,flight_104,56,432.95,11.7636,ok,
2026_07_21_gym,flight_104,57,416.29,11.6751,ok,
2026_07_21_gym,flight_104,58,399.64,12.7481,ok,
2026_07_21_gym,flight_104,59,383.00,12.4140,ok,
2026_07_21_gym,flight_104,60,366.34,15.7592,ok,
2026_07_21_gym,flight_104,61,349.69,15.7265,ok,
2026_07_21_gym,flight_104,62,333.04,20.5161,ok,
2026_07_21_gym,flight_104,63,316.38,20.8982,ok,
2026_07_21_gym,flight_104,64,299.73,29.7147,ok,
2026_07_21_gym,flight_104,65,283.08,33.5635,ok,
2026_07_21_gym,flight_104,66,266.43,35.9487,ok,
2026_07_21_gym,flight_104,67,249.78,38.2279,ok,
2026_07_21_gym,flight_104,68,233.13,34.0177,ok,
2026_07_21_gym,flight_104,69,216.47,31.8935,ok,
2026_07_21_gym,flight_104,70,199.82,31.9528,ok,
2026_07_21_gym,flight_104,71,183.17,28.2826,ok,
2026_07_21_gym,flight_104,72,166.52,38.3139,ok,
2026_07_21_gym,flight_104,73,149.87,42.3544,ok,
2026_07_21_gym,flight_104,74,133.22,50.4052,ok,
2026_07_21_gym,flight_104,75,116.56,43.7368,ok,
2026_07_21_gym,flight_104,76,99.91,43.8717,ok,
2026_07_21_gym,flight_104,77,83.26,42.8242,ok,
2026_07_21_gym,flight_104,78,66.61,45.4720,ok,
2026_07_21_gym,flight_104,79,49.96,45.7119,ok,
2026_07_21_gym,flight_104,80,33.31,46.0687,ok,
2026_07_21_gym,flight_104,81,16.65,47.6068,ok,
2026_07_21_gym,flight_105,3,1315.50,6278.4930,ok,
2026_07_21_gym,flight_105,4,1298.85,5783.0356,ok,
2026_07_21_gym,flight_105,5,1282.20,2364.2120,ok,
2026_07_21_gym,flight_105,6,1265.55,2607.4160,ok,
2026_07_21_gym,flight_105,7,1248.90,1748.7225,ok,
2026_07_21_gym,flight_105,8,1232.24,1378.2690,ok,
2026_07_21_gym,flight_105,9,1215.59,1550.9549,ok,
2026_07_21_gym,flight_105,10,1198.94,716.5961,ok,
2026_07_21_gym,flight_105,11,1182.29,495.2236,ok,
2026_07_21_gym,flight_105,12,1165.63,565.0963,ok,
2026_07_21_gym,flight_105,13,1148.98,282.6849,ok,
2026_07_21_gym,flight_105,14,1132.33,592.5378,ok,
2026_07_21_gym,flight_105,15,1115.68,531.2481,ok,
2026_07_21_gym,flight_105,16,1099.03,468.9263,ok,
2026_07_21_gym,flight_105,17,1082.38,487.3851,ok,
2026_07_21_gym,flight_105,18,1065.72,468.4708,ok,
2026_07_21_gym,flight_105,19,1049.07,403.3231,ok,
2026_07_21_gym,flight_105,20,1032.42,365.7124,ok,
2026_07_21_gym,flight_105,21,1015.77,337.5250,ok,
2026_07_21_gym,flight_105,22,999.12,277.1720,ok,
2026_07_21_gym,flight_105,23,982.47,248.5902,ok,
2026_07_21_gym,flight_105,24,965.81,239.8631,ok,
2026_07_21_gym,flight_105,25,949.16,173.3889,ok,
2026_07_21_gym,flight_105,26,932.51,168.9861,ok,
2026_07_21_gym,flight_105,27,915.86,216.9349,ok,
2026_07_21_gym,flight_105,28,899.20,194.1456,ok,
2026_07_21_gym,flight_105,29,882.55,208.0983,ok,
2026_07_21_gym,flight_105,30,865.90,191.9157,ok,
2026_07_21_gym,flight_105,31,849.25,158.7170,ok,
2026_07_21_gym,flight_105,32,832.60,137.4288,ok,
2026_07_21_gym,flight_105,33,815.94,134.2424,ok,
2026_07_21_gym,flight_105,34,799.29,110.1187,ok,
2026_07_21_gym,flight_105,35,782.64,112.5399,ok,
2026_07_21_gym,flight_105,36,765.99,119.1893,ok,
2026_07_21_gym,flight_105,37,749.34,143.4735,ok,
2026_07_21_gym,flight_105,38,732.69,171.7180,ok,
2026_07_21_gym,flight_105,39,716.03,165.7697,ok,
2026_07_21_gym,flight_105,40,699.38,142.2808,ok,
2026_07_21_gym,flight_105,41,682.73,114.4677,ok,
2026_07_21_gym,flight_105,42,666.08,100.5518,ok,
2026_07_21_gym,flight_105,43,649.43,88.8291,ok,
2026_07_21_gym,flight_105,44,632.78,109.9470,ok,
2026_07_21_gym,flight_105,45,616.12,107.5631,ok,
2026_07_21_gym,flight_105,46,599.47,116.2623,ok,
2026_07_21_gym,flight_105,47,582.82,98.3380,ok,
2026_07_21_gym,flight_105,48,566.17,90.8809,ok,
2026_07_21_gym,flight_105,49,549.52,83.3181,ok,
2026_07_21_gym,flight_105,50,532.86,96.9159,ok,
2026_07_21_gym,flight_105,51,516.21,97.6817,ok,
2026_07_21_gym,flight_105,52,499.56,100.7223,ok,
2026_07_21_gym,flight_105,53,482.91,96.4998,ok,
2026_07_21_gym,flight_105,54,466.25,87.3989,ok,
2026_07_21_gym,flight_105,55,449.60,91.5996,ok,
2026_07_21_gym,flight_105,56,432.95,79.7257,ok,
2026_07_21_gym,flight_105,57,416.30,75.2948,ok,
2026_07_21_gym,flight_105,58,399.65,77.2655,ok,
2026_07_21_gym,flight_105,59,383.00,80.1498,ok,
2026_07_21_gym,flight_105,60,366.34,94.4914,ok,
2026_07_21_gym,flight_105,61,349.69,85.5598,ok,
2026_07_21_gym,flight_105,62,333.04,79.1413,ok,
2026_07_21_gym,flight_105,63,316.39,68.6357,ok,
2026_07_21_gym,flight_105,64,299.73,64.6727,ok,
2026_07_21_gym,flight_105,65,283.09,59.7959,ok,
2026_07_21_gym,flight_105,66,266.43,57.5368,ok,
2026_07_21_gym,flight_105,67,249.78,52.1031,ok,
2026_07_21_gym,flight_105,68,233.13,57.6990,ok,
2026_07_21_gym,flight_105,69,216.48,61.5741,ok,
2026_07_21_gym,flight_105,70,199.82,62.5116,ok,
2026_07_21_gym,flight_105,71,183.17,61.8612,ok,
2026_07_21_gym,flight_105,72,166.52,64.4845,ok,
2026_07_21_gym,flight_105,73,149.87,60.8963,ok,
2026_07_21_gym,flight_105,74,133.22,57.5674,ok,
2026_07_21_gym,flight_105,75,116.56,56.8035,ok,
2026_07_21_gym,flight_105,76,99.91,55.8378,ok,
2026_07_21_gym,flight_105,77,83.26,51.5328,ok,
2026_07_21_gym,flight_105,78,66.61,48.0090,ok,
2026_07_21_gym,flight_105,79,49.96,52.0353,ok,
2026_07_21_gym,flight_105,80,33.31,52.6442,ok,
2026_07_21_gym,flight_105,81,16.65,46.2373,ok,
2026_07_21_gym,flight_106,3,1432.07,592.2660,ok,
2026_07_21_gym,flight_106,4,1415.42,1901.7229,ok,
2026_07_21_gym,flight_106,5,1398.77,4086.0510,ok,
2026_07_21_gym,flight_106,6,1382.12,2537.3781,ok,
2026_07_21_gym,flight_106,7,1365.46,618.1573,ok,
2026_07_21_gym,flight_106,8,1348.81,480.3786,ok,
2026_07_21_gym,flight_106,9,1332.16,654.6150,ok,
2026_07_21_gym,flight_106,10,1315.51,428.3404,ok,
2026_07_21_gym,flight_106,11,1298.86,824.4054,ok,
2026_07_21_gym,flight_106,12,1282.21,622.2941,ok,
2026_07_21_gym,flight_106,13,1265.55,443.5974,ok,
2026_07_21_gym,flight_106,14,1248.90,666.6984,ok,
2026_07_21_gym,flight_106,15,1232.25,463.6532,ok,
2026_07_21_gym,flight_106,16,1215.60,272.9907,ok,
2026_07_21_gym,flight_106,17,1198.94,488.4024,ok,
2026_07_21_gym,flight_106,18,1182.29,285.3790,ok,
2026_07_21_gym,flight_106,19,1165.64,324.8408,ok,
2026_07_21_gym,flight_106,20,1148.99,256.0131,ok,
2026_07_21_gym,flight_106,21,1132.34,242.6446,ok,
2026_07_21_gym,flight_106,22,1115.69,233.7127,ok,
2026_07_21_gym,flight_106,23,1099.03,232.0187,ok,
2026_07_21_gym,flight_106,24,1082.38,221.1869,ok,
2026_07_21_gym,flight_106,25,1065.73,209.9304,ok,
2026_07_21_gym,flight_106,26,1049.08,206.8605,ok,
2026_07_21_gym,flight_106,27,1032.42,265.4248,ok,
2026_07_21_gym,flight_106,28,1015.77,299.9008,ok,
2026_07_21_gym,flight_106,29,999.12,305.8815,ok,
2026_07_21_gym,flight_106,30,982.47,296.2803,ok,
2026_07_21_gym,flight_106,31,965.82,292.4980,ok,
2026_07_21_gym,flight_106,32,949.17,324.0851,ok,
2026_07_21_gym,flight_106,33,932.51,312.8263,ok,
2026_07_21_gym,flight_106,34,915.86,307.3195,ok,
2026_07_21_gym,flight_106,35,899.21,317.3089,ok,
2026_07_21_gym,flight_106,36,882.56,301.6625,ok,
2026_07_21_gym,flight_106,37,865.90,310.7857,ok,
2026_07_21_gym,flight_106,38,849.25,323.5216,ok,
2026_07_21_gym,flight_106,39,832.60,290.4736,ok,
2026_07_21_gym,flight_106,40,815.95,276.3689,ok,
2026_07_21_gym,flight_106,41,799.30,275.7593,ok,
2026_07_21_gym,flight_106,42,782.64,279.1443,ok,
2026_07_21_gym,flight_106,43,765.99,256.8322,ok,
2026_07_21_gym,flight_106,44,749.34,255.4177,ok,
2026_07_21_gym,flight_106,45,732.69,246.2292,ok,
2026_07_21_gym,flight_106,46,716.04,245.3312,ok,
2026_07_21_gym,flight_106,47,699.39,232.5757,ok,
2026_07_21_gym,flight_106,48,682.73,223.5703,ok,
2026_07_21_gym,flight_106,49,666.08,237.6421,ok,
2026_07_21_gym,flight_106,50,649.43,234.3296,ok,
2026_07_21_gym,flight_106,51,632.77,214.7496,ok,
2026_07_21_gym,flight_106,52,616.13,209.5891,ok,
2026_07_21_gym,flight_106,53,599.47,208.8016,ok,
2026_07_21_gym,flight_106,54,582.82,209.6731,ok,
2026_07_21_gym,flight_106,55,566.17,206.3319,ok,
2026_07_21_gym,flight_106,56,549.52,203.8358,ok,
2026_07_21_gym,flight_106,57,532.86,212.6392,ok,
2026_07_21_gym,flight_106,58,516.22,215.0241,ok,
2026_07_21_gym,flight_106,59,499.56,220.8070,ok,
2026_07_21_gym,flight_106,60,482.91,248.4999,ok,
2026_07_21_gym,flight_106,61,432.95,255.2570,ok,
2026_07_21_gym,flight_106,62,416.30,244.8808,ok,
2026_07_21_gym,flight_106,63,399.65,239.5747,ok,
2026_07_21_gym,flight_106,64,382.99,234.8877,ok,
2026_07_21_gym,flight_106,65,366.34,234.9712,ok,
2026_07_21_gym,flight_106,66,349.69,232.2178,ok,
2026_07_21_gym,flight_106,67,333.04,229.0124,ok,
2026_07_21_gym,flight_106,68,316.39,223.1839,ok,
2026_07_21_gym,flight_106,69,299.74,215.2105,ok,
2026_07_21_gym,flight_106,70,283.08,206.9232,ok,
2026_07_21_gym,flight_106,71,266.43,208.0527,ok,
2026_07_21_gym,flight_106,72,249.78,213.5534,ok,
2026_07_21_gym,flight_106,73,233.13,213.0431,ok,
2026_07_21_gym,flight_106,74,216.48,214.4103,ok,
2026_07_21_gym,flight_106,75,199.83,209.4862,ok,
2026_07_21_gym,flight_106,76,183.17,199.9438,ok,
2026_07_21_gym,flight_106,77,149.87,198.9678,ok,
2026_07_21_gym,flight_106,78,133.21,207.3008,ok,
2026_07_21_gym,flight_106,79,99.91,206.9562,ok,
2026_07_21_gym,flight_106,80,83.26,199.1624,ok,
2026_07_21_gym,flight_106,81,49.96,203.5601,ok,
2026_07_21_gym,flight_106,82,33.30,198.5861,ok,
2026_07_21_gym,flight_107,3,1232.25,7406.0573,ok,
2026_07_21_gym,flight_107,4,1215.60,2759.7337,ok,
2026_07_21_gym,flight_107,5,1198.94,1803.8185,ok,
2026_07_21_gym,flight_107,6,1182.29,2562.8692,ok,
2026_07_21_gym,flight_107,7,1165.64,1575.6056,ok,
2026_07_21_gym,flight_107,8,1148.99,888.1869,ok,
2026_07_21_gym,flight_107,9,1132.34,707.7547,ok,
2026_07_21_gym,flight_107,10,1115.68,453.8423,ok,
2026_07_21_gym,flight_107,11,1099.03,516.6309,ok,
2026_07_21_gym,flight_107,12,1082.38,576.5418,ok,
2026_07_21_gym,flight_107,13,1065.73,332.0440,ok,
2026_07_21_gym,flight_107,14,1049.08,205.6979,ok,
2026_07_21_gym,flight_107,15,1032.42,390.9092,ok,
2026_07_21_gym,flight_107,16,1015.77,215.7326,ok,
2026_07_21_gym,flight_107,17,999.12,414.4857,ok,
2026_07_21_gym,flight_107,18,982.47,227.4741,ok,
2026_07_21_gym,flight_107,19,965.82,200.1211,ok,
2026_07_21_gym,flight_107,20,949.16,201.4113,ok,
2026_07_21_gym,flight_107,21,932.51,190.2570,ok,
2026_07_21_gym,flight_107,22,915.86,188.8966,ok,
2026_07_21_gym,flight_107,23,899.21,167.9552,ok,
2026_07_21_gym,flight_107,24,882.56,151.5437,ok,
2026_07_21_gym,flight_107,25,865.90,150.9146,ok,
2026_07_21_gym,flight_107,26,849.25,152.7344,ok,
2026_07_21_gym,flight_107,27,832.60,156.1794,ok,
2026_07_21_gym,flight_107,28,815.95,154.5897,ok,
2026_07_21_gym,flight_107,29,799.30,156.5258,ok,
2026_07_21_gym,flight_107,30,782.64,177.7185,ok,
2026_07_21_gym,flight_107,31,765.99,180.0295,ok,
2026_07_21_gym,flight_107,32,749.34,164.4542,ok,
2026_07_21_gym,flight_107,33,732.69,166.6547,ok,
2026_07_21_gym,flight_107,34,716.04,157.3663,ok,
2026_07_21_gym,flight_107,35,699.38,161.5407,ok,
2026_07_21_gym,flight_107,36,682.73,192.7916,ok,
2026_07_21_gym,flight_107,37,666.08,226.9124,ok,
2026_07_21_gym,flight_107,38,632.78,235.9892,ok,
2026_07_21_gym,flight_107,39,616.12,242.5846,ok,
2026_07_21_gym,flight_107,40,599.47,218.9779,ok,
2026_07_21_gym,flight_107,41,582.82,199.3666,ok,
2026_07_21_gym,flight_107,42,566.17,183.7835,ok,
2026_07_21_gym,flight_107,43,549.52,184.5735,ok,
2026_07_21_gym,flight_107,44,532.86,173.3238,ok,
2026_07_21_gym,flight_107,45,516.21,159.4059,ok,
2026_07_21_gym,flight_107,46,499.56,165.4747,ok,
2026_07_21_gym,flight_107,47,482.91,154.5818,ok,
2026_07_21_gym,flight_107,48,466.25,145.7242,ok,
2026_07_21_gym,flight_107,49,449.60,145.3281,ok,
2026_07_21_gym,flight_107,50,432.95,134.4343,ok,
2026_07_21_gym,flight_107,51,416.30,130.8112,ok,
2026_07_21_gym,flight_107,52,399.65,123.3836,ok,
2026_07_21_gym,flight_107,53,383.00,113.7428,ok,
2026_07_21_gym,flight_107,54,366.34,110.1568,ok,
2026_07_21_gym,flight_107,55,349.69,112.1252,ok,
2026_07_21_gym,flight_107,56,333.04,112.1098,ok,
2026_07_21_gym,flight_107,57,299.73,110.5134,ok,
2026_07_21_gym,flight_107,58,283.08,110.3090,ok,
2026_07_21_gym,flight_107,59,266.43,108.0849,ok,
2026_07_21_gym,flight_107,60,249.78,122.3233,ok,
2026_07_21_gym,flight_107,61,233.13,115.8307,ok,
2026_07_21_gym,flight_107,62,216.48,111.6389,ok,
2026_07_21_gym,flight_107,63,199.82,115.2546,ok,
2026_07_21_gym,flight_107,64,183.17,103.9724,ok,
2026_07_21_gym,flight_107,65,166.52,93.4646,ok,
2026_07_21_gym,flight_107,66,149.87,87.5407,ok,
2026_07_21_gym,flight_107,67,133.22,81.6520,ok,
2026_07_21_gym,flight_107,68,116.56,76.5192,ok,
2026_07_21_gym,flight_107,69,99.91,84.7841,ok,
2026_07_21_gym,flight_107,70,83.26,78.4141,ok,
2026_07_21_gym,flight_107,71,66.61,66.2412,ok,
2026_07_21_gym,flight_107,72,49.96,67.1180,ok,
2026_07_21_gym,flight_107,73,33.30,65.7920,ok,
2026_07_21_gym,flight_107,74,16.65,62.0437,ok,
2026_07_21_gym,flight_108,3,1265.55,7579.3977,ok,
2026_07_21_gym,flight_108,4,1248.90,3160.0999,ok,
2026_07_21_gym,flight_108,5,1232.25,727.1967,ok,
2026_07_21_gym,flight_108,6,1215.60,1202.6956,ok,
2026_07_21_gym,flight_108,7,1198.94,2045.1263,ok,
2026_07_21_gym,flight_108,8,1182.29,1134.2070,ok,
2026_07_21_gym,flight_108,9,1165.64,796.0958,ok,
2026_07_21_gym,flight_108,10,1148.99,828.5165,ok,
2026_07_21_gym,flight_108,11,1132.34,457.9209,ok,
2026_07_21_gym,flight_108,12,1115.68,349.7144,ok,
2026_07_21_gym,flight_108,13,1099.03,771.3357,ok,
2026_07_21_gym,flight_108,14,1082.38,458.6582,ok,
2026_07_21_gym,flight_108,15,1065.73,417.9273,ok,
2026_07_21_gym,flight_108,16,1049.07,315.8318,ok,
2026_07_21_gym,flight_108,17,1032.42,322.4126,ok,
2026_07_21_gym,flight_108,18,1015.77,431.5332,ok,
2026_07_21_gym,flight_108,19,999.12,408.9742,ok,
2026_07_21_gym,flight_108,20,982.47,275.3955,ok,
2026_07_21_gym,flight_108,21,965.82,209.7024,ok,
2026_07_21_gym,flight_108,22,949.16,173.3695,ok,
2026_07_21_gym,flight_108,23,932.51,121.2498,ok,
2026_07_21_gym,flight_108,24,915.86,154.6388,ok,
2026_07_21_gym,flight_108,25,899.21,222.0722,ok,
2026_07_21_gym,flight_108,26,882.56,105.7200,ok,
2026_07_21_gym,flight_108,27,865.90,169.9521,ok,
2026_07_21_gym,flight_108,28,849.25,168.4590,ok,
2026_07_21_gym,flight_108,29,832.60,135.7477,ok,
2026_07_21_gym,flight_108,30,815.95,145.2821,ok,
2026_07_21_gym,flight_108,31,782.64,70.4376,ok,
2026_07_21_gym,flight_108,32,765.99,152.1283,ok,
2026_07_21_gym,flight_108,33,749.34,154.3781,ok,
2026_07_21_gym,flight_108,34,732.69,150.5051,ok,
2026_07_21_gym,flight_108,35,716.03,136.2021,ok,
2026_07_21_gym,flight_108,36,699.38,133.9135,ok,
2026_07_21_gym,flight_108,37,682.73,127.1245,ok,
2026_07_21_gym,flight_108,38,666.08,118.9592,ok,
2026_07_21_gym,flight_108,39,649.43,127.3181,ok,
2026_07_21_gym,flight_108,40,632.78,96.5597,ok,
2026_07_21_gym,flight_108,41,616.12,119.1652,ok,
2026_07_21_gym,flight_108,42,599.47,110.7323,ok,
2026_07_21_gym,flight_108,43,582.82,103.9458,ok,
2026_07_21_gym,flight_108,44,566.17,108.5219,ok,
2026_07_21_gym,flight_108,45,549.51,117.5420,ok,
2026_07_21_gym,flight_108,46,532.86,114.9910,ok,
2026_07_21_gym,flight_108,47,516.21,96.6767,ok,
2026_07_21_gym,flight_108,48,499.56,88.6058,ok,
2026_07_21_gym,flight_108,49,482.91,100.7050,ok,
2026_07_21_gym,flight_108,50,466.26,88.2918,ok,
2026_07_21_gym,flight_108,51,449.60,81.7391,ok,
2026_07_21_gym,flight_108,52,432.95,83.4846,ok,
2026_07_21_gym,flight_108,53,416.30,71.0652,ok,
2026_07_21_gym,flight_108,54,399.65,68.2573,ok,
2026_07_21_gym,flight_108,55,382.99,64.3942,ok,
2026_07_21_gym,flight_108,56,366.34,67.7445,ok,
2026_07_21_gym,flight_108,57,349.69,67.5855,ok,
2026_07_21_gym,flight_108,58,333.04,71.4105,ok,
2026_07_21_gym,flight_108,59,316.39,65.9248,ok,
2026_07_21_gym,flight_108,60,299.74,68.1263,ok,
2026_07_21_gym,flight_108,61,283.08,65.2146,ok,
2026_07_21_gym,flight_108,62,266.43,64.3820,ok,
2026_07_21_gym,flight_108,63,249.78,61.1426,ok,
2026_07_21_gym,flight_108,64,233.13,59.1187,ok,
2026_07_21_gym,flight_108,65,216.47,59.9272,ok,
2026_07_21_gym,flight_108,66,199.82,58.0483,ok,
2026_07_21_gym,flight_108,67,183.17,55.8780,ok,
2026_07_21_gym,flight_108,68,166.52,53.4735,ok,
2026_07_21_gym,flight_108,69,149.87,50.6501,ok,
2026_07_21_gym,flight_108,70,133.22,55.9846,ok,
2026_07_21_gym,flight_108,71,116.56,50.2884,ok,
2026_07_21_gym,flight_108,72,99.91,52.5024,ok,
2026_07_21_gym,flight_108,73,83.26,53.2152,ok,
2026_07_21_gym,flight_108,74,49.95,52.9794,ok,
2026_07_21_gym,flight_108,75,33.30,45.6426,ok,
2026_07_21_gym,flight_108,76,16.65,48.7975,ok,
2026_07_21_gym,flight_109,3,1332.16,925.5810,ok,
2026_07_21_gym,flight_109,4,1315.51,1428.4087,ok,
2026_07_21_gym,flight_109,5,1298.86,483.2126,ok,
2026_07_21_gym,flight_109,6,1282.20,915.2190,ok,
2026_07_21_gym,flight_109,7,1265.55,1082.0725,ok,
2026_07_21_gym,flight_109,8,1248.90,911.8824,ok,
2026_07_21_gym,flight_109,9,1232.25,811.0723,ok,
2026_07_21_gym,flight_109,10,1215.60,609.9551,ok,
2026_07_21_gym,flight_109,11,1198.94,488.5104,ok,
2026_07_21_gym,flight_109,12,1182.29,629.2805,ok,
2026_07_21_gym,flight_109,13,1165.64,464.3280,ok,
2026_07_21_gym,flight_109,14,1148.99,302.2807,ok,
2026_07_21_gym,flight_109,15,1132.34,413.6923,ok,
2026_07_21_gym,flight_109,16,1115.68,353.8058,ok,
2026_07_21_gym,flight_109,17,1099.03,301.0302,ok,
2026_07_21_gym,flight_109,18,1082.38,429.8484,ok,
2026_07_21_gym,flight_109,19,1065.73,351.5725,ok,
2026_07_21_gym,flight_109,20,1049.08,361.3077,ok,
2026_07_21_gym,flight_109,21,1032.43,324.9114,ok,
2026_07_21_gym,flight_109,22,1015.77,294.5943,ok,
2026_07_21_gym,flight_109,23,999.12,237.8770,ok,
2026_07_21_gym,flight_109,24,982.47,284.3920,ok,
2026_07_21_gym,flight_109,25,965.82,296.5631,ok,
2026_07_21_gym,flight_109,26,949.16,264.0806,ok,
2026_07_21_gym,flight_109,27,932.51,251.8842,ok,
2026_07_21_gym,flight_109,28,915.86,237.7230,ok,
2026_07_21_gym,flight_109,29,899.21,213.3161,ok,
2026_07_21_gym,flight_109,30,882.56,231.0045,ok,
2026_07_21_gym,flight_109,31,865.90,233.7864,ok,
2026_07_21_gym,flight_109,32,849.25,259.8969,ok,
2026_07_21_gym,flight_109,33,832.60,244.5427,ok,
2026_07_21_gym,flight_109,34,815.95,206.4949,ok,
2026_07_21_gym,flight_109,35,799.30,193.9618,ok,
2026_07_21_gym,flight_109,36,782.64,188.7480,ok,
2026_07_21_gym,flight_109,37,765.99,191.7902,ok,
2026_07_21_gym,flight_109,38,749.34,181.0743,ok,
2026_07_21_gym,flight_109,39,732.69,184.7074,ok,
2026_07_21_gym,flight_109,40,716.04,176.4750,ok,
2026_07_21_gym,flight_109,41,699.38,180.8079,ok,
2026_07_21_gym,flight_109,42,682.73,181.0747,ok,
2026_07_21_gym,flight_109,43,666.08,174.6185,ok,
2026_07_21_gym,flight_109,44,649.43,178.2039,ok,
2026_07_21_gym,flight_109,45,632.78,184.0467,ok,
2026_07_21_gym,flight_109,46,616.12,171.7894,ok,
2026_07_21_gym,flight_109,47,599.47,167.0812,ok,
2026_07_21_gym,flight_109,48,582.82,161.6984,ok,
2026_07_21_gym,flight_109,49,566.17,153.1315,ok,
2026_07_21_gym,flight_109,50,549.52,157.2580,ok,
2026_07_21_gym,flight_109,51,532.87,159.7441,ok,
2026_07_21_gym,flight_109,52,516.21,150.7043,ok,
2026_07_21_gym,flight_109,53,499.56,146.7660,ok,
2026_07_21_gym,flight_109,54,482.91,119.1470,ok,
2026_07_21_gym,flight_109,55,466.26,123.3015,ok,
2026_07_21_gym,flight_109,56,449.60,119.7559,ok,
2026_07_21_gym,flight_109,57,432.95,124.8703,ok,
2026_07_21_gym,flight_109,58,416.30,129.4261,ok,
2026_07_21_gym,flight_109,59,399.65,133.6927,ok,
2026_07_21_gym,flight_109,60,383.00,134.6773,ok,
2026_07_21_gym,flight_109,61,366.34,128.3048,ok,
2026_07_21_gym,flight_109,62,349.69,144.7627,ok,
2026_07_21_gym,flight_109,63,333.04,150.0518,ok,
2026_07_21_gym,flight_109,64,316.39,177.2538,ok,
2026_07_21_gym,flight_109,65,299.74,176.8477,ok,
2026_07_21_gym,flight_109,66,283.08,182.3699,ok,
2026_07_21_gym,flight_109,67,266.43,186.7838,ok,
2026_07_21_gym,flight_109,68,249.78,165.6085,ok,
2026_07_21_gym,flight_109,69,233.13,133.7407,ok,
2026_07_21_gym,flight_109,70,216.48,119.8618,ok,
2026_07_21_gym,flight_109,71,199.82,124.9916,ok,
2026_07_21_gym,flight_109,72,183.17,115.1803,ok,
2026_07_21_gym,flight_109,73,166.52,129.0772,ok,
2026_07_21_gym,flight_109,74,149.87,119.1643,ok,
2026_07_21_gym,flight_109,75,133.22,113.9569,ok,
2026_07_21_gym,flight_109,76,116.56,110.9128,ok,
2026_07_21_gym,flight_109,77,99.91,111.4076,ok,
2026_07_21_gym,flight_109,78,83.26,118.6784,ok,
2026_07_21_gym,flight_109,79,66.61,131.5265,ok,
2026_07_21_gym,flight_109,80,49.96,129.5013,ok,
2026_07_21_gym,flight_109,81,16.65,127.6151,ok,
2026_07_21_gym,flight_110,3,1182.29,964.7864,ok,
2026_07_21_gym,flight_110,4,1165.64,3819.7726,ok,
2026_07_21_gym,flight_110,5,1148.99,2316.9177,ok,
2026_07_21_gym,flight_110,6,1132.34,318.6891,ok,
2026_07_21_gym,flight_110,7,1115.68,295.3524,ok,
2026_07_21_gym,flight_110,8,1099.03,608.5537,ok,
2026_07_21_gym,flight_110,9,1082.38,653.2857,ok,
2026_07_21_gym,flight_110,10,1065.73,845.1005,ok,
2026_07_21_gym,flight_110,11,1049.08,605.8720,ok,
2026_07_21_gym,flight_110,12,1032.42,390.9878,ok,
2026_07_21_gym,flight_110,13,1015.77,254.0320,ok,
2026_07_21_gym,flight_110,14,999.12,224.5883,ok,
2026_07_21_gym,flight_110,15,982.47,393.1998,ok,
2026_07_21_gym,flight_110,16,965.82,152.5550,ok,
2026_07_21_gym,flight_110,17,949.16,143.2150,ok,
2026_07_21_gym,flight_110,18,932.51,132.6199,ok,
2026_07_21_gym,flight_110,19,915.86,127.5086,ok,
2026_07_21_gym,flight_110,20,899.21,115.6605,ok,
2026_07_21_gym,flight_110,21,882.56,111.3124,ok,
2026_07_21_gym,flight_110,22,865.90,118.7300,ok,
2026_07_21_gym,flight_110,23,849.25,121.9801,ok,
2026_07_21_gym,flight_110,24,832.60,102.1977,ok,
2026_07_21_gym,flight_110,25,815.95,116.3572,ok,
2026_07_21_gym,flight_110,26,799.30,96.7923,ok,
2026_07_21_gym,flight_110,27,782.64,90.5747,ok,
2026_07_21_gym,flight_110,28,765.99,92.5966,ok,
2026_07_21_gym,flight_110,29,749.34,98.0837,ok,
2026_07_21_gym,flight_110,30,732.69,103.7750,ok,
2026_07_21_gym,flight_110,31,716.04,118.6723,ok,
2026_07_21_gym,flight_110,32,699.38,105.2997,ok,
2026_07_21_gym,flight_110,33,682.73,89.1287,ok,
2026_07_21_gym,flight_110,34,666.08,76.2328,ok,
2026_07_21_gym,flight_110,35,649.43,58.8189,ok,
2026_07_21_gym,flight_110,36,632.78,34.7613,ok,
2026_07_21_gym,flight_110,37,616.12,35.3859,ok,
2026_07_21_gym,flight_110,38,599.47,33.9035,ok,
2026_07_21_gym,flight_110,39,582.82,37.8248,ok,
2026_07_21_gym,flight_110,40,566.17,41.0982,ok,
2026_07_21_gym,flight_110,41,549.52,38.7241,ok,
2026_07_21_gym,flight_110,42,532.86,39.2515,ok,
2026_07_21_gym,flight_110,43,516.21,43.8893,ok,
2026_07_21_gym,flight_110,44,499.56,42.9175,ok,
2026_07_21_gym,flight_110,45,482.91,47.2005,ok,
2026_07_21_gym,flight_110,46,466.26,51.4088,ok,
2026_07_21_gym,flight_110,47,449.60,48.9048,ok,
2026_07_21_gym,flight_110,48,432.95,53.9679,ok,
2026_07_21_gym,flight_110,49,416.30,45.0758,ok,
2026_07_21_gym,flight_110,50,399.65,52.2716,ok,
2026_07_21_gym,flight_110,51,383.00,45.1636,ok,
2026_07_21_gym,flight_110,52,366.34,46.3520,ok,
2026_07_21_gym,flight_110,53,349.69,50.7125,ok,
2026_07_21_gym,flight_110,54,333.04,62.8275,ok,
2026_07_21_gym,flight_110,55,316.39,61.9286,ok,
2026_07_21_gym,flight_110,56,299.74,51.6300,ok,
2026_07_21_gym,flight_110,57,283.08,54.8631,ok,
2026_07_21_gym,flight_110,58,266.43,54.1371,ok,
2026_07_21_gym,flight_110,59,249.78,62.7583,ok,
2026_07_21_gym,flight_110,60,233.13,66.6223,ok,
2026_07_21_gym,flight_110,61,216.48,68.0367,ok,
2026_07_21_gym,flight_110,62,199.82,66.8124,ok,
2026_07_21_gym,flight_110,63,183.17,59.8262,ok,
2026_07_21_gym,flight_110,64,166.52,53.1691,ok,
2026_07_21_gym,flight_110,65,149.87,48.4205,ok,
2026_07_21_gym,flight_110,66,133.22,46.0742,ok,
2026_07_21_gym,flight_110,67,116.56,44.8332,ok,
2026_07_21_gym,flight_110,68,99.91,52.3914,ok,
2026_07_21_gym,flight_110,69,83.26,49.0813,ok,
2026_07_21_gym,flight_110,70,66.61,48.1709,ok,
2026_07_21_gym,flight_110,71,49.96,49.3237,ok,
2026_07_21_gym,flight_110,72,33.30,51.7732,ok,
2026_07_21_gym,flight_110,73,16.65,49.9912,ok,
2026_07_21_gym,flight_111,3,1198.95,7976.8025,ok,
2026_07_21_gym,flight_111,4,1182.29,3641.5391,ok,
2026_07_21_gym,flight_111,5,1165.64,3921.8822,ok,
2026_07_21_gym,flight_111,6,1148.99,3704.0065,ok,
2026_07_21_gym,flight_111,7,1132.34,2740.0715,ok,
2026_07_21_gym,flight_111,8,1115.68,2538.2867,ok,
2026_07_21_gym,flight_111,9,1099.03,2573.5674,ok,
2026_07_21_gym,flight_111,10,1082.38,1645.4369,ok,
2026_07_21_gym,flight_111,11,1065.73,1200.4364,ok,
2026_07_21_gym,flight_111,12,1049.08,1020.9005,ok,
2026_07_21_gym,flight_111,13,1032.43,411.9582,ok,
2026_07_21_gym,flight_111,14,1015.77,451.8161,ok,
2026_07_21_gym,flight_111,15,999.12,774.6164,ok,
2026_07_21_gym,flight_111,16,982.47,828.8132,ok,
2026_07_21_gym,flight_111,17,965.82,693.9936,ok,
2026_07_21_gym,flight_111,18,949.16,574.4849,ok,
2026_07_21_gym,flight_111,19,932.51,478.6183,ok,
2026_07_21_gym,flight_111,20,915.86,426.6764,ok,
2026_07_21_gym,flight_111,21,899.21,371.1332,ok,
2026_07_21_gym,flight_111,22,882.56,276.2370,ok,
2026_07_21_gym,flight_111,23,865.90,262.3246,ok,
2026_07_21_gym,flight_111,24,849.25,247.3386,ok,
2026_07_21_gym,flight_111,25,832.60,207.1918,ok,
2026_07_21_gym,flight_111,26,815.95,236.7428,ok,
2026_07_21_gym,flight_111,27,799.30,256.2353,ok,
2026_07_21_gym,flight_111,28,782.64,234.4918,ok,
2026_07_21_gym,flight_111,29,765.99,228.2868,ok,
2026_07_21_gym,flight_111,30,749.34,214.4733,ok,
2026_07_21_gym,flight_111,31,732.69,190.3866,ok,
2026_07_21_gym,flight_111,32,716.04,178.3071,ok,
2026_07_21_gym,flight_111,33,699.38,161.4194,ok,
2026_07_21_gym,flight_111,34,682.73,138.3915,ok,
2026_07_21_gym,flight_111,35,666.08,131.6715,ok,
2026_07_21_gym,flight_111,36,649.43,132.1098,ok,
2026_07_21_gym,flight_111,37,632.78,135.9902,ok,
2026_07_21_gym,flight_111,38,616.12,144.9876,ok,
2026_07_21_gym,flight_111,39,599.47,161.6626,ok,
2026_07_21_gym,flight_111,40,566.17,161.1924,ok,
2026_07_21_gym,flight_111,41,549.52,158.8306,ok,
2026_07_21_gym,flight_111,42,532.86,156.3445,ok,
2026_07_21_gym,flight_111,43,516.21,153.3540,ok,
2026_07_21_gym,flight_111,44,499.56,156.8200,ok,
2026_07_21_gym,flight_111,45,482.91,157.9228,ok,
2026_07_21_gym,flight_111,46,466.26,155.2305,ok,
2026_07_21_gym,flight_111,47,449.60,155.0376,ok,
2026_07_21_gym,flight_111,48,432.95,171.2342,ok,
2026_07_21_gym,flight_111,49,416.30,181.1101,ok,
2026_07_21_gym,flight_111,50,399.65,193.1557,ok,
2026_07_21_gym,flight_111,51,383.00,188.8927,ok,
2026_07_21_gym,flight_111,52,366.34,179.1435,ok,
2026_07_21_gym,flight_111,53,349.69,179.6832,ok,
2026_07_21_gym,flight_111,54,333.04,180.2409,ok,
2026_07_21_gym,flight_111,55,316.39,181.5273,ok,
2026_07_21_gym,flight_111,56,299.74,173.6089,ok,
2026_07_21_gym,flight_111,57,283.08,175.0894,ok,
2026_07_21_gym,flight_111,58,266.43,179.7054,ok,
2026_07_21_gym,flight_111,59,249.78,174.6028,ok,
2026_07_21_gym,flight_111,60,233.13,170.6490,ok,
2026_07_21_gym,flight_111,61,216.48,171.7806,ok,
2026_07_21_gym,flight_111,62,199.82,181.7986,ok,
2026_07_21_gym,flight_111,63,183.17,184.4850,ok,
2026_07_21_gym,flight_111,64,166.52,182.8434,ok,
2026_07_21_gym,flight_111,65,149.87,181.1831,ok,
2026_07_21_gym,flight_111,66,133.22,176.8160,ok,
2026_07_21_gym,flight_111,67,116.56,177.8105,ok,
2026_07_21_gym,flight_111,68,99.91,168.0734,ok,
2026_07_21_gym,flight_111,69,83.26,160.8961,ok,
2026_07_21_gym,flight_111,70,66.61,163.0249,ok,
2026_07_21_gym,flight_111,71,49.96,159.9459,ok,
2026_07_21_gym,flight_111,72,33.30,161.7712,ok,
2026_07_21_gym,flight_111,73,16.65,155.6167,ok,
2026_07_21_gym,flight_112,3,1165.64,1858.2423,ok,
2026_07_21_gym,flight_112,4,1148.99,1817.5591,ok,
2026_07_21_gym,flight_112,5,1132.34,3945.1079,ok,
2026_07_21_gym,flight_112,6,1115.69,2445.0123,ok,
2026_07_21_gym,flight_112,7,1099.03,1712.9253,ok,
2026_07_21_gym,flight_112,8,1082.38,1892.0950,ok,
2026_07_21_gym,flight_112,9,1065.73,840.4529,ok,
2026_07_21_gym,flight_112,10,1049.08,748.5076,ok,
2026_07_21_gym,flight_112,11,1032.43,1221.7070,ok,
2026_07_21_gym,flight_112,12,1015.77,895.7875,ok,
2026_07_21_gym,flight_112,13,999.12,728.1292,ok,
2026_07_21_gym,flight_112,14,982.47,601.3924,ok,
2026_07_21_gym,flight_112,15,965.82,372.3317,ok,
2026_07_21_gym,flight_112,16,949.17,332.2059,ok,
2026_07_21_gym,flight_112,17,932.51,369.1406,ok,
2026_07_21_gym,flight_112,18,915.86,283.5963,ok,
2026_07_21_gym,flight_112,19,899.21,307.1457,ok,
2026_07_21_gym,flight_112,20,882.56,338.5687,ok,
2026_07_21_gym,flight_112,21,865.91,238.8403,ok,
2026_07_21_gym,flight_112,22,849.25,254.8830,ok,
2026_07_21_gym,flight_112,23,832.60,247.4168,ok,
2026_07_21_gym,flight_112,24,815.95,126.0958,ok,
2026_07_21_gym,flight_112,25,799.30,96.2290,ok,
2026_07_21_gym,flight_112,26,782.65,61.2361,ok,
2026_07_21_gym,flight_112,27,765.99,73.3874,ok,
2026_07_21_gym,flight_112,28,732.69,87.0457,ok,
2026_07_21_gym,flight_112,29,716.04,94.9472,ok,
2026_07_21_gym,flight_112,30,699.39,134.2808,ok,
2026_07_21_gym,flight_112,31,682.73,183.1169,ok,
2026_07_21_gym,flight_112,32,666.08,197.2185,ok,
2026_07_21_gym,flight_112,33,649.43,237.5836,ok,
2026_07_21_gym,flight_112,34,632.78,242.3633,ok,
2026_07_21_gym,flight_112,35,616.13,229.7856,ok,
2026_07_21_gym,flight_112,36,599.47,212.7479,ok,
2026_07_21_gym,flight_112,37,582.82,200.3277,ok,
2026_07_21_gym,flight_112,38,566.17,188.0634,ok,
2026_07_21_gym,flight_112,39,549.52,184.9285,ok,
2026_07_21_gym,flight_112,40,532.87,168.2037,ok,
2026_07_21_gym,flight_112,41,516.21,164.2186,ok,
2026_07_21_gym,flight_112,42,499.56,159.9305,ok,
2026_07_21_gym,flight_112,43,482.91,145.1338,ok,
2026_07_21_gym,flight_112,44,466.26,154.1299,ok,
2026_07_21_gym,flight_112,45,449.61,134.2797,ok,
2026_07_21_gym,flight_112,46,432.95,139.5726,ok,
2026_07_21_gym,flight_112,47,416.30,147.2305,ok,
2026_07_21_gym,flight_112,48,399.65,135.2086,ok,
2026_07_21_gym,flight_112,49,383.00,129.2446,ok,
2026_07_21_gym,flight_112,50,366.34,136.3245,ok,
2026_07_21_gym,flight_112,51,349.69,124.5923,ok,
2026_07_21_gym,flight_112,52,333.04,122.2505,ok,
2026_07_21_gym,flight_112,53,316.39,127.1589,ok,
2026_07_21_gym,flight_112,54,299.74,114.4361,ok,
2026_07_21_gym,flight_112,55,283.09,117.7238,ok,
2026_07_21_gym,flight_112,56,266.43,111.7034,ok,
2026_07_21_gym,flight_112,57,249.78,112.9773,ok,
2026_07_21_gym,flight_112,58,233.13,107.3459,ok,
2026_07_21_gym,flight_112,59,216.48,106.7848,ok,
2026_07_21_gym,flight_112,60,199.82,98.6796,ok,
2026_07_21_gym,flight_112,61,183.17,93.3822,ok,
2026_07_21_gym,flight_112,62,166.52,84.5267,ok,
2026_07_21_gym,flight_112,63,149.87,95.6524,ok,
2026_07_21_gym,flight_112,64,133.22,98.9168,ok,
2026_07_21_gym,flight_112,65,116.56,102.5205,ok,
2026_07_21_gym,flight_112,66,99.91,98.9253,ok,
2026_07_21_gym,flight_112,67,83.26,99.7222,ok,
2026_07_21_gym,flight_112,68,66.61,88.2471,ok,
2026_07_21_gym,flight_112,69,33.30,99.5788,ok,
2026_07_21_gym,flight_113,3,1265.55,13181.2709,ok,
2026_07_21_gym,flight_113,4,1248.90,6461.4241,ok,
2026_07_21_gym,flight_113,5,1232.25,5441.1669,ok,
2026_07_21_gym,flight_113,6,1215.60,3369.6651,ok,
2026_07_21_gym,flight_113,7,1198.95,1875.9336,ok,
2026_07_21_gym,flight_113,8,1182.29,1213.1491,ok,
2026_07_21_gym,flight_113,9,1165.64,497.9176,ok,
2026_07_21_gym,flight_113,10,1148.99,162.1514,ok,
2026_07_21_gym,flight_113,11,1132.34,120.7805,ok,
2026_07_21_gym,flight_113,12,1115.68,225.9416,ok,
2026_07_21_gym,flight_113,13,1099.03,457.9057,ok,
2026_07_21_gym,flight_113,14,1082.38,363.9762,ok,
2026_07_21_gym,flight_113,15,1065.73,505.2900,ok,
2026_07_21_gym,flight_113,16,1049.08,576.9653,ok,
2026_07_21_gym,flight_113,17,1032.43,403.0310,ok,
2026_07_21_gym,flight_113,18,1015.77,459.2601,ok,
2026_07_21_gym,flight_113,19,999.12,447.5664,ok,
2026_07_21_gym,flight_113,20,982.47,416.7408,ok,
2026_07_21_gym,flight_113,21,965.82,420.5152,ok,
2026_07_21_gym,flight_113,22,949.17,407.1430,ok,
2026_07_21_gym,flight_113,23,932.51,369.6555,ok,
2026_07_21_gym,flight_113,24,915.86,335.5906,ok,
2026_07_21_gym,flight_113,25,899.21,321.5610,ok,
2026_07_21_gym,flight_113,26,882.56,280.2335,ok,
2026_07_21_gym,flight_113,27,865.90,247.5359,ok,
2026_07_21_gym,flight_113,28,849.25,217.5513,ok,
2026_07_21_gym,flight_113,29,832.60,194.3443,ok,
2026_07_21_gym,flight_113,30,815.95,147.6844,ok,
2026_07_21_gym,flight_113,31,799.30,126.3309,ok,
2026_07_21_gym,flight_113,32,782.64,122.6312,ok,
2026_07_21_gym,flight_113,33,765.99,94.5631,ok,
2026_07_21_gym,flight_113,34,749.34,99.9993,ok,
2026_07_21_gym,flight_113,35,732.69,100.4660,ok,
2026_07_21_gym,flight_113,36,716.04,84.9679,ok,
2026_07_21_gym,flight_113,37,699.38,86.9164,ok,
2026_07_21_gym,flight_113,38,682.73,89.7231,ok,
2026_07_21_gym,flight_113,39,666.08,86.1648,ok,
2026_07_21_gym,flight_113,40,649.43,90.3359,ok,
2026_07_21_gym,flight_113,41,632.78,87.7477,ok,
2026_07_21_gym,flight_113,42,616.12,98.2254,ok,
2026_07_21_gym,flight_113,43,599.47,101.4045,ok,
2026_07_21_gym,flight_113,44,582.82,86.7552,ok,
2026_07_21_gym,flight_113,45,566.17,81.9834,ok,
2026_07_21_gym,flight_113,46,549.52,80.2246,ok,
2026_07_21_gym,flight_113,47,532.87,79.8487,ok,
2026_07_21_gym,flight_113,48,516.21,77.8637,ok,
2026_07_21_gym,flight_113,49,499.56,73.0981,ok,
2026_07_21_gym,flight_113,50,482.91,68.5989,ok,
2026_07_21_gym,flight_113,51,466.26,59.6201,ok,
2026_07_21_gym,flight_113,52,449.60,58.3395,ok,
2026_07_21_gym,flight_113,53,432.95,55.6222,ok,
2026_07_21_gym,flight_113,54,416.30,50.0811,ok,
2026_07_21_gym,flight_113,55,399.65,46.6592,ok,
2026_07_21_gym,flight_113,56,383.00,44.7670,ok,
2026_07_21_gym,flight_113,57,366.35,40.1429,ok,
2026_07_21_gym,flight_113,58,349.69,39.3188,ok,
2026_07_21_gym,flight_113,59,333.04,39.9724,ok,
2026_07_21_gym,flight_113,60,316.39,47.6575,ok,
2026_07_21_gym,flight_113,61,299.74,47.8972,ok,
2026_07_21_gym,flight_113,62,283.08,43.1434,ok,
2026_07_21_gym,flight_113,63,266.43,39.8357,ok,
2026_07_21_gym,flight_113,64,249.78,41.4391,ok,
2026_07_21_gym,flight_113,65,233.13,43.2033,ok,
2026_07_21_gym,flight_113,66,216.48,41.6720,ok,
2026_07_21_gym,flight_113,67,199.82,40.9530,ok,
2026_07_21_gym,flight_113,68,183.17,38.7642,ok,
2026_07_21_gym,flight_113,69,166.52,37.5483,ok,
2026_07_21_gym,flight_113,70,149.87,31.3534,ok,
2026_07_21_gym,flight_113,71,133.22,28.5688,ok,
2026_07_21_gym,flight_113,72,116.56,27.1136,ok,
2026_07_21_gym,flight_113,73,99.91,32.9609,ok,
2026_07_21_gym,flight_113,74,83.26,42.0656,ok,
2026_07_21_gym,flight_113,75,66.61,45.1152,ok,
2026_07_21_gym,flight_113,76,49.96,52.1079,ok,
2026_07_21_gym,flight_113,77,33.30,49.4263,ok,
2026_07_21_gym,flight_113,78,16.65,40.6452,ok,
2026_07_21_gym,flight_114,3,1282.21,5172.4847,ok,
2026_07_21_gym,flight_114,4,1248.90,590.4260,ok,
2026_07_21_gym,flight_114,5,1232.25,1379.5356,ok,
2026_07_21_gym,flight_114,6,1215.60,1227.6204,ok,
2026_07_21_gym,flight_114,7,1198.95,528.8826,ok,
2026_07_21_gym,flight_114,8,1182.29,1121.9017,ok,
2026_07_21_gym,flight_114,9,1165.64,780.6938,ok,
2026_07_21_gym,flight_114,10,1148.99,394.5136,ok,
2026_07_21_gym,flight_114,11,1132.34,508.4455,ok,
2026_07_21_gym,flight_114,12,1115.69,316.2001,ok,
2026_07_21_gym,flight_114,13,1099.03,391.2081,ok,
2026_07_21_gym,flight_114,14,1082.38,618.6759,ok,
2026_07_21_gym,flight_114,15,1065.73,643.2264,ok,
2026_07_21_gym,flight_114,16,1049.08,604.3867,ok,
2026_07_21_gym,flight_114,17,1032.42,512.2684,ok,
2026_07_21_gym,flight_114,18,1015.77,435.2891,ok,
2026_07_21_gym,flight_114,19,999.12,370.4826,ok,
2026_07_21_gym,flight_114,20,982.47,354.0969,ok,
2026_07_21_gym,flight_114,21,965.82,298.6423,ok,
2026_07_21_gym,flight_114,22,949.16,254.6121,ok,
2026_07_21_gym,flight_114,23,932.51,257.1474,ok,
2026_07_21_gym,flight_114,24,915.86,208.5765,ok,
2026_07_21_gym,flight_114,25,899.21,174.2756,ok,
2026_07_21_gym,flight_114,26,882.56,184.7507,ok,
2026_07_21_gym,flight_114,27,865.91,163.7677,ok,
2026_07_21_gym,flight_114,28,849.25,152.9168,ok,
2026_07_21_gym,flight_114,29,832.60,152.0490,ok,
2026_07_21_gym,flight_114,30,815.95,141.1839,ok,
2026_07_21_gym,flight_114,31,799.30,144.7313,ok,
2026_07_21_gym,flight_114,32,782.65,155.4925,ok,
2026_07_21_gym,flight_114,33,765.99,163.6712,ok,
2026_07_21_gym,flight_114,34,749.34,160.7576,ok,
2026_07_21_gym,flight_114,35,732.69,175.8823,ok,
2026_07_21_gym,flight_114,36,716.04,176.5022,ok,
2026_07_21_gym,flight_114,37,699.39,169.5070,ok,
2026_07_21_gym,flight_114,38,682.73,185.5543,ok,
2026_07_21_gym,flight_114,39,666.08,176.7941,ok,
2026_07_21_gym,flight_114,40,649.43,172.8929,ok,
2026_07_21_gym,flight_114,41,632.78,191.8390,ok,
2026_07_21_gym,flight_114,42,616.13,174.8347,ok,
2026_07_21_gym,flight_114,43,599.47,172.6108,ok,
2026_07_21_gym,flight_114,44,582.82,186.2288,ok,
2026_07_21_gym,flight_114,45,566.17,171.8417,ok,
2026_07_21_gym,flight_114,46,549.52,166.4958,ok,
2026_07_21_gym,flight_114,47,532.87,157.5618,ok,
2026_07_21_gym,flight_114,48,516.21,157.5143,ok,
2026_07_21_gym,flight_114,49,499.56,160.4848,ok,
2026_07_21_gym,flight_114,50,482.90,155.2095,ok,
2026_07_21_gym,flight_114,51,466.26,166.9001,ok,
2026_07_21_gym,flight_114,52,449.61,160.1864,ok,
2026_07_21_gym,flight_114,53,432.95,149.5609,ok,
2026_07_21_gym,flight_114,54,416.30,167.9718,ok,
2026_07_21_gym,flight_114,55,399.65,166.6923,ok,
2026_07_21_gym,flight_114,56,383.00,142.3281,ok,
2026_07_21_gym,flight_114,57,366.35,143.5404,ok,
2026_07_21_gym,flight_114,58,349.69,136.9686,ok,
2026_07_21_gym,flight_114,59,333.04,137.4535,ok,
2026_07_21_gym,flight_114,60,316.39,156.9309,ok,
2026_07_21_gym,flight_114,61,299.74,142.0210,ok,
2026_07_21_gym,flight_114,62,283.08,143.1326,ok,
2026_07_21_gym,flight_114,63,266.43,135.7486,ok,
2026_07_21_gym,flight_114,64,249.78,125.5132,ok,
2026_07_21_gym,flight_114,65,233.13,136.7615,ok,
2026_07_21_gym,flight_114,66,216.48,136.2149,ok,
2026_07_21_gym,flight_114,67,199.82,129.1139,ok,
2026_07_21_gym,flight_114,68,183.17,131.4530,ok,
2026_07_21_gym,flight_114,69,166.52,134.9198,ok,
2026_07_21_gym,flight_114,70,149.87,133.7588,ok,
2026_07_21_gym,flight_114,71,133.22,134.2635,ok,
2026_07_21_gym,flight_114,72,116.56,129.0461,ok,
2026_07_21_gym,flight_114,73,99.91,129.7872,ok,
2026_07_21_gym,flight_114,74,83.26,130.8710,ok,
2026_07_21_gym,flight_114,75,66.61,134.4082,ok,
2026_07_21_gym,flight_114,76,49.96,128.8450,ok,
2026_07_21_gym,flight_114,77,33.30,127.0770,ok,
2026_07_21_gym,flight_114,78,16.65,133.0578,ok,
2026_07_21_gym,flight_115,3,1215.60,10829.7703,ok,
2026_07_21_gym,flight_115,4,1182.29,511.3447,ok,
2026_07_21_gym,flight_115,5,1165.64,618.9317,ok,
2026_07_21_gym,flight_115,6,1148.99,1135.7758,ok,
2026_07_21_gym,flight_115,7,1132.34,1631.5859,ok,
2026_07_21_gym,flight_115,8,1115.69,300.2353,ok,
2026_07_21_gym,flight_115,9,1099.03,682.1213,ok,
2026_07_21_gym,flight_115,10,1082.38,753.2218,ok,
2026_07_21_gym,flight_115,11,1065.73,360.2521,ok,
2026_07_21_gym,flight_115,12,1049.08,287.0368,ok,
2026_07_21_gym,flight_115,13,1032.42,310.7115,ok,
2026_07_21_gym,flight_115,14,1015.77,449.5724,ok,
2026_07_21_gym,flight_115,15,999.12,410.3479,ok,
2026_07_21_gym,flight_115,16,982.47,387.7083,ok,
2026_07_21_gym,flight_115,17,965.82,373.8392,ok,
2026_07_21_gym,flight_115,18,949.17,362.8992,ok,
2026_07_21_gym,flight_115,19,932.51,352.0862,ok,
2026_07_21_gym,flight_115,20,915.86,332.3966,ok,
2026_07_21_gym,flight_115,21,899.21,311.1335,ok,
2026_07_21_gym,flight_115,22,882.56,306.4893,ok,
2026_07_21_gym,flight_115,23,865.90,308.6508,ok,
2026_07_21_gym,flight_115,24,849.25,278.6883,ok,
2026_07_21_gym,flight_115,25,832.60,282.5115,ok,
2026_07_21_gym,flight_115,26,815.95,305.4385,ok,
2026_07_21_gym,flight_115,27,799.30,280.1524,ok,
2026_07_21_gym,flight_115,28,782.64,271.6306,ok,
2026_07_21_gym,flight_115,29,765.99,284.7396,ok,
2026_07_21_gym,flight_115,30,749.34,280.0571,ok,
2026_07_21_gym,flight_115,31,732.69,274.6749,ok,
2026_07_21_gym,flight_115,32,716.04,282.5302,ok,
2026_07_21_gym,flight_115,33,699.38,286.0067,ok,
2026_07_21_gym,flight_115,34,682.73,289.7937,ok,
2026_07_21_gym,flight_115,35,666.08,288.0955,ok,
2026_07_21_gym,flight_115,36,649.43,268.9466,ok,
2026_07_21_gym,flight_115,37,632.77,267.4339,ok,
2026_07_21_gym,flight_115,38,616.12,264.5984,ok,
2026_07_21_gym,flight_115,39,599.47,255.7792,ok,
2026_07_21_gym,flight_115,40,582.82,260.4147,ok,
2026_07_21_gym,flight_115,41,566.17,256.2558,ok,
2026_07_21_gym,flight_115,42,549.52,249.3156,ok,
2026_07_21_gym,flight_115,43,532.86,262.5882,ok,
2026_07_21_gym,flight_115,44,516.21,259.7381,ok,
2026_07_21_gym,flight_115,45,499.56,259.5364,ok,
2026_07_21_gym,flight_115,46,482.91,267.5979,ok,
2026_07_21_gym,flight_115,47,466.26,258.8529,ok,
2026_07_21_gym,flight_115,48,449.60,258.1464,ok,
2026_07_21_gym,flight_115,49,432.95,257.5208,ok,
2026_07_21_gym,flight_115,50,416.30,252.8883,ok,
2026_07_21_gym,flight_115,51,399.65,248.6201,ok,
2026_07_21_gym,flight_115,52,383.00,244.5153,ok,
2026_07_21_gym,flight_115,53,366.34,239.3068,ok,
2026_07_21_gym,flight_115,54,349.69,231.6793,ok,
2026_07_21_gym,flight_115,55,333.04,226.1741,ok,
2026_07_21_gym,flight_115,56,316.39,226.1496,ok,
2026_07_21_gym,flight_115,57,299.73,223.3070,ok,
2026_07_21_gym,flight_115,58,266.43,239.3305,ok,
2026_07_21_gym,flight_115,59,249.78,242.1735,ok,
2026_07_21_gym,flight_115,60,233.13,240.5810,ok,
2026_07_21_gym,flight_115,61,216.48,235.1203,ok,
2026_07_21_gym,flight_115,62,199.82,220.1580,ok,
2026_07_21_gym,flight_115,63,183.17,212.8654,ok,
2026_07_21_gym,flight_115,64,166.52,214.6897,ok,
2026_07_21_gym,flight_115,65,149.87,208.6210,ok,
2026_07_21_gym,flight_115,66,116.56,202.2347,ok,
2026_07_21_gym,flight_115,67,99.91,196.4531,ok,
2026_07_21_gym,flight_115,68,66.61,183.9033,ok,
2026_07_21_gym,flight_115,69,49.96,186.3247,ok,
2026_07_21_gym,flight_115,70,33.30,193.1068,ok,
2026_07_21_gym,flight_115,71,16.65,189.0228,ok,
2026_07_21_gym,flight_116,3,1382.12,1909.3252,ok,
2026_07_21_gym,flight_116,4,1365.47,1115.6601,ok,
2026_07_21_gym,flight_116,5,1348.82,1813.3891,ok,
2026_07_21_gym,flight_116,6,1332.16,1406.2448,ok,
2026_07_21_gym,flight_116,7,1315.51,726.6682,ok,
2026_07_21_gym,flight_116,8,1298.86,1039.6558,ok,
2026_07_21_gym,flight_116,9,1282.21,731.7763,ok,
2026_07_21_gym,flight_116,10,1265.55,1015.4105,ok,
2026_07_21_gym,flight_116,11,1248.90,1353.7590,ok,
2026_07_21_gym,flight_116,12,1232.25,1006.8912,ok,
2026_07_21_gym,flight_116,13,1215.60,901.4653,ok,
2026_07_21_gym,flight_116,14,1198.95,887.6950,ok,
2026_07_21_gym,flight_116,15,1182.29,618.2475,ok,
2026_07_21_gym,flight_116,16,1165.64,594.7076,ok,
2026_07_21_gym,flight_116,17,1148.99,599.3008,ok,
2026_07_21_gym,flight_116,18,1132.34,451.4618,ok,
2026_07_21_gym,flight_116,19,1115.69,444.4087,ok,
2026_07_21_gym,flight_116,20,1099.03,413.2788,ok,
2026_07_21_gym,flight_116,21,1082.38,313.8905,ok,
2026_07_21_gym,flight_116,22,1065.73,279.6068,ok,
2026_07_21_gym,flight_116,23,1049.08,263.6019,ok,
2026_07_21_gym,flight_116,24,1032.42,254.6702,ok,
2026_07_21_gym,flight_116,25,1015.77,265.5239,ok,
2026_07_21_gym,flight_116,26,999.12,278.1482,ok,
2026_07_21_gym,flight_116,27,982.47,260.1708,ok,
2026_07_21_gym,flight_116,28,965.82,266.2505,ok,
2026_07_21_gym,flight_116,29,932.51,256.8352,ok,
2026_07_21_gym,flight_116,30,915.86,266.2168,ok,
2026_07_21_gym,flight_116,31,882.56,209.6374,ok,
2026_07_21_gym,flight_116,32,865.91,178.0190,ok,
2026_07_21_gym,flight_116,33,849.25,159.8924,ok,
2026_07_21_gym,flight_116,34,832.60,142.6865,ok,
2026_07_21_gym,flight_116,35,815.95,134.3079,ok,
2026_07_21_gym,flight_116,36,799.30,139.2290,ok,
2026_07_21_gym,flight_116,37,782.65,112.8351,ok,
2026_07_21_gym,flight_116,38,765.99,110.8013,ok,
2026_07_21_gym,flight_116,39,749.34,101.4999,ok,
2026_07_21_gym,flight_116,40,732.69,100.5353,ok,
2026_07_21_gym,flight_116,41,716.04,103.4265,ok,
2026_07_21_gym,flight_116,42,699.39,102.7873,ok,
2026_07_21_gym,flight_116,43,682.73,95.2096,ok,
2026_07_21_gym,flight_116,44,666.08,101.2473,ok,
2026_07_21_gym,flight_116,45,649.43,99.9282,ok,
2026_07_21_gym,flight_116,46,632.78,95.5661,ok,
2026_07_21_gym,flight_116,47,616.13,96.0848,ok,
2026_07_21_gym,flight_116,48,599.47,91.7243,ok,
2026_07_21_gym,flight_116,49,582.82,89.7867,ok,
2026_07_21_gym,flight_116,50,566.17,87.0080,ok,
2026_07_21_gym,flight_116,51,549.52,84.3625,ok,
2026_07_21_gym,flight_116,52,532.87,82.6693,ok,
2026_07_21_gym,flight_116,53,516.21,80.9653,ok,
2026_07_21_gym,flight_116,54,499.56,78.8122,ok,
2026_07_21_gym,flight_116,55,482.91,77.2346,ok,
2026_07_21_gym,flight_116,56,466.26,75.3618,ok,
2026_07_21_gym,flight_116,57,449.61,73.5219,ok,
2026_07_21_gym,flight_116,58,432.95,71.5049,ok,
2026_07_21_gym,flight_116,59,416.30,68.6402,ok,
2026_07_21_gym,flight_116,60,399.65,67.2263,ok,
2026_07_21_gym,flight_116,61,383.00,65.9941,ok,
2026_07_21_gym,flight_116,62,366.34,65.0512,ok,
2026_07_21_gym,flight_116,63,349.69,64.2130,ok,
2026_07_21_gym,flight_116,64,333.04,62.7580,ok,
2026_07_21_gym,flight_116,65,316.39,60.6858,ok,
2026_07_21_gym,flight_116,66,299.74,60.5475,ok,
2026_07_21_gym,flight_116,67,283.09,59.4873,ok,
2026_07_21_gym,flight_116,68,266.43,58.2037,ok,
2026_07_21_gym,flight_116,69,249.78,57.5801,ok,
2026_07_21_gym,flight_116,70,233.13,56.5724,ok,
2026_07_21_gym,flight_116,71,216.48,55.9516,ok,
2026_07_21_gym,flight_116,72,199.82,57.7844,ok,
2026_07_21_gym,flight_116,73,183.17,58.2004,ok,
2026_07_21_gym,flight_116,74,166.52,56.5871,ok,
2026_07_21_gym,flight_116,75,149.87,50.7131,ok,
2026_07_21_gym,flight_116,76,133.22,47.4959,ok,
2026_07_21_gym,flight_116,77,116.56,49.1249,ok,
2026_07_21_gym,flight_116,78,99.91,45.9775,ok,
2026_07_21_gym,flight_116,79,83.26,46.2007,ok,
2026_07_21_gym,flight_116,80,66.61,49.5726,ok,
2026_07_21_gym,flight_116,81,49.96,47.0243,ok,
2026_07_21_gym,flight_116,82,33.30,44.8860,ok,
2026_07_21_gym,flight_116,83,16.65,50.1016,ok,
2026_07_21_gym,flight_117,3,1315.51,735.9948,ok,
2026_07_21_gym,flight_117,4,1298.86,4178.9749,ok,
2026_07_21_gym,flight_117,5,1282.21,3290.8220,ok,
2026_07_21_gym,flight_117,6,1265.55,2583.4988,ok,
2026_07_21_gym,flight_117,7,1248.90,944.8376,ok,
2026_07_21_gym,flight_117,8,1232.25,1009.7683,ok,
2026_07_21_gym,flight_117,9,1215.60,386.7909,ok,
2026_07_21_gym,flight_117,10,1198.95,358.3963,ok,
2026_07_21_gym,flight_117,11,1182.29,409.5640,ok,
2026_07_21_gym,flight_117,12,1165.64,489.4714,ok,
2026_07_21_gym,flight_117,13,1148.99,395.7530,ok,
2026_07_21_gym,flight_117,14,1132.34,378.8227,ok,
2026_07_21_gym,flight_117,15,1115.69,364.5997,ok,
2026_07_21_gym,flight_117,16,1099.03,290.5276,ok,
2026_07_21_gym,flight_117,17,1082.38,292.4536,ok,
2026_07_21_gym,flight_117,18,1065.73,256.9713,ok,
2026_07_21_gym,flight_117,19,1049.08,216.2728,ok,
2026_07_21_gym,flight_117,20,1032.43,228.5771,ok,
2026_07_21_gym,flight_117,21,1015.77,209.8670,ok,
2026_07_21_gym,flight_117,22,999.12,199.3432,ok,
2026_07_21_gym,flight_117,23,982.47,212.5451,ok,
2026_07_21_gym,flight_117,24,965.82,213.0785,ok,
2026_07_21_gym,flight_117,25,949.17,213.4300,ok,
2026_07_21_gym,flight_117,26,932.51,218.1227,ok,
2026_07_21_gym,flight_117,27,915.86,212.0589,ok,
2026_07_21_gym,flight_117,28,899.21,214.3952,ok,
2026_07_21_gym,flight_117,29,882.56,221.0504,ok,
2026_07_21_gym,flight_117,30,865.91,221.2967,ok,
2026_07_21_gym,flight_117,31,849.25,229.6004,ok,
2026_07_21_gym,flight_117,32,832.60,238.7722,ok,
2026_07_21_gym,flight_117,33,815.95,221.2416,ok,
2026_07_21_gym,flight_117,34,799.30,210.8949,ok,
2026_07_21_gym,flight_117,35,782.65,220.0451,ok,
2026_07_21_gym,flight_117,36,765.99,177.9789,ok,
2026_07_21_gym,flight_117,37,749.34,150.9546,ok,
2026_07_21_gym,flight_117,38,732.69,162.4432,ok,
2026_07_21_gym,flight_117,39,716.04,156.8277,ok,
2026_07_21_gym,flight_117,40,699.39,140.4037,ok,
2026_07_21_gym,flight_117,41,682.73,121.0706,ok,
2026_07_21_gym,flight_117,42,666.08,115.0860,ok,
2026_07_21_gym,flight_117,43,649.43,90.2637,ok,
2026_07_21_gym,flight_117,44,632.78,79.8934,ok,
2026_07_21_gym,flight_117,45,616.13,77.5106,ok,
2026_07_21_gym,flight_117,46,599.47,69.6639,ok,
2026_07_21_gym,flight_117,47,582.82,69.7259,ok,
2026_07_21_gym,flight_117,48,566.17,61.1631,ok,
2026_07_21_gym,flight_117,49,549.52,58.2748,ok,
2026_07_21_gym,flight_117,50,532.87,60.2984,ok,
2026_07_21_gym,flight_117,51,516.21,55.4503,ok,
2026_07_21_gym,flight_117,52,499.56,56.5112,ok,
2026_07_21_gym,flight_117,53,482.91,56.3347,ok,
2026_07_21_gym,flight_117,54,466.26,54.4605,ok,
2026_07_21_gym,flight_117,55,449.61,54.0447,ok,
2026_07_21_gym,flight_117,56,432.95,54.4921,ok,
2026_07_21_gym,flight_117,57,416.30,52.9759,ok,
2026_07_21_gym,flight_117,58,399.65,54.5592,ok,
2026_07_21_gym,flight_117,59,383.00,57.1038,ok,
2026_07_21_gym,flight_117,60,366.34,51.6756,ok,
2026_07_21_gym,flight_117,61,349.69,50.6619,ok,
2026_07_21_gym,flight_117,62,333.04,50.9546,ok,
2026_07_21_gym,flight_117,63,316.39,51.0526,ok,
2026_07_21_gym,flight_117,64,299.74,49.5123,ok,
2026_07_21_gym,flight_117,65,283.09,49.9908,ok,
2026_07_21_gym,flight_117,66,266.43,51.1850,ok,
2026_07_21_gym,flight_117,67,249.78,50.1204,ok,
2026_07_21_gym,flight_117,68,233.13,47.7953,ok,
2026_07_21_gym,flight_117,69,216.48,46.0608,ok,
2026_07_21_gym,flight_117,70,199.82,45.0775,ok,
2026_07_21_gym,flight_117,71,183.17,48.1962,ok,
2026_07_21_gym,flight_117,72,166.52,48.7597,ok,
2026_07_21_gym,flight_117,73,149.87,49.2195,ok,
2026_07_21_gym,flight_117,74,133.22,50.3652,ok,
2026_07_21_gym,flight_117,75,116.56,47.2419,ok,
2026_07_21_gym,flight_117,76,99.91,47.3150,ok,
2026_07_21_gym,flight_117,77,83.26,46.5252,ok,
2026_07_21_gym,flight_117,78,66.61,44.7461,ok,
2026_07_21_gym,flight_117,79,49.96,45.9368,ok,
2026_07_21_gym,flight_117,80,33.30,48.6530,ok,
2026_07_21_gym,flight_117,81,16.65,46.8311,ok,
2026_07_21_gym,flight_118,3,1182.29,4186.1951,ok,
2026_07_21_gym,flight_118,4,1165.64,1955.2315,ok,
2026_07_21_gym,flight_118,5,1148.99,2603.8374,ok,
2026_07_21_gym,flight_118,6,1132.34,806.8422,ok,
2026_07_21_gym,flight_118,7,1115.69,1071.4266,ok,
2026_07_21_gym,flight_118,8,1099.03,822.2084,ok,
2026_07_21_gym,flight_118,9,1082.38,827.4401,ok,
2026_07_21_gym,flight_118,10,1065.73,1026.0767,ok,
2026_07_21_gym,flight_118,11,1049.08,918.1844,ok,
2026_07_21_gym,flight_118,12,1032.43,856.2163,ok,
2026_07_21_gym,flight_118,13,1015.77,776.0290,ok,
2026_07_21_gym,flight_118,14,999.12,785.3065,ok,
2026_07_21_gym,flight_118,15,982.47,663.0499,ok,
2026_07_21_gym,flight_118,16,965.82,537.1815,ok,
2026_07_21_gym,flight_118,17,949.17,582.1076,ok,
2026_07_21_gym,flight_118,18,932.51,578.0421,ok,
2026_07_21_gym,flight_118,19,915.85,559.1923,ok,
2026_07_21_gym,flight_118,20,899.21,450.3472,ok,
2026_07_21_gym,flight_118,21,882.56,447.5786,ok,
2026_07_21_gym,flight_118,22,865.91,410.1336,ok,
2026_07_21_gym,flight_118,23,849.25,362.4805,ok,
2026_07_21_gym,flight_118,24,832.60,351.9661,ok,
2026_07_21_gym,flight_118,25,815.95,328.8383,ok,
2026_07_21_gym,flight_118,26,799.30,307.9691,ok,
2026_07_21_gym,flight_118,27,782.65,315.7636,ok,
2026_07_21_gym,flight_118,28,765.99,291.9650,ok,
2026_07_21_gym,flight_118,29,749.34,280.6605,ok,
2026_07_21_gym,flight_118,30,732.69,291.4867,ok,
2026_07_21_gym,flight_118,31,716.04,298.2746,ok,
2026_07_21_gym,flight_118,32,699.39,274.7179,ok,
2026_07_21_gym,flight_118,33,682.73,278.4105,ok,
2026_07_21_gym,flight_118,34,666.08,264.8815,ok,
2026_07_21_gym,flight_118,35,649.43,249.0423,ok,
2026_07_21_gym,flight_118,36,632.78,214.0576,ok,
2026_07_21_gym,flight_118,37,616.13,212.1366,ok,
2026_07_21_gym,flight_118,38,599.47,202.6475,ok,
2026_07_21_gym,flight_118,39,582.82,179.7689,ok,
2026_07_21_gym,flight_118,40,566.17,182.2044,ok,
2026_07_21_gym,flight_118,41,549.52,186.2278,ok,
2026_07_21_gym,flight_118,42,532.87,159.8914,ok,
2026_07_21_gym,flight_118,43,516.21,156.8623,ok,
2026_07_21_gym,flight_118,44,499.56,150.5881,ok,
2026_07_21_gym,flight_118,45,482.91,131.0255,ok,
2026_07_21_gym,flight_118,46,466.26,137.7298,ok,
2026_07_21_gym,flight_118,47,449.60,130.7042,ok,
2026_07_21_gym,flight_118,48,432.95,131.4382,ok,
2026_07_21_gym,flight_118,49,416.30,136.1316,ok,
2026_07_21_gym,flight_118,50,399.65,128.2271,ok,
2026_07_21_gym,flight_118,51,383.00,119.1152,ok,
2026_07_21_gym,flight_118,52,366.34,113.1096,ok,
2026_07_21_gym,flight_118,53,349.69,113.9964,ok,
2026_07_21_gym,flight_118,54,333.04,107.6836,ok,
2026_07_21_gym,flight_118,55,316.39,105.8102,ok,
2026_07_21_gym,flight_118,56,299.74,96.4395,ok,
2026_07_21_gym,flight_118,57,283.08,85.7877,ok,
2026_07_21_gym,flight_118,58,266.43,85.3815,ok,
2026_07_21_gym,flight_118,59,249.78,92.2926,ok,
2026_07_21_gym,flight_118,60,233.13,100.7990,ok,
2026_07_21_gym,flight_118,61,216.48,95.6645,ok,
2026_07_21_gym,flight_118,62,199.82,90.8043,ok,
2026_07_21_gym,flight_118,63,183.17,92.9400,ok,
2026_07_21_gym,flight_118,64,166.52,87.6143,ok,
2026_07_21_gym,flight_118,65,149.87,87.0556,ok,
2026_07_21_gym,flight_118,66,133.22,87.8696,ok,
2026_07_21_gym,flight_118,67,116.56,86.1947,ok,
2026_07_21_gym,flight_118,68,99.91,84.0402,ok,
2026_07_21_gym,flight_118,69,83.26,83.5167,ok,
2026_07_21_gym,flight_118,70,66.61,79.5733,ok,
2026_07_21_gym,flight_118,71,49.96,77.7016,ok,
2026_07_21_gym,flight_118,72,33.30,81.2496,ok,
2026_07_21_gym,flight_118,73,16.65,78.6385,ok,
2026_07_21_gym,flight_119,3,1015.77,1765.3639,ok,
2026_07_21_gym,flight_119,4,999.12,1190.1242,ok,
2026_07_21_gym,flight_119,5,982.47,463.3083,ok,
2026_07_21_gym,flight_119,6,949.17,696.9617,ok,
2026_07_21_gym,flight_119,7,932.51,220.0985,ok,
2026_07_21_gym,flight_119,8,915.86,432.2561,ok,
2026_07_21_gym,flight_119,9,899.21,221.5646,ok,
2026_07_21_gym,flight_119,10,882.56,560.0660,ok,
2026_07_21_gym,flight_119,11,865.90,408.5680,ok,
2026_07_21_gym,flight_119,12,849.25,331.2829,ok,
2026_07_21_gym,flight_119,13,832.60,403.4061,ok,
2026_07_21_gym,flight_119,14,815.95,421.3891,ok,
2026_07_21_gym,flight_119,15,799.30,272.9321,ok,
2026_07_21_gym,flight_119,16,782.64,253.2562,ok,
2026_07_21_gym,flight_119,17,765.99,258.5867,ok,
2026_07_21_gym,flight_119,18,749.34,183.5678,ok,
2026_07_21_gym,flight_119,19,732.69,183.6746,ok,
2026_07_21_gym,flight_119,20,716.04,200.0244,ok,
2026_07_21_gym,flight_119,21,699.38,193.6665,ok,
2026_07_21_gym,flight_119,22,682.73,183.3317,ok,
2026_07_21_gym,flight_119,23,666.08,172.4918,ok,
2026_07_21_gym,flight_119,24,649.43,185.2259,ok,
2026_07_21_gym,flight_119,25,632.78,183.7699,ok,
2026_07_21_gym,flight_119,26,616.12,183.4810,ok,
2026_07_21_gym,flight_119,27,599.47,178.5080,ok,
2026_07_21_gym,flight_119,28,582.82,176.8843,ok,
2026_07_21_gym,flight_119,29,566.17,173.7903,ok,
2026_07_21_gym,flight_119,30,549.52,169.5425,ok,
2026_07_21_gym,flight_119,31,532.86,167.9437,ok,
2026_07_21_gym,flight_119,32,516.21,170.0791,ok,
2026_07_21_gym,flight_119,33,499.56,165.5712,ok,
2026_07_21_gym,flight_119,34,482.91,172.9986,ok,
2026_07_21_gym,flight_119,35,466.26,182.2106,ok,
2026_07_21_gym,flight_119,36,449.60,191.2305,ok,
2026_07_21_gym,flight_119,37,432.95,201.3780,ok,
2026_07_21_gym,flight_119,38,416.30,218.7839,ok,
2026_07_21_gym,flight_119,39,399.65,216.8330,ok,
2026_07_21_gym,flight_119,40,383.00,216.9684,ok,
2026_07_21_gym,flight_119,41,366.34,216.2656,ok,
2026_07_21_gym,flight_119,42,349.69,215.2625,ok,
2026_07_21_gym,flight_119,43,333.04,204.4058,ok,
2026_07_21_gym,flight_119,44,316.39,180.9946,ok,
2026_07_21_gym,flight_119,45,299.74,195.8080,ok,
2026_07_21_gym,flight_119,46,283.08,203.5216,ok,
2026_07_21_gym,flight_119,47,266.43,207.8923,ok,
2026_07_21_gym,flight_119,48,249.78,210.8629,ok,
2026_07_21_gym,flight_119,49,233.13,211.7394,ok,
2026_07_21_gym,flight_119,50,216.48,213.6287,ok,
2026_07_21_gym,flight_119,51,199.82,200.9199,ok,
2026_07_21_gym,flight_119,52,183.17,215.6630,ok,
2026_07_21_gym,flight_119,53,166.52,218.1010,ok,
2026_07_21_gym,flight_119,54,149.87,224.2435,ok,
2026_07_21_gym,flight_119,55,99.91,217.3772,ok,
2026_07_21_gym,flight_119,56,83.26,219.0138,ok,
2026_07_21_gym,flight_119,57,66.61,216.7817,ok,
2026_07_21_gym,flight_119,58,49.96,212.7354,ok,
2026_07_21_gym,flight_119,59,33.30,198.3642,ok,
2026_07_21_gym,flight_119,60,16.65,184.5913,ok,
2026_07_21_gym,flight_120,3,1348.81,4742.9900,ok,
2026_07_21_gym,flight_120,4,1332.16,2532.6447,ok,
2026_07_21_gym,flight_120,5,1315.51,2029.6362,ok,
2026_07_21_gym,flight_120,6,1298.86,1608.2681,ok,
2026_07_21_gym,flight_120,7,1282.21,890.0029,ok,
2026_07_21_gym,flight_120,8,1265.55,408.5728,ok,
2026_07_21_gym,flight_120,9,1248.90,188.1050,ok,
2026_07_21_gym,flight_120,10,1232.25,485.9947,ok,
2026_07_21_gym,flight_120,11,1215.60,222.9381,ok,
2026_07_21_gym,flight_120,12,1198.95,271.7992,ok,
2026_07_21_gym,flight_120,13,1182.29,573.6950,ok,
2026_07_21_gym,flight_120,14,1165.64,303.2489,ok,
2026_07_21_gym,flight_120,15,1148.99,310.7143,ok,
2026_07_21_gym,flight_120,16,1132.34,463.1954,ok,
2026_07_21_gym,flight_120,17,1115.69,347.3888,ok,
2026_07_21_gym,flight_120,18,1099.03,349.6650,ok,
2026_07_21_gym,flight_120,19,1082.38,425.1625,ok,
2026_07_21_gym,flight_120,20,1065.73,414.6380,ok,
2026_07_21_gym,flight_120,21,1049.08,454.7079,ok,
2026_07_21_gym,flight_120,22,1032.43,502.1377,ok,
2026_07_21_gym,flight_120,23,1015.77,491.9846,ok,
2026_07_21_gym,flight_120,24,999.12,442.9522,ok,
2026_07_21_gym,flight_120,25,982.47,399.6812,ok,
2026_07_21_gym,flight_120,26,965.82,368.6650,ok,
2026_07_21_gym,flight_120,27,949.16,351.0973,ok,
2026_07_21_gym,flight_120,28,932.51,328.6997,ok,
2026_07_21_gym,flight_120,29,915.86,318.1654,ok,
2026_07_21_gym,flight_120,30,899.21,300.1564,ok,
2026_07_21_gym,flight_120,31,882.56,267.2679,ok,
2026_07_21_gym,flight_120,32,865.91,267.8785,ok,
2026_07_21_gym,flight_120,33,849.25,268.9259,ok,
2026_07_21_gym,flight_120,34,832.60,301.1426,ok,
2026_07_21_gym,flight_120,35,815.95,288.3762,ok,
2026_07_21_gym,flight_120,36,799.30,273.5197,ok,
2026_07_21_gym,flight_120,37,782.65,263.1327,ok,
2026_07_21_gym,flight_120,38,765.99,238.7055,ok,
2026_07_21_gym,flight_120,39,749.34,219.5947,ok,
2026_07_21_gym,flight_120,40,732.69,232.3996,ok,
2026_07_21_gym,flight_120,41,716.04,234.9735,ok,
2026_07_21_gym,flight_120,42,699.39,227.2302,ok,
2026_07_21_gym,flight_120,43,682.73,230.7973,ok,
2026_07_21_gym,flight_120,44,666.08,197.2946,ok,
2026_07_21_gym,flight_120,45,649.43,202.5340,ok,
2026_07_21_gym,flight_120,46,632.78,185.5765,ok,
2026_07_21_gym,flight_120,47,616.13,174.2422,ok,
2026_07_21_gym,flight_120,48,599.47,157.7791,ok,
2026_07_21_gym,flight_120,49,582.82,150.9911,ok,
2026_07_21_gym,flight_120,50,566.17,148.6250,ok,
2026_07_21_gym,flight_120,51,549.52,138.8381,ok,
2026_07_21_gym,flight_120,52,532.87,142.3297,ok,
2026_07_21_gym,flight_120,53,516.21,138.2147,ok,
2026_07_21_gym,flight_120,54,499.56,133.8937,ok,
2026_07_21_gym,flight_120,55,482.91,132.5401,ok,
2026_07_21_gym,flight_120,56,466.26,136.4071,ok,
2026_07_21_gym,flight_120,57,449.61,133.0816,ok,
2026_07_21_gym,flight_120,58,432.95,132.5585,ok,
2026_07_21_gym,flight_120,59,416.30,136.4885,ok,
2026_07_21_gym,flight_120,60,399.65,136.2261,ok,
2026_07_21_gym,flight_120,61,383.00,130.6096,ok,
2026_07_21_gym,flight_120,62,366.34,131.1640,ok,
2026_07_21_gym,flight_120,63,349.69,124.5951,ok,
2026_07_21_gym,flight_120,64,333.04,118.9702,ok,
2026_07_21_gym,flight_120,65,316.39,115.8719,ok,
2026_07_21_gym,flight_120,66,299.74,107.5307,ok,
2026_07_21_gym,flight_120,67,283.09,108.8228,ok,
2026_07_21_gym,flight_120,68,266.43,106.3318,ok,
2026_07_21_gym,flight_120,69,249.78,100.4949,ok,
2026_07_21_gym,flight_120,70,233.13,98.0509,ok,
2026_07_21_gym,flight_120,71,216.48,97.2372,ok,
2026_07_21_gym,flight_120,72,199.82,97.7789,ok,
2026_07_21_gym,flight_120,73,183.17,98.8020,ok,
2026_07_21_gym,flight_120,74,166.52,90.5465,ok,
2026_07_21_gym,flight_120,75,149.87,95.4327,ok,
2026_07_21_gym,flight_120,76,133.22,96.1535,ok,
2026_07_21_gym,flight_120,77,116.56,95.7459,ok,
2026_07_21_gym,flight_120,78,99.91,99.8307,ok,
2026_07_21_gym,flight_120,79,83.26,97.1910,ok,
2026_07_21_gym,flight_120,80,66.61,95.3519,ok,
2026_07_21_gym,flight_120,81,49.96,102.3740,ok,
2026_07_21_gym,flight_120,82,33.30,100.8432,ok,
2026_07_21_gym,flight_120,83,16.65,100.9447,ok,
2026_07_21_gym,flight_121,3,1382.12,13615.7645,ok,
2026_07_21_gym,flight_121,4,1365.47,1369.9312,ok,
2026_07_21_gym,flight_121,5,1348.82,531.0812,ok,
2026_07_21_gym,flight_121,6,1332.16,1692.7943,ok,
2026_07_21_gym,flight_121,7,1315.51,430.2485,ok,
2026_07_21_gym,flight_121,8,1298.86,355.5757,ok,
2026_07_21_gym,flight_121,9,1282.21,1375.3616,ok,
2026_07_21_gym,flight_121,10,1265.56,855.2759,ok,
2026_07_21_gym,flight_121,11,1248.90,674.8929,ok,
2026_07_21_gym,flight_121,12,1232.25,1122.9563,ok,
2026_07_21_gym,flight_121,13,1215.60,538.1704,ok,
2026_07_21_gym,flight_121,14,1198.95,496.7857,ok,
2026_07_21_gym,flight_121,15,1182.30,871.7338,ok,
2026_07_21_gym,flight_121,16,1165.64,283.7556,ok,
2026_07_21_gym,flight_121,17,1148.99,421.4445,ok,
2026_07_21_gym,flight_121,18,1132.34,364.7085,ok,
2026_07_21_gym,flight_121,19,1115.69,319.7738,ok,
2026_07_21_gym,flight_121,20,1099.04,298.9088,ok,
2026_07_21_gym,flight_121,21,1082.38,404.2954,ok,
2026_07_21_gym,flight_121,22,1065.73,288.9883,ok,
2026_07_21_gym,flight_121,23,1049.08,294.2443,ok,
2026_07_21_gym,flight_121,24,1032.43,382.0663,ok,
2026_07_21_gym,flight_121,25,1015.78,357.6916,ok,
2026_07_21_gym,flight_121,26,999.12,409.1760,ok,
2026_07_21_gym,flight_121,27,982.47,497.8458,ok,
2026_07_21_gym,flight_121,28,965.82,451.6657,ok,
2026_07_21_gym,flight_121,29,949.17,497.7143,ok,
2026_07_21_gym,flight_121,30,932.52,525.1276,ok,
2026_07_21_gym,flight_121,31,915.86,506.7955,ok,
2026_07_21_gym,flight_121,32,899.21,465.6181,ok,
2026_07_21_gym,flight_121,33,882.56,478.3117,ok,
2026_07_21_gym,flight_121,34,865.91,445.1450,ok,
2026_07_21_gym,flight_121,35,849.25,425.0530,ok,
2026_07_21_gym,flight_121,36,832.60,414.1771,ok,
2026_07_21_gym,flight_121,37,815.95,388.3826,ok,
2026_07_21_gym,flight_121,38,799.30,379.9854,ok,
2026_07_21_gym,flight_121,39,782.65,371.5772,ok,
2026_07_21_gym,flight_121,40,766.00,348.3851,ok,
2026_07_21_gym,flight_121,41,749.34,349.7602,ok,
2026_07_21_gym,flight_121,42,732.69,341.2197,ok,
2026_07_21_gym,flight_121,43,716.04,322.5800,ok,
2026_07_21_gym,flight_121,44,699.39,333.4171,ok,
2026_07_21_gym,flight_121,45,682.73,326.5186,ok,
2026_07_21_gym,flight_121,46,666.08,307.9095,ok,
2026_07_21_gym,flight_121,47,649.43,308.1371,ok,
2026_07_21_gym,flight_121,48,632.78,300.1860,ok,
2026_07_21_gym,flight_121,49,616.13,287.7000,ok,
2026_07_21_gym,flight_121,50,599.47,288.8257,ok,
2026_07_21_gym,flight_121,51,582.82,278.9863,ok,
2026_07_21_gym,flight_121,52,566.17,270.7807,ok,
2026_07_21_gym,flight_121,53,549.52,270.1154,ok,
2026_07_21_gym,flight_121,54,532.87,262.3358,ok,
2026_07_21_gym,flight_121,55,516.21,258.7508,ok,
2026_07_21_gym,flight_121,56,499.56,259.5939,ok,
2026_07_21_gym,flight_121,57,482.91,250.8215,ok,
2026_07_21_gym,flight_121,58,466.26,249.8001,ok,
2026_07_21_gym,flight_121,59,449.61,256.5649,ok,
2026_07_21_gym,flight_121,60,432.95,255.4142,ok,
2026_07_21_gym,flight_121,61,416.30,254.1432,ok,
2026_07_21_gym,flight_121,62,399.65,256.5884,ok,
2026_07_21_gym,flight_121,63,383.00,248.9376,ok,
2026_07_21_gym,flight_121,64,366.35,243.0550,ok,
2026_07_21_gym,flight_121,65,349.69,246.3586,ok,
2026_07_21_gym,flight_121,66,333.04,243.7476,ok,
2026_07_21_gym,flight_121,67,316.39,241.9040,ok,
2026_07_21_gym,flight_121,68,299.74,245.2569,ok,
2026_07_21_gym,flight_121,69,283.09,238.0329,ok,
2026_07_21_gym,flight_121,70,266.43,240.0703,ok,
2026_07_21_gym,flight_121,71,249.78,234.4922,ok,
2026_07_21_gym,flight_121,72,216.48,257.6501,ok,
2026_07_21_gym,flight_121,73,183.17,260.8907,ok,
2026_07_21_gym,flight_121,74,166.52,247.4471,ok,
2026_07_21_gym,flight_121,75,149.87,238.7770,ok,
2026_07_21_gym,flight_121,76,133.22,238.6645,ok,
2026_07_21_gym,flight_121,77,116.57,235.3989,ok,
2026_07_21_gym,flight_121,78,83.26,230.9629,ok,
2026_07_21_gym,flight_121,79,66.61,228.2884,ok,
2026_07_21_gym,flight_121,80,33.31,228.9872,ok,
2026_07_21_gym,flight_121,81,16.65,223.4768,ok,
2026_07_21_gym,flight_122,3,1531.99,2882.4057,ok,
2026_07_21_gym,flight_122,4,1515.34,4703.8204,ok,
2026_07_21_gym,flight_122,5,1498.68,3523.8654,ok,
2026_07_21_gym,flight_122,6,1482.03,2441.2121,ok,
2026_07_21_gym,flight_122,7,1465.38,2107.3420,ok,
2026_07_21_gym,flight_122,8,1448.73,1217.2538,ok,
2026_07_21_gym,flight_122,9,1432.08,785.5877,ok,
2026_07_21_gym,flight_122,10,1415.42,1078.0486,ok,
2026_07_21_gym,flight_122,11,1398.77,702.4486,ok,
2026_07_21_gym,flight_122,12,1382.12,515.4015,ok,
2026_07_21_gym,flight_122,13,1348.82,664.3001,ok,
2026_07_21_gym,flight_122,14,1332.16,767.0148,ok,
2026_07_21_gym,flight_122,15,1315.51,211.6956,ok,
2026_07_21_gym,flight_122,16,1298.86,204.6498,ok,
2026_07_21_gym,flight_122,17,1282.21,323.6575,ok,
2026_07_21_gym,flight_122,18,1265.56,178.2452,ok,
2026_07_21_gym,flight_122,19,1248.90,169.1775,ok,
2026_07_21_gym,flight_122,20,1232.25,299.9389,ok,
2026_07_21_gym,flight_122,21,1198.95,146.1681,ok,
2026_07_21_gym,flight_122,22,1182.30,214.2200,ok,
2026_07_21_gym,flight_122,23,1165.64,138.8735,ok,
2026_07_21_gym,flight_122,24,1148.99,154.8599,ok,
2026_07_21_gym,flight_122,25,1132.34,146.3545,ok,
2026_07_21_gym,flight_122,26,1115.69,151.7685,ok,
2026_07_21_gym,flight_122,27,1099.04,165.6755,ok,
2026_07_21_gym,flight_122,28,1082.38,184.5609,ok,
2026_07_21_gym,flight_122,29,1065.73,181.0108,ok,
2026_07_21_gym,flight_122,30,1049.08,202.5184,ok,
2026_07_21_gym,flight_122,31,1032.43,200.7369,ok,
2026_07_21_gym,flight_122,32,1015.78,201.5606,ok,
2026_07_21_gym,flight_122,33,999.12,206.5365,ok,
2026_07_21_gym,flight_122,34,982.47,207.2888,ok,
2026_07_21_gym,flight_122,35,965.82,205.1582,ok,
2026_07_21_gym,flight_122,36,949.17,205.0592,ok,
2026_07_21_gym,flight_122,37,932.51,205.5461,ok,
2026_07_21_gym,flight_122,38,915.86,205.6620,ok,
2026_07_21_gym,flight_122,39,899.21,201.5226,ok,
2026_07_21_gym,flight_122,40,882.56,199.2608,ok,
2026_07_21_gym,flight_122,41,865.91,198.5889,ok,
2026_07_21_gym,flight_122,42,832.60,188.1567,ok,
2026_07_21_gym,flight_122,43,815.95,184.9284,ok,
2026_07_21_gym,flight_122,44,799.30,182.1134,ok,
2026_07_21_gym,flight_122,45,782.65,181.3267,ok,
2026_07_21_gym,flight_122,46,765.99,184.9284,ok,
2026_07_21_gym,flight_122,47,749.34,182.1459,ok,
2026_07_21_gym,flight_122,48,732.69,181.3661,ok,
2026_07_21_gym,flight_122,49,716.04,183.1785,ok,
2026_07_21_gym,flight_122,50,699.39,178.8591,ok,
2026_07_21_gym,flight_122,51,682.73,178.9822,ok,
2026_07_21_gym,flight_122,52,666.08,179.5968,ok,
2026_07_21_gym,flight_122,53,649.43,176.9682,ok,
2026_07_21_gym,flight_122,54,632.78,176.9613,ok,
2026_07_21_gym,flight_122,55,616.13,174.7090,ok,
2026_07_21_gym,flight_122,56,599.47,173.3716,ok,
2026_07_21_gym,flight_122,57,582.82,171.7080,ok,
2026_07_21_gym,flight_122,58,566.17,171.2992,ok,
2026_07_21_gym,flight_122,59,549.52,170.4453,ok,
2026_07_21_gym,flight_122,60,532.87,170.0254,ok,
2026_07_21_gym,flight_122,61,516.21,167.1184,ok,
2026_07_21_gym,flight_122,62,499.56,164.3157,ok,
2026_07_21_gym,flight_122,63,482.91,162.5932,ok,
2026_07_21_gym,flight_122,64,466.26,160.9894,ok,
2026_07_21_gym,flight_122,65,449.61,163.9232,ok,
2026_07_21_gym,flight_122,66,432.95,158.5539,ok,
2026_07_21_gym,flight_122,67,416.30,156.8134,ok,
2026_07_21_gym,flight_122,68,399.65,157.2072,ok,
2026_07_21_gym,flight_122,69,383.00,154.3532,ok,
2026_07_21_gym,flight_122,70,366.34,154.1247,ok,
2026_07_21_gym,flight_122,71,349.69,155.0405,ok,
2026_07_21_gym,flight_122,72,333.04,149.7107,ok,
2026_07_21_gym,flight_122,73,316.39,148.4739,ok,
2026_07_21_gym,flight_122,74,299.74,152.2910,ok,
2026_07_21_gym,flight_122,75,283.08,155.6499,ok,
2026_07_21_gym,flight_122,76,266.43,168.7658,ok,
2026_07_21_gym,flight_122,77,249.78,169.5491,ok,
2026_07_21_gym,flight_122,78,233.13,174.8816,ok,
2026_07_21_gym,flight_122,79,216.48,202.7478,ok,
2026_07_21_gym,flight_122,80,199.82,194.6324,ok,
2026_07_21_gym,flight_122,81,183.17,189.4134,ok,
2026_07_21_gym,flight_122,82,166.52,187.1744,ok,
2026_07_21_gym,flight_122,83,149.87,186.8015,ok,
2026_07_21_gym,flight_122,84,133.22,188.1594,ok,
2026_07_21_gym,flight_122,85,116.56,193.7929,ok,
2026_07_21_gym,flight_122,86,99.91,189.9637,ok,
2026_07_21_gym,flight_122,87,83.26,189.6164,ok,
2026_07_21_gym,flight_122,88,66.61,185.5629,ok,
2026_07_21_gym,flight_122,89,49.96,184.1369,ok,
2026_07_21_gym,flight_122,90,33.30,188.1846,ok,
2026_07_21_gym,flight_122,91,16.65,192.2254,ok,
2026_07_21_gym,flight_123,3,1382.12,2217.0446,ok,
2026_07_21_gym,flight_123,4,1365.47,873.4722,ok,
2026_07_21_gym,flight_123,5,1348.82,879.6635,ok,
2026_07_21_gym,flight_123,6,1332.16,693.8696,ok,
2026_07_21_gym,flight_123,7,1315.51,663.2849,ok,
2026_07_21_gym,flight_123,8,1298.86,959.3131,ok,
2026_07_21_gym,flight_123,9,1282.21,1016.0913,ok,
2026_07_21_gym,flight_123,10,1265.56,411.2474,ok,
2026_07_21_gym,flight_123,11,1248.90,650.6113,ok,
2026_07_21_gym,flight_123,12,1232.25,553.0261,ok,
2026_07_21_gym,flight_123,13,1215.60,298.9776,ok,
2026_07_21_gym,flight_123,14,1198.95,442.8072,ok,
2026_07_21_gym,flight_123,15,1182.30,344.6639,ok,
2026_07_21_gym,flight_123,16,1165.64,260.4344,ok,
2026_07_21_gym,flight_123,17,1148.99,281.7861,ok,
2026_07_21_gym,flight_123,18,1132.34,291.8941,ok,
2026_07_21_gym,flight_123,19,1115.69,282.5038,ok,
2026_07_21_gym,flight_123,20,1099.04,307.5986,ok,
2026_07_21_gym,flight_123,21,1082.38,299.1243,ok,
2026_07_21_gym,flight_123,22,1065.73,296.8384,ok,
2026_07_21_gym,flight_123,23,1049.08,297.2168,ok,
2026_07_21_gym,flight_123,24,1032.43,275.5543,ok,
2026_07_21_gym,flight_123,25,1015.78,291.1354,ok,
2026_07_21_gym,flight_123,26,999.12,264.5950,ok,
2026_07_21_gym,flight_123,27,982.47,263.7414,ok,
2026_07_21_gym,flight_123,28,965.82,261.6997,ok,
2026_07_21_gym,flight_123,29,949.17,249.0101,ok,
2026_07_21_gym,flight_123,30,932.51,261.3034,ok,
2026_07_21_gym,flight_123,31,915.86,273.6001,ok,
2026_07_21_gym,flight_123,32,899.21,305.9818,ok,
2026_07_21_gym,flight_123,33,882.56,320.9820,ok,
2026_07_21_gym,flight_123,34,865.91,298.2618,ok,
2026_07_21_gym,flight_123,35,849.25,327.7019,ok,
2026_07_21_gym,flight_123,36,832.60,312.8888,ok,
2026_07_21_gym,flight_123,37,815.95,268.3761,ok,
2026_07_21_gym,flight_123,38,799.30,293.6676,ok,
2026_07_21_gym,flight_123,39,782.65,270.7610,ok,
2026_07_21_gym,flight_123,40,765.99,238.0033,ok,
2026_07_21_gym,flight_123,41,732.69,210.9593,ok,
2026_07_21_gym,flight_123,42,716.04,180.9903,ok,
2026_07_21_gym,flight_123,43,682.73,154.8408,ok,
2026_07_21_gym,flight_123,44,666.08,143.8389,ok,
2026_07_21_gym,flight_123,45,649.43,134.9184,ok,
2026_07_21_gym,flight_123,46,616.13,127.0550,ok,
2026_07_21_gym,flight_123,47,582.82,124.9082,ok,
2026_07_21_gym,flight_123,48,566.17,125.5577,ok,
2026_07_21_gym,flight_123,49,549.52,119.4081,ok,
2026_07_21_gym,flight_123,50,532.87,122.1279,ok,
2026_07_21_gym,flight_123,51,516.21,125.0767,ok,
2026_07_21_gym,flight_123,52,499.56,120.5642,ok,
2026_07_21_gym,flight_123,53,482.91,129.3446,ok,
2026_07_21_gym,flight_123,54,466.26,140.7774,ok,
2026_07_21_gym,flight_123,55,449.61,138.7607,ok,
2026_07_21_gym,flight_123,56,432.95,137.6577,ok,
2026_07_21_gym,flight_123,57,416.30,141.2263,ok,
2026_07_21_gym,flight_123,58,399.65,138.9006,ok,
2026_07_21_gym,flight_123,59,383.00,137.9924,ok,
2026_07_21_gym,flight_123,60,366.34,142.8342,ok,
2026_07_21_gym,flight_123,61,349.69,143.1969,ok,
2026_07_21_gym,flight_123,62,333.04,128.2789,ok,
2026_07_21_gym,flight_123,63,316.39,132.9209,ok,
2026_07_21_gym,flight_123,64,299.74,128.3683,ok,
2026_07_21_gym,flight_123,65,283.08,128.3402,ok,
2026_07_21_gym,flight_123,66,266.43,135.5866,ok,
2026_07_21_gym,flight_123,67,249.78,156.9543,ok,
2026_07_21_gym,flight_123,68,233.13,153.5398,ok,
2026_07_21_gym,flight_123,69,216.48,154.6673,ok,
2026_07_21_gym,flight_123,70,199.82,144.4647,ok,
2026_07_21_gym,flight_123,71,183.17,133.2565,ok,
2026_07_21_gym,flight_123,72,166.52,132.6809,ok,
2026_07_21_gym,flight_123,73,149.87,130.2598,ok,
2026_07_21_gym,flight_123,74,133.22,129.8367,ok,
2026_07_21_gym,flight_123,75,116.56,122.9682,ok,
2026_07_21_gym,flight_123,76,83.26,125.7616,ok,
2026_07_21_gym,flight_123,77,66.61,116.0463,ok,
2026_07_21_gym,flight_123,78,49.96,118.2631,ok,
2026_07_21_gym,flight_123,79,33.30,132.9032,ok,
2026_07_21_gym,flight_123,80,16.65,118.6564,ok,
2026_07_21_gym,flight_124,3,1298.86,3325.4872,ok,
2026_07_21_gym,flight_124,4,1282.21,4071.0617,ok,
2026_07_21_gym,flight_124,5,1265.55,2782.7205,ok,
2026_07_21_gym,flight_124,6,1248.90,2659.6095,ok,
2026_07_21_gym,flight_124,7,1232.25,1330.3389,ok,
2026_07_21_gym,flight_124,8,1215.60,795.7396,ok,
2026_07_21_gym,flight_124,9,1198.95,1142.8894,ok,
2026_07_21_gym,flight_124,10,1182.30,730.8283,ok,
2026_07_21_gym,flight_124,11,1165.64,713.3491,ok,
2026_07_21_gym,flight_124,12,1148.99,831.6192,ok,
2026_07_21_gym,flight_124,13,1132.34,785.4139,ok,
2026_07_21_gym,flight_124,14,1115.69,557.3286,ok,
2026_07_21_gym,flight_124,15,1099.03,602.7620,ok,
2026_07_21_gym,flight_124,16,1082.38,591.6014,ok,
2026_07_21_gym,flight_124,17,1065.73,434.3925,ok,
2026_07_21_gym,flight_124,18,1049.08,647.6397,ok,
2026_07_21_gym,flight_124,19,1032.43,310.8573,ok,
2026_07_21_gym,flight_124,20,999.12,448.5843,ok,
2026_07_21_gym,flight_124,21,982.47,332.2412,ok,
2026_07_21_gym,flight_124,22,965.82,367.3091,ok,
2026_07_21_gym,flight_124,23,949.17,428.5833,ok,
2026_07_21_gym,flight_124,24,932.51,388.6050,ok,
2026_07_21_gym,flight_124,25,915.86,438.9374,ok,
2026_07_21_gym,flight_124,26,899.21,460.7791,ok,
2026_07_21_gym,flight_124,27,882.56,446.5962,ok,
2026_07_21_gym,flight_124,28,865.91,452.6656,ok,
2026_07_21_gym,flight_124,29,849.25,407.8811,ok,
2026_07_21_gym,flight_124,30,832.60,388.8632,ok,
2026_07_21_gym,flight_124,31,815.95,392.2298,ok,
2026_07_21_gym,flight_124,32,799.30,398.1924,ok,
2026_07_21_gym,flight_124,33,782.65,391.8953,ok,
2026_07_21_gym,flight_124,34,765.99,384.1817,ok,
2026_07_21_gym,flight_124,35,749.34,376.3904,ok,
2026_07_21_gym,flight_124,36,732.69,379.3764,ok,
2026_07_21_gym,flight_124,37,716.04,385.6555,ok,
2026_07_21_gym,flight_124,38,699.38,391.4106,ok,
2026_07_21_gym,flight_124,39,682.73,373.7674,ok,
2026_07_21_gym,flight_124,40,666.08,386.0359,ok,
2026_07_21_gym,flight_124,41,649.43,381.2626,ok,
2026_07_21_gym,flight_124,42,632.78,376.0628,ok,
2026_07_21_gym,flight_124,43,616.13,368.6384,ok,
2026_07_21_gym,flight_124,44,599.47,347.0714,ok,
2026_07_21_gym,flight_124,45,582.82,340.9302,ok,
2026_07_21_gym,flight_124,46,566.17,330.6368,ok,
2026_07_21_gym,flight_124,47,549.52,316.9855,ok,
2026_07_21_gym,flight_124,48,532.87,339.9390,ok,
2026_07_21_gym,flight_124,49,516.21,307.9898,ok,
2026_07_21_gym,flight_124,50,499.56,298.0049,ok,
2026_07_21_gym,flight_124,51,482.91,306.5355,ok,
2026_07_21_gym,flight_124,52,466.26,281.2760,ok,
2026_07_21_gym,flight_124,53,449.61,278.0490,ok,
2026_07_21_gym,flight_124,54,432.95,278.3149,ok,
2026_07_21_gym,flight_124,55,416.30,285.3450,ok,
2026_07_21_gym,flight_124,56,399.65,287.9837,ok,
2026_07_21_gym,flight_124,57,383.00,286.2720,ok,
2026_07_21_gym,flight_124,58,366.34,284.9000,ok,
2026_07_21_gym,flight_124,59,349.69,264.6824,ok,
2026_07_21_gym,flight_124,60,333.04,261.6314,ok,
2026_07_21_gym,flight_124,61,316.39,267.5587,ok,
2026_07_21_gym,flight_124,62,299.74,273.3065,ok,
2026_07_21_gym,flight_124,63,283.08,274.6965,ok,
2026_07_21_gym,flight_124,64,266.43,272.7431,ok,
2026_07_21_gym,flight_124,65,249.78,267.9007,ok,
2026_07_21_gym,flight_124,66,233.13,278.2780,ok,
2026_07_21_gym,flight_124,67,216.48,274.8560,ok,
2026_07_21_gym,flight_124,68,199.83,282.6156,ok,
2026_07_21_gym,flight_124,69,183.17,286.7099,ok,
2026_07_21_gym,flight_124,70,166.52,287.4375,ok,
2026_07_21_gym,flight_124,71,149.87,292.6239,ok,
2026_07_21_gym,flight_124,72,133.22,286.9677,ok,
2026_07_21_gym,flight_124,73,116.56,286.5876,ok,
2026_07_21_gym,flight_124,74,99.91,288.7292,ok,
2026_07_21_gym,flight_124,75,83.26,285.2119,ok,
2026_07_21_gym,flight_124,76,33.30,282.4993,ok,
2026_07_21_gym,flight_125,3,1298.86,10175.2560,ok,
2026_07_21_gym,flight_125,4,1282.21,5095.4799,ok,
2026_07_21_gym,flight_125,5,1265.56,1366.6681,ok,
2026_07_21_gym,flight_125,6,1248.90,1217.0829,ok,
2026_07_21_gym,flight_125,7,1232.25,341.1030,ok,
2026_07_21_gym,flight_125,8,1215.60,285.4926,ok,
2026_07_21_gym,flight_125,9,1198.95,469.4503,ok,
2026_07_21_gym,flight_125,10,1182.30,347.3295,ok,
2026_07_21_gym,flight_125,11,1165.64,285.2361,ok,
2026_07_21_gym,flight_125,12,1148.99,311.7668,ok,
2026_07_21_gym,flight_125,13,1132.34,501.9979,ok,
2026_07_21_gym,flight_125,14,1115.69,405.0662,ok,
2026_07_21_gym,flight_125,15,1099.04,410.0776,ok,
2026_07_21_gym,flight_125,16,1082.38,280.6370,ok,
2026_07_21_gym,flight_125,17,1065.73,249.7346,ok,
2026_07_21_gym,flight_125,18,1049.08,259.4436,ok,
2026_07_21_gym,flight_125,19,1032.43,245.0493,ok,
2026_07_21_gym,flight_125,20,1015.78,239.8850,ok,
2026_07_21_gym,flight_125,21,999.12,249.9614,ok,
2026_07_21_gym,flight_125,22,982.47,231.6946,ok,
2026_07_21_gym,flight_125,23,965.82,280.3984,ok,
2026_07_21_gym,flight_125,24,949.17,351.9122,ok,
2026_07_21_gym,flight_125,25,932.52,344.8724,ok,
2026_07_21_gym,flight_125,26,915.86,310.9077,ok,
2026_07_21_gym,flight_125,27,899.21,262.0733,ok,
2026_07_21_gym,flight_125,28,882.56,242.5376,ok,
2026_07_21_gym,flight_125,29,865.91,213.6122,ok,
2026_07_21_gym,flight_125,30,849.25,195.2827,ok,
2026_07_21_gym,flight_125,31,832.60,186.2103,ok,
2026_07_21_gym,flight_125,32,815.95,172.9057,ok,
2026_07_21_gym,flight_125,33,799.30,167.6083,ok,
2026_07_21_gym,flight_125,34,782.65,162.0832,ok,
2026_07_21_gym,flight_125,35,765.99,156.2231,ok,
2026_07_21_gym,flight_125,36,749.34,154.7328,ok,
2026_07_21_gym,flight_125,37,732.69,153.8992,ok,
2026_07_21_gym,flight_125,38,716.04,151.5009,ok,
2026_07_21_gym,flight_125,39,699.39,150.3473,ok,
2026_07_21_gym,flight_125,40,682.73,148.8337,ok,
2026_07_21_gym,flight_125,41,666.08,146.7895,ok,
2026_07_21_gym,flight_125,42,649.43,144.6317,ok,
2026_07_21_gym,flight_125,43,632.78,141.7348,ok,
2026_07_21_gym,flight_125,44,616.13,139.2146,ok,
2026_07_21_gym,flight_125,45,599.47,137.4221,ok,
2026_07_21_gym,flight_125,46,582.82,135.0546,ok,
2026_07_21_gym,flight_125,47,566.17,134.3033,ok,
2026_07_21_gym,flight_125,48,549.52,133.0244,ok,
2026_07_21_gym,flight_125,49,532.87,130.0152,ok,
2026_07_21_gym,flight_125,50,516.21,132.2233,ok,
2026_07_21_gym,flight_125,51,499.56,131.2169,ok,
2026_07_21_gym,flight_125,52,482.91,128.7907,ok,
2026_07_21_gym,flight_125,53,466.26,127.3748,ok,
2026_07_21_gym,flight_125,54,449.60,125.5220,ok,
2026_07_21_gym,flight_125,55,432.95,120.6364,ok,
2026_07_21_gym,flight_125,56,416.30,124.3882,ok,
2026_07_21_gym,flight_125,57,399.65,120.3022,ok,
2026_07_21_gym,flight_125,58,383.00,115.1168,ok,
2026_07_21_gym,flight_125,59,366.35,120.4769,ok,
2026_07_21_gym,flight_125,60,349.69,116.1837,ok,
2026_07_21_gym,flight_125,61,333.04,120.5084,ok,
2026_07_21_gym,flight_125,62,316.39,119.7528,ok,
2026_07_21_gym,flight_125,63,299.74,117.6534,ok,
2026_07_21_gym,flight_125,64,283.09,117.4522,ok,
2026_07_21_gym,flight_125,65,266.43,116.8770,ok,
2026_07_21_gym,flight_125,66,249.78,118.9788,ok,
2026_07_21_gym,flight_125,67,233.13,121.9796,ok,
2026_07_21_gym,flight_125,68,216.48,123.7394,ok,
2026_07_21_gym,flight_125,69,199.83,121.6232,ok,
2026_07_21_gym,flight_125,70,183.17,121.5572,ok,
2026_07_21_gym,flight_125,71,166.52,124.2104,ok,
2026_07_21_gym,flight_125,72,149.87,123.6849,ok,
2026_07_21_gym,flight_125,73,133.22,133.4028,ok,
2026_07_21_gym,flight_125,74,116.56,137.9263,ok,
2026_07_21_gym,flight_125,75,99.91,141.6027,ok,
2026_07_21_gym,flight_125,76,83.26,146.2578,ok,
2026_07_21_gym,flight_125,77,66.61,144.5166,ok,
2026_07_21_gym,flight_125,78,49.95,144.5774,ok,
2026_07_21_gym,flight_125,79,33.30,149.4788,ok,
2026_07_21_gym,flight_125,80,16.65,144.3128,ok,
2026_07_21_gym,flight_126,3,1382.12,6395.9130,ok,
2026_07_21_gym,flight_126,4,1365.47,729.4157,ok,
2026_07_21_gym,flight_126,5,1348.82,1840.6304,ok,
2026_07_21_gym,flight_126,6,1332.16,821.8528,ok,
2026_07_21_gym,flight_126,7,1315.51,511.0490,ok,
2026_07_21_gym,flight_126,8,1298.86,213.2526,ok,
2026_07_21_gym,flight_126,9,1282.21,147.4531,ok,
2026_07_21_gym,flight_126,10,1265.56,275.3697,ok,
2026_07_21_gym,flight_126,11,1248.90,569.3892,ok,
2026_07_21_gym,flight_126,12,1232.25,145.9639,ok,
2026_07_21_gym,flight_126,13,1215.60,191.4833,ok,
2026_07_21_gym,flight_126,14,1198.95,688.0777,ok,
2026_07_21_gym,flight_126,15,1182.30,275.3198,ok,
2026_07_21_gym,flight_126,16,1165.64,399.4749,ok,
2026_07_21_gym,flight_126,17,1148.99,497.8426,ok,
2026_07_21_gym,flight_126,18,1132.34,170.2224,ok,
2026_07_21_gym,flight_126,19,1115.69,286.2678,ok,
2026_07_21_gym,flight_126,20,1099.04,263.0086,ok,
2026_07_21_gym,flight_126,21,1082.38,212.1199,ok,
2026_07_21_gym,flight_126,22,1065.73,254.5860,ok,
2026_07_21_gym,flight_126,23,1049.08,167.9886,ok,
2026_07_21_gym,flight_126,24,1032.43,162.1964,ok,
2026_07_21_gym,flight_126,25,1015.78,113.1167,ok,
2026_07_21_gym,flight_126,26,999.12,105.2631,ok,
2026_07_21_gym,flight_126,27,982.47,94.8584,ok,
2026_07_21_gym,flight_126,28,965.82,100.3988,ok,
2026_07_21_gym,flight_126,29,949.17,101.6725,ok,
2026_07_21_gym,flight_126,30,932.51,109.0636,ok,
2026_07_21_gym,flight_126,31,915.86,106.3846,ok,
2026_07_21_gym,flight_126,32,899.21,106.0081,ok,
2026_07_21_gym,flight_126,33,882.56,112.8688,ok,
2026_07_21_gym,flight_126,34,865.91,112.6114,ok,
2026_07_21_gym,flight_126,35,849.25,118.3994,ok,
2026_07_21_gym,flight_126,36,832.60,126.1610,ok,
2026_07_21_gym,flight_126,37,815.95,125.6282,ok,
2026_07_21_gym,flight_126,38,799.30,123.9667,ok,
2026_07_21_gym,flight_126,39,782.65,130.3782,ok,
2026_07_21_gym,flight_126,40,766.00,127.1392,ok,
2026_07_21_gym,flight_126,41,749.34,135.9264,ok,
2026_07_21_gym,flight_126,42,732.69,151.6046,ok,
2026_07_21_gym,flight_126,43,716.04,167.1746,ok,
2026_07_21_gym,flight_126,44,699.39,187.9193,ok,
2026_07_21_gym,flight_126,45,682.73,195.2428,ok,
2026_07_21_gym,flight_126,46,666.08,192.4762,ok,
2026_07_21_gym,flight_126,47,649.43,199.8396,ok,
2026_07_21_gym,flight_126,48,632.78,207.6596,ok,
2026_07_21_gym,flight_126,49,616.13,202.9024,ok,
2026_07_21_gym,flight_126,50,599.47,210.8886,ok,
2026_07_21_gym,flight_126,51,582.82,206.9808,ok,
2026_07_21_gym,flight_126,52,566.17,211.9511,ok,
2026_07_21_gym,flight_126,53,549.52,213.5694,ok,
2026_07_21_gym,flight_126,54,532.87,212.2649,ok,
2026_07_21_gym,flight_126,55,516.21,209.6303,ok,
2026_07_21_gym,flight_126,56,499.56,208.1989,ok,
2026_07_21_gym,flight_126,57,482.91,206.6782,ok,
2026_07_21_gym,flight_126,58,466.26,212.6227,ok,
2026_07_21_gym,flight_126,59,449.61,208.7148,ok,
2026_07_21_gym,flight_126,60,432.95,199.1159,ok,
2026_07_21_gym,flight_126,61,416.30,209.3865,ok,
2026_07_21_gym,flight_126,62,399.65,205.8847,ok,
2026_07_21_gym,flight_126,63,383.00,198.8226,ok,
2026_07_21_gym,flight_126,64,366.35,184.8778,ok,
2026_07_21_gym,flight_126,65,349.69,183.3177,ok,
2026_07_21_gym,flight_126,66,333.04,180.8323,ok,
2026_07_21_gym,flight_126,67,316.39,181.1807,ok,
2026_07_21_gym,flight_126,68,299.74,176.1478,ok,
2026_07_21_gym,flight_126,69,283.09,170.4976,ok,
2026_07_21_gym,flight_126,70,266.43,170.7359,ok,
2026_07_21_gym,flight_126,71,249.78,175.3183,ok,
2026_07_21_gym,flight_126,72,233.13,173.6469,ok,
2026_07_21_gym,flight_126,73,216.48,173.9572,ok,
2026_07_21_gym,flight_126,74,199.82,174.2470,ok,
2026_07_21_gym,flight_126,75,183.17,176.7205,ok,
2026_07_21_gym,flight_126,76,166.52,181.8786,ok,
2026_07_21_gym,flight_126,77,149.87,178.0929,ok,
2026_07_21_gym,flight_126,78,133.22,184.3021,ok,
2026_07_21_gym,flight_126,79,116.57,184.3871,ok,
2026_07_21_gym,flight_126,80,99.91,186.2769,ok,
2026_07_21_gym,flight_126,81,83.26,187.9061,ok,
2026_07_21_gym,flight_126,82,66.61,184.5479,ok,
2026_07_21_gym,flight_126,83,49.96,181.6929,ok,
2026_07_21_gym,flight_126,84,33.30,178.0465,ok,
2026_07_21_gym,flight_126,85,16.65,176.6350,ok,
2026_07_15_gym,flight_01,3,366.34,233.5921,ok,
2026_07_15_gym,flight_01,4,349.69,447.7165,ok,
2026_07_15_gym,flight_01,5,333.04,277.6481,ok,
2026_07_15_gym,flight_01,6,316.39,316.9003,ok,
2026_07_15_gym,flight_01,7,299.74,255.5902,ok,
2026_07_15_gym,flight_01,8,283.09,197.8881,ok,
2026_07_15_gym,flight_01,9,266.43,206.2783,ok,
2026_07_15_gym,flight_01,10,249.78,232.8121,ok,
2026_07_15_gym,flight_01,11,233.13,255.4889,ok,
2026_07_15_gym,flight_01,12,216.48,260.9738,ok,
2026_07_15_gym,flight_01,13,199.83,259.1361,ok,
2026_07_15_gym,flight_01,14,183.17,217.1723,ok,
2026_07_15_gym,flight_01,15,166.52,236.0451,ok,
2026_07_15_gym,flight_01,16,149.87,228.3038,ok,
2026_07_15_gym,flight_01,17,133.22,250.9574,ok,
2026_07_15_gym,flight_01,18,116.57,263.0258,ok,
2026_07_15_gym,flight_01,19,99.91,272.1119,ok,
2026_07_15_gym,flight_01,20,83.26,283.8678,ok,
2026_07_15_gym,flight_01,21,66.61,279.7927,ok,
2026_07_15_gym,flight_01,22,49.96,268.9227,ok,
2026_07_15_gym,flight_01,23,33.30,274.5981,ok,
2026_07_15_gym,flight_01,24,16.65,278.7668,ok,
2026_07_15_gym,flight_11,3,1482.03,2943.1997,ok,
2026_07_15_gym,flight_11,4,1465.38,2489.6150,ok,
2026_07_15_gym,flight_11,5,1448.73,1292.7857,ok,
2026_07_15_gym,flight_11,6,1432.08,677.0320,ok,
2026_07_15_gym,flight_11,7,1415.42,215.4901,ok,
2026_07_15_gym,flight_11,8,1398.77,585.1058,ok,
2026_07_15_gym,flight_11,9,1382.12,816.2137,ok,
2026_07_15_gym,flight_11,10,1365.47,215.9873,ok,
2026_07_15_gym,flight_11,11,1348.82,225.3030,ok,
2026_07_15_gym,flight_11,12,1332.16,753.0569,ok,
2026_07_15_gym,flight_11,13,1315.51,277.0280,ok,
2026_07_15_gym,flight_11,14,1298.86,509.7246,ok,
2026_07_15_gym,flight_11,15,1282.21,862.5211,ok,
2026_07_15_gym,flight_11,16,1265.56,510.5003,ok,
2026_07_15_gym,flight_11,17,1248.90,554.7760,ok,
2026_07_15_gym,flight_11,18,1232.25,632.5624,ok,
2026_07_15_gym,flight_11,19,1215.60,484.0405,ok,
2026_07_15_gym,flight_11,20,1198.95,519.4788,ok,
2026_07_15_gym,flight_11,21,1182.30,533.1936,ok,
2026_07_15_gym,flight_11,22,1165.64,467.1229,ok,
2026_07_15_gym,flight_11,23,1148.99,502.0443,ok,
2026_07_15_gym,flight_11,24,1132.34,513.8608,ok,
2026_07_15_gym,flight_11,25,1115.69,439.6603,ok,
2026_07_15_gym,flight_11,26,1099.03,433.8276,ok,
2026_07_15_gym,flight_11,27,1082.38,435.8787,ok,
2026_07_15_gym,flight_11,28,1065.73,329.1964,ok,
2026_07_15_gym,flight_11,29,1049.08,302.1289,ok,
2026_07_15_gym,flight_11,30,1032.43,332.6029,ok,
2026_07_15_gym,flight_11,31,1015.77,2993.9301,ok,
2026_07_15_gym,flight_11,32,999.12,5719.9985,ok,
2026_07_15_gym,flight_11,33,965.82,5055.1827,ok,
2026_07_15_gym,flight_11,34,949.17,4511.3711,ok,
2026_07_15_gym,flight_11,35,915.86,3991.7139,ok,
2026_07_15_gym,flight_11,36,899.21,3565.1822,ok,
2026_07_15_gym,flight_11,37,882.56,3173.6567,ok,
2026_07_15_gym,flight_11,38,865.91,2841.8303,ok,
2026_07_15_gym,flight_11,39,849.25,2557.5805,ok,
2026_07_15_gym,flight_11,40,832.60,2303.3283,ok,
2026_07_15_gym,flight_11,41,815.94,2064.6237,ok,
2026_07_15_gym,flight_11,42,799.30,1872.8504,ok,
2026_07_15_gym,flight_11,43,782.64,1700.6652,ok,
2026_07_15_gym,flight_11,44,765.99,1540.0281,ok,
2026_07_15_gym,flight_11,45,749.34,1405.9150,ok,
2026_07_15_gym,flight_11,46,732.68,1285.1266,ok,
2026_07_15_gym,flight_11,47,716.04,1159.7150,ok,
2026_07_15_gym,flight_11,48,699.38,1049.6369,ok,
2026_07_15_gym,flight_11,49,682.73,958.0969,ok,
2026_07_15_gym,flight_11,50,666.08,858.5913,ok,
2026_07_15_gym,flight_11,51,649.43,783.8467,ok,
2026_07_15_gym,flight_11,52,632.78,704.5348,ok,
2026_07_15_gym,flight_11,53,599.47,646.8759,ok,
2026_07_15_gym,flight_11,54,582.82,604.3840,ok,
2026_07_15_gym,flight_11,55,566.17,347.3687,ok,
2026_07_15_gym,flight_11,56,532.86,1007.1967,ok,
2026_07_15_gym,flight_11,57,499.56,1612.2443,ok,
2026_07_15_gym,flight_11,58,482.91,2141.8694,ok,
2026_07_15_gym,flight_11,59,466.26,2603.4314,ok,
2026_07_15_gym,flight_11,60,449.60,2663.5583,ok,
2026_07_15_gym,flight_11,61,333.04,2461.8751,ok,
2026_07_15_gym,flight_11,62,299.74,2272.8898,ok,
2026_07_15_gym,flight_11,63,283.08,2097.9642,ok,
2026_07_15_gym,flight_11,64,266.43,1948.2637,ok,
2026_07_15_gym,flight_11,65,249.78,1821.4471,ok,
2026_07_15_gym,flight_11,66,233.13,1715.1547,ok,
2026_07_15_gym,flight_11,67,216.48,1602.0848,ok,
2026_07_15_gym,flight_11,68,199.82,1459.4031,ok,
2026_07_15_gym,flight_11,69,183.17,1388.0740,ok,
2026_07_15_gym,flight_11,70,166.52,1297.9443,ok,
2026_07_15_gym,flight_11,71,149.87,1210.8697,ok,
2026_07_15_gym,flight_11,72,133.22,1159.4337,ok,
2026_07_15_gym,flight_11,73,116.56,1095.7400,ok,
2026_07_15_gym,flight_11,74,99.91,1040.5295,ok,
2026_07_15_gym,flight_11,75,49.96,987.2035,ok,
2026_07_15_gym,flight_11,76,16.65,938.7776,ok,
2026_07_15_gym,flight_12,3,1482.03,724.0865,ok,
2026_07_15_gym,flight_12,4,1465.38,624.5582,ok,
2026_07_15_gym,flight_12,5,1448.73,1289.8678,ok,
2026_07_15_gym,flight_12,6,1432.08,432.7025,ok,
2026_07_15_gym,flight_12,7,1415.43,730.0311,ok,
2026_07_15_gym,flight_12,8,1398.77,889.0773,ok,
2026_07_15_gym,flight_12,9,1382.12,276.9719,ok,
2026_07_15_gym,flight_12,10,1365.47,568.9648,ok,
2026_07_15_gym,flight_12,11,1348.82,753.1560,ok,
2026_07_15_gym,flight_12,12,1332.16,428.8087,ok,
2026_07_15_gym,flight_12,13,1315.51,386.7968,ok,
2026_07_15_gym,flight_12,14,1298.86,565.9008,ok,
2026_07_15_gym,flight_12,15,1282.21,247.1934,ok,
2026_07_15_gym,flight_12,16,1265.55,274.5581,ok,
2026_07_15_gym,flight_12,17,1248.90,223.2602,ok,
2026_07_15_gym,flight_12,18,1232.25,320.2219,ok,
2026_07_15_gym,flight_12,19,1215.60,216.4037,ok,
2026_07_15_gym,flight_12,20,1198.95,163.2928,ok,
2026_07_15_gym,flight_12,21,1182.30,498.9075,ok,
2026_07_15_gym,flight_12,22,1165.64,447.8785,ok,
2026_07_15_gym,flight_12,23,1148.99,318.5040,ok,
2026_07_15_gym,flight_12,24,1132.34,643.6005,ok,
2026_07_15_gym,flight_12,25,1115.69,530.0265,ok,
2026_07_15_gym,flight_12,26,1099.04,447.7383,ok,
2026_07_15_gym,flight_12,27,1082.38,431.2595,ok,
2026_07_15_gym,flight_12,28,1065.73,519.3441,ok,
2026_07_15_gym,flight_12,29,1049.08,417.8791,ok,
2026_07_15_gym,flight_12,30,1032.43,373.6191,ok,
2026_07_15_gym,flight_12,31,1015.78,344.8826,ok,
2026_07_15_gym,flight_12,32,999.12,282.4688,ok,
2026_07_15_gym,flight_12,33,982.47,218.6796,ok,
2026_07_15_gym,flight_12,34,965.82,186.1830,ok,
2026_07_15_gym,flight_12,35,949.17,160.2845,ok,
2026_07_15_gym,flight_12,36,932.51,152.2031,ok,
2026_07_15_gym,flight_12,37,915.86,101.4181,ok,
2026_07_15_gym,flight_12,38,899.21,89.7106,ok,
2026_07_15_gym,flight_12,39,882.56,86.9612,ok,
2026_07_15_gym,flight_12,40,865.91,87.9428,ok,
2026_07_15_gym,flight_12,41,849.25,89.5576,ok,
2026_07_15_gym,flight_12,42,832.60,85.9001,ok,
2026_07_15_gym,flight_12,43,815.95,86.7331,ok,
2026_07_15_gym,flight_12,44,799.30,79.8427,ok,
2026_07_15_gym,flight_12,45,782.65,74.9393,ok,
2026_07_15_gym,flight_12,46,765.99,68.4765,ok,
2026_07_15_gym,flight_12,47,749.34,63.6314,ok,
2026_07_15_gym,flight_12,48,732.69,57.6344,ok,
2026_07_15_gym,flight_12,49,716.04,52.1698,ok,
2026_07_15_gym,flight_12,50,699.38,45.8931,ok,
2026_07_15_gym,flight_12,51,682.73,43.4714,ok,
2026_07_15_gym,flight_12,52,666.08,290.0118,ok,
2026_07_15_gym,flight_12,53,649.43,685.8326,ok,
2026_07_15_gym,flight_12,54,632.78,1562.1424,ok,
2026_07_15_gym,flight_12,55,599.47,2330.7927,ok,
2026_07_15_gym,flight_12,56,549.52,2988.9608,ok,
2026_07_15_gym,flight_12,57,532.87,3563.3371,ok,
2026_07_15_gym,flight_12,58,516.21,3483.7881,ok,
2026_07_15_gym,flight_12,59,499.56,3260.1169,ok,
2026_07_15_gym,flight_12,60,482.91,3052.8358,ok,
2026_07_15_gym,flight_12,61,466.26,2870.1429,ok,
2026_07_15_gym,flight_12,62,449.61,2686.0784,ok,
2026_07_15_gym,flight_12,63,432.95,2524.4575,ok,
2026_07_15_gym,flight_12,64,416.30,2380.3631,ok,
2026_07_15_gym,flight_12,65,399.65,2245.3696,ok,
2026_07_15_gym,flight_12,66,383.00,2113.5832,ok,
2026_07_15_gym,flight_12,67,366.35,1989.7650,ok,
2026_07_15_gym,flight_12,68,349.69,1884.5418,ok,
2026_07_15_gym,flight_12,69,333.04,1775.7715,ok,
2026_07_15_gym,flight_12,70,299.74,1670.7356,ok,
2026_07_15_gym,flight_12,71,283.09,1574.8071,ok,
2026_07_15_gym,flight_12,72,266.43,1499.3044,ok,
2026_07_15_gym,flight_12,73,249.78,1421.6522,ok,
2026_07_15_gym,flight_12,74,233.13,1360.5983,ok,
2026_07_15_gym,flight_12,75,216.48,1298.6119,ok,
2026_07_15_gym,flight_12,76,166.52,1227.2738,ok,
2026_07_15_gym,flight_12,77,149.87,1168.9507,ok,
2026_07_15_gym,flight_12,78,133.22,1114.6850,ok,
2026_07_15_gym,flight_12,79,116.56,1060.0191,ok,
2026_07_15_gym,flight_12,80,99.91,1010.3737,ok,
2026_07_15_gym,flight_12,81,83.26,955.6062,ok,
2026_07_15_gym,flight_12,82,66.61,914.6324,ok,
2026_07_15_gym,flight_12,83,49.96,881.6890,ok,
2026_07_15_gym,flight_12,84,33.30,849.6784,ok,
2026_07_15_gym,flight_12,85,16.65,816.8465,ok,
2026_07_15_gym,flight_14,3,1448.73,309.9720,ok,
2026_07_15_gym,flight_14,4,1432.08,1306.3648,ok,
2026_07_15_gym,flight_14,5,1415.43,926.0722,ok,
2026_07_15_gym,flight_14,6,1398.77,978.1842,ok,
2026_07_15_gym,flight_14,7,1382.12,1542.9629,ok,
2026_07_15_gym,flight_14,8,1365.47,1092.4739,ok,
2026_07_15_gym,flight_14,9,1348.82,944.0380,ok,
2026_07_15_gym,flight_14,10,1332.17,993.6291,ok,
2026_07_15_gym,flight_14,11,1315.51,580.9584,ok,
2026_07_15_gym,flight_14,12,1298.86,557.4061,ok,
2026_07_15_gym,flight_14,13,1282.21,638.1214,ok,
2026_07_15_gym,flight_14,14,1265.56,335.6516,ok,
2026_07_15_gym,flight_14,15,1248.91,467.8604,ok,
2026_07_15_gym,flight_14,16,1232.25,793.3201,ok,
2026_07_15_gym,flight_14,17,1215.60,473.4897,ok,
2026_07_15_gym,flight_14,18,1198.95,305.7571,ok,
2026_07_15_gym,flight_14,19,1182.30,309.3739,ok,
2026_07_15_gym,flight_14,20,1165.64,317.3185,ok,
2026_07_15_gym,flight_14,21,1148.99,310.5456,ok,
2026_07_15_gym,flight_14,22,1132.34,312.1951,ok,
2026_07_15_gym,flight_14,23,1115.69,312.9339,ok,
2026_07_15_gym,flight_14,24,1099.04,312.0990,ok,
2026_07_15_gym,flight_14,25,1082.39,310.7952,ok,
2026_07_15_gym,flight_14,26,1065.73,310.7076,ok,
2026_07_15_gym,flight_14,27,1049.08,306.1102,ok,
2026_07_15_gym,flight_14,28,1032.43,301.7528,ok,
2026_07_15_gym,flight_14,29,1015.78,290.6883,ok,
2026_07_15_gym,flight_14,30,999.12,278.4210,ok,
2026_07_15_gym,flight_14,31,982.47,274.8218,ok,
2026_07_15_gym,flight_14,32,965.82,260.6087,ok,
2026_07_15_gym,flight_14,33,949.17,249.0096,ok,
2026_07_15_gym,flight_14,34,932.52,242.3370,ok,
2026_07_15_gym,flight_14,35,915.87,232.8305,ok,
2026_07_15_gym,flight_14,36,899.21,225.9855,ok,
2026_07_15_gym,flight_14,37,882.56,222.2127,ok,
2026_07_15_gym,flight_14,38,865.91,218.3144,ok,
2026_07_15_gym,flight_14,39,849.26,215.1105,ok,
2026_07_15_gym,flight_14,40,832.60,213.2618,ok,
2026_07_15_gym,flight_14,41,815.95,209.8796,ok,
2026_07_15_gym,flight_14,42,799.30,207.9005,ok,
2026_07_15_gym,flight_14,43,782.65,207.3253,ok,
2026_07_15_gym,flight_14,44,766.00,199.8933,ok,
2026_07_15_gym,flight_14,45,749.34,194.6490,ok,
2026_07_15_gym,flight_14,46,732.69,192.8100,ok,
2026_07_15_gym,flight_14,47,716.04,189.8619,ok,
2026_07_15_gym,flight_14,48,699.39,188.1463,ok,
2026_07_15_gym,flight_14,49,682.74,184.5395,ok,
2026_07_15_gym,flight_14,50,666.08,184.3401,ok,
2026_07_15_gym,flight_14,51,649.43,186.5599,ok,
2026_07_15_gym,flight_14,52,632.78,181.2341,ok,
2026_07_15_gym,flight_14,53,616.13,173.3692,ok,
2026_07_15_gym,flight_14,54,599.48,173.7095,ok,
2026_07_15_gym,flight_14,55,582.82,171.3102,ok,
2026_07_15_gym,flight_14,56,566.17,166.0855,ok,
2026_07_15_gym,flight_14,57,549.52,161.2651,ok,
2026_07_15_gym,flight_14,58,532.87,146.6852,ok,
2026_07_15_gym,flight_14,59,516.22,129.0099,ok,
2026_07_15_gym,flight_14,60,482.91,126.5169,ok,
2026_07_15_gym,flight_14,61,432.95,123.3961,ok,
2026_07_15_gym,flight_14,62,416.30,115.3403,ok,
2026_07_15_gym,flight_14,63,399.65,115.2234,ok,
2026_07_15_gym,flight_14,64,383.00,109.6400,ok,
2026_07_15_gym,flight_14,65,366.35,103.1583,ok,
2026_07_15_gym,flight_14,66,349.70,98.1049,ok,
2026_07_15_gym,flight_14,67,333.04,94.6905,ok,
2026_07_15_gym,flight_14,68,316.39,88.8317,ok,
2026_07_15_gym,flight_14,69,299.74,86.8336,ok,
2026_07_15_gym,flight_14,70,283.09,85.3819,ok,
2026_07_15_gym,flight_14,71,249.78,90.9367,ok,
2026_07_15_gym,flight_14,72,233.13,90.6912,ok,
2026_07_15_gym,flight_14,73,216.48,92.3150,ok,
2026_07_15_gym,flight_14,74,199.83,76.4971,ok,
2026_07_15_gym,flight_14,75,149.87,71.7336,ok,
2026_07_15_gym,flight_14,76,133.22,66.1832,ok,
2026_07_15_gym,flight_14,77,116.57,63.1122,ok,
2026_07_15_gym,flight_14,78,99.91,58.1335,ok,
2026_07_15_gym,flight_14,79,66.61,93.1115,ok,
2026_07_15_gym,flight_14,80,49.96,211.6522,ok,
2026_07_15_gym,flight_14,81,33.31,481.6935,ok,
2026_07_15_gym,flight_14,82,16.65,543.9743,ok,
2026_07_15_gym,flight_15,3,1565.29,6858.8450,ok,
2026_07_15_gym,flight_15,4,1548.64,4390.4904,ok,
2026_07_15_gym,flight_15,5,1531.99,1662.9962,ok,
2026_07_15_gym,flight_15,6,1515.34,1803.7949,ok,
2026_07_15_gym,flight_15,7,1498.68,632.6139,ok,
2026_07_15_gym,flight_15,8,1482.03,591.0838,ok,
2026_07_15_gym,flight_15,9,1465.38,466.6645,ok,
2026_07_15_gym,flight_15,10,1448.73,1029.7153,ok,
2026_07_15_gym,flight_15,11,1432.08,664.6882,ok,
2026_07_15_gym,flight_15,12,1415.43,452.3350,ok,
2026_07_15_gym,flight_15,13,1398.77,839.3189,ok,
2026_07_15_gym,flight_15,14,1382.12,486.6751,ok,
2026_07_15_gym,flight_15,15,1365.47,382.1889,ok,
2026_07_15_gym,flight_15,16,1348.82,431.9739,ok,
2026_07_15_gym,flight_15,17,1332.16,271.7981,ok,
2026_07_15_gym,flight_15,18,1315.51,244.9861,ok,
2026_07_15_gym,flight_15,19,1298.86,261.8063,ok,
2026_07_15_gym,flight_15,20,1282.21,236.0606,ok,
2026_07_15_gym,flight_15,21,1265.55,178.1626,ok,
2026_07_15_gym,flight_15,22,1248.91,231.5512,ok,
2026_07_15_gym,flight_15,23,1232.25,239.0339,ok,
2026_07_15_gym,flight_15,24,1215.60,111.3834,ok,
2026_07_15_gym,flight_15,25,1198.95,331.9670,ok,
2026_07_15_gym,flight_15,26,1165.64,340.2270,ok,
2026_07_15_gym,flight_15,27,1148.99,357.2222,ok,
2026_07_15_gym,flight_15,28,1132.34,169.1666,ok,
2026_07_15_gym,flight_15,29,1115.69,194.6203,ok,
2026_07_15_gym,flight_15,30,1099.04,221.0166,ok,
2026_07_15_gym,flight_15,31,1082.39,144.4134,ok,
2026_07_15_gym,flight_15,32,999.12,145.5008,ok,
2026_07_15_gym,flight_15,33,982.47,115.0709,ok,
2026_07_15_gym,flight_15,34,965.82,114.7741,ok,
2026_07_15_gym,flight_15,35,949.17,111.9039,ok,
2026_07_15_gym,flight_15,36,915.86,112.5275,ok,
2026_07_15_gym,flight_15,37,899.21,120.4041,ok,
2026_07_15_gym,flight_15,38,882.56,120.4713,ok,
2026_07_15_gym,flight_15,39,865.91,130.5931,ok,
2026_07_15_gym,flight_15,40,849.26,144.9827,ok,
2026_07_15_gym,flight_15,41,832.60,149.0636,ok,
2026_07_15_gym,flight_15,42,815.95,154.4634,ok,
2026_07_15_gym,flight_15,43,799.30,163.6324,ok,
2026_07_15_gym,flight_15,44,782.65,168.4825,ok,
2026_07_15_gym,flight_15,45,765.99,174.0452,ok,
2026_07_15_gym,flight_15,46,749.34,178.1019,ok,
2026_07_15_gym,flight_15,47,732.69,167.5636,ok,
2026_07_15_gym,flight_15,48,716.04,161.8512,ok,
2026_07_15_gym,flight_15,49,699.38,155.2937,ok,
2026_07_15_gym,flight_15,50,682.74,149.0556,ok,
2026_07_15_gym,flight_15,51,666.08,149.8658,ok,
2026_07_15_gym,flight_15,52,649.43,155.1925,ok,
2026_07_15_gym,flight_15,53,599.47,166.9566,ok,
2026_07_15_gym,flight_15,54,582.82,172.4848,ok,
2026_07_15_gym,flight_15,55,566.17,165.3101,ok,
2026_07_15_gym,flight_15,56,549.52,165.1237,ok,
2026_07_15_gym,flight_15,57,532.87,160.7107,ok,
2026_07_15_gym,flight_15,58,516.22,139.7987,ok,
2026_07_15_gym,flight_15,59,499.56,137.2348,ok,
2026_07_15_gym,flight_15,60,482.91,128.7065,ok,
2026_07_15_gym,flight_15,61,466.26,124.4898,ok,
2026_07_15_gym,flight_15,62,449.61,121.7757,ok,
2026_07_15_gym,flight_15,63,432.95,112.6829,ok,
2026_07_15_gym,flight_15,64,416.30,108.1463,ok,
2026_07_15_gym,flight_15,65,399.65,104.2982,ok,
2026_07_15_gym,flight_15,66,383.00,97.4027,ok,
2026_07_15_gym,flight_15,67,366.34,95.4471,ok,
2026_07_15_gym,flight_15,68,349.69,90.2188,ok,
2026_07_15_gym,flight_15,69,333.04,88.0492,ok,
2026_07_15_gym,flight_15,70,316.39,85.8541,ok,
2026_07_15_gym,flight_15,71,299.74,84.4991,ok,
2026_07_15_gym,flight_15,72,283.09,83.0077,ok,
2026_07_15_gym,flight_15,73,249.78,81.9910,ok,
2026_07_15_gym,flight_15,74,233.13,79.1482,ok,
2026_07_15_gym,flight_15,75,216.48,73.2571,ok,
2026_07_15_gym,flight_15,76,199.83,66.9364,ok,
2026_07_15_gym,flight_15,77,183.17,64.7061,ok,
2026_07_15_gym,flight_15,78,166.52,61.5773,ok,
2026_07_15_gym,flight_15,79,149.87,59.4299,ok,
2026_07_15_gym,flight_15,80,116.57,57.5771,ok,
2026_07_15_gym,flight_15,81,99.91,55.2736,ok,
2026_07_15_gym,flight_15,82,83.26,54.0518,ok,
2026_07_15_gym,flight_15,83,66.61,52.0442,ok,
2026_07_15_gym,flight_15,84,49.96,49.8664,ok,
2026_07_15_gym,flight_15,85,33.30,49.1410,ok,
2026_07_15_gym,flight_15,86,16.65,46.8347,ok,
2026_07_15_gym,flight_17,3,1415.42,4427.5996,ok,
2026_07_15_gym,flight_17,4,1398.77,437.1731,ok,
2026_07_15_gym,flight_17,5,1382.12,504.8994,ok,
2026_07_15_gym,flight_17,6,1365.47,759.2755,ok,
2026_07_15_gym,flight_17,7,1348.82,350.1098,ok,
2026_07_15_gym,flight_17,8,1332.16,171.9629,ok,
2026_07_15_gym,flight_17,9,1315.51,512.7996,ok,
2026_07_15_gym,flight_17,10,1298.86,54.5558,ok,
2026_07_15_gym,flight_17,11,1282.21,76.2001,ok,
2026_07_15_gym,flight_17,12,1265.56,303.2621,ok,
2026_07_15_gym,flight_17,13,1248.90,177.2482,ok,
2026_07_15_gym,flight_17,14,1232.25,293.8879,ok,
2026_07_15_gym,flight_17,15,1215.60,65.9139,ok,
2026_07_15_gym,flight_17,16,1198.95,158.7798,ok,
2026_07_15_gym,flight_17,17,1182.30,261.5396,ok,
2026_07_15_gym,flight_17,18,1115.69,186.0240,ok,
2026_07_15_gym,flight_17,19,1099.04,89.6480,ok,
2026_07_15_gym,flight_17,20,1082.38,104.0863,ok,
2026_07_15_gym,flight_17,21,1065.73,185.2415,ok,
2026_07_15_gym,flight_17,22,1049.08,129.6637,ok,
2026_07_15_gym,flight_17,23,1015.78,235.5723,ok,
2026_07_15_gym,flight_17,24,999.12,4905.6641,ok,
2026_07_15_gym,flight_17,25,965.82,4321.7474,ok,
2026_07_15_gym,flight_17,26,915.86,3557.0104,ok,
2026_07_15_gym,flight_17,27,882.56,2949.2263,ok,
2026_07_15_gym,flight_17,28,865.91,2505.4360,ok,
2026_07_15_gym,flight_17,29,849.25,2121.3774,ok,
2026_07_15_gym,flight_17,30,832.60,1811.6973,ok,
2026_07_15_gym,flight_17,31,815.95,1580.3927,ok,
2026_07_15_gym,flight_17,32,782.65,1356.5819,ok,
2026_07_15_gym,flight_17,33,765.99,1190.7029,ok,
2026_07_15_gym,flight_17,34,749.34,1064.8729,ok,
2026_07_15_gym,flight_17,35,732.69,964.3676,ok,
2026_07_15_gym,flight_17,36,716.04,850.7244,ok,
2026_07_15_gym,flight_17,37,699.39,785.4300,ok,
2026_07_15_gym,flight_17,38,682.73,718.7527,ok,
2026_07_15_gym,flight_17,39,666.08,653.1682,ok,
2026_07_15_gym,flight_17,40,649.43,608.9774,ok,
2026_07_15_gym,flight_17,41,632.78,591.5242,ok,
2026_07_15_gym,flight_17,42,616.13,542.0549,ok,
2026_07_15_gym,flight_17,43,599.47,506.5855,ok,
2026_07_15_gym,flight_17,44,566.17,462.4204,ok,
2026_07_15_gym,flight_17,45,549.52,411.9395,ok,
2026_07_15_gym,flight_17,46,532.87,390.9861,ok,
2026_07_15_gym,flight_17,47,516.21,359.4955,ok,
2026_07_15_gym,flight_17,48,499.56,327.2113,ok,
2026_07_15_gym,flight_17,49,482.91,307.6934,ok,
2026_07_15_gym,flight_17,50,466.26,280.4625,ok,
2026_07_15_gym,flight_17,51,449.60,252.9770,ok,
2026_07_15_gym,flight_17,52,432.95,237.4070,ok,
2026_07_15_gym,flight_17,53,416.30,214.5553,ok,
2026_07_15_gym,flight_17,54,399.65,190.1720,ok,
2026_07_15_gym,flight_17,55,383.00,177.6247,ok,
2026_07_15_gym,flight_17,56,366.34,160.7305,ok,
2026_07_15_gym,flight_17,57,349.69,144.4268,ok,
2026_07_15_gym,flight_17,58,333.04,137.7938,ok,
2026_07_15_gym,flight_17,59,316.39,128.2003,ok,
2026_07_15_gym,flight_17,60,283.09,125.6641,ok,
2026_07_15_gym,flight_17,61,266.43,118.2464,ok,
2026_07_15_gym,flight_17,62,249.78,114.1867,ok,
2026_07_15_gym,flight_17,63,199.82,106.1854,ok,
2026_07_15_gym,flight_17,64,183.17,94.6669,ok,
2026_07_15_gym,flight_17,65,166.52,86.5212,ok,
2026_07_15_gym,flight_17,66,149.87,81.3129,ok,
2026_07_15_gym,flight_17,67,133.22,77.7997,ok,
2026_07_15_gym,flight_17,68,116.56,72.6497,ok,
2026_07_15_gym,flight_17,69,99.91,67.7096,ok,
2026_07_15_gym,flight_17,70,83.26,64.7415,ok,
2026_07_15_gym,flight_17,71,66.61,60.9081,ok,
2026_07_15_gym,flight_17,72,49.96,56.5505,ok,
2026_07_15_gym,flight_17,73,33.30,53.6504,ok,
2026_07_15_gym,flight_17,74,16.65,50.4443,ok,
2026_07_15_gym,flight_19,3,1398.77,1704.4049,ok,
2026_07_15_gym,flight_19,4,1382.12,553.2756,ok,
2026_07_15_gym,flight_19,5,1365.47,639.3322,ok,
2026_07_15_gym,flight_19,6,1348.82,543.7250,ok,
2026_07_15_gym,flight_19,7,1332.16,797.6201,ok,
2026_07_15_gym,flight_19,8,1315.51,714.4957,ok,
2026_07_15_gym,flight_19,9,1298.86,500.7526,ok,
2026_07_15_gym,flight_19,10,1282.21,653.8054,ok,
2026_07_15_gym,flight_19,11,1265.56,514.4121,ok,
2026_07_15_gym,flight_19,12,1248.90,354.5261,ok,
2026_07_15_gym,flight_19,13,1232.25,435.9049,ok,
2026_07_15_gym,flight_19,14,1215.60,271.7182,ok,
2026_07_15_gym,flight_19,15,1198.95,273.3023,ok,
2026_07_15_gym,flight_19,16,1182.30,319.1940,ok,
2026_07_15_gym,flight_19,17,1165.64,401.3009,ok,
2026_07_15_gym,flight_19,18,1148.99,268.5381,ok,
2026_07_15_gym,flight_19,19,1132.34,320.6669,ok,
2026_07_15_gym,flight_19,20,1115.69,282.7034,ok,
2026_07_15_gym,flight_19,21,1099.03,253.7606,ok,
2026_07_15_gym,flight_19,22,1082.38,204.1613,ok,
2026_07_15_gym,flight_19,23,1065.73,152.8785,ok,
2026_07_15_gym,flight_19,24,1049.08,148.5553,ok,
2026_07_15_gym,flight_19,25,1032.43,159.1265,ok,
2026_07_15_gym,flight_19,26,1015.78,154.8876,ok,
2026_07_15_gym,flight_19,27,999.12,166.0669,ok,
2026_07_15_gym,flight_19,28,982.47,174.7561,ok,
2026_07_15_gym,flight_19,29,965.82,172.0132,ok,
2026_07_15_gym,flight_19,30,949.17,195.1718,ok,
2026_07_15_gym,flight_19,31,932.51,200.4303,ok,
2026_07_15_gym,flight_19,32,915.86,195.2907,ok,
2026_07_15_gym,flight_19,33,899.21,182.0657,ok,
2026_07_15_gym,flight_19,34,882.56,190.0410,ok,
2026_07_15_gym,flight_19,35,865.91,191.0470,ok,
2026_07_15_gym,flight_19,36,849.25,183.7917,ok,
2026_07_15_gym,flight_19,37,832.60,188.2137,ok,
2026_07_15_gym,flight_19,38,815.95,182.4981,ok,
2026_07_15_gym,flight_19,39,799.30,182.9048,ok,
2026_07_15_gym,flight_19,40,782.65,186.5641,ok,
2026_07_15_gym,flight_19,41,765.99,179.1503,ok,
2026_07_15_gym,flight_19,42,749.34,184.2694,ok,
2026_07_15_gym,flight_19,43,732.69,189.9765,ok,
2026_07_15_gym,flight_19,44,716.04,185.1663,ok,
2026_07_15_gym,flight_19,45,699.39,170.2394,ok,
2026_07_15_gym,flight_19,46,682.73,171.4506,ok,
2026_07_15_gym,flight_19,47,666.08,164.9187,ok,
2026_07_15_gym,flight_19,48,649.43,172.9502,ok,
2026_07_15_gym,flight_19,49,632.78,172.0188,ok,
2026_07_15_gym,flight_19,50,616.13,166.2748,ok,
2026_07_15_gym,flight_19,51,599.47,156.8270,ok,
2026_07_15_gym,flight_19,52,582.82,124.8676,ok,
2026_07_15_gym,flight_19,53,566.17,831.0912,ok,
2026_07_15_gym,flight_19,54,549.52,1608.4814,ok,
2026_07_15_gym,flight_19,55,532.86,2299.6937,ok,
2026_07_15_gym,flight_19,56,516.21,2246.3119,ok,
2026_07_15_gym,flight_19,57,499.56,1960.0059,ok,
2026_07_15_gym,flight_19,58,482.91,2515.2311,ok,
2026_07_15_gym,flight_19,59,466.26,3008.1185,ok,
2026_07_15_gym,flight_19,60,449.61,3439.7302,ok,
2026_07_15_gym,flight_19,61,432.95,3823.5974,ok,
2026_07_15_gym,flight_19,62,416.30,3691.7145,ok,
2026_07_15_gym,flight_19,63,399.65,3486.6951,ok,
2026_07_15_gym,flight_19,64,383.00,3294.3841,ok,
2026_07_15_gym,flight_19,65,366.34,3104.5100,ok,
2026_07_15_gym,flight_19,66,349.69,2938.2052,ok,
2026_07_15_gym,flight_19,67,333.04,2783.5867,ok,
2026_07_15_gym,flight_19,68,316.39,2642.2122,ok,
2026_07_15_gym,flight_19,69,299.74,2520.4451,ok,
2026_07_15_gym,flight_19,70,283.08,2381.7517,ok,
2026_07_15_gym,flight_19,71,266.43,2273.2276,ok,
2026_07_15_gym,flight_19,72,249.78,2182.1180,ok,
2026_07_15_gym,flight_19,73,199.82,2078.9407,ok,
2026_07_15_gym,flight_19,74,183.17,1964.2013,ok,
2026_07_15_gym,flight_19,75,149.87,1870.2144,ok,
2026_07_15_gym,flight_19,76,133.22,1773.9695,ok,
2026_07_15_gym,flight_19,77,116.56,1679.9682,ok,
2026_07_15_gym,flight_19,78,99.91,1594.6179,ok,
2026_07_15_gym,flight_19,79,83.26,1515.0864,ok,
2026_07_15_gym,flight_19,80,49.96,1446.1386,ok,
2026_07_15_gym,flight_19,81,33.30,1376.4565,ok,
2026_07_15_gym,flight_20,3,1432.08,1570.4519,ok,
2026_07_15_gym,flight_20,4,1415.42,229.9638,ok,
2026_07_15_gym,flight_20,5,1398.77,2092.0208,ok,
2026_07_15_gym,flight_20,6,1382.12,1000.5584,ok,
2026_07_15_gym,flight_20,7,1365.47,423.8636,ok,
2026_07_15_gym,flight_20,8,1348.82,940.2706,ok,
2026_07_15_gym,flight_20,9,1332.16,718.4695,ok,
2026_07_15_gym,flight_20,10,1315.51,364.6001,ok,
2026_07_15_gym,flight_20,11,1298.86,666.1786,ok,
2026_07_15_gym,flight_20,12,1282.21,290.5523,ok,
2026_07_15_gym,flight_20,13,1265.56,222.7378,ok,
2026_07_15_gym,flight_20,14,1248.90,303.9257,ok,
2026_07_15_gym,flight_20,15,1232.25,372.7999,ok,
2026_07_15_gym,flight_20,16,1215.60,320.8924,ok,
2026_07_15_gym,flight_20,17,1198.95,302.6366,ok,
2026_07_15_gym,flight_20,18,1182.30,270.9741,ok,
2026_07_15_gym,flight_20,19,1165.64,258.1043,ok,
2026_07_15_gym,flight_20,20,1148.99,236.6437,ok,
2026_07_15_gym,flight_20,21,1132.34,225.0407,ok,
2026_07_15_gym,flight_20,22,1115.69,229.0470,ok,
2026_07_15_gym,flight_20,23,1099.04,224.2240,ok,
2026_07_15_gym,flight_20,24,1082.38,217.0206,ok,
2026_07_15_gym,flight_20,25,1065.73,205.1645,ok,
2026_07_15_gym,flight_20,26,1049.08,207.5544,ok,
2026_07_15_gym,flight_20,27,1032.43,203.9355,ok,
2026_07_15_gym,flight_20,28,1015.78,201.8622,ok,
2026_07_15_gym,flight_20,29,999.12,200.5350,ok,
2026_07_15_gym,flight_20,30,982.47,197.7732,ok,
2026_07_15_gym,flight_20,31,965.82,198.6747,ok,
2026_07_15_gym,flight_20,32,949.17,195.3490,ok,
2026_07_15_gym,flight_20,33,932.51,199.1378,ok,
2026_07_15_gym,flight_20,34,915.86,200.5977,ok,
2026_07_15_gym,flight_20,35,899.21,203.3957,ok,
2026_07_15_gym,flight_20,36,882.54,207.0162,ok,
2026_07_15_gym,flight_20,37,865.90,210.8285,ok,
2026_07_15_gym,flight_20,38,849.25,212.2402,ok,
2026_07_15_gym,flight_20,39,832.60,214.2261,ok,
2026_07_15_gym,flight_20,40,815.95,216.1178,ok,
2026_07_15_gym,flight_20,41,799.30,214.0880,ok,
2026_07_15_gym,flight_20,42,782.65,214.3227,ok,
2026_07_15_gym,flight_20,43,765.99,213.6812,ok,
2026_07_15_gym,flight_20,44,749.34,210.0111,ok,
2026_07_15_gym,flight_20,45,732.69,207.7505,ok,
2026_07_15_gym,flight_20,46,716.04,204.6215,ok,
2026_07_15_gym,flight_20,47,699.39,200.1851,ok,
2026_07_15_gym,flight_20,48,666.08,196.0306,ok,
2026_07_15_gym,flight_20,49,649.43,197.0432,ok,
2026_07_15_gym,flight_20,50,632.78,195.5081,ok,
2026_07_15_gym,flight_20,51,616.13,191.9483,ok,
2026_07_15_gym,flight_20,52,599.47,643.1232,ok,
2026_07_15_gym,flight_20,53,582.82,1210.1647,ok,
2026_07_15_gym,flight_20,54,566.17,1123.9710,ok,
2026_07_15_gym,flight_20,55,532.87,1061.0022,ok,
2026_07_15_gym,flight_20,56,516.21,990.2071,ok,
2026_07_15_gym,flight_20,57,499.56,924.7942,ok,
2026_07_15_gym,flight_20,58,482.91,863.3140,ok,
2026_07_15_gym,flight_20,59,466.26,817.0838,ok,
2026_07_15_gym,flight_20,60,449.60,760.8207,ok,
2026_07_15_gym,flight_20,61,432.95,713.6473,ok,
2026_07_15_gym,flight_20,62,416.30,675.0229,ok,
2026_07_15_gym,flight_20,63,399.65,637.4769,ok,
2026_07_15_gym,flight_20,64,383.00,597.8576,ok,
2026_07_15_gym,flight_20,65,366.34,559.3821,ok,
2026_07_15_gym,flight_20,66,349.69,522.7435,ok,
2026_07_15_gym,flight_20,67,333.04,485.2257,ok,
2026_07_15_gym,flight_20,68,316.39,455.3866,ok,
2026_07_15_gym,flight_20,69,299.74,426.9470,ok,
2026_07_15_gym,flight_20,70,283.09,406.5897,ok,
2026_07_15_gym,flight_20,71,266.43,381.7820,ok,
2026_07_15_gym,flight_20,72,249.78,359.1169,ok,
2026_07_15_gym,flight_20,73,233.13,345.4770,ok,
2026_07_15_gym,flight_20,74,199.82,314.6935,ok,
2026_07_15_gym,flight_20,75,183.17,294.0602,ok,
2026_07_15_gym,flight_20,76,166.52,278.5292,ok,
2026_07_15_gym,flight_20,77,149.87,265.2826,ok,
2026_07_15_gym,flight_20,78,133.22,253.3941,ok,
2026_07_15_gym,flight_20,79,116.56,243.5440,ok,
2026_07_15_gym,flight_20,80,99.91,231.3439,ok,
2026_07_15_gym,flight_20,81,83.26,221.4660,ok,
2026_07_15_gym,flight_20,82,66.61,215.9624,ok,
2026_07_15_gym,flight_20,83,49.96,203.6863,ok,
2026_07_15_gym,flight_20,84,33.30,193.3340,ok,
2026_07_15_gym,flight_20,85,16.65,183.2276,ok,
2026_07_15_gym,flight_21,3,1398.77,1541.1137,ok,
2026_07_15_gym,flight_21,4,1382.12,1320.1404,ok,
2026_07_15_gym,flight_21,5,1365.47,533.9355,ok,
2026_07_15_gym,flight_21,6,1348.82,256.4089,ok,
2026_07_15_gym,flight_21,7,1332.16,353.0976,ok,
2026_07_15_gym,flight_21,8,1315.51,659.3966,ok,
2026_07_15_gym,flight_21,9,1298.86,408.9667,ok,
2026_07_15_gym,flight_21,10,1282.21,455.4633,ok,
2026_07_15_gym,flight_21,11,1265.56,409.4229,ok,
2026_07_15_gym,flight_21,12,1248.90,346.7024,ok,
2026_07_15_gym,flight_21,13,1232.25,269.1040,ok,
2026_07_15_gym,flight_21,14,1215.60,244.4592,ok,
2026_07_15_gym,flight_21,15,1198.95,70.8604,ok,
2026_07_15_gym,flight_21,16,1182.30,136.0061,ok,
2026_07_15_gym,flight_21,17,1165.64,45.1455,ok,
2026_07_15_gym,flight_21,18,1148.99,21.5934,ok,
2026_07_15_gym,flight_21,19,1132.34,113.5746,ok,
2026_07_15_gym,flight_21,20,1115.69,75.7013,ok,
2026_07_15_gym,flight_21,21,1099.04,79.8595,ok,
2026_07_15_gym,flight_21,22,1082.38,77.8511,ok,
2026_07_15_gym,flight_21,23,1065.73,97.4015,ok,
2026_07_15_gym,flight_21,24,1049.08,132.9821,ok,
2026_07_15_gym,flight_21,25,1032.43,145.6795,ok,
2026_07_15_gym,flight_21,26,1015.78,153.3050,ok,
2026_07_15_gym,flight_21,27,999.12,158.8253,ok,
2026_07_15_gym,flight_21,28,982.47,163.4550,ok,
2026_07_15_gym,flight_21,29,965.82,169.4568,ok,
2026_07_15_gym,flight_21,30,949.17,174.6282,ok,
2026_07_15_gym,flight_21,31,932.51,176.5204,ok,
2026_07_15_gym,flight_21,32,915.86,180.7959,ok,
2026_07_15_gym,flight_21,33,899.21,183.7555,ok,
2026_07_15_gym,flight_21,34,882.56,183.7953,ok,
2026_07_15_gym,flight_21,35,865.91,186.3175,ok,
2026_07_15_gym,flight_21,36,849.25,187.2895,ok,
2026_07_15_gym,flight_21,37,832.60,186.9811,ok,
2026_07_15_gym,flight_21,38,815.95,189.0490,ok,
2026_07_15_gym,flight_21,39,799.30,188.6559,ok,
2026_07_15_gym,flight_21,40,782.65,188.1195,ok,
2026_07_15_gym,flight_21,41,765.99,188.9499,ok,
2026_07_15_gym,flight_21,42,749.34,186.9687,ok,
2026_07_15_gym,flight_21,43,732.69,183.8521,ok,
2026_07_15_gym,flight_21,44,716.04,184.2715,ok,
2026_07_15_gym,flight_21,45,699.39,181.6349,ok,
2026_07_15_gym,flight_21,46,682.73,179.3061,ok,
2026_07_15_gym,flight_21,47,666.08,178.6153,ok,
2026_07_15_gym,flight_21,48,649.43,176.3953,ok,
2026_07_15_gym,flight_21,49,632.78,172.5959,ok,
2026_07_15_gym,flight_21,50,616.13,170.8030,ok,
2026_07_15_gym,flight_21,51,599.47,170.3611,ok,
2026_07_15_gym,flight_21,52,582.82,164.6169,ok,
2026_07_15_gym,flight_21,53,566.17,163.0159,ok,
2026_07_15_gym,flight_21,54,549.52,154.1593,ok,
2026_07_15_gym,flight_21,55,532.87,151.8394,ok,
2026_07_15_gym,flight_21,56,516.21,147.1363,ok,
2026_07_15_gym,flight_21,57,499.56,144.4310,ok,
2026_07_15_gym,flight_21,58,482.91,143.6021,ok,
2026_07_15_gym,flight_21,59,466.26,140.1873,ok,
2026_07_15_gym,flight_21,60,449.60,136.6395,ok,
2026_07_15_gym,flight_21,61,432.95,133.5270,ok,
2026_07_15_gym,flight_21,62,416.30,131.2718,ok,
2026_07_15_gym,flight_21,63,399.65,129.2090,ok,
2026_07_15_gym,flight_21,64,383.00,127.8691,ok,
2026_07_15_gym,flight_21,65,366.34,125.7614,ok,
2026_07_15_gym,flight_21,66,349.69,125.0872,ok,
2026_07_15_gym,flight_21,67,333.04,124.4513,ok,
2026_07_15_gym,flight_21,68,316.39,123.9263,ok,
2026_07_15_gym,flight_21,69,299.74,127.0179,ok,
2026_07_15_gym,flight_21,70,266.43,120.5724,ok,
2026_07_15_gym,flight_21,71,249.78,114.7016,ok,
2026_07_15_gym,flight_21,72,199.82,115.3012,ok,
2026_07_15_gym,flight_21,73,183.17,119.0979,ok,
2026_07_15_gym,flight_21,74,166.52,121.5638,ok,
2026_07_15_gym,flight_21,75,149.87,121.9306,ok,
2026_07_15_gym,flight_21,76,133.22,119.2457,ok,
2026_07_15_gym,flight_21,77,116.56,125.4897,ok,
2026_07_15_gym,flight_21,78,99.91,121.5100,ok,
2026_07_15_gym,flight_21,79,83.26,122.8181,ok,
2026_07_15_gym,flight_21,80,66.61,122.4099,ok,
2026_07_15_gym,flight_21,81,49.96,120.2360,ok,
2026_07_15_gym,flight_21,82,33.30,119.5402,ok,
2026_07_15_gym,flight_21,83,16.65,115.6956,ok,
2026_07_15_gym,flight_22,3,1465.38,9076.1859,ok,
2026_07_15_gym,flight_22,4,1448.73,4722.0197,ok,
2026_07_15_gym,flight_22,5,1432.08,2659.2360,ok,
2026_07_15_gym,flight_22,6,1415.43,614.4343,ok,
2026_07_15_gym,flight_22,7,1398.77,926.7708,ok,
2026_07_15_gym,flight_22,8,1382.12,1182.3155,ok,
2026_07_15_gym,flight_22,9,1365.47,932.7297,ok,
2026_07_15_gym,flight_22,10,1348.82,833.5204,ok,
2026_07_15_gym,flight_22,11,1332.17,793.4659,ok,
2026_07_15_gym,flight_22,12,1315.51,603.4161,ok,
2026_07_15_gym,flight_22,13,1298.86,329.4339,ok,
2026_07_15_gym,flight_22,14,1282.21,364.2358,ok,
2026_07_15_gym,flight_22,15,1265.56,200.5178,ok,
2026_07_15_gym,flight_22,16,1248.91,264.0845,ok,
2026_07_15_gym,flight_22,17,1232.25,470.1256,ok,
2026_07_15_gym,flight_22,18,1215.60,405.2154,ok,
2026_07_15_gym,flight_22,19,1198.95,412.1564,ok,
2026_07_15_gym,flight_22,20,1182.30,513.5481,ok,
2026_07_15_gym,flight_22,21,1165.64,415.2165,ok,
2026_07_15_gym,flight_22,22,1148.99,420.9443,ok,
2026_07_15_gym,flight_22,23,1132.34,382.4835,ok,
2026_07_15_gym,flight_22,24,1115.69,329.3130,ok,
2026_07_15_gym,flight_22,25,1099.04,311.3932,ok,
2026_07_15_gym,flight_22,26,1082.39,283.7025,ok,
2026_07_15_gym,flight_22,27,1065.73,245.4443,ok,
2026_07_15_gym,flight_22,28,1049.08,212.6471,ok,
2026_07_15_gym,flight_22,29,1032.43,207.4363,ok,
2026_07_15_gym,flight_22,30,1015.78,200.3368,ok,
2026_07_15_gym,flight_22,31,999.12,183.8945,ok,
2026_07_15_gym,flight_22,32,982.47,184.7273,ok,
2026_07_15_gym,flight_22,33,965.82,183.7456,ok,
2026_07_15_gym,flight_22,34,949.17,176.2226,ok,
2026_07_15_gym,flight_22,35,932.52,178.6793,ok,
2026_07_15_gym,flight_22,36,915.86,178.6291,ok,
2026_07_15_gym,flight_22,37,899.21,175.4582,ok,
2026_07_15_gym,flight_22,38,882.56,171.9347,ok,
2026_07_15_gym,flight_22,39,865.91,167.4149,ok,
2026_07_15_gym,flight_22,40,849.26,162.3721,ok,
2026_07_15_gym,flight_22,41,832.60,156.1950,ok,
2026_07_15_gym,flight_22,42,815.95,162.1697,ok,
2026_07_15_gym,flight_22,43,799.30,1583.8840,ok,
2026_07_15_gym,flight_22,44,782.65,2943.8264,ok,
2026_07_15_gym,flight_22,45,749.34,4057.6079,ok,
2026_07_15_gym,flight_22,46,732.69,3815.7725,ok,
2026_07_15_gym,flight_22,47,716.04,3521.4285,ok,
2026_07_15_gym,flight_22,48,699.39,3233.9363,ok,
2026_07_15_gym,flight_22,49,682.74,2954.5090,ok,
2026_07_15_gym,flight_22,50,666.08,2709.9240,ok,
2026_07_15_gym,flight_22,51,649.43,2482.6300,ok,
2026_07_15_gym,flight_22,52,632.78,2299.3363,ok,
2026_07_15_gym,flight_22,53,616.13,2114.0090,ok,
2026_07_15_gym,flight_22,54,599.47,1963.0107,ok,
2026_07_15_gym,flight_22,55,582.82,1818.0847,ok,
2026_07_15_gym,flight_22,56,566.17,1679.2296,ok,
2026_07_15_gym,flight_22,57,549.52,1571.5536,ok,
2026_07_15_gym,flight_22,58,532.87,1445.2254,ok,
2026_07_15_gym,flight_22,59,516.21,1341.7882,ok,
2026_07_15_gym,flight_22,60,499.56,1259.3744,ok,
2026_07_15_gym,flight_22,61,482.91,1180.9759,ok,
2026_07_15_gym,flight_22,62,466.26,1114.4729,ok,
2026_07_15_gym,flight_22,63,449.61,1048.3156,ok,
2026_07_15_gym,flight_22,64,432.95,982.3246,ok,
2026_07_15_gym,flight_22,65,416.30,916.9712,ok,
2026_07_15_gym,flight_22,66,399.65,854.3774,ok,
2026_07_15_gym,flight_22,67,383.00,799.1682,ok,
2026_07_15_gym,flight_22,68,366.34,742.5650,ok,
2026_07_15_gym,flight_22,69,349.69,700.1960,ok,
2026_07_15_gym,flight_22,70,333.04,657.1082,ok,
2026_07_15_gym,flight_22,71,316.39,624.8598,ok,
2026_07_15_gym,flight_22,72,299.74,587.8532,ok,
2026_07_15_gym,flight_22,73,283.09,554.1866,ok,
2026_07_15_gym,flight_22,74,266.43,479.2056,ok,
2026_07_15_gym,flight_22,75,249.78,816.2686,ok,
2026_07_15_gym,flight_22,76,233.13,1157.1496,ok,
2026_07_15_gym,flight_22,77,216.48,1127.9834,ok,
2026_07_15_gym,flight_22,78,199.82,1066.2255,ok,
2026_07_15_gym,flight_22,79,166.52,1009.0453,ok,
2026_07_15_gym,flight_22,80,149.87,955.4287,ok,
2026_07_15_gym,flight_22,81,133.22,902.4628,ok,
2026_07_15_gym,flight_22,82,116.56,858.6406,ok,
2026_07_15_gym,flight_22,83,99.91,817.9350,ok,
2026_07_15_gym,flight_22,84,83.26,779.0458,ok,
2026_07_15_gym,flight_22,85,66.61,746.1679,ok,
2026_07_15_gym,flight_22,86,49.96,718.9094,ok,
2026_07_15_gym,flight_23,3,1282.21,1970.3545,ok,
2026_07_15_gym,flight_23,4,1265.56,1026.3902,ok,
2026_07_15_gym,flight_23,5,1248.91,700.5265,ok,
2026_07_15_gym,flight_23,6,1232.25,610.5734,ok,
2026_07_15_gym,flight_23,7,1215.60,204.5577,ok,
2026_07_15_gym,flight_23,8,1198.95,427.5846,ok,
2026_07_15_gym,flight_23,9,1182.30,388.9800,ok,
2026_07_15_gym,flight_23,10,1165.65,709.9525,ok,
2026_07_15_gym,flight_23,11,1148.99,912.2508,ok,
2026_07_15_gym,flight_23,12,1132.34,949.3747,ok,
2026_07_15_gym,flight_23,13,1115.69,918.6072,ok,
2026_07_15_gym,flight_23,14,1099.04,781.7246,ok,
2026_07_15_gym,flight_23,15,1082.39,616.2376,ok,
2026_07_15_gym,flight_23,16,1065.73,494.6488,ok,
2026_07_15_gym,flight_23,17,1049.08,448.1049,ok,
2026_07_15_gym,flight_23,18,1032.43,396.3515,ok,
2026_07_15_gym,flight_23,19,1015.78,281.6392,ok,
2026_07_15_gym,flight_23,20,999.13,241.2474,ok,
2026_07_15_gym,flight_23,21,982.47,202.2867,ok,
2026_07_15_gym,flight_23,22,965.82,156.2614,ok,
2026_07_15_gym,flight_23,23,949.17,160.2394,ok,
2026_07_15_gym,flight_23,24,932.52,150.6177,ok,
2026_07_15_gym,flight_23,25,915.87,140.1307,ok,
2026_07_15_gym,flight_23,26,899.20,132.1085,ok,
2026_07_15_gym,flight_23,27,882.56,113.2000,ok,
2026_07_15_gym,flight_23,28,865.91,102.7997,ok,
2026_07_15_gym,flight_23,29,849.26,92.5317,ok,
2026_07_15_gym,flight_23,30,832.61,107.1080,ok,
2026_07_15_gym,flight_23,31,799.30,96.1675,ok,
2026_07_15_gym,flight_23,32,782.65,131.0214,ok,
2026_07_15_gym,flight_23,33,766.00,196.4920,ok,
2026_07_15_gym,flight_23,34,749.35,191.3109,ok,
2026_07_15_gym,flight_23,35,716.04,221.7734,ok,
2026_07_15_gym,flight_23,36,699.39,185.5505,ok,
2026_07_15_gym,flight_23,37,682.74,156.9661,ok,
2026_07_15_gym,flight_23,38,649.43,146.3313,ok,
2026_07_15_gym,flight_23,39,632.78,127.4370,ok,
2026_07_15_gym,flight_23,40,599.48,103.3346,ok,
2026_07_15_gym,flight_23,41,582.82,64.4285,ok,
2026_07_15_gym,flight_23,42,566.17,54.2951,ok,
2026_07_15_gym,flight_23,43,549.52,50.0847,ok,
2026_07_15_gym,flight_23,44,516.22,43.7942,ok,
2026_07_15_gym,flight_23,45,499.56,43.8120,ok,
2026_07_15_gym,flight_23,46,482.91,42.1714,ok,
2026_07_15_gym,flight_23,47,466.26,43.0562,ok,
2026_07_15_gym,flight_23,48,449.61,43.3715,ok,
2026_07_15_gym,flight_23,49,416.30,44.3694,ok,
2026_07_15_gym,flight_23,50,399.65,42.1531,ok,
2026_07_15_gym,flight_23,51,383.00,33.6634,ok,
2026_07_15_gym,flight_23,52,366.34,32.8873,ok,
2026_07_15_gym,flight_23,53,349.69,37.6841,ok,
2026_07_15_gym,flight_23,54,333.04,37.8557,ok,
2026_07_15_gym,flight_23,55,299.74,41.6529,ok,
2026_07_15_gym,flight_23,56,283.09,41.0550,ok,
2026_07_15_gym,flight_23,57,266.43,36.3566,ok,
2026_07_15_gym,flight_23,58,249.78,36.8548,ok,
2026_07_15_gym,flight_23,59,233.13,38.2745,ok,
2026_07_15_gym,flight_23,60,216.48,43.1314,ok,
2026_07_15_gym,flight_23,61,199.82,38.3690,ok,
2026_07_15_gym,flight_23,62,183.17,34.0125,ok,
2026_07_15_gym,flight_23,63,166.52,40.6025,ok,
2026_07_15_gym,flight_23,64,149.87,45.6446,ok,
2026_07_15_gym,flight_23,65,133.21,39.3305,ok,
2026_07_15_gym,flight_23,66,116.56,38.7394,ok,
2026_07_15_gym,flight_23,67,99.91,42.3665,ok,
2026_07_15_gym,flight_23,68,83.26,43.3065,ok,
2026_07_15_gym,flight_23,69,66.61,43.7215,ok,
2026_07_15_gym,flight_23,70,49.96,47.7301,ok,
2026_07_15_gym,flight_23,71,33.30,48.9122,ok,
2026_07_15_gym,flight_23,72,16.65,54.1058,ok,
2026_07_15_gym,flight_24,3,1348.82,925.4496,ok,
2026_07_15_gym,flight_24,4,1332.17,1809.6748,ok,
2026_07_15_gym,flight_24,5,1315.51,1224.2912,ok,
2026_07_15_gym,flight_24,6,1298.87,791.2221,ok,
2026_07_15_gym,flight_24,7,1282.21,750.6319,ok,
2026_07_15_gym,flight_24,8,1265.56,838.9609,ok,
2026_07_15_gym,flight_24,9,1248.91,813.9935,ok,
2026_07_15_gym,flight_24,10,1232.26,860.4234,ok,
2026_07_15_gym,flight_24,11,1215.60,719.4500,ok,
2026_07_15_gym,flight_24,12,1198.95,609.5077,ok,
2026_07_15_gym,flight_24,13,1182.30,664.1828,ok,
2026_07_15_gym,flight_24,14,1165.65,633.6193,ok,
2026_07_15_gym,flight_24,15,1149.00,615.5030,ok,
2026_07_15_gym,flight_24,16,1132.34,551.4635,ok,
2026_07_15_gym,flight_24,17,1115.69,541.2413,ok,
2026_07_15_gym,flight_24,18,1099.04,516.8744,ok,
2026_07_15_gym,flight_24,19,1082.39,514.9319,ok,
2026_07_15_gym,flight_24,20,1065.74,518.0846,ok,
2026_07_15_gym,flight_24,21,1049.08,551.8976,ok,
2026_07_15_gym,flight_24,22,1032.43,538.2642,ok,
2026_07_15_gym,flight_24,23,1015.78,567.0729,ok,
2026_07_15_gym,flight_24,24,999.13,542.7957,ok,
2026_07_15_gym,flight_24,25,982.47,497.0009,ok,
2026_07_15_gym,flight_24,26,965.82,486.5749,ok,
2026_07_15_gym,flight_24,27,949.17,459.7331,ok,
2026_07_15_gym,flight_24,28,932.52,418.9980,ok,
2026_07_15_gym,flight_24,29,915.86,408.9894,ok,
2026_07_15_gym,flight_24,30,899.22,397.9963,ok,
2026_07_15_gym,flight_24,31,882.56,362.2576,ok,
2026_07_15_gym,flight_24,32,865.91,341.5231,ok,
2026_07_15_gym,flight_24,33,849.26,320.7513,ok,
2026_07_15_gym,flight_24,34,832.61,319.1030,ok,
2026_07_15_gym,flight_24,35,815.95,318.7458,ok,
2026_07_15_gym,flight_24,36,799.30,305.6294,ok,
2026_07_15_gym,flight_24,37,782.65,305.6499,ok,
2026_07_15_gym,flight_24,38,766.00,307.6889,ok,
2026_07_15_gym,flight_24,39,749.34,293.0126,ok,
2026_07_15_gym,flight_24,40,732.69,291.3317,ok,
2026_07_15_gym,flight_24,41,716.04,277.9899,ok,
2026_07_15_gym,flight_24,42,699.39,266.2128,ok,
2026_07_15_gym,flight_24,43,682.74,260.4286,ok,
2026_07_15_gym,flight_24,44,666.09,250.7128,ok,
2026_07_15_gym,flight_24,45,649.43,242.8915,ok,
2026_07_15_gym,flight_24,46,632.78,230.3250,ok,
2026_07_15_gym,flight_24,47,616.13,228.0827,ok,
2026_07_15_gym,flight_24,48,599.48,220.0160,ok,
2026_07_15_gym,flight_24,49,582.83,206.5190,ok,
2026_07_15_gym,flight_24,50,566.17,203.5767,ok,
2026_07_15_gym,flight_24,51,549.52,196.9570,ok,
2026_07_15_gym,flight_24,52,532.87,186.4972,ok,
2026_07_15_gym,flight_24,53,516.21,186.9861,ok,
2026_07_15_gym,flight_24,54,499.57,183.9642,ok,
2026_07_15_gym,flight_24,55,482.91,168.6561,ok,
2026_07_15_gym,flight_24,56,466.26,168.1874,ok,
2026_07_15_gym,flight_24,57,449.60,164.4145,ok,
2026_07_15_gym,flight_24,58,432.96,157.1525,ok,
2026_07_15_gym,flight_24,59,416.30,156.0099,ok,
2026_07_15_gym,flight_24,60,399.65,156.0934,ok,
2026_07_15_gym,flight_24,61,383.00,150.0736,ok,
2026_07_15_gym,flight_24,62,366.35,149.3481,ok,
2026_07_15_gym,flight_24,63,349.70,149.1954,ok,
2026_07_15_gym,flight_24,64,333.04,148.9381,ok,
2026_07_15_gym,flight_24,65,316.39,148.4027,ok,
2026_07_15_gym,flight_24,66,299.74,150.5067,ok,
2026_07_15_gym,flight_24,67,283.09,151.0839,ok,
2026_07_15_gym,flight_24,68,266.44,148.5163,ok,
2026_07_15_gym,flight_24,69,249.78,140.7259,ok,
2026_07_15_gym,flight_24,70,216.48,131.6663,ok,
2026_07_15_gym,flight_24,71,199.83,119.8630,ok,
2026_07_15_gym,flight_24,72,183.18,124.9063,ok,
2026_07_15_gym,flight_24,73,166.52,128.2508,ok,
2026_07_15_gym,flight_24,74,149.87,130.7519,ok,
2026_07_15_gym,flight_24,75,116.56,244.3716,ok,
2026_07_15_gym,flight_24,76,99.92,547.0494,ok,
2026_07_15_gym,flight_24,77,83.26,828.6991,ok,
2026_07_15_gym,flight_24,78,66.61,1088.0422,ok,
2026_07_15_gym,flight_24,79,33.31,1329.0441,ok,
2026_07_15_gym,flight_24,80,16.65,1264.1165,ok,
2026_07_15_gym,flight_25,3,1448.73,1618.1969,ok,
2026_07_15_gym,flight_25,4,1432.08,363.3093,ok,
2026_07_15_gym,flight_25,5,1415.42,1231.5368,ok,
2026_07_15_gym,flight_25,6,1398.77,1548.6772,ok,
2026_07_15_gym,flight_25,7,1382.12,922.9205,ok,
2026_07_15_gym,flight_25,8,1365.47,867.1943,ok,
2026_07_15_gym,flight_25,9,1348.82,671.3170,ok,
2026_07_15_gym,flight_25,10,1332.17,310.9080,ok,
2026_07_15_gym,flight_25,11,1315.51,316.1687,ok,
2026_07_15_gym,flight_25,12,1298.86,187.4446,ok,
2026_07_15_gym,flight_25,13,1282.21,208.6634,ok,
2026_07_15_gym,flight_25,14,1265.56,229.7327,ok,
2026_07_15_gym,flight_25,15,1248.90,323.2806,ok,
2026_07_15_gym,flight_25,16,1232.25,436.9507,ok,
2026_07_15_gym,flight_25,17,1215.60,406.9196,ok,
2026_07_15_gym,flight_25,18,1198.95,331.0231,ok,
2026_07_15_gym,flight_25,19,1182.30,385.6005,ok,
2026_07_15_gym,flight_25,20,1165.64,318.4099,ok,
2026_07_15_gym,flight_25,21,1148.99,291.0266,ok,
2026_07_15_gym,flight_25,22,1132.34,329.7875,ok,
2026_07_15_gym,flight_25,23,1115.69,293.3221,ok,
2026_07_15_gym,flight_25,24,1099.04,278.3285,ok,
2026_07_15_gym,flight_25,25,1082.38,272.9677,ok,
2026_07_15_gym,flight_25,26,1065.73,250.4537,ok,
2026_07_15_gym,flight_25,27,1049.08,239.2754,ok,
2026_07_15_gym,flight_25,28,1032.43,233.7597,ok,
2026_07_15_gym,flight_25,29,1015.78,224.9367,ok,
2026_07_15_gym,flight_25,30,999.12,205.5326,ok,
2026_07_15_gym,flight_25,31,982.47,200.8472,ok,
2026_07_15_gym,flight_25,32,965.82,194.7721,ok,
2026_07_15_gym,flight_25,33,949.17,191.0941,ok,
2026_07_15_gym,flight_25,34,932.52,191.4629,ok,
2026_07_15_gym,flight_25,35,915.86,189.2017,ok,
2026_07_15_gym,flight_25,36,899.21,190.2521,ok,
2026_07_15_gym,flight_25,37,882.56,193.5449,ok,
2026_07_15_gym,flight_25,38,865.91,197.4942,ok,
2026_07_15_gym,flight_25,39,849.25,198.8195,ok,
2026_07_15_gym,flight_25,40,832.60,201.2796,ok,
2026_07_15_gym,flight_25,41,815.95,202.1283,ok,
2026_07_15_gym,flight_25,42,799.30,201.2491,ok,
2026_07_15_gym,flight_25,43,782.65,201.0650,ok,
2026_07_15_gym,flight_25,44,766.00,197.8863,ok,
2026_07_15_gym,flight_25,45,732.69,212.3244,ok,
2026_07_15_gym,flight_25,46,716.04,204.6541,ok,
2026_07_15_gym,flight_25,47,682.73,210.9436,ok,
2026_07_15_gym,flight_25,48,666.08,826.5357,ok,
2026_07_15_gym,flight_25,49,649.43,1466.8045,ok,
2026_07_15_gym,flight_25,50,632.78,1931.9993,ok,
2026_07_15_gym,flight_25,51,616.13,2517.9116,ok,
2026_07_15_gym,flight_25,52,599.48,2340.6650,ok,
2026_07_15_gym,flight_25,53,582.82,2169.0658,ok,
2026_07_15_gym,flight_25,54,516.21,1987.7585,ok,
2026_07_15_gym,flight_25,55,499.56,1836.2935,ok,
2026_07_15_gym,flight_25,56,482.91,1700.0381,ok,
2026_07_15_gym,flight_25,57,466.26,1569.2802,ok,
2026_07_15_gym,flight_25,58,449.61,1461.8843,ok,
2026_07_15_gym,flight_25,59,432.95,1350.6390,ok,
2026_07_15_gym,flight_25,60,416.30,1252.8564,ok,
2026_07_15_gym,flight_25,61,399.65,1170.5814,ok,
2026_07_15_gym,flight_25,62,383.00,1095.6528,ok,
2026_07_15_gym,flight_25,63,366.35,1012.1525,ok,
2026_07_15_gym,flight_25,64,349.69,950.8177,ok,
2026_07_15_gym,flight_25,65,333.04,893.5919,ok,
2026_07_15_gym,flight_25,66,316.39,842.2666,ok,
2026_07_15_gym,flight_25,67,299.74,791.1420,ok,
2026_07_15_gym,flight_25,68,283.09,743.4710,ok,
2026_07_15_gym,flight_25,69,249.78,694.9563,ok,
2026_07_15_gym,flight_25,70,233.13,656.8928,ok,
2026_07_15_gym,flight_25,71,199.83,622.4686,ok,
2026_07_15_gym,flight_25,72,183.17,588.9574,ok,
2026_07_15_gym,flight_25,73,166.52,562.1169,ok,
2026_07_15_gym,flight_25,74,149.87,535.9061,ok,
2026_07_15_gym,flight_25,75,133.22,510.8889,ok,
2026_07_15_gym,flight_25,76,116.57,491.8882,ok,
2026_07_15_gym,flight_25,77,99.91,472.4081,ok,
2026_07_15_gym,flight_25,78,83.26,457.1635,ok,
2026_07_15_gym,flight_25,79,66.61,437.3963,ok,
2026_07_15_gym,flight_25,80,49.96,419.2086,ok,
2026_07_15_gym,flight_25,81,33.30,402.2777,ok,
2026_07_15_gym,flight_26,3,1398.77,4787.6358,ok,
2026_07_15_gym,flight_26,4,1382.12,1977.3918,ok,
2026_07_15_gym,flight_26,5,1365.47,793.9540,ok,
2026_07_15_gym,flight_26,6,1348.82,379.6064,ok,
2026_07_15_gym,flight_26,7,1332.16,300.6777,ok,
2026_07_15_gym,flight_26,8,1315.51,331.9835,ok,
2026_07_15_gym,flight_26,9,1298.86,268.1404,ok,
2026_07_15_gym,flight_26,10,1282.21,271.4276,ok,
2026_07_15_gym,flight_26,11,1265.56,200.8058,ok,
2026_07_15_gym,flight_26,12,1248.90,177.0846,ok,
2026_07_15_gym,flight_26,13,1232.25,139.3713,ok,
2026_07_15_gym,flight_26,14,1215.60,187.1671,ok,
2026_07_15_gym,flight_26,15,1198.95,171.1581,ok,
2026_07_15_gym,flight_26,16,1182.29,201.0372,ok,
2026_07_15_gym,flight_26,17,1165.64,240.9698,ok,
2026_07_15_gym,flight_26,18,1148.99,232.7746,ok,
2026_07_15_gym,flight_26,19,1132.34,242.0785,ok,
2026_07_15_gym,flight_26,20,1115.69,277.1231,ok,
2026_07_15_gym,flight_26,21,1099.04,266.3174,ok,
2026_07_15_gym,flight_26,22,1082.38,279.7872,ok,
2026_07_15_gym,flight_26,23,1065.73,409.4556,ok,
2026_07_15_gym,flight_26,24,1049.08,446.4683,ok,
2026_07_15_gym,flight_26,25,1032.43,470.5406,ok,
2026_07_15_gym,flight_26,26,1015.77,428.0067,ok,
2026_07_15_gym,flight_26,27,999.12,407.7572,ok,
2026_07_15_gym,flight_26,28,982.47,409.8839,ok,
2026_07_15_gym,flight_26,29,965.82,378.3337,ok,
2026_07_15_gym,flight_26,30,949.17,310.6618,ok,
2026_07_15_gym,flight_26,31,932.51,283.2885,ok,
2026_07_15_gym,flight_26,32,915.86,290.4700,ok,
2026_07_15_gym,flight_26,33,882.56,290.5479,ok,
2026_07_15_gym,flight_26,34,865.91,280.1484,ok,
2026_07_15_gym,flight_26,35,849.25,277.9933,ok,
2026_07_15_gym,flight_26,36,832.60,274.1199,ok,
2026_07_15_gym,flight_26,37,815.95,276.9613,ok,
2026_07_15_gym,flight_26,38,799.30,289.0308,ok,
2026_07_15_gym,flight_26,39,782.65,304.8034,ok,
2026_07_15_gym,flight_26,40,765.99,297.8407,ok,
2026_07_15_gym,flight_26,41,749.34,290.3689,ok,
2026_07_15_gym,flight_26,42,732.69,273.8005,ok,
2026_07_15_gym,flight_26,43,716.04,267.4992,ok,
2026_07_15_gym,flight_26,44,699.39,258.1651,ok,
2026_07_15_gym,flight_26,45,682.73,234.3526,ok,
2026_07_15_gym,flight_26,46,666.08,227.0163,ok,
2026_07_15_gym,flight_26,47,649.43,232.1180,ok,
2026_07_15_gym,flight_26,48,632.78,223.4234,ok,
2026_07_15_gym,flight_26,49,616.12,216.4281,ok,
2026_07_15_gym,flight_26,50,599.47,211.1006,ok,
2026_07_15_gym,flight_26,51,582.82,205.6921,ok,
2026_07_15_gym,flight_26,52,566.17,200.0034,ok,
2026_07_15_gym,flight_26,53,549.52,195.7991,ok,
2026_07_15_gym,flight_26,54,532.86,191.1122,ok,
2026_07_15_gym,flight_26,55,516.21,185.6843,ok,
2026_07_15_gym,flight_26,56,499.56,179.1565,ok,
2026_07_15_gym,flight_26,57,482.91,684.4592,ok,
2026_07_15_gym,flight_26,58,466.26,1366.9475,ok,
2026_07_15_gym,flight_26,59,449.60,1285.1053,ok,
2026_07_15_gym,flight_26,60,432.95,1203.5343,ok,
2026_07_15_gym,flight_26,61,416.30,1128.5744,ok,
2026_07_15_gym,flight_26,62,399.65,1072.1184,ok,
2026_07_15_gym,flight_26,63,383.00,1003.4939,ok,
2026_07_15_gym,flight_26,64,366.34,942.0860,ok,
2026_07_15_gym,flight_26,65,333.04,903.6198,ok,
2026_07_15_gym,flight_26,66,316.39,844.5616,ok,
2026_07_15_gym,flight_26,67,283.08,1160.2025,ok,
2026_07_15_gym,flight_26,68,266.43,1250.1928,ok,
2026_07_15_gym,flight_26,69,249.78,1645.8079,ok,
2026_07_15_gym,flight_26,70,233.13,2009.8361,ok,
2026_07_15_gym,flight_26,71,216.48,2339.1300,ok,
2026_07_15_gym,flight_26,72,199.82,2634.9348,ok,
2026_07_15_gym,flight_26,73,183.17,2502.6527,ok,
2026_07_15_gym,flight_26,74,166.52,2381.9305,ok,
2026_07_15_gym,flight_26,75,149.87,2253.4355,ok,
2026_07_15_gym,flight_26,76,133.22,2151.4886,ok,
2026_07_15_gym,flight_26,77,116.56,2046.4741,ok,
2026_07_15_gym,flight_26,78,99.91,1946.7124,ok,
2026_07_15_gym,flight_26,79,83.26,1854.0333,ok,
2026_07_15_gym,flight_26,80,66.61,1764.1629,ok,
2026_07_15_gym,flight_26,81,49.96,1683.8173,ok,
2026_07_15_gym,flight_26,82,33.30,1608.0595,ok,
2026_07_15_gym,flight_26,83,16.65,1540.6194,ok,
2026_07_15_gym,flight_27,3,1232.25,1947.9351,ok,
2026_07_15_gym,flight_27,4,1215.60,588.7648,ok,
2026_07_15_gym,flight_27,5,1198.95,735.0962,ok,
2026_07_15_gym,flight_27,6,1182.30,375.5202,ok,
2026_07_15_gym,flight_27,7,1165.64,398.5875,ok,
2026_07_15_gym,flight_27,8,1148.99,597.7515,ok,
2026_07_15_gym,flight_27,9,1132.34,480.6748,ok,
2026_07_15_gym,flight_27,10,1115.69,396.6543,ok,
2026_07_15_gym,flight_27,11,1099.04,394.1224,ok,
2026_07_15_gym,flight_27,12,1082.38,359.2470,ok,
2026_07_15_gym,flight_27,13,1065.73,392.6830,ok,
2026_07_15_gym,flight_27,14,1049.08,361.6968,ok,
2026_07_15_gym,flight_27,15,1032.43,351.3608,ok,
2026_07_15_gym,flight_27,16,1015.78,327.5334,ok,
2026_07_15_gym,flight_27,17,999.12,289.8720,ok,
2026_07_15_gym,flight_27,18,982.47,269.5183,ok,
2026_07_15_gym,flight_27,19,965.82,274.8865,ok,
2026_07_15_gym,flight_27,20,949.17,254.9592,ok,
2026_07_15_gym,flight_27,21,932.52,244.5650,ok,
2026_07_15_gym,flight_27,22,915.86,240.4236,ok,
2026_07_15_gym,flight_27,23,899.21,224.1152,ok,
2026_07_15_gym,flight_27,24,882.56,215.7338,ok,
2026_07_15_gym,flight_27,25,865.91,215.1077,ok,
2026_07_15_gym,flight_27,26,849.26,206.3338,ok,
2026_07_15_gym,flight_27,27,832.60,199.3261,ok,
2026_07_15_gym,flight_27,28,815.95,202.5229,ok,
2026_07_15_gym,flight_27,29,799.30,194.2279,ok,
2026_07_15_gym,flight_27,30,782.65,203.8010,ok,
2026_07_15_gym,flight_27,31,766.00,212.7633,ok,
2026_07_15_gym,flight_27,32,749.34,226.3169,ok,
2026_07_15_gym,flight_27,33,732.69,2004.7175,ok,
2026_07_15_gym,flight_27,34,716.04,3670.2196,ok,
2026_07_15_gym,flight_27,35,699.39,3287.8558,ok,
2026_07_15_gym,flight_27,36,682.73,2937.8893,ok,
2026_07_15_gym,flight_27,37,666.08,2630.1474,ok,
2026_07_15_gym,flight_27,38,649.43,2380.8425,ok,
2026_07_15_gym,flight_27,39,632.78,3464.4703,ok,
2026_07_15_gym,flight_27,40,616.13,4334.6111,ok,
2026_07_15_gym,flight_27,41,599.47,5027.3141,ok,
2026_07_15_gym,flight_27,42,582.82,4624.9244,ok,
2026_07_15_gym,flight_27,43,566.17,4252.3039,ok,
2026_07_15_gym,flight_27,44,549.52,3909.2886,ok,
2026_07_15_gym,flight_27,45,532.87,3597.1648,ok,
2026_07_15_gym,flight_27,46,516.21,3309.1402,ok,
2026_07_15_gym,flight_27,47,499.56,3042.2799,ok,
2026_07_15_gym,flight_27,48,482.91,2807.8310,ok,
2026_07_15_gym,flight_27,49,466.26,2580.9761,ok,
2026_07_15_gym,flight_27,50,449.61,2378.4199,ok,
2026_07_15_gym,flight_27,51,432.95,2202.2396,ok,
2026_07_15_gym,flight_27,52,416.30,2034.4180,ok,
2026_07_15_gym,flight_27,53,399.65,1865.2600,ok,
2026_07_15_gym,flight_27,54,383.00,1739.7099,ok,
2026_07_15_gym,flight_27,55,366.35,1596.7158,ok,
2026_07_15_gym,flight_27,56,349.69,1472.0052,ok,
2026_07_15_gym,flight_27,57,333.04,1360.5502,ok,
2026_07_15_gym,flight_27,58,316.39,1264.1282,ok,
2026_07_15_gym,flight_27,59,299.74,1185.3195,ok,
2026_07_15_gym,flight_27,60,283.09,1117.8142,ok,
2026_07_15_gym,flight_27,61,266.43,1067.9528,ok,
2026_07_15_gym,flight_27,62,249.78,1044.9335,ok,
2026_07_15_gym,flight_27,63,216.48,962.5362,ok,
2026_07_15_gym,flight_27,64,199.82,914.1679,ok,
2026_07_15_gym,flight_27,65,183.17,858.1949,ok,
2026_07_15_gym,flight_27,66,166.52,802.5990,ok,
2026_07_15_gym,flight_27,67,149.87,760.4394,ok,
2026_07_15_gym,flight_27,68,133.22,719.1298,ok,
2026_07_15_gym,flight_27,69,116.56,680.9407,ok,
2026_07_15_gym,flight_27,70,83.26,646.5699,ok,
2026_07_15_gym,flight_27,71,66.61,910.7190,ok,
2026_07_15_gym,flight_27,72,49.96,1172.8898,ok,
2026_07_15_gym,flight_27,73,33.30,1422.3478,ok,
2026_07_15_gym,flight_28,3,1482.05,917.1109,ok,
2026_07_15_gym,flight_28,4,1465.40,1064.9973,ok,
2026_07_15_gym,flight_28,5,1448.74,558.8288,ok,
2026_07_15_gym,flight_28,6,1432.09,502.2113,ok,
2026_07_15_gym,flight_28,7,1415.44,664.3440,ok,
2026_07_15_gym,flight_28,8,1398.79,260.3354,ok,
2026_07_15_gym,flight_28,9,1382.14,294.7570,ok,
2026_07_15_gym,flight_28,10,1365.48,206.1604,ok,
2026_07_15_gym,flight_28,11,1348.83,218.8298,ok,
2026_07_15_gym,flight_28,12,1332.18,253.5817,ok,
2026_07_15_gym,flight_28,13,1315.53,150.3554,ok,
2026_07_15_gym,flight_28,14,1298.87,90.9740,ok,
2026_07_15_gym,flight_28,15,1282.22,306.0284,ok,
2026_07_15_gym,flight_28,16,1265.57,412.6835,ok,
2026_07_15_gym,flight_28,17,1248.92,391.5471,ok,
2026_07_15_gym,flight_28,18,1232.26,326.8142,ok,
2026_07_15_gym,flight_28,19,1215.61,277.2332,ok,
2026_07_15_gym,flight_28,20,1198.96,241.9338,ok,
2026_07_15_gym,flight_28,21,1182.31,194.4623,ok,
2026_07_15_gym,flight_28,22,1165.66,179.2354,ok,
2026_07_15_gym,flight_28,23,1149.01,169.9420,ok,
2026_07_15_gym,flight_28,24,1132.35,165.9486,ok,
2026_07_15_gym,flight_28,25,1115.70,164.5119,ok,
2026_07_15_gym,flight_28,26,1099.05,158.9578,ok,
2026_07_15_gym,flight_28,27,1082.40,152.5425,ok,
2026_07_15_gym,flight_28,28,1065.75,149.0510,ok,
2026_07_15_gym,flight_28,29,1049.09,147.4016,ok,
2026_07_15_gym,flight_28,30,1032.44,148.9125,ok,
2026_07_15_gym,flight_28,31,1015.79,148.1084,ok,
2026_07_15_gym,flight_28,32,999.14,146.0214,ok,
2026_07_15_gym,flight_28,33,982.48,143.7811,ok,
2026_07_15_gym,flight_28,34,965.83,145.0728,ok,
2026_07_15_gym,flight_28,35,949.18,147.3094,ok,
2026_07_15_gym,flight_28,36,932.53,149.4733,ok,
2026_07_15_gym,flight_28,37,915.88,148.3356,ok,
2026_07_15_gym,flight_28,38,899.22,147.2067,ok,
2026_07_15_gym,flight_28,39,882.57,146.5335,ok,
2026_07_15_gym,flight_28,40,865.92,146.0776,ok,
2026_07_15_gym,flight_28,41,849.27,144.6766,ok,
2026_07_15_gym,flight_28,42,832.62,144.6798,ok,
2026_07_15_gym,flight_28,43,815.97,147.0974,ok,
2026_07_15_gym,flight_28,44,799.31,149.5285,ok,
2026_07_15_gym,flight_28,45,782.66,151.4050,ok,
2026_07_15_gym,flight_28,46,766.01,153.8322,ok,
2026_07_15_gym,flight_28,47,749.36,154.5634,ok,
2026_07_15_gym,flight_28,48,732.70,157.6705,ok,
2026_07_15_gym,flight_28,49,716.05,157.5990,ok,
2026_07_15_gym,flight_28,50,699.40,156.6796,ok,
2026_07_15_gym,flight_28,51,682.75,156.3978,ok,
2026_07_15_gym,flight_28,52,666.10,153.7271,ok,
2026_07_15_gym,flight_28,53,649.44,148.6875,ok,
2026_07_15_gym,flight_28,54,632.79,147.4879,ok,
2026_07_15_gym,flight_28,55,616.14,140.9360,ok,
2026_07_15_gym,flight_28,56,599.49,130.8209,ok,
2026_07_15_gym,flight_28,57,582.84,127.8296,ok,
2026_07_15_gym,flight_28,58,566.18,124.6158,ok,
2026_07_15_gym,flight_28,59,549.53,121.6753,ok,
2026_07_15_gym,flight_28,60,532.88,117.6141,ok,
2026_07_15_gym,flight_28,61,516.23,745.0975,ok,
2026_07_15_gym,flight_28,62,499.58,1391.3189,ok,
2026_07_15_gym,flight_28,63,482.92,1307.4632,ok,
2026_07_15_gym,flight_28,64,466.27,1234.6796,ok,
2026_07_15_gym,flight_28,65,449.62,1161.2575,ok,
2026_07_15_gym,flight_28,66,432.97,1103.5152,ok,
2026_07_15_gym,flight_28,67,416.32,1045.7270,ok,
2026_07_15_gym,flight_28,68,399.66,988.0452,ok,
2026_07_15_gym,flight_28,69,383.01,932.3877,ok,
2026_07_15_gym,flight_28,70,366.36,884.8262,ok,
2026_07_15_gym,flight_28,71,349.71,838.2489,ok,
2026_07_15_gym,flight_28,72,333.06,794.1108,ok,
2026_07_15_gym,flight_28,73,316.40,764.3556,ok,
2026_07_15_gym,flight_28,74,299.75,722.2243,ok,
2026_07_15_gym,flight_28,75,283.10,682.0435,ok,
2026_07_15_gym,flight_28,76,266.45,644.3576,ok,
2026_07_15_gym,flight_28,77,249.79,610.2391,ok,
2026_07_15_gym,flight_28,78,233.14,669.2806,ok,
2026_07_15_gym,flight_28,79,216.49,639.7523,ok,
2026_07_15_gym,flight_28,80,199.84,606.2185,ok,
2026_07_15_gym,flight_28,81,183.19,575.1502,ok,
2026_07_15_gym,flight_28,82,166.53,559.7090,ok,
2026_07_15_gym,flight_28,83,149.88,540.5071,ok,
2026_07_15_gym,flight_28,84,133.23,513.5609,ok,
2026_07_15_gym,flight_28,85,116.58,494.2870,ok,
2026_07_15_gym,flight_28,86,99.92,473.2268,ok,
2026_07_15_gym,flight_28,87,83.27,456.0509,ok,
2026_07_15_gym,flight_28,88,66.62,437.7625,ok,
2026_07_15_gym,flight_28,89,49.97,419.3143,ok,
2026_07_15_gym,flight_28,90,33.32,402.0099,ok,
2026_07_15_gym,flight_28,91,16.67,385.2022,ok,
2026_07_15_gym,flight_29,3,1448.73,1062.2559,ok,
2026_07_15_gym,flight_29,4,1432.08,369.9448,ok,
2026_07_15_gym,flight_29,5,1415.42,350.9462,ok,
2026_07_15_gym,flight_29,6,1398.77,358.5772,ok,
2026_07_15_gym,flight_29,7,1382.12,203.8202,ok,
2026_07_15_gym,flight_29,8,1365.47,124.8793,ok,
2026_07_15_gym,flight_29,9,1348.82,103.0411,ok,
2026_07_15_gym,flight_29,10,1332.16,169.6213,ok,
2026_07_15_gym,flight_29,11,1315.51,93.7247,ok,
2026_07_15_gym,flight_29,12,1298.86,106.8447,ok,
2026_07_15_gym,flight_29,13,1282.21,89.5078,ok,
2026_07_15_gym,flight_29,14,1265.56,90.9293,ok,
2026_07_15_gym,flight_29,15,1248.90,96.2001,ok,
2026_07_15_gym,flight_29,16,1232.25,84.6245,ok,
2026_07_15_gym,flight_29,17,1215.60,110.5762,ok,
2026_07_15_gym,flight_29,18,1198.95,81.6370,ok,
2026_07_15_gym,flight_29,19,1182.30,72.1563,ok,
2026_07_15_gym,flight_29,20,1165.64,106.4859,ok,
2026_07_15_gym,flight_29,21,1148.99,98.4861,ok,
2026_07_15_gym,flight_29,22,1132.34,70.3813,ok,
2026_07_15_gym,flight_29,23,1115.69,79.4283,ok,
2026_07_15_gym,flight_29,24,1099.04,106.8548,ok,
2026_07_15_gym,flight_29,25,1082.38,83.8824,ok,
2026_07_15_gym,flight_29,26,1065.73,70.4090,ok,
2026_07_15_gym,flight_29,27,1049.08,72.8737,ok,
2026_07_15_gym,flight_29,28,1032.43,94.1690,ok,
2026_07_15_gym,flight_29,29,1015.78,103.5815,ok,
2026_07_15_gym,flight_29,30,999.12,124.7710,ok,
2026_07_15_gym,flight_29,31,982.47,142.4959,ok,
2026_07_15_gym,flight_29,32,965.82,142.3420,ok,
2026_07_15_gym,flight_29,33,949.17,139.8030,ok,
2026_07_15_gym,flight_29,34,932.52,136.3054,ok,
2026_07_15_gym,flight_29,35,915.86,128.6368,ok,
2026_07_15_gym,flight_29,36,899.21,125.7789,ok,
2026_07_15_gym,flight_29,37,882.56,125.5772,ok,
2026_07_15_gym,flight_29,38,865.91,117.5553,ok,
2026_07_15_gym,flight_29,39,849.26,115.8602,ok,
2026_07_15_gym,flight_29,40,832.60,114.5694,ok,
2026_07_15_gym,flight_29,41,815.95,110.0573,ok,
2026_07_15_gym,flight_29,42,799.30,109.6223,ok,
2026_07_15_gym,flight_29,43,782.65,112.6271,ok,
2026_07_15_gym,flight_29,44,765.99,110.4947,ok,
2026_07_15_gym,flight_29,45,749.34,109.2362,ok,
2026_07_15_gym,flight_29,46,732.69,111.4279,ok,
2026_07_15_gym,flight_29,47,716.04,110.1566,ok,
2026_07_15_gym,flight_29,48,699.39,110.0595,ok,
2026_07_15_gym,flight_29,49,682.73,110.2515,ok,
2026_07_15_gym,flight_29,50,666.08,106.3448,ok,
2026_07_15_gym,flight_29,51,649.43,106.9583,ok,
2026_07_15_gym,flight_29,52,632.78,105.1722,ok,
2026_07_15_gym,flight_29,53,616.13,101.7274,ok,
2026_07_15_gym,flight_29,54,599.47,101.5468,ok,
2026_07_15_gym,flight_29,55,582.82,98.9366,ok,
2026_07_15_gym,flight_29,56,566.17,96.2749,ok,
2026_07_15_gym,flight_29,57,549.52,96.3452,ok,
2026_07_15_gym,flight_29,58,532.87,92.9311,ok,
2026_07_15_gym,flight_29,59,516.21,90.3776,ok,
2026_07_15_gym,flight_29,60,499.56,88.0690,ok,
2026_07_15_gym,flight_29,61,482.91,86.4853,ok,
2026_07_15_gym,flight_29,62,466.26,82.5966,ok,
2026_07_15_gym,flight_29,63,449.61,79.4274,ok,
2026_07_15_gym,flight_29,64,432.95,75.3914,ok,
2026_07_15_gym,flight_29,65,399.65,70.7410,ok,
2026_07_15_gym,flight_29,66,383.00,68.0577,ok,
2026_07_15_gym,flight_29,67,366.34,66.1957,ok,
2026_07_15_gym,flight_29,68,349.69,64.4991,ok,
2026_07_15_gym,flight_29,69,333.04,63.5048,ok,
2026_07_15_gym,flight_29,70,316.39,64.1761,ok,
2026_07_15_gym,flight_29,71,299.74,62.3996,ok,
2026_07_15_gym,flight_29,72,283.08,60.4377,ok,
2026_07_15_gym,flight_29,73,266.43,58.2545,ok,
2026_07_15_gym,flight_29,74,249.78,57.1776,ok,
2026_07_15_gym,flight_29,75,233.13,55.8605,ok,
2026_07_15_gym,flight_29,76,216.48,54.3519,ok,
2026_07_15_gym,flight_29,77,199.82,51.9742,ok,
2026_07_15_gym,flight_29,78,183.17,48.8332,ok,
2026_07_15_gym,flight_29,79,166.52,46.2818,ok,
2026_07_15_gym,flight_29,80,149.87,44.8028,ok,
2026_07_15_gym,flight_29,81,133.22,42.0836,ok,
2026_07_15_gym,flight_29,82,116.56,39.7548,ok,
2026_07_15_gym,flight_29,83,99.91,38.8615,ok,
2026_07_15_gym,flight_29,84,83.26,38.5632,ok,
2026_07_15_gym,flight_29,85,66.61,38.3035,ok,
2026_07_15_gym,flight_29,86,49.96,35.5944,ok,
2026_07_15_gym,flight_29,87,33.30,38.7889,ok,
2026_07_15_gym,flight_29,88,16.65,38.8317,ok,
2026_07_15_gym,flight_31,3,1398.77,8895.3436,ok,
2026_07_15_gym,flight_31,4,1382.12,3383.6887,ok,
2026_07_15_gym,flight_31,5,1365.47,679.6525,ok,
2026_07_15_gym,flight_31,6,1348.82,949.9198,ok,
2026_07_15_gym,flight_31,7,1332.16,914.5597,ok,
2026_07_15_gym,flight_31,8,1315.51,1480.4485,ok,
2026_07_15_gym,flight_31,9,1298.86,1058.9710,ok,
2026_07_15_gym,flight_31,10,1282.21,763.7196,ok,
2026_07_15_gym,flight_31,11,1265.56,957.4570,ok,
2026_07_15_gym,flight_31,12,1248.90,546.7614,ok,
2026_07_15_gym,flight_31,13,1232.25,202.9095,ok,
2026_07_15_gym,flight_31,14,1215.60,380.0048,ok,
2026_07_15_gym,flight_31,15,1198.95,110.9680,ok,
2026_07_15_gym,flight_31,16,1182.30,42.7977,ok,
2026_07_15_gym,flight_31,17,1165.64,36.9427,ok,
2026_07_15_gym,flight_31,18,1148.99,120.9218,ok,
2026_07_15_gym,flight_31,19,1132.34,71.5101,ok,
2026_07_15_gym,flight_31,20,1115.69,232.6029,ok,
2026_07_15_gym,flight_31,21,1099.04,191.0768,ok,
2026_07_15_gym,flight_31,22,1082.38,120.4727,ok,
2026_07_15_gym,flight_31,23,1065.73,165.3189,ok,
2026_07_15_gym,flight_31,24,1049.08,102.4184,ok,
2026_07_15_gym,flight_31,25,1032.43,48.1485,ok,
2026_07_15_gym,flight_31,26,1015.78,85.6128,ok,
2026_07_15_gym,flight_31,27,999.12,90.7796,ok,
2026_07_15_gym,flight_31,28,982.47,80.3806,ok,
2026_07_15_gym,flight_31,29,965.82,96.6392,ok,
2026_07_15_gym,flight_31,30,949.17,86.7653,ok,
2026_07_15_gym,flight_31,31,932.51,82.0794,ok,
2026_07_15_gym,flight_31,32,915.86,101.9023,ok,
2026_07_15_gym,flight_31,33,899.21,107.4166,ok,
2026_07_15_gym,flight_31,34,882.56,100.9389,ok,
2026_07_15_gym,flight_31,35,865.91,115.8339,ok,
2026_07_15_gym,flight_31,36,849.25,103.4455,ok,
2026_07_15_gym,flight_31,37,832.60,98.7241,ok,
2026_07_15_gym,flight_31,38,815.95,110.1196,ok,
2026_07_15_gym,flight_31,39,799.30,114.0031,ok,
2026_07_15_gym,flight_31,40,782.65,117.8042,ok,
2026_07_15_gym,flight_31,41,765.99,129.5942,ok,
2026_07_15_gym,flight_31,42,749.34,135.0547,ok,
2026_07_15_gym,flight_31,43,732.69,137.4006,ok,
2026_07_15_gym,flight_31,44,716.04,141.7864,ok,
2026_07_15_gym,flight_31,45,699.39,146.6534,ok,
2026_07_15_gym,flight_31,46,682.73,149.1600,ok,
2026_07_15_gym,flight_31,47,666.08,152.0602,ok,
2026_07_15_gym,flight_31,48,649.43,157.2180,ok,
2026_07_15_gym,flight_31,49,632.78,160.8776,ok,
2026_07_15_gym,flight_31,50,616.13,161.6436,ok,
2026_07_15_gym,flight_31,51,599.47,162.3199,ok,
2026_07_15_gym,flight_31,52,582.82,162.5132,ok,
2026_07_15_gym,flight_31,53,566.17,159.0936,ok,
2026_07_15_gym,flight_31,54,549.52,155.8761,ok,
2026_07_15_gym,flight_31,55,532.87,155.0250,ok,
2026_07_15_gym,flight_31,56,516.21,152.1608,ok,
2026_07_15_gym,flight_31,57,499.56,140.2713,ok,
2026_07_15_gym,flight_31,58,482.91,138.5943,ok,
2026_07_15_gym,flight_31,59,466.26,137.7422,ok,
2026_07_15_gym,flight_31,60,449.61,136.4431,ok,
2026_07_15_gym,flight_31,61,432.95,134.0553,ok,
2026_07_15_gym,flight_31,62,416.30,134.3905,ok,
2026_07_15_gym,flight_31,63,399.65,133.2731,ok,
2026_07_15_gym,flight_31,64,383.00,129.5280,ok,
2026_07_15_gym,flight_31,65,366.34,132.8761,ok,
2026_07_15_gym,flight_31,66,349.69,133.2629,ok,
2026_07_15_gym,flight_31,67,333.04,130.5187,ok,
2026_07_15_gym,flight_31,68,316.39,128.2223,ok,
2026_07_15_gym,flight_31,69,299.74,129.1568,ok,
2026_07_15_gym,flight_31,70,283.08,128.1413,ok,
2026_07_15_gym,flight_31,71,266.43,124.5415,ok,
2026_07_15_gym,flight_31,72,249.78,119.7397,ok,
2026_07_15_gym,flight_31,73,233.13,109.2433,ok,
2026_07_15_gym,flight_31,74,199.82,110.4753,ok,
2026_07_15_gym,flight_31,75,183.17,111.8943,ok,
2026_07_15_gym,flight_31,76,166.52,113.1315,ok,
2026_07_15_gym,flight_31,77,149.87,119.0741,ok,
2026_07_15_gym,flight_31,78,133.22,118.2684,ok,
2026_07_15_gym,flight_31,79,116.56,114.9998,ok,
2026_07_15_gym,flight_31,80,99.91,110.7709,ok,
2026_07_15_gym,flight_31,81,83.26,105.2416,ok,
2026_07_15_gym,flight_31,82,66.61,96.2378,ok,
2026_07_15_gym,flight_31,83,49.96,89.1121,ok,
2026_07_15_gym,flight_31,84,33.30,87.1154,ok,
2026_07_15_gym,flight_31,85,16.65,89.1297,ok,
2026_07_15_gym,flight_33,3,1248.90,853.9771,ok,
2026_07_15_gym,flight_33,4,1232.25,490.9689,ok,
2026_07_15_gym,flight_33,5,1215.60,715.7687,ok,
2026_07_15_gym,flight_33,6,1198.95,1302.8532,ok,
2026_07_15_gym,flight_33,7,1182.30,831.9627,ok,
2026_07_15_gym,flight_33,8,1165.64,847.2995,ok,
2026_07_15_gym,flight_33,9,1148.99,762.7479,ok,
2026_07_15_gym,flight_33,10,1132.34,524.6564,ok,
2026_07_15_gym,flight_33,11,1115.69,497.6607,ok,
2026_07_15_gym,flight_33,12,1099.04,501.4736,ok,
2026_07_15_gym,flight_33,13,1082.38,333.3925,ok,
2026_07_15_gym,flight_33,14,1065.73,380.6465,ok,
2026_07_15_gym,flight_33,15,1049.08,324.3194,ok,
2026_07_15_gym,flight_33,16,1032.43,322.0089,ok,
2026_07_15_gym,flight_33,17,1015.77,298.1134,ok,
2026_07_15_gym,flight_33,18,999.12,190.1251,ok,
2026_07_15_gym,flight_33,19,982.47,250.5360,ok,
2026_07_15_gym,flight_33,20,965.82,170.9697,ok,
2026_07_15_gym,flight_33,21,949.17,171.9064,ok,
2026_07_15_gym,flight_33,22,932.52,133.8079,ok,
2026_07_15_gym,flight_33,23,915.86,110.1566,ok,
2026_07_15_gym,flight_33,24,899.21,105.0718,ok,
2026_07_15_gym,flight_33,25,882.56,115.5692,ok,
2026_07_15_gym,flight_33,26,865.91,138.3818,ok,
2026_07_15_gym,flight_33,27,832.60,150.8945,ok,
2026_07_15_gym,flight_33,28,815.95,161.2305,ok,
2026_07_15_gym,flight_33,29,799.30,157.2255,ok,
2026_07_15_gym,flight_33,30,782.65,165.8845,ok,
2026_07_15_gym,flight_33,31,766.00,2573.7296,ok,
2026_07_15_gym,flight_33,32,749.34,4499.2511,ok,
2026_07_15_gym,flight_33,33,732.69,4007.9828,ok,
2026_07_15_gym,flight_33,34,716.04,3566.8761,ok,
2026_07_15_gym,flight_33,35,699.39,3199.2208,ok,
2026_07_15_gym,flight_33,36,682.74,2872.1553,ok,
2026_07_15_gym,flight_33,37,666.08,2587.1906,ok,
2026_07_15_gym,flight_33,38,649.43,2347.8782,ok,
2026_07_15_gym,flight_33,39,632.78,2127.7997,ok,
2026_07_15_gym,flight_33,40,616.12,1933.4157,ok,
2026_07_15_gym,flight_33,41,599.47,1745.2682,ok,
2026_07_15_gym,flight_33,42,582.82,1585.1049,ok,
2026_07_15_gym,flight_33,43,566.17,1430.5572,ok,
2026_07_15_gym,flight_33,44,549.52,1270.3835,ok,
2026_07_15_gym,flight_33,45,532.87,1150.9991,ok,
2026_07_15_gym,flight_33,46,516.21,1060.2909,ok,
2026_07_15_gym,flight_33,47,499.56,966.4023,ok,
2026_07_15_gym,flight_33,48,482.91,885.5295,ok,
2026_07_15_gym,flight_33,49,466.26,808.1065,ok,
2026_07_15_gym,flight_33,50,449.60,738.0716,ok,
2026_07_15_gym,flight_33,51,432.95,675.3791,ok,
2026_07_15_gym,flight_33,52,416.30,620.5923,ok,
2026_07_15_gym,flight_33,53,399.65,569.1764,ok,
2026_07_15_gym,flight_33,54,383.00,526.1034,ok,
2026_07_15_gym,flight_33,55,366.35,484.6086,ok,
2026_07_15_gym,flight_33,56,349.69,447.9665,ok,
2026_07_15_gym,flight_33,57,333.04,415.5909,ok,
2026_07_15_gym,flight_33,58,316.39,383.7508,ok,
2026_07_15_gym,flight_33,59,299.74,355.5136,ok,
2026_07_15_gym,flight_33,60,283.09,330.2676,ok,
2026_07_15_gym,flight_33,61,266.43,308.1632,ok,
2026_07_15_gym,flight_33,62,216.48,280.4873,ok,
2026_07_15_gym,flight_33,63,199.82,272.9661,ok,
2026_07_15_gym,flight_33,64,183.17,261.8424,ok,
2026_07_15_gym,flight_33,65,166.52,247.3337,ok,
2026_07_15_gym,flight_33,66,149.87,225.7143,ok,
2026_07_15_gym,flight_33,67,133.22,211.6151,ok,
2026_07_15_gym,flight_33,68,116.56,193.8182,ok,
2026_07_15_gym,flight_33,69,99.91,177.4807,ok,
2026_07_15_gym,flight_33,70,83.26,168.9771,ok,
2026_07_15_gym,flight_33,71,66.61,161.3701,ok,
2026_07_15_gym,flight_33,72,49.95,154.8575,ok,
2026_07_15_gym,flight_33,73,33.30,144.1563,ok,
2026_07_15_gym,flight_33,74,16.65,135.8498,ok,
2026_07_15_gym,flight_36,3,1332.16,7217.3810,ok,
2026_07_15_gym,flight_36,4,1315.51,4116.8306,ok,
2026_07_15_gym,flight_36,5,1298.86,2030.3480,ok,
2026_07_15_gym,flight_36,6,1282.21,1886.6759,ok,
2026_07_15_gym,flight_36,7,1265.55,672.1119,ok,
2026_07_15_gym,flight_36,8,1248.90,1068.1645,ok,
2026_07_15_gym,flight_36,9,1232.25,1091.9414,ok,
2026_07_15_gym,flight_36,10,1215.60,265.1212,ok,
2026_07_15_gym,flight_36,11,1198.95,772.1529,ok,
2026_07_15_gym,flight_36,12,1182.30,1075.6007,ok,
2026_07_15_gym,flight_36,13,1165.64,321.0927,ok,
2026_07_15_gym,flight_36,14,1148.99,431.1329,ok,
2026_07_15_gym,flight_36,15,1132.34,472.5772,ok,
2026_07_15_gym,flight_36,16,1115.69,208.2997,ok,
2026_07_15_gym,flight_36,17,1099.04,356.9250,ok,
2026_07_15_gym,flight_36,18,1082.39,404.2927,ok,
2026_07_15_gym,flight_36,19,1065.73,298.4085,ok,
2026_07_15_gym,flight_36,20,1049.08,275.2147,ok,
2026_07_15_gym,flight_36,21,1032.43,243.4288,ok,
2026_07_15_gym,flight_36,22,1015.77,209.1884,ok,
2026_07_15_gym,flight_36,23,999.13,184.2011,ok,
2026_07_15_gym,flight_36,24,982.47,165.5810,ok,
2026_07_15_gym,flight_36,25,965.82,133.2233,ok,
2026_07_15_gym,flight_36,26,949.17,114.6550,ok,
2026_07_15_gym,flight_36,27,932.51,122.9522,ok,
2026_07_15_gym,flight_36,28,899.21,4423.9789,ok,
2026_07_15_gym,flight_36,29,882.56,3776.4521,ok,
2026_07_15_gym,flight_36,30,865.91,3329.2978,ok,
2026_07_15_gym,flight_36,31,849.25,2899.1785,ok,
2026_07_15_gym,flight_36,32,832.60,2564.8670,ok,
2026_07_15_gym,flight_36,33,815.95,2297.4159,ok,
2026_07_15_gym,flight_36,34,799.30,2034.1907,ok,
2026_07_15_gym,flight_36,35,782.65,1805.0495,ok,
2026_07_15_gym,flight_36,36,766.00,1620.1362,ok,
2026_07_15_gym,flight_36,37,749.34,1443.5695,ok,
2026_07_15_gym,flight_36,38,732.69,1292.6176,ok,
2026_07_15_gym,flight_36,39,716.04,1171.9197,ok,
2026_07_15_gym,flight_36,40,699.39,1035.9506,ok,
2026_07_15_gym,flight_36,41,682.74,908.3082,ok,
2026_07_15_gym,flight_36,42,666.08,788.6207,ok,
2026_07_15_gym,flight_36,43,649.43,714.6338,ok,
2026_07_15_gym,flight_36,44,632.78,633.4078,ok,
2026_07_15_gym,flight_36,45,616.13,571.0158,ok,
2026_07_15_gym,flight_36,46,599.48,511.5192,ok,
2026_07_15_gym,flight_36,47,582.82,439.5799,ok,
2026_07_15_gym,flight_36,48,566.17,398.7058,ok,
2026_07_15_gym,flight_36,49,549.52,364.0734,ok,
2026_07_15_gym,flight_36,50,532.87,320.2375,ok,
2026_07_15_gym,flight_36,51,516.21,287.0635,ok,
2026_07_15_gym,flight_36,52,499.56,256.9920,ok,
2026_07_15_gym,flight_36,53,482.91,226.8995,ok,
2026_07_15_gym,flight_36,54,466.26,193.1791,ok,
2026_07_15_gym,flight_36,55,449.61,176.4582,ok,
2026_07_15_gym,flight_36,56,432.95,160.9788,ok,
2026_07_15_gym,flight_36,57,416.30,143.2348,ok,
2026_07_15_gym,flight_36,58,399.65,137.9875,ok,
2026_07_15_gym,flight_36,59,383.00,128.6221,ok,
2026_07_15_gym,flight_36,60,366.34,124.2023,ok,
2026_07_15_gym,flight_36,61,349.69,122.0708,ok,
2026_07_15_gym,flight_36,62,333.04,115.2940,ok,
2026_07_15_gym,flight_36,63,316.39,112.4358,ok,
2026_07_15_gym,flight_36,64,299.74,113.5712,ok,
2026_07_15_gym,flight_36,65,283.09,99.8413,ok,
2026_07_15_gym,flight_36,66,266.43,97.7368,ok,
2026_07_15_gym,flight_36,67,249.78,86.9777,ok,
2026_07_15_gym,flight_36,68,233.13,86.6032,ok,
2026_07_15_gym,flight_36,69,199.82,76.8544,ok,
2026_07_15_gym,flight_36,70,183.17,72.0641,ok,
2026_07_15_gym,flight_36,71,166.52,59.1836,ok,
2026_07_15_gym,flight_36,72,149.87,56.4053,ok,
2026_07_15_gym,flight_36,73,133.22,53.8396,ok,
2026_07_15_gym,flight_36,74,116.56,50.5340,ok,
2026_07_15_gym,flight_36,75,99.90,48.7800,ok,
2026_07_15_gym,flight_36,76,83.25,46.4930,ok,
2026_07_15_gym,flight_36,77,66.61,44.0710,ok,
2026_07_15_gym,flight_36,78,49.96,44.1690,ok,
2026_07_15_gym,flight_36,79,33.30,41.6666,ok,
2026_07_15_gym,flight_36,80,16.65,39.6772,ok,
2026_07_15_gym,flight_38,3,1232.26,1413.1181,ok,
2026_07_15_gym,flight_38,4,1215.60,503.9445,ok,
2026_07_15_gym,flight_38,5,1198.95,821.0432,ok,
2026_07_15_gym,flight_38,6,1182.30,1389.9313,ok,
2026_07_15_gym,flight_38,7,1165.65,426.6572,ok,
2026_07_15_gym,flight_38,8,1148.99,217.7395,ok,
2026_07_15_gym,flight_38,9,1132.34,684.2010,ok,
2026_07_15_gym,flight_38,10,1115.69,670.0638,ok,
2026_07_15_gym,flight_38,11,1099.04,438.1009,ok,
2026_07_15_gym,flight_38,12,1082.39,727.8286,ok,
2026_07_15_gym,flight_38,13,1065.73,106.4657,ok,
2026_07_15_gym,flight_38,14,1049.08,63.9011,ok,
2026_07_15_gym,flight_38,15,1032.43,114.6962,ok,
2026_07_15_gym,flight_38,16,1015.78,161.3126,ok,
2026_07_15_gym,flight_38,17,999.12,194.5081,ok,
2026_07_15_gym,flight_38,18,982.47,213.2190,ok,
2026_07_15_gym,flight_38,19,965.82,255.8278,ok,
2026_07_15_gym,flight_38,20,949.17,245.5687,ok,
2026_07_15_gym,flight_38,21,932.52,261.3060,ok,
2026_07_15_gym,flight_38,22,915.86,281.8694,ok,
2026_07_15_gym,flight_38,23,899.21,208.9203,ok,
2026_07_15_gym,flight_38,24,882.56,175.5957,ok,
2026_07_15_gym,flight_38,25,865.91,187.6130,ok,
2026_07_15_gym,flight_38,26,849.26,187.7756,ok,
2026_07_15_gym,flight_38,27,832.61,183.1861,ok,
2026_07_15_gym,flight_38,28,815.95,165.2106,ok,
2026_07_15_gym,flight_38,29,799.30,193.4320,ok,
2026_07_15_gym,flight_38,30,782.65,191.9539,ok,
2026_07_15_gym,flight_38,31,766.00,169.6773,ok,
2026_07_15_gym,flight_38,32,749.35,148.2284,ok,
2026_07_15_gym,flight_38,33,732.69,111.2135,ok,
2026_07_15_gym,flight_38,34,716.04,94.1348,ok,
2026_07_15_gym,flight_38,35,699.39,91.9838,ok,
2026_07_15_gym,flight_38,36,682.74,81.9599,ok,
2026_07_15_gym,flight_38,37,666.08,73.3643,ok,
2026_07_15_gym,flight_38,38,649.43,82.0988,ok,
2026_07_15_gym,flight_38,39,632.78,75.4548,ok,
2026_07_15_gym,flight_38,40,616.13,73.2054,ok,
2026_07_15_gym,flight_38,41,599.47,74.4503,ok,
2026_07_15_gym,flight_38,42,582.82,65.1686,ok,
2026_07_15_gym,flight_38,43,566.17,64.6676,ok,
2026_07_15_gym,flight_38,44,549.52,65.7171,ok,
2026_07_15_gym,flight_38,45,532.87,70.8844,ok,
2026_07_15_gym,flight_38,46,516.22,85.8151,ok,
2026_07_15_gym,flight_38,47,499.56,86.0309,ok,
2026_07_15_gym,flight_38,48,482.91,86.0511,ok,
2026_07_15_gym,flight_38,49,466.26,74.1867,ok,
2026_07_15_gym,flight_38,50,449.61,76.2778,ok,
2026_07_15_gym,flight_38,51,432.95,76.3349,ok,
2026_07_15_gym,flight_38,52,416.30,75.4608,ok,
2026_07_15_gym,flight_38,53,399.65,70.4322,ok,
2026_07_15_gym,flight_38,54,383.00,68.6334,ok,
2026_07_15_gym,flight_38,55,366.35,68.4530,ok,
2026_07_15_gym,flight_38,56,349.69,68.7770,ok,
2026_07_15_gym,flight_38,57,333.04,67.7095,ok,
2026_07_15_gym,flight_38,58,316.39,66.1585,ok,
2026_07_15_gym,flight_38,59,299.74,67.0323,ok,
2026_07_15_gym,flight_38,60,283.09,68.1908,ok,
2026_07_15_gym,flight_38,61,266.43,65.9937,ok,
2026_07_15_gym,flight_38,62,249.78,64.6488,ok,
2026_07_15_gym,flight_38,63,233.13,63.1679,ok,
2026_07_15_gym,flight_38,64,216.48,62.3095,ok,
2026_07_15_gym,flight_38,65,199.83,64.1316,ok,
2026_07_15_gym,flight_38,66,183.17,63.1475,ok,
2026_07_15_gym,flight_38,67,166.52,61.1501,ok,
2026_07_15_gym,flight_38,68,149.87,57.9736,ok,
2026_07_15_gym,flight_38,69,133.22,54.0220,ok,
2026_07_15_gym,flight_38,70,116.56,53.2623,ok,
2026_07_15_gym,flight_38,71,99.91,52.3032,ok,
2026_07_15_gym,flight_38,72,83.26,52.1189,ok,
2026_07_15_gym,flight_38,73,66.61,51.9523,ok,
2026_07_15_gym,flight_38,74,49.96,52.0321,ok,
2026_07_15_gym,flight_38,75,33.31,50.7639,ok,
2026_07_15_gym,flight_38,76,16.65,49.8062,ok,
2026_07_15_gym,flight_43,3,1415.42,11434.5512,ok,
2026_07_15_gym,flight_43,4,1398.77,5270.1670,ok,
2026_07_15_gym,flight_43,5,1382.12,2984.3085,ok,
2026_07_15_gym,flight_43,6,1365.47,1720.1614,ok,
2026_07_15_gym,flight_43,7,1348.82,673.1147,ok,
2026_07_15_gym,flight_43,8,1332.17,504.0029,ok,
2026_07_15_gym,flight_43,9,1315.51,447.2181,ok,
2026_07_15_gym,flight_43,10,1298.86,312.7382,ok,
2026_07_15_gym,flight_43,11,1282.21,320.5952,ok,
2026_07_15_gym,flight_43,12,1265.56,415.7785,ok,
2026_07_15_gym,flight_43,13,1248.90,443.7050,ok,
2026_07_15_gym,flight_43,14,1232.25,308.1286,ok,
2026_07_15_gym,flight_43,15,1215.60,466.7805,ok,
2026_07_15_gym,flight_43,16,1198.95,287.2564,ok,
2026_07_15_gym,flight_43,17,1182.30,267.4448,ok,
2026_07_15_gym,flight_43,18,1165.64,265.0156,ok,
2026_07_15_gym,flight_43,19,1148.99,259.9936,ok,
2026_07_15_gym,flight_43,20,1132.34,262.7291,ok,
2026_07_15_gym,flight_43,21,1115.69,269.1471,ok,
2026_07_15_gym,flight_43,22,1099.04,262.1826,ok,
2026_07_15_gym,flight_43,23,1082.38,248.3110,ok,
2026_07_15_gym,flight_43,24,1065.73,315.9123,ok,
2026_07_15_gym,flight_43,25,1049.08,243.7540,ok,
2026_07_15_gym,flight_43,26,1032.43,306.5440,ok,
2026_07_15_gym,flight_43,27,1015.78,320.9685,ok,
2026_07_15_gym,flight_43,28,999.12,285.9204,ok,
2026_07_15_gym,flight_43,29,982.47,255.4693,ok,
2026_07_15_gym,flight_43,30,965.82,223.9967,ok,
2026_07_15_gym,flight_43,31,949.16,210.1061,ok,
2026_07_15_gym,flight_43,32,932.52,202.1347,ok,
2026_07_15_gym,flight_43,33,915.86,195.9783,ok,
2026_07_15_gym,flight_43,34,899.21,190.7247,ok,
2026_07_15_gym,flight_43,35,882.56,187.0423,ok,
2026_07_15_gym,flight_43,36,865.91,188.1606,ok,
2026_07_15_gym,flight_43,37,849.25,185.8384,ok,
2026_07_15_gym,flight_43,38,832.60,187.4838,ok,
2026_07_15_gym,flight_43,39,815.95,188.8132,ok,
2026_07_15_gym,flight_43,40,799.30,187.6700,ok,
2026_07_15_gym,flight_43,41,782.65,181.1726,ok,
2026_07_15_gym,flight_43,42,766.00,179.0031,ok,
2026_07_15_gym,flight_43,43,749.34,174.1328,ok,
2026_07_15_gym,flight_43,44,732.69,172.7390,ok,
2026_07_15_gym,flight_43,45,716.04,174.6009,ok,
2026_07_15_gym,flight_43,46,699.39,171.0150,ok,
2026_07_15_gym,flight_43,47,682.74,168.8420,ok,
2026_07_15_gym,flight_43,48,666.08,166.7275,ok,
2026_07_15_gym,flight_43,49,649.43,162.2748,ok,
2026_07_15_gym,flight_43,50,616.13,158.7429,ok,
2026_07_15_gym,flight_43,51,599.47,156.5478,ok,
2026_07_15_gym,flight_43,52,582.82,155.7942,ok,
2026_07_15_gym,flight_43,53,566.17,154.8099,ok,
2026_07_15_gym,flight_43,54,549.52,154.0391,ok,
2026_07_15_gym,flight_43,55,532.87,153.2460,ok,
2026_07_15_gym,flight_43,56,516.21,151.7657,ok,
2026_07_15_gym,flight_43,57,499.56,148.5052,ok,
2026_07_15_gym,flight_43,58,482.91,146.7445,ok,
2026_07_15_gym,flight_43,59,466.26,145.7097,ok,
2026_07_15_gym,flight_43,60,449.60,143.4577,ok,
2026_07_15_gym,flight_43,61,432.95,143.2430,ok,
2026_07_15_gym,flight_43,62,416.30,141.3573,ok,
2026_07_15_gym,flight_43,63,399.65,138.9107,ok,
2026_07_15_gym,flight_43,64,383.00,135.3549,ok,
2026_07_15_gym,flight_43,65,366.35,134.6719,ok,
2026_07_15_gym,flight_43,66,349.69,133.0643,ok,
2026_07_15_gym,flight_43,67,333.04,127.0713,ok,
2026_07_15_gym,flight_43,68,316.39,124.8035,ok,
2026_07_15_gym,flight_43,69,299.74,122.7988,ok,
2026_07_15_gym,flight_43,70,283.09,122.0953,ok,
2026_07_15_gym,flight_43,71,266.43,120.1690,ok,
2026_07_15_gym,flight_43,72,249.78,122.6432,ok,
2026_07_15_gym,flight_43,73,233.13,119.5129,ok,
2026_07_15_gym,flight_43,74,216.48,119.5508,ok,
2026_07_15_gym,flight_43,75,199.82,119.7036,ok,
2026_07_15_gym,flight_43,76,183.17,124.0036,ok,
2026_07_15_gym,flight_43,77,166.52,126.0115,ok,
2026_07_15_gym,flight_43,78,149.87,125.9347,ok,
2026_07_15_gym,flight_43,79,133.22,132.8021,ok,
2026_07_15_gym,flight_43,80,116.57,132.5761,ok,
2026_07_15_gym,flight_43,81,99.91,131.0156,ok,
2026_07_15_gym,flight_43,82,83.26,130.2373,ok,
2026_07_15_gym,flight_43,83,66.61,121.6594,ok,
2026_07_15_gym,flight_43,84,49.95,111.1514,ok,
2026_07_15_gym,flight_43,85,33.30,110.1562,ok,
2026_07_15_gym,flight_43,86,16.65,106.2055,ok,
2026_07_15_gym,flight_45,3,1365.47,1324.5582,ok,
2026_07_15_gym,flight_45,4,1348.82,552.4742,ok,
2026_07_15_gym,flight_45,5,1332.17,397.1883,ok,
2026_07_15_gym,flight_45,6,1315.51,459.6749,ok,
2026_07_15_gym,flight_45,7,1298.86,263.1477,ok,
2026_07_15_gym,flight_45,8,1282.21,325.4055,ok,
2026_07_15_gym,flight_45,9,1265.56,1448.5410,ok,
2026_07_15_gym,flight_45,10,1248.90,756.3319,ok,
2026_07_15_gym,flight_45,11,1215.60,650.5346,ok,
2026_07_15_gym,flight_45,12,1198.95,418.7123,ok,
2026_07_15_gym,flight_45,13,1182.30,326.6271,ok,
2026_07_15_gym,flight_45,14,1165.64,281.4772,ok,
2026_07_15_gym,flight_45,15,1148.99,269.8097,ok,
2026_07_15_gym,flight_45,16,1132.34,263.1523,ok,
2026_07_15_gym,flight_45,17,1115.69,260.7178,ok,
2026_07_15_gym,flight_45,18,1099.04,249.6613,ok,
2026_07_15_gym,flight_45,19,1082.38,280.5275,ok,
2026_07_15_gym,flight_45,20,1065.73,201.5845,ok,
2026_07_15_gym,flight_45,21,1049.07,244.1124,ok,
2026_07_15_gym,flight_45,22,1032.42,185.5171,ok,
2026_07_15_gym,flight_45,23,1015.76,180.4209,ok,
2026_07_15_gym,flight_45,24,999.10,174.7951,ok,
2026_07_15_gym,flight_45,25,982.47,165.4623,ok,
2026_07_15_gym,flight_45,26,965.82,159.7114,ok,
2026_07_15_gym,flight_45,27,949.17,156.6165,ok,
2026_07_15_gym,flight_45,28,932.52,164.6753,ok,
2026_07_15_gym,flight_45,29,915.86,177.4862,ok,
2026_07_15_gym,flight_45,30,899.21,187.7582,ok,
2026_07_15_gym,flight_45,31,882.56,189.1060,ok,
2026_07_15_gym,flight_45,32,865.91,170.7296,ok,
2026_07_15_gym,flight_45,33,849.25,161.3669,ok,
2026_07_15_gym,flight_45,34,832.60,153.8248,ok,
2026_07_15_gym,flight_45,35,815.95,147.4787,ok,
2026_07_15_gym,flight_45,36,799.30,147.0889,ok,
2026_07_15_gym,flight_45,37,782.65,149.5324,ok,
2026_07_15_gym,flight_45,38,765.99,153.4988,ok,
2026_07_15_gym,flight_45,39,749.34,158.7869,ok,
2026_07_15_gym,flight_45,40,732.69,159.5950,ok,
2026_07_15_gym,flight_45,41,716.04,156.0910,ok,
2026_07_15_gym,flight_45,42,699.39,155.1003,ok,
2026_07_15_gym,flight_45,43,682.73,147.5507,ok,
2026_07_15_gym,flight_45,44,666.08,138.7941,ok,
2026_07_15_gym,flight_45,45,649.43,133.2047,ok,
2026_07_15_gym,flight_45,46,599.47,134.1493,ok,
2026_07_15_gym,flight_45,47,582.82,135.4762,ok,
2026_07_15_gym,flight_45,48,566.17,135.6058,ok,
2026_07_15_gym,flight_45,49,549.52,134.0847,ok,
2026_07_15_gym,flight_45,50,532.86,133.4834,ok,
2026_07_15_gym,flight_45,51,516.21,132.1200,ok,
2026_07_15_gym,flight_45,52,499.56,131.0258,ok,
2026_07_15_gym,flight_45,53,482.91,130.7526,ok,
2026_07_15_gym,flight_45,54,466.26,130.0454,ok,
2026_07_15_gym,flight_45,55,449.61,127.6337,ok,
2026_07_15_gym,flight_45,56,432.95,122.6984,ok,
2026_07_15_gym,flight_45,57,416.30,121.0333,ok,
2026_07_15_gym,flight_45,58,399.65,120.7375,ok,
2026_07_15_gym,flight_45,59,383.00,121.4807,ok,
2026_07_15_gym,flight_45,60,366.35,120.5866,ok,
2026_07_15_gym,flight_45,61,349.69,120.5655,ok,
2026_07_15_gym,flight_45,62,333.04,121.7580,ok,
2026_07_15_gym,flight_45,63,316.39,120.7593,ok,
2026_07_15_gym,flight_45,64,299.74,113.2744,ok,
2026_07_15_gym,flight_45,65,283.09,112.9518,ok,
2026_07_15_gym,flight_45,66,266.43,116.6367,ok,
2026_07_15_gym,flight_45,67,233.13,112.5227,ok,
2026_07_15_gym,flight_45,68,216.48,111.8287,ok,
2026_07_15_gym,flight_45,69,199.83,120.5393,ok,
2026_07_15_gym,flight_45,70,183.17,127.2102,ok,
2026_07_15_gym,flight_45,71,166.52,129.7158,ok,
2026_07_15_gym,flight_45,72,149.87,136.7180,ok,
2026_07_15_gym,flight_45,73,133.22,137.8784,ok,
2026_07_15_gym,flight_45,74,116.56,136.4075,ok,
2026_07_15_gym,flight_45,75,99.91,137.5615,ok,
2026_07_15_gym,flight_45,76,83.26,137.3023,ok,
2026_07_15_gym,flight_45,77,66.61,134.2343,ok,
2026_07_15_gym,flight_45,78,49.96,120.8831,ok,
2026_07_15_gym,flight_45,79,33.30,119.2098,ok,
2026_07_15_gym,flight_45,80,16.65,115.5256,ok,
2026_07_15_gym,flight_47,3,1531.99,3716.1299,ok,
2026_07_15_gym,flight_47,4,1515.34,1742.3005,ok,
2026_07_15_gym,flight_47,5,1498.69,1233.2839,ok,
2026_07_15_gym,flight_47,6,1482.03,1014.6000,ok,
2026_07_15_gym,flight_47,7,1465.38,422.1733,ok,
2026_07_15_gym,flight_47,8,1448.73,330.4816,ok,
2026_07_15_gym,flight_47,9,1432.08,446.9526,ok,
2026_07_15_gym,flight_47,10,1415.43,418.5998,ok,
2026_07_15_gym,flight_47,11,1398.77,385.8093,ok,
2026_07_15_gym,flight_47,12,1382.12,342.5476,ok,
2026_07_15_gym,flight_47,13,1365.47,316.8143,ok,
2026_07_15_gym,flight_47,14,1348.82,286.9270,ok,
2026_07_15_gym,flight_47,15,1332.16,649.2598,ok,
2026_07_15_gym,flight_47,16,1315.51,426.3291,ok,
2026_07_15_gym,flight_47,17,1298.86,389.0543,ok,
2026_07_15_gym,flight_47,18,1282.21,495.3956,ok,
2026_07_15_gym,flight_47,19,1265.56,352.8832,ok,
2026_07_15_gym,flight_47,20,1248.90,307.8781,ok,
2026_07_15_gym,flight_47,21,1232.25,271.6306,ok,
2026_07_15_gym,flight_47,22,1215.60,253.9707,ok,
2026_07_15_gym,flight_47,23,1198.95,231.7366,ok,
2026_07_15_gym,flight_47,24,1182.30,282.0267,ok,
2026_07_15_gym,flight_47,25,1165.64,249.1688,ok,
2026_07_15_gym,flight_47,26,1148.99,214.6483,ok,
2026_07_15_gym,flight_47,27,1132.34,196.7786,ok,
2026_07_15_gym,flight_47,28,1115.69,178.0881,ok,
2026_07_15_gym,flight_47,29,1099.03,182.3441,ok,
2026_07_15_gym,flight_47,30,1082.38,193.3076,ok,
2026_07_15_gym,flight_47,31,1065.73,184.5736,ok,
2026_07_15_gym,flight_47,32,1049.08,187.3107,ok,
2026_07_15_gym,flight_47,33,1032.43,188.1504,ok,
2026_07_15_gym,flight_47,34,1015.78,238.1969,ok,
2026_07_15_gym,flight_47,35,982.47,187.5584,ok,
2026_07_15_gym,flight_47,36,899.21,187.6346,ok,
2026_07_15_gym,flight_47,37,882.56,206.2492,ok,
2026_07_15_gym,flight_47,38,865.91,206.8014,ok,
2026_07_15_gym,flight_47,39,849.25,202.9363,ok,
2026_07_15_gym,flight_47,40,832.60,198.2378,ok,
2026_07_15_gym,flight_47,41,815.95,195.9210,ok,
2026_07_15_gym,flight_47,42,799.30,193.5603,ok,
2026_07_15_gym,flight_47,43,782.65,185.4265,ok,
2026_07_15_gym,flight_47,44,765.99,177.2518,ok,
2026_07_15_gym,flight_47,45,732.69,177.1825,ok,
2026_07_15_gym,flight_47,46,716.04,179.4838,ok,
2026_07_15_gym,flight_47,47,699.39,177.0080,ok,
2026_07_15_gym,flight_47,48,682.73,177.9213,ok,
2026_07_15_gym,flight_47,49,666.08,180.4963,ok,
2026_07_15_gym,flight_47,50,649.43,174.9915,ok,
2026_07_15_gym,flight_47,51,632.78,175.8202,ok,
2026_07_15_gym,flight_47,52,616.13,172.4102,ok,
2026_07_15_gym,flight_47,53,599.47,165.9822,ok,
2026_07_15_gym,flight_47,54,582.82,167.1517,ok,
2026_07_15_gym,flight_47,55,549.52,164.9391,ok,
2026_07_15_gym,flight_47,56,532.87,165.8305,ok,
2026_07_15_gym,flight_47,57,516.21,159.7794,ok,
2026_07_15_gym,flight_47,58,499.56,159.2863,ok,
2026_07_15_gym,flight_47,59,482.91,159.8022,ok,
2026_07_15_gym,flight_47,60,466.26,153.6881,ok,
2026_07_15_gym,flight_47,61,449.61,152.7518,ok,
2026_07_15_gym,flight_47,62,432.95,150.6771,ok,
2026_07_15_gym,flight_47,63,416.30,149.5054,ok,
2026_07_15_gym,flight_47,64,399.65,150.6326,ok,
2026_07_15_gym,flight_47,65,383.00,153.4296,ok,
2026_07_15_gym,flight_47,66,366.35,151.2531,ok,
2026_07_15_gym,flight_47,67,349.69,148.2283,ok,
2026_07_15_gym,flight_47,68,333.04,144.3035,ok,
2026_07_15_gym,flight_47,69,316.39,136.9029,ok,
2026_07_15_gym,flight_47,70,299.74,134.3329,ok,
2026_07_15_gym,flight_47,71,283.08,131.5035,ok,
2026_07_15_gym,flight_47,72,266.43,132.0617,ok,
2026_07_15_gym,flight_47,73,249.78,127.5758,ok,
2026_07_15_gym,flight_47,74,233.13,131.4460,ok,
2026_07_15_gym,flight_47,75,216.48,138.2120,ok,
2026_07_15_gym,flight_47,76,199.82,141.5130,ok,
2026_07_15_gym,flight_47,77,183.17,142.7386,ok,
2026_07_15_gym,flight_47,78,166.52,143.2348,ok,
2026_07_15_gym,flight_47,79,149.87,141.6002,ok,
2026_07_15_gym,flight_47,80,133.22,140.8742,ok,
2026_07_15_gym,flight_47,81,116.56,134.1649,ok,
2026_07_15_gym,flight_47,82,99.91,130.8819,ok,
2026_07_15_gym,flight_47,83,83.26,130.0504,ok,
2026_07_15_gym,flight_47,84,66.61,128.6650,ok,
2026_07_15_gym,flight_47,85,49.96,127.6695,ok,
2026_07_15_gym,flight_47,86,33.30,128.2682,ok,
2026_07_15_gym,flight_47,87,16.65,127.4348,ok,
2026_07_15_gym,flight_48,3,1448.73,5595.1485,ok,
2026_07_15_gym,flight_48,4,1432.08,1147.6467,ok,
2026_07_15_gym,flight_48,5,1415.43,810.7847,ok,
2026_07_15_gym,flight_48,6,1398.77,801.2491,ok,
2026_07_15_gym,flight_48,7,1382.12,540.8089,ok,
2026_07_15_gym,flight_48,8,1365.47,959.3464,ok,
2026_07_15_gym,flight_48,9,1348.82,912.4358,ok,
2026_07_15_gym,flight_48,10,1332.16,429.9022,ok,
2026_07_15_gym,flight_48,11,1315.51,269.7394,ok,
2026_07_15_gym,flight_48,12,1298.86,280.3872,ok,
2026_07_15_gym,flight_48,13,1282.21,248.5585,ok,
2026_07_15_gym,flight_48,14,1265.56,228.2057,ok,
2026_07_15_gym,flight_48,15,1248.90,227.6325,ok,
2026_07_15_gym,flight_48,16,1232.25,295.8679,ok,
2026_07_15_gym,flight_48,17,1215.60,156.0495,ok,
2026_07_15_gym,flight_48,18,1198.95,164.6340,ok,
2026_07_15_gym,flight_48,19,1182.30,187.9032,ok,
2026_07_15_gym,flight_48,20,1165.64,172.5320,ok,
2026_07_15_gym,flight_48,21,1148.99,180.4695,ok,
2026_07_15_gym,flight_48,22,1132.34,210.3031,ok,
2026_07_15_gym,flight_48,23,1115.69,174.9003,ok,
2026_07_15_gym,flight_48,24,1099.04,174.8376,ok,
2026_07_15_gym,flight_48,25,1082.38,177.8026,ok,
2026_07_15_gym,flight_48,26,1065.73,178.9855,ok,
2026_07_15_gym,flight_48,27,1049.08,189.6482,ok,
2026_07_15_gym,flight_48,28,1032.43,258.5913,ok,
2026_07_15_gym,flight_48,29,999.12,251.8184,ok,
2026_07_15_gym,flight_48,30,982.47,253.0117,ok,
2026_07_15_gym,flight_48,31,965.82,254.7253,ok,
2026_07_15_gym,flight_48,32,949.17,257.8431,ok,
2026_07_15_gym,flight_48,33,899.21,245.8692,ok,
2026_07_15_gym,flight_48,34,882.56,234.0778,ok,
2026_07_15_gym,flight_48,35,865.91,238.4081,ok,
2026_07_15_gym,flight_48,36,849.26,232.3644,ok,
2026_07_15_gym,flight_48,37,832.60,226.3470,ok,
2026_07_15_gym,flight_48,38,815.95,222.7409,ok,
2026_07_15_gym,flight_48,39,799.30,218.2837,ok,
2026_07_15_gym,flight_48,40,782.65,212.7691,ok,
2026_07_15_gym,flight_48,41,765.99,209.9368,ok,
2026_07_15_gym,flight_48,42,749.34,207.2097,ok,
2026_07_15_gym,flight_48,43,732.69,206.2906,ok,
2026_07_15_gym,flight_48,44,716.04,205.7441,ok,
2026_07_15_gym,flight_48,45,699.39,203.6042,ok,
2026_07_15_gym,flight_48,46,682.73,211.3577,ok,
2026_07_15_gym,flight_48,47,649.43,202.5478,ok,
2026_07_15_gym,flight_48,48,632.78,198.6940,ok,
2026_07_15_gym,flight_48,49,616.13,190.5692,ok,
2026_07_15_gym,flight_48,50,582.82,185.8999,ok,
2026_07_15_gym,flight_48,51,566.17,188.6549,ok,
2026_07_15_gym,flight_48,52,549.52,188.4363,ok,
2026_07_15_gym,flight_48,53,532.87,185.6459,ok,
2026_07_15_gym,flight_48,54,516.21,182.8851,ok,
2026_07_15_gym,flight_48,55,499.56,179.3085,ok,
2026_07_15_gym,flight_48,56,482.91,175.6204,ok,
2026_07_15_gym,flight_48,57,466.26,174.0832,ok,
2026_07_15_gym,flight_48,58,449.61,171.7396,ok,
2026_07_15_gym,flight_48,59,432.95,168.6953,ok,
2026_07_15_gym,flight_48,60,416.30,167.2852,ok,
2026_07_15_gym,flight_48,61,399.65,165.5833,ok,
2026_07_15_gym,flight_48,62,383.00,164.5770,ok,
2026_07_15_gym,flight_48,63,366.34,162.5175,ok,
2026_07_15_gym,flight_48,64,349.69,161.2084,ok,
2026_07_15_gym,flight_48,65,333.04,160.0467,ok,
2026_07_15_gym,flight_48,66,316.39,159.2682,ok,
2026_07_15_gym,flight_48,67,299.74,156.8974,ok,
2026_07_15_gym,flight_48,68,283.09,155.9196,ok,
2026_07_15_gym,flight_48,69,266.43,152.4764,ok,
2026_07_15_gym,flight_48,70,249.78,150.7195,ok,
2026_07_15_gym,flight_48,71,199.82,156.5295,ok,
2026_07_15_gym,flight_48,72,183.17,152.0737,ok,
2026_07_15_gym,flight_48,73,166.52,152.0398,ok,
2026_07_15_gym,flight_48,74,149.87,151.5081,ok,
2026_07_15_gym,flight_48,75,133.22,148.2507,ok,
2026_07_15_gym,flight_48,76,116.56,145.1591,ok,
2026_07_15_gym,flight_48,77,99.91,145.2132,ok,
2026_07_15_gym,flight_48,78,66.61,134.0958,ok,
2026_07_15_gym,flight_48,79,49.96,127.0101,ok,
2026_07_15_gym,flight_48,80,33.30,119.1893,ok,
2026_07_15_gym,flight_48,81,16.65,114.2613,ok,
2026_07_15_gym,flight_49,3,1398.77,1060.4363,ok,
2026_07_15_gym,flight_49,4,1382.12,480.0533,ok,
2026_07_15_gym,flight_49,5,1365.47,531.7360,ok,
2026_07_15_gym,flight_49,6,1348.82,446.2547,ok,
2026_07_15_gym,flight_49,7,1332.16,453.2229,ok,
2026_07_15_gym,flight_49,8,1315.51,378.9856,ok,
2026_07_15_gym,flight_49,9,1298.86,602.3220,ok,
2026_07_15_gym,flight_49,10,1282.21,356.0290,ok,
2026_07_15_gym,flight_49,11,1265.56,321.3941,ok,
2026_07_15_gym,flight_49,12,1248.90,294.4969,ok,
2026_07_15_gym,flight_49,13,1232.25,267.7722,ok,
2026_07_15_gym,flight_49,14,1215.60,310.5318,ok,
2026_07_15_gym,flight_49,15,1198.95,297.4468,ok,
2026_07_15_gym,flight_49,16,1182.30,268.9268,ok,
2026_07_15_gym,flight_49,17,1165.64,314.1754,ok,
2026_07_15_gym,flight_49,18,1148.99,309.4942,ok,
2026_07_15_gym,flight_49,19,1132.34,269.3183,ok,
2026_07_15_gym,flight_49,20,1115.69,351.7913,ok,
2026_07_15_gym,flight_49,21,1099.04,329.1378,ok,
2026_07_15_gym,flight_49,22,1065.73,446.3903,ok,
2026_07_15_gym,flight_49,23,1015.77,809.2025,ok,
2026_07_15_gym,flight_49,24,949.17,1032.5779,ok,
2026_07_15_gym,flight_49,25,932.51,812.6705,ok,
2026_07_15_gym,flight_49,26,915.86,693.3502,ok,
2026_07_15_gym,flight_49,27,899.21,595.7897,ok,
2026_07_15_gym,flight_49,28,882.56,497.0720,ok,
2026_07_15_gym,flight_49,29,865.91,470.1901,ok,
2026_07_15_gym,flight_49,30,849.25,420.6665,ok,
2026_07_15_gym,flight_49,31,832.60,396.0880,ok,
2026_07_15_gym,flight_49,32,815.95,366.6579,ok,
2026_07_15_gym,flight_49,33,799.30,306.0509,ok,
2026_07_15_gym,flight_49,34,782.65,230.5994,ok,
2026_07_15_gym,flight_49,35,732.69,209.6822,ok,
2026_07_15_gym,flight_49,36,716.04,225.0328,ok,
2026_07_15_gym,flight_49,37,699.39,204.7085,ok,
2026_07_15_gym,flight_49,38,682.73,207.0771,ok,
2026_07_15_gym,flight_49,39,666.08,199.6876,ok,
2026_07_15_gym,flight_49,40,649.43,197.4233,ok,
2026_07_15_gym,flight_49,41,632.78,193.8532,ok,
2026_07_15_gym,flight_49,42,616.12,181.4614,ok,
2026_07_15_gym,flight_49,43,582.82,281.5633,ok,
2026_07_15_gym,flight_49,44,566.17,241.3347,ok,
2026_07_15_gym,flight_49,45,549.52,264.1901,ok,
2026_07_15_gym,flight_49,46,532.87,251.9746,ok,
2026_07_15_gym,flight_49,47,516.21,234.1591,ok,
2026_07_15_gym,flight_49,48,499.56,231.2561,ok,
2026_07_15_gym,flight_49,49,482.91,229.1794,ok,
2026_07_15_gym,flight_49,50,466.26,229.4526,ok,
2026_07_15_gym,flight_49,51,449.60,219.8898,ok,
2026_07_15_gym,flight_49,52,432.95,219.8307,ok,
2026_07_15_gym,flight_49,53,416.30,223.4785,ok,
2026_07_15_gym,flight_49,54,399.65,215.0571,ok,
2026_07_15_gym,flight_49,55,383.00,215.5914,ok,
2026_07_15_gym,flight_49,56,366.35,211.7059,ok,
2026_07_15_gym,flight_49,57,349.69,209.6790,ok,
2026_07_15_gym,flight_49,58,333.04,209.1946,ok,
2026_07_15_gym,flight_49,59,316.39,200.4184,ok,
2026_07_15_gym,flight_49,60,299.74,196.0240,ok,
2026_07_15_gym,flight_49,61,283.08,188.8483,ok,
2026_07_15_gym,flight_49,62,266.43,181.5328,ok,
2026_07_15_gym,flight_49,63,249.78,188.8500,ok,
2026_07_15_gym,flight_49,64,233.13,178.5377,ok,
2026_07_15_gym,flight_49,65,216.48,173.4576,ok,
2026_07_15_gym,flight_49,66,199.82,172.2407,ok,
2026_07_15_gym,flight_49,67,183.17,175.9017,ok,
2026_07_15_gym,flight_49,68,166.52,174.3127,ok,
2026_07_15_gym,flight_49,69,149.87,167.8323,ok,
2026_07_15_gym,flight_49,70,133.22,168.4473,ok,
2026_07_15_gym,flight_49,71,116.57,167.2131,ok,
2026_07_15_gym,flight_49,72,99.91,164.0068,ok,
2026_07_15_gym,flight_49,73,83.26,164.6708,ok,
2026_07_15_gym,flight_49,74,66.61,164.1101,ok,
2026_07_15_gym,flight_49,75,49.96,164.9420,ok,
2026_07_15_gym,flight_49,76,33.30,160.6738,ok,
2026_07_15_gym,flight_49,77,16.65,159.5717,ok,
2026_07_15_gym,flight_50,3,1348.82,6119.4876,ok,
2026_07_15_gym,flight_50,4,1332.16,2198.5241,ok,
2026_07_15_gym,flight_50,5,1315.51,348.0425,ok,
2026_07_15_gym,flight_50,6,1298.86,378.5413,ok,
2026_07_15_gym,flight_50,7,1282.21,495.0273,ok,
2026_07_15_gym,flight_50,8,1265.56,375.4833,ok,
2026_07_15_gym,flight_50,9,1248.90,322.4297,ok,
2026_07_15_gym,flight_50,10,1215.60,272.5915,ok,
2026_07_15_gym,flight_50,11,1198.95,238.1983,ok,
2026_07_15_gym,flight_50,12,1182.30,367.5855,ok,
2026_07_15_gym,flight_50,13,1165.64,186.9993,ok,
2026_07_15_gym,flight_50,14,1148.99,170.0398,ok,
2026_07_15_gym,flight_50,15,1132.34,152.0425,ok,
2026_07_15_gym,flight_50,16,1115.69,143.4415,ok,
2026_07_15_gym,flight_50,17,1099.04,134.7726,ok,
2026_07_15_gym,flight_50,18,1082.38,139.1766,ok,
2026_07_15_gym,flight_50,19,1065.73,128.0247,ok,
2026_07_15_gym,flight_50,20,1049.08,193.5984,ok,
2026_07_15_gym,flight_50,21,1032.43,249.9095,ok,
2026_07_15_gym,flight_50,22,1015.78,180.5438,ok,
2026_07_15_gym,flight_50,23,999.12,195.6801,ok,
2026_07_15_gym,flight_50,24,982.47,223.7415,ok,
2026_07_15_gym,flight_50,25,965.82,149.3014,ok,
2026_07_15_gym,flight_50,26,949.17,132.3269,ok,
2026_07_15_gym,flight_50,27,932.52,119.8386,ok,
2026_07_15_gym,flight_50,28,815.95,60.2359,ok,
2026_07_15_gym,flight_50,29,782.65,93.4230,ok,
2026_07_15_gym,flight_50,30,766.00,164.9148,ok,
2026_07_15_gym,flight_50,31,749.34,136.3080,ok,
2026_07_15_gym,flight_50,32,732.69,137.6632,ok,
2026_07_15_gym,flight_50,33,716.04,203.4774,ok,
2026_07_15_gym,flight_50,34,699.39,228.8606,ok,
2026_07_15_gym,flight_50,35,616.13,110.1048,ok,
2026_07_15_gym,flight_50,36,599.47,125.6928,ok,
2026_07_15_gym,flight_50,37,566.17,85.4714,ok,
2026_07_15_gym,flight_50,38,549.52,77.4541,ok,
2026_07_15_gym,flight_50,39,532.87,77.9197,ok,
2026_07_15_gym,flight_50,40,516.21,72.5005,ok,
2026_07_15_gym,flight_50,41,499.56,75.2590,ok,
2026_07_15_gym,flight_50,42,482.91,72.1778,ok,
2026_07_15_gym,flight_50,43,466.26,60.2635,ok,
2026_07_15_gym,flight_50,44,449.61,57.8102,ok,
2026_07_15_gym,flight_50,45,432.95,56.1507,ok,
2026_07_15_gym,flight_50,46,416.30,55.8293,ok,
2026_07_15_gym,flight_50,47,399.65,54.0757,ok,
2026_07_15_gym,flight_50,48,383.00,54.0283,ok,
2026_07_15_gym,flight_50,49,366.35,51.4974,ok,
2026_07_15_gym,flight_50,50,349.69,47.4547,ok,
2026_07_15_gym,flight_50,51,333.04,46.8023,ok,
2026_07_15_gym,flight_50,52,316.39,46.2939,ok,
2026_07_15_gym,flight_50,53,299.74,44.6158,ok,
2026_07_15_gym,flight_50,54,283.09,44.0900,ok,
2026_07_15_gym,flight_50,55,266.43,42.8556,ok,
2026_07_15_gym,flight_50,56,249.78,41.8787,ok,
2026_07_15_gym,flight_50,57,233.13,41.4557,ok,
2026_07_15_gym,flight_50,58,216.48,39.9476,ok,
2026_07_15_gym,flight_50,59,199.83,38.6507,ok,
2026_07_15_gym,flight_50,60,183.17,38.2316,ok,
2026_07_15_gym,flight_50,61,166.52,37.8975,ok,
2026_07_15_gym,flight_50,62,149.87,37.9182,ok,
2026_07_15_gym,flight_50,63,133.22,37.5501,ok,
2026_07_15_gym,flight_50,64,116.56,37.7472,ok,
2026_07_15_gym,flight_50,65,99.91,35.5132,ok,
2026_07_15_gym,flight_50,66,83.26,34.2247,ok,
2026_07_15_gym,flight_50,67,66.61,33.5167,ok,
2026_07_15_gym,flight_50,68,49.96,32.4399,ok,
2026_07_15_gym,flight_50,69,33.30,31.4768,ok,
2026_07_15_gym,flight_50,70,16.65,30.5947,ok,
2026_07_15_gym,flight_52,3,865.91,1849.1824,ok,
2026_07_15_gym,flight_52,4,849.26,190.3724,ok,
2026_07_15_gym,flight_52,5,832.60,252.2792,ok,
2026_07_15_gym,flight_52,6,815.95,355.2767,ok,
2026_07_15_gym,flight_52,7,799.30,274.3250,ok,
2026_07_15_gym,flight_52,8,782.65,251.2875,ok,
2026_07_15_gym,flight_52,9,766.00,505.9929,ok,
2026_07_15_gym,flight_52,10,749.34,233.5075,ok,
2026_07_15_gym,flight_52,11,732.69,134.5276,ok,
2026_07_15_gym,flight_52,12,716.04,87.8155,ok,
2026_07_15_gym,flight_52,13,699.39,94.7961,ok,
2026_07_15_gym,flight_52,14,682.74,199.0201,ok,
2026_07_15_gym,flight_52,15,666.08,261.1029,ok,
2026_07_15_gym,flight_52,16,649.43,196.8001,ok,
2026_07_15_gym,flight_52,17,632.78,177.7567,ok,
2026_07_15_gym,flight_52,18,616.13,206.7352,ok,
2026_07_15_gym,flight_52,19,599.47,233.6616,ok,
2026_07_15_gym,flight_52,20,582.82,253.8689,ok,
2026_07_15_gym,flight_52,21,566.17,227.3228,ok,
2026_07_15_gym,flight_52,22,549.52,249.6962,ok,
2026_07_15_gym,flight_52,23,532.87,245.3426,ok,
2026_07_15_gym,flight_52,24,516.21,246.0527,ok,
2026_07_15_gym,flight_52,25,499.56,249.1591,ok,
2026_07_15_gym,flight_52,26,482.91,247.8219,ok,
2026_07_15_gym,flight_52,27,466.26,247.7640,ok,
2026_07_15_gym,flight_52,28,449.61,237.0618,ok,
2026_07_15_gym,flight_52,29,416.30,231.3166,ok,
2026_07_15_gym,flight_52,30,399.65,223.9748,ok,
2026_07_15_gym,flight_52,31,383.00,193.3842,ok,
2026_07_15_gym,flight_52,32,366.35,199.1496,ok,
2026_07_15_gym,flight_52,33,349.69,234.7270,ok,
2026_07_15_gym,flight_52,34,333.04,263.2925,ok,
2026_07_15_gym,flight_52,35,316.39,232.9063,ok,
2026_07_15_gym,flight_52,36,299.74,217.9263,ok,
2026_07_15_gym,flight_52,37,283.09,216.0532,ok,
2026_07_15_gym,flight_52,38,266.43,204.3407,ok,
2026_07_15_gym,flight_52,39,249.78,201.9655,ok,
2026_07_15_gym,flight_52,40,233.13,211.2329,ok,
2026_07_15_gym,flight_52,41,216.48,218.2533,ok,
2026_07_15_gym,flight_52,42,199.83,235.6630,ok,
2026_07_15_gym,flight_52,43,183.17,248.4419,ok,
2026_07_15_gym,flight_52,44,166.52,238.0342,ok,
2026_07_15_gym,flight_52,45,149.87,230.5655,ok,
2026_07_15_gym,flight_52,46,133.22,219.3954,ok,
2026_07_15_gym,flight_52,47,116.56,196.7338,ok,
2026_07_15_gym,flight_52,48,99.91,186.2857,ok,
2026_07_15_gym,flight_52,49,83.26,182.7985,ok,
2026_07_15_gym,flight_52,50,66.61,172.5444,ok,
2026_07_15_gym,flight_52,51,49.96,158.6009,ok,
2026_07_15_gym,flight_52,52,33.30,160.4878,ok,
2026_07_15_gym,flight_52,53,16.65,160.4454,ok,
2026_07_15_gym,flight_53,3,616.13,455.7385,ok,
2026_07_15_gym,flight_53,4,599.47,822.7416,ok,
2026_07_15_gym,flight_53,5,582.82,218.5699,ok,
2026_07_15_gym,flight_53,6,566.17,207.6767,ok,
2026_07_15_gym,flight_53,7,549.52,406.4258,ok,
2026_07_15_gym,flight_53,8,532.87,329.2636,ok,
2026_07_15_gym,flight_53,9,516.21,346.5880,ok,
2026_07_15_gym,flight_53,10,499.56,428.3696,ok,
2026_07_15_gym,flight_53,11,482.91,435.9594,ok,
2026_07_15_gym,flight_53,12,466.26,398.0754,ok,
2026_07_15_gym,flight_53,13,449.61,343.7675,ok,
2026_07_15_gym,flight_53,14,432.95,323.1357,ok,
2026_07_15_gym,flight_53,15,416.30,393.2057,ok,
2026_07_15_gym,flight_53,16,399.65,320.0110,ok,
2026_07_15_gym,flight_53,17,383.00,293.2877,ok,
2026_07_15_gym,flight_53,18,366.35,347.7410,ok,
2026_07_15_gym,flight_53,19,349.69,392.2029,ok,
2026_07_15_gym,flight_53,20,316.39,359.6549,ok,
2026_07_15_gym,flight_53,21,299.74,359.2339,ok,
2026_07_15_gym,flight_53,22,283.09,324.8494,ok,
2026_07_15_gym,flight_53,23,266.43,294.4296,ok,
2026_07_15_gym,flight_53,24,249.78,246.6898,ok,
2026_07_15_gym,flight_53,25,233.13,293.5837,ok,
2026_07_15_gym,flight_53,26,216.48,313.6760,ok,
2026_07_15_gym,flight_53,27,199.82,278.6040,ok,
2026_07_15_gym,flight_53,28,183.17,267.5612,ok,
2026_07_15_gym,flight_53,29,166.52,237.1649,ok,
2026_07_15_gym,flight_53,30,149.87,249.7541,ok,
2026_07_15_gym,flight_53,31,133.22,244.4397,ok,
2026_07_15_gym,flight_53,32,116.56,243.2307,ok,
2026_07_15_gym,flight_53,33,99.91,246.1912,ok,
2026_07_15_gym,flight_53,34,83.26,229.9098,ok,
2026_07_15_gym,flight_53,35,66.61,228.8898,ok,
2026_07_15_gym,flight_53,36,49.96,244.0969,ok,
2026_07_15_gym,flight_53,37,33.30,237.4006,ok,
2026_07_15_gym,flight_53,38,16.65,238.9007,ok,
2026_07_15_gym,flight_54,3,532.87,343.6436,ok,
2026_07_15_gym,flight_54,4,516.22,194.8479,ok,
2026_07_15_gym,flight_54,5,499.56,128.3565,ok,
2026_07_15_gym,flight_54,6,482.91,171.7001,ok,
2026_07_15_gym,flight_54,7,466.26,142.6942,ok,
2026_07_15_gym,flight_54,8,449.61,255.7287,ok,
2026_07_15_gym,flight_54,9,432.96,229.9531,ok,
2026_07_15_gym,flight_54,10,416.30,213.7337,ok,
2026_07_15_gym,flight_54,11,399.65,260.9314,ok,
2026_07_15_gym,flight_54,12,383.00,237.0645,ok,
2026_07_15_gym,flight_54,13,366.35,221.1870,ok,
2026_07_15_gym,flight_54,14,349.70,260.8901,ok,
2026_07_15_gym,flight_54,15,333.04,289.9038,ok,
2026_07_15_gym,flight_54,16,316.39,250.4489,ok,
2026_07_15_gym,flight_54,17,299.74,268.7205,ok,
2026_07_15_gym,flight_54,18,283.09,277.5265,ok,
2026_07_15_gym,flight_54,19,266.44,309.1841,ok,
2026_07_15_gym,flight_54,20,249.78,347.7249,ok,
2026_07_15_gym,flight_54,21,233.13,346.5693,ok,
2026_07_15_gym,flight_54,22,216.48,373.7726,ok,
2026_07_15_gym,flight_54,23,199.83,337.4302,ok,
2026_07_15_gym,flight_54,24,183.17,344.0280,ok,
2026_07_15_gym,flight_54,25,166.52,354.2440,ok,
2026_07_15_gym,flight_54,26,149.87,352.7652,ok,
2026_07_15_gym,flight_54,27,133.22,338.7539,ok,
2026_07_15_gym,flight_54,28,116.57,337.9466,ok,
2026_07_15_gym,flight_54,29,99.91,351.4154,ok,
2026_07_15_gym,flight_54,30,66.61,373.2247,ok,
2026_07_15_gym,flight_54,31,49.96,362.8815,ok,
2026_07_15_gym,flight_54,32,33.31,356.4178,ok,
2026_07_15_gym,flight_54,33,16.65,354.4471,ok,
2026_07_15_gym,flight_55,3,416.30,399.0946,ok,
2026_07_15_gym,flight_55,4,399.65,461.2554,ok,
2026_07_15_gym,flight_55,5,383.00,1676.3898,ok,
2026_07_15_gym,flight_55,6,366.35,844.3209,ok,
2026_07_15_gym,flight_55,7,349.69,453.3257,ok,
2026_07_15_gym,flight_55,8,333.04,382.9916,ok,
2026_07_15_gym,flight_55,9,316.39,324.4179,ok,
2026_07_15_gym,flight_55,10,299.74,154.3025,ok,
2026_07_15_gym,flight_55,11,283.09,185.2771,ok,
2026_07_15_gym,flight_55,12,266.43,146.0936,ok,
2026_07_15_gym,flight_55,13,249.78,178.9090,ok,
2026_07_15_gym,flight_55,14,233.13,213.2240,ok,
2026_07_15_gym,flight_55,15,216.48,187.7308,ok,
2026_07_15_gym,flight_55,16,199.82,191.5559,ok,
2026_07_15_gym,flight_55,17,183.17,167.2366,ok,
2026_07_15_gym,flight_55,18,166.52,164.7388,ok,
2026_07_15_gym,flight_55,19,149.87,172.7201,ok,
2026_07_15_gym,flight_55,20,133.22,190.2203,ok,
2026_07_15_gym,flight_55,21,116.57,178.2191,ok,
2026_07_15_gym,flight_55,22,99.91,184.3385,ok,
2026_07_15_gym,flight_55,23,83.26,192.1160,ok,
2026_07_15_gym,flight_55,24,66.61,204.2724,ok,
2026_07_15_gym,flight_55,25,49.96,209.7158,ok,
2026_07_15_gym,flight_55,26,33.30,205.6505,ok,
2026_07_15_gym,flight_55,27,16.65,204.0732,ok,
2026_07_15_gym,flight_56,3,582.82,590.7641,ok,
2026_07_15_gym,flight_56,4,566.17,720.1317,ok,
2026_07_15_gym,flight_56,5,549.52,177.7788,ok,
2026_07_15_gym,flight_56,6,532.87,142.0896,ok,
2026_07_15_gym,flight_56,7,516.22,281.1260,ok,
2026_07_15_gym,flight_56,8,499.56,288.3035,ok,
2026_07_15_gym,flight_56,9,482.91,256.3759,ok,
2026_07_15_gym,flight_56,10,466.26,316.5818,ok,
2026_07_15_gym,flight_56,11,449.61,386.6923,ok,
2026_07_15_gym,flight_56,12,432.95,381.6708,ok,
2026_07_15_gym,flight_56,13,416.30,451.8100,ok,
2026_07_15_gym,flight_56,14,399.65,427.5138,ok,
2026_07_15_gym,flight_56,15,383.00,490.6664,ok,
2026_07_15_gym,flight_56,16,366.35,475.3324,ok,
2026_07_15_gym,flight_56,17,349.69,462.5310,ok,
2026_07_15_gym,flight_56,18,333.04,512.9943,ok,
2026_07_15_gym,flight_56,19,316.39,458.8595,ok,
2026_07_15_gym,flight_56,20,299.74,420.3339,ok,
2026_07_15_gym,flight_56,21,283.09,396.5376,ok,
2026_07_15_gym,flight_56,22,266.43,358.2521,ok,
2026_07_15_gym,flight_56,23,233.13,386.6759,ok,
2026_07_15_gym,flight_56,24,216.48,362.4802,ok,
2026_07_15_gym,flight_56,25,199.82,357.7519,ok,
2026_07_15_gym,flight_56,26,183.17,317.6162,ok,
2026_07_15_gym,flight_56,27,166.52,322.7764,ok,
2026_07_15_gym,flight_56,28,149.87,332.2020,ok,
2026_07_15_gym,flight_56,29,133.22,343.4938,ok,
2026_07_15_gym,flight_56,30,116.57,347.5118,ok,
2026_07_15_gym,flight_56,31,99.91,349.6627,ok,
2026_07_15_gym,flight_56,32,83.26,345.4765,ok,
2026_07_15_gym,flight_56,33,66.61,316.7449,ok,
2026_07_15_gym,flight_56,34,49.96,330.4116,ok,
2026_07_15_gym,flight_56,35,33.30,326.3722,ok,
2026_07_15_gym,flight_56,36,16.65,307.9787,ok,
2026_07_15_gym,flight_57,3,366.35,157.8600,ok,
2026_07_15_gym,flight_57,4,349.69,168.5054,ok,
2026_07_15_gym,flight_57,5,333.04,88.0187,ok,
2026_07_15_gym,flight_57,6,316.39,230.6114,ok,
2026_07_15_gym,flight_57,7,299.74,227.0509,ok,
2026_07_15_gym,flight_57,8,283.09,251.2878,ok,
2026_07_15_gym,flight_57,9,266.43,349.6639,ok,
2026_07_15_gym,flight_57,10,249.78,327.5156,ok,
2026_07_15_gym,flight_57,11,233.13,346.0523,ok,
2026_07_15_gym,flight_57,12,216.48,405.5448,ok,
2026_07_15_gym,flight_57,13,199.83,382.5146,ok,
2026_07_15_gym,flight_57,14,183.17,388.9311,ok,
2026_07_15_gym,flight_57,15,166.52,373.7290,ok,
2026_07_15_gym,flight_57,16,149.87,392.7292,ok,
2026_07_15_gym,flight_57,17,133.22,410.3190,ok,
2026_07_15_gym,flight_57,18,116.56,402.3364,ok,
2026_07_15_gym,flight_57,19,99.91,393.3124,ok,
2026_07_15_gym,flight_57,20,83.26,387.3858,ok,
2026_07_15_gym,flight_57,21,66.61,376.6817,ok,
2026_07_15_gym,flight_57,22,49.96,365.8481,ok,
2026_07_15_gym,flight_57,23,33.30,364.2338,ok,
2026_07_15_gym,flight_57,24,16.65,369.1994,ok,
2026_07_15_gym,flight_58,3,249.78,522.7927,ok,
2026_07_15_gym,flight_58,4,233.13,342.4830,ok,
2026_07_15_gym,flight_58,5,216.48,78.7173,ok,
2026_07_15_gym,flight_58,6,199.82,238.9920,ok,
2026_07_15_gym,flight_58,7,183.17,173.8506,ok,
2026_07_15_gym,flight_58,8,166.52,247.6769,ok,
2026_07_15_gym,flight_58,9,149.87,217.9167,ok,
2026_07_15_gym,flight_58,10,133.22,220.8557,ok,
2026_07_15_gym,flight_58,11,116.56,224.2735,ok,
2026_07_15_gym,flight_58,12,99.91,229.3450,ok,
2026_07_15_gym,flight_58,13,83.26,229.2786,ok,
2026_07_15_gym,flight_58,14,66.61,231.8031,ok,
2026_07_15_gym,flight_58,15,49.96,240.1508,ok,
2026_07_15_gym,flight_58,16,33.30,248.3332,ok,
2026_07_15_gym,flight_58,17,16.65,239.4619,ok,
2026_07_15_gym,flight_59,3,199.82,385.0775,ok,
2026_07_15_gym,flight_59,4,183.17,253.2315,ok,
2026_07_15_gym,flight_59,5,166.52,400.2460,ok,
2026_07_15_gym,flight_59,6,149.87,395.0369,ok,
2026_07_15_gym,flight_59,7,133.22,313.3066,ok,
2026_07_15_gym,flight_59,8,116.56,322.9930,ok,
2026_07_15_gym,flight_59,9,99.91,323.2037,ok,
2026_07_15_gym,flight_59,10,83.26,290.9193,ok,
2026_07_15_gym,flight_59,11,66.61,309.9407,ok,
2026_07_15_gym,flight_59,12,49.96,283.6065,ok,
2026_07_15_gym,flight_59,13,33.30,291.2723,ok,
2026_07_15_gym,flight_59,14,16.65,291.2905,ok,
2026_07_15_gym,flight_60,3,632.78,897.6043,ok,
2026_07_15_gym,flight_60,4,616.13,389.4081,ok,
2026_07_15_gym,flight_60,5,599.48,323.7047,ok,
2026_07_15_gym,flight_60,6,582.82,346.8675,ok,
2026_07_15_gym,flight_60,7,566.17,394.3323,ok,
2026_07_15_gym,flight_60,8,549.52,376.4435,ok,
2026_07_15_gym,flight_60,9,532.87,379.5418,ok,
2026_07_15_gym,flight_60,10,516.21,384.9631,ok,
2026_07_15_gym,flight_60,11,499.56,388.7204,ok,
2026_07_15_gym,flight_60,12,482.91,406.3715,ok,
2026_07_15_gym,flight_60,13,466.26,389.0205,ok,
2026_07_15_gym,flight_60,14,449.61,381.1581,ok,
2026_07_15_gym,flight_60,15,432.95,370.0786,ok,
2026_07_15_gym,flight_60,16,416.30,371.9040,ok,
2026_07_15_gym,flight_60,17,399.65,361.8399,ok,
2026_07_15_gym,flight_60,18,383.00,356.9056,ok,
2026_07_15_gym,flight_60,19,366.35,371.6176,ok,
2026_07_15_gym,flight_60,20,349.69,363.2507,ok,
2026_07_15_gym,flight_60,21,333.04,364.3530,ok,
2026_07_15_gym,flight_60,22,316.39,400.6814,ok,
2026_07_15_gym,flight_60,23,299.74,415.5401,ok,
2026_07_15_gym,flight_60,24,266.43,402.5596,ok,
2026_07_15_gym,flight_60,25,249.78,425.1450,ok,
2026_07_15_gym,flight_60,26,233.13,408.1334,ok,
2026_07_15_gym,flight_60,27,216.48,414.7285,ok,
2026_07_15_gym,flight_60,28,199.83,424.0314,ok,
2026_07_15_gym,flight_60,29,183.17,414.7488,ok,
2026_07_15_gym,flight_60,30,166.52,420.4830,ok,
2026_07_15_gym,flight_60,31,149.87,435.5847,ok,
2026_07_15_gym,flight_60,32,133.22,412.1800,ok,
2026_07_15_gym,flight_60,33,116.57,415.1521,ok,
2026_07_15_gym,flight_60,34,99.91,423.7202,ok,
2026_07_15_gym,flight_60,35,83.26,415.4325,ok,
2026_07_15_gym,flight_60,36,66.61,401.2905,ok,
2026_07_15_gym,flight_60,37,49.96,392.5993,ok,
2026_07_15_gym,flight_60,38,33.31,384.5357,ok,
2026_07_15_gym,flight_60,39,16.65,387.8571,ok,
