session,flight,cls2,T_ms,status,t_obs_ms,duration_ms,launch_to_crossing_ms,latency_ms,position_error_mm,answered,in_time,accurate,verdict
2026_07_15_gym,flight_11,LONG,150,ok,150.0000,1515.337,1204.723509224763,139.07196266731867,281.06567501784946,True,True,False,wrong
2026_07_15_gym,flight_11,LONG,200,ok,200.0000,1515.337,1204.723509224763,152.03751866860935,517.4444805725651,True,True,False,wrong
2026_07_15_gym,flight_11,LONG,250,ok,250.0000,1515.337,1204.723509224763,157.77379766634354,634.8467340395267,True,True,False,wrong
2026_07_15_gym,flight_11,LONG,300,ok,300.0000,1515.337,1204.723509224763,171.32322266666839,418.504476870672,True,True,False,wrong
2026_07_15_gym,flight_11,LONG,350,ok,350.0000,1515.337,1204.723509224763,228.93692566516498,432.381883507743,True,True,False,wrong
2026_07_15_gym,flight_11,LONG,400,ok,400.0000,1515.337,1204.723509224763,181.44755466437587,475.8059699258787,True,True,False,wrong
2026_07_15_gym,flight_11,LONG,450,ok,450.0000,1515.337,1204.723509224763,193.5148156673337,347.610891531915,True,True,False,wrong
2026_07_15_gym,flight_11,LONG,490,ok,490.0000,1515.337,1204.723509224763,194.2197956663246,96.80852222191234,True,True,True,success
2026_07_15_gym,flight_11,LONG,500,ok,500.0000,1515.337,1204.723509224763,201.37829666646817,395.670810344766,True,True,False,wrong
2026_07_15_gym,flight_11,LONG,550,ok,550.0000,1515.337,1204.723509224763,211.44240766732642,302.7425136433336,True,True,False,wrong
2026_07_15_gym,flight_11,LONG,600,ok,600.0000,1515.337,1204.723509224763,234.42659366565445,233.36909979686834,True,True,False,wrong
2026_07_15_gym,flight_11,LONG,650,ok,650.0000,1515.337,1204.723509224763,227.7511476666356,147.3501884798454,True,True,True,success
2026_07_15_gym,flight_11,LONG,700,ok,700.0000,1515.337,1204.723509224763,233.9925566666449,166.61972014600377,True,True,True,success
2026_07_15_gym,flight_11,LONG,750,ok,750.0000,1515.337,1204.723509224763,229.7619626658658,178.17339630042835,True,True,True,success
2026_07_15_gym,flight_11,LONG,800,ok,800.0000,1515.337,1204.723509224763,255.48475766616562,168.72363406538724,True,True,True,success
2026_07_15_gym,flight_11,LONG,850,ok,850.0000,1515.337,1204.723509224763,247.93833366750428,159.06926164022346,True,True,True,success
2026_07_15_gym,flight_11,LONG,900,ok,900.0000,1515.337,1204.723509224763,260.8236676656331,169.67786756634356,True,True,True,success
2026_07_15_gym,flight_11,LONG,950,ok,950.0000,1515.337,1204.723509224763,255.17005666686842,130.78789906763507,True,True,True,success
2026_07_15_gym,flight_11,LONG,1000,ok,1000.0000,1515.337,1204.723509224763,291.9303896666194,166.3699533546066,True,False,True,late
2026_07_15_gym,flight_11,LONG,1050,ok,1050.0000,1515.337,1204.723509224763,359.58109266559285,189.58229881409937,True,False,True,late
2026_07_15_gym,flight_11,LONG,1100,ok,1100.0000,1515.337,1204.723509224763,374.69842566518736,178.22895758335034,True,False,True,late
2026_07_15_gym,flight_11,LONG,1150,ok,1150.0000,1515.337,1204.723509224763,374.87822266543907,178.22895758335034,True,False,True,late
2026_07_15_gym,flight_11,LONG,1200,ok,1200.0000,1515.337,1204.723509224763,374.2893506657953,178.22895758335034,True,False,True,late
2026_07_15_gym,flight_11,LONG,1250,ok,1250.0000,1515.337,1204.723509224763,295.25177866655093,190.90032122929097,True,False,True,late
2026_07_15_gym,flight_12,LONG,150,ok,150.0000,1515.3365000000001,1383.7809672573765,149.04279566711435,904.6946016998746,True,True,False,wrong
2026_07_15_gym,flight_12,LONG,200,ok,200.0000,1515.3365000000001,1383.7809672573765,160.05762966598073,673.4954206243455,True,True,False,wrong
2026_07_15_gym,flight_12,LONG,250,ok,250.0000,1515.3365000000001,1383.7809672573765,160.65398266880462,936.1196194275327,True,True,False,wrong
2026_07_15_gym,flight_12,LONG,300,ok,300.0000,1515.3365000000001,1383.7809672573765,172.51638866743693,404.16828691996653,True,True,False,wrong
2026_07_15_gym,flight_12,LONG,350,ok,350.0000,1515.3365000000001,1383.7809672573765,188.87881466808417,430.8020011654779,True,True,False,wrong
2026_07_15_gym,flight_12,LONG,400,ok,400.0000,1515.3365000000001,1383.7809672573765,193.41255466702083,302.6759546341437,True,True,False,wrong
2026_07_15_gym,flight_12,LONG,450,ok,450.0000,1515.3365000000001,1383.7809672573765,206.22598166732737,618.0402463477477,True,True,False,wrong
2026_07_15_gym,flight_12,LONG,490,ok,490.0000,1515.3365000000001,1383.7809672573765,217.44601866758117,1193.1703235055247,True,True,False,wrong
2026_07_15_gym,flight_12,LONG,500,ok,500.0000,1515.3365000000001,1383.7809672573765,212.70996166734645,207.7601224074395,True,True,False,wrong
2026_07_15_gym,flight_12,LONG,550,ok,550.0000,1515.3365000000001,1383.7809672573765,198.91533466490606,1004.2926588140838,True,True,False,wrong
2026_07_15_gym,flight_12,LONG,600,ok,600.0000,1515.3365000000001,1383.7809672573765,253.00455466719964,121.91748263886753,True,True,True,success
2026_07_15_gym,flight_12,LONG,650,ok,650.0000,1515.3365000000001,1383.7809672573765,229.86261066577086,164.82007291209663,True,True,True,success
2026_07_15_gym,flight_12,LONG,700,ok,700.0000,1515.3365000000001,1383.7809672573765,245.40610966614136,189.7309099566257,True,True,True,success
2026_07_15_gym,flight_12,LONG,750,ok,750.0000,1515.3365000000001,1383.7809672573765,248.1486846661816,89.91664221690115,True,True,True,success
2026_07_15_gym,flight_12,LONG,800,ok,800.0000,1515.3365000000001,1383.7809672573765,249.2745366670812,76.3185557931061,True,True,True,success
2026_07_15_gym,flight_12,LONG,850,ok,850.0000,1515.3365000000001,1383.7809672573765,268.4363146663333,40.194300011494896,True,True,True,success
2026_07_15_gym,flight_12,LONG,900,fit_failed,900.0000,1515.3365000000001,1383.7809672573765,,,False,,,no_response
2026_07_15_gym,flight_12,LONG,950,ok,950.0000,1515.3365000000001,1383.7809672573765,293.8932956677551,156.7931465507406,True,True,True,success
2026_07_15_gym,flight_12,LONG,1000,ok,1000.0000,1515.3365000000001,1383.7809672573765,352.64401766533655,170.80643098160417,True,True,True,success
2026_07_15_gym,flight_12,LONG,1050,ok,1050.0000,1515.3365000000001,1383.7809672573765,285.1333696662138,64.30696050316706,True,True,True,success
2026_07_15_gym,flight_12,LONG,1100,fit_failed,1100.0000,1515.3365000000001,1383.7809672573765,,,False,,,no_response
2026_07_15_gym,flight_12,LONG,1150,ok,1150.0000,1515.3365000000001,1383.7809672573765,299.15248066714656,35.156961907165396,True,True,True,success
2026_07_15_gym,flight_12,LONG,1200,fit_failed,1200.0000,1515.3365000000001,1383.7809672573765,,,False,,,no_response
2026_07_15_gym,flight_12,LONG,1250,ok,1250.0000,1515.3365000000001,1383.7809672573765,363.7375546662758,73.29283013208665,True,False,True,late
2026_07_15_gym,flight_14,LONG,150,ok,150.0000,1482.0359999999998,1277.2821674490751,143.97483466627696,619.2483241057254,True,True,False,wrong
2026_07_15_gym,flight_14,LONG,200,ok,200.0000,1482.0359999999998,1277.2821674490751,155.52496266613403,388.41370622317703,True,True,False,wrong
2026_07_15_gym,flight_14,LONG,250,ok,250.0000,1482.0359999999998,1277.2821674490751,159.25381366784373,388.4133193731148,True,True,False,wrong
2026_07_15_gym,flight_14,LONG,300,ok,300.0000,1482.0359999999998,1277.2821674490751,175.3532956658552,125.63768290405825,True,True,True,success
2026_07_15_gym,flight_14,LONG,350,ok,350.0000,1482.0359999999998,1277.2821674490751,180.92874066873142,159.56676082908058,True,True,True,success
2026_07_15_gym,flight_14,LONG,400,ok,400.0000,1482.0359999999998,1277.2821674490751,177.1247966668258,117.922526165536,True,True,True,success
2026_07_15_gym,flight_14,LONG,450,ok,450.0000,1482.0359999999998,1277.2821674490751,192.62109266749272,156.93481474188317,True,True,True,success
2026_07_15_gym,flight_14,LONG,490,ok,490.0000,1482.0359999999998,1277.2821674490751,245.6383506671215,168.13316922405312,True,True,True,success
2026_07_15_gym,flight_14,LONG,500,ok,500.0000,1482.0359999999998,1277.2821674490751,202.2204796678076,157.0694106130196,True,True,True,success
2026_07_15_gym,flight_14,LONG,550,ok,550.0000,1482.0359999999998,1277.2821674490751,212.74959266620377,156.93872210879135,True,True,True,success
2026_07_15_gym,flight_14,LONG,600,ok,600.0000,1482.0359999999998,1277.2821674490751,224.97320266688862,134.61750561271444,True,True,True,success
2026_07_15_gym,flight_14,LONG,650,ok,650.0000,1482.0359999999998,1277.2821674490751,227.69672266642252,106.00517773107836,True,True,True,success
2026_07_15_gym,flight_14,LONG,700,ok,700.0000,1482.0359999999998,1277.2821674490751,271.5420746651168,179.15931117358951,True,True,True,success
2026_07_15_gym,flight_14,LONG,750,ok,750.0000,1482.0359999999998,1277.2821674490751,234.86286866633841,123.63444414499264,True,True,True,success
2026_07_15_gym,flight_14,LONG,800,ok,800.0000,1482.0359999999998,1277.2821674490751,255.9044236668075,105.06155661151196,True,True,True,success
2026_07_15_gym,flight_14,LONG,850,ok,850.0000,1482.0359999999998,1277.2821674490751,293.83396366766345,101.20059791376005,True,True,True,success
2026_07_15_gym,flight_14,LONG,900,ok,900.0000,1482.0359999999998,1277.2821674490751,275.939907667848,95.59002617635316,True,True,True,success
2026_07_15_gym,flight_14,LONG,950,ok,950.0000,1482.0359999999998,1277.2821674490751,307.24059266845387,103.44433017459752,True,True,True,success
2026_07_15_gym,flight_14,LONG,1000,ok,1000.0000,1482.0359999999998,1277.2821674490751,299.70740566464764,121.94558402652923,True,True,True,success
2026_07_15_gym,flight_14,LONG,1050,ok,1050.0000,1482.0359999999998,1277.2821674490751,280.3790926669414,73.75680402567549,True,True,True,success
2026_07_15_gym,flight_14,LONG,1100,ok,1100.0000,1482.0359999999998,1277.2821674490751,283.6366296686853,79.38798604791012,True,False,True,late
2026_07_15_gym,flight_14,LONG,1150,ok,1150.0000,1482.0359999999998,1277.2821674490751,321.0393136662121,79.38798599240711,True,False,True,late
2026_07_15_gym,flight_14,LONG,1200,ok,1200.0000,1482.0359999999998,1277.2821674490751,293.55548066521686,82.99886492331345,True,False,True,late
2026_07_15_gym,flight_14,LONG,1250,ok,1250.0000,1482.0359999999998,1277.2821674490751,305.20922366591793,37.77870171546364,True,False,True,late
2026_07_15_gym,flight_15,LONG,150,fit_failed,150.0000,1598.5964999999999,1559.34822093119,,,False,,,no_response
2026_07_15_gym,flight_15,LONG,200,fit_failed,200.0000,1598.5964999999999,1559.34822093119,,,False,,,no_response
2026_07_15_gym,flight_15,LONG,250,ok,250.0000,1598.5964999999999,1559.34822093119,170.1150726682196,453.024696387481,True,True,False,wrong
2026_07_15_gym,flight_15,LONG,300,ok,300.0000,1598.5964999999999,1559.34822093119,173.8487596657748,342.39414368482636,True,True,False,wrong
2026_07_15_gym,flight_15,LONG,350,ok,350.0000,1598.5964999999999,1559.34822093119,182.85679566736022,311.176746764799,True,True,False,wrong
2026_07_15_gym,flight_15,LONG,400,ok,400.0000,1598.5964999999999,1559.34822093119,185.64472166790316,266.92363696453987,True,True,False,wrong
2026_07_15_gym,flight_15,LONG,450,ok,450.0000,1598.5964999999999,1559.34822093119,199.14326066585878,396.81510392976855,True,True,False,wrong
2026_07_15_gym,flight_15,LONG,490,ok,490.0000,1598.5964999999999,1559.34822093119,196.2870356660957,481.65442647711956,True,True,False,wrong
2026_07_15_gym,flight_15,LONG,500,ok,500.0000,1598.5964999999999,1559.34822093119,202.841165666158,535.2537408788205,True,True,False,wrong
2026_07_15_gym,flight_15,LONG,550,ok,550.0000,1598.5964999999999,1559.34822093119,194.8550726675118,278.0204431426643,True,True,False,wrong
2026_07_15_gym,flight_15,LONG,600,ok,600.0000,1598.5964999999999,1559.34822093119,249.92242666582266,523.6280812355025,True,True,False,wrong
2026_07_15_gym,flight_15,LONG,650,ok,650.0000,1598.5964999999999,1559.34822093119,247.0347026667247,130.0944996830253,True,True,True,success
2026_07_15_gym,flight_15,LONG,700,ok,700.0000,1598.5964999999999,1559.34822093119,292.45405466544133,576.6562184814311,True,True,False,wrong
2026_07_15_gym,flight_15,LONG,750,ok,750.0000,1598.5964999999999,1559.34822093119,262.21525966438156,182.7151158553878,True,True,True,success
2026_07_15_gym,flight_15,LONG,800,fit_failed,800.0000,1598.5964999999999,1559.34822093119,,,False,,,no_response
2026_07_15_gym,flight_15,LONG,850,ok,850.0000,1598.5964999999999,1559.34822093119,254.28999966445068,210.31161349224672,True,True,False,wrong
2026_07_15_gym,flight_15,LONG,900,ok,900.0000,1598.5964999999999,1559.34822093119,276.46068466609967,156.4773020907203,True,True,True,success
2026_07_15_gym,flight_15,LONG,950,ok,950.0000,1598.5964999999999,1559.34822093119,276.20551966658485,156.4773020907203,True,True,True,success
2026_07_15_gym,flight_15,LONG,1000,ok,1000.0000,1598.5964999999999,1559.34822093119,288.52118466670316,208.34559379769624,True,True,False,wrong
2026_07_15_gym,flight_15,LONG,1050,ok,1050.0000,1598.5964999999999,1559.34822093119,326.07201866588247,65.70164517742647,True,True,True,success
2026_07_15_gym,flight_15,LONG,1100,ok,1100.0000,1598.5964999999999,1559.34822093119,317.05322366642457,192.8787088456072,True,True,True,success
2026_07_15_gym,flight_15,LONG,1150,ok,1150.0000,1598.5964999999999,1559.34822093119,302.5646656655396,88.33716000180928,True,True,True,success
2026_07_15_gym,flight_15,LONG,1200,ok,1200.0000,1598.5964999999999,1559.34822093119,355.03153866591555,143.15719349778047,True,True,True,success
2026_07_15_gym,flight_15,LONG,1250,ok,1250.0000,1598.5964999999999,1559.34822093119,376.508979667599,60.84595065904165,True,True,True,success
2026_07_15_gym,flight_17,SHORT,150,ok,150.0000,1432.0765,1120.588322916062,142.98492566651353,170.8680020357907,True,True,True,success
2026_07_15_gym,flight_17,SHORT,200,ok,200.0000,1432.0765,1120.588322916062,154.18788866574565,621.8989997079091,True,True,False,wrong
2026_07_15_gym,flight_17,SHORT,250,ok,250.0000,1432.0765,1120.588322916062,153.69718566692123,235.16127843172964,True,True,False,wrong
2026_07_15_gym,flight_17,SHORT,300,ok,300.0000,1432.0765,1120.588322916062,167.74359266708294,185.06809727188863,True,True,True,success
2026_07_15_gym,flight_17,SHORT,350,ok,350.0000,1432.0765,1120.588322916062,169.0522596683974,206.77843520859173,True,True,False,wrong
2026_07_15_gym,flight_17,SHORT,400,ok,400.0000,1432.0765,1120.588322916062,172.8124626657615,181.81050629367047,True,True,True,success
2026_07_15_gym,flight_17,SHORT,450,ok,450.0000,1432.0765,1120.588322916062,228.47683466846743,181.81049323863138,True,True,True,success
2026_07_15_gym,flight_17,SHORT,490,ok,490.0000,1432.0765,1120.588322916062,228.6040196676428,181.81049323863138,True,True,True,success
2026_07_15_gym,flight_17,SHORT,500,ok,500.0000,1432.0765,1120.588322916062,228.35877766708532,181.81049323863138,True,True,True,success
2026_07_15_gym,flight_17,SHORT,550,ok,550.0000,1432.0765,1120.588322916062,242.01405466596285,206.77865262300503,True,True,False,wrong
2026_07_15_gym,flight_17,SHORT,600,ok,600.0000,1432.0765,1120.588322916062,225.47429566613087,117.27774760616444,True,True,True,success
2026_07_15_gym,flight_17,SHORT,650,ok,650.0000,1432.0765,1120.588322916062,225.87588866489628,117.27774760616444,True,True,True,success
2026_07_15_gym,flight_17,SHORT,700,ok,700.0000,1432.0765,1120.588322916062,253.32290766822794,386.7090475599677,True,True,False,wrong
2026_07_15_gym,flight_17,SHORT,750,ok,750.0000,1432.0765,1120.588322916062,294.25224066867185,134.24787008147135,True,True,True,success
2026_07_15_gym,flight_17,SHORT,800,ok,800.0000,1432.0765,1120.588322916062,262.9120916683848,365.212042423455,True,True,False,wrong
2026_07_15_gym,flight_17,SHORT,850,ok,850.0000,1432.0765,1120.588322916062,264.5506656660388,72.05984042451873,True,True,True,success
2026_07_15_gym,flight_17,SHORT,900,ok,900.0000,1432.0765,1120.588322916062,264.50235166649026,68.4244045373818,True,True,True,success
2026_07_15_gym,flight_17,SHORT,950,ok,950.0000,1432.0765,1120.588322916062,334.1662406685452,160.59674254182744,True,False,True,late
2026_07_15_gym,flight_17,SHORT,1000,ok,1000.0000,1432.0765,1120.588322916062,306.64633366713923,30.406692751270956,True,False,True,late
2026_07_15_gym,flight_17,SHORT,1050,ok,1050.0000,1432.0765,1120.588322916062,343.4790366670738,60.140275072411924,True,False,True,late
2026_07_15_gym,flight_17,SHORT,1100,ok,1100.0000,1432.0765,1120.588322916062,293.5416486669953,59.010623313374886,True,False,True,late
2026_07_15_gym,flight_17,SHORT,1150,ok,1150.0000,1432.0765,1120.588322916062,343.3137036661307,55.922034832455495,True,False,True,late
2026_07_15_gym,flight_17,SHORT,1200,fit_failed,1200.0000,1432.0765,1120.588322916062,,,False,,,no_response
2026_07_15_gym,flight_17,SHORT,1250,ok,1250.0000,1432.0765,1120.588322916062,335.4767036677028,71.9559076247729,True,False,True,late
2026_07_15_gym,flight_19,LONG,150,ok,150.0000,1432.075,1095.8074523611567,149.76577666743347,363.43600773674575,True,True,False,wrong
2026_07_15_gym,flight_19,LONG,200,ok,200.0000,1432.075,1095.8074523611567,164.15125966692963,279.86798640154825,True,True,False,wrong
2026_07_15_gym,flight_19,LONG,250,ok,250.0000,1432.075,1095.8074523611567,162.95975866696486,216.51460448919045,True,True,False,wrong
2026_07_15_gym,flight_19,LONG,300,ok,300.0000,1432.075,1095.8074523611567,185.62185266489783,318.8586656040132,True,True,False,wrong
2026_07_15_gym,flight_19,LONG,350,ok,350.0000,1432.075,1095.8074523611567,193.85200066740313,57.221367004051785,True,True,True,success
2026_07_15_gym,flight_19,LONG,400,ok,400.0000,1432.075,1095.8074523611567,199.3284076663355,42.28938136590197,True,True,True,success
2026_07_15_gym,flight_19,LONG,450,ok,450.0000,1432.075,1095.8074523611567,209.65916666636863,14.020809256622396,True,True,True,success
2026_07_15_gym,flight_19,LONG,490,ok,490.0000,1432.075,1095.8074523611567,213.36573966654638,76.5229852285083,True,True,True,success
2026_07_15_gym,flight_19,LONG,500,ok,500.0000,1432.075,1095.8074523611567,222.65977666682252,50.92800248115037,True,True,True,success
2026_07_15_gym,flight_19,LONG,550,ok,550.0000,1432.075,1095.8074523611567,217.71764766673246,31.063686876287328,True,True,True,success
2026_07_15_gym,flight_19,LONG,600,ok,600.0000,1432.075,1095.8074523611567,233.3149266677598,37.24603009334389,True,True,True,success
2026_07_15_gym,flight_19,LONG,650,ok,650.0000,1432.075,1095.8074523611567,231.98325966733196,44.45210017871854,True,True,True,success
2026_07_15_gym,flight_19,LONG,700,ok,700.0000,1432.075,1095.8074523611567,254.29466566598663,52.09742056457551,True,True,True,success
2026_07_15_gym,flight_19,LONG,750,ok,750.0000,1432.075,1095.8074523611567,258.2860546677063,47.63161553173006,True,True,True,success
2026_07_15_gym,flight_19,LONG,800,ok,800.0000,1432.075,1095.8074523611567,259.77472066661966,51.32019924459437,True,True,True,success
2026_07_15_gym,flight_19,LONG,850,ok,850.0000,1432.075,1095.8074523611567,281.78298266759765,31.626673798741198,True,True,True,success
2026_07_15_gym,flight_19,LONG,900,ok,900.0000,1432.075,1095.8074523611567,333.133944666634,37.39428958123846,True,False,True,late
2026_07_15_gym,flight_19,LONG,950,ok,950.0000,1432.075,1095.8074523611567,296.6107776683445,31.60128546459497,True,False,True,late
2026_07_15_gym,flight_19,LONG,1000,ok,1000.0000,1432.075,1095.8074523611567,344.6025556676711,70.92744716241143,True,False,True,late
2026_07_15_gym,flight_19,LONG,1050,ok,1050.0000,1432.075,1095.8074523611567,341.9674626669536,20.394652495478226,True,False,True,late
2026_07_15_gym,flight_19,LONG,1100,fit_failed,1100.0000,1432.075,1095.8074523611567,,,False,,,no_response
2026_07_15_gym,flight_19,LONG,1150,ok,1150.0000,1432.075,1095.8074523611567,333.7519076668347,6.011719877679084,True,False,True,late
2026_07_15_gym,flight_19,LONG,1200,ok,1200.0000,1432.075,1095.8074523611567,279.8349626657243,379.3079205452066,True,False,False,late
2026_07_15_gym,flight_19,LONG,1250,ok,1250.0000,1432.075,1095.8074523611567,334.9242406661312,39.317102157668785,True,False,True,late
2026_07_15_gym,flight_20,LONG,150,fit_failed,150.0000,1465.3805,1146.7397324892738,,,False,,,no_response
2026_07_15_gym,flight_20,LONG,200,fit_failed,200.0000,1465.3805,1146.7397324892738,,,False,,,no_response
2026_07_15_gym,flight_20,LONG,250,ok,250.0000,1465.3805,1146.7397324892738,154.63901866755137,122.36821431296529,True,True,True,success
2026_07_15_gym,flight_20,LONG,300,ok,300.0000,1465.3805,1146.7397324892738,172.75194466734925,117.4612098721635,True,True,True,success
2026_07_15_gym,flight_20,LONG,350,ok,350.0000,1465.3805,1146.7397324892738,175.8803876672561,26.934222341412546,True,True,True,success
2026_07_15_gym,flight_20,LONG,400,ok,400.0000,1465.3805,1146.7397324892738,190.9027236678327,141.22814819593972,True,True,True,success
2026_07_15_gym,flight_20,LONG,450,ok,450.0000,1465.3805,1146.7397324892738,192.75907566553602,160.58993573357455,True,True,True,success
2026_07_15_gym,flight_20,LONG,490,ok,490.0000,1465.3805,1146.7397324892738,200.34505566737303,103.80332906385564,True,True,True,success
2026_07_15_gym,flight_20,LONG,500,ok,500.0000,1465.3805,1146.7397324892738,202.75061166627953,126.20028619840758,True,True,True,success
2026_07_15_gym,flight_20,LONG,550,ok,550.0000,1465.3805,1146.7397324892738,208.72679766795287,93.78367565386269,True,True,True,success
2026_07_15_gym,flight_20,LONG,600,ok,600.0000,1465.3805,1146.7397324892738,221.7468706673632,56.02840394310412,True,True,True,success
2026_07_15_gym,flight_20,LONG,650,ok,650.0000,1465.3805,1146.7397324892738,216.1739256667594,56.470489551959766,True,True,True,success
2026_07_15_gym,flight_20,LONG,700,ok,700.0000,1465.3805,1146.7397324892738,237.30840666561076,71.60663438794381,True,True,True,success
2026_07_15_gym,flight_20,LONG,750,ok,750.0000,1465.3805,1146.7397324892738,235.65249966612706,45.6849231166412,True,True,True,success
2026_07_15_gym,flight_20,LONG,800,ok,800.0000,1465.3805,1146.7397324892738,245.01488966650018,25.746727152290653,True,True,True,success
2026_07_15_gym,flight_20,LONG,850,ok,850.0000,1465.3805,1146.7397324892738,271.32046266427886,35.626033384335564,True,True,True,success
2026_07_15_gym,flight_20,LONG,900,ok,900.0000,1465.3805,1146.7397324892738,335.0817586655418,29.271438040278237,True,False,True,late
2026_07_15_gym,flight_20,LONG,950,ok,950.0000,1465.3805,1146.7397324892738,306.4933896676327,46.48794626249005,True,False,True,late
2026_07_15_gym,flight_20,LONG,1000,ok,1000.0000,1465.3805,1146.7397324892738,271.042518666635,10.960223405091359,True,False,True,late
2026_07_15_gym,flight_20,LONG,1050,ok,1050.0000,1465.3805,1146.7397324892738,280.0651306665192,43.81634143851624,True,False,True,late
2026_07_15_gym,flight_20,LONG,1100,ok,1100.0000,1465.3805,1146.7397324892738,322.23992466616136,104.41997272776247,True,False,True,late
2026_07_15_gym,flight_20,LONG,1150,ok,1150.0000,1465.3805,1146.7397324892738,325.2201676682259,22.513827609477406,True,False,True,late
2026_07_15_gym,flight_20,LONG,1200,ok,1200.0000,1465.3805,1146.7397324892738,288.0162776686872,44.10221958682957,True,False,True,late
2026_07_15_gym,flight_20,LONG,1250,ok,1250.0000,1465.3805,1146.7397324892738,385.02375866627943,53.857216876940676,True,False,True,late
2026_07_15_gym,flight_21,LONG,150,ok,150.0000,1432.077,1147.2811542193565,141.46527866615602,477.73809575534995,True,True,False,wrong
2026_07_15_gym,flight_21,LONG,200,ok,200.0000,1432.077,1147.2811542193565,157.1136106668661,251.69152558640275,True,True,False,wrong
2026_07_15_gym,flight_21,LONG,250,ok,250.0000,1432.077,1147.2811542193565,156.5388336662824,82.507295336962,True,True,True,success
2026_07_15_gym,flight_21,LONG,300,ok,300.0000,1432.077,1147.2811542193565,171.42174066479006,178.09924386242395,True,True,True,success
2026_07_15_gym,flight_21,LONG,350,ok,350.0000,1432.077,1147.2811542193565,175.24861066571125,99.0420571612425,True,True,True,success
2026_07_15_gym,flight_21,LONG,400,ok,400.0000,1432.077,1147.2811542193565,185.74296266740808,41.407096128955835,True,True,True,success
2026_07_15_gym,flight_21,LONG,450,ok,450.0000,1432.077,1147.2811542193565,192.45487166723856,47.527207881590186,True,True,True,success
2026_07_15_gym,flight_21,LONG,490,ok,490.0000,1432.077,1147.2811542193565,211.19286966572204,45.51205849100186,True,True,True,success
2026_07_15_gym,flight_21,LONG,500,ok,500.0000,1432.077,1147.2811542193565,202.03924166659513,51.5889789894905,True,True,True,success
2026_07_15_gym,flight_21,LONG,550,ok,550.0000,1432.077,1147.2811542193565,209.0069626669089,62.99969331531523,True,True,True,success
2026_07_15_gym,flight_21,LONG,600,ok,600.0000,1432.077,1147.2811542193565,217.35811166620502,75.72317095746122,True,True,True,success
2026_07_15_gym,flight_21,LONG,650,ok,650.0000,1432.077,1147.2811542193565,227.1439996647338,58.47357148037437,True,True,True,success
2026_07_15_gym,flight_21,LONG,700,ok,700.0000,1432.077,1147.2811542193565,243.29966666704664,52.63697650568931,True,True,True,success
2026_07_15_gym,flight_21,LONG,750,ok,750.0000,1432.077,1147.2811542193565,252.8263516674439,52.87232686705465,True,True,True,success
2026_07_15_gym,flight_21,LONG,800,ok,800.0000,1432.077,1147.2811542193565,245.91149966573963,49.17516470404465,True,True,True,success
2026_07_15_gym,flight_21,LONG,850,ok,850.0000,1432.077,1147.2811542193565,256.74370166628313,45.57908017165788,True,True,True,success
2026_07_15_gym,flight_21,LONG,900,ok,900.0000,1432.077,1147.2811542193565,263.242184665675,41.4459910350033,True,True,True,success
2026_07_15_gym,flight_21,LONG,950,ok,950.0000,1432.077,1147.2811542193565,276.4639066659535,17.494795938755132,True,True,True,success
2026_07_15_gym,flight_21,LONG,1000,ok,1000.0000,1432.077,1147.2811542193565,278.1522046659763,20.991673164082833,True,False,True,late
2026_07_15_gym,flight_21,LONG,1050,ok,1050.0000,1432.077,1147.2811542193565,280.71646266865235,48.14067780211093,True,False,True,late
2026_07_15_gym,flight_21,LONG,1100,ok,1100.0000,1432.077,1147.2811542193565,294.32255666765076,31.66421915291534,True,False,True,late
2026_07_15_gym,flight_21,LONG,1150,ok,1150.0000,1432.077,1147.2811542193565,293.7550936654831,37.6288210052526,True,False,True,late
2026_07_15_gym,flight_21,LONG,1200,ok,1200.0000,1432.077,1147.2811542193565,287.74364866564673,47.09527083390565,True,False,True,late
2026_07_15_gym,flight_21,LONG,1250,ok,1250.0000,1432.077,1147.2811542193565,285.0774256649117,42.94890340642972,True,False,True,late
2026_07_15_gym,flight_22,LONG,150,fit_failed,150.0000,1498.6870000000001,1402.7757530220802,,,False,,,no_response
2026_07_15_gym,flight_22,LONG,200,ok,200.0000,1498.6870000000001,1402.7757530220802,160.2879996659855,30.279227121850205,True,True,True,success
2026_07_15_gym,flight_22,LONG,250,ok,250.0000,1498.6870000000001,1402.7757530220802,157.62009266453484,186.64787863254156,True,True,True,success
2026_07_15_gym,flight_22,LONG,300,ok,300.0000,1498.6870000000001,1402.7757530220802,174.33379566824684,341.170807636129,True,True,False,wrong
2026_07_15_gym,flight_22,LONG,350,ok,350.0000,1498.6870000000001,1402.7757530220802,175.53335166505227,245.39492654848678,True,True,False,wrong
2026_07_15_gym,flight_22,LONG,400,ok,400.0000,1498.6870000000001,1402.7757530220802,189.70199766537795,254.962106144426,True,True,False,wrong
2026_07_15_gym,flight_22,LONG,450,ok,450.0000,1498.6870000000001,1402.7757530220802,193.86283366723606,222.113577483539,True,True,False,wrong
2026_07_15_gym,flight_22,LONG,490,ok,490.0000,1498.6870000000001,1402.7757530220802,199.41840766618648,116.5917728375971,True,True,True,success
2026_07_15_gym,flight_22,LONG,500,ok,500.0000,1498.6870000000001,1402.7757530220802,200.92059166791537,177.66585879146848,True,True,True,success
2026_07_15_gym,flight_22,LONG,550,ok,550.0000,1498.6870000000001,1402.7757530220802,218.54364766708264,148.87878827593056,True,True,True,success
2026_07_15_gym,flight_22,LONG,600,ok,600.0000,1498.6870000000001,1402.7757530220802,231.35090666698912,130.00436706962589,True,True,True,success
2026_07_15_gym,flight_22,LONG,650,ok,650.0000,1498.6870000000001,1402.7757530220802,225.87916466562697,88.42589521240605,True,True,True,success
2026_07_15_gym,flight_22,LONG,700,ok,700.0000,1498.6870000000001,1402.7757530220802,253.55285266476372,126.95657948503137,True,True,True,success
2026_07_15_gym,flight_22,LONG,750,ok,750.0000,1498.6870000000001,1402.7757530220802,265.5456836667533,127.3722393701432,True,True,True,success
2026_07_15_gym,flight_22,LONG,800,ok,800.0000,1498.6870000000001,1402.7757530220802,269.09198066561174,247.9157612877278,True,True,False,wrong
2026_07_15_gym,flight_22,LONG,850,ok,850.0000,1498.6870000000001,1402.7757530220802,274.28203666737926,86.60834204808273,True,True,True,success
2026_07_15_gym,flight_22,LONG,900,ok,900.0000,1498.6870000000001,1402.7757530220802,284.77237066595507,228.24540948931596,True,True,False,wrong
2026_07_15_gym,flight_22,LONG,950,ok,950.0000,1498.6870000000001,1402.7757530220802,322.0262776684637,82.03436359894191,True,True,True,success
2026_07_15_gym,flight_22,LONG,1000,ok,1000.0000,1498.6870000000001,1402.7757530220802,332.9741476668666,44.67089321658831,True,True,True,success
2026_07_15_gym,flight_22,LONG,1050,ok,1050.0000,1498.6870000000001,1402.7757530220802,329.3697016655157,86.72591659907346,True,True,True,success
2026_07_15_gym,flight_22,LONG,1100,ok,1100.0000,1498.6870000000001,1402.7757530220802,346.4219256664316,19.273159955650037,True,True,True,success
2026_07_15_gym,flight_22,LONG,1150,ok,1150.0000,1498.6870000000001,1402.7757530220802,316.00336966632557,96.74446995268438,True,True,True,success
2026_07_15_gym,flight_22,LONG,1200,ok,1200.0000,1498.6870000000001,1402.7757530220802,336.82222166626406,47.078397770890604,True,False,True,late
2026_07_15_gym,flight_22,LONG,1250,ok,1250.0000,1498.6870000000001,1402.7757530220802,358.99840666602057,63.2416499092654,True,False,True,late
2026_07_15_gym,flight_23,LONG,150,ok,150.0000,1315.5155,1157.2053635600043,150.68574066801617,1253.2493335230854,True,True,False,wrong
2026_07_15_gym,flight_23,LONG,200,ok,200.0000,1315.5155,1157.2053635600043,168.69401766794422,374.49828583569035,True,True,False,wrong
2026_07_15_gym,flight_23,LONG,250,ok,250.0000,1315.5155,1157.2053635600043,171.6916856660197,175.50533742853852,True,True,True,success
2026_07_15_gym,flight_23,LONG,300,ok,300.0000,1315.5155,1157.2053635600043,186.48738866734007,97.32132662199336,True,True,True,success
2026_07_15_gym,flight_23,LONG,350,ok,350.0000,1315.5155,1157.2053635600043,189.43523966676244,46.73622338126597,True,True,True,success
2026_07_15_gym,flight_23,LONG,400,ok,400.0000,1315.5155,1157.2053635600043,194.43218366863826,50.894979041408874,True,True,True,success
2026_07_15_gym,flight_23,LONG,450,ok,450.0000,1315.5155,1157.2053635600043,206.55140866773823,96.51049502625062,True,True,True,success
2026_07_15_gym,flight_23,LONG,490,ok,490.0000,1315.5155,1157.2053635600043,205.82555666627982,96.51049502625062,True,True,True,success
2026_07_15_gym,flight_23,LONG,500,ok,500.0000,1315.5155,1157.2053635600043,216.00046266677478,55.06269492345381,True,True,True,success
2026_07_15_gym,flight_23,LONG,550,ok,550.0000,1315.5155,1157.2053635600043,226.18901866550246,137.4428179265398,True,True,True,success
2026_07_15_gym,flight_23,LONG,600,ok,600.0000,1315.5155,1157.2053635600043,230.65446266594031,84.62666114932227,True,True,True,success
2026_07_15_gym,flight_23,LONG,650,ok,650.0000,1315.5155,1157.2053635600043,243.33472266575941,101.46180185024339,True,True,True,success
2026_07_15_gym,flight_23,LONG,700,ok,700.0000,1315.5155,1157.2053635600043,245.29474066539356,76.74514922357777,True,True,True,success
2026_07_15_gym,flight_23,LONG,750,ok,750.0000,1315.5155,1157.2053635600043,252.99429666592428,47.12592404420418,True,True,True,success
2026_07_15_gym,flight_23,LONG,800,ok,800.0000,1315.5155,1157.2053635600043,297.55646366688114,54.081290846981,True,True,True,success
2026_07_15_gym,flight_23,LONG,850,ok,850.0000,1315.5155,1157.2053635600043,273.51838866683346,44.583734742896524,True,True,True,success
2026_07_15_gym,flight_23,LONG,900,ok,900.0000,1315.5155,1157.2053635600043,309.5085556643705,31.574246528690615,True,True,True,success
2026_07_15_gym,flight_23,LONG,950,ok,950.0000,1315.5155,1157.2053635600043,288.1306296667705,27.2538742137625,True,True,True,success
2026_07_15_gym,flight_23,LONG,1000,ok,1000.0000,1315.5155,1157.2053635600043,315.13148066649836,25.23665776097142,True,False,True,late
2026_07_15_gym,flight_23,LONG,1050,ok,1050.0000,1315.5155,1157.2053635600043,291.34688966690254,20.726186325050122,True,False,True,late
2026_07_15_gym,flight_23,LONG,1100,ok,1100.0000,1315.5155,1157.2053635600043,303.84331366575014,19.35120139386251,True,False,True,late
2026_07_15_gym,flight_23,LONG,1150,ok,1150.0000,1315.5155,1157.2053635600043,319.5995006679247,25.35000776284054,True,False,True,late
2026_07_15_gym,flight_23,LONG,1200,ok,1200.0000,1315.5155,1157.2053635600043,334.913687667499,27.823397985639215,True,False,True,late
2026_07_15_gym,flight_23,LONG,1250,ok,1250.0000,1315.5155,1157.2053635600043,351.5426656675215,19.262974829296514,True,False,True,late
2026_07_15_gym,flight_24,LONG,150,ok,150.0000,1382.1239999999998,1170.433858859495,140.56988966713348,365.2498936608713,True,True,False,wrong
2026_07_15_gym,flight_24,LONG,200,ok,200.0000,1382.1239999999998,1170.433858859495,156.34253666518876,316.24299836432635,True,True,False,wrong
2026_07_15_gym,flight_24,LONG,250,ok,250.0000,1382.1239999999998,1170.433858859495,157.49022066841522,231.70948601757186,True,True,False,wrong
2026_07_15_gym,flight_24,LONG,300,ok,300.0000,1382.1239999999998,1170.433858859495,171.59861166744182,233.95352991317174,True,True,False,wrong
2026_07_15_gym,flight_24,LONG,350,ok,350.0000,1382.1239999999998,1170.433858859495,177.16040666836003,253.8163861971013,True,True,False,wrong
2026_07_15_gym,flight_24,LONG,400,ok,400.0000,1382.1239999999998,1170.433858859495,185.42718666574606,239.54175358436063,True,True,False,wrong
2026_07_15_gym,flight_24,LONG,450,ok,450.0000,1382.1239999999998,1170.433858859495,193.05520466777185,156.55322490226365,True,True,True,success
2026_07_15_gym,flight_24,LONG,490,ok,490.0000,1382.1239999999998,1170.433858859495,202.25629466834167,141.9784824069716,True,True,True,success
2026_07_15_gym,flight_24,LONG,500,ok,500.0000,1382.1239999999998,1170.433858859495,200.75759166727462,108.1281271838066,True,True,True,success
2026_07_15_gym,flight_24,LONG,550,ok,550.0000,1382.1239999999998,1170.433858859495,216.3123336682717,78.9089578995133,True,True,True,success
2026_07_15_gym,flight_24,LONG,600,ok,600.0000,1382.1239999999998,1170.433858859495,218.09118566444764,93.3622542135347,True,True,True,success
2026_07_15_gym,flight_24,LONG,650,ok,650.0000,1382.1239999999998,1170.433858859495,215.67251866466054,96.73044993634535,True,True,True,success
2026_07_15_gym,flight_24,LONG,700,ok,700.0000,1382.1239999999998,1170.433858859495,266.91670466555905,74.4913057602895,True,True,True,success
2026_07_15_gym,flight_24,LONG,750,ok,750.0000,1382.1239999999998,1170.433858859495,237.50964866733798,54.13546571646858,True,True,True,success
2026_07_15_gym,flight_24,LONG,800,ok,800.0000,1382.1239999999998,1170.433858859495,245.04355566545078,43.29110159721698,True,True,True,success
2026_07_15_gym,flight_24,LONG,850,ok,850.0000,1382.1239999999998,1170.433858859495,255.02990766769895,9.8398003948759,True,True,True,success
2026_07_15_gym,flight_24,LONG,900,ok,900.0000,1382.1239999999998,1170.433858859495,263.29338766696554,10.257433486010903,True,True,True,success
2026_07_15_gym,flight_24,LONG,950,ok,950.0000,1382.1239999999998,1170.433858859495,272.4038706679518,7.8313981055882875,True,True,True,success
2026_07_15_gym,flight_24,LONG,1000,ok,1000.0000,1382.1239999999998,1170.433858859495,276.6287206678341,19.516351906186756,True,False,True,late
2026_07_15_gym,flight_24,LONG,1050,ok,1050.0000,1382.1239999999998,1170.433858859495,283.08253666634363,3.21828695943232,True,False,True,late
2026_07_15_gym,flight_24,LONG,1100,ok,1100.0000,1382.1239999999998,1170.433858859495,308.6955926657344,16.66541409022703,True,False,True,late
2026_07_15_gym,flight_24,LONG,1150,ok,1150.0000,1382.1239999999998,1170.433858859495,295.9143136671434,18.93633286420818,True,False,True,late
2026_07_15_gym,flight_24,LONG,1200,ok,1200.0000,1382.1239999999998,1170.433858859495,284.8632596662889,4.692111764749205,True,False,True,late
2026_07_15_gym,flight_24,LONG,1250,ok,1250.0000,1382.1239999999998,1170.433858859495,298.5325186668585,21.666688267235102,True,False,True,late
2026_07_15_gym,flight_25,LONG,150,ok,150.0000,1482.033,1195.0360914847183,139.6481286684672,159.39485671832955,True,True,True,success
2026_07_15_gym,flight_25,LONG,200,ok,200.0000,1482.033,1195.0360914847183,154.75453666752824,296.76553050932176,True,True,False,wrong
2026_07_15_gym,flight_25,LONG,250,ok,250.0000,1482.033,1195.0360914847183,156.1286856640751,585.2010726929248,True,True,False,wrong
2026_07_15_gym,flight_25,LONG,300,ok,300.0000,1482.033,1195.0360914847183,172.91094466733435,340.78865412011527,True,True,False,wrong
2026_07_15_gym,flight_25,LONG,350,ok,350.0000,1482.033,1195.0360914847183,185.79861166669676,330.59188074930546,True,True,False,wrong
2026_07_15_gym,flight_25,LONG,400,ok,400.0000,1482.033,1195.0360914847183,183.9193886683012,119.5468137149961,True,True,True,success
2026_07_15_gym,flight_25,LONG,450,ok,450.0000,1482.033,1195.0360914847183,192.72094366668412,110.90314788712172,True,True,True,success
2026_07_15_gym,flight_25,LONG,490,ok,490.0000,1482.033,1195.0360914847183,202.04550166769573,104.59838350869462,True,True,True,success
2026_07_15_gym,flight_25,LONG,500,ok,500.0000,1482.033,1195.0360914847183,201.41733266754696,102.38550424439664,True,True,True,success
2026_07_15_gym,flight_25,LONG,550,ok,550.0000,1482.033,1195.0360914847183,207.14131466733912,96.08427111134714,True,True,True,success
2026_07_15_gym,flight_25,LONG,600,ok,600.0000,1482.033,1195.0360914847183,211.68692666633675,111.56191705716914,True,True,True,success
2026_07_15_gym,flight_25,LONG,650,ok,650.0000,1482.033,1195.0360914847183,217.069684666271,121.79427861410652,True,True,True,success
2026_07_15_gym,flight_25,LONG,700,ok,700.0000,1482.033,1195.0360914847183,235.36336766617993,112.67391488175659,True,True,True,success
2026_07_15_gym,flight_25,LONG,750,ok,750.0000,1482.033,1195.0360914847183,233.2502216665695,103.05574147870524,True,True,True,success
2026_07_15_gym,flight_25,LONG,800,ok,800.0000,1482.033,1195.0360914847183,241.40418566732356,85.48364120925162,True,True,True,success
2026_07_15_gym,flight_25,LONG,850,ok,850.0000,1482.033,1195.0360914847183,273.3383886671315,94.75830832958962,True,True,True,success
2026_07_15_gym,flight_25,LONG,900,ok,900.0000,1482.033,1195.0360914847183,302.14114766630036,94.72421089829749,True,True,True,success
2026_07_15_gym,flight_25,LONG,950,ok,950.0000,1482.033,1195.0360914847183,302.5826306656624,94.72421089829749,True,True,True,success
2026_07_15_gym,flight_25,LONG,1000,ok,1000.0000,1482.033,1195.0360914847183,274.01920366442454,41.31013209372658,True,True,True,success
2026_07_15_gym,flight_25,LONG,1050,ok,1050.0000,1482.033,1195.0360914847183,311.67955566725385,24.534142239684613,True,False,True,late
2026_07_15_gym,flight_25,LONG,1100,fit_failed,1100.0000,1482.033,1195.0360914847183,,,False,,,no_response
2026_07_15_gym,flight_25,LONG,1150,ok,1150.0000,1482.033,1195.0360914847183,327.5043146653722,17.98615080969505,True,False,True,late
2026_07_15_gym,flight_25,LONG,1200,ok,1200.0000,1482.033,1195.0360914847183,295.1577766664947,23.10112212768223,True,False,True,late
2026_07_15_gym,flight_25,LONG,1250,ok,1250.0000,1482.033,1195.0360914847183,333.34214666547877,51.197665326176285,True,False,True,late
2026_07_15_gym,flight_26,LONG,150,ok,150.0000,1415.425,1269.1160002666809,141.99729666641602,371.3704715934291,True,True,False,wrong
2026_07_15_gym,flight_26,LONG,200,ok,200.0000,1415.425,1269.1160002666809,156.7510736665378,150.73026672909322,True,True,True,success
2026_07_15_gym,flight_26,LONG,250,ok,250.0000,1415.425,1269.1160002666809,156.44875866516182,32.9895316146291,True,True,True,success
2026_07_15_gym,flight_26,LONG,300,ok,300.0000,1415.425,1269.1160002666809,172.0641286658744,167.49034219472813,True,True,True,success
2026_07_15_gym,flight_26,LONG,350,ok,350.0000,1415.425,1269.1160002666809,181.59157366647074,124.31488679062637,True,True,True,success
2026_07_15_gym,flight_26,LONG,400,ok,400.0000,1415.425,1269.1160002666809,186.09853766641268,251.3090610512199,True,True,False,wrong
2026_07_15_gym,flight_26,LONG,450,ok,450.0000,1415.425,1269.1160002666809,193.53305466628322,309.0325699813071,True,True,False,wrong
2026_07_15_gym,flight_26,LONG,490,ok,490.0000,1415.425,1269.1160002666809,202.26700066557774,161.48179583272017,True,True,True,success
2026_07_15_gym,flight_26,LONG,500,ok,500.0000,1415.425,1269.1160002666809,201.8726466667528,161.48179583272017,True,True,True,success
2026_07_15_gym,flight_26,LONG,550,ok,550.0000,1415.425,1269.1160002666809,214.65640666770437,253.50384209951048,True,True,False,wrong
2026_07_15_gym,flight_26,LONG,600,ok,600.0000,1415.425,1269.1160002666809,233.89829466833422,166.94420460292807,True,True,True,success
2026_07_15_gym,flight_26,LONG,650,ok,650.0000,1415.425,1269.1160002666809,224.8686296675975,200.478594778056,True,True,False,wrong
2026_07_15_gym,flight_26,LONG,700,ok,700.0000,1415.425,1269.1160002666809,250.24801866772273,159.18762955933823,True,True,True,success
2026_07_15_gym,flight_26,LONG,750,ok,750.0000,1415.425,1269.1160002666809,251.12788966639587,115.10012662482538,True,True,True,success
2026_07_15_gym,flight_26,LONG,800,ok,800.0000,1415.425,1269.1160002666809,248.0060746675978,165.62456934428909,True,True,True,success
2026_07_15_gym,flight_26,LONG,850,ok,850.0000,1415.425,1269.1160002666809,259.94272166645777,93.50442797962276,True,True,True,success
2026_07_15_gym,flight_26,LONG,900,ok,900.0000,1415.425,1269.1160002666809,262.31231266601634,89.09056551793745,True,True,True,success
2026_07_15_gym,flight_26,LONG,950,ok,950.0000,1415.425,1269.1160002666809,278.38240666656446,79.526245528803,True,True,True,success
2026_07_15_gym,flight_26,LONG,1000,ok,1000.0000,1415.425,1269.1160002666809,314.1482966669525,133.64054814425006,True,True,True,success
2026_07_15_gym,flight_26,LONG,1050,ok,1050.0000,1415.425,1269.1160002666809,291.47894266496104,69.82045509123799,True,True,True,success
2026_07_15_gym,flight_26,LONG,1100,ok,1100.0000,1415.425,1269.1160002666809,296.0819076659779,67.31578239059046,True,False,True,late
2026_07_15_gym,flight_26,LONG,1150,ok,1150.0000,1415.425,1269.1160002666809,365.5752416669081,103.23166646852512,True,False,True,late
2026_07_15_gym,flight_26,LONG,1200,ok,1200.0000,1415.425,1269.1160002666809,374.59862966338795,80.56737905645303,True,False,True,late
2026_07_15_gym,flight_26,LONG,1250,fit_failed,1250.0000,1415.425,1269.1160002666809,,,False,,,no_response
2026_07_15_gym,flight_28,LONG,150,ok,150.0000,1515.3505,1391.2691816521783,147.8630186660836,523.3559778828494,True,True,False,wrong
2026_07_15_gym,flight_28,LONG,200,ok,200.0000,1515.3505,1391.2691816521783,159.27792566517988,391.5251457854763,True,True,False,wrong
2026_07_15_gym,flight_28,LONG,250,ok,250.0000,1515.3505,1391.2691816521783,155.05912866598615,283.18660718250044,True,True,False,wrong
2026_07_15_gym,flight_28,LONG,300,ok,300.0000,1515.3505,1391.2691816521783,173.3942586655418,170.94191898906274,True,True,True,success
2026_07_15_gym,flight_28,LONG,350,ok,350.0000,1515.3505,1391.2691816521783,183.61464866778502,123.8233148506692,True,True,True,success
2026_07_15_gym,flight_28,LONG,400,ok,400.0000,1515.3505,1391.2691816521783,193.11755366499224,137.3776728104368,True,True,True,success
2026_07_15_gym,flight_28,LONG,450,ok,450.0000,1515.3505,1391.2691816521783,194.54812966721752,68.04647009141773,True,True,True,success
2026_07_15_gym,flight_28,LONG,490,ok,490.0000,1515.3505,1391.2691816521783,202.18112866642574,72.96918098699881,True,True,True,success
2026_07_15_gym,flight_28,LONG,500,ok,500.0000,1515.3505,1391.2691816521783,202.72351766719171,32.59725596616397,True,True,True,success
2026_07_15_gym,flight_28,LONG,550,ok,550.0000,1515.3505,1391.2691816521783,221.39303566577533,39.02194724354152,True,True,True,success
2026_07_15_gym,flight_28,LONG,600,ok,600.0000,1515.3505,1391.2691816521783,228.14135166599104,9.285668552090922,True,True,True,success
2026_07_15_gym,flight_28,LONG,650,ok,650.0000,1515.3505,1391.2691816521783,224.61072266536453,6.026933594316357,True,True,True,success
2026_07_15_gym,flight_28,LONG,700,ok,700.0000,1515.3505,1391.2691816521783,237.8532576660315,38.76440048824728,True,True,True,success
2026_07_15_gym,flight_28,LONG,750,ok,750.0000,1515.3505,1391.2691816521783,234.6942586681495,52.48674204573918,True,True,True,success
2026_07_15_gym,flight_28,LONG,800,ok,800.0000,1515.3505,1391.2691816521783,248.3999266658599,63.82269025087452,True,True,True,success
2026_07_15_gym,flight_28,LONG,850,ok,850.0000,1515.3505,1391.2691816521783,259.48713066677254,70.91422184650807,True,True,True,success
2026_07_15_gym,flight_28,LONG,900,ok,900.0000,1515.3505,1391.2691816521783,265.3656296671058,65.05891701943668,True,True,True,success
2026_07_15_gym,flight_28,LONG,950,ok,950.0000,1515.3505,1391.2691816521783,275.3874256654332,59.06421698284388,True,True,True,success
2026_07_15_gym,flight_28,LONG,1000,ok,1000.0000,1515.3505,1391.2691816521783,279.60751666563255,50.843532583603746,True,True,True,success
2026_07_15_gym,flight_28,LONG,1050,ok,1050.0000,1515.3505,1391.2691816521783,284.40699966593337,50.84390526715479,True,True,True,success
2026_07_15_gym,flight_28,LONG,1100,ok,1100.0000,1515.3505,1391.2691816521783,293.4274066674213,56.402783676258224,True,True,True,success
2026_07_15_gym,flight_28,LONG,1150,ok,1150.0000,1515.3505,1391.2691816521783,308.02414766668034,45.28939081211475,True,True,True,success
2026_07_15_gym,flight_28,LONG,1200,ok,1200.0000,1515.3505,1391.2691816521783,309.22462866424274,39.21229112066629,True,False,True,late
2026_07_15_gym,flight_28,LONG,1250,ok,1250.0000,1515.3505,1391.2691816521783,305.87994466504705,27.899615172320065,True,False,True,late
2026_07_15_gym,flight_29,LONG,150,ok,150.0000,1482.033,1480.5719873364435,165.14631466815868,554.036868502744,True,True,False,wrong
2026_07_15_gym,flight_29,LONG,200,ok,200.0000,1482.033,1480.5719873364435,173.27977766717473,383.9642485921216,True,True,False,wrong
2026_07_15_gym,flight_29,LONG,250,ok,250.0000,1482.033,1480.5719873364435,181.3165556664268,355.72234456582476,True,True,False,wrong
2026_07_15_gym,flight_29,LONG,300,ok,300.0000,1482.033,1480.5719873364435,187.2710186668361,261.38142125606674,True,True,False,wrong
2026_07_15_gym,flight_29,LONG,350,ok,350.0000,1482.033,1480.5719873364435,193.13360966617861,223.96805090463303,True,True,False,wrong
2026_07_15_gym,flight_29,LONG,400,ok,400.0000,1482.033,1480.5719873364435,208.21092466792712,226.84020742657253,True,True,False,wrong
2026_07_15_gym,flight_29,LONG,450,ok,450.0000,1482.033,1480.5719873364435,213.12112866869816,173.07697686028712,True,True,True,success
2026_07_15_gym,flight_29,LONG,490,ok,490.0000,1482.033,1480.5719873364435,213.85685266616443,159.14193436737284,True,True,True,success
2026_07_15_gym,flight_29,LONG,500,ok,500.0000,1482.033,1480.5719873364435,218.04942366636047,150.23521639940438,True,True,True,success
2026_07_15_gym,flight_29,LONG,550,ok,550.0000,1482.033,1480.5719873364435,229.60240866585323,111.1163822184004,True,True,True,success
2026_07_15_gym,flight_29,LONG,600,ok,600.0000,1482.033,1480.5719873364435,238.58496266479293,93.06697401657719,True,True,True,success
2026_07_15_gym,flight_29,LONG,650,ok,650.0000,1482.033,1480.5719873364435,250.87911066661277,69.62793661128818,True,True,True,success
2026_07_15_gym,flight_29,LONG,700,ok,700.0000,1482.033,1480.5719873364435,259.3729066659386,67.29421458302764,True,True,True,success
2026_07_15_gym,flight_29,LONG,750,ok,750.0000,1482.033,1480.5719873364435,247.2803156680117,66.02850598401577,True,True,True,success
2026_07_15_gym,flight_29,LONG,800,ok,800.0000,1482.033,1480.5719873364435,261.20761066737276,61.5262349254554,True,True,True,success
2026_07_15_gym,flight_29,LONG,850,ok,850.0000,1482.033,1480.5719873364435,275.95561066704494,45.66229965692566,True,True,True,success
2026_07_15_gym,flight_29,LONG,900,ok,900.0000,1482.033,1480.5719873364435,279.4204616673912,47.51158838989559,True,True,True,success
2026_07_15_gym,flight_29,LONG,950,ok,950.0000,1482.033,1480.5719873364435,291.8981486648942,45.949764043415016,True,True,True,success
2026_07_15_gym,flight_29,LONG,1000,ok,1000.0000,1482.033,1480.5719873364435,292.4952786664168,29.949704142572678,True,True,True,success
2026_07_15_gym,flight_29,LONG,1050,ok,1050.0000,1482.033,1480.5719873364435,301.4434446670736,22.96521430034335,True,True,True,success
2026_07_15_gym,flight_29,LONG,1100,ok,1100.0000,1482.033,1480.5719873364435,391.53159166748327,36.97659855642451,True,True,True,success
2026_07_15_gym,flight_29,LONG,1150,ok,1150.0000,1482.033,1480.5719873364435,327.85016666601103,22.965214212847048,True,True,True,success
2026_07_15_gym,flight_29,LONG,1200,ok,1200.0000,1482.033,1480.5719873364435,344.64368566746515,25.21855747494613,True,True,True,success
2026_07_15_gym,flight_29,LONG,1250,ok,1250.0000,1482.033,1480.5719873364435,330.73701866685104,25.312613195307627,True,False,True,late
2026_07_15_gym,flight_33,SHORT,150,ok,150.0000,1282.2095,1118.559503006958,138.29240666671345,432.7994095973982,True,True,False,wrong
2026_07_15_gym,flight_33,SHORT,200,ok,200.0000,1282.2095,1118.559503006958,136.82813066678742,327.8846159370049,True,True,False,wrong
2026_07_15_gym,flight_33,SHORT,250,ok,250.0000,1282.2095,1118.559503006958,156.58783266848573,285.5324900493738,True,True,False,wrong
2026_07_15_gym,flight_33,SHORT,300,ok,300.0000,1282.2095,1118.559503006958,172.5045746654893,355.27618207412496,True,True,False,wrong
2026_07_15_gym,flight_33,SHORT,350,ok,350.0000,1282.2095,1118.559503006958,172.08251966691265,211.2077559169483,True,True,False,wrong
2026_07_15_gym,flight_33,SHORT,400,ok,400.0000,1282.2095,1118.559503006958,183.42883366687843,226.28863572744922,True,True,False,wrong
2026_07_15_gym,flight_33,SHORT,450,ok,450.0000,1282.2095,1118.559503006958,229.14766666634628,84.71642835001776,True,True,True,success
2026_07_15_gym,flight_33,SHORT,490,ok,490.0000,1282.2095,1118.559503006958,193.45220466858396,171.58985804980128,True,True,True,success
2026_07_15_gym,flight_33,SHORT,500,ok,500.0000,1282.2095,1118.559503006958,271.53322266663116,73.1977595471979,True,True,True,success
2026_07_15_gym,flight_33,SHORT,550,ok,550.0000,1282.2095,1118.559503006958,210.8866846660773,85.04656021103091,True,True,True,success
2026_07_15_gym,flight_33,SHORT,600,ok,600.0000,1282.2095,1118.559503006958,215.86633266477534,61.84540211393171,True,True,True,success
2026_07_15_gym,flight_33,SHORT,650,ok,650.0000,1282.2095,1118.559503006958,233.38998066696027,31.141495925531018,True,True,True,success
2026_07_15_gym,flight_33,SHORT,700,ok,700.0000,1282.2095,1118.559503006958,242.14313066812852,52.198495604059055,True,True,True,success
2026_07_15_gym,flight_33,SHORT,750,ok,750.0000,1282.2095,1118.559503006958,253.24199966962138,51.57790366468588,True,True,True,success
2026_07_15_gym,flight_33,SHORT,800,ok,800.0000,1282.2095,1118.559503006958,277.18859166714054,21.69343632544776,True,True,True,success
2026_07_15_gym,flight_33,SHORT,850,ok,850.0000,1282.2095,1118.559503006958,258.7651286662246,27.188567532263214,True,True,True,success
2026_07_15_gym,flight_33,SHORT,900,ok,900.0000,1282.2095,1118.559503006958,298.62762866696966,37.04012435248906,True,True,True,success
2026_07_15_gym,flight_33,SHORT,950,ok,950.0000,1282.2095,1118.559503006958,306.03831466442597,53.85708584877204,True,False,True,late
2026_07_15_gym,flight_33,SHORT,1000,ok,1000.0000,1282.2095,1118.559503006958,308.0277596662442,41.3374240500845,True,False,True,late
2026_07_15_gym,flight_33,SHORT,1050,ok,1050.0000,1282.2095,1118.559503006958,289.7664436657603,44.572622091138555,True,False,True,late
2026_07_15_gym,flight_33,SHORT,1100,ok,1100.0000,1282.2095,1118.559503006958,324.79396266738576,40.392313031406786,True,False,True,late
2026_07_15_gym,flight_33,SHORT,1150,ok,1150.0000,1282.2095,1118.559503006958,349.8379626652847,28.00908502119354,True,False,True,late
2026_07_15_gym,flight_33,SHORT,1200,ok,1200.0000,1282.2095,1118.559503006958,296.9269086678202,60.148914346915625,True,False,True,late
2026_07_15_gym,flight_33,SHORT,1250,ok,1250.0000,1282.2095,1118.559503006958,302.51724066740525,43.59142126708029,True,False,True,late
2026_07_15_gym,flight_36,LONG,150,fit_failed,150.0000,1365.4679999999998,1365.4679999999998,,,False,,,no_response
2026_07_15_gym,flight_36,LONG,200,ok,200.0000,1365.4679999999998,1365.4679999999998,164.59390866632262,1404.4067875902615,True,True,False,wrong
2026_07_15_gym,flight_36,LONG,250,ok,250.0000,1365.4679999999998,1365.4679999999998,163.63233266646662,656.2313907095032,True,True,False,wrong
2026_07_15_gym,flight_36,LONG,300,ok,300.0000,1365.4679999999998,1365.4679999999998,183.3216646645839,117.25178747303667,True,True,True,success
2026_07_15_gym,flight_36,LONG,350,ok,350.0000,1365.4679999999998,1365.4679999999998,192.8616296655188,165.71084310374204,True,True,True,success
2026_07_15_gym,flight_36,LONG,400,ok,400.0000,1365.4679999999998,1365.4679999999998,241.33392666621754,190.10503067699258,True,True,True,success
2026_07_15_gym,flight_36,LONG,450,ok,450.0000,1365.4679999999998,1365.4679999999998,317.2694256665806,236.08447696864766,True,True,False,wrong
2026_07_15_gym,flight_36,LONG,490,fit_failed,490.0000,1365.4679999999998,1365.4679999999998,,,False,,,no_response
2026_07_15_gym,flight_36,LONG,500,fit_failed,500.0000,1365.4679999999998,1365.4679999999998,,,False,,,no_response
2026_07_15_gym,flight_36,LONG,550,fit_failed,550.0000,1365.4679999999998,1365.4679999999998,,,False,,,no_response
2026_07_15_gym,flight_36,LONG,600,ok,600.0000,1365.4679999999998,1365.4679999999998,332.5052786671246,111.69627009790212,True,True,True,success
2026_07_15_gym,flight_36,LONG,650,ok,650.0000,1365.4679999999998,1365.4679999999998,268.5110736663143,121.0324242629987,True,True,True,success
2026_07_15_gym,flight_36,LONG,700,ok,700.0000,1365.4679999999998,1365.4679999999998,274.4351106664787,69.35935193858127,True,True,True,success
2026_07_15_gym,flight_36,LONG,750,ok,750.0000,1365.4679999999998,1365.4679999999998,259.08727766821784,135.66870043354282,True,True,True,success
2026_07_15_gym,flight_36,LONG,800,ok,800.0000,1365.4679999999998,1365.4679999999998,304.45779666646075,143.16868775941776,True,True,True,success
2026_07_15_gym,flight_36,LONG,850,ok,850.0000,1365.4679999999998,1365.4679999999998,299.6987036659072,34.90986678891699,True,True,True,success
2026_07_15_gym,flight_36,LONG,900,ok,900.0000,1365.4679999999998,1365.4679999999998,319.65101766741526,62.92048457960416,True,True,True,success
2026_07_15_gym,flight_36,LONG,950,ok,950.0000,1365.4679999999998,1365.4679999999998,375.5752966652314,78.34231800645641,True,True,True,success
2026_07_15_gym,flight_36,LONG,1000,ok,1000.0000,1365.4679999999998,1365.4679999999998,341.729925665694,42.23736003522559,True,True,True,success
2026_07_15_gym,flight_36,LONG,1050,ok,1050.0000,1365.4679999999998,1365.4679999999998,342.61131366683793,104.90170493200819,True,True,True,success
2026_07_15_gym,flight_36,LONG,1100,fit_failed,1100.0000,1365.4679999999998,1365.4679999999998,,,False,,,no_response
2026_07_15_gym,flight_36,LONG,1150,ok,1150.0000,1365.4679999999998,1365.4679999999998,378.71255566800636,151.27262968601823,True,False,True,late
2026_07_15_gym,flight_36,LONG,1200,ok,1200.0000,1365.4679999999998,1365.4679999999998,373.02372266786796,110.34910135027307,True,False,True,late
2026_07_15_gym,flight_36,LONG,1250,ok,1250.0000,1365.4679999999998,1365.4679999999998,348.2995376667629,157.21097669275326,True,False,True,late
2026_07_15_gym,flight_48,LONG,150,fit_failed,150.0000,1482.0335,1261.6586550633097,,,False,,,no_response
2026_07_15_gym,flight_48,LONG,200,ok,200.0000,1482.0335,1261.6586550633097,145.43116566880295,239.8386393497055,True,True,False,wrong
2026_07_15_gym,flight_48,LONG,250,ok,250.0000,1482.0335,1261.6586550633097,166.6957956670473,195.87199640910677,True,True,True,success
2026_07_15_gym,flight_48,LONG,300,ok,300.0000,1482.0335,1261.6586550633097,186.71235066621253,184.14545254405837,True,True,True,success
2026_07_15_gym,flight_48,LONG,350,ok,350.0000,1482.0335,1261.6586550633097,191.39588966841498,88.52149025982486,True,True,True,success
2026_07_15_gym,flight_48,LONG,400,ok,400.0000,1482.0335,1261.6586550633097,197.5431836672748,48.46416809960051,True,True,True,success
2026_07_15_gym,flight_48,LONG,450,ok,450.0000,1482.0335,1261.6586550633097,206.37518466698626,61.97218810512124,True,True,True,success
2026_07_15_gym,flight_48,LONG,490,ok,490.0000,1482.0335,1261.6586550633097,215.54179566788176,43.311401602146304,True,True,True,success
2026_07_15_gym,flight_48,LONG,500,ok,500.0000,1482.0335,1261.6586550633097,233.23716566866884,42.02039088427544,True,True,True,success
2026_07_15_gym,flight_48,LONG,550,ok,550.0000,1482.0335,1261.6586550633097,225.84416666595885,71.3292713507307,True,True,True,success
2026_07_15_gym,flight_48,LONG,600,ok,600.0000,1482.0335,1261.6586550633097,252.3184056651468,46.24705159053119,True,True,True,success
2026_07_15_gym,flight_48,LONG,650,ok,650.0000,1482.0335,1261.6586550633097,237.29138766850033,78.89390212362848,True,True,True,success
2026_07_15_gym,flight_48,LONG,700,ok,700.0000,1482.0335,1261.6586550633097,248.8619256640474,118.01764810035625,True,True,True,success
2026_07_15_gym,flight_48,LONG,750,ok,750.0000,1482.0335,1261.6586550633097,255.1710176669682,26.794169652401898,True,True,True,success
2026_07_15_gym,flight_48,LONG,800,ok,800.0000,1482.0335,1261.6586550633097,262.67325866470736,85.44561860056491,True,True,True,success
2026_07_15_gym,flight_48,LONG,850,ok,850.0000,1482.0335,1261.6586550633097,262.0711296653996,117.4193264301012,True,True,True,success
2026_07_15_gym,flight_48,LONG,900,ok,900.0000,1482.0335,1261.6586550633097,268.3793136669944,123.58258248501011,True,True,True,success
2026_07_15_gym,flight_48,LONG,950,ok,950.0000,1482.0335,1261.6586550633097,284.85203666581464,41.756444230660016,True,True,True,success
2026_07_15_gym,flight_48,LONG,1000,ok,1000.0000,1482.0335,1261.6586550633097,286.9792966662596,59.65779319309578,True,True,True,success
2026_07_15_gym,flight_48,LONG,1050,ok,1050.0000,1482.0335,1261.6586550633097,327.6825356675933,34.9645551627707,True,False,True,late
2026_07_15_gym,flight_48,LONG,1100,ok,1100.0000,1482.0335,1261.6586550633097,306.6596106660242,11.597393176560008,True,False,True,late
2026_07_15_gym,flight_48,LONG,1150,ok,1150.0000,1482.0335,1261.6586550633097,318.04888766786706,36.46966508304405,True,False,True,late
2026_07_15_gym,flight_48,LONG,1200,ok,1200.0000,1482.0335,1261.6586550633097,317.8785726676385,47.745603898118105,True,False,True,late
2026_07_15_gym,flight_48,LONG,1250,ok,1250.0000,1482.0335,1261.6586550633097,317.6476666663463,21.73076723022783,True,False,True,late
2026_07_15_gym,flight_52,SHORT,150,fit_failed,150.0000,899.2130000000001,788.4426345297898,,,False,,,no_response
2026_07_15_gym,flight_52,SHORT,200,ok,200.0000,899.2130000000001,788.4426345297898,136.34190766482303,19.79753545312472,True,True,True,success
2026_07_15_gym,flight_52,SHORT,250,ok,250.0000,899.2130000000001,788.4426345297898,141.1238146663333,144.31813787699053,True,True,True,success
2026_07_15_gym,flight_52,SHORT,300,ok,300.0000,899.2130000000001,788.4426345297898,157.7882026672984,44.50315963012085,True,True,True,success
2026_07_15_gym,flight_52,SHORT,350,ok,350.0000,899.2130000000001,788.4426345297898,166.47059366727868,56.86364137302447,True,True,True,success
2026_07_15_gym,flight_52,SHORT,400,ok,400.0000,899.2130000000001,788.4426345297898,168.9756666679556,97.93070341797741,True,True,True,success
2026_07_15_gym,flight_52,SHORT,450,ok,450.0000,899.2130000000001,788.4426345297898,184.62370466689268,67.7204268196332,True,True,True,success
2026_07_15_gym,flight_52,SHORT,490,ok,490.0000,899.2130000000001,788.4426345297898,187.76783566611508,43.595545523382114,True,True,True,success
2026_07_15_gym,flight_52,SHORT,500,ok,500.0000,899.2130000000001,788.4426345297898,191.81025966784605,52.45667601822611,True,True,True,success
2026_07_15_gym,flight_52,SHORT,550,ok,550.0000,899.2130000000001,788.4426345297898,206.83407466641316,41.09838320496104,True,True,True,success
2026_07_15_gym,flight_52,SHORT,600,ok,600.0000,899.2130000000001,788.4426345297898,202.106406666028,28.04280299672546,True,True,True,success
2026_07_15_gym,flight_52,SHORT,650,ok,650.0000,899.2130000000001,788.4426345297898,217.35775966538736,23.78182231628761,True,True,True,success
2026_07_15_gym,flight_52,SHORT,700,ok,700.0000,899.2130000000001,788.4426345297898,220.20596266599992,23.781790486509152,True,False,True,late
2026_07_15_gym,flight_52,SHORT,750,ok,750.0000,899.2130000000001,788.4426345297898,230.1819996672372,9.840869428110873,True,False,True,late
2026_07_15_gym,flight_52,SHORT,800,ok,800.0000,899.2130000000001,788.4426345297898,225.22514866540828,32.2146151624417,True,False,True,late
2026_07_15_gym,flight_52,SHORT,850,ok,850.0000,899.2130000000001,788.4426345297898,232.441036666433,24.904191628209354,True,False,True,late
2026_07_15_gym,flight_52,SHORT,900,ok,899.2130,899.2130000000001,788.4426345297898,239.97327766629556,4.923219115980933,True,False,True,late
2026_07_15_gym,flight_52,SHORT,950,ok,899.2130,899.2130000000001,788.4426345297898,238.95979766796032,4.923219115980933,True,False,True,late
2026_07_15_gym,flight_52,SHORT,1000,ok,899.2130,899.2130000000001,788.4426345297898,239.96783266744265,4.923219115980933,True,False,True,late
2026_07_15_gym,flight_52,SHORT,1050,ok,899.2130,899.2130000000001,788.4426345297898,239.68816666832814,4.923219115980933,True,False,True,late
2026_07_15_gym,flight_52,SHORT,1100,ok,899.2130,899.2130000000001,788.4426345297898,240.1310376652206,4.923219115980933,True,False,True,late
2026_07_15_gym,flight_52,SHORT,1150,ok,899.2130,899.2130000000001,788.4426345297898,239.0495016692827,4.923219115980933,True,False,True,late
2026_07_15_gym,flight_52,SHORT,1200,ok,899.2130,899.2130000000001,788.4426345297898,239.97235366671035,4.923219115980933,True,False,True,late
2026_07_15_gym,flight_52,SHORT,1250,ok,899.2130,899.2130000000001,788.4426345297898,239.80168466611454,4.923219115980933,True,False,True,late
2026_07_15_gym,flight_53,SHORT,150,ok,150.0000,649.4305,582.2793551064459,122.22110966655116,144.21452293994275,True,True,True,success
2026_07_15_gym,flight_53,SHORT,200,ok,200.0000,649.4305,582.2793551064459,129.4869076653073,56.98820020138033,True,True,True,success
2026_07_15_gym,flight_53,SHORT,250,ok,250.0000,649.4305,582.2793551064459,132.7282216657574,46.601806835266345,True,True,True,success
2026_07_15_gym,flight_53,SHORT,300,ok,300.0000,649.4305,582.2793551064459,143.30314866515496,77.25337502437779,True,True,True,success
2026_07_15_gym,flight_53,SHORT,350,ok,350.0000,649.4305,582.2793551064459,155.73288766636202,24.26582416418708,True,True,True,success
2026_07_15_gym,flight_53,SHORT,400,ok,400.0000,649.4305,582.2793551064459,162.9226106662924,81.38895226006402,True,True,True,success
2026_07_15_gym,flight_53,SHORT,450,ok,450.0000,649.4305,582.2793551064459,165.91690666849414,30.880470595822768,True,True,True,success
2026_07_15_gym,flight_53,SHORT,490,ok,490.0000,649.4305,582.2793551064459,176.03994366868088,17.303050831242615,True,True,True,success
2026_07_15_gym,flight_53,SHORT,500,ok,500.0000,649.4305,582.2793551064459,179.6972586667786,46.27219217566626,True,False,True,late
2026_07_15_gym,flight_53,SHORT,550,ok,550.0000,649.4305,582.2793551064459,188.57811166687557,10.357683775043764,True,False,True,late
2026_07_15_gym,flight_53,SHORT,600,ok,600.0000,649.4305,582.2793551064459,187.7094826667259,10.327655796043755,True,False,True,late
2026_07_15_gym,flight_53,SHORT,650,ok,649.4305,649.4305,582.2793551064459,195.43038966848204,25.33332294347598,True,False,True,late
2026_07_15_gym,flight_53,SHORT,700,ok,649.4305,649.4305,582.2793551064459,195.3570006682227,25.33332294347598,True,False,True,late
2026_07_15_gym,flight_53,SHORT,750,ok,649.4305,649.4305,582.2793551064459,195.27220466701934,25.33332294347598,True,False,True,late
2026_07_15_gym,flight_53,SHORT,800,ok,649.4305,649.4305,582.2793551064459,194.6253896669174,25.33332294347598,True,False,True,late
2026_07_15_gym,flight_53,SHORT,850,ok,649.4305,649.4305,582.2793551064459,195.60999966661134,25.33332294347598,True,False,True,late
2026_07_15_gym,flight_53,SHORT,900,ok,649.4305,649.4305,582.2793551064459,195.59025866600373,25.33332294347598,True,False,True,late
2026_07_15_gym,flight_53,SHORT,950,ok,649.4305,649.4305,582.2793551064459,195.26453766754517,25.33332294347598,True,False,True,late
2026_07_15_gym,flight_53,SHORT,1000,ok,649.4305,649.4305,582.2793551064459,194.60003666734943,25.33332294347598,True,False,True,late
2026_07_15_gym,flight_53,SHORT,1050,ok,649.4305,649.4305,582.2793551064459,195.47940666570017,25.33332294347598,True,False,True,late
2026_07_15_gym,flight_53,SHORT,1100,ok,649.4305,649.4305,582.2793551064459,195.15846366776773,25.33332294347598,True,False,True,late
2026_07_15_gym,flight_53,SHORT,1150,ok,649.4305,649.4305,582.2793551064459,195.4965756672124,25.33332294347598,True,False,True,late
2026_07_15_gym,flight_53,SHORT,1200,ok,649.4305,649.4305,582.2793551064459,194.59603666855642,25.33332294347598,True,False,True,late
2026_07_15_gym,flight_53,SHORT,1250,ok,649.4305,649.4305,582.2793551064459,195.44142566776523,25.33332294347598,True,False,True,late
2026_07_15_gym,flight_56,SHORT,150,ok,150.0000,616.1265000000001,512.4399218857279,141.62268566867957,37.32823499881318,True,True,True,success
2026_07_15_gym,flight_56,SHORT,200,ok,200.0000,616.1265000000001,512.4399218857279,132.59890766690174,151.07983176468716,True,True,True,success
2026_07_15_gym,flight_56,SHORT,250,ok,250.0000,616.1265000000001,512.4399218857279,155.2666296676422,121.30120526683811,True,True,True,success
2026_07_15_gym,flight_56,SHORT,300,ok,300.0000,616.1265000000001,512.4399218857279,147.5516466681535,144.1647759333845,True,True,True,success
2026_07_15_gym,flight_56,SHORT,350,ok,350.0000,616.1265000000001,512.4399218857279,168.20422166741142,52.72728164812531,True,True,True,success
2026_07_15_gym,flight_56,SHORT,400,ok,400.0000,616.1265000000001,512.4399218857279,172.98694566699365,16.95169200825784,True,True,True,success
2026_07_15_gym,flight_56,SHORT,450,ok,450.0000,616.1265000000001,512.4399218857279,176.69301766591767,21.319289519061034,True,False,True,late
2026_07_15_gym,flight_56,SHORT,490,ok,490.0000,616.1265000000001,512.4399218857279,192.42253466478238,15.733445012709208,True,False,True,late
2026_07_15_gym,flight_56,SHORT,500,ok,500.0000,616.1265000000001,512.4399218857279,189.62262866615006,11.963735421047831,True,False,True,late
2026_07_15_gym,flight_56,SHORT,550,ok,550.0000,616.1265000000001,512.4399218857279,190.4539996680493,8.611189861155808,True,False,True,late
2026_07_15_gym,flight_56,SHORT,600,ok,600.0000,616.1265000000001,512.4399218857279,189.92374066698054,4.969055808964209,True,False,True,late
2026_07_15_gym,flight_56,SHORT,650,ok,616.1265,616.1265000000001,512.4399218857279,195.24666666767249,8.027376461368059,True,False,True,late
2026_07_15_gym,flight_56,SHORT,700,ok,616.1265,616.1265000000001,512.4399218857279,194.8037216660256,8.027376461368059,True,False,True,late
2026_07_15_gym,flight_56,SHORT,750,ok,616.1265,616.1265000000001,512.4399218857279,195.76198066646853,8.027376461368059,True,False,True,late
2026_07_15_gym,flight_56,SHORT,800,ok,616.1265,616.1265000000001,512.4399218857279,195.71629666785398,8.027376461368059,True,False,True,late
2026_07_15_gym,flight_56,SHORT,850,ok,616.1265,616.1265000000001,512.4399218857279,195.41314766711244,8.027376461368059,True,False,True,late
2026_07_15_gym,flight_56,SHORT,900,ok,616.1265,616.1265000000001,512.4399218857279,195.5348886658127,8.027376461368059,True,False,True,late
2026_07_15_gym,flight_56,SHORT,950,ok,616.1265,616.1265000000001,512.4399218857279,194.75238866514215,8.027376461368059,True,False,True,late
2026_07_15_gym,flight_56,SHORT,1000,ok,616.1265,616.1265000000001,512.4399218857279,195.33518566812077,8.027376461368059,True,False,True,late
2026_07_15_gym,flight_56,SHORT,1050,ok,616.1265,616.1265000000001,512.4399218857279,195.70429666681835,8.027376461368059,True,False,True,late
2026_07_15_gym,flight_56,SHORT,1100,ok,616.1265,616.1265000000001,512.4399218857279,195.20320366664478,8.027376461368059,True,False,True,late
2026_07_15_gym,flight_56,SHORT,1150,ok,616.1265,616.1265000000001,512.4399218857279,194.79229666727284,8.027376461368059,True,False,True,late
2026_07_15_gym,flight_56,SHORT,1200,ok,616.1265,616.1265000000001,512.4399218857279,195.319332667316,8.027376461368059,True,False,True,late
2026_07_15_gym,flight_56,SHORT,1250,ok,616.1265,616.1265000000001,512.4399218857279,195.18507366689542,8.027376461368059,True,False,True,late
2026_07_15_gym,flight_60,SHORT,150,ok,150.0000,666.0835000000001,570.7628877513106,119.23535166649769,157.25621203593565,True,True,True,success
2026_07_15_gym,flight_60,SHORT,200,ok,200.0000,666.0835000000001,570.7628877513106,131.1768906690801,79.51952009582445,True,True,True,success
2026_07_15_gym,flight_60,SHORT,250,ok,250.0000,666.0835000000001,570.7628877513106,135.57709366797158,31.864732920118858,True,True,True,success
2026_07_15_gym,flight_60,SHORT,300,ok,300.0000,666.0835000000001,570.7628877513106,143.66612966793278,17.48913407746042,True,True,True,success
2026_07_15_gym,flight_60,SHORT,350,ok,350.0000,666.0835000000001,570.7628877513106,155.59461066840836,18.971089757415395,True,True,True,success
2026_07_15_gym,flight_60,SHORT,400,ok,400.0000,666.0835000000001,570.7628877513106,161.71031466467926,16.998963991081105,True,True,True,success
2026_07_15_gym,flight_60,SHORT,450,ok,450.0000,666.0835000000001,570.7628877513106,167.76994366633394,14.054485708648286,True,True,True,success
2026_07_15_gym,flight_60,SHORT,490,ok,490.0000,666.0835000000001,570.7628877513106,176.26490566755334,17.577518685669954,True,False,True,late
2026_07_15_gym,flight_60,SHORT,500,ok,500.0000,666.0835000000001,570.7628877513106,182.80218466526517,49.405586933773534,True,False,True,late
2026_07_15_gym,flight_60,SHORT,550,ok,550.0000,666.0835000000001,570.7628877513106,188.67316666680077,54.817296981197494,True,False,True,late
2026_07_15_gym,flight_60,SHORT,600,ok,600.0000,666.0835000000001,570.7628877513106,188.656350664484,1.300180179479588,True,False,True,late
2026_07_15_gym,flight_60,SHORT,650,ok,650.0000,666.0835000000001,570.7628877513106,195.57422166566053,6.870287913709747,True,False,True,late
2026_07_15_gym,flight_60,SHORT,700,ok,666.0835,666.0835000000001,570.7628877513106,203.0518146685014,21.676143219798874,True,False,True,late
2026_07_15_gym,flight_60,SHORT,750,ok,666.0835,666.0835000000001,570.7628877513106,203.4889266664783,21.676143219798874,True,False,True,late
2026_07_15_gym,flight_60,SHORT,800,ok,666.0835,666.0835000000001,570.7628877513106,202.29324266562858,21.676143219798874,True,False,True,late
2026_07_15_gym,flight_60,SHORT,850,ok,666.0835,666.0835000000001,570.7628877513106,203.3144456675897,21.676143219798874,True,False,True,late
2026_07_15_gym,flight_60,SHORT,900,ok,666.0835,666.0835000000001,570.7628877513106,203.24433366737017,21.676143219798874,True,False,True,late
2026_07_15_gym,flight_60,SHORT,950,ok,666.0835,666.0835000000001,570.7628877513106,203.60816766663143,21.676143219798874,True,False,True,late
2026_07_15_gym,flight_60,SHORT,1000,ok,666.0835,666.0835000000001,570.7628877513106,202.6659456665317,21.676143219798874,True,False,True,late
2026_07_15_gym,flight_60,SHORT,1050,ok,666.0835,666.0835000000001,570.7628877513106,203.24242566774288,21.676143219798874,True,False,True,late
2026_07_15_gym,flight_60,SHORT,1100,ok,666.0835,666.0835000000001,570.7628877513106,202.92486966742823,21.676143219798874,True,False,True,late
2026_07_15_gym,flight_60,SHORT,1150,ok,666.0835,666.0835000000001,570.7628877513106,203.42976066718498,21.676143219798874,True,False,True,late
2026_07_15_gym,flight_60,SHORT,1200,ok,666.0835,666.0835000000001,570.7628877513106,202.3986866675938,21.676143219798874,True,False,True,late
2026_07_15_gym,flight_60,SHORT,1250,ok,666.0835,666.0835000000001,570.7628877513106,203.65948166760305,21.676143219798874,True,False,True,late
2026_07_21_gym,flight_1,LONG,150,fit_failed,150.0000,1498.6835,1215.097067152567,,,False,,,no_response
2026_07_21_gym,flight_1,LONG,200,ok,200.0000,1498.6835,1215.097067152567,143.9792776663477,660.2187904032573,True,True,False,wrong
2026_07_21_gym,flight_1,LONG,250,ok,250.0000,1498.6835,1215.097067152567,150.01451766646156,370.14082399449484,True,True,False,wrong
2026_07_21_gym,flight_1,LONG,300,ok,300.0000,1498.6835,1215.097067152567,164.16718366617957,280.3003700731813,True,True,False,wrong
2026_07_21_gym,flight_1,LONG,350,ok,350.0000,1498.6835,1215.097067152567,171.06238966776678,241.45691105839435,True,True,False,wrong
2026_07_21_gym,flight_1,LONG,400,ok,400.0000,1498.6835,1215.097067152567,184.62327666549632,178.82643707262386,True,True,True,success
2026_07_21_gym,flight_1,LONG,450,ok,450.0000,1498.6835,1215.097067152567,189.21237066636482,169.41471622750083,True,True,True,success
2026_07_21_gym,flight_1,LONG,490,ok,490.0000,1498.6835,1215.097067152567,191.34185166625926,106.41798779164958,True,True,True,success
2026_07_21_gym,flight_1,LONG,500,ok,500.0000,1498.6835,1215.097067152567,196.08703766825298,137.30290843820637,True,True,True,success
2026_07_21_gym,flight_1,LONG,550,ok,550.0000,1498.6835,1215.097067152567,212.3711486669878,57.93459416142718,True,True,True,success
2026_07_21_gym,flight_1,LONG,600,ok,600.0000,1498.6835,1215.097067152567,227.4108516673247,39.50552973245853,True,True,True,success
2026_07_21_gym,flight_1,LONG,650,ok,650.0000,1498.6835,1215.097067152567,215.3306846662114,52.55769746674193,True,True,True,success
2026_07_21_gym,flight_1,LONG,700,ok,700.0000,1498.6835,1215.097067152567,248.37962966474393,63.87959734061711,True,True,True,success
2026_07_21_gym,flight_1,LONG,750,ok,750.0000,1498.6835,1215.097067152567,266.02351966655505,74.59850263348174,True,True,True,success
2026_07_21_gym,flight_1,LONG,800,ok,800.0000,1498.6835,1215.097067152567,247.18729666589448,6.743117321209539,True,True,True,success
2026_07_21_gym,flight_1,LONG,850,ok,850.0000,1498.6835,1215.097067152567,253.64135166599104,28.477399748980385,True,True,True,success
2026_07_21_gym,flight_1,LONG,900,ok,900.0000,1498.6835,1215.097067152567,266.1322216658543,63.56464081633558,True,True,True,success
2026_07_21_gym,flight_1,LONG,950,ok,950.0000,1498.6835,1215.097067152567,285.8632416666175,39.0375506188329,True,True,True,success
2026_07_21_gym,flight_1,LONG,1000,ok,1000.0000,1498.6835,1215.097067152567,285.0246096678699,31.255308218196205,True,True,True,success
2026_07_21_gym,flight_1,LONG,1050,ok,1050.0000,1498.6835,1215.097067152567,290.39124066631,7.567901090783209,True,False,True,late
2026_07_21_gym,flight_1,LONG,1100,ok,1100.0000,1498.6835,1215.097067152567,299.87311066656065,49.88400714197026,True,False,True,late
2026_07_21_gym,flight_1,LONG,1150,ok,1150.0000,1498.6835,1215.097067152567,324.2489626655976,14.640571847641207,True,False,True,late
2026_07_21_gym,flight_1,LONG,1200,ok,1200.0000,1498.6835,1215.097067152567,310.22124066731584,17.143437717536802,True,False,True,late
2026_07_21_gym,flight_1,LONG,1250,ok,1250.0000,1498.6835,1215.097067152567,299.79998166641843,41.84914840857294,True,False,True,late
2026_07_21_gym,flight_100,LONG,150,fit_failed,150.0000,1398.7565,1122.490207952372,,,False,,,no_response
2026_07_21_gym,flight_100,LONG,200,ok,200.0000,1398.7565,1122.490207952372,143.40659266679236,639.6304391160473,True,True,False,wrong
2026_07_21_gym,flight_100,LONG,250,ok,250.0000,1398.7565,1122.490207952372,150.0243326673905,481.0536425660726,True,True,False,wrong
2026_07_21_gym,flight_100,LONG,300,ok,300.0000,1398.7565,1122.490207952372,157.4077786669756,412.91144488240553,True,True,False,wrong
2026_07_21_gym,flight_100,LONG,350,ok,350.0000,1398.7565,1122.490207952372,166.50690566810468,267.06615837602567,True,True,False,wrong
2026_07_21_gym,flight_100,LONG,400,ok,400.0000,1398.7565,1122.490207952372,181.97548166724542,275.88215392757,True,True,False,wrong
2026_07_21_gym,flight_100,LONG,450,ok,450.0000,1398.7565,1122.490207952372,195.04259366604188,256.38339359621546,True,True,False,wrong
2026_07_21_gym,flight_100,LONG,490,ok,490.0000,1398.7565,1122.490207952372,192.7762226682777,210.17234546677795,True,True,False,wrong
2026_07_21_gym,flight_100,LONG,500,ok,500.0000,1398.7565,1122.490207952372,200.4475726649786,176.00709765772913,True,True,True,success
2026_07_21_gym,flight_100,LONG,550,ok,550.0000,1398.7565,1122.490207952372,216.96262866600105,158.26744828555005,True,True,True,success
2026_07_21_gym,flight_100,LONG,600,ok,600.0000,1398.7565,1122.490207952372,214.20586966599026,97.32346211581934,True,True,True,success
2026_07_21_gym,flight_100,LONG,650,ok,650.0000,1398.7565,1122.490207952372,236.0462406684334,108.06856952699027,True,True,True,success
2026_07_21_gym,flight_100,LONG,700,ok,700.0000,1398.7565,1122.490207952372,228.04507266699025,88.7501890975711,True,True,True,success
2026_07_21_gym,flight_100,LONG,750,ok,750.0000,1398.7565,1122.490207952372,238.7778156666706,106.28869575323736,True,True,True,success
2026_07_21_gym,flight_100,LONG,800,ok,800.0000,1398.7565,1122.490207952372,250.2904446662093,62.17726386054344,True,True,True,success
2026_07_21_gym,flight_100,LONG,850,ok,850.0000,1398.7565,1122.490207952372,262.5932406677554,40.699265997321206,True,True,True,success
2026_07_21_gym,flight_100,LONG,900,ok,900.0000,1398.7565,1122.490207952372,273.1426286675657,31.493466623365666,True,True,True,success
2026_07_21_gym,flight_100,LONG,950,ok,950.0000,1398.7565,1122.490207952372,277.24485166619223,46.51986159505428,True,False,True,late
2026_07_21_gym,flight_100,LONG,1000,ok,1000.0000,1398.7565,1122.490207952372,288.7889066680024,28.550164475667394,True,False,True,late
2026_07_21_gym,flight_100,LONG,1050,ok,1050.0000,1398.7565,1122.490207952372,293.5687596673767,40.138789033536135,True,False,True,late
2026_07_21_gym,flight_100,LONG,1100,ok,1100.0000,1398.7565,1122.490207952372,365.1953706663723,27.219899602028274,True,False,True,late
2026_07_21_gym,flight_100,LONG,1150,ok,1150.0000,1398.7565,1122.490207952372,300.688537667195,26.14690803355382,True,False,True,late
2026_07_21_gym,flight_100,LONG,1200,ok,1200.0000,1398.7565,1122.490207952372,298.81846366698545,32.970214389029024,True,False,True,late
2026_07_21_gym,flight_100,LONG,1250,ok,1250.0000,1398.7565,1122.490207952372,313.17550066734356,15.784339404506882,True,False,True,late
2026_07_21_gym,flight_103,LONG,150,fit_failed,150.0000,1248.8954999999999,1152.9212179795272,,,False,,,no_response
2026_07_21_gym,flight_103,LONG,200,ok,200.0000,1248.8954999999999,1152.9212179795272,150.68624166647592,424.78972225022454,True,True,False,wrong
2026_07_21_gym,flight_103,LONG,250,ok,250.0000,1248.8954999999999,1152.9212179795272,159.3383166665832,412.5698765789657,True,True,False,wrong
2026_07_21_gym,flight_103,LONG,300,ok,300.0000,1248.8954999999999,1152.9212179795272,158.51623966606954,480.21920790071937,True,True,False,wrong
2026_07_21_gym,flight_103,LONG,350,ok,350.0000,1248.8954999999999,1152.9212179795272,177.22546366757402,435.8581596780255,True,True,False,wrong
2026_07_21_gym,flight_103,LONG,400,ok,400.0000,1248.8954999999999,1152.9212179795272,192.15851666840413,289.6433608792209,True,True,False,wrong
2026_07_21_gym,flight_103,LONG,450,ok,450.0000,1248.8954999999999,1152.9212179795272,204.991591667446,197.10042013597754,True,True,True,success
2026_07_21_gym,flight_103,LONG,490,ok,490.0000,1248.8954999999999,1152.9212179795272,212.21903766846904,148.0756345359553,True,True,True,success
2026_07_21_gym,flight_103,LONG,500,ok,500.0000,1248.8954999999999,1152.9212179795272,221.63050066741803,106.42673431246283,True,True,True,success
2026_07_21_gym,flight_103,LONG,550,ok,550.0000,1248.8954999999999,1152.9212179795272,223.92683466585973,164.9093077586991,True,True,True,success
2026_07_21_gym,flight_103,LONG,600,ok,600.0000,1248.8954999999999,1152.9212179795272,232.86098266641298,170.58414929557958,True,True,True,success
2026_07_21_gym,flight_103,LONG,650,ok,650.0000,1248.8954999999999,1152.9212179795272,229.12840666497746,164.73914839850963,True,True,True,success
2026_07_21_gym,flight_103,LONG,700,ok,700.0000,1248.8954999999999,1152.9212179795272,247.3025186654801,48.222424564298244,True,True,True,success
2026_07_21_gym,flight_103,LONG,750,ok,750.0000,1248.8954999999999,1152.9212179795272,261.7603706667821,133.5178770488799,True,True,True,success
2026_07_21_gym,flight_103,LONG,800,ok,800.0000,1248.8954999999999,1152.9212179795272,270.95357366620254,140.87381787939455,True,True,True,success
2026_07_21_gym,flight_103,LONG,850,ok,850.0000,1248.8954999999999,1152.9212179795272,279.91175866654766,88.0370885134677,True,True,True,success
2026_07_21_gym,flight_103,LONG,900,ok,900.0000,1248.8954999999999,1152.9212179795272,301.9979616679872,72.73305543651746,True,True,True,success
2026_07_21_gym,flight_103,LONG,950,ok,950.0000,1248.8954999999999,1152.9212179795272,298.20416566791636,64.81717064464478,True,False,True,late
2026_07_21_gym,flight_103,LONG,1000,ok,1000.0000,1248.8954999999999,1152.9212179795272,304.98327766607207,22.813261949900138,True,False,True,late
2026_07_21_gym,flight_103,LONG,1050,ok,1050.0000,1248.8954999999999,1152.9212179795272,309.1849456668521,38.86828561075032,True,False,True,late
2026_07_21_gym,flight_103,LONG,1100,ok,1100.0000,1248.8954999999999,1152.9212179795272,321.3665926658238,25.598904642894524,True,False,True,late
2026_07_21_gym,flight_103,LONG,1150,ok,1150.0000,1248.8954999999999,1152.9212179795272,335.06792566521716,16.687965740850426,True,False,True,late
2026_07_21_gym,flight_103,LONG,1200,ok,1200.0000,1248.8954999999999,1152.9212179795272,324.2675366677965,25.663751466960296,True,False,True,late
2026_07_21_gym,flight_103,LONG,1250,ok,1248.8955,1248.8954999999999,1152.9212179795272,326.8170726678024,18.84386294265158,True,False,True,late
2026_07_21_gym,flight_104,LONG,150,fit_failed,150.0000,1382.11,1382.11,,,False,,,no_response
2026_07_21_gym,flight_104,LONG,200,ok,200.0000,1382.11,1382.11,147.7347966680924,899.3839983211748,True,True,False,wrong
2026_07_21_gym,flight_104,LONG,250,ok,250.0000,1382.11,1382.11,162.71772266707072,999.634677811386,True,True,False,wrong
2026_07_21_gym,flight_104,LONG,300,ok,300.0000,1382.11,1382.11,159.26766766576716,889.36236027997,True,True,False,wrong
2026_07_21_gym,flight_104,LONG,350,ok,350.0000,1382.11,1382.11,178.6768326681728,712.9920840851358,True,True,False,wrong
2026_07_21_gym,flight_104,LONG,400,ok,400.0000,1382.11,1382.11,182.28809266692647,318.91271483742383,True,True,False,wrong
2026_07_21_gym,flight_104,LONG,450,ok,450.0000,1382.11,1382.11,195.78324166468033,275.13587117327535,True,True,False,wrong
2026_07_21_gym,flight_104,LONG,490,ok,490.0000,1382.11,1382.11,199.12607466584691,554.6295721493426,True,True,False,wrong
2026_07_21_gym,flight_104,LONG,500,ok,500.0000,1382.11,1382.11,204.29133366482952,517.2052149810982,True,True,False,wrong
2026_07_21_gym,flight_104,LONG,550,ok,550.0000,1382.11,1382.11,210.490628665934,325.411224509462,True,True,False,wrong
2026_07_21_gym,flight_104,LONG,600,ok,600.0000,1382.11,1382.11,230.68577766573677,314.7074736176648,True,True,False,wrong
2026_07_21_gym,flight_104,LONG,650,ok,650.0000,1382.11,1382.11,244.060907666261,210.10603930588965,True,True,False,wrong
2026_07_21_gym,flight_104,LONG,700,ok,700.0000,1382.11,1382.11,240.9758896684895,53.889971371687224,True,True,True,success
2026_07_21_gym,flight_104,LONG,750,ok,750.0000,1382.11,1382.11,258.53144466659677,73.31332305110925,True,True,True,success
2026_07_21_gym,flight_104,LONG,800,ok,800.0000,1382.11,1382.11,261.3735926679025,74.08285054865136,True,True,True,success
2026_07_21_gym,flight_104,LONG,850,ok,850.0000,1382.11,1382.11,266.2528346680726,65.25727115472941,True,True,True,success
2026_07_21_gym,flight_104,LONG,900,ok,900.0000,1382.11,1382.11,280.63487066763145,46.10049293901968,True,True,True,success
2026_07_21_gym,flight_104,LONG,950,ok,950.0000,1382.11,1382.11,291.5466846662263,20.823275478425263,True,True,True,success
2026_07_21_gym,flight_104,LONG,1000,ok,1000.0000,1382.11,1382.11,295.3494066667433,20.77646810079468,True,True,True,success
2026_07_21_gym,flight_104,LONG,1050,ok,1050.0000,1382.11,1382.11,303.2941106647874,32.915831448283576,True,True,True,success
2026_07_21_gym,flight_104,LONG,1100,ok,1100.0000,1382.11,1382.11,312.8476676649104,44.74831049164921,True,True,True,success
2026_07_21_gym,flight_104,LONG,1150,ok,1150.0000,1382.11,1382.11,316.3888516665126,20.925512397416007,True,False,True,late
2026_07_21_gym,flight_104,LONG,1200,ok,1200.0000,1382.11,1382.11,325.5869256674002,46.37134414605101,True,False,True,late
2026_07_21_gym,flight_104,LONG,1250,ok,1250.0000,1382.11,1382.11,325.94301866615814,35.65519440607298,True,False,True,late
2026_07_21_gym,flight_106,LONG,150,fit_failed,150.0000,1465.377,1295.4100905769553,,,False,,,no_response
2026_07_21_gym,flight_106,LONG,200,fit_failed,200.0000,1465.377,1295.4100905769553,,,False,,,no_response
2026_07_21_gym,flight_106,LONG,250,fit_failed,250.0000,1465.377,1295.4100905769553,,,False,,,no_response
2026_07_21_gym,flight_106,LONG,300,ok,300.0000,1465.377,1295.4100905769553,162.93518566867957,725.3781234371012,True,True,False,wrong
2026_07_21_gym,flight_106,LONG,350,ok,350.0000,1465.377,1295.4100905769553,174.07648166610548,590.5600434925176,True,True,False,wrong
2026_07_21_gym,flight_106,LONG,400,ok,400.0000,1465.377,1295.4100905769553,175.0177596664677,314.89615193933685,True,True,False,wrong
2026_07_21_gym,flight_106,LONG,450,ok,450.0000,1465.377,1295.4100905769553,187.54646166569242,278.1524165662275,True,True,False,wrong
2026_07_21_gym,flight_106,LONG,490,ok,490.0000,1465.377,1295.4100905769553,201.0245566672335,461.15877420123604,True,True,False,wrong
2026_07_21_gym,flight_106,LONG,500,ok,500.0000,1465.377,1295.4100905769553,202.05192466514805,479.87181434209117,True,True,False,wrong
2026_07_21_gym,flight_106,LONG,550,ok,550.0000,1465.377,1295.4100905769553,210.66777866582075,424.2462308472641,True,True,False,wrong
2026_07_21_gym,flight_106,LONG,600,ok,600.0000,1465.377,1295.4100905769553,212.91772166794786,379.87121300806507,True,True,False,wrong
2026_07_21_gym,flight_106,LONG,650,ok,650.0000,1465.377,1295.4100905769553,223.27244466698417,401.6471577692075,True,True,False,wrong
2026_07_21_gym,flight_106,LONG,700,ok,700.0000,1465.377,1295.4100905769553,240.3829806667442,163.41608863837172,True,True,True,success
2026_07_21_gym,flight_106,LONG,750,ok,750.0000,1465.377,1295.4100905769553,240.3922576677675,127.02367728175226,True,True,True,success
2026_07_21_gym,flight_106,LONG,800,ok,800.0000,1465.377,1295.4100905769553,261.63855566612136,110.84726749101455,True,True,True,success
2026_07_21_gym,flight_106,LONG,850,ok,850.0000,1465.377,1295.4100905769553,258.44166566586745,100.93128873643397,True,True,True,success
2026_07_21_gym,flight_106,LONG,900,ok,900.0000,1465.377,1295.4100905769553,262.4117776655282,162.13039658635543,True,True,True,success
2026_07_21_gym,flight_106,LONG,950,ok,950.0000,1465.377,1295.4100905769553,272.9085746655862,49.697139826354196,True,True,True,success
2026_07_21_gym,flight_106,LONG,1000,ok,1000.0000,1465.377,1295.4100905769553,283.53259166671586,36.56453824778215,True,True,True,success
2026_07_21_gym,flight_106,LONG,1050,ok,1050.0000,1465.377,1295.4100905769553,285.73522266621393,48.57517418473133,True,True,True,success
2026_07_21_gym,flight_106,LONG,1100,ok,1100.0000,1465.377,1295.4100905769553,301.7896106677751,14.748971122298908,True,False,True,late
2026_07_21_gym,flight_106,LONG,1150,ok,1150.0000,1465.377,1295.4100905769553,307.45427866528433,26.33815513950798,True,False,True,late
2026_07_21_gym,flight_106,LONG,1200,ok,1200.0000,1465.377,1295.4100905769553,307.22896266604465,9.725919201837758,True,False,True,late
2026_07_21_gym,flight_106,LONG,1250,ok,1250.0000,1465.377,1295.4100905769553,311.2743706662829,4.915002119110768,True,False,True,late
2026_07_21_gym,flight_107,LONG,150,ok,150.0000,1265.5515,1255.3945467394808,137.71925966689983,1393.2388460700806,True,True,False,wrong
2026_07_21_gym,flight_107,LONG,200,ok,200.0000,1265.5515,1255.3945467394808,147.14014766799906,1438.6775045211214,True,True,False,wrong
2026_07_21_gym,flight_107,LONG,250,ok,250.0000,1265.5515,1255.3945467394808,144.74748166433224,727.8456792429919,True,True,False,wrong
2026_07_21_gym,flight_107,LONG,300,ok,300.0000,1265.5515,1255.3945467394808,160.53446266675988,1341.0416537879742,True,True,False,wrong
2026_07_21_gym,flight_107,LONG,350,ok,350.0000,1265.5515,1255.3945467394808,182.96305466877917,502.90746574081953,True,True,False,wrong
2026_07_21_gym,flight_107,LONG,400,ok,400.0000,1265.5515,1255.3945467394808,192.84590766734132,269.54278498805974,True,True,False,wrong
2026_07_21_gym,flight_107,LONG,450,ok,450.0000,1265.5515,1255.3945467394808,207.0354806665952,313.04493687115695,True,True,False,wrong
2026_07_21_gym,flight_107,LONG,490,ok,490.0000,1265.5515,1255.3945467394808,216.73055566723147,243.3380489314801,True,True,False,wrong
2026_07_21_gym,flight_107,LONG,500,ok,500.0000,1265.5515,1255.3945467394808,224.06783466568837,148.741196638756,True,True,True,success
2026_07_21_gym,flight_107,LONG,550,ok,550.0000,1265.5515,1255.3945467394808,230.4367766647289,229.61040545761242,True,True,False,wrong
2026_07_21_gym,flight_107,LONG,600,ok,600.0000,1265.5515,1255.3945467394808,245.55918466734389,185.21156297509745,True,True,True,success
2026_07_21_gym,flight_107,LONG,650,ok,650.0000,1265.5515,1255.3945467394808,233.0875196677322,332.440118070719,True,True,False,wrong
2026_07_21_gym,flight_107,LONG,700,ok,700.0000,1265.5515,1255.3945467394808,263.44572266718995,350.4393094659161,True,True,False,wrong
2026_07_21_gym,flight_107,LONG,750,ok,750.0000,1265.5515,1255.3945467394808,320.0007046653579,224.10766622808703,True,True,False,wrong
2026_07_21_gym,flight_107,LONG,800,ok,800.0000,1265.5515,1255.3945467394808,272.2910726654033,196.95751570340093,True,True,True,success
2026_07_21_gym,flight_107,LONG,850,ok,850.0000,1265.5515,1255.3945467394808,285.52292666646343,115.7148798385169,True,True,True,success
2026_07_21_gym,flight_107,LONG,900,ok,900.0000,1265.5515,1255.3945467394808,292.43259066684794,107.0035032148881,True,True,True,success
2026_07_21_gym,flight_107,LONG,950,ok,950.0000,1265.5515,1255.3945467394808,300.4204636650781,71.74832127747757,True,True,True,success
2026_07_21_gym,flight_107,LONG,1000,ok,1000.0000,1265.5515,1255.3945467394808,306.3790006681035,52.93529345253443,True,True,True,success
2026_07_21_gym,flight_107,LONG,1050,ok,1050.0000,1265.5515,1255.3945467394808,321.28135166751844,49.98953639537,True,False,True,late
2026_07_21_gym,flight_107,LONG,1100,ok,1100.0000,1265.5515,1255.3945467394808,321.0586666647966,36.749042611475794,True,False,True,late
2026_07_21_gym,flight_107,LONG,1150,ok,1150.0000,1265.5515,1255.3945467394808,327.2272216665248,81.12878022731044,True,False,True,late
2026_07_21_gym,flight_107,LONG,1200,ok,1200.0000,1265.5515,1255.3945467394808,333.3347216645877,47.618278796804056,True,False,True,late
2026_07_21_gym,flight_107,LONG,1250,ok,1250.0000,1265.5515,1255.3945467394808,340.73877766604227,54.86014199838482,True,False,True,late
2026_07_21_gym,flight_108,LONG,150,fit_failed,150.0000,1282.2045,1274.8514736936575,,,False,,,no_response
2026_07_21_gym,flight_108,LONG,200,fit_failed,200.0000,1282.2045,1274.8514736936575,,,False,,,no_response
2026_07_21_gym,flight_108,LONG,250,fit_failed,250.0000,1282.2045,1274.8514736936575,,,False,,,no_response
2026_07_21_gym,flight_108,LONG,300,ok,300.0000,1282.2045,1274.8514736936575,159.85029466791698,478.3241570134634,True,True,False,wrong
2026_07_21_gym,flight_108,LONG,350,ok,350.0000,1282.2045,1274.8514736936575,186.25201766813794,161.37620208630045,True,True,True,success
2026_07_21_gym,flight_108,LONG,400,ok,400.0000,1282.2045,1274.8514736936575,202.70007366656014,51.52489244174805,True,True,True,success
2026_07_21_gym,flight_108,LONG,450,ok,450.0000,1282.2045,1274.8514736936575,215.70270266632238,651.0689219625523,True,True,False,wrong
2026_07_21_gym,flight_108,LONG,490,ok,490.0000,1282.2045,1274.8514736936575,211.9779806646208,199.14942335806765,True,True,True,success
2026_07_21_gym,flight_108,LONG,500,ok,500.0000,1282.2045,1274.8514736936575,217.53596366631487,199.14950294004805,True,True,True,success
2026_07_21_gym,flight_108,LONG,550,ok,550.0000,1282.2045,1274.8514736936575,234.69861066589752,216.86993983190698,True,True,False,wrong
2026_07_21_gym,flight_108,LONG,600,ok,600.0000,1282.2045,1274.8514736936575,229.44162866814682,333.94625565167837,True,True,False,wrong
2026_07_21_gym,flight_108,LONG,650,ok,650.0000,1282.2045,1274.8514736936575,237.3771676669518,134.99679950583976,True,True,True,success
2026_07_21_gym,flight_108,LONG,700,ok,700.0000,1282.2045,1274.8514736936575,263.4877966657902,46.42241968152034,True,True,True,success
2026_07_21_gym,flight_108,LONG,750,ok,750.0000,1282.2045,1274.8514736936575,262.2408686668302,224.22072051274324,True,True,False,wrong
2026_07_21_gym,flight_108,LONG,800,ok,800.0000,1282.2045,1274.8514736936575,272.3570006682227,38.273771972214014,True,True,True,success
2026_07_21_gym,flight_108,LONG,850,ok,850.0000,1282.2045,1274.8514736936575,281.1750366666044,8.89809573839398,True,True,True,success
2026_07_21_gym,flight_108,LONG,900,ok,900.0000,1282.2045,1274.8514736936575,289.10049966784817,39.96054126526035,True,True,True,success
2026_07_21_gym,flight_108,LONG,950,ok,950.0000,1282.2045,1274.8514736936575,301.4058516646425,9.963931891891256,True,True,True,success
2026_07_21_gym,flight_108,LONG,1000,ok,1000.0000,1282.2045,1274.8514736936575,313.9308876671518,30.208609015022816,True,True,True,success
2026_07_21_gym,flight_108,LONG,1050,ok,1050.0000,1282.2045,1274.8514736936575,315.74872266749543,29.95966250258099,True,False,True,late
2026_07_21_gym,flight_108,LONG,1100,ok,1100.0000,1282.2045,1274.8514736936575,320.92335166564834,8.475555153606642,True,False,True,late
2026_07_21_gym,flight_108,LONG,1150,ok,1150.0000,1282.2045,1274.8514736936575,322.0464806665356,16.904396869989785,True,False,True,late
2026_07_21_gym,flight_108,LONG,1200,ok,1200.0000,1282.2045,1274.8514736936575,336.37564666724455,66.9132247893644,True,False,True,late
2026_07_21_gym,flight_108,LONG,1250,ok,1250.0000,1282.2045,1274.8514736936575,337.0644626670207,31.932177669779477,True,False,True,late
2026_07_21_gym,flight_109,LONG,150,ok,150.0000,1348.8125,1080.8534488470289,125.34724166772018,356.77546417342586,True,True,False,wrong
2026_07_21_gym,flight_109,LONG,200,ok,200.0000,1348.8125,1080.8534488470289,138.62257366689542,448.1267729306604,True,True,False,wrong
2026_07_21_gym,flight_109,LONG,250,ok,250.0000,1348.8125,1080.8534488470289,150.153517667825,373.8779620568085,True,True,False,wrong
2026_07_21_gym,flight_109,LONG,300,ok,300.0000,1348.8125,1080.8534488470289,168.7638696671153,266.2592295383553,True,True,False,wrong
2026_07_21_gym,flight_109,LONG,350,ok,350.0000,1348.8125,1080.8534488470289,177.29948166726777,251.52946638990133,True,True,False,wrong
2026_07_21_gym,flight_109,LONG,400,ok,400.0000,1348.8125,1080.8534488470289,179.99514766751477,187.72046970688874,True,True,True,success
2026_07_21_gym,flight_109,LONG,450,ok,450.0000,1348.8125,1080.8534488470289,196.59812966703126,139.03435471376142,True,True,True,success
2026_07_21_gym,flight_109,LONG,490,ok,490.0000,1348.8125,1080.8534488470289,207.57099966487536,148.22983178482355,True,True,True,success
2026_07_21_gym,flight_109,LONG,500,ok,500.0000,1348.8125,1080.8534488470289,212.69398066742966,134.0549898746021,True,True,True,success
2026_07_21_gym,flight_109,LONG,550,ok,550.0000,1348.8125,1080.8534488470289,205.93398066392788,110.63097547616078,True,True,True,success
2026_07_21_gym,flight_109,LONG,600,ok,600.0000,1348.8125,1080.8534488470289,217.71564866664508,98.6016927689146,True,True,True,success
2026_07_21_gym,flight_109,LONG,650,ok,650.0000,1348.8125,1080.8534488470289,234.17657266712436,85.79024841605982,True,True,True,success
2026_07_21_gym,flight_109,LONG,700,ok,700.0000,1348.8125,1080.8534488470289,238.20237066658834,63.65434729262092,True,True,True,success
2026_07_21_gym,flight_109,LONG,750,ok,750.0000,1348.8125,1080.8534488470289,253.48461166551957,49.266138018154116,True,True,True,success
2026_07_21_gym,flight_109,LONG,800,ok,800.0000,1348.8125,1080.8534488470289,258.38681466660154,43.98844009940157,True,True,True,success
2026_07_21_gym,flight_109,LONG,850,ok,850.0000,1348.8125,1080.8534488470289,265.6232406670849,47.661368475820844,True,True,True,success
2026_07_21_gym,flight_109,LONG,900,ok,900.0000,1348.8125,1080.8534488470289,274.47327766815823,42.295947287436185,True,False,True,late
2026_07_21_gym,flight_109,LONG,950,ok,950.0000,1348.8125,1080.8534488470289,285.2045546664546,27.881653732583615,True,False,True,late
2026_07_21_gym,flight_109,LONG,1000,ok,1000.0000,1348.8125,1080.8534488470289,297.00472266568494,15.70694654624063,True,False,True,late
2026_07_21_gym,flight_109,LONG,1050,ok,1050.0000,1348.8125,1080.8534488470289,298.3849256668861,15.695607020185651,True,False,True,late
2026_07_21_gym,flight_109,LONG,1100,ok,1100.0000,1348.8125,1080.8534488470289,327.78779566815746,109.8827021294776,True,False,True,late
2026_07_21_gym,flight_109,LONG,1150,ok,1150.0000,1348.8125,1080.8534488470289,305.46175966660184,19.198920949595117,True,False,True,late
2026_07_21_gym,flight_109,LONG,1200,ok,1200.0000,1348.8125,1080.8534488470289,304.366204667526,49.70334915271372,True,False,True,late
2026_07_21_gym,flight_109,LONG,1250,ok,1250.0000,1348.8125,1080.8534488470289,312.05370366635424,8.575939438419194,True,False,True,late
2026_07_21_gym,flight_11,SHORT,150,ok,150.0000,899.2105,870.7220412010364,136.138389665323,57.4799951345673,True,True,True,success
2026_07_21_gym,flight_11,SHORT,200,ok,200.0000,899.2105,870.7220412010364,138.1437216658766,85.45701049872693,True,True,True,success
2026_07_21_gym,flight_11,SHORT,250,ok,250.0000,899.2105,870.7220412010364,135.9698336670796,76.06751696047412,True,True,True,success
2026_07_21_gym,flight_11,SHORT,300,ok,300.0000,899.2105,870.7220412010364,158.84705566770086,4.131337556882383,True,True,True,success
2026_07_21_gym,flight_11,SHORT,350,ok,350.0000,899.2105,870.7220412010364,167.63760966590294,67.8386105888676,True,True,True,success
2026_07_21_gym,flight_11,SHORT,400,ok,400.0000,899.2105,870.7220412010364,181.92012966672579,121.70692007211261,True,True,True,success
2026_07_21_gym,flight_11,SHORT,450,ok,450.0000,899.2105,870.7220412010364,188.17101766883084,148.5007620836571,True,True,True,success
2026_07_21_gym,flight_11,SHORT,490,ok,490.0000,899.2105,870.7220412010364,193.32403666588166,132.41040958606203,True,True,True,success
2026_07_21_gym,flight_11,SHORT,500,ok,500.0000,899.2105,870.7220412010364,201.46409166573235,119.58306033755879,True,True,True,success
2026_07_21_gym,flight_11,SHORT,550,ok,550.0000,899.2105,870.7220412010364,201.5286656670893,80.59658286408488,True,True,True,success
2026_07_21_gym,flight_11,SHORT,600,ok,600.0000,899.2105,870.7220412010364,220.95618466629335,54.805045150830864,True,True,True,success
2026_07_21_gym,flight_11,SHORT,650,ok,650.0000,899.2105,870.7220412010364,242.48677666547397,54.01764309412133,True,True,True,success
2026_07_21_gym,flight_11,SHORT,700,ok,700.0000,899.2105,870.7220412010364,232.98524066867927,43.3504162222504,True,True,True,success
2026_07_21_gym,flight_11,SHORT,750,ok,750.0000,899.2105,870.7220412010364,233.52859266816327,12.209818092983438,True,False,True,late
2026_07_21_gym,flight_11,SHORT,800,ok,800.0000,899.2105,870.7220412010364,240.95329666665444,11.797925901739488,True,False,True,late
2026_07_21_gym,flight_11,SHORT,850,ok,850.0000,899.2105,870.7220412010364,244.62535066592196,7.863531720701217,True,False,True,late
2026_07_21_gym,flight_11,SHORT,900,ok,899.2105,899.2105,870.7220412010364,248.03944366487363,35.42744178049521,True,False,True,late
2026_07_21_gym,flight_11,SHORT,950,ok,899.2105,899.2105,870.7220412010364,249.54401766570905,25.91218583091446,True,False,True,late
2026_07_21_gym,flight_11,SHORT,1000,ok,899.2105,899.2105,870.7220412010364,250.3103146671007,25.91218583091446,True,False,True,late
2026_07_21_gym,flight_11,SHORT,1050,ok,899.2105,899.2105,870.7220412010364,250.29636966685453,25.91218583091446,True,False,True,late
2026_07_21_gym,flight_11,SHORT,1100,ok,899.2105,899.2105,870.7220412010364,250.16003766624877,25.91218583091446,True,False,True,late
2026_07_21_gym,flight_11,SHORT,1150,ok,899.2105,899.2105,870.7220412010364,249.7146116659666,25.91218583091446,True,False,True,late
2026_07_21_gym,flight_11,SHORT,1200,ok,899.2105,899.2105,870.7220412010364,250.37333366895714,25.91218583091446,True,False,True,late
2026_07_21_gym,flight_11,SHORT,1250,ok,899.2105,899.2105,870.7220412010364,250.33514766829708,25.91218583091446,True,False,True,late
2026_07_21_gym,flight_114,LONG,150,fit_failed,150.0000,1315.5095000000001,1195.0434146055482,,,False,,,no_response
2026_07_21_gym,flight_114,LONG,200,fit_failed,200.0000,1315.5095000000001,1195.0434146055482,,,False,,,no_response
2026_07_21_gym,flight_114,LONG,250,fit_failed,250.0000,1315.5095000000001,1195.0434146055482,,,False,,,no_response
2026_07_21_gym,flight_114,LONG,300,ok,300.0000,1315.5095000000001,1195.0434146055482,165.97722166559348,406.9377887613337,True,True,False,wrong
2026_07_21_gym,flight_114,LONG,350,ok,350.0000,1315.5095000000001,1195.0434146055482,180.95283366708705,415.25713641254663,True,True,False,wrong
2026_07_21_gym,flight_114,LONG,400,ok,400.0000,1315.5095000000001,1195.0434146055482,184.56329566581795,436.1573832420058,True,True,False,wrong
2026_07_21_gym,flight_114,LONG,450,ok,450.0000,1315.5095000000001,1195.0434146055482,193.66870466588685,237.7394331564854,True,True,False,wrong
2026_07_21_gym,flight_114,LONG,490,ok,490.0000,1315.5095000000001,1195.0434146055482,199.95781366402903,163.93684896277153,True,True,True,success
2026_07_21_gym,flight_114,LONG,500,ok,500.0000,1315.5095000000001,1195.0434146055482,204.14214766646424,259.5235402427232,True,True,False,wrong
2026_07_21_gym,flight_114,LONG,550,ok,550.0000,1315.5095000000001,1195.0434146055482,212.83648266705373,248.85718867954887,True,True,False,wrong
2026_07_21_gym,flight_114,LONG,600,ok,600.0000,1315.5095000000001,1195.0434146055482,227.85694366662452,180.26538041888622,True,True,True,success
2026_07_21_gym,flight_114,LONG,650,ok,650.0000,1315.5095000000001,1195.0434146055482,219.1941096667821,87.34714426210196,True,True,True,success
2026_07_21_gym,flight_114,LONG,700,ok,700.0000,1315.5095000000001,1195.0434146055482,284.3025186673428,66.97048911896246,True,True,True,success
2026_07_21_gym,flight_114,LONG,750,ok,750.0000,1315.5095000000001,1195.0434146055482,243.0498336671541,124.77619666469674,True,True,True,success
2026_07_21_gym,flight_114,LONG,800,ok,800.0000,1315.5095000000001,1195.0434146055482,247.77562866887698,59.61871126167585,True,True,True,success
2026_07_21_gym,flight_114,LONG,850,ok,850.0000,1315.5095000000001,1195.0434146055482,255.97362966431925,96.3987668719016,True,True,True,success
2026_07_21_gym,flight_114,LONG,900,ok,900.0000,1315.5095000000001,1195.0434146055482,268.48275966725004,60.26434667916837,True,True,True,success
2026_07_21_gym,flight_114,LONG,950,ok,950.0000,1315.5095000000001,1195.0434146055482,276.97638966764015,37.21032974178297,True,True,True,success
2026_07_21_gym,flight_114,LONG,1000,ok,1000.0000,1315.5095000000001,1195.0434146055482,275.58244366540265,98.61687875822356,True,True,True,success
2026_07_21_gym,flight_114,LONG,1050,ok,1050.0000,1315.5095000000001,1195.0434146055482,292.31168466589105,40.20376113066017,True,False,True,late
2026_07_21_gym,flight_114,LONG,1100,ok,1100.0000,1315.5095000000001,1195.0434146055482,292.6947786683838,28.854837359161024,True,False,True,late
2026_07_21_gym,flight_114,LONG,1150,ok,1150.0000,1315.5095000000001,1195.0434146055482,300.25364766797674,45.37138353214982,True,False,True,late
2026_07_21_gym,flight_114,LONG,1200,ok,1200.0000,1315.5095000000001,1195.0434146055482,296.52679666659486,2.2441661699831523,True,False,True,late
2026_07_21_gym,flight_114,LONG,1250,ok,1250.0000,1315.5095000000001,1195.0434146055482,298.6847406678523,25.65291174968205,True,False,True,late
2026_07_21_gym,flight_115,SHORT,150,fit_failed,150.0000,1232.25,1078.6402725951236,,,False,,,no_response
2026_07_21_gym,flight_115,SHORT,200,fit_failed,200.0000,1232.25,1078.6402725951236,,,False,,,no_response
2026_07_21_gym,flight_115,SHORT,250,fit_failed,250.0000,1232.25,1078.6402725951236,,,False,,,no_response
2026_07_21_gym,flight_115,SHORT,300,ok,300.0000,1232.25,1078.6402725951236,168.48342666743943,443.74176891943773,True,True,False,wrong
2026_07_21_gym,flight_115,SHORT,350,ok,350.0000,1232.25,1078.6402725951236,183.8824986681963,111.21068176249845,True,True,True,success
2026_07_21_gym,flight_115,SHORT,400,ok,400.0000,1232.25,1078.6402725951236,190.4172026660914,163.71517521471446,True,True,True,success
2026_07_21_gym,flight_115,SHORT,450,ok,450.0000,1232.25,1078.6402725951236,190.92853566507497,114.73267888523374,True,True,True,success
2026_07_21_gym,flight_115,SHORT,490,ok,490.0000,1232.25,1078.6402725951236,197.87125966573754,94.98384410673857,True,True,True,success
2026_07_21_gym,flight_115,SHORT,500,ok,500.0000,1232.25,1078.6402725951236,208.03294566708306,261.3697410016936,True,True,False,wrong
2026_07_21_gym,flight_115,SHORT,550,ok,550.0000,1232.25,1078.6402725951236,210.25783266561726,150.47389847703877,True,True,True,success
2026_07_21_gym,flight_115,SHORT,600,ok,600.0000,1232.25,1078.6402725951236,215.94931466753283,127.77568084961825,True,True,True,success
2026_07_21_gym,flight_115,SHORT,650,ok,650.0000,1232.25,1078.6402725951236,232.7342776680986,85.77713503770825,True,True,True,success
2026_07_21_gym,flight_115,SHORT,700,ok,700.0000,1232.25,1078.6402725951236,233.95286866805205,115.43953037042971,True,True,True,success
2026_07_21_gym,flight_115,SHORT,750,ok,750.0000,1232.25,1078.6402725951236,245.53585166825602,20.32735346943409,True,True,True,success
2026_07_21_gym,flight_115,SHORT,800,ok,800.0000,1232.25,1078.6402725951236,255.4142796692128,29.378999115754652,True,True,True,success
2026_07_21_gym,flight_115,SHORT,850,ok,850.0000,1232.25,1078.6402725951236,261.4627226662512,51.499948245598695,True,True,True,success
2026_07_21_gym,flight_115,SHORT,900,ok,900.0000,1232.25,1078.6402725951236,285.4017776657517,49.5460626969083,True,False,True,late
2026_07_21_gym,flight_115,SHORT,950,ok,950.0000,1232.25,1078.6402725951236,276.01916666763526,39.46261216872098,True,False,True,late
2026_07_21_gym,flight_115,SHORT,1000,ok,1000.0000,1232.25,1078.6402725951236,292.32244466679794,66.34986066467006,True,False,True,late
2026_07_21_gym,flight_115,SHORT,1050,ok,1050.0000,1232.25,1078.6402725951236,294.18327766625833,8.569477465553291,True,False,True,late
2026_07_21_gym,flight_115,SHORT,1100,ok,1100.0000,1232.25,1078.6402725951236,286.8294816647346,25.24936374915051,True,False,True,late
2026_07_21_gym,flight_115,SHORT,1150,ok,1150.0000,1232.25,1078.6402725951236,292.3836486662428,39.08225970120032,True,False,True,late
2026_07_21_gym,flight_115,SHORT,1200,ok,1200.0000,1232.25,1078.6402725951236,295.10664666599286,50.57320058007757,True,False,True,late
2026_07_21_gym,flight_115,SHORT,1250,ok,1232.2500,1232.25,1078.6402725951236,300.28072166598093,5.292759159768026,True,False,True,late
2026_07_21_gym,flight_117,LONG,150,fit_failed,150.0000,1332.1635,1269.6332958242108,,,False,,,no_response
2026_07_21_gym,flight_117,LONG,200,ok,200.0000,1332.1635,1269.6332958242108,142.75596266581366,122.5836354506975,True,True,True,success
2026_07_21_gym,flight_117,LONG,250,ok,250.0000,1332.1635,1269.6332958242108,157.0663156673933,185.44609039491505,True,True,True,success
2026_07_21_gym,flight_117,LONG,300,ok,300.0000,1332.1635,1269.6332958242108,170.4554446671779,232.51674441653972,True,True,False,wrong
2026_07_21_gym,flight_117,LONG,350,ok,350.0000,1332.1635,1269.6332958242108,182.6402596651266,227.65983949264418,True,True,False,wrong
2026_07_21_gym,flight_117,LONG,400,ok,400.0000,1332.1635,1269.6332958242108,184.62861166583994,166.56551611711748,True,True,True,success
2026_07_21_gym,flight_117,LONG,450,ok,450.0000,1332.1635,1269.6332958242108,193.97927866751948,163.56236110605883,True,True,True,success
2026_07_21_gym,flight_117,LONG,490,ok,490.0000,1332.1635,1269.6332958242108,200.94714766616622,146.1856177333661,True,True,True,success
2026_07_21_gym,flight_117,LONG,500,ok,500.0000,1332.1635,1269.6332958242108,201.11518566558757,133.02588187279645,True,True,True,success
2026_07_21_gym,flight_117,LONG,550,ok,550.0000,1332.1635,1269.6332958242108,209.72262966881195,156.82472947423966,True,True,True,success
2026_07_21_gym,flight_117,LONG,600,ok,600.0000,1332.1635,1269.6332958242108,221.08785266491273,402.1255948521955,True,True,False,wrong
2026_07_21_gym,flight_117,LONG,650,ok,650.0000,1332.1635,1269.6332958242108,214.39422266806164,121.43305133877402,True,True,True,success
2026_07_21_gym,flight_117,LONG,700,ok,700.0000,1332.1635,1269.6332958242108,224.33038966699192,102.53507011768446,True,True,True,success
2026_07_21_gym,flight_117,LONG,750,ok,750.0000,1332.1635,1269.6332958242108,246.0040176656718,119.03271797340439,True,True,True,success
2026_07_21_gym,flight_117,LONG,800,ok,800.0000,1332.1635,1269.6332958242108,245.45359366449216,70.07479832782661,True,True,True,success
2026_07_21_gym,flight_117,LONG,850,ok,850.0000,1332.1635,1269.6332958242108,253.8714256674672,60.45570093290905,True,True,True,success
2026_07_21_gym,flight_117,LONG,900,ok,900.0000,1332.1635,1269.6332958242108,265.78092566567165,31.382723495385914,True,True,True,success
2026_07_21_gym,flight_117,LONG,950,ok,950.0000,1332.1635,1269.6332958242108,271.2334256662677,47.25303979315415,True,True,True,success
2026_07_21_gym,flight_117,LONG,1000,ok,1000.0000,1332.1635,1269.6332958242108,278.8582956666748,79.94398177000612,True,True,True,success
2026_07_21_gym,flight_117,LONG,1050,ok,1050.0000,1332.1635,1269.6332958242108,295.0079816669847,64.91934188778113,True,True,True,success
2026_07_21_gym,flight_117,LONG,1100,ok,1100.0000,1332.1635,1269.6332958242108,293.91905466622364,61.85767224997353,True,False,True,late
2026_07_21_gym,flight_117,LONG,1150,ok,1150.0000,1332.1635,1269.6332958242108,303.0548706666256,72.99059051190407,True,False,True,late
2026_07_21_gym,flight_117,LONG,1200,ok,1200.0000,1332.1635,1269.6332958242108,309.74042566648376,43.79205333925549,True,False,True,late
2026_07_21_gym,flight_117,LONG,1250,ok,1250.0000,1332.1635,1269.6332958242108,312.5354626669238,39.444619465031835,True,False,True,late
2026_07_21_gym,flight_118,SHORT,150,fit_failed,150.0000,1198.9455,1080.9885242520609,,,False,,,no_response
2026_07_21_gym,flight_118,SHORT,200,ok,200.0000,1198.9455,1080.9885242520609,139.25829666728774,851.3885833482226,True,True,False,wrong
2026_07_21_gym,flight_118,SHORT,250,ok,250.0000,1198.9455,1080.9885242520609,151.92035066584745,918.8998919110824,True,True,False,wrong
2026_07_21_gym,flight_118,SHORT,300,ok,300.0000,1198.9455,1080.9885242520609,172.17979866514602,587.500609114568,True,True,False,wrong
2026_07_21_gym,flight_118,SHORT,350,ok,350.0000,1198.9455,1080.9885242520609,188.0366306665043,169.4565976847792,True,True,True,success
2026_07_21_gym,flight_118,SHORT,400,ok,400.0000,1198.9455,1080.9885242520609,202.6714636661733,276.78586804627787,True,True,False,wrong
2026_07_21_gym,flight_118,SHORT,450,ok,450.0000,1198.9455,1080.9885242520609,210.79598166576275,287.5725939487317,True,True,False,wrong
2026_07_21_gym,flight_118,SHORT,490,ok,490.0000,1198.9455,1080.9885242520609,229.22774166675904,182.2580784610199,True,True,True,success
2026_07_21_gym,flight_118,SHORT,500,ok,500.0000,1198.9455,1080.9885242520609,225.1622776656101,139.61508491103794,True,True,True,success
2026_07_21_gym,flight_118,SHORT,550,ok,550.0000,1198.9455,1080.9885242520609,232.1053506673003,115.86847700449101,True,True,True,success
2026_07_21_gym,flight_118,SHORT,600,ok,600.0000,1198.9455,1080.9885242520609,236.8050716674576,104.91786951578713,True,True,True,success
2026_07_21_gym,flight_118,SHORT,650,ok,650.0000,1198.9455,1080.9885242520609,275.98592566574615,89.04798270474846,True,True,True,success
2026_07_21_gym,flight_118,SHORT,700,ok,700.0000,1198.9455,1080.9885242520609,260.45514766747755,93.79253470593041,True,True,True,success
2026_07_21_gym,flight_118,SHORT,750,ok,750.0000,1198.9455,1080.9885242520609,269.6327786666031,214.13256480003392,True,True,False,wrong
2026_07_21_gym,flight_118,SHORT,800,ok,800.0000,1198.9455,1080.9885242520609,269.881573666508,110.88669622810279,True,True,True,success
2026_07_21_gym,flight_118,SHORT,850,ok,850.0000,1198.9455,1080.9885242520609,282.12703566687804,104.62144790688181,True,True,True,success
2026_07_21_gym,flight_118,SHORT,900,ok,900.0000,1198.9455,1080.9885242520609,289.45764666671556,80.47574450666478,True,False,True,late
2026_07_21_gym,flight_118,SHORT,950,ok,950.0000,1198.9455,1080.9885242520609,298.69249966616434,57.44296193838107,True,False,True,late
2026_07_21_gym,flight_118,SHORT,1000,ok,1000.0000,1198.9455,1080.9885242520609,304.96253866671276,99.09127397781576,True,False,True,late
2026_07_21_gym,flight_118,SHORT,1050,ok,1050.0000,1198.9455,1080.9885242520609,306.4153136673073,50.95074772629531,True,False,True,late
2026_07_21_gym,flight_118,SHORT,1100,ok,1100.0000,1198.9455,1080.9885242520609,309.02077666825306,8.067565297481194,True,False,True,late
2026_07_21_gym,flight_118,SHORT,1150,ok,1150.0000,1198.9455,1080.9885242520609,312.45096266704303,13.614488824006896,True,False,True,late
2026_07_21_gym,flight_118,SHORT,1200,ok,1198.9455,1198.9455,1080.9885242520609,311.932759666505,24.68861324397804,True,False,True,late
2026_07_21_gym,flight_118,SHORT,1250,ok,1198.9455,1198.9455,1080.9885242520609,311.7607416675116,24.68861324397804,True,False,True,late
2026_07_21_gym,flight_119,SHORT,150,ok,150.0000,1032.4264999999998,984.3851083329957,125.4992426649357,569.9123981380975,True,True,False,wrong
2026_07_21_gym,flight_119,SHORT,200,ok,200.0000,1032.4264999999998,984.3851083329957,139.22142566616336,127.38497414306494,True,True,True,success
2026_07_21_gym,flight_119,SHORT,250,ok,250.0000,1032.4264999999998,984.3851083329957,151.84672066631416,186.43499113308985,True,True,True,success
2026_07_21_gym,flight_119,SHORT,300,ok,300.0000,1032.4264999999998,984.3851083329957,157.72592666621009,162.74949797173207,True,True,True,success
2026_07_21_gym,flight_119,SHORT,350,ok,350.0000,1032.4264999999998,984.3851083329957,168.63140766477832,54.64381540220108,True,True,True,success
2026_07_21_gym,flight_119,SHORT,400,ok,400.0000,1032.4264999999998,984.3851083329957,180.3412406683589,55.5528654207957,True,True,True,success
2026_07_21_gym,flight_119,SHORT,450,ok,450.0000,1032.4264999999998,984.3851083329957,191.12883366985866,26.547335422059223,True,True,True,success
2026_07_21_gym,flight_119,SHORT,490,ok,490.0000,1032.4264999999998,984.3851083329957,195.86307366533825,5.986480552837218,True,True,True,success
2026_07_21_gym,flight_119,SHORT,500,ok,500.0000,1032.4264999999998,984.3851083329957,203.43348066757122,27.09586717626174,True,True,True,success
2026_07_21_gym,flight_119,SHORT,550,ok,550.0000,1032.4264999999998,984.3851083329957,209.12909166483828,33.32532926754295,True,True,True,success
2026_07_21_gym,flight_119,SHORT,600,ok,600.0000,1032.4264999999998,984.3851083329957,213.82294566618899,33.14955281089066,True,True,True,success
2026_07_21_gym,flight_119,SHORT,650,ok,650.0000,1032.4264999999998,984.3851083329957,233.1065556683267,25.710841958903092,True,True,True,success
2026_07_21_gym,flight_119,SHORT,700,ok,700.0000,1032.4264999999998,984.3851083329957,231.7266286664332,30.436556058566918,True,True,True,success
2026_07_21_gym,flight_119,SHORT,750,ok,750.0000,1032.4264999999998,984.3851083329957,280.9459256666402,23.045079718648797,True,True,True,success
2026_07_21_gym,flight_119,SHORT,800,ok,800.0000,1032.4264999999998,984.3851083329957,244.60253666496524,39.667156586477766,True,True,True,success
2026_07_21_gym,flight_119,SHORT,850,ok,850.0000,1032.4264999999998,984.3851083329957,254.43616666613767,24.573886484006657,True,False,True,late
2026_07_21_gym,flight_119,SHORT,900,ok,900.0000,1032.4264999999998,984.3851083329957,258.88638966778916,36.55375876984124,True,False,True,late
2026_07_21_gym,flight_119,SHORT,950,ok,950.0000,1032.4264999999998,984.3851083329957,259.209832667994,43.70345417899186,True,False,True,late
2026_07_21_gym,flight_119,SHORT,1000,ok,1000.0000,1032.4264999999998,984.3851083329957,267.12996366682154,16.58875926878766,True,False,True,late
2026_07_21_gym,flight_119,SHORT,1050,ok,1032.4265,1032.4264999999998,984.3851083329957,334.3679606659959,26.60945149407827,True,False,True,late
2026_07_21_gym,flight_119,SHORT,1100,ok,1032.4265,1032.4264999999998,984.3851083329957,334.6163886661331,26.60945149407827,True,False,True,late
2026_07_21_gym,flight_119,SHORT,1150,ok,1032.4265,1032.4264999999998,984.3851083329957,334.2927586656685,26.60945149407827,True,False,True,late
2026_07_21_gym,flight_119,SHORT,1200,ok,1032.4265,1032.4264999999998,984.3851083329957,334.58203666533035,26.60945149407827,True,False,True,late
2026_07_21_gym,flight_119,SHORT,1250,ok,1032.4265,1032.4264999999998,984.3851083329957,334.0805556677903,26.60945149407827,True,False,True,late
2026_07_21_gym,flight_12,SHORT,150,ok,150.0000,666.0825,617.5044596071934,116.69829666769753,254.77260763232871,True,True,False,wrong
2026_07_21_gym,flight_12,SHORT,200,ok,200.0000,666.0825,617.5044596071934,130.86657366498062,156.08416479245324,True,True,True,success
2026_07_21_gym,flight_12,SHORT,250,ok,250.0000,666.0825,617.5044596071934,136.13477766575912,127.77112437559691,True,True,True,success
2026_07_21_gym,flight_12,SHORT,300,ok,300.0000,666.0825,617.5044596071934,146.85874166494855,62.95362374151913,True,True,True,success
2026_07_21_gym,flight_12,SHORT,350,ok,350.0000,666.0825,617.5044596071934,155.44633266857514,59.22158370812844,True,True,True,success
2026_07_21_gym,flight_12,SHORT,400,ok,400.0000,666.0825,617.5044596071934,160.1004636666427,56.89365344924266,True,True,True,success
2026_07_21_gym,flight_12,SHORT,450,ok,450.0000,666.0825,617.5044596071934,168.29711066714177,50.117368872410715,True,True,True,success
2026_07_21_gym,flight_12,SHORT,490,ok,490.0000,666.0825,617.5044596071934,175.85318566548327,34.435781004721356,True,True,True,success
2026_07_21_gym,flight_12,SHORT,500,ok,500.0000,666.0825,617.5044596071934,183.18629666573057,47.48019171549989,True,True,True,success
2026_07_21_gym,flight_12,SHORT,550,ok,550.0000,666.0825,617.5044596071934,186.67159066504487,21.236502831888686,True,False,True,late
2026_07_21_gym,flight_12,SHORT,600,ok,600.0000,666.0825,617.5044596071934,198.5149086654807,24.317722994093923,True,False,True,late
2026_07_21_gym,flight_12,SHORT,650,ok,650.0000,666.0825,617.5044596071934,195.26023966508606,29.38433278682337,True,False,True,late
2026_07_21_gym,flight_12,SHORT,700,ok,666.0825,666.0825,617.5044596071934,195.15581366575012,29.38433278682337,True,False,True,late
2026_07_21_gym,flight_12,SHORT,750,ok,666.0825,666.0825,617.5044596071934,194.35507266564915,29.38433278682337,True,False,True,late
2026_07_21_gym,flight_12,SHORT,800,ok,666.0825,666.0825,617.5044596071934,195.48237066591778,29.38433278682337,True,False,True,late
2026_07_21_gym,flight_12,SHORT,850,ok,666.0825,666.0825,617.5044596071934,195.47646266656616,29.38433278682337,True,False,True,late
2026_07_21_gym,flight_12,SHORT,900,ok,666.0825,666.0825,617.5044596071934,195.30770366607854,29.38433278682337,True,False,True,late
2026_07_21_gym,flight_12,SHORT,950,ok,666.0825,666.0825,617.5044596071934,194.44290566413352,29.38433278682337,True,False,True,late
2026_07_21_gym,flight_12,SHORT,1000,ok,666.0825,666.0825,617.5044596071934,195.3541656664262,29.38433278682337,True,False,True,late
2026_07_21_gym,flight_12,SHORT,1050,ok,666.0825,666.0825,617.5044596071934,195.20968566524485,29.38433278682337,True,False,True,late
2026_07_21_gym,flight_12,SHORT,1100,ok,666.0825,666.0825,617.5044596071934,195.4810366683329,29.38433278682337,True,False,True,late
2026_07_21_gym,flight_12,SHORT,1150,ok,666.0825,666.0825,617.5044596071934,195.41107366575548,29.38433278682337,True,False,True,late
2026_07_21_gym,flight_12,SHORT,1200,ok,666.0825,666.0825,617.5044596071934,194.8661296662564,29.38433278682337,True,False,True,late
2026_07_21_gym,flight_12,SHORT,1250,ok,666.0825,666.0825,617.5044596071934,195.20155466503152,29.38433278682337,True,False,True,late
2026_07_21_gym,flight_121,LONG,150,fit_failed,150.0000,1415.425,1236.774892537247,,,False,,,no_response
2026_07_21_gym,flight_121,LONG,200,fit_failed,200.0000,1415.425,1236.774892537247,,,False,,,no_response
2026_07_21_gym,flight_121,LONG,250,fit_failed,250.0000,1415.425,1236.774892537247,,,False,,,no_response
2026_07_21_gym,flight_121,LONG,300,ok,300.0000,1415.425,1236.774892537247,158.34668466604003,354.76454188454,True,True,False,wrong
2026_07_21_gym,flight_121,LONG,350,ok,350.0000,1415.425,1236.774892537247,159.52162866635868,354.76454188454,True,True,False,wrong
2026_07_21_gym,flight_121,LONG,400,ok,400.0000,1415.425,1236.774892537247,167.74622166684517,354.7647091402506,True,True,False,wrong
2026_07_21_gym,flight_121,LONG,450,fit_failed,450.0000,1415.425,1236.774892537247,,,False,,,no_response
2026_07_21_gym,flight_121,LONG,490,ok,490.0000,1415.425,1236.774892537247,206.98331566682705,498.5663087303162,True,True,False,wrong
2026_07_21_gym,flight_121,LONG,500,ok,500.0000,1415.425,1236.774892537247,197.9645186678196,306.8324149432357,True,True,False,wrong
2026_07_21_gym,flight_121,LONG,550,ok,550.0000,1415.425,1236.774892537247,215.5938526658962,91.92268141291575,True,True,True,success
2026_07_21_gym,flight_121,LONG,600,ok,600.0000,1415.425,1236.774892537247,222.06405566694835,443.4962153541901,True,True,False,wrong
2026_07_21_gym,flight_121,LONG,650,ok,650.0000,1415.425,1236.774892537247,220.96809166731933,196.88047223922848,True,True,True,success
2026_07_21_gym,flight_121,LONG,700,ok,700.0000,1415.425,1236.774892537247,225.35922166674086,61.9062048566543,True,True,True,success
2026_07_21_gym,flight_121,LONG,750,ok,750.0000,1415.425,1236.774892537247,240.40046366831908,117.79679039948964,True,True,True,success
2026_07_21_gym,flight_121,LONG,800,ok,800.0000,1415.425,1236.774892537247,247.54298166713366,134.41306711403323,True,True,True,success
2026_07_21_gym,flight_121,LONG,850,ok,850.0000,1415.425,1236.774892537247,258.80064766729873,57.22609758489813,True,True,True,success
2026_07_21_gym,flight_121,LONG,900,ok,900.0000,1415.425,1236.774892537247,258.725666666093,71.80118166971042,True,True,True,success
2026_07_21_gym,flight_121,LONG,950,ok,950.0000,1415.425,1236.774892537247,272.5343526673193,87.2202304173185,True,True,True,success
2026_07_21_gym,flight_121,LONG,1000,ok,1000.0000,1415.425,1236.774892537247,275.35070366660756,73.47348065911103,True,True,True,success
2026_07_21_gym,flight_121,LONG,1050,ok,1050.0000,1415.425,1236.774892537247,290.8318876658256,49.385977671270716,True,False,True,late
2026_07_21_gym,flight_121,LONG,1100,ok,1100.0000,1415.425,1236.774892537247,290.02861066597205,27.81532743944763,True,False,True,late
2026_07_21_gym,flight_121,LONG,1150,ok,1150.0000,1415.425,1236.774892537247,301.73614766510826,34.55146772481297,True,False,True,late
2026_07_21_gym,flight_121,LONG,1200,ok,1200.0000,1415.425,1236.774892537247,305.0100556674103,32.04155031263697,True,False,True,late
2026_07_21_gym,flight_121,LONG,1250,ok,1250.0000,1415.425,1236.774892537247,297.9332966671015,46.70135032784222,True,False,True,late
2026_07_21_gym,flight_122,LONG,150,ok,150.0000,1548.6409999999998,1470.4473684227917,141.6645556675891,764.1972548805021,True,True,False,wrong
2026_07_21_gym,flight_122,LONG,200,ok,200.0000,1548.6409999999998,1470.4473684227917,159.06675966611752,971.2696640388929,True,True,False,wrong
2026_07_21_gym,flight_122,LONG,250,ok,250.0000,1548.6409999999998,1470.4473684227917,163.4904256655524,627.2637950411073,True,True,False,wrong
2026_07_21_gym,flight_122,LONG,300,ok,300.0000,1548.6409999999998,1470.4473684227917,178.97355466677496,730.101784871719,True,True,False,wrong
2026_07_21_gym,flight_122,LONG,350,ok,350.0000,1548.6409999999998,1470.4473684227917,191.89172266672054,1081.9773531121634,True,True,False,wrong
2026_07_21_gym,flight_122,LONG,400,ok,400.0000,1548.6409999999998,1470.4473684227917,191.97005566737303,738.5973950602765,True,True,False,wrong
2026_07_21_gym,flight_122,LONG,450,ok,450.0000,1548.6409999999998,1470.4473684227917,200.29751866559187,810.7293861596575,True,True,False,wrong
2026_07_21_gym,flight_122,LONG,490,ok,490.0000,1548.6409999999998,1470.4473684227917,204.03096266898015,454.76935828811844,True,True,False,wrong
2026_07_21_gym,flight_122,LONG,500,ok,500.0000,1548.6409999999998,1470.4473684227917,201.583482666562,369.8651521017737,True,True,False,wrong
2026_07_21_gym,flight_122,LONG,550,ok,550.0000,1548.6409999999998,1470.4473684227917,217.44796266748259,347.6847009201408,True,True,False,wrong
2026_07_21_gym,flight_122,LONG,600,ok,600.0000,1548.6409999999998,1470.4473684227917,250.92781466587135,308.57690584632286,True,True,False,wrong
2026_07_21_gym,flight_122,LONG,650,ok,650.0000,1548.6409999999998,1470.4473684227917,229.29403566538045,263.09278570591306,True,True,False,wrong
2026_07_21_gym,flight_122,LONG,700,ok,700.0000,1548.6409999999998,1470.4473684227917,241.55198166674623,211.00652011968623,True,True,False,wrong
2026_07_21_gym,flight_122,LONG,750,ok,750.0000,1548.6409999999998,1470.4473684227917,231.9080746664355,284.0902273714508,True,True,False,wrong
2026_07_21_gym,flight_122,LONG,800,ok,800.0000,1548.6409999999998,1470.4473684227917,247.3875176652024,270.8764668404063,True,True,False,wrong
2026_07_21_gym,flight_122,LONG,850,ok,850.0000,1548.6409999999998,1470.4473684227917,249.1915926678727,223.26894782087592,True,True,False,wrong
2026_07_21_gym,flight_122,LONG,900,ok,900.0000,1548.6409999999998,1470.4473684227917,266.5438166658084,139.6499587774779,True,True,True,success
2026_07_21_gym,flight_122,LONG,950,ok,950.0000,1548.6409999999998,1470.4473684227917,278.333889665703,207.94689368115652,True,True,False,wrong
2026_07_21_gym,flight_122,LONG,1000,ok,1000.0000,1548.6409999999998,1470.4473684227917,281.4019266680504,179.793816506162,True,True,True,success
2026_07_21_gym,flight_122,LONG,1050,ok,1050.0000,1548.6409999999998,1470.4473684227917,314.70751866667223,142.79590721226265,True,True,True,success
2026_07_21_gym,flight_122,LONG,1100,ok,1100.0000,1548.6409999999998,1470.4473684227917,296.73148066705716,113.40909988265611,True,True,True,success
2026_07_21_gym,flight_122,LONG,1150,ok,1150.0000,1548.6409999999998,1470.4473684227917,312.1471486675243,115.46859640749548,True,True,True,success
2026_07_21_gym,flight_122,LONG,1200,ok,1200.0000,1548.6409999999998,1470.4473684227917,316.1330576675634,77.82577440078443,True,True,True,success
2026_07_21_gym,flight_122,LONG,1250,ok,1250.0000,1548.6409999999998,1470.4473684227917,316.2785196673746,73.01466838364526,True,False,True,late
2026_07_21_gym,flight_123,LONG,150,ok,150.0000,1398.7715,1200.653339494835,131.33227766646692,910.1174991935744,True,True,False,wrong
2026_07_21_gym,flight_123,LONG,200,ok,200.0000,1398.7715,1200.653339494835,142.6882026667396,17.78504097374396,True,True,True,success
2026_07_21_gym,flight_123,LONG,250,ok,250.0000,1398.7715,1200.653339494835,155.71907366501787,329.12373465027963,True,True,False,wrong
2026_07_21_gym,flight_123,LONG,300,ok,300.0000,1398.7715,1200.653339494835,171.28761066651592,72.67774680847171,True,True,True,success
2026_07_21_gym,flight_123,LONG,350,ok,350.0000,1398.7715,1200.653339494835,168.03024166698256,91.80998052552677,True,True,True,success
2026_07_21_gym,flight_123,LONG,400,ok,400.0000,1398.7715,1200.653339494835,184.27461166648814,142.75807657075984,True,True,True,success
2026_07_21_gym,flight_123,LONG,450,ok,450.0000,1398.7715,1200.653339494835,185.21724166783193,126.87020854890729,True,True,True,success
2026_07_21_gym,flight_123,LONG,490,ok,490.0000,1398.7715,1200.653339494835,202.40886966573694,124.24500679845937,True,True,True,success
2026_07_21_gym,flight_123,LONG,500,ok,500.0000,1398.7715,1200.653339494835,199.68179666592428,123.01155335658382,True,True,True,success
2026_07_21_gym,flight_123,LONG,550,ok,550.0000,1398.7715,1200.653339494835,210.93733266709992,91.22255451227201,True,True,True,success
2026_07_21_gym,flight_123,LONG,600,ok,600.0000,1398.7715,1200.653339494835,224.19890766466656,75.24279611584082,True,True,True,success
2026_07_21_gym,flight_123,LONG,650,ok,650.0000,1398.7715,1200.653339494835,212.7912036689619,93.17112841706602,True,True,True,success
2026_07_21_gym,flight_123,LONG,700,ok,700.0000,1398.7715,1200.653339494835,227.36005466493467,74.78394667814693,True,True,True,success
2026_07_21_gym,flight_123,LONG,750,ok,750.0000,1398.7715,1200.653339494835,226.4305936663101,107.63719909579603,True,True,True,success
2026_07_21_gym,flight_123,LONG,800,ok,800.0000,1398.7715,1200.653339494835,241.65901866803566,126.83643734064758,True,True,True,success
2026_07_21_gym,flight_123,LONG,850,ok,850.0000,1398.7715,1200.653339494835,250.98398066932955,68.01094290163702,True,True,True,success
2026_07_21_gym,flight_123,LONG,900,ok,900.0000,1398.7715,1200.653339494835,251.7603716670225,20.340884123150776,True,True,True,success
2026_07_21_gym,flight_123,LONG,950,ok,950.0000,1398.7715,1200.653339494835,260.5017036662127,82.13868740899201,True,True,True,success
2026_07_21_gym,flight_123,LONG,1000,ok,1000.0000,1398.7715,1200.653339494835,312.5641096668939,71.99405218465476,True,False,True,late
2026_07_21_gym,flight_123,LONG,1050,ok,1050.0000,1398.7715,1200.653339494835,287.1858516667659,50.7178578613276,True,False,True,late
2026_07_21_gym,flight_123,LONG,1100,ok,1100.0000,1398.7715,1200.653339494835,291.14410966510576,70.7472749442749,True,False,True,late
2026_07_21_gym,flight_123,LONG,1150,ok,1150.0000,1398.7715,1200.653339494835,293.9268886667366,59.28465972920217,True,False,True,late
2026_07_21_gym,flight_123,LONG,1200,ok,1200.0000,1398.7715,1200.653339494835,304.608535664777,30.69339467337781,True,False,True,late
2026_07_21_gym,flight_123,LONG,1250,ok,1250.0000,1398.7715,1200.653339494835,297.2046836667384,107.49857162742379,True,False,True,late
2026_07_21_gym,flight_124,LONG,150,ok,150.0000,1298.8595,1209.878637718904,137.9144826658691,356.6057205540766,True,True,False,wrong
2026_07_21_gym,flight_124,LONG,200,ok,200.0000,1298.8595,1209.878637718904,143.0083336678023,793.09117691229,True,True,False,wrong
2026_07_21_gym,flight_124,LONG,250,ok,250.0000,1298.8595,1209.878637718904,156.44420466820398,414.58047237926456,True,True,False,wrong
2026_07_21_gym,flight_124,LONG,300,ok,300.0000,1298.8595,1209.878637718904,160.79568366582194,414.58064502788807,True,True,False,wrong
2026_07_21_gym,flight_124,LONG,350,ok,350.0000,1298.8595,1209.878637718904,171.978020666788,82.90654140762739,True,True,True,success
2026_07_21_gym,flight_124,LONG,400,ok,400.0000,1298.8595,1209.878637718904,177.16351866784194,129.58591229275945,True,True,True,success
2026_07_21_gym,flight_124,LONG,450,ok,450.0000,1298.8595,1209.878637718904,191.8646116654078,276.79778335939113,True,True,False,wrong
2026_07_21_gym,flight_124,LONG,490,ok,490.0000,1298.8595,1209.878637718904,197.18785166709372,243.06866413100522,True,True,False,wrong
2026_07_21_gym,flight_124,LONG,500,ok,500.0000,1298.8595,1209.878637718904,211.12635266563544,214.96181417034725,True,True,False,wrong
2026_07_21_gym,flight_124,LONG,550,ok,550.0000,1298.8595,1209.878637718904,215.96662966596583,134.00661993066757,True,True,True,success
2026_07_21_gym,flight_124,LONG,600,ok,600.0000,1298.8595,1209.878637718904,224.40305666873851,152.80939243284513,True,True,True,success
2026_07_21_gym,flight_124,LONG,650,ok,650.0000,1298.8595,1209.878637718904,225.75068366589645,135.3578189262932,True,True,True,success
2026_07_21_gym,flight_124,LONG,700,ok,700.0000,1298.8595,1209.878637718904,228.11946366696307,107.51664723443923,True,True,True,success
2026_07_21_gym,flight_124,LONG,750,ok,750.0000,1298.8595,1209.878637718904,248.99661166562387,141.23177426380371,True,True,True,success
2026_07_21_gym,flight_124,LONG,800,ok,800.0000,1298.8595,1209.878637718904,245.41757366775224,107.25333678385104,True,True,True,success
2026_07_21_gym,flight_124,LONG,850,ok,850.0000,1298.8595,1209.878637718904,255.14811166437963,106.5406878474411,True,True,True,success
2026_07_21_gym,flight_124,LONG,900,ok,900.0000,1298.8595,1209.878637718904,269.2873706665511,43.60407240390549,True,True,True,success
2026_07_21_gym,flight_124,LONG,950,ok,950.0000,1298.8595,1209.878637718904,275.1417036668087,42.66374366245527,True,True,True,success
2026_07_21_gym,flight_124,LONG,1000,ok,1000.0000,1298.8595,1209.878637718904,287.2164066672946,40.70422249901639,True,True,True,success
2026_07_21_gym,flight_124,LONG,1050,ok,1050.0000,1298.8595,1209.878637718904,294.4617406676213,43.675388024839336,True,False,True,late
2026_07_21_gym,flight_124,LONG,1100,ok,1100.0000,1298.8595,1209.878637718904,291.92036966762197,59.57624957160252,True,False,True,late
2026_07_21_gym,flight_124,LONG,1150,ok,1150.0000,1298.8595,1209.878637718904,307.08249966862303,44.59120441514877,True,False,True,late
2026_07_21_gym,flight_124,LONG,1200,ok,1200.0000,1298.8595,1209.878637718904,307.52020266621065,37.665121700883084,True,False,True,late
2026_07_21_gym,flight_124,LONG,1250,ok,1250.0000,1298.8595,1209.878637718904,303.45051866645616,22.539951354483847,True,False,True,late
2026_07_21_gym,flight_125,LONG,150,fit_failed,150.0000,1332.1635,1278.8317261332274,,,False,,,no_response
2026_07_21_gym,flight_125,LONG,200,fit_failed,200.0000,1332.1635,1278.8317261332274,,,False,,,no_response
2026_07_21_gym,flight_125,LONG,250,ok,250.0000,1332.1635,1278.8317261332274,155.9080916677291,198.57153276583819,True,True,True,success
2026_07_21_gym,flight_125,LONG,300,ok,300.0000,1332.1635,1278.8317261332274,169.59900066784272,184.847039272101,True,True,True,success
2026_07_21_gym,flight_125,LONG,350,ok,350.0000,1332.1635,1278.8317261332274,174.5858356670166,422.9376184904184,True,True,False,wrong
2026_07_21_gym,flight_125,LONG,400,ok,400.0000,1332.1635,1278.8317261332274,185.5789806653435,294.8564878819317,True,True,False,wrong
2026_07_21_gym,flight_125,LONG,450,ok,450.0000,1332.1635,1278.8317261332274,192.4364816645781,509.34710925479845,True,True,False,wrong
2026_07_21_gym,flight_125,LONG,490,ok,490.0000,1332.1635,1278.8317261332274,200.39214766646424,155.46343382238544,True,True,True,success
2026_07_21_gym,flight_125,LONG,500,ok,500.0000,1332.1635,1278.8317261332274,196.70874066712955,222.29623058269718,True,True,False,wrong
2026_07_21_gym,flight_125,LONG,550,ok,550.0000,1332.1635,1278.8317261332274,209.58785266677538,164.127275721482,True,True,True,success
2026_07_21_gym,flight_125,LONG,600,ok,600.0000,1332.1635,1278.8317261332274,225.58914666591832,112.0850733062463,True,True,True,success
2026_07_21_gym,flight_125,LONG,650,ok,650.0000,1332.1635,1278.8317261332274,212.1295006663228,165.11054657275227,True,True,True,success
2026_07_21_gym,flight_125,LONG,700,ok,700.0000,1332.1635,1278.8317261332274,238.74877766675004,152.60394192423297,True,True,True,success
2026_07_21_gym,flight_125,LONG,750,ok,750.0000,1332.1635,1278.8317261332274,238.16825966692218,132.58720142659934,True,True,True,success
2026_07_21_gym,flight_125,LONG,800,ok,800.0000,1332.1635,1278.8317261332274,257.70296366574865,96.54240757532625,True,True,True,success
2026_07_21_gym,flight_125,LONG,850,ok,850.0000,1332.1635,1278.8317261332274,263.0563706678028,91.30809776959778,True,True,True,success
2026_07_21_gym,flight_125,LONG,900,ok,900.0000,1332.1635,1278.8317261332274,264.8700556649516,77.31594740215888,True,True,True,success
2026_07_21_gym,flight_125,LONG,950,ok,950.0000,1332.1635,1278.8317261332274,275.05025966620695,96.74397072974136,True,True,True,success
2026_07_21_gym,flight_125,LONG,1000,ok,1000.0000,1332.1635,1278.8317261332274,276.00140766582143,52.52492968970464,True,True,True,success
2026_07_21_gym,flight_125,LONG,1050,ok,1050.0000,1332.1635,1278.8317261332274,289.2312586667637,14.856293937614089,True,True,True,success
2026_07_21_gym,flight_125,LONG,1100,ok,1100.0000,1332.1635,1278.8317261332274,294.41368366746855,35.748011474476584,True,False,True,late
2026_07_21_gym,flight_125,LONG,1150,ok,1150.0000,1332.1635,1278.8317261332274,302.9273316661517,21.115079091036062,True,False,True,late
2026_07_21_gym,flight_125,LONG,1200,ok,1200.0000,1332.1635,1278.8317261332274,302.98824066544574,18.250724669198483,True,False,True,late
2026_07_21_gym,flight_125,LONG,1250,ok,1250.0000,1332.1635,1278.8317261332274,309.03490666641545,31.786417814719456,True,False,True,late
2026_07_21_gym,flight_126,LONG,150,fit_failed,150.0000,1415.425,1279.7346693318977,,,False,,,no_response
2026_07_21_gym,flight_126,LONG,200,ok,200.0000,1415.425,1279.7346693318977,143.67486966742823,462.6483328952462,True,True,False,wrong
2026_07_21_gym,flight_126,LONG,250,ok,250.0000,1415.425,1279.7346693318977,157.0495186659197,589.2627549073802,True,True,False,wrong
2026_07_21_gym,flight_126,LONG,300,ok,300.0000,1415.425,1279.7346693318977,196.23968466712782,352.93786930193716,True,True,False,wrong
2026_07_21_gym,flight_126,LONG,350,ok,350.0000,1415.425,1279.7346693318977,181.46916666595885,491.41245084647653,True,True,False,wrong
2026_07_21_gym,flight_126,LONG,400,ok,400.0000,1415.425,1279.7346693318977,184.96162966607758,374.5744911519533,True,True,False,wrong
2026_07_21_gym,flight_126,LONG,450,ok,450.0000,1415.425,1279.7346693318977,199.3909076663355,44.08634556718013,True,True,True,success
2026_07_21_gym,flight_126,LONG,490,ok,490.0000,1415.425,1279.7346693318977,198.97922266616175,24.952709997096473,True,True,True,success
2026_07_21_gym,flight_126,LONG,500,ok,500.0000,1415.425,1279.7346693318977,199.98655566728362,129.97207575123787,True,True,True,success
2026_07_21_gym,flight_126,LONG,550,ok,550.0000,1415.425,1279.7346693318977,216.54405566553274,118.90552456214432,True,True,True,success
2026_07_21_gym,flight_126,LONG,600,ok,600.0000,1415.425,1279.7346693318977,226.88890766507635,72.01076319075032,True,True,True,success
2026_07_21_gym,flight_126,LONG,650,ok,650.0000,1415.425,1279.7346693318977,212.81218466783562,17.80498424553941,True,True,True,success
2026_07_21_gym,flight_126,LONG,700,ok,700.0000,1415.425,1279.7346693318977,235.560369668218,24.860800770831577,True,True,True,success
2026_07_21_gym,flight_126,LONG,750,ok,750.0000,1415.425,1279.7346693318977,245.11507266542563,51.95389792757265,True,True,True,success
2026_07_21_gym,flight_126,LONG,800,ok,800.0000,1415.425,1279.7346693318977,263.30849866724265,61.979313172463414,True,True,True,success
2026_07_21_gym,flight_126,LONG,850,ok,850.0000,1415.425,1279.7346693318977,260.1533696676294,42.80325250802257,True,True,True,success
2026_07_21_gym,flight_126,LONG,900,ok,900.0000,1415.425,1279.7346693318977,262.4354616670559,52.79397059675627,True,True,True,success
2026_07_21_gym,flight_126,LONG,950,ok,950.0000,1415.425,1279.7346693318977,275.20335366452736,29.074902879848192,True,True,True,success
2026_07_21_gym,flight_126,LONG,1000,ok,1000.0000,1415.425,1279.7346693318977,282.18590766719234,49.666264595119934,True,True,True,success
2026_07_21_gym,flight_126,LONG,1050,ok,1050.0000,1415.425,1279.7346693318977,291.9759816673274,21.951132612219567,True,True,True,success
2026_07_21_gym,flight_126,LONG,1100,ok,1100.0000,1415.425,1279.7346693318977,292.70924066441756,26.80291798961395,True,False,True,late
2026_07_21_gym,flight_126,LONG,1150,ok,1150.0000,1415.425,1279.7346693318977,307.2517576661582,17.377684156855135,True,False,True,late
2026_07_21_gym,flight_126,LONG,1200,ok,1200.0000,1415.425,1279.7346693318977,303.6166836653526,18.66388779946663,True,False,True,late
2026_07_21_gym,flight_126,LONG,1250,ok,1250.0000,1415.425,1279.7346693318977,307.6270546667899,17.304060242114726,True,False,True,late
2026_07_21_gym,flight_13,SHORT,150,fit_failed,150.0000,765.9939999999999,655.2415516812634,,,False,,,no_response
2026_07_21_gym,flight_13,SHORT,200,ok,200.0000,765.9939999999999,655.2415516812634,128.65275966810682,216.18075157936343,True,True,False,wrong
2026_07_21_gym,flight_13,SHORT,250,ok,250.0000,765.9939999999999,655.2415516812634,138.28129666640112,59.738413345943115,True,True,True,success
2026_07_21_gym,flight_13,SHORT,300,ok,300.0000,765.9939999999999,655.2415516812634,144.03938766537854,63.1169961204185,True,True,True,success
2026_07_21_gym,flight_13,SHORT,350,ok,350.0000,765.9939999999999,655.2415516812634,154.24918566613147,34.65092188879801,True,True,True,success
2026_07_21_gym,flight_13,SHORT,400,ok,400.0000,765.9939999999999,655.2415516812634,163.68853766533235,63.17480297769221,True,True,True,success
2026_07_21_gym,flight_13,SHORT,450,ok,450.0000,765.9939999999999,655.2415516812634,173.48436966600516,41.06598219757856,True,True,True,success
2026_07_21_gym,flight_13,SHORT,490,ok,490.0000,765.9939999999999,655.2415516812634,183.5056856671969,26.563342693982722,True,True,True,success
2026_07_21_gym,flight_13,SHORT,500,ok,500.0000,765.9939999999999,655.2415516812634,186.25946266918132,13.187130047326722,True,True,True,success
2026_07_21_gym,flight_13,SHORT,550,ok,550.0000,765.9939999999999,655.2415516812634,187.12988866648325,21.189489400713445,True,True,True,success
2026_07_21_gym,flight_13,SHORT,600,ok,600.0000,765.9939999999999,655.2415516812634,198.182518667231,16.87003239979603,True,False,True,late
2026_07_21_gym,flight_13,SHORT,650,ok,650.0000,765.9939999999999,655.2415516812634,197.8780916656057,11.30327036472305,True,False,True,late
2026_07_21_gym,flight_13,SHORT,700,ok,700.0000,765.9939999999999,655.2415516812634,211.5777406670774,8.798695730012065,True,False,True,late
2026_07_21_gym,flight_13,SHORT,750,ok,750.0000,765.9939999999999,655.2415516812634,207.37375966614732,8.236382151980276,True,False,True,late
2026_07_21_gym,flight_13,SHORT,800,ok,765.9940,765.9939999999999,655.2415516812634,210.7682956677551,0.4867449023658082,True,False,True,late
2026_07_21_gym,flight_13,SHORT,850,ok,765.9940,765.9939999999999,655.2415516812634,210.97174066646645,0.4867449023658082,True,False,True,late
2026_07_21_gym,flight_13,SHORT,900,ok,765.9940,765.9939999999999,655.2415516812634,210.20835166579732,0.4867449023658082,True,False,True,late
2026_07_21_gym,flight_13,SHORT,950,ok,765.9940,765.9939999999999,655.2415516812634,210.82785166582713,0.4867449023658082,True,False,True,late
2026_07_21_gym,flight_13,SHORT,1000,ok,765.9940,765.9939999999999,655.2415516812634,210.77566666683802,0.4867449023658082,True,False,True,late
2026_07_21_gym,flight_13,SHORT,1050,ok,765.9940,765.9939999999999,655.2415516812634,210.6956846655036,0.4867449023658082,True,False,True,late
2026_07_21_gym,flight_13,SHORT,1100,ok,765.9940,765.9939999999999,655.2415516812634,209.97457266661027,0.4867449023658082,True,False,True,late
2026_07_21_gym,flight_13,SHORT,1150,ok,765.9940,765.9939999999999,655.2415516812634,211.32716566665718,0.4867449023658082,True,False,True,late
2026_07_21_gym,flight_13,SHORT,1200,ok,765.9940,765.9939999999999,655.2415516812634,211.00538866749653,0.4867449023658082,True,False,True,late
2026_07_21_gym,flight_13,SHORT,1250,ok,765.9940,765.9939999999999,655.2415516812634,250.03949966623136,0.4867449023658082,True,False,True,late
2026_07_21_gym,flight_14,SHORT,150,ok,150.0000,632.7775,602.8445683156178,115.88418566683929,108.43361376202974,True,True,True,success
2026_07_21_gym,flight_14,SHORT,200,ok,200.0000,632.7775,602.8445683156178,127.87018466709803,105.20808287136265,True,True,True,success
2026_07_21_gym,flight_14,SHORT,250,ok,250.0000,632.7775,602.8445683156178,135.15651766738543,59.18237359350224,True,True,True,success
2026_07_21_gym,flight_14,SHORT,300,ok,300.0000,632.7775,602.8445683156178,145.13974166537324,16.26429689652172,True,True,True,success
2026_07_21_gym,flight_14,SHORT,350,ok,350.0000,632.7775,602.8445683156178,149.88183366755644,19.71969635086823,True,True,True,success
2026_07_21_gym,flight_14,SHORT,400,ok,400.0000,632.7775,602.8445683156178,159.44872266675034,11.02318056598985,True,True,True,success
2026_07_21_gym,flight_14,SHORT,450,ok,450.0000,632.7775,602.8445683156178,167.39146366777518,16.10029059649077,True,True,True,success
2026_07_21_gym,flight_14,SHORT,490,ok,490.0000,632.7775,602.8445683156178,174.52325966830054,43.90960722432528,True,True,True,success
2026_07_21_gym,flight_14,SHORT,500,ok,500.0000,632.7775,602.8445683156178,175.2341866667072,64.89665739695053,True,True,True,success
2026_07_21_gym,flight_14,SHORT,550,ok,550.0000,632.7775,602.8445683156178,181.91153766742596,25.168916278292407,True,False,True,late
2026_07_21_gym,flight_14,SHORT,600,ok,600.0000,632.7775,602.8445683156178,191.04463066595295,7.254609738381844,True,False,True,late
2026_07_21_gym,flight_14,SHORT,650,ok,632.7775,632.7775,602.8445683156178,194.73049966587374,8.389198746789685,True,False,True,late
2026_07_21_gym,flight_14,SHORT,700,ok,632.7775,632.7775,602.8445683156178,194.4416106675441,8.389198746789685,True,False,True,late
2026_07_21_gym,flight_14,SHORT,750,ok,632.7775,632.7775,602.8445683156178,195.10485166559616,8.389198746789685,True,False,True,late
2026_07_21_gym,flight_14,SHORT,800,ok,632.7775,632.7775,602.8445683156178,194.16774066506574,8.389198746789685,True,False,True,late
2026_07_21_gym,flight_14,SHORT,850,ok,632.7775,632.7775,602.8445683156178,194.59024066633233,8.389198746789685,True,False,True,late
2026_07_21_gym,flight_14,SHORT,900,ok,632.7775,632.7775,602.8445683156178,194.81946166573712,8.389198746789685,True,False,True,late
2026_07_21_gym,flight_14,SHORT,950,ok,632.7775,632.7775,602.8445683156178,194.42670266578594,8.389198746789685,True,False,True,late
2026_07_21_gym,flight_14,SHORT,1000,ok,632.7775,632.7775,602.8445683156178,193.89177866807827,8.389198746789685,True,False,True,late
2026_07_21_gym,flight_14,SHORT,1050,ok,632.7775,632.7775,602.8445683156178,195.30375966864327,8.389198746789685,True,False,True,late
2026_07_21_gym,flight_14,SHORT,1100,ok,632.7775,632.7775,602.8445683156178,194.49807366604605,8.389198746789685,True,False,True,late
2026_07_21_gym,flight_14,SHORT,1150,ok,632.7775,632.7775,602.8445683156178,194.64794366496304,8.389198746789685,True,False,True,late
2026_07_21_gym,flight_14,SHORT,1200,ok,632.7775,632.7775,602.8445683156178,194.1527226657296,8.389198746789685,True,False,True,late
2026_07_21_gym,flight_14,SHORT,1250,ok,632.7775,632.7775,602.8445683156178,194.65690766616413,8.389198746789685,True,False,True,late
2026_07_21_gym,flight_15,SHORT,150,ok,150.0000,882.5585,663.1126392997545,125.02746466795604,50.024652875180045,True,True,True,success
2026_07_21_gym,flight_15,SHORT,200,ok,200.0000,882.5585,663.1126392997545,131.21316566473493,61.49043040128423,True,True,True,success
2026_07_21_gym,flight_15,SHORT,250,ok,250.0000,882.5585,663.1126392997545,142.73442566643158,93.09826268895131,True,True,True,success
2026_07_21_gym,flight_15,SHORT,300,ok,300.0000,882.5585,663.1126392997545,155.71366666598865,75.19583883392191,True,True,True,success
2026_07_21_gym,flight_15,SHORT,350,ok,350.0000,882.5585,663.1126392997545,162.2094646670545,53.059501607641906,True,True,True,success
2026_07_21_gym,flight_15,SHORT,400,ok,400.0000,882.5585,663.1126392997545,167.2929626662905,35.59689258855117,True,True,True,success
2026_07_21_gym,flight_15,SHORT,450,ok,450.0000,882.5585,663.1126392997545,185.52436866580197,33.518113135460084,True,True,True,success
2026_07_21_gym,flight_15,SHORT,490,ok,490.0000,882.5585,663.1126392997545,188.20211166764298,45.63904000907909,True,True,True,success
2026_07_21_gym,flight_15,SHORT,500,ok,500.0000,882.5585,663.1126392997545,191.86335066581765,45.63903912105066,True,True,True,success
2026_07_21_gym,flight_15,SHORT,550,ok,550.0000,882.5585,663.1126392997545,200.32790766532221,20.437561807944284,True,False,True,late
2026_07_21_gym,flight_15,SHORT,600,ok,600.0000,882.5585,663.1126392997545,206.23390766667822,29.994254334917056,True,False,True,late
2026_07_21_gym,flight_15,SHORT,650,ok,650.0000,882.5585,663.1126392997545,209.8987576679016,13.079512373432259,True,False,True,late
2026_07_21_gym,flight_15,SHORT,700,ok,700.0000,882.5585,663.1126392997545,217.67046166832247,36.64105458275584,True,False,True,late
2026_07_21_gym,flight_15,SHORT,750,ok,750.0000,882.5585,663.1126392997545,218.79968366834024,63.127299174807156,True,False,True,late
2026_07_21_gym,flight_15,SHORT,800,ok,800.0000,882.5585,663.1126392997545,226.4774426675091,71.1747838411765,True,False,True,late
2026_07_21_gym,flight_15,SHORT,850,ok,850.0000,882.5585,663.1126392997545,237.89692666723082,8.811926996806493,True,False,True,late
2026_07_21_gym,flight_15,SHORT,900,ok,882.5585,882.5585,663.1126392997545,239.09470366655538,16.49209239763954,True,False,True,late
2026_07_21_gym,flight_15,SHORT,950,ok,882.5585,882.5585,663.1126392997545,240.01520266911635,16.49209239763954,True,False,True,late
2026_07_21_gym,flight_15,SHORT,1000,ok,882.5585,882.5585,663.1126392997545,239.1715926664571,16.49209239763954,True,False,True,late
2026_07_21_gym,flight_15,SHORT,1050,ok,882.5585,882.5585,663.1126392997545,239.07701866577068,16.49209239763954,True,False,True,late
2026_07_21_gym,flight_15,SHORT,1100,ok,882.5585,882.5585,663.1126392997545,238.74659266664335,16.49209239763954,True,False,True,late
2026_07_21_gym,flight_15,SHORT,1150,ok,882.5585,882.5585,663.1126392997545,239.10377866836885,16.49209239763954,True,False,True,late
2026_07_21_gym,flight_15,SHORT,1200,ok,882.5585,882.5585,663.1126392997545,239.9253326660643,16.49209239763954,True,False,True,late
2026_07_21_gym,flight_15,SHORT,1250,ok,882.5585,882.5585,663.1126392997545,239.04922266645977,16.49209239763954,True,False,True,late
2026_07_21_gym,flight_16,SHORT,150,fit_failed,150.0000,582.823,544.6641585790109,,,False,,,no_response
2026_07_21_gym,flight_16,SHORT,200,ok,200.0000,582.823,544.6641585790109,130.20477766605714,106.31675758799923,True,True,True,success
2026_07_21_gym,flight_16,SHORT,250,ok,250.0000,582.823,544.6641585790109,140.17299966576198,23.809719038703665,True,True,True,success
2026_07_21_gym,flight_16,SHORT,300,ok,300.0000,582.823,544.6641585790109,141.92885266679028,97.98482571604059,True,True,True,success
2026_07_21_gym,flight_16,SHORT,350,ok,350.0000,582.823,544.6641585790109,153.6847596677641,112.04793634361654,True,True,True,success
2026_07_21_gym,flight_16,SHORT,400,ok,400.0000,582.823,544.6641585790109,160.2414076651136,90.75098002234596,True,True,True,success
2026_07_21_gym,flight_16,SHORT,450,ok,450.0000,582.823,544.6641585790109,166.02651866401234,117.8653448706209,True,True,True,success
2026_07_21_gym,flight_16,SHORT,490,ok,490.0000,582.823,544.6641585790109,187.22385266671577,67.32151586560174,True,False,True,late
2026_07_21_gym,flight_16,SHORT,500,ok,500.0000,582.823,544.6641585790109,190.84281366846213,68.25782592621576,True,False,True,late
2026_07_21_gym,flight_16,SHORT,550,ok,550.0000,582.823,544.6641585790109,188.7136476651455,4.812832893528514,True,False,True,late
2026_07_21_gym,flight_16,SHORT,600,ok,582.8230,582.823,544.6641585790109,183.90737066666284,35.71987838946097,True,False,True,late
2026_07_21_gym,flight_16,SHORT,650,ok,582.8230,582.823,544.6641585790109,183.71122166576484,35.71987838946097,True,False,True,late
2026_07_21_gym,flight_16,SHORT,700,ok,582.8230,582.823,544.6641585790109,183.91229566807547,35.71987838946097,True,False,True,late
2026_07_21_gym,flight_16,SHORT,750,ok,582.8230,582.823,544.6641585790109,182.8862586679558,35.71987838946097,True,False,True,late
2026_07_21_gym,flight_16,SHORT,800,ok,582.8230,582.823,544.6641585790109,184.0407216666887,35.71987838946097,True,False,True,late
2026_07_21_gym,flight_16,SHORT,850,ok,582.8230,582.823,544.6641585790109,184.404759666572,35.71987838946097,True,False,True,late
2026_07_21_gym,flight_16,SHORT,900,ok,582.8230,582.823,544.6641585790109,183.64418566568443,35.71987838946097,True,False,True,late
2026_07_21_gym,flight_16,SHORT,950,ok,582.8230,582.823,544.6641585790109,183.27461166648814,35.71987838946097,True,False,True,late
2026_07_21_gym,flight_16,SHORT,1000,ok,582.8230,582.823,544.6641585790109,183.65514766673246,35.71987838946097,True,False,True,late
2026_07_21_gym,flight_16,SHORT,1050,ok,582.8230,582.823,544.6641585790109,183.95220566603044,35.71987838946097,True,False,True,late
2026_07_21_gym,flight_16,SHORT,1100,ok,582.8230,582.823,544.6641585790109,183.45487066699812,35.71987838946097,True,False,True,late
2026_07_21_gym,flight_16,SHORT,1150,ok,582.8230,582.823,544.6641585790109,183.32009266658375,35.71987838946097,True,False,True,late
2026_07_21_gym,flight_16,SHORT,1200,ok,582.8230,582.823,544.6641585790109,184.02422266701856,35.71987838946097,True,False,True,late
2026_07_21_gym,flight_16,SHORT,1250,ok,582.8230,582.823,544.6641585790109,183.64407366669425,35.71987838946097,True,False,True,late
2026_07_21_gym,flight_18,SHORT,150,fit_failed,150.0000,1065.7305,1059.9271503177622,,,False,,,no_response
2026_07_21_gym,flight_18,SHORT,200,fit_failed,200.0000,1065.7305,1059.9271503177622,,,False,,,no_response
2026_07_21_gym,flight_18,SHORT,250,fit_failed,250.0000,1065.7305,1059.9271503177622,,,False,,,no_response
2026_07_21_gym,flight_18,SHORT,300,ok,300.0000,1065.7305,1059.9271503177622,155.7432966666917,682.468495742101,True,True,False,wrong
2026_07_21_gym,flight_18,SHORT,350,ok,350.0000,1065.7305,1059.9271503177622,169.6620006651307,669.1666763315332,True,True,False,wrong
2026_07_21_gym,flight_18,SHORT,400,ok,400.0000,1065.7305,1059.9271503177622,179.24998166660467,198.21773209266885,True,True,True,success
2026_07_21_gym,flight_18,SHORT,450,ok,450.0000,1065.7305,1059.9271503177622,189.62627666691938,85.2319534878353,True,True,True,success
2026_07_21_gym,flight_18,SHORT,490,ok,490.0000,1065.7305,1059.9271503177622,205.4741296681265,102.84392963503085,True,True,True,success
2026_07_21_gym,flight_18,SHORT,500,ok,500.0000,1065.7305,1059.9271503177622,210.47861166639873,127.69844391606443,True,True,True,success
2026_07_21_gym,flight_18,SHORT,550,ok,550.0000,1065.7305,1059.9271503177622,202.3876666665698,97.35109824318009,True,True,True,success
2026_07_21_gym,flight_18,SHORT,600,ok,600.0000,1065.7305,1059.9271503177622,212.85694466593364,121.2633967342606,True,True,True,success
2026_07_21_gym,flight_18,SHORT,650,ok,650.0000,1065.7305,1059.9271503177622,222.8097046657155,111.63335806735503,True,True,True,success
2026_07_21_gym,flight_18,SHORT,700,ok,700.0000,1065.7305,1059.9271503177622,239.69001766635725,87.43826433679817,True,True,True,success
2026_07_21_gym,flight_18,SHORT,750,ok,750.0000,1065.7305,1059.9271503177622,244.588221667024,60.427255007030205,True,True,True,success
2026_07_21_gym,flight_18,SHORT,800,ok,800.0000,1065.7305,1059.9271503177622,243.50901966697225,80.3783645024893,True,True,True,success
2026_07_21_gym,flight_18,SHORT,850,ok,850.0000,1065.7305,1059.9271503177622,257.3132216675828,59.91661445495777,True,True,True,success
2026_07_21_gym,flight_18,SHORT,900,ok,900.0000,1065.7305,1059.9271503177622,270.4448876657213,60.9232982277695,True,False,True,late
2026_07_21_gym,flight_18,SHORT,950,ok,950.0000,1065.7305,1059.9271503177622,270.65975866621983,64.23871469781533,True,False,True,late
2026_07_21_gym,flight_18,SHORT,1000,ok,1000.0000,1065.7305,1059.9271503177622,275.49062866779667,89.517811673107,True,False,True,late
2026_07_21_gym,flight_18,SHORT,1050,ok,1050.0000,1065.7305,1059.9271503177622,277.4714626648153,47.695521467721754,True,False,True,late
2026_07_21_gym,flight_18,SHORT,1100,ok,1065.7305,1065.7305,1059.9271503177622,273.8621856660272,57.67142093976965,True,False,True,late
2026_07_21_gym,flight_18,SHORT,1150,ok,1065.7305,1065.7305,1059.9271503177622,274.98324066835147,57.67142093976965,True,False,True,late
2026_07_21_gym,flight_18,SHORT,1200,ok,1065.7305,1065.7305,1059.9271503177622,274.2237596657748,57.67142093976965,True,False,True,late
2026_07_21_gym,flight_18,SHORT,1250,ok,1065.7305,1065.7305,1059.9271503177622,274.17736866666627,57.67142093976965,True,False,True,late
2026_07_21_gym,flight_19,SHORT,150,fit_failed,150.0000,982.4695,891.7300401253752,,,False,,,no_response
2026_07_21_gym,flight_19,SHORT,200,ok,200.0000,982.4695,891.7300401253752,135.5876656655843,78.62669615966453,True,True,True,success
2026_07_21_gym,flight_19,SHORT,250,ok,250.0000,982.4695,891.7300401253752,140.57203566717604,189.2438925281559,True,True,True,success
2026_07_21_gym,flight_19,SHORT,300,ok,300.0000,982.4695,891.7300401253752,154.3072966688002,47.65125219614911,True,True,True,success
2026_07_21_gym,flight_19,SHORT,350,ok,350.0000,982.4695,891.7300401253752,159.13655666510263,263.29933396682054,True,True,False,wrong
2026_07_21_gym,flight_19,SHORT,400,ok,400.0000,982.4695,891.7300401253752,172.33055566406497,80.87229570036233,True,True,True,success
2026_07_21_gym,flight_19,SHORT,450,ok,450.0000,982.4695,891.7300401253752,176.48487066632757,46.3250367539137,True,True,True,success
2026_07_21_gym,flight_19,SHORT,490,ok,490.0000,982.4695,891.7300401253752,187.9727216667185,76.10487253361228,True,True,True,success
2026_07_21_gym,flight_19,SHORT,500,ok,500.0000,982.4695,891.7300401253752,187.49172266727933,32.803208251686875,True,True,True,success
2026_07_21_gym,flight_19,SHORT,550,ok,550.0000,982.4695,891.7300401253752,201.84331366575012,42.38623214273684,True,True,True,success
2026_07_21_gym,flight_19,SHORT,600,ok,600.0000,982.4695,891.7300401253752,207.05418466652432,48.0170571027764,True,True,True,success
2026_07_21_gym,flight_19,SHORT,650,ok,650.0000,982.4695,891.7300401253752,210.19868466599533,32.47490009207181,True,True,True,success
2026_07_21_gym,flight_19,SHORT,700,ok,700.0000,982.4695,891.7300401253752,220.44301866708943,9.332014721261906,True,True,True,success
2026_07_21_gym,flight_19,SHORT,750,ok,750.0000,982.4695,891.7300401253752,228.36788866637895,57.38650459068983,True,False,True,late
2026_07_21_gym,flight_19,SHORT,800,ok,800.0000,982.4695,891.7300401253752,230.97253666600832,5.259822962248123,True,False,True,late
2026_07_21_gym,flight_19,SHORT,850,ok,850.0000,982.4695,891.7300401253752,234.61348166844496,37.326972266073525,True,False,True,late
2026_07_21_gym,flight_19,SHORT,900,ok,900.0000,982.4695,891.7300401253752,238.05837066626796,8.192555460481632,True,False,True,late
2026_07_21_gym,flight_19,SHORT,950,ok,950.0000,982.4695,891.7300401253752,249.94903566750386,12.787777227288748,True,False,True,late
2026_07_21_gym,flight_19,SHORT,1000,ok,982.4695,982.4695,891.7300401253752,250.60864866587022,50.265010662700405,True,False,True,late
2026_07_21_gym,flight_19,SHORT,1050,ok,982.4695,982.4695,891.7300401253752,250.8810366668428,50.265010662700405,True,False,True,late
2026_07_21_gym,flight_19,SHORT,1100,ok,982.4695,982.4695,891.7300401253752,250.7623526683698,50.265010662700405,True,False,True,late
2026_07_21_gym,flight_19,SHORT,1150,ok,982.4695,982.4695,891.7300401253752,250.0272776695589,50.265010662700405,True,False,True,late
2026_07_21_gym,flight_19,SHORT,1200,ok,982.4695,982.4695,891.7300401253752,250.73811166609326,50.265010662700405,True,False,True,late
2026_07_21_gym,flight_19,SHORT,1250,ok,982.4695,982.4695,891.7300401253752,250.57242666619518,50.265010662700405,True,False,True,late
2026_07_21_gym,flight_2,SHORT,150,ok,150.0000,499.56149999999997,492.8409933411855,113.48281466836731,127.44667341444887,True,True,True,success
2026_07_21_gym,flight_2,SHORT,200,ok,200.0000,499.56149999999997,492.8409933411855,128.13320366541544,174.92936573643107,True,True,True,success
2026_07_21_gym,flight_2,SHORT,250,ok,250.0000,499.56149999999997,492.8409933411855,157.5071856683741,130.55473614756423,True,True,True,success
2026_07_21_gym,flight_2,SHORT,300,ok,300.0000,499.56149999999997,492.8409933411855,141.516054667222,89.25005834104334,True,True,True,success
2026_07_21_gym,flight_2,SHORT,350,ok,350.0000,499.56149999999997,492.8409933411855,142.54318466751525,51.12629845111752,True,True,True,success
2026_07_21_gym,flight_2,SHORT,400,ok,400.0000,499.56149999999997,492.8409933411855,153.795221666495,18.32554046657041,True,True,True,success
2026_07_21_gym,flight_2,SHORT,450,ok,450.0000,499.56149999999997,492.8409933411855,167.0397596663485,24.300404142288514,True,False,True,late
2026_07_21_gym,flight_2,SHORT,490,ok,490.0000,499.56149999999997,492.8409933411855,166.54394566609213,24.30040607375521,True,False,True,late
2026_07_21_gym,flight_2,SHORT,500,ok,499.5615,499.56149999999997,492.8409933411855,167.2279456683124,24.30040607375521,True,False,True,late
2026_07_21_gym,flight_2,SHORT,550,ok,499.5615,499.56149999999997,492.8409933411855,166.69796466703215,24.30040607375521,True,False,True,late
2026_07_21_gym,flight_2,SHORT,600,ok,499.5615,499.56149999999997,492.8409933411855,165.9181106655548,24.30040607375521,True,False,True,late
2026_07_21_gym,flight_2,SHORT,650,ok,499.5615,499.56149999999997,492.8409933411855,166.65694566598782,24.30040607375521,True,False,True,late
2026_07_21_gym,flight_2,SHORT,700,ok,499.5615,499.56149999999997,492.8409933411855,166.77944566557804,24.30040607375521,True,False,True,late
2026_07_21_gym,flight_2,SHORT,750,ok,499.5615,499.56149999999997,492.8409933411855,166.45646366632232,24.30040607375521,True,False,True,late
2026_07_21_gym,flight_2,SHORT,800,ok,499.5615,499.56149999999997,492.8409933411855,166.02557366682836,24.30040607375521,True,False,True,late
2026_07_21_gym,flight_2,SHORT,850,ok,499.5615,499.56149999999997,492.8409933411855,166.90794466777393,24.30040607375521,True,False,True,late
2026_07_21_gym,flight_2,SHORT,900,ok,499.5615,499.56149999999997,492.8409933411855,167.26127766786763,24.30040607375521,True,False,True,late
2026_07_21_gym,flight_2,SHORT,950,ok,499.5615,499.56149999999997,492.8409933411855,166.27153766682991,24.30040607375521,True,False,True,late
2026_07_21_gym,flight_2,SHORT,1000,ok,499.5615,499.56149999999997,492.8409933411855,166.50879666550705,24.30040607375521,True,False,True,late
2026_07_21_gym,flight_2,SHORT,1050,ok,499.5615,499.56149999999997,492.8409933411855,165.73929666510472,24.30040607375521,True,False,True,late
2026_07_21_gym,flight_2,SHORT,1100,ok,499.5615,499.56149999999997,492.8409933411855,166.48111066656807,24.30040607375521,True,False,True,late
2026_07_21_gym,flight_2,SHORT,1150,ok,499.5615,499.56149999999997,492.8409933411855,166.61738966746876,24.30040607375521,True,False,True,late
2026_07_21_gym,flight_2,SHORT,1200,ok,499.5615,499.56149999999997,492.8409933411855,166.55729766624668,24.30040607375521,True,False,True,late
2026_07_21_gym,flight_2,SHORT,1250,ok,499.5615,499.56149999999997,492.8409933411855,166.26381466692933,24.30040607375521,True,False,True,late
2026_07_21_gym,flight_20,SHORT,150,ok,150.0000,815.9505,662.0344073743249,118.76649966618668,705.1464490435728,True,True,False,wrong
2026_07_21_gym,flight_20,SHORT,200,ok,200.0000,815.9505,662.0344073743249,129.12301866772273,39.98733292808537,True,True,True,success
2026_07_21_gym,flight_20,SHORT,250,ok,250.0000,815.9505,662.0344073743249,137.85774066733816,91.72771372446412,True,True,True,success
2026_07_21_gym,flight_20,SHORT,300,ok,300.0000,815.9505,662.0344073743249,159.44818466591337,28.668746780908215,True,True,True,success
2026_07_21_gym,flight_20,SHORT,350,ok,350.0000,815.9505,662.0344073743249,155.4321476665015,12.55834172875358,True,True,True,success
2026_07_21_gym,flight_20,SHORT,400,ok,400.0000,815.9505,662.0344073743249,163.5530546667675,25.66081591774389,True,True,True,success
2026_07_21_gym,flight_20,SHORT,450,ok,450.0000,815.9505,662.0344073743249,174.0691496670867,42.73234919917539,True,True,True,success
2026_07_21_gym,flight_20,SHORT,490,ok,490.0000,815.9505,662.0344073743249,173.19314766551057,23.153183731185333,True,True,True,success
2026_07_21_gym,flight_20,SHORT,500,ok,500.0000,815.9505,662.0344073743249,180.33361166591445,30.384359498907074,True,True,True,success
2026_07_21_gym,flight_20,SHORT,550,ok,550.0000,815.9505,662.0344073743249,191.86481466765204,8.01722493990448,True,True,True,success
2026_07_21_gym,flight_20,SHORT,600,ok,600.0000,815.9505,662.0344073743249,193.43327666601786,23.50456880225539,True,False,True,late
2026_07_21_gym,flight_20,SHORT,650,ok,650.0000,815.9505,662.0344073743249,194.08587166542807,55.93120549307246,True,False,True,late
2026_07_21_gym,flight_20,SHORT,700,ok,700.0000,815.9505,662.0344073743249,212.67038966777423,24.056064212050924,True,False,True,late
2026_07_21_gym,flight_20,SHORT,750,ok,750.0000,815.9505,662.0344073743249,210.96037066696832,40.720919137306225,True,False,True,late
2026_07_21_gym,flight_20,SHORT,800,ok,800.0000,815.9505,662.0344073743249,211.6173526669542,22.93698264194407,True,False,True,late
2026_07_21_gym,flight_20,SHORT,850,ok,815.9505,815.9505,662.0344073743249,220.643035664844,9.272300300512027,True,False,True,late
2026_07_21_gym,flight_20,SHORT,900,ok,815.9505,815.9505,662.0344073743249,220.872258665661,9.272300300512027,True,False,True,late
2026_07_21_gym,flight_20,SHORT,950,ok,815.9505,815.9505,662.0344073743249,220.5408706643308,9.272300300512027,True,False,True,late
2026_07_21_gym,flight_20,SHORT,1000,ok,815.9505,815.9505,662.0344073743249,220.0298336657385,9.272300300512027,True,False,True,late
2026_07_21_gym,flight_20,SHORT,1050,ok,815.9505,815.9505,662.0344073743249,220.65086966442564,9.272300300512027,True,False,True,late
2026_07_21_gym,flight_20,SHORT,1100,ok,815.9505,815.9505,662.0344073743249,220.32596166587123,9.272300300512027,True,False,True,late
2026_07_21_gym,flight_20,SHORT,1150,ok,815.9505,815.9505,662.0344073743249,220.5327956645439,9.272300300512027,True,False,True,late
2026_07_21_gym,flight_20,SHORT,1200,ok,815.9505,815.9505,662.0344073743249,220.1926476644973,9.272300300512027,True,False,True,late
2026_07_21_gym,flight_20,SHORT,1250,ok,815.9505,815.9505,662.0344073743249,220.64957466597357,9.272300300512027,True,False,True,late
2026_07_21_gym,flight_21,LONG,150,fit_failed,150.0000,1382.1195,1123.3702293074211,,,False,,,no_response
2026_07_21_gym,flight_21,LONG,200,fit_failed,200.0000,1382.1195,1123.3702293074211,,,False,,,no_response
2026_07_21_gym,flight_21,LONG,250,ok,250.0000,1382.1195,1123.3702293074211,151.84162766734758,711.0242174598094,True,True,False,wrong
2026_07_21_gym,flight_21,LONG,300,ok,300.0000,1382.1195,1123.3702293074211,163.9583146671454,871.5441627217102,True,True,False,wrong
2026_07_21_gym,flight_21,LONG,350,ok,350.0000,1382.1195,1123.3702293074211,184.0872206656883,394.8578371311941,True,True,False,wrong
2026_07_21_gym,flight_21,LONG,400,ok,400.0000,1382.1195,1123.3702293074211,195.095037665839,221.90338090484647,True,True,False,wrong
2026_07_21_gym,flight_21,LONG,450,ok,450.0000,1382.1195,1123.3702293074211,203.9940726670126,195.1429824527624,True,True,True,success
2026_07_21_gym,flight_21,LONG,490,ok,490.0000,1382.1195,1123.3702293074211,216.31429766646275,265.3038439529726,True,True,False,wrong
2026_07_21_gym,flight_21,LONG,500,ok,500.0000,1382.1195,1123.3702293074211,220.65788866734752,238.69832776651924,True,True,False,wrong
2026_07_21_gym,flight_21,LONG,550,ok,550.0000,1382.1195,1123.3702293074211,225.29864866721132,163.30960328884805,True,True,True,success
2026_07_21_gym,flight_21,LONG,600,ok,600.0000,1382.1195,1123.3702293074211,232.7052396663154,67.28686210839632,True,True,True,success
2026_07_21_gym,flight_21,LONG,650,ok,650.0000,1382.1195,1123.3702293074211,238.20479566572854,112.18719133516339,True,True,True,success
2026_07_21_gym,flight_21,LONG,700,ok,700.0000,1382.1195,1123.3702293074211,253.94188866733262,64.16821682102709,True,True,True,success
2026_07_21_gym,flight_21,LONG,750,ok,750.0000,1382.1195,1123.3702293074211,259.8111666661377,58.26118166300856,True,True,True,success
2026_07_21_gym,flight_21,LONG,800,ok,800.0000,1382.1195,1123.3702293074211,258.657351669545,102.99599223271801,True,True,True,success
2026_07_21_gym,flight_21,LONG,850,ok,850.0000,1382.1195,1123.3702293074211,273.1762776669736,33.20710877563831,True,True,True,success
2026_07_21_gym,flight_21,LONG,900,ok,900.0000,1382.1195,1123.3702293074211,281.7540926678727,32.682627750938174,True,True,True,success
2026_07_21_gym,flight_21,LONG,950,ok,950.0000,1382.1195,1123.3702293074211,297.00177766537917,39.87375696528911,True,False,True,late
2026_07_21_gym,flight_21,LONG,1000,ok,1000.0000,1382.1195,1123.3702293074211,298.4892606685559,53.26806087429964,True,False,True,late
2026_07_21_gym,flight_21,LONG,1050,ok,1050.0000,1382.1195,1123.3702293074211,313.78799966784817,47.30753544396582,True,False,True,late
2026_07_21_gym,flight_21,LONG,1100,ok,1100.0000,1382.1195,1123.3702293074211,317.3670926659058,62.66533364495809,True,False,True,late
2026_07_21_gym,flight_21,LONG,1150,ok,1150.0000,1382.1195,1123.3702293074211,310.79107466774684,56.288361975866735,True,False,True,late
2026_07_21_gym,flight_21,LONG,1200,ok,1200.0000,1382.1195,1123.3702293074211,323.60864866587025,25.940647683782498,True,False,True,late
2026_07_21_gym,flight_21,LONG,1250,ok,1250.0000,1382.1195,1123.3702293074211,320.974907667997,41.90724699039489,True,False,True,late
2026_07_21_gym,flight_23,LONG,150,ok,150.0000,1298.8595,1062.831800679132,129.08133266555765,347.2600962887081,True,True,False,wrong
2026_07_21_gym,flight_23,LONG,200,ok,200.0000,1298.8595,1062.831800679132,138.46368666707227,263.0835777715711,True,True,False,wrong
2026_07_21_gym,flight_23,LONG,250,ok,250.0000,1298.8595,1062.831800679132,146.1008526670436,306.73049895719305,True,True,False,wrong
2026_07_21_gym,flight_23,LONG,300,ok,300.0000,1298.8595,1062.831800679132,156.36072266722718,246.3092134165916,True,True,False,wrong
2026_07_21_gym,flight_23,LONG,350,ok,350.0000,1298.8595,1062.831800679132,165.70983266520003,200.0637631622566,True,True,False,wrong
2026_07_21_gym,flight_23,LONG,400,ok,400.0000,1298.8595,1062.831800679132,179.03801766658822,171.63633523823833,True,True,True,success
2026_07_21_gym,flight_23,LONG,450,ok,450.0000,1298.8595,1062.831800679132,195.28374266593406,178.45633018386926,True,True,True,success
2026_07_21_gym,flight_23,LONG,490,ok,490.0000,1298.8595,1062.831800679132,202.11507466776916,131.0800323801986,True,True,True,success
2026_07_21_gym,flight_23,LONG,500,ok,500.0000,1298.8595,1062.831800679132,210.01525966605791,160.87670795223016,True,True,True,success
2026_07_21_gym,flight_23,LONG,550,ok,550.0000,1298.8595,1062.831800679132,234.93868466528752,113.98937131213899,True,True,True,success
2026_07_21_gym,flight_23,LONG,600,ok,600.0000,1298.8595,1062.831800679132,230.09996366656074,104.96199064520422,True,True,True,success
2026_07_21_gym,flight_23,LONG,650,ok,650.0000,1298.8595,1062.831800679132,238.51783166608462,95.3411782653265,True,True,True,success
2026_07_21_gym,flight_23,LONG,700,ok,700.0000,1298.8595,1062.831800679132,262.3198156661044,67.8116239672689,True,True,True,success
2026_07_21_gym,flight_23,LONG,750,ok,750.0000,1298.8595,1062.831800679132,265.77599966774386,50.978878840378044,True,True,True,success
2026_07_21_gym,flight_23,LONG,800,ok,800.0000,1298.8595,1062.831800679132,274.0915186672161,63.309165686169095,True,True,True,success
2026_07_21_gym,flight_23,LONG,850,ok,850.0000,1298.8595,1062.831800679132,278.88723966634524,51.900438822866334,True,True,True,success
2026_07_21_gym,flight_23,LONG,900,ok,900.0000,1298.8595,1062.831800679132,287.0514256671692,34.42426368753719,True,False,True,late
2026_07_21_gym,flight_23,LONG,950,ok,950.0000,1298.8595,1062.831800679132,297.77255566573393,34.59776762365517,True,False,True,late
2026_07_21_gym,flight_23,LONG,1000,ok,1000.0000,1298.8595,1062.831800679132,322.34109166699153,43.07006528496748,True,False,True,late
2026_07_21_gym,flight_23,LONG,1050,ok,1050.0000,1298.8595,1062.831800679132,313.8952956662203,38.131484075544286,True,False,True,late
2026_07_21_gym,flight_23,LONG,1100,ok,1100.0000,1298.8595,1062.831800679132,310.8243706660966,22.073554476161437,True,False,True,late
2026_07_21_gym,flight_23,LONG,1150,ok,1150.0000,1298.8595,1062.831800679132,317.9718136653925,19.670827452109847,True,False,True,late
2026_07_21_gym,flight_23,LONG,1200,ok,1200.0000,1298.8595,1062.831800679132,332.6185006654511,64.10927869065858,True,False,True,late
2026_07_21_gym,flight_23,LONG,1250,ok,1250.0000,1298.8595,1062.831800679132,322.9053156661491,10.670846578254029,True,False,True,late
2026_07_21_gym,flight_24,LONG,150,fit_failed,150.0000,1265.5555000000002,1156.7636803839623,,,False,,,no_response
2026_07_21_gym,flight_24,LONG,200,fit_failed,200.0000,1265.5555000000002,1156.7636803839623,,,False,,,no_response
2026_07_21_gym,flight_24,LONG,250,ok,250.0000,1265.5555000000002,1156.7636803839623,146.59822166680047,470.38744182115823,True,True,False,wrong
2026_07_21_gym,flight_24,LONG,300,ok,300.0000,1265.5555000000002,1156.7636803839623,158.9892046653355,272.34909638968315,True,True,False,wrong
2026_07_21_gym,flight_24,LONG,350,ok,350.0000,1265.5555000000002,1156.7636803839623,165.09364766596505,425.43520909360836,True,True,False,wrong
2026_07_21_gym,flight_24,LONG,400,ok,400.0000,1265.5555000000002,1156.7636803839623,169.10979566692063,266.5301362235442,True,True,False,wrong
2026_07_21_gym,flight_24,LONG,450,ok,450.0000,1265.5555000000002,1156.7636803839623,193.69887066601464,259.3541891131145,True,True,False,wrong
2026_07_21_gym,flight_24,LONG,490,ok,490.0000,1265.5555000000002,1156.7636803839623,210.2505366678039,203.87178466717552,True,True,False,wrong
2026_07_21_gym,flight_24,LONG,500,ok,500.0000,1265.5555000000002,1156.7636803839623,216.04753766736636,218.02758730559884,True,True,False,wrong
2026_07_21_gym,flight_24,LONG,550,ok,550.0000,1265.5555000000002,1156.7636803839623,232.71920366647342,143.47588696329674,True,True,True,success
2026_07_21_gym,flight_24,LONG,600,ok,600.0000,1265.5555000000002,1156.7636803839623,236.31151966626445,121.5506636491949,True,True,True,success
2026_07_21_gym,flight_24,LONG,650,ok,650.0000,1265.5555000000002,1156.7636803839623,238.32085066630194,97.95922185767775,True,True,True,success
2026_07_21_gym,flight_24,LONG,700,ok,700.0000,1265.5555000000002,1156.7636803839623,263.9038526664178,95.52720160681145,True,True,True,success
2026_07_21_gym,flight_24,LONG,750,ok,750.0000,1265.5555000000002,1156.7636803839623,269.30666666726273,88.62359649791529,True,True,True,success
2026_07_21_gym,flight_24,LONG,800,ok,800.0000,1265.5555000000002,1156.7636803839623,275.90894366769743,92.40798931725158,True,True,True,success
2026_07_21_gym,flight_24,LONG,850,ok,850.0000,1265.5555000000002,1156.7636803839623,282.26383366777253,97.93332831930321,True,True,True,success
2026_07_21_gym,flight_24,LONG,900,ok,900.0000,1265.5555000000002,1156.7636803839623,296.4975366673122,90.47547246112201,True,True,True,success
2026_07_21_gym,flight_24,LONG,950,ok,950.0000,1265.5555000000002,1156.7636803839623,348.04083366754156,56.112216000977014,True,False,True,late
2026_07_21_gym,flight_24,LONG,1000,ok,1000.0000,1265.5555000000002,1156.7636803839623,309.9651856670777,46.52219472816946,True,False,True,late
2026_07_21_gym,flight_24,LONG,1050,ok,1050.0000,1265.5555000000002,1156.7636803839623,314.6240926651905,47.76799994742608,True,False,True,late
2026_07_21_gym,flight_24,LONG,1100,ok,1100.0000,1265.5555000000002,1156.7636803839623,318.73646266448003,36.80941762277228,True,False,True,late
2026_07_21_gym,flight_24,LONG,1150,ok,1150.0000,1265.5555000000002,1156.7636803839623,328.86205466619384,26.31705979645878,True,False,True,late
2026_07_21_gym,flight_24,LONG,1200,ok,1200.0000,1265.5555000000002,1156.7636803839623,320.60496266620856,34.558555168698824,True,False,True,late
2026_07_21_gym,flight_24,LONG,1250,ok,1250.0000,1265.5555000000002,1156.7636803839623,321.3214266651,9.169724134651604,True,False,True,late
2026_07_21_gym,flight_25,LONG,150,fit_failed,150.0000,1332.1635,1050.203098096655,,,False,,,no_response
2026_07_21_gym,flight_25,LONG,200,ok,200.0000,1332.1635,1050.203098096655,147.50098166676858,208.176410357162,True,True,False,wrong
2026_07_21_gym,flight_25,LONG,250,fit_failed,250.0000,1332.1635,1050.203098096655,,,False,,,no_response
2026_07_21_gym,flight_25,LONG,300,ok,300.0000,1332.1635,1050.203098096655,155.46603766704598,343.1339393305739,True,True,False,wrong
2026_07_21_gym,flight_25,LONG,350,ok,350.0000,1332.1635,1050.203098096655,184.36116666688272,172.50382811649115,True,True,True,success
2026_07_21_gym,flight_25,LONG,400,ok,400.0000,1332.1635,1050.203098096655,198.4920936670775,167.22571489054806,True,True,True,success
2026_07_21_gym,flight_25,LONG,450,ok,450.0000,1332.1635,1050.203098096655,205.72301866548756,147.94306515015128,True,True,True,success
2026_07_21_gym,flight_25,LONG,490,ok,490.0000,1332.1635,1050.203098096655,208.20994466698417,102.80464376415041,True,True,True,success
2026_07_21_gym,flight_25,LONG,500,ok,500.0000,1332.1635,1050.203098096655,220.0185176661859,85.63224970165759,True,True,True,success
2026_07_21_gym,flight_25,LONG,550,ok,550.0000,1332.1635,1050.203098096655,221.0966656670595,134.8652891829743,True,True,True,success
2026_07_21_gym,flight_25,LONG,600,ok,600.0000,1332.1635,1050.203098096655,227.2021666659663,43.551728364696736,True,True,True,success
2026_07_21_gym,flight_25,LONG,650,ok,650.0000,1332.1635,1050.203098096655,244.594313668708,56.676279103777986,True,True,True,success
2026_07_21_gym,flight_25,LONG,700,ok,700.0000,1332.1635,1050.203098096655,247.1489256673182,107.71411471718483,True,True,True,success
2026_07_21_gym,flight_25,LONG,750,ok,750.0000,1332.1635,1050.203098096655,257.16627666602534,50.32319088316451,True,True,True,success
2026_07_21_gym,flight_25,LONG,800,ok,800.0000,1332.1635,1050.203098096655,265.47655566657585,24.341763484670917,True,True,True,success
2026_07_21_gym,flight_25,LONG,850,ok,850.0000,1332.1635,1050.203098096655,272.0900186679016,11.946576211082837,True,True,True,success
2026_07_21_gym,flight_25,LONG,900,ok,900.0000,1332.1635,1050.203098096655,282.7501846669863,21.056727143832926,True,False,True,late
2026_07_21_gym,flight_25,LONG,950,ok,950.0000,1332.1635,1050.203098096655,287.0189456675823,19.416955836074724,True,False,True,late
2026_07_21_gym,flight_25,LONG,1000,ok,1000.0000,1332.1635,1050.203098096655,297.8956116686265,48.092049218503185,True,False,True,late
2026_07_21_gym,flight_25,LONG,1050,ok,1050.0000,1332.1635,1050.203098096655,297.23638866624486,34.85803195388139,True,False,True,late
2026_07_21_gym,flight_25,LONG,1100,ok,1100.0000,1332.1635,1050.203098096655,303.15407366647077,8.863077725309846,True,False,True,late
2026_07_21_gym,flight_25,LONG,1150,ok,1150.0000,1332.1635,1050.203098096655,303.73940666454536,7.642061519806454,True,False,True,late
2026_07_21_gym,flight_25,LONG,1200,ok,1200.0000,1332.1635,1050.203098096655,322.0492036674793,38.598646025502966,True,False,True,late
2026_07_21_gym,flight_25,LONG,1250,ok,1250.0000,1332.1635,1050.203098096655,324.56066666698706,24.680253864410506,True,False,True,late
2026_07_21_gym,flight_29,LONG,150,fit_failed,150.0000,1398.7725,1283.570320133403,,,False,,,no_response
2026_07_21_gym,flight_29,LONG,200,ok,200.0000,1398.7725,1283.570320133403,143.89862866575518,1325.6003642237802,True,True,False,wrong
2026_07_21_gym,flight_29,LONG,250,ok,250.0000,1398.7725,1283.570320133403,146.58022266595313,618.1288560285404,True,True,False,wrong
2026_07_21_gym,flight_29,LONG,300,ok,300.0000,1398.7725,1283.570320133403,155.8947966682414,186.88308500182256,True,True,True,success
2026_07_21_gym,flight_29,LONG,350,ok,350.0000,1398.7725,1283.570320133403,169.8979636679093,565.2426563071444,True,True,False,wrong
2026_07_21_gym,flight_29,LONG,400,ok,400.0000,1398.7725,1283.570320133403,175.55668466879675,275.6311518327384,True,True,False,wrong
2026_07_21_gym,flight_29,LONG,450,ok,450.0000,1398.7725,1283.570320133403,193.56661166778454,199.50281366560722,True,True,True,success
2026_07_21_gym,flight_29,LONG,490,ok,490.0000,1398.7725,1283.570320133403,198.00437066579858,174.1244383978639,True,True,True,success
2026_07_21_gym,flight_29,LONG,500,ok,500.0000,1398.7725,1283.570320133403,202.23049966773638,171.84896572592095,True,True,True,success
2026_07_21_gym,flight_29,LONG,550,ok,550.0000,1398.7725,1283.570320133403,210.5839076663057,199.15491405171838,True,True,True,success
2026_07_21_gym,flight_29,LONG,600,ok,600.0000,1398.7725,1283.570320133403,227.8095366662989,165.65872413091228,True,True,True,success
2026_07_21_gym,flight_29,LONG,650,ok,650.0000,1398.7725,1283.570320133403,228.01318466539183,144.52438632473095,True,True,True,success
2026_07_21_gym,flight_29,LONG,700,ok,700.0000,1398.7725,1283.570320133403,233.85155466819802,105.70885542260946,True,True,True,success
2026_07_21_gym,flight_29,LONG,750,ok,750.0000,1398.7725,1283.570320133403,244.3835176664094,55.667420095474256,True,True,True,success
2026_07_21_gym,flight_29,LONG,800,ok,800.0000,1398.7725,1283.570320133403,255.16288766699532,88.33301120247224,True,True,True,success
2026_07_21_gym,flight_29,LONG,850,ok,850.0000,1398.7725,1283.570320133403,265.038166666093,60.18170752587885,True,True,True,success
2026_07_21_gym,flight_29,LONG,900,ok,900.0000,1398.7725,1283.570320133403,276.7067976674686,52.57082108233855,True,True,True,success
2026_07_21_gym,flight_29,LONG,950,ok,950.0000,1398.7725,1283.570320133403,290.7335006684686,51.158246680382646,True,True,True,success
2026_07_21_gym,flight_29,LONG,1000,ok,1000.0000,1398.7725,1283.570320133403,295.0041676691423,33.47520925397948,True,True,True,success
2026_07_21_gym,flight_29,LONG,1050,ok,1050.0000,1398.7725,1283.570320133403,305.32146266816807,37.57611145866983,True,True,True,success
2026_07_21_gym,flight_29,LONG,1100,ok,1100.0000,1398.7725,1283.570320133403,312.3935736666123,26.49454609119935,True,False,True,late
2026_07_21_gym,flight_29,LONG,1150,ok,1150.0000,1398.7725,1283.570320133403,320.4683686659361,22.887550895488282,True,False,True,late
2026_07_21_gym,flight_29,LONG,1200,ok,1200.0000,1398.7725,1283.570320133403,321.5712766653548,28.811360709770174,True,False,True,late
2026_07_21_gym,flight_29,LONG,1250,ok,1250.0000,1398.7725,1283.570320133403,328.1515196670468,36.00856168682856,True,False,True,late
2026_07_21_gym,flight_3,SHORT,150,ok,150.0000,666.082,516.6109301759296,116.84690666540216,202.98611378245894,True,True,False,wrong
2026_07_21_gym,flight_3,SHORT,200,ok,200.0000,666.082,516.6109301759296,130.48873966714987,135.11540202908654,True,True,True,success
2026_07_21_gym,flight_3,SHORT,250,ok,250.0000,666.082,516.6109301759296,139.09292566652098,107.29918554602332,True,True,True,success
2026_07_21_gym,flight_3,SHORT,300,ok,300.0000,666.082,516.6109301759296,142.22531566644707,70.57072664324247,True,True,True,success
2026_07_21_gym,flight_3,SHORT,350,ok,350.0000,666.082,516.6109301759296,155.72842466800162,55.99372194428915,True,True,True,success
2026_07_21_gym,flight_3,SHORT,400,ok,400.0000,666.082,516.6109301759296,167.83390666699657,46.99689961370585,True,True,True,success
2026_07_21_gym,flight_3,SHORT,450,ok,450.0000,666.082,516.6109301759296,174.84249966653684,65.7739424639432,True,False,True,late
2026_07_21_gym,flight_3,SHORT,490,ok,490.0000,666.082,516.6109301759296,175.10579666743675,82.82800108580972,True,False,True,late
2026_07_21_gym,flight_3,SHORT,500,ok,500.0000,666.082,516.6109301759296,215.63713066714504,63.5992031519192,True,False,True,late
2026_07_21_gym,flight_3,SHORT,550,ok,550.0000,666.082,516.6109301759296,239.651777666683,66.89286392201235,True,False,True,late
2026_07_21_gym,flight_3,SHORT,600,ok,600.0000,666.082,516.6109301759296,227.53016666571298,116.6103258184108,True,False,True,late
2026_07_21_gym,flight_3,SHORT,650,ok,650.0000,666.082,516.6109301759296,200.95001766799638,43.825729038277196,True,False,True,late
2026_07_21_gym,flight_3,SHORT,700,ok,666.0820,666.082,516.6109301759296,239.40007366767773,20.349454189574157,True,False,True,late
2026_07_21_gym,flight_3,SHORT,750,ok,666.0820,666.082,516.6109301759296,244.68742666828135,20.349454189574157,True,False,True,late
2026_07_21_gym,flight_3,SHORT,800,ok,666.0820,666.082,516.6109301759296,254.81573966673264,20.349454189574157,True,False,True,late
2026_07_21_gym,flight_3,SHORT,850,ok,666.0820,666.082,516.6109301759296,238.43151866520444,20.349454189574157,True,False,True,late
2026_07_21_gym,flight_3,SHORT,900,ok,666.0820,666.082,516.6109301759296,239.52322066637376,20.349454189574157,True,False,True,late
2026_07_21_gym,flight_3,SHORT,950,ok,666.0820,666.082,516.6109301759296,239.52157366710404,20.349454189574157,True,False,True,late
2026_07_21_gym,flight_3,SHORT,1000,ok,666.0820,666.082,516.6109301759296,239.50781366663674,20.349454189574157,True,False,True,late
2026_07_21_gym,flight_3,SHORT,1050,ok,666.0820,666.082,516.6109301759296,239.4410536677266,20.349454189574157,True,False,True,late
2026_07_21_gym,flight_3,SHORT,1100,ok,666.0820,666.082,516.6109301759296,254.55835066611567,20.349454189574157,True,False,True,late
2026_07_21_gym,flight_3,SHORT,1150,ok,666.0820,666.082,516.6109301759296,239.59655566575626,20.349454189574157,True,False,True,late
2026_07_21_gym,flight_3,SHORT,1200,ok,666.0820,666.082,516.6109301759296,239.48285166795054,20.349454189574157,True,False,True,late
2026_07_21_gym,flight_3,SHORT,1250,ok,666.0820,666.082,516.6109301759296,239.35601766655842,20.349454189574157,True,False,True,late
2026_07_21_gym,flight_35,LONG,150,fit_failed,150.0000,1465.3795,1185.8623571814417,,,False,,,no_response
2026_07_21_gym,flight_35,LONG,200,ok,200.0000,1465.3795,1185.8623571814417,143.76857466592142,1763.920410307775,True,True,False,wrong
2026_07_21_gym,flight_35,LONG,250,ok,250.0000,1465.3795,1185.8623571814417,152.02566766521582,1234.4261282174932,True,True,False,wrong
2026_07_21_gym,flight_35,LONG,300,ok,300.0000,1465.3795,1185.8623571814417,168.32088966636607,817.6111434328401,True,True,False,wrong
2026_07_21_gym,flight_35,LONG,350,ok,350.0000,1465.3795,1185.8623571814417,177.8133526664848,554.3807851303753,True,True,False,wrong
2026_07_21_gym,flight_35,LONG,400,ok,400.0000,1465.3795,1185.8623571814417,183.6976486655573,213.47863452009207,True,True,False,wrong
2026_07_21_gym,flight_35,LONG,450,ok,450.0000,1465.3795,1185.8623571814417,196.03400066836426,299.8670542630907,True,True,False,wrong
2026_07_21_gym,flight_35,LONG,490,ok,490.0000,1465.3795,1185.8623571814417,199.32311066488424,284.7528707320821,True,True,False,wrong
2026_07_21_gym,flight_35,LONG,500,ok,500.0000,1465.3795,1185.8623571814417,201.223240665781,191.941737814428,True,True,True,success
2026_07_21_gym,flight_35,LONG,550,ok,550.0000,1465.3795,1185.8623571814417,214.25051766789207,265.3149212388429,True,True,False,wrong
2026_07_21_gym,flight_35,LONG,600,ok,600.0000,1465.3795,1185.8623571814417,221.74255366592357,256.426188191634,True,True,False,wrong
2026_07_21_gym,flight_35,LONG,650,ok,650.0000,1465.3795,1185.8623571814417,233.97848166401187,178.00652652603958,True,True,True,success
2026_07_21_gym,flight_35,LONG,700,ok,700.0000,1465.3795,1185.8623571814417,228.80183266631016,137.100447696959,True,True,True,success
2026_07_21_gym,flight_35,LONG,750,ok,750.0000,1465.3795,1185.8623571814417,245.27883366743723,55.106841137794405,True,True,True,success
2026_07_21_gym,flight_35,LONG,800,ok,800.0000,1465.3795,1185.8623571814417,245.9375176678101,104.20115592663278,True,True,True,success
2026_07_21_gym,flight_35,LONG,850,ok,850.0000,1465.3795,1185.8623571814417,255.99605566697815,70.68987429705649,True,True,True,success
2026_07_21_gym,flight_35,LONG,900,ok,900.0000,1465.3795,1185.8623571814417,255.55414666763195,70.68987429705649,True,True,True,success
2026_07_21_gym,flight_35,LONG,950,ok,950.0000,1465.3795,1185.8623571814417,272.2476466658215,73.1903996612398,True,True,True,success
2026_07_21_gym,flight_35,LONG,1000,ok,1000.0000,1465.3795,1185.8623571814417,326.9313706678028,54.33547489795357,True,False,True,late
2026_07_21_gym,flight_35,LONG,1050,ok,1050.0000,1465.3795,1185.8623571814417,284.7814256666849,60.33613659935341,True,False,True,late
2026_07_21_gym,flight_35,LONG,1100,ok,1100.0000,1465.3795,1185.8623571814417,294.1748886664088,69.11647097006937,True,False,True,late
2026_07_21_gym,flight_35,LONG,1150,ok,1150.0000,1465.3795,1185.8623571814417,306.7898336664463,31.11128896176285,True,False,True,late
2026_07_21_gym,flight_35,LONG,1200,ok,1200.0000,1465.3795,1185.8623571814417,306.30050066641223,26.90235161260956,True,False,True,late
2026_07_21_gym,flight_35,LONG,1250,ok,1250.0000,1465.3795,1185.8623571814417,310.7866836652781,34.168471762992496,True,False,True,late
2026_07_21_gym,flight_36,LONG,150,ok,150.0000,1348.8165000000001,1257.7537168207348,133.005555667604,1408.441731329876,True,True,False,wrong
2026_07_21_gym,flight_36,LONG,200,ok,200.0000,1348.8165000000001,1257.7537168207348,143.28996366697052,1246.1558270482951,True,True,False,wrong
2026_07_21_gym,flight_36,LONG,250,ok,250.0000,1348.8165000000001,1257.7537168207348,146.84264866790423,332.2334640457461,True,True,False,wrong
2026_07_21_gym,flight_36,LONG,300,ok,300.0000,1348.8165000000001,1257.7537168207348,162.1695926679919,500.59044637153687,True,True,False,wrong
2026_07_21_gym,flight_36,LONG,350,ok,350.0000,1348.8165000000001,1257.7537168207348,172.90492566830167,401.83059176173174,True,True,False,wrong
2026_07_21_gym,flight_36,LONG,400,ok,400.0000,1348.8165000000001,1257.7537168207348,178.84766766584167,247.7642332810894,True,True,False,wrong
2026_07_21_gym,flight_36,LONG,450,ok,450.0000,1348.8165000000001,1257.7537168207348,192.76990666581938,253.05787441548398,True,True,False,wrong
2026_07_21_gym,flight_36,LONG,490,ok,490.0000,1348.8165000000001,1257.7537168207348,200.22188766828427,240.13837497748844,True,True,False,wrong
2026_07_21_gym,flight_36,LONG,500,ok,500.0000,1348.8165000000001,1257.7537168207348,201.91222266728678,236.67967305519514,True,True,False,wrong
2026_07_21_gym,flight_36,LONG,550,ok,550.0000,1348.8165000000001,1257.7537168207348,218.5694266675661,226.94952548975579,True,True,False,wrong
2026_07_21_gym,flight_36,LONG,600,ok,600.0000,1348.8165000000001,1257.7537168207348,226.43203666588911,154.89824257862745,True,True,True,success
2026_07_21_gym,flight_36,LONG,650,ok,650.0000,1348.8165000000001,1257.7537168207348,216.09599966711053,138.05983708185974,True,True,True,success
2026_07_21_gym,flight_36,LONG,700,ok,700.0000,1348.8165000000001,1257.7537168207348,236.93524066607156,151.6332305468962,True,True,True,success
2026_07_21_gym,flight_36,LONG,750,ok,750.0000,1348.8165000000001,1257.7537168207348,248.06186966753253,134.09185669077647,True,True,True,success
2026_07_21_gym,flight_36,LONG,800,ok,800.0000,1348.8165000000001,1257.7537168207348,249.2727226667727,103.65043340970773,True,True,True,success
2026_07_21_gym,flight_36,LONG,850,ok,850.0000,1348.8165000000001,1257.7537168207348,261.6858516667659,42.105899234783806,True,True,True,success
2026_07_21_gym,flight_36,LONG,900,ok,900.0000,1348.8165000000001,1257.7537168207348,268.3002036648492,21.566372104529197,True,True,True,success
2026_07_21_gym,flight_36,LONG,950,ok,950.0000,1348.8165000000001,1257.7537168207348,280.58046366615844,33.47173678838034,True,True,True,success
2026_07_21_gym,flight_36,LONG,1000,ok,1000.0000,1348.8165000000001,1257.7537168207348,288.2397406684856,14.299771489980213,True,True,True,success
2026_07_21_gym,flight_36,LONG,1050,ok,1050.0000,1348.8165000000001,1257.7537168207348,294.47560966635746,6.96762509091434,True,False,True,late
2026_07_21_gym,flight_36,LONG,1100,ok,1100.0000,1348.8165000000001,1257.7537168207348,305.0009636661659,8.825693677940286,True,False,True,late
2026_07_21_gym,flight_36,LONG,1150,ok,1150.0000,1348.8165000000001,1257.7537168207348,309.18311166732263,42.219352690880356,True,False,True,late
2026_07_21_gym,flight_36,LONG,1200,ok,1200.0000,1348.8165000000001,1257.7537168207348,306.8599056672926,6.407792332775849,True,False,True,late
2026_07_21_gym,flight_36,LONG,1250,ok,1250.0000,1348.8165000000001,1257.7537168207348,324.29098166680586,8.799833228094693,True,False,True,late
2026_07_21_gym,flight_39,LONG,150,fit_failed,150.0000,1382.1209999999999,1238.2345253944416,,,False,,,no_response
2026_07_21_gym,flight_39,LONG,200,ok,200.0000,1382.1209999999999,1238.2345253944416,143.69472366726646,265.0344109246749,True,True,False,wrong
2026_07_21_gym,flight_39,LONG,250,ok,250.0000,1382.1209999999999,1238.2345253944416,149.5772786658878,649.826408600381,True,True,False,wrong
2026_07_21_gym,flight_39,LONG,300,ok,300.0000,1382.1209999999999,1238.2345253944416,171.75927766660848,645.4776001619434,True,True,False,wrong
2026_07_21_gym,flight_39,LONG,350,ok,350.0000,1382.1209999999999,1238.2345253944416,172.53137066743025,126.51788828604194,True,True,True,success
2026_07_21_gym,flight_39,LONG,400,ok,400.0000,1382.1209999999999,1238.2345253944416,178.3157966636742,125.27522540707128,True,True,True,success
2026_07_21_gym,flight_39,LONG,450,ok,450.0000,1382.1209999999999,1238.2345253944416,194.20522366619358,133.46457157307947,True,True,True,success
2026_07_21_gym,flight_39,LONG,490,ok,490.0000,1382.1209999999999,1238.2345253944416,201.94225866595903,299.68781277882664,True,True,False,wrong
2026_07_21_gym,flight_39,LONG,500,ok,500.0000,1382.1209999999999,1238.2345253944416,201.68322066559145,236.4672443454252,True,True,False,wrong
2026_07_21_gym,flight_39,LONG,550,ok,550.0000,1382.1209999999999,1238.2345253944416,209.92742566640177,138.34428319764237,True,True,True,success
2026_07_21_gym,flight_39,LONG,600,ok,600.0000,1382.1209999999999,1238.2345253944416,224.63555566656092,93.75285851757937,True,True,True,success
2026_07_21_gym,flight_39,LONG,650,ok,650.0000,1382.1209999999999,1238.2345253944416,229.15331466930607,18.733700575613412,True,True,True,success
2026_07_21_gym,flight_39,LONG,700,ok,700.0000,1382.1209999999999,1238.2345253944416,234.72185266638795,42.609125007241765,True,True,True,success
2026_07_21_gym,flight_39,LONG,750,ok,750.0000,1382.1209999999999,1238.2345253944416,244.31255566577116,17.54329568491422,True,True,True,success
2026_07_21_gym,flight_39,LONG,800,ok,800.0000,1382.1209999999999,1238.2345253944416,254.31227766691396,25.204316342330007,True,True,True,success
2026_07_21_gym,flight_39,LONG,850,ok,850.0000,1382.1209999999999,1238.2345253944416,260.5346666664506,32.07898175053215,True,True,True,success
2026_07_21_gym,flight_39,LONG,900,ok,900.0000,1382.1209999999999,1238.2345253944416,275.0475736667092,28.45377904894214,True,True,True,success
2026_07_21_gym,flight_39,LONG,950,ok,950.0000,1382.1209999999999,1238.2345253944416,278.2203696665044,14.598515809409982,True,True,True,success
2026_07_21_gym,flight_39,LONG,1000,ok,1000.0000,1382.1209999999999,1238.2345253944416,290.3223716688032,52.36641863968049,True,True,True,success
2026_07_21_gym,flight_39,LONG,1050,ok,1050.0000,1382.1209999999999,1238.2345253944416,299.68674166748923,37.57743460091476,True,False,True,late
2026_07_21_gym,flight_39,LONG,1100,ok,1100.0000,1382.1209999999999,1238.2345253944416,301.47744366588694,24.331044725437135,True,False,True,late
2026_07_21_gym,flight_39,LONG,1150,ok,1150.0000,1382.1209999999999,1238.2345253944416,311.5693326663847,71.0328280541172,True,False,True,late
2026_07_21_gym,flight_39,LONG,1200,ok,1200.0000,1382.1209999999999,1238.2345253944416,318.68146366688114,34.35048696573446,True,False,True,late
2026_07_21_gym,flight_39,LONG,1250,ok,1250.0000,1382.1209999999999,1238.2345253944416,312.1451476660247,67.8494283516193,True,False,True,late
2026_07_21_gym,flight_40,LONG,150,fit_failed,150.0000,1248.9035,1101.3130091345947,,,False,,,no_response
2026_07_21_gym,flight_40,LONG,200,fit_failed,200.0000,1248.9035,1101.3130091345947,,,False,,,no_response
2026_07_21_gym,flight_40,LONG,250,ok,250.0000,1248.9035,1101.3130091345947,151.66303666556874,367.50448716289804,True,True,False,wrong
2026_07_21_gym,flight_40,LONG,300,ok,300.0000,1248.9035,1101.3130091345947,158.4168546690295,281.753293222094,True,True,False,wrong
2026_07_21_gym,flight_40,LONG,350,ok,350.0000,1248.9035,1101.3130091345947,167.88083366739252,235.40708027963404,True,True,False,wrong
2026_07_21_gym,flight_40,LONG,400,ok,400.0000,1248.9035,1101.3130091345947,186.81994466731945,165.48922439594156,True,True,True,success
2026_07_21_gym,flight_40,LONG,450,ok,450.0000,1248.9035,1101.3130091345947,203.41966566598663,175.30925027277462,True,True,True,success
2026_07_21_gym,flight_40,LONG,490,ok,490.0000,1248.9035,1101.3130091345947,204.11929666499296,156.31315769249494,True,True,True,success
2026_07_21_gym,flight_40,LONG,500,ok,500.0000,1248.9035,1101.3130091345947,213.91968466589847,327.40552711486436,True,True,False,wrong
2026_07_21_gym,flight_40,LONG,550,ok,550.0000,1248.9035,1101.3130091345947,226.46966666697213,125.38208603521379,True,True,True,success
2026_07_21_gym,flight_40,LONG,600,ok,600.0000,1248.9035,1101.3130091345947,226.37903566627452,108.53634924496285,True,True,True,success
2026_07_21_gym,flight_40,LONG,650,ok,650.0000,1248.9035,1101.3130091345947,244.61457466675589,134.0226142433624,True,True,True,success
2026_07_21_gym,flight_40,LONG,700,ok,700.0000,1248.9035,1101.3130091345947,259.31627766850096,111.31391139010829,True,True,True,success
2026_07_21_gym,flight_40,LONG,750,ok,750.0000,1248.9035,1101.3130091345947,264.0829996696363,89.68124836463308,True,True,True,success
2026_07_21_gym,flight_40,LONG,800,ok,800.0000,1248.9035,1101.3130091345947,267.2892766684915,51.5190904272097,True,True,True,success
2026_07_21_gym,flight_40,LONG,850,ok,850.0000,1248.9035,1101.3130091345947,293.9209996672968,78.43965993543127,True,True,True,success
2026_07_21_gym,flight_40,LONG,900,ok,900.0000,1248.9035,1101.3130091345947,292.950720665666,60.253381135996484,True,False,True,late
2026_07_21_gym,flight_40,LONG,950,ok,950.0000,1248.9035,1101.3130091345947,297.977406667235,66.1515607111641,True,False,True,late
2026_07_21_gym,flight_40,LONG,1000,ok,1000.0000,1248.9035,1101.3130091345947,308.21666766672087,36.28759786193728,True,False,True,late
2026_07_21_gym,flight_40,LONG,1050,ok,1050.0000,1248.9035,1101.3130091345947,315.13964866722625,23.968110458737282,True,False,True,late
2026_07_21_gym,flight_40,LONG,1100,ok,1100.0000,1248.9035,1101.3130091345947,315.72696266664815,14.173188752225034,True,False,True,late
2026_07_21_gym,flight_40,LONG,1150,ok,1150.0000,1248.9035,1101.3130091345947,318.52188966485363,15.061877434958841,True,False,True,late
2026_07_21_gym,flight_40,LONG,1200,ok,1200.0000,1248.9035,1101.3130091345947,318.05474066796404,2.417346309270737,True,False,True,late
2026_07_21_gym,flight_40,LONG,1250,ok,1248.9035,1248.9035,1101.3130091345947,324.09638766820234,29.068232810473344,True,False,True,late
2026_07_21_gym,flight_43,LONG,150,ok,150.0000,1432.0765,1356.4455763990798,139.7044816656659,2039.810214876664,True,True,False,wrong
2026_07_21_gym,flight_43,LONG,200,ok,200.0000,1432.0765,1356.4455763990798,151.00046266584346,639.3383960249986,True,True,False,wrong
2026_07_21_gym,flight_43,LONG,250,ok,250.0000,1432.0765,1356.4455763990798,154.9357236676539,461.6158353720713,True,True,False,wrong
2026_07_21_gym,flight_43,LONG,300,ok,300.0000,1432.0765,1356.4455763990798,169.96566566700736,670.1344295061333,True,True,False,wrong
2026_07_21_gym,flight_43,LONG,350,ok,350.0000,1432.0765,1356.4455763990798,178.196258667546,662.2500619549508,True,True,False,wrong
2026_07_21_gym,flight_43,LONG,400,ok,400.0000,1432.0765,1356.4455763990798,180.63346166505167,348.20046559478646,True,True,False,wrong
2026_07_21_gym,flight_43,LONG,450,ok,450.0000,1432.0765,1356.4455763990798,191.29709266747037,143.98968911536335,True,True,True,success
2026_07_21_gym,flight_43,LONG,490,ok,490.0000,1432.0765,1356.4455763990798,197.51540766718486,111.20992962883449,True,True,True,success
2026_07_21_gym,flight_43,LONG,500,ok,500.0000,1432.0765,1356.4455763990798,199.6580736671264,131.57802026250724,True,True,True,success
2026_07_21_gym,flight_43,LONG,550,ok,550.0000,1432.0765,1356.4455763990798,209.93905666532615,140.66486207239376,True,True,True,success
2026_07_21_gym,flight_43,LONG,600,ok,600.0000,1432.0765,1356.4455763990798,222.06390666651228,143.49462850546792,True,True,True,success
2026_07_21_gym,flight_43,LONG,650,ok,650.0000,1432.0765,1356.4455763990798,231.25355666565397,113.57160157769935,True,True,True,success
2026_07_21_gym,flight_43,LONG,700,ok,700.0000,1432.0765,1356.4455763990798,284.207944668519,45.776527437505806,True,True,True,success
2026_07_21_gym,flight_43,LONG,750,ok,750.0000,1432.0765,1356.4455763990798,233.2511476666356,52.95111137591094,True,True,True,success
2026_07_21_gym,flight_43,LONG,800,ok,800.0000,1432.0765,1356.4455763990798,243.70740766699114,71.44946247642412,True,True,True,success
2026_07_21_gym,flight_43,LONG,850,ok,850.0000,1432.0765,1356.4455763990798,255.50403766768673,87.81102001720387,True,True,True,success
2026_07_21_gym,flight_43,LONG,900,ok,900.0000,1432.0765,1356.4455763990798,262.500740665632,65.12482096795006,True,True,True,success
2026_07_21_gym,flight_43,LONG,950,ok,950.0000,1432.0765,1356.4455763990798,272.2635186665381,77.54366191401286,True,True,True,success
2026_07_21_gym,flight_43,LONG,1000,ok,1000.0000,1432.0765,1356.4455763990798,276.9070566647376,65.45815026815194,True,True,True,success
2026_07_21_gym,flight_43,LONG,1050,ok,1050.0000,1432.0765,1356.4455763990798,287.3454266690339,31.045000320101824,True,True,True,success
2026_07_21_gym,flight_43,LONG,1100,ok,1100.0000,1432.0765,1356.4455763990798,293.6758516688521,52.287109244883816,True,True,True,success
2026_07_21_gym,flight_43,LONG,1150,ok,1150.0000,1432.0765,1356.4455763990798,296.61547966549796,98.02964243790491,True,False,True,late
2026_07_21_gym,flight_43,LONG,1200,ok,1200.0000,1432.0765,1356.4455763990798,304.2818516676004,38.02651694905863,True,False,True,late
2026_07_21_gym,flight_43,LONG,1250,ok,1250.0000,1432.0765,1356.4455763990798,302.9867966665576,34.310766658904676,True,False,True,late
2026_07_21_gym,flight_45,LONG,150,fit_failed,150.0000,1298.859,1243.1254193314476,,,False,,,no_response
2026_07_21_gym,flight_45,LONG,200,fit_failed,200.0000,1298.859,1243.1254193314476,,,False,,,no_response
2026_07_21_gym,flight_45,LONG,250,fit_failed,250.0000,1298.859,1243.1254193314476,,,False,,,no_response
2026_07_21_gym,flight_45,LONG,300,fit_failed,300.0000,1298.859,1243.1254193314476,,,False,,,no_response
2026_07_21_gym,flight_45,LONG,350,ok,350.0000,1298.859,1243.1254193314476,180.9696666660408,65.81132548523655,True,True,True,success
2026_07_21_gym,flight_45,LONG,400,ok,400.0000,1298.859,1243.1254193314476,184.57087166669467,423.8313012584812,True,True,False,wrong
2026_07_21_gym,flight_45,LONG,450,ok,450.0000,1298.859,1243.1254193314476,201.7290376673142,348.71474118448884,True,True,False,wrong
2026_07_21_gym,flight_45,LONG,490,ok,490.0000,1298.859,1243.1254193314476,197.73599966677526,211.97749472094088,True,True,False,wrong
2026_07_21_gym,flight_45,LONG,500,ok,500.0000,1298.859,1243.1254193314476,198.63253666708866,95.56997251915331,True,True,True,success
2026_07_21_gym,flight_45,LONG,550,ok,550.0000,1298.859,1243.1254193314476,212.09475966605046,191.90650449158196,True,True,True,success
2026_07_21_gym,flight_45,LONG,600,ok,600.0000,1298.859,1243.1254193314476,220.85838966599354,120.3812954046842,True,True,True,success
2026_07_21_gym,flight_45,LONG,650,ok,650.0000,1298.859,1243.1254193314476,211.48637066750476,77.33092677496491,True,True,True,success
2026_07_21_gym,flight_45,LONG,700,ok,700.0000,1298.859,1243.1254193314476,231.3310746649901,89.96095040846907,True,True,True,success
2026_07_21_gym,flight_45,LONG,750,ok,750.0000,1298.859,1243.1254193314476,243.96318466650942,72.58866830469367,True,True,True,success
2026_07_21_gym,flight_45,LONG,800,ok,800.0000,1298.859,1243.1254193314476,247.39544366548458,72.03018649020534,True,True,True,success
2026_07_21_gym,flight_45,LONG,850,ok,850.0000,1298.859,1243.1254193314476,258.3153326675917,61.31390231724453,True,True,True,success
2026_07_21_gym,flight_45,LONG,900,ok,900.0000,1298.859,1243.1254193314476,262.0334446669246,86.363950685202,True,True,True,success
2026_07_21_gym,flight_45,LONG,950,ok,950.0000,1298.859,1243.1254193314476,276.04557366545004,10.01828201331888,True,True,True,success
2026_07_21_gym,flight_45,LONG,1000,ok,1000.0000,1298.859,1243.1254193314476,278.4638336679588,49.94768633902808,True,True,True,success
2026_07_21_gym,flight_45,LONG,1050,ok,1050.0000,1298.859,1243.1254193314476,290.8750566697369,5.683517421449704,True,False,True,late
2026_07_21_gym,flight_45,LONG,1100,ok,1100.0000,1298.859,1243.1254193314476,287.4293896655242,17.950829342090895,True,False,True,late
2026_07_21_gym,flight_45,LONG,1150,ok,1150.0000,1298.859,1243.1254193314476,296.98955466753495,10.285088724536825,True,False,True,late
2026_07_21_gym,flight_45,LONG,1200,ok,1200.0000,1298.859,1243.1254193314476,307.8131286685045,29.707988667826452,True,False,True,late
2026_07_21_gym,flight_45,LONG,1250,ok,1250.0000,1298.859,1243.1254193314476,291.4954256654407,64.33090688948751,True,False,True,late
2026_07_21_gym,flight_47,LONG,150,fit_failed,150.0000,1498.6845,1354.3796932060986,,,False,,,no_response
2026_07_21_gym,flight_47,LONG,200,ok,200.0000,1498.6845,1354.3796932060986,172.67866766514877,493.63693103244003,True,True,False,wrong
2026_07_21_gym,flight_47,LONG,250,ok,250.0000,1498.6845,1354.3796932060986,178.06009166749814,789.2501482447939,True,True,False,wrong
2026_07_21_gym,flight_47,LONG,300,ok,300.0000,1498.6845,1354.3796932060986,182.44101866489896,806.8222237792735,True,True,False,wrong
2026_07_21_gym,flight_47,LONG,350,ok,350.0000,1498.6845,1354.3796932060986,209.41888866728792,188.79430658406102,True,True,True,success
2026_07_21_gym,flight_47,LONG,400,ok,400.0000,1498.6845,1354.3796932060986,195.23353666781136,188.10015685559165,True,True,True,success
2026_07_21_gym,flight_47,LONG,450,ok,450.0000,1498.6845,1354.3796932060986,207.0337586660559,94.45799373855782,True,True,True,success
2026_07_21_gym,flight_47,LONG,490,ok,490.0000,1498.6845,1354.3796932060986,214.35562966546664,72.05300262264119,True,True,True,success
2026_07_21_gym,flight_47,LONG,500,ok,500.0000,1498.6845,1354.3796932060986,220.77903666595617,72.81025982969152,True,True,True,success
2026_07_21_gym,flight_47,LONG,550,ok,550.0000,1498.6845,1354.3796932060986,225.00886966536441,49.647728021531506,True,True,True,success
2026_07_21_gym,flight_47,LONG,600,ok,600.0000,1498.6845,1354.3796932060986,224.32929566750923,49.647728021531506,True,True,True,success
2026_07_21_gym,flight_47,LONG,650,ok,650.0000,1498.6845,1354.3796932060986,242.50051866813251,75.33848442761436,True,True,True,success
2026_07_21_gym,flight_47,LONG,700,ok,700.0000,1498.6845,1354.3796932060986,249.4961666666592,119.14545245626653,True,True,True,success
2026_07_21_gym,flight_47,LONG,750,ok,750.0000,1498.6845,1354.3796932060986,246.9120196669052,81.86598273298279,True,True,True,success
2026_07_21_gym,flight_47,LONG,800,ok,800.0000,1498.6845,1354.3796932060986,278.7486116659517,103.22746095762689,True,True,True,success
2026_07_21_gym,flight_47,LONG,850,ok,850.0000,1498.6845,1354.3796932060986,275.36435166715336,90.13123019374359,True,True,True,success
2026_07_21_gym,flight_47,LONG,900,ok,900.0000,1498.6845,1354.3796932060986,277.661278666618,80.09728683762208,True,True,True,success
2026_07_21_gym,flight_47,LONG,950,ok,950.0000,1498.6845,1354.3796932060986,290.30279566595954,69.49366021525752,True,True,True,success
2026_07_21_gym,flight_47,LONG,1000,ok,1000.0000,1498.6845,1354.3796932060986,288.85722166548175,55.015139064076635,True,True,True,success
2026_07_21_gym,flight_47,LONG,1050,ok,1050.0000,1498.6845,1354.3796932060986,305.7620346682767,70.60159368183135,True,True,True,success
2026_07_21_gym,flight_47,LONG,1100,ok,1100.0000,1498.6845,1354.3796932060986,305.88944366543245,47.42069118791842,True,True,True,success
2026_07_21_gym,flight_47,LONG,1150,ok,1150.0000,1498.6845,1354.3796932060986,320.30364766685915,54.54662551020197,True,False,True,late
2026_07_21_gym,flight_47,LONG,1200,ok,1200.0000,1498.6845,1354.3796932060986,316.7914986663188,65.8383920634554,True,False,True,late
2026_07_21_gym,flight_47,LONG,1250,ok,1250.0000,1498.6845,1354.3796932060986,331.3811296687151,52.199821184949776,True,False,True,late
2026_07_21_gym,flight_48,LONG,150,ok,150.0000,1332.1635,1047.7817452174625,137.00772166779885,556.7489043694578,True,True,False,wrong
2026_07_21_gym,flight_48,LONG,200,ok,200.0000,1332.1635,1047.7817452174625,137.18857466677824,221.50707104573172,True,True,False,wrong
2026_07_21_gym,flight_48,LONG,250,ok,250.0000,1332.1635,1047.7817452174625,151.76472266732404,281.20662202897,True,True,False,wrong
2026_07_21_gym,flight_48,LONG,300,ok,300.0000,1332.1635,1047.7817452174625,159.83438866740713,60.79553799486724,True,True,True,success
2026_07_21_gym,flight_48,LONG,350,ok,350.0000,1332.1635,1047.7817452174625,175.71796266424158,11.6719383418657,True,True,True,success
2026_07_21_gym,flight_48,LONG,400,ok,400.0000,1332.1635,1047.7817452174625,183.07396266671518,90.43926339742185,True,True,True,success
2026_07_21_gym,flight_48,LONG,450,ok,450.0000,1332.1635,1047.7817452174625,214.25863066750267,107.63257090280246,True,True,True,success
2026_07_21_gym,flight_48,LONG,490,ok,490.0000,1332.1635,1047.7817452174625,194.33816566566625,131.57819467498365,True,True,True,success
2026_07_21_gym,flight_48,LONG,500,ok,500.0000,1332.1635,1047.7817452174625,208.03407366635898,205.39685690363962,True,True,False,wrong
2026_07_21_gym,flight_48,LONG,550,ok,550.0000,1332.1635,1047.7817452174625,207.68183366643885,145.73058482678027,True,True,True,success
2026_07_21_gym,flight_48,LONG,600,ok,600.0000,1332.1635,1047.7817452174625,218.91033366757134,29.642903473267932,True,True,True,success
2026_07_21_gym,flight_48,LONG,650,ok,650.0000,1332.1635,1047.7817452174625,228.55627766593048,72.66681319314854,True,True,True,success
2026_07_21_gym,flight_48,LONG,700,ok,700.0000,1332.1635,1047.7817452174625,228.30892566653588,41.87504435059974,True,True,True,success
2026_07_21_gym,flight_48,LONG,750,ok,750.0000,1332.1635,1047.7817452174625,263.163425666901,37.22041660339632,True,True,True,success
2026_07_21_gym,flight_48,LONG,800,ok,800.0000,1332.1635,1047.7817452174625,246.47333166530976,28.41213239079834,True,True,True,success
2026_07_21_gym,flight_48,LONG,850,ok,850.0000,1332.1635,1047.7817452174625,257.5759826653327,30.980634895051573,True,True,True,success
2026_07_21_gym,flight_48,LONG,900,ok,900.0000,1332.1635,1047.7817452174625,269.6359456672023,64.49965169547461,True,False,True,late
2026_07_21_gym,flight_48,LONG,950,ok,950.0000,1332.1635,1047.7817452174625,274.60733266795677,17.13024277194096,True,False,True,late
2026_07_21_gym,flight_48,LONG,1000,ok,1000.0000,1332.1635,1047.7817452174625,282.88418566497666,51.64818711928685,True,False,True,late
2026_07_21_gym,flight_48,LONG,1050,ok,1050.0000,1332.1635,1047.7817452174625,282.937184668767,15.713740263989774,True,False,True,late
2026_07_21_gym,flight_48,LONG,1100,ok,1100.0000,1332.1635,1047.7817452174625,283.7155006673808,18.679907284124543,True,False,True,late
2026_07_21_gym,flight_48,LONG,1150,ok,1150.0000,1332.1635,1047.7817452174625,297.3438716667394,20.352213774793366,True,False,True,late
2026_07_21_gym,flight_48,LONG,1200,ok,1200.0000,1332.1635,1047.7817452174625,298.78909166684997,23.542944365192362,True,False,True,late
2026_07_21_gym,flight_48,LONG,1250,ok,1250.0000,1332.1635,1047.7817452174625,300.34799866812926,10.021313282138358,True,False,True,late
2026_07_21_gym,flight_49,LONG,150,fit_failed,150.0000,1382.1200000000001,1174.039919946182,,,False,,,no_response
2026_07_21_gym,flight_49,LONG,200,ok,200.0000,1382.1200000000001,1174.039919946182,141.68662866732726,546.7799358897811,True,True,False,wrong
2026_07_21_gym,flight_49,LONG,250,ok,250.0000,1382.1200000000001,1174.039919946182,161.66557466673353,317.70527804166767,True,True,False,wrong
2026_07_21_gym,flight_49,LONG,300,ok,300.0000,1382.1200000000001,1174.039919946182,170.87409266705313,555.9014936169534,True,True,False,wrong
2026_07_21_gym,flight_49,LONG,350,ok,350.0000,1382.1200000000001,1174.039919946182,240.94838966770718,350.84890851832387,True,True,False,wrong
2026_07_21_gym,flight_49,LONG,400,ok,400.0000,1382.1200000000001,1174.039919946182,184.95596266693124,338.1289863230918,True,True,False,wrong
2026_07_21_gym,flight_49,LONG,450,ok,450.0000,1382.1200000000001,1174.039919946182,191.5212966656933,281.53102927646654,True,True,False,wrong
2026_07_21_gym,flight_49,LONG,490,ok,490.0000,1382.1200000000001,1174.039919946182,199.8792026673133,213.41082235613888,True,True,False,wrong
2026_07_21_gym,flight_49,LONG,500,ok,500.0000,1382.1200000000001,1174.039919946182,201.1049256666253,100.04654726172907,True,True,True,success
2026_07_21_gym,flight_49,LONG,550,ok,550.0000,1382.1200000000001,1174.039919946182,208.39196166737625,110.01316933260154,True,True,True,success
2026_07_21_gym,flight_49,LONG,600,ok,600.0000,1382.1200000000001,1174.039919946182,217.49742666600892,40.161494124341274,True,True,True,success
2026_07_21_gym,flight_49,LONG,650,ok,650.0000,1382.1200000000001,1174.039919946182,213.3785736678789,113.53641395429591,True,True,True,success
2026_07_21_gym,flight_49,LONG,700,ok,700.0000,1382.1200000000001,1174.039919946182,236.75425866494575,87.58485301496164,True,True,True,success
2026_07_21_gym,flight_49,LONG,750,ok,750.0000,1382.1200000000001,1174.039919946182,241.86990766848126,61.38718896805872,True,True,True,success
2026_07_21_gym,flight_49,LONG,800,ok,800.0000,1382.1200000000001,1174.039919946182,245.8681486674274,74.2297542744032,True,True,True,success
2026_07_21_gym,flight_49,LONG,850,ok,850.0000,1382.1200000000001,1174.039919946182,259.4339626689131,38.31188529107457,True,True,True,success
2026_07_21_gym,flight_49,LONG,900,ok,900.0000,1382.1200000000001,1174.039919946182,261.6564456659059,35.78953998549786,True,True,True,success
2026_07_21_gym,flight_49,LONG,950,ok,950.0000,1382.1200000000001,1174.039919946182,275.7547236659254,44.694466669292495,True,True,True,success
2026_07_21_gym,flight_49,LONG,1000,ok,1000.0000,1382.1200000000001,1174.039919946182,277.84720466720563,36.09946656689092,True,False,True,late
2026_07_21_gym,flight_49,LONG,1050,ok,1050.0000,1382.1200000000001,1174.039919946182,292.4436836658667,48.759468195170165,True,False,True,late
2026_07_21_gym,flight_49,LONG,1100,ok,1100.0000,1382.1200000000001,1174.039919946182,291.8567406681056,69.96221033297692,True,False,True,late
2026_07_21_gym,flight_49,LONG,1150,ok,1150.0000,1382.1200000000001,1174.039919946182,306.53581466587883,49.04567828332126,True,False,True,late
2026_07_21_gym,flight_49,LONG,1200,ok,1200.0000,1382.1200000000001,1174.039919946182,293.5963876663397,25.103930722629915,True,False,True,late
2026_07_21_gym,flight_49,LONG,1250,ok,1250.0000,1382.1200000000001,1174.039919946182,298.74151666617644,21.315002134132463,True,False,True,late
2026_07_21_gym,flight_51,LONG,150,ok,150.0000,1565.2925,1368.7562987667009,139.50731466865787,321.4565923041776,True,True,False,wrong
2026_07_21_gym,flight_51,LONG,200,ok,200.0000,1565.2925,1368.7562987667009,156.19899866605797,215.16206540355805,True,True,False,wrong
2026_07_21_gym,flight_51,LONG,250,ok,250.0000,1565.2925,1368.7562987667009,156.52285266729692,644.62051501275,True,True,False,wrong
2026_07_21_gym,flight_51,LONG,300,ok,300.0000,1565.2925,1368.7562987667009,158.88574166658023,215.1621975316935,True,True,False,wrong
2026_07_21_gym,flight_51,LONG,350,ok,350.0000,1565.2925,1368.7562987667009,171.21496266747513,587.4437898593278,True,True,False,wrong
2026_07_21_gym,flight_51,LONG,400,ok,400.0000,1565.2925,1368.7562987667009,192.6504256647701,539.6140028422902,True,True,False,wrong
2026_07_21_gym,flight_51,LONG,450,ok,450.0000,1565.2925,1368.7562987667009,194.28286966557303,104.34581084302128,True,True,True,success
2026_07_21_gym,flight_51,LONG,490,ok,490.0000,1565.2925,1368.7562987667009,192.93918466536948,149.6312231309849,True,True,True,success
2026_07_21_gym,flight_51,LONG,500,ok,500.0000,1565.2925,1368.7562987667009,201.70044566659877,228.2155217567811,True,True,False,wrong
2026_07_21_gym,flight_51,LONG,550,ok,550.0000,1565.2925,1368.7562987667009,213.5287956657509,156.05656692709638,True,True,True,success
2026_07_21_gym,flight_51,LONG,600,ok,600.0000,1565.2925,1368.7562987667009,221.43303666698435,108.75880526633065,True,True,True,success
2026_07_21_gym,flight_51,LONG,650,ok,650.0000,1565.2925,1368.7562987667009,230.9653896667684,113.5971190940948,True,True,True,success
2026_07_21_gym,flight_51,LONG,700,ok,700.0000,1565.2925,1368.7562987667009,224.82151966697225,60.79819787016989,True,True,True,success
2026_07_21_gym,flight_51,LONG,750,ok,750.0000,1565.2925,1368.7562987667009,249.92042666642615,74.564280231645,True,True,True,success
2026_07_21_gym,flight_51,LONG,800,ok,800.0000,1565.2925,1368.7562987667009,252.7069436671833,45.7552642343217,True,True,True,success
2026_07_21_gym,flight_51,LONG,850,ok,850.0000,1565.2925,1368.7562987667009,261.71177766627324,64.16393931496731,True,True,True,success
2026_07_21_gym,flight_51,LONG,900,ok,900.0000,1565.2925,1368.7562987667009,269.5956856651853,65.47172090008043,True,True,True,success
2026_07_21_gym,flight_51,LONG,950,ok,950.0000,1565.2925,1368.7562987667009,267.62885266697657,139.5582490021407,True,True,True,success
2026_07_21_gym,flight_51,LONG,1000,ok,1000.0000,1565.2925,1368.7562987667009,277.07435266735655,77.43333714819501,True,True,True,success
2026_07_21_gym,flight_51,LONG,1050,ok,1050.0000,1565.2925,1368.7562987667009,285.95344466591877,22.870033244339428,True,True,True,success
2026_07_21_gym,flight_51,LONG,1100,ok,1100.0000,1565.2925,1368.7562987667009,306.4811666660632,58.143257662650925,True,True,True,success
2026_07_21_gym,flight_51,LONG,1150,ok,1150.0000,1565.2925,1368.7562987667009,310.211944667312,49.871496830234655,True,False,True,late
2026_07_21_gym,flight_51,LONG,1200,ok,1200.0000,1565.2925,1368.7562987667009,311.2509636670972,15.252566713528793,True,False,True,late
2026_07_21_gym,flight_51,LONG,1250,ok,1250.0000,1565.2925,1368.7562987667009,312.8386116658027,4.5460174607865005,True,False,True,late
2026_07_21_gym,flight_52,LONG,150,fit_failed,150.0000,1482.03,1343.7337569892848,,,False,,,no_response
2026_07_21_gym,flight_52,LONG,200,ok,200.0000,1482.03,1343.7337569892848,165.5818336677427,194.8648842007901,True,True,True,success
2026_07_21_gym,flight_52,LONG,250,ok,250.0000,1482.03,1343.7337569892848,171.8413696658487,189.02330054644753,True,True,True,success
2026_07_21_gym,flight_52,LONG,300,ok,300.0000,1482.03,1343.7337569892848,183.7303896655018,156.43545143454517,True,True,True,success
2026_07_21_gym,flight_52,LONG,350,ok,350.0000,1482.03,1343.7337569892848,199.21720366707692,209.9510388083757,True,True,False,wrong
2026_07_21_gym,flight_52,LONG,400,ok,400.0000,1482.03,1343.7337569892848,195.89948166782656,175.5139503780183,True,True,True,success
2026_07_21_gym,flight_52,LONG,450,ok,450.0000,1482.03,1343.7337569892848,207.68251766699055,197.47840669875058,True,True,True,success
2026_07_21_gym,flight_52,LONG,490,ok,490.0000,1482.03,1343.7337569892848,213.20894266633937,188.98442822923883,True,True,True,success
2026_07_21_gym,flight_52,LONG,500,ok,500.0000,1482.03,1343.7337569892848,231.39942566740015,183.21790212096906,True,True,True,success
2026_07_21_gym,flight_52,LONG,550,ok,550.0000,1482.03,1343.7337569892848,229.84110966759422,190.42805721903446,True,True,True,success
2026_07_21_gym,flight_52,LONG,600,ok,600.0000,1482.03,1343.7337569892848,234.78498166582236,174.4840807916444,True,True,True,success
2026_07_21_gym,flight_52,LONG,650,ok,650.0000,1482.03,1343.7337569892848,247.43896366717914,171.2834559764669,True,True,True,success
2026_07_21_gym,flight_52,LONG,700,ok,700.0000,1482.03,1343.7337569892848,244.6461836664627,164.81769055493018,True,True,True,success
2026_07_21_gym,flight_52,LONG,750,ok,750.0000,1482.03,1343.7337569892848,257.7419256667296,126.55479405380719,True,True,True,success
2026_07_21_gym,flight_52,LONG,800,ok,800.0000,1482.03,1343.7337569892848,263.5606126661102,146.18057345271592,True,True,True,success
2026_07_21_gym,flight_52,LONG,850,ok,850.0000,1482.03,1343.7337569892848,271.24194466571015,144.15794222906962,True,True,True,success
2026_07_21_gym,flight_52,LONG,900,ok,900.0000,1482.03,1343.7337569892848,275.42100066660595,131.98035370645806,True,True,True,success
2026_07_21_gym,flight_52,LONG,950,ok,950.0000,1482.03,1343.7337569892848,285.63494466679794,124.31199336618074,True,True,True,success
2026_07_21_gym,flight_52,LONG,1000,ok,1000.0000,1482.03,1343.7337569892848,292.4966116665552,94.07571713011191,True,True,True,success
2026_07_21_gym,flight_52,LONG,1050,ok,1050.0000,1482.03,1343.7337569892848,300.63214866785955,82.44433807227259,True,True,True,success
2026_07_21_gym,flight_52,LONG,1100,ok,1100.0000,1482.03,1343.7337569892848,302.28274166646105,68.79056196153812,True,True,True,success
2026_07_21_gym,flight_52,LONG,1150,ok,1150.0000,1482.03,1343.7337569892848,316.9984256650011,36.175291739772206,True,False,True,late
2026_07_21_gym,flight_52,LONG,1200,ok,1200.0000,1482.03,1343.7337569892848,315.7341486668835,42.50130037963143,True,False,True,late
2026_07_21_gym,flight_52,LONG,1250,ok,1250.0000,1482.03,1343.7337569892848,327.24894566616666,38.410220590552846,True,False,True,late
2026_07_21_gym,flight_53,LONG,150,ok,150.0000,1482.0325,1438.1687101116224,148.4833136682088,585.4124272526644,True,True,False,wrong
2026_07_21_gym,flight_53,LONG,200,ok,200.0000,1482.0325,1438.1687101116224,155.393870667244,368.3916140043056,True,True,False,wrong
2026_07_21_gym,flight_53,LONG,250,ok,250.0000,1482.0325,1438.1687101116224,164.70740766605982,374.98288629100614,True,True,False,wrong
2026_07_21_gym,flight_53,LONG,300,ok,300.0000,1482.0325,1438.1687101116224,181.04385166584203,87.36695888071954,True,True,True,success
2026_07_21_gym,flight_53,LONG,350,ok,350.0000,1482.0325,1438.1687101116224,182.16014866592982,93.46485509399606,True,True,True,success
2026_07_21_gym,flight_53,LONG,400,ok,400.0000,1482.0325,1438.1687101116224,190.7961306689928,90.00380170354416,True,True,True,success
2026_07_21_gym,flight_53,LONG,450,ok,450.0000,1482.0325,1438.1687101116224,193.12692566650608,75.29644120271237,True,True,True,success
2026_07_21_gym,flight_53,LONG,490,ok,490.0000,1482.0325,1438.1687101116224,197.36907466563085,83.5405633229025,True,True,True,success
2026_07_21_gym,flight_53,LONG,500,ok,500.0000,1482.0325,1438.1687101116224,201.72155566668758,78.84489193965553,True,True,True,success
2026_07_21_gym,flight_53,LONG,550,ok,550.0000,1482.0325,1438.1687101116224,208.38773966549584,61.51515855840625,True,True,True,success
2026_07_21_gym,flight_53,LONG,600,ok,600.0000,1482.0325,1438.1687101116224,219.2637016676987,70.2209563898052,True,True,True,success
2026_07_21_gym,flight_53,LONG,650,ok,650.0000,1482.0325,1438.1687101116224,223.7657406652967,85.31400283577428,True,True,True,success
2026_07_21_gym,flight_53,LONG,700,ok,700.0000,1482.0325,1438.1687101116224,241.07059266573438,85.61395341697549,True,True,True,success
2026_07_21_gym,flight_53,LONG,750,ok,750.0000,1482.0325,1438.1687101116224,234.0320006671051,92.82271396521584,True,True,True,success
2026_07_21_gym,flight_53,LONG,800,ok,800.0000,1482.0325,1438.1687101116224,237.5042966666321,92.82195079530379,True,True,True,success
2026_07_21_gym,flight_53,LONG,850,ok,850.0000,1482.0325,1438.1687101116224,250.15038966635862,49.612537140222955,True,True,True,success
2026_07_21_gym,flight_53,LONG,900,ok,900.0000,1482.0325,1438.1687101116224,260.9932966666917,57.367844389221325,True,True,True,success
2026_07_21_gym,flight_53,LONG,950,ok,950.0000,1482.0325,1438.1687101116224,268.40277766777825,63.24776119126562,True,True,True,success
2026_07_21_gym,flight_53,LONG,1000,ok,1000.0000,1482.0325,1438.1687101116224,268.0668886664013,63.24776119126562,True,True,True,success
2026_07_21_gym,flight_53,LONG,1050,ok,1050.0000,1482.0325,1438.1687101116224,284.2244806677724,55.35864616696228,True,True,True,success
2026_07_21_gym,flight_53,LONG,1100,ok,1100.0000,1482.0325,1438.1687101116224,292.7094246686126,52.5941830874241,True,True,True,success
2026_07_21_gym,flight_53,LONG,1150,ok,1150.0000,1482.0325,1438.1687101116224,293.9305186659719,37.52025866865398,True,True,True,success
2026_07_21_gym,flight_53,LONG,1200,ok,1200.0000,1482.0325,1438.1687101116224,307.3232606655608,38.26924333838924,True,True,True,success
2026_07_21_gym,flight_53,LONG,1250,ok,1250.0000,1482.0325,1438.1687101116224,310.39040766532224,34.47580554741505,True,False,True,late
2026_07_21_gym,flight_54,SHORT,150,ok,150.0000,1148.9914999999999,959.5668918925114,128.1382766670237,270.41584388856523,True,True,False,wrong
2026_07_21_gym,flight_54,SHORT,200,ok,200.0000,1148.9914999999999,959.5668918925114,138.28103766652444,171.00859728081215,True,True,True,success
2026_07_21_gym,flight_54,SHORT,250,ok,250.0000,1148.9914999999999,959.5668918925114,152.3515736653159,169.23851420499815,True,True,True,success
2026_07_21_gym,flight_54,SHORT,300,ok,300.0000,1148.9914999999999,959.5668918925114,160.17020266565183,53.205515164480325,True,True,True,success
2026_07_21_gym,flight_54,SHORT,350,ok,350.0000,1148.9914999999999,959.5668918925114,180.3536486669133,57.87808093610105,True,True,True,success
2026_07_21_gym,flight_54,SHORT,400,ok,400.0000,1148.9914999999999,959.5668918925114,186.0827226663629,45.8118798482539,True,True,True,success
2026_07_21_gym,flight_54,SHORT,450,ok,450.0000,1148.9914999999999,959.5668918925114,200.25137066623816,55.61662265023016,True,True,True,success
2026_07_21_gym,flight_54,SHORT,490,ok,490.0000,1148.9914999999999,959.5668918925114,203.37812966542938,55.0896074286031,True,True,True,success
2026_07_21_gym,flight_54,SHORT,500,ok,500.0000,1148.9914999999999,959.5668918925114,210.40716666790345,48.01529548636205,True,True,True,success
2026_07_21_gym,flight_54,SHORT,550,ok,550.0000,1148.9914999999999,959.5668918925114,226.3957226673762,53.52865384653235,True,True,True,success
2026_07_21_gym,flight_54,SHORT,600,ok,600.0000,1148.9914999999999,959.5668918925114,229.09975866662958,54.94688853633577,True,True,True,success
2026_07_21_gym,flight_54,SHORT,650,ok,650.0000,1148.9914999999999,959.5668918925114,241.92733266732344,41.77178790515543,True,True,True,success
2026_07_21_gym,flight_54,SHORT,700,ok,700.0000,1148.9914999999999,959.5668918925114,249.15214866648117,43.3604829898886,True,True,True,success
2026_07_21_gym,flight_54,SHORT,750,ok,750.0000,1148.9914999999999,959.5668918925114,260.14920466548455,62.09012586947522,True,True,True,success
2026_07_21_gym,flight_54,SHORT,800,ok,800.0000,1148.9914999999999,959.5668918925114,261.8825356659169,15.268399115226442,True,False,True,late
2026_07_21_gym,flight_54,SHORT,850,ok,850.0000,1148.9914999999999,959.5668918925114,275.918740666161,12.404979390814413,True,False,True,late
2026_07_21_gym,flight_54,SHORT,900,ok,900.0000,1148.9914999999999,959.5668918925114,279.4679636663447,12.497260859921486,True,False,True,late
2026_07_21_gym,flight_54,SHORT,950,ok,950.0000,1148.9914999999999,959.5668918925114,293.3710556669782,11.380469687245917,True,False,True,late
2026_07_21_gym,flight_54,SHORT,1000,ok,1000.0000,1148.9914999999999,959.5668918925114,287.0747416658948,10.211236194535028,True,False,True,late
2026_07_21_gym,flight_54,SHORT,1050,ok,1050.0000,1148.9914999999999,959.5668918925114,288.91053666702163,35.23235749445326,True,False,True,late
2026_07_21_gym,flight_54,SHORT,1100,ok,1100.0000,1148.9914999999999,959.5668918925114,301.41235266781104,13.839425128015575,True,False,True,late
2026_07_21_gym,flight_54,SHORT,1150,ok,1148.9915,1148.9914999999999,959.5668918925114,297.8664256685103,8.531692759447088,True,False,True,late
2026_07_21_gym,flight_54,SHORT,1200,ok,1148.9915,1148.9914999999999,959.5668918925114,298.71138866680366,8.531692759447088,True,False,True,late
2026_07_21_gym,flight_54,SHORT,1250,ok,1148.9915,1148.9914999999999,959.5668918925114,297.11166666789603,8.531692759447088,True,False,True,late
2026_07_21_gym,flight_55,LONG,150,fit_failed,150.0000,1332.163,1166.2222776718213,,,False,,,no_response
2026_07_21_gym,flight_55,LONG,200,ok,200.0000,1332.163,1166.2222776718213,145.3798146682481,899.4176819283348,True,True,False,wrong
2026_07_21_gym,flight_55,LONG,250,fit_failed,250.0000,1332.163,1166.2222776718213,,,False,,,no_response
2026_07_21_gym,flight_55,LONG,300,ok,300.0000,1332.163,1166.2222776718213,166.0882396666954,132.4609562313445,True,True,True,success
2026_07_21_gym,flight_55,LONG,350,ok,350.0000,1332.163,1166.2222776718213,174.64627666647235,155.35143993639392,True,True,True,success
2026_07_21_gym,flight_55,LONG,400,ok,400.0000,1332.163,1166.2222776718213,181.96201866834113,200.26392355395677,True,True,False,wrong
2026_07_21_gym,flight_55,LONG,450,ok,450.0000,1332.163,1166.2222776718213,190.8379636655251,207.17736333804106,True,True,False,wrong
2026_07_21_gym,flight_55,LONG,490,ok,490.0000,1332.163,1166.2222776718213,198.708610665674,272.4783905927275,True,True,False,wrong
2026_07_21_gym,flight_55,LONG,500,ok,500.0000,1332.163,1166.2222776718213,198.22501966791847,265.52465594803994,True,True,False,wrong
2026_07_21_gym,flight_55,LONG,550,ok,550.0000,1332.163,1166.2222776718213,205.39868666479984,177.37769575518678,True,True,True,success
2026_07_21_gym,flight_55,LONG,600,ok,600.0000,1332.163,1166.2222776718213,215.43166666633138,155.48374752595325,True,True,True,success
2026_07_21_gym,flight_55,LONG,650,ok,650.0000,1332.163,1166.2222776718213,212.57368466692665,142.3000810983407,True,True,True,success
2026_07_21_gym,flight_55,LONG,700,ok,700.0000,1332.163,1166.2222776718213,236.81366566537568,97.85129612394927,True,True,True,success
2026_07_21_gym,flight_55,LONG,750,ok,750.0000,1332.163,1166.2222776718213,243.45975866603354,120.9987237458676,True,True,True,success
2026_07_21_gym,flight_55,LONG,800,ok,800.0000,1332.163,1166.2222776718213,265.8662226671974,76.67311600654273,True,True,True,success
2026_07_21_gym,flight_55,LONG,850,ok,850.0000,1332.163,1166.2222776718213,260.6051666677619,63.83518728205464,True,True,True,success
2026_07_21_gym,flight_55,LONG,900,ok,900.0000,1332.163,1166.2222776718213,262.861869666415,57.79055357132686,True,True,True,success
2026_07_21_gym,flight_55,LONG,950,ok,950.0000,1332.163,1166.2222776718213,276.0011666665475,54.105644226379695,True,True,True,success
2026_07_21_gym,flight_55,LONG,1000,ok,1000.0000,1332.163,1166.2222776718213,275.899499667498,76.21121348970756,True,False,True,late
2026_07_21_gym,flight_55,LONG,1050,ok,1050.0000,1332.163,1166.2222776718213,281.9234086653839,76.21121348651687,True,False,True,late
2026_07_21_gym,flight_55,LONG,1100,ok,1100.0000,1332.163,1166.2222776718213,286.03938966585946,59.44487712047457,True,False,True,late
2026_07_21_gym,flight_55,LONG,1150,ok,1150.0000,1332.163,1166.2222776718213,294.95325966800254,57.16807604018425,True,False,True,late
2026_07_21_gym,flight_55,LONG,1200,ok,1200.0000,1332.163,1166.2222776718213,298.33036966683966,46.964474201616525,True,False,True,late
2026_07_21_gym,flight_55,LONG,1250,ok,1250.0000,1332.163,1166.2222776718213,293.8111116650204,58.08926550368492,True,False,True,late
2026_07_21_gym,flight_56,LONG,150,fit_failed,150.0000,1332.164,1251.744467591496,,,False,,,no_response
2026_07_21_gym,flight_56,LONG,200,fit_failed,200.0000,1332.164,1251.744467591496,,,False,,,no_response
2026_07_21_gym,flight_56,LONG,250,fit_failed,250.0000,1332.164,1251.744467591496,,,False,,,no_response
2026_07_21_gym,flight_56,LONG,300,ok,300.0000,1332.164,1251.744467591496,182.35340666646758,561.652743125617,True,True,False,wrong
2026_07_21_gym,flight_56,LONG,350,ok,350.0000,1332.164,1251.744467591496,177.70957366625467,558.4372234339114,True,True,False,wrong
2026_07_21_gym,flight_56,LONG,400,ok,400.0000,1332.164,1251.744467591496,203.45103766738126,338.05543202453464,True,True,False,wrong
2026_07_21_gym,flight_56,LONG,450,ok,450.0000,1332.164,1251.744467591496,203.84735166529813,350.6384076272299,True,True,False,wrong
2026_07_21_gym,flight_56,LONG,490,ok,490.0000,1332.164,1251.744467591496,212.73888966782638,280.1086076086669,True,True,False,wrong
2026_07_21_gym,flight_56,LONG,500,ok,500.0000,1332.164,1251.744467591496,220.89129766697684,284.1914792810153,True,True,False,wrong
2026_07_21_gym,flight_56,LONG,550,ok,550.0000,1332.164,1251.744467591496,228.21157366844514,238.77067165019062,True,True,False,wrong
2026_07_21_gym,flight_56,LONG,600,ok,600.0000,1332.164,1251.744467591496,239.83422166823098,219.32295089118847,True,True,False,wrong
2026_07_21_gym,flight_56,LONG,650,ok,650.0000,1332.164,1251.744467591496,226.78455666700998,166.63186905884626,True,True,True,success
2026_07_21_gym,flight_56,LONG,700,ok,700.0000,1332.164,1251.744467591496,247.80162966592857,148.57038831002373,True,True,True,success
2026_07_21_gym,flight_56,LONG,750,ok,750.0000,1332.164,1251.744467591496,252.80427766560265,136.11631345386056,True,True,True,success
2026_07_21_gym,flight_56,LONG,800,ok,800.0000,1332.164,1251.744467591496,258.7055376653249,143.06857845626772,True,True,True,success
2026_07_21_gym,flight_56,LONG,850,ok,850.0000,1332.164,1251.744467591496,263.78253666839254,140.1149598262232,True,True,True,success
2026_07_21_gym,flight_56,LONG,900,ok,900.0000,1332.164,1251.744467591496,277.93657466738176,102.46795770268908,True,True,True,success
2026_07_21_gym,flight_56,LONG,950,ok,950.0000,1332.164,1251.744467591496,285.43909266746294,119.0031118150953,True,True,True,success
2026_07_21_gym,flight_56,LONG,1000,ok,1000.0000,1332.164,1251.744467591496,288.2884436675037,88.36124636464382,True,True,True,success
2026_07_21_gym,flight_56,LONG,1050,ok,1050.0000,1332.164,1251.744467591496,305.6738886671762,57.10096611706459,True,False,True,late
2026_07_21_gym,flight_56,LONG,1100,ok,1100.0000,1332.164,1251.744467591496,303.8593706690396,47.747614526260165,True,False,True,late
2026_07_21_gym,flight_56,LONG,1150,ok,1150.0000,1332.164,1251.744467591496,314.5136296662192,30.262577158994468,True,False,True,late
2026_07_21_gym,flight_56,LONG,1200,ok,1200.0000,1332.164,1251.744467591496,319.47446266623837,35.57377962147916,True,False,True,late
2026_07_21_gym,flight_56,LONG,1250,ok,1250.0000,1332.164,1251.744467591496,320.6522766655932,55.9857964172115,True,False,True,late
2026_07_21_gym,flight_57,LONG,150,fit_failed,150.0000,1365.4675,1261.8555351884909,,,False,,,no_response
2026_07_21_gym,flight_57,LONG,200,fit_failed,200.0000,1365.4675,1261.8555351884909,,,False,,,no_response
2026_07_21_gym,flight_57,LONG,250,fit_failed,250.0000,1365.4675,1261.8555351884909,,,False,,,no_response
2026_07_21_gym,flight_57,LONG,300,ok,300.0000,1365.4675,1261.8555351884909,168.91811166672656,141.23163377697776,True,True,True,success
2026_07_21_gym,flight_57,LONG,350,ok,350.0000,1365.4675,1261.8555351884909,187.80785166627416,210.8837551138037,True,True,False,wrong
2026_07_21_gym,flight_57,LONG,400,ok,400.0000,1365.4675,1261.8555351884909,185.58098066660264,131.41940522923971,True,True,True,success
2026_07_21_gym,flight_57,LONG,450,ok,450.0000,1365.4675,1261.8555351884909,195.44197966686139,15.180965976208494,True,True,True,success
2026_07_21_gym,flight_57,LONG,490,ok,490.0000,1365.4675,1261.8555351884909,205.23613066567728,57.01012689122578,True,True,True,success
2026_07_21_gym,flight_57,LONG,500,ok,500.0000,1365.4675,1261.8555351884909,202.28846266741553,111.3152807329312,True,True,True,success
2026_07_21_gym,flight_57,LONG,550,ok,550.0000,1365.4675,1261.8555351884909,214.7688886669154,22.153124877034024,True,True,True,success
2026_07_21_gym,flight_57,LONG,600,ok,600.0000,1365.4675,1261.8555351884909,230.46137066713223,47.741647493636,True,True,True,success
2026_07_21_gym,flight_57,LONG,650,ok,650.0000,1365.4675,1261.8555351884909,219.94209166864553,30.659778662494794,True,True,True,success
2026_07_21_gym,flight_57,LONG,700,ok,700.0000,1365.4675,1261.8555351884909,243.48638866624484,20.1013334051616,True,True,True,success
2026_07_21_gym,flight_57,LONG,750,ok,750.0000,1365.4675,1261.8555351884909,242.80503666742393,17.645275816778543,True,True,True,success
2026_07_21_gym,flight_57,LONG,800,ok,800.0000,1365.4675,1261.8555351884909,249.05264666738609,1.2773437181326834,True,True,True,success
2026_07_21_gym,flight_57,LONG,850,ok,850.0000,1365.4675,1261.8555351884909,269.5878516683976,44.98664403404276,True,True,True,success
2026_07_21_gym,flight_57,LONG,900,ok,900.0000,1365.4675,1261.8555351884909,268.88972166428965,27.747597338513042,True,True,True,success
2026_07_21_gym,flight_57,LONG,950,ok,950.0000,1365.4675,1261.8555351884909,280.7717606655012,20.375453981628482,True,True,True,success
2026_07_21_gym,flight_57,LONG,1000,ok,1000.0000,1365.4675,1261.8555351884909,278.7391846670459,49.55054453876103,True,True,True,success
2026_07_21_gym,flight_57,LONG,1050,ok,1050.0000,1365.4675,1261.8555351884909,293.1500186646978,32.08968705386337,True,True,True,success
2026_07_21_gym,flight_57,LONG,1100,ok,1100.0000,1365.4675,1261.8555351884909,288.7764256667967,18.11459280177375,True,False,True,late
2026_07_21_gym,flight_57,LONG,1150,ok,1150.0000,1365.4675,1261.8555351884909,303.06490666760754,23.51916773730613,True,False,True,late
2026_07_21_gym,flight_57,LONG,1200,ok,1200.0000,1365.4675,1261.8555351884909,305.45974066636217,30.81133462511385,True,False,True,late
2026_07_21_gym,flight_57,LONG,1250,ok,1250.0000,1365.4675,1261.8555351884909,302.61031566529226,22.2955028701387,True,False,True,late
2026_07_21_gym,flight_58,LONG,150,fit_failed,150.0000,1540.315,1331.6387037117497,,,False,,,no_response
2026_07_21_gym,flight_58,LONG,200,fit_failed,200.0000,1540.315,1331.6387037117497,,,False,,,no_response
2026_07_21_gym,flight_58,LONG,250,ok,250.0000,1540.315,1331.6387037117497,155.24329766693214,245.24648954191832,True,True,False,wrong
2026_07_21_gym,flight_58,LONG,300,ok,300.0000,1540.315,1331.6387037117497,167.69099966498712,499.788759645703,True,True,False,wrong
2026_07_21_gym,flight_58,LONG,350,ok,350.0000,1540.315,1331.6387037117497,177.57036966613182,283.6155197946827,True,True,False,wrong
2026_07_21_gym,flight_58,LONG,400,ok,400.0000,1540.315,1331.6387037117497,185.87299866663912,231.89171489991554,True,True,False,wrong
2026_07_21_gym,flight_58,LONG,450,ok,450.0000,1540.315,1331.6387037117497,195.85749966433892,120.19504545571047,True,True,True,success
2026_07_21_gym,flight_58,LONG,490,ok,490.0000,1540.315,1331.6387037117497,193.80035266621658,54.96885928735751,True,True,True,success
2026_07_21_gym,flight_58,LONG,500,ok,500.0000,1540.315,1331.6387037117497,199.2883506665627,204.3175588994131,True,True,False,wrong
2026_07_21_gym,flight_58,LONG,550,ok,550.0000,1540.315,1331.6387037117497,211.2836106667916,58.61989874210207,True,True,True,success
2026_07_21_gym,flight_58,LONG,600,ok,600.0000,1540.315,1331.6387037117497,232.57922266672054,106.8032591644777,True,True,True,success
2026_07_21_gym,flight_58,LONG,650,ok,650.0000,1540.315,1331.6387037117497,227.90468366506198,90.46809269814082,True,True,True,success
2026_07_21_gym,flight_58,LONG,700,ok,700.0000,1540.315,1331.6387037117497,233.39505366577455,117.27318799514163,True,True,True,success
2026_07_21_gym,flight_58,LONG,750,ok,750.0000,1540.315,1331.6387037117497,242.17588666609177,120.07892014079127,True,True,True,success
2026_07_21_gym,flight_58,LONG,800,ok,800.0000,1540.315,1331.6387037117497,251.75557266703495,137.34015319798348,True,True,True,success
2026_07_21_gym,flight_58,LONG,850,ok,850.0000,1540.315,1331.6387037117497,251.26707366729775,110.15089111706286,True,True,True,success
2026_07_21_gym,flight_58,LONG,900,ok,900.0000,1540.315,1331.6387037117497,260.53213066669804,114.22834105045932,True,True,True,success
2026_07_21_gym,flight_58,LONG,950,ok,950.0000,1540.315,1331.6387037117497,269.22777866727364,104.34656077489718,True,True,True,success
2026_07_21_gym,flight_58,LONG,1000,ok,1000.0000,1540.315,1331.6387037117497,278.07051866749924,114.62849375269948,True,True,True,success
2026_07_21_gym,flight_58,LONG,1050,ok,1050.0000,1540.315,1331.6387037117497,285.5362226680542,81.40727979285134,True,True,True,success
2026_07_21_gym,flight_58,LONG,1100,ok,1100.0000,1540.315,1331.6387037117497,292.1365536671753,63.20725587853243,True,True,True,success
2026_07_21_gym,flight_58,LONG,1150,ok,1150.0000,1540.315,1331.6387037117497,289.3966846658538,42.53549983300455,True,False,True,late
2026_07_21_gym,flight_58,LONG,1200,ok,1200.0000,1540.315,1331.6387037117497,302.12029566864175,17.647239216035718,True,False,True,late
2026_07_21_gym,flight_58,LONG,1250,ok,1250.0000,1540.315,1331.6387037117497,301.4608716654281,34.136299983880214,True,False,True,late
2026_07_21_gym,flight_59,LONG,150,fit_failed,150.0000,1573.6185,1472.020619136188,,,False,,,no_response
2026_07_21_gym,flight_59,LONG,200,ok,200.0000,1573.6185,1472.020619136188,156.60196166640768,962.4301548211916,True,True,False,wrong
2026_07_21_gym,flight_59,LONG,250,ok,250.0000,1573.6185,1472.020619136188,186.45662866688022,1061.2441684405944,True,True,False,wrong
2026_07_21_gym,flight_59,LONG,300,ok,300.0000,1573.6185,1472.020619136188,170.36549966565022,695.6001432373197,True,True,False,wrong
2026_07_21_gym,flight_59,LONG,350,ok,350.0000,1573.6185,1472.020619136188,176.51399966577688,638.4334726680305,True,True,False,wrong
2026_07_21_gym,flight_59,LONG,400,ok,400.0000,1573.6185,1472.020619136188,190.25253766557822,484.5045625477581,True,True,False,wrong
2026_07_21_gym,flight_59,LONG,450,ok,450.0000,1573.6185,1472.020619136188,187.2108896660308,458.9646063886135,True,True,False,wrong
2026_07_21_gym,flight_59,LONG,490,ok,490.0000,1573.6185,1472.020619136188,193.24227866685638,419.48323540731235,True,True,False,wrong
2026_07_21_gym,flight_59,LONG,500,ok,500.0000,1573.6185,1472.020619136188,198.54929666842023,578.5903476460985,True,True,False,wrong
2026_07_21_gym,flight_59,LONG,550,ok,550.0000,1573.6185,1472.020619136188,216.96818466732898,635.0222353185308,True,True,False,wrong
2026_07_21_gym,flight_59,LONG,600,ok,600.0000,1573.6185,1472.020619136188,226.60814766554782,649.8354624505463,True,True,False,wrong
2026_07_21_gym,flight_59,LONG,650,ok,650.0000,1573.6185,1472.020619136188,222.0106846668447,70.58056217892121,True,True,True,success
2026_07_21_gym,flight_59,LONG,700,ok,700.0000,1573.6185,1472.020619136188,233.15735166488835,182.3699299552582,True,True,True,success
2026_07_21_gym,flight_59,LONG,750,ok,750.0000,1573.6185,1472.020619136188,242.57146366654584,185.60065680758387,True,True,True,success
2026_07_21_gym,flight_59,LONG,800,ok,800.0000,1573.6185,1472.020619136188,242.15612966629365,190.68649100134607,True,True,True,success
2026_07_21_gym,flight_59,LONG,850,ok,850.0000,1573.6185,1472.020619136188,245.0464436650897,188.8772629392177,True,True,True,success
2026_07_21_gym,flight_59,LONG,900,ok,900.0000,1573.6185,1472.020619136188,256.09820266782,182.85505867453526,True,True,True,success
2026_07_21_gym,flight_59,LONG,950,ok,950.0000,1573.6185,1472.020619136188,262.2066676678757,162.42375321875608,True,True,True,success
2026_07_21_gym,flight_59,LONG,1000,ok,1000.0000,1573.6185,1472.020619136188,274.29888866624486,134.44812069434835,True,True,True,success
2026_07_21_gym,flight_59,LONG,1050,ok,1050.0000,1573.6185,1472.020619136188,295.0432776656623,125.3072285606633,True,True,True,success
2026_07_21_gym,flight_59,LONG,1100,ok,1100.0000,1573.6185,1472.020619136188,290.49538866678876,89.74000503189716,True,True,True,success
2026_07_21_gym,flight_59,LONG,1150,ok,1150.0000,1573.6185,1472.020619136188,310.6845006650935,98.69467008092238,True,True,True,success
2026_07_21_gym,flight_59,LONG,1200,ok,1200.0000,1573.6185,1472.020619136188,306.61557366574806,61.119811613469196,True,True,True,success
2026_07_21_gym,flight_59,LONG,1250,ok,1250.0000,1573.6185,1472.020619136188,321.5243146677191,33.42105196985287,True,False,True,late
2026_07_21_gym,flight_6,SHORT,150,ok,150.0000,682.7370000000001,591.6463021518751,116.6038886687408,180.26337570018816,True,True,True,success
2026_07_21_gym,flight_6,SHORT,200,ok,200.0000,682.7370000000001,591.6463021518751,129.7839826658989,245.96697591594602,True,True,False,wrong
2026_07_21_gym,flight_6,SHORT,250,ok,250.0000,682.7370000000001,591.6463021518751,135.22488966739425,171.42776681385084,True,True,True,success
2026_07_21_gym,flight_6,SHORT,300,ok,300.0000,682.7370000000001,591.6463021518751,140.8359076657022,164.5791177455378,True,True,True,success
2026_07_21_gym,flight_6,SHORT,350,ok,350.0000,682.7370000000001,591.6463021518751,154.6311846661071,77.27714866679173,True,True,True,success
2026_07_21_gym,flight_6,SHORT,400,ok,400.0000,682.7370000000001,591.6463021518751,159.01594466498742,12.105135906673583,True,True,True,success
2026_07_21_gym,flight_6,SHORT,450,ok,450.0000,682.7370000000001,591.6463021518751,167.39870366609344,29.045365613695754,True,True,True,success
2026_07_21_gym,flight_6,SHORT,490,ok,490.0000,682.7370000000001,591.6463021518751,175.3533516662816,25.83282474491256,True,True,True,success
2026_07_21_gym,flight_6,SHORT,500,ok,500.0000,682.7370000000001,591.6463021518751,178.07011066718647,19.640004729730478,True,False,True,late
2026_07_21_gym,flight_6,SHORT,550,ok,550.0000,682.7370000000001,591.6463021518751,186.35512966724733,6.558109860014655,True,False,True,late
2026_07_21_gym,flight_6,SHORT,600,ok,600.0000,682.7370000000001,591.6463021518751,189.5172226668025,10.717925276986916,True,False,True,late
2026_07_21_gym,flight_6,SHORT,650,ok,650.0000,682.7370000000001,591.6463021518751,194.12194466652969,20.04941045759851,True,False,True,late
2026_07_21_gym,flight_6,SHORT,700,ok,682.7370,682.7370000000001,591.6463021518751,201.71803666806468,13.304119331010147,True,False,True,late
2026_07_21_gym,flight_6,SHORT,750,ok,682.7370,682.7370000000001,591.6463021518751,200.79498166653016,13.304119331010147,True,False,True,late
2026_07_21_gym,flight_6,SHORT,800,ok,682.7370,682.7370000000001,591.6463021518751,201.33914766988406,13.304119331010147,True,False,True,late
2026_07_21_gym,flight_6,SHORT,850,ok,682.7370,682.7370000000001,591.6463021518751,201.81398066754141,13.304119331010147,True,False,True,late
2026_07_21_gym,flight_6,SHORT,900,ok,682.7370,682.7370000000001,591.6463021518751,201.8801656688253,13.304119331010147,True,False,True,late
2026_07_21_gym,flight_6,SHORT,950,ok,682.7370,682.7370000000001,591.6463021518751,201.3984986670936,13.304119331010147,True,False,True,late
2026_07_21_gym,flight_6,SHORT,1000,ok,682.7370,682.7370000000001,591.6463021518751,201.78290666795024,13.304119331010147,True,False,True,late
2026_07_21_gym,flight_6,SHORT,1050,ok,682.7370,682.7370000000001,591.6463021518751,201.81050066712,13.304119331010147,True,False,True,late
2026_07_21_gym,flight_6,SHORT,1100,ok,682.7370,682.7370000000001,591.6463021518751,201.34885066902885,13.304119331010147,True,False,True,late
2026_07_21_gym,flight_6,SHORT,1150,ok,682.7370,682.7370000000001,591.6463021518751,200.93103566827872,13.304119331010147,True,False,True,late
2026_07_21_gym,flight_6,SHORT,1200,ok,682.7370,682.7370000000001,591.6463021518751,201.91627766533443,13.304119331010147,True,False,True,late
2026_07_21_gym,flight_6,SHORT,1250,ok,682.7370,682.7370000000001,591.6463021518751,201.75548066819707,13.304119331010147,True,False,True,late
2026_07_21_gym,flight_61,SHORT,150,ok,150.0000,649.4205,633.0066295661782,116.75627766611676,155.73565675166782,True,True,True,success
2026_07_21_gym,flight_61,SHORT,200,ok,200.0000,649.4205,633.0066295661782,133.23526066883156,36.509426719151946,True,True,True,success
2026_07_21_gym,flight_61,SHORT,250,ok,250.0000,649.4205,633.0066295661782,139.993444665956,124.54085614431602,True,True,True,success
2026_07_21_gym,flight_61,SHORT,300,ok,300.0000,649.4205,633.0066295661782,182.67444566699365,7.236664277692824,True,True,True,success
2026_07_21_gym,flight_61,SHORT,350,ok,350.0000,649.4205,633.0066295661782,161.61664766694108,59.89399392359138,True,True,True,success
2026_07_21_gym,flight_61,SHORT,400,ok,400.0000,649.4205,633.0066295661782,168.2449636661137,59.89393474600956,True,True,True,success
2026_07_21_gym,flight_61,SHORT,450,ok,450.0000,649.4205,633.0066295661782,167.24687066643187,63.59456386982716,True,True,True,success
2026_07_21_gym,flight_61,SHORT,490,ok,490.0000,649.4205,633.0066295661782,175.25679666517922,72.99909723636874,True,True,True,success
2026_07_21_gym,flight_61,SHORT,500,ok,500.0000,649.4205,633.0066295661782,176.60155466633537,37.974623236249734,True,True,True,success
2026_07_21_gym,flight_61,SHORT,550,ok,550.0000,649.4205,633.0066295661782,188.0474246662731,16.1726208780123,True,False,True,late
2026_07_21_gym,flight_61,SHORT,600,ok,600.0000,649.4205,633.0066295661782,190.64690766731897,20.114658361254214,True,False,True,late
2026_07_21_gym,flight_61,SHORT,650,ok,649.4205,649.4205,633.0066295661782,191.39422166595855,22.752829827511874,True,False,True,late
2026_07_21_gym,flight_61,SHORT,700,ok,649.4205,649.4205,633.0066295661782,200.79024166675904,67.25203965065329,True,False,True,late
2026_07_21_gym,flight_61,SHORT,750,ok,649.4205,649.4205,633.0066295661782,201.41009266736606,67.25203965065329,True,False,True,late
2026_07_21_gym,flight_61,SHORT,800,ok,649.4205,649.4205,633.0066295661782,201.93564966662476,67.25203965065329,True,False,True,late
2026_07_21_gym,flight_61,SHORT,850,ok,649.4205,649.4205,633.0066295661782,201.48568566764393,67.25203965065329,True,False,True,late
2026_07_21_gym,flight_61,SHORT,900,ok,649.4205,649.4205,633.0066295661782,200.78662966533253,67.25203965065329,True,False,True,late
2026_07_21_gym,flight_61,SHORT,950,ok,649.4205,649.4205,633.0066295661782,201.64392666860172,67.25203965065329,True,False,True,late
2026_07_21_gym,flight_61,SHORT,1000,ok,649.4205,649.4205,633.0066295661782,201.33405566836396,67.25203965065329,True,False,True,late
2026_07_21_gym,flight_61,SHORT,1050,ok,649.4205,649.4205,633.0066295661782,201.92529566554973,67.25203965065329,True,False,True,late
2026_07_21_gym,flight_61,SHORT,1100,ok,649.4205,649.4205,633.0066295661782,200.86144366456816,67.25203965065329,True,False,True,late
2026_07_21_gym,flight_61,SHORT,1150,ok,649.4205,649.4205,633.0066295661782,201.39335266749063,67.25203965065329,True,False,True,late
2026_07_21_gym,flight_61,SHORT,1200,ok,649.4205,649.4205,633.0066295661782,201.9819076663504,67.25203965065329,True,False,True,late
2026_07_21_gym,flight_61,SHORT,1250,ok,649.4205,649.4205,633.0066295661782,201.40844366854677,67.25203965065329,True,False,True,late
2026_07_21_gym,flight_62,SHORT,150,ok,150.0000,732.6825,551.4304902786489,120.12805466695379,112.16439755693519,True,True,True,success
2026_07_21_gym,flight_62,SHORT,200,ok,200.0000,732.6825,551.4304902786489,124.02440666562568,92.56318330562496,True,True,True,success
2026_07_21_gym,flight_62,SHORT,250,ok,250.0000,732.6825,551.4304902786489,138.88370366736004,83.66120406547277,True,True,True,success
2026_07_21_gym,flight_62,SHORT,300,ok,300.0000,732.6825,551.4304902786489,141.81733466840038,136.1112977852287,True,True,True,success
2026_07_21_gym,flight_62,SHORT,350,ok,350.0000,732.6825,551.4304902786489,155.83555566674718,134.40726088696283,True,True,True,success
2026_07_21_gym,flight_62,SHORT,400,ok,400.0000,732.6825,551.4304902786489,169.47720266661295,23.137845337600965,True,True,True,success
2026_07_21_gym,flight_62,SHORT,450,ok,450.0000,732.6825,551.4304902786489,184.04473966608444,33.30043489938732,True,True,True,success
2026_07_21_gym,flight_62,SHORT,490,ok,490.0000,732.6825,551.4304902786489,185.21700066669533,38.75388244376335,True,False,True,late
2026_07_21_gym,flight_62,SHORT,500,ok,500.0000,732.6825,551.4304902786489,189.2700016691039,54.78358363677389,True,False,True,late
2026_07_21_gym,flight_62,SHORT,550,ok,550.0000,732.6825,551.4304902786489,186.6459996641303,22.583268855565024,True,False,True,late
2026_07_21_gym,flight_62,SHORT,600,ok,600.0000,732.6825,551.4304902786489,194.97692566613355,30.971074082669677,True,False,True,late
2026_07_21_gym,flight_62,SHORT,650,ok,650.0000,732.6825,551.4304902786489,197.72251866633692,50.73367161753308,True,False,True,late
2026_07_21_gym,flight_62,SHORT,700,ok,700.0000,732.6825,551.4304902786489,222.29064866683134,51.26092802410223,True,False,True,late
2026_07_21_gym,flight_62,SHORT,750,ok,732.6825,732.6825,551.4304902786489,215.49324066812792,14.443043621762776,True,False,True,late
2026_07_21_gym,flight_62,SHORT,800,ok,732.6825,732.6825,551.4304902786489,214.8329816662396,14.443043621762776,True,False,True,late
2026_07_21_gym,flight_62,SHORT,850,ok,732.6825,732.6825,551.4304902786489,215.3887966653953,14.443043621762776,True,False,True,late
2026_07_21_gym,flight_62,SHORT,900,ok,732.6825,732.6825,551.4304902786489,215.21003866723427,14.443043621762776,True,False,True,late
2026_07_21_gym,flight_62,SHORT,950,ok,732.6825,732.6825,551.4304902786489,215.33064766569683,14.443043621762776,True,False,True,late
2026_07_21_gym,flight_62,SHORT,1000,ok,732.6825,732.6825,551.4304902786489,245.1566306647534,14.443043621762776,True,False,True,late
2026_07_21_gym,flight_62,SHORT,1050,ok,732.6825,732.6825,551.4304902786489,215.72188766362765,14.443043621762776,True,False,True,late
2026_07_21_gym,flight_62,SHORT,1100,ok,732.6825,732.6825,551.4304902786489,215.74081366571286,14.443043621762776,True,False,True,late
2026_07_21_gym,flight_62,SHORT,1150,ok,732.6825,732.6825,551.4304902786489,215.28972166466215,14.443043621762776,True,False,True,late
2026_07_21_gym,flight_62,SHORT,1200,ok,732.6825,732.6825,551.4304902786489,214.30459166473398,14.443043621762776,True,False,True,late
2026_07_21_gym,flight_62,SHORT,1250,ok,732.6825,732.6825,551.4304902786489,215.19635166569302,14.443043621762776,True,False,True,late
2026_07_21_gym,flight_63,SHORT,150,ok,150.0000,716.032,613.2055940441851,116.99479666600625,362.1135703565231,True,True,False,wrong
2026_07_21_gym,flight_63,SHORT,200,ok,200.0000,716.032,613.2055940441851,130.1839436671386,239.30461442192458,True,True,False,wrong
2026_07_21_gym,flight_63,SHORT,250,ok,250.0000,716.032,613.2055940441851,144.27448166596392,118.47497829843324,True,True,True,success
2026_07_21_gym,flight_63,SHORT,300,ok,300.0000,716.032,613.2055940441851,157.32844366660962,65.12467864548627,True,True,True,success
2026_07_21_gym,flight_63,SHORT,350,ok,350.0000,716.032,613.2055940441851,174.21059166515866,124.51573904896817,True,True,True,success
2026_07_21_gym,flight_63,SHORT,400,ok,400.0000,716.032,613.2055940441851,167.52877866725126,125.63730407357646,True,True,True,success
2026_07_21_gym,flight_63,SHORT,450,ok,450.0000,716.032,613.2055940441851,162.48642566582808,125.63730433547087,True,True,True,success
2026_07_21_gym,flight_63,SHORT,490,ok,490.0000,716.032,613.2055940441851,174.44564766592035,48.425502224208664,True,True,True,success
2026_07_21_gym,flight_63,SHORT,500,ok,500.0000,716.032,613.2055940441851,174.2275916651512,47.35750378876651,True,True,True,success
2026_07_21_gym,flight_63,SHORT,550,ok,550.0000,716.032,613.2055940441851,186.84368566672006,28.71009413324955,True,False,True,late
2026_07_21_gym,flight_63,SHORT,600,ok,600.0000,716.032,613.2055940441851,194.6787586674715,13.385068557486042,True,False,True,late
2026_07_21_gym,flight_63,SHORT,650,ok,650.0000,716.032,613.2055940441851,199.5574826678882,4.60057611627882,True,False,True,late
2026_07_21_gym,flight_63,SHORT,700,ok,700.0000,716.032,613.2055940441851,192.98940866688886,4.417807609486601,True,False,True,late
2026_07_21_gym,flight_63,SHORT,750,ok,716.0320,716.032,613.2055940441851,193.9009256667147,4.417807609486601,True,False,True,late
2026_07_21_gym,flight_63,SHORT,800,ok,716.0320,716.032,613.2055940441851,193.4625746651242,4.417807609486601,True,False,True,late
2026_07_21_gym,flight_63,SHORT,850,ok,716.0320,716.032,613.2055940441851,193.57348166468242,4.417807609486601,True,False,True,late
2026_07_21_gym,flight_63,SHORT,900,ok,716.0320,716.032,613.2055940441851,193.2074256647999,4.417807609486601,True,False,True,late
2026_07_21_gym,flight_63,SHORT,950,ok,716.0320,716.032,613.2055940441851,194.02983366480717,4.417807609486601,True,False,True,late
2026_07_21_gym,flight_63,SHORT,1000,ok,716.0320,716.032,613.2055940441851,193.8885376645873,4.417807609486601,True,False,True,late
2026_07_21_gym,flight_63,SHORT,1050,ok,716.0320,716.032,613.2055940441851,193.47787166542062,4.417807609486601,True,False,True,late
2026_07_21_gym,flight_63,SHORT,1100,ok,716.0320,716.032,613.2055940441851,193.06637066571662,4.417807609486601,True,False,True,late
2026_07_21_gym,flight_63,SHORT,1150,ok,716.0320,716.032,613.2055940441851,194.0190196658174,4.417807609486601,True,False,True,late
2026_07_21_gym,flight_63,SHORT,1200,ok,716.0320,716.032,613.2055940441851,193.66266666694233,4.417807609486601,True,False,True,late
2026_07_21_gym,flight_63,SHORT,1250,ok,716.0320,716.032,613.2055940441851,193.97896266604462,4.417807609486601,True,False,True,late
2026_07_21_gym,flight_64,SHORT,150,ok,150.0000,782.6410000000001,629.1047424812049,116.95475966731708,143.53589493828377,True,True,True,success
2026_07_21_gym,flight_64,SHORT,200,ok,200.0000,782.6410000000001,629.1047424812049,128.88892566474775,157.01797119232018,True,True,True,success
2026_07_21_gym,flight_64,SHORT,250,ok,250.0000,782.6410000000001,629.1047424812049,138.80733366558948,263.7468368126131,True,True,False,wrong
2026_07_21_gym,flight_64,SHORT,300,ok,300.0000,782.6410000000001,629.1047424812049,145.60074066619077,180.14694622898597,True,True,True,success
2026_07_21_gym,flight_64,SHORT,350,ok,350.0000,782.6410000000001,629.1047424812049,154.7005916663135,93.11354499015927,True,True,True,success
2026_07_21_gym,flight_64,SHORT,400,ok,400.0000,782.6410000000001,629.1047424812049,163.35983366674432,93.11349566683135,True,True,True,success
2026_07_21_gym,flight_64,SHORT,450,ok,450.0000,782.6410000000001,629.1047424812049,176.11975966549167,30.881357599280342,True,True,True,success
2026_07_21_gym,flight_64,SHORT,490,ok,490.0000,782.6410000000001,629.1047424812049,184.06096366575608,31.37811309179534,True,True,True,success
2026_07_21_gym,flight_64,SHORT,500,ok,500.0000,782.6410000000001,629.1047424812049,183.64738866562644,28.324273225254814,True,True,True,success
2026_07_21_gym,flight_64,SHORT,550,ok,550.0000,782.6410000000001,629.1047424812049,188.25672066553184,86.9804098519715,True,False,True,late
2026_07_21_gym,flight_64,SHORT,600,ok,600.0000,782.6410000000001,629.1047424812049,198.1466846667851,76.57816863968847,True,False,True,late
2026_07_21_gym,flight_64,SHORT,650,ok,650.0000,782.6410000000001,629.1047424812049,194.337776667128,24.4509751732583,True,False,True,late
2026_07_21_gym,flight_64,SHORT,700,ok,700.0000,782.6410000000001,629.1047424812049,213.36461066703,19.050821814173528,True,False,True,late
2026_07_21_gym,flight_64,SHORT,750,ok,750.0000,782.6410000000001,629.1047424812049,211.12588966699937,75.37431813671834,True,False,True,late
2026_07_21_gym,flight_64,SHORT,800,ok,782.6410,782.6410000000001,629.1047424812049,217.13561066581556,21.923207059647357,True,False,True,late
2026_07_21_gym,flight_64,SHORT,850,ok,782.6410,782.6410000000001,629.1047424812049,218.43134966834137,21.923207059647357,True,False,True,late
2026_07_21_gym,flight_64,SHORT,900,ok,782.6410,782.6410000000001,629.1047424812049,217.38098066641638,21.923207059647357,True,False,True,late
2026_07_21_gym,flight_64,SHORT,950,ok,782.6410,782.6410000000001,629.1047424812049,218.26640566873053,21.923207059647357,True,False,True,late
2026_07_21_gym,flight_64,SHORT,1000,ok,782.6410,782.6410000000001,629.1047424812049,217.12127666703114,21.923207059647357,True,False,True,late
2026_07_21_gym,flight_64,SHORT,1050,ok,782.6410,782.6410000000001,629.1047424812049,224.34135166803995,21.923207059647357,True,False,True,late
2026_07_21_gym,flight_64,SHORT,1100,ok,782.6410,782.6410000000001,629.1047424812049,218.05818466717997,21.923207059647357,True,False,True,late
2026_07_21_gym,flight_64,SHORT,1150,ok,782.6410,782.6410000000001,629.1047424812049,217.6356656687955,21.923207059647357,True,False,True,late
2026_07_21_gym,flight_64,SHORT,1200,ok,782.6410,782.6410000000001,629.1047424812049,217.20070166668543,21.923207059647357,True,False,True,late
2026_07_21_gym,flight_64,SHORT,1250,ok,782.6410,782.6410000000001,629.1047424812049,218.2768336671094,21.923207059647357,True,False,True,late
2026_07_21_gym,flight_65,SHORT,150,ok,150.0000,716.0360000000001,663.2031740471182,117.69825966532032,341.868129905117,True,True,False,wrong
2026_07_21_gym,flight_65,SHORT,200,ok,200.0000,716.0360000000001,663.2031740471182,129.1812786652396,168.51025490108645,True,True,True,success
2026_07_21_gym,flight_65,SHORT,250,ok,250.0000,716.0360000000001,663.2031740471182,135.693369665804,233.08360462365823,True,True,False,wrong
2026_07_21_gym,flight_65,SHORT,300,ok,300.0000,716.0360000000001,663.2031740471182,144.48661166771004,263.87190653713907,True,True,False,wrong
2026_07_21_gym,flight_65,SHORT,350,ok,350.0000,716.0360000000001,663.2031740471182,150.42674066654095,196.62506921464643,True,True,True,success
2026_07_21_gym,flight_65,SHORT,400,ok,400.0000,716.0360000000001,663.2031740471182,158.34981366681555,44.24926056087861,True,True,True,success
2026_07_21_gym,flight_65,SHORT,450,ok,450.0000,716.0360000000001,663.2031740471182,167.44761066666493,33.59865267012392,True,True,True,success
2026_07_21_gym,flight_65,SHORT,490,ok,490.0000,716.0360000000001,663.2031740471182,174.15411266653487,77.39095089821647,True,True,True,success
2026_07_21_gym,flight_65,SHORT,500,ok,500.0000,716.0360000000001,663.2031740471182,174.70148266727725,77.39095089821647,True,True,True,success
2026_07_21_gym,flight_65,SHORT,550,ok,550.0000,716.0360000000001,663.2031740471182,187.32914866848537,52.651217091229114,True,True,True,success
2026_07_21_gym,flight_65,SHORT,600,ok,600.0000,716.0360000000001,663.2031740471182,189.48400066855052,29.00427126874861,True,False,True,late
2026_07_21_gym,flight_65,SHORT,650,ok,650.0000,716.0360000000001,663.2031740471182,202.4762036676208,35.58031441000412,True,False,True,late
2026_07_21_gym,flight_65,SHORT,700,ok,700.0000,716.0360000000001,663.2031740471182,198.06266766662398,0.8963125373268858,True,False,True,late
2026_07_21_gym,flight_65,SHORT,750,ok,716.0360,716.0360000000001,663.2031740471182,207.58781466508904,53.68529418208556,True,False,True,late
2026_07_21_gym,flight_65,SHORT,800,ok,716.0360,716.0360000000001,663.2031740471182,207.60492566569397,53.68529418208556,True,False,True,late
2026_07_21_gym,flight_65,SHORT,850,ok,716.0360,716.0360000000001,663.2031740471182,207.86427666588375,53.68529418208556,True,False,True,late
2026_07_21_gym,flight_65,SHORT,900,ok,716.0360,716.0360000000001,663.2031740471182,206.7575356668482,53.68529418208556,True,False,True,late
2026_07_21_gym,flight_65,SHORT,950,ok,716.0360,716.0360000000001,663.2031740471182,207.62625866631666,53.68529418208556,True,False,True,late
2026_07_21_gym,flight_65,SHORT,1000,ok,716.0360,716.0360000000001,663.2031740471182,207.55348166512945,53.68529418208556,True,False,True,late
2026_07_21_gym,flight_65,SHORT,1050,ok,716.0360,716.0360000000001,663.2031740471182,207.94509266658375,53.68529418208556,True,False,True,late
2026_07_21_gym,flight_65,SHORT,1100,ok,716.0360,716.0360000000001,663.2031740471182,207.0550376639391,53.68529418208556,True,False,True,late
2026_07_21_gym,flight_65,SHORT,1150,ok,716.0360,716.0360000000001,663.2031740471182,207.62068566555777,53.68529418208556,True,False,True,late
2026_07_21_gym,flight_65,SHORT,1200,ok,716.0360,716.0360000000001,663.2031740471182,207.3671106674398,53.68529418208556,True,False,True,late
2026_07_21_gym,flight_65,SHORT,1250,ok,716.0360,716.0360000000001,663.2031740471182,207.35475766441473,53.68529418208556,True,False,True,late
2026_07_21_gym,flight_66,SHORT,150,ok,150.0000,582.8225,577.368968304612,107.20262866529326,235.54295319391477,True,True,False,wrong
2026_07_21_gym,flight_66,SHORT,200,ok,200.0000,582.8225,577.368968304612,129.39016466556737,122.54256869839315,True,True,True,success
2026_07_21_gym,flight_66,SHORT,250,ok,250.0000,582.8225,577.368968304612,134.02018466840187,78.57941426823504,True,True,True,success
2026_07_21_gym,flight_66,SHORT,300,ok,300.0000,582.8225,577.368968304612,143.23027766651163,68.26888437527474,True,True,True,success
2026_07_21_gym,flight_66,SHORT,350,ok,350.0000,582.8225,577.368968304612,153.17407466626415,50.49953255783706,True,True,True,success
2026_07_21_gym,flight_66,SHORT,400,ok,400.0000,582.8225,577.368968304612,158.62359066555896,42.178565777414114,True,True,True,success
2026_07_21_gym,flight_66,SHORT,450,ok,450.0000,582.8225,577.368968304612,167.02900066661337,20.80014067661722,True,True,True,success
2026_07_21_gym,flight_66,SHORT,490,ok,490.0000,582.8225,577.368968304612,174.1515726648892,59.41265992879211,True,False,True,late
2026_07_21_gym,flight_66,SHORT,500,ok,500.0000,582.8225,577.368968304612,175.2094636686767,25.96924843103692,True,False,True,late
2026_07_21_gym,flight_66,SHORT,550,ok,550.0000,582.8225,577.368968304612,185.43664666792998,39.19714997814081,True,False,True,late
2026_07_21_gym,flight_66,SHORT,600,ok,582.8225,582.8225,577.368968304612,183.60074166456857,55.82253457101831,True,False,True,late
2026_07_21_gym,flight_66,SHORT,650,ok,582.8225,582.8225,577.368968304612,183.90374066649625,55.82253457101831,True,False,True,late
2026_07_21_gym,flight_66,SHORT,700,ok,582.8225,582.8225,577.368968304612,183.35124066627273,55.82253457101831,True,False,True,late
2026_07_21_gym,flight_66,SHORT,750,ok,582.8225,582.8225,577.368968304612,182.79875966596106,55.82253457101831,True,False,True,late
2026_07_21_gym,flight_66,SHORT,800,ok,582.8225,582.8225,577.368968304612,183.5816106662775,55.82253457101831,True,False,True,late
2026_07_21_gym,flight_66,SHORT,850,ok,582.8225,582.8225,577.368968304612,183.114796666118,55.82253457101831,True,False,True,late
2026_07_21_gym,flight_66,SHORT,900,ok,582.8225,582.8225,577.368968304612,183.3470546665291,55.82253457101831,True,False,True,late
2026_07_21_gym,flight_66,SHORT,950,ok,582.8225,582.8225,577.368968304612,183.0300746668751,55.82253457101831,True,False,True,late
2026_07_21_gym,flight_66,SHORT,1000,ok,582.8225,582.8225,577.368968304612,183.2516496653358,55.82253457101831,True,False,True,late
2026_07_21_gym,flight_66,SHORT,1050,ok,582.8225,582.8225,577.368968304612,183.2534446666638,55.82253457101831,True,False,True,late
2026_07_21_gym,flight_66,SHORT,1100,ok,582.8225,582.8225,577.368968304612,183.09144366687784,55.82253457101831,True,False,True,late
2026_07_21_gym,flight_66,SHORT,1150,ok,582.8225,582.8225,577.368968304612,182.58405666581044,55.82253457101831,True,False,True,late
2026_07_21_gym,flight_66,SHORT,1200,ok,582.8225,582.8225,577.368968304612,183.38727866640934,55.82253457101831,True,False,True,late
2026_07_21_gym,flight_66,SHORT,1250,ok,582.8225,582.8225,577.368968304612,183.18798166668662,55.82253457101831,True,False,True,late
2026_07_21_gym,flight_68,SHORT,150,ok,150.0000,832.6035,685.2593020611113,119.57890666710834,126.58375151622643,True,True,True,success
2026_07_21_gym,flight_68,SHORT,200,ok,200.0000,832.6035,685.2593020611113,128.01179666506746,112.55794761095088,True,True,True,success
2026_07_21_gym,flight_68,SHORT,250,ok,250.0000,832.6035,685.2593020611113,140.07220266635218,128.66331508224246,True,True,True,success
2026_07_21_gym,flight_68,SHORT,300,ok,300.0000,832.6035,685.2593020611113,148.03885166502246,78.42555066973998,True,True,True,success
2026_07_21_gym,flight_68,SHORT,350,ok,350.0000,832.6035,685.2593020611113,153.54403466700265,88.18148998545752,True,True,True,success
2026_07_21_gym,flight_68,SHORT,400,ok,400.0000,832.6035,685.2593020611113,168.38073966527978,66.26335580372195,True,True,True,success
2026_07_21_gym,flight_68,SHORT,450,ok,450.0000,832.6035,685.2593020611113,175.38627766786763,60.665821511025094,True,True,True,success
2026_07_21_gym,flight_68,SHORT,490,ok,490.0000,832.6035,685.2593020611113,187.15472266698876,55.814355714408954,True,True,True,success
2026_07_21_gym,flight_68,SHORT,500,ok,500.0000,832.6035,685.2593020611113,188.76816666747132,52.32249598241725,True,True,True,success
2026_07_21_gym,flight_68,SHORT,550,ok,550.0000,832.6035,685.2593020611113,194.2769076672072,68.94333545524412,True,True,True,success
2026_07_21_gym,flight_68,SHORT,600,ok,600.0000,832.6035,685.2593020611113,203.23840766741583,72.14139194871132,True,False,True,late
2026_07_21_gym,flight_68,SHORT,650,ok,650.0000,832.6035,685.2593020611113,206.18322166769454,50.17194120977492,True,False,True,late
2026_07_21_gym,flight_68,SHORT,700,ok,700.0000,832.6035,685.2593020611113,214.45759366607913,9.729180588757453,True,False,True,late
2026_07_21_gym,flight_68,SHORT,750,ok,750.0000,832.6035,685.2593020611113,215.92133266540864,10.03347576641387,True,False,True,late
2026_07_21_gym,flight_68,SHORT,800,ok,800.0000,832.6035,685.2593020611113,220.57757266672948,6.118556931407092,True,False,True,late
2026_07_21_gym,flight_68,SHORT,850,ok,832.6035,832.6035,685.2593020611113,221.97579566823939,21.639341440096164,True,False,True,late
2026_07_21_gym,flight_68,SHORT,900,ok,832.6035,832.6035,685.2593020611113,222.326000667798,21.639341440096164,True,False,True,late
2026_07_21_gym,flight_68,SHORT,950,ok,832.6035,832.6035,685.2593020611113,221.78874166558185,21.639341440096164,True,False,True,late
2026_07_21_gym,flight_68,SHORT,1000,ok,832.6035,832.6035,685.2593020611113,221.89714866659293,21.639341440096164,True,False,True,late
2026_07_21_gym,flight_68,SHORT,1050,ok,832.6035,832.6035,685.2593020611113,222.28007366663465,21.639341440096164,True,False,True,late
2026_07_21_gym,flight_68,SHORT,1100,ok,832.6035,832.6035,685.2593020611113,221.9522406651328,21.639341440096164,True,False,True,late
2026_07_21_gym,flight_68,SHORT,1150,ok,832.6035,832.6035,685.2593020611113,222.138907666939,21.639341440096164,True,False,True,late
2026_07_21_gym,flight_68,SHORT,1200,ok,832.6035,832.6035,685.2593020611113,221.42562966576466,21.639341440096164,True,False,True,late
2026_07_21_gym,flight_68,SHORT,1250,ok,832.6035,832.6035,685.2593020611113,222.52105566641936,21.639341440096164,True,False,True,late
2026_07_21_gym,flight_69,SHORT,150,ok,150.0000,815.9535,620.1356508904622,119.30799966740112,90.5600748358158,True,True,True,success
2026_07_21_gym,flight_69,SHORT,200,ok,200.0000,815.9535,620.1356508904622,129.51755466653654,99.0955306753496,True,True,True,success
2026_07_21_gym,flight_69,SHORT,250,ok,250.0000,815.9535,620.1356508904622,139.70659266753742,257.2608256917576,True,True,False,wrong
2026_07_21_gym,flight_69,SHORT,300,ok,300.0000,815.9535,620.1356508904622,144.83090766581395,347.03258963057056,True,True,False,wrong
2026_07_21_gym,flight_69,SHORT,350,ok,350.0000,815.9535,620.1356508904622,156.03681466790536,185.12556834567624,True,True,True,success
2026_07_21_gym,flight_69,SHORT,400,ok,400.0000,815.9535,620.1356508904622,168.6180556664864,155.82356303485398,True,True,True,success
2026_07_21_gym,flight_69,SHORT,450,ok,450.0000,815.9535,620.1356508904622,175.72609066652754,146.80834743724554,True,True,True,success
2026_07_21_gym,flight_69,SHORT,490,ok,490.0000,815.9535,620.1356508904622,195.38516566778222,148.11242303436677,True,True,True,success
2026_07_21_gym,flight_69,SHORT,500,ok,500.0000,815.9535,620.1356508904622,213.05149866702655,41.29660418187628,True,False,True,late
2026_07_21_gym,flight_69,SHORT,550,ok,550.0000,815.9535,620.1356508904622,191.67972266642997,39.467792975744885,True,False,True,late
2026_07_21_gym,flight_69,SHORT,600,ok,600.0000,815.9535,620.1356508904622,195.09011166604856,28.831656015608214,True,False,True,late
2026_07_21_gym,flight_69,SHORT,650,ok,650.0000,815.9535,620.1356508904622,207.91359066652754,21.290900028546886,True,False,True,late
2026_07_21_gym,flight_69,SHORT,700,ok,700.0000,815.9535,620.1356508904622,207.4382406665633,33.011591128024904,True,False,True,late
2026_07_21_gym,flight_69,SHORT,750,ok,750.0000,815.9535,620.1356508904622,211.519868666927,22.30942308579807,True,False,True,late
2026_07_21_gym,flight_69,SHORT,800,ok,800.0000,815.9535,620.1356508904622,216.36772166627148,40.39783970678443,True,False,True,late
2026_07_21_gym,flight_69,SHORT,850,ok,815.9535,815.9535,620.1356508904622,232.81209166782597,4.219955306334042,True,False,True,late
2026_07_21_gym,flight_69,SHORT,900,ok,815.9535,815.9535,620.1356508904622,232.3517396679769,4.219955306334042,True,False,True,late
2026_07_21_gym,flight_69,SHORT,950,ok,815.9535,815.9535,620.1356508904622,232.9346106663967,4.219955306334042,True,False,True,late
2026_07_21_gym,flight_69,SHORT,1000,ok,815.9535,815.9535,620.1356508904622,232.6894996666039,4.219955306334042,True,False,True,late
2026_07_21_gym,flight_69,SHORT,1050,ok,815.9535,815.9535,620.1356508904622,232.67225766802827,4.219955306334042,True,False,True,late
2026_07_21_gym,flight_69,SHORT,1100,ok,815.9535,815.9535,620.1356508904622,232.79455566840866,4.219955306334042,True,False,True,late
2026_07_21_gym,flight_69,SHORT,1150,ok,815.9535,815.9535,620.1356508904622,232.12729666630426,4.219955306334042,True,False,True,late
2026_07_21_gym,flight_69,SHORT,1200,ok,815.9535,815.9535,620.1356508904622,233.01838866683343,4.219955306334042,True,False,True,late
2026_07_21_gym,flight_69,SHORT,1250,ok,815.9535,815.9535,620.1356508904622,232.7522596657897,4.219955306334042,True,False,True,late
2026_07_21_gym,flight_70,SHORT,150,ok,150.0000,649.432,568.9490972299355,127.44546566500019,396.0674541356842,True,True,False,wrong
2026_07_21_gym,flight_70,SHORT,200,ok,200.0000,649.432,568.9490972299355,128.79133166807392,215.89245570456376,True,True,False,wrong
2026_07_21_gym,flight_70,SHORT,250,ok,250.0000,649.432,568.9490972299355,138.381573666508,76.8407248260533,True,True,True,success
2026_07_21_gym,flight_70,SHORT,300,ok,300.0000,649.432,568.9490972299355,142.17809266472855,69.2266728650672,True,True,True,success
2026_07_21_gym,flight_70,SHORT,350,ok,350.0000,649.432,568.9490972299355,154.57903666856387,53.34367010615146,True,True,True,success
2026_07_21_gym,flight_70,SHORT,400,ok,400.0000,649.432,568.9490972299355,162.0108526662613,30.477365604978047,True,True,True,success
2026_07_21_gym,flight_70,SHORT,450,ok,450.0000,649.432,568.9490972299355,173.52885366572687,43.81827577998502,True,True,True,success
2026_07_21_gym,flight_70,SHORT,490,ok,490.0000,649.432,568.9490972299355,179.19800066730627,21.43485323408115,True,False,True,late
2026_07_21_gym,flight_70,SHORT,500,ok,500.0000,649.432,568.9490972299355,183.59870366534838,20.554403201957015,True,False,True,late
2026_07_21_gym,flight_70,SHORT,550,ok,550.0000,649.432,568.9490972299355,187.17888766589263,29.1625490159077,True,False,True,late
2026_07_21_gym,flight_70,SHORT,600,ok,600.0000,649.432,568.9490972299355,189.69175866773972,24.68079709882883,True,False,True,late
2026_07_21_gym,flight_70,SHORT,650,ok,649.4320,649.432,568.9490972299355,192.77205466634283,28.260910834950803,True,False,True,late
2026_07_21_gym,flight_70,SHORT,700,ok,649.4320,649.432,568.9490972299355,201.9899076676617,49.2435980617126,True,False,True,late
2026_07_21_gym,flight_70,SHORT,750,ok,649.4320,649.432,568.9490972299355,201.42861166751632,49.2435980617126,True,False,True,late
2026_07_21_gym,flight_70,SHORT,800,ok,649.4320,649.432,568.9490972299355,201.77083366612592,49.2435980617126,True,False,True,late
2026_07_21_gym,flight_70,SHORT,850,ok,649.4320,649.432,568.9490972299355,200.93803666594127,49.2435980617126,True,False,True,late
2026_07_21_gym,flight_70,SHORT,900,ok,649.4320,649.432,568.9490972299355,201.83170366721848,49.2435980617126,True,False,True,late
2026_07_21_gym,flight_70,SHORT,950,ok,649.4320,649.432,568.9490972299355,201.88029666772732,49.2435980617126,True,False,True,late
2026_07_21_gym,flight_70,SHORT,1000,ok,649.4320,649.432,568.9490972299355,201.772370668749,49.2435980617126,True,False,True,late
2026_07_21_gym,flight_70,SHORT,1050,ok,649.4320,649.432,568.9490972299355,201.2238336658726,49.2435980617126,True,False,True,late
2026_07_21_gym,flight_70,SHORT,1100,ok,649.4320,649.432,568.9490972299355,201.80268566931287,49.2435980617126,True,False,True,late
2026_07_21_gym,flight_70,SHORT,1150,ok,649.4320,649.432,568.9490972299355,201.3189446662242,49.2435980617126,True,False,True,late
2026_07_21_gym,flight_70,SHORT,1200,ok,649.4320,649.432,568.9490972299355,201.5636856664593,49.2435980617126,True,False,True,late
2026_07_21_gym,flight_70,SHORT,1250,ok,649.4320,649.432,568.9490972299355,200.99120366821685,49.2435980617126,True,False,True,late
2026_07_21_gym,flight_72,SHORT,150,fit_failed,150.0000,682.6785,624.8377841131044,,,False,,,no_response
2026_07_21_gym,flight_72,SHORT,200,ok,200.0000,682.6785,624.8377841131044,129.74425966727236,262.97698786911076,True,True,False,wrong
2026_07_21_gym,flight_72,SHORT,250,ok,250.0000,682.6785,624.8377841131044,157.26911066720882,54.979424858311525,True,True,True,success
2026_07_21_gym,flight_72,SHORT,300,ok,300.0000,682.6785,624.8377841131044,152.79405566739538,118.86596182729525,True,True,True,success
2026_07_21_gym,flight_72,SHORT,350,ok,350.0000,682.6785,624.8377841131044,164.43838766651848,137.26251569964634,True,True,True,success
2026_07_21_gym,flight_72,SHORT,400,ok,400.0000,682.6785,624.8377841131044,160.2348696651558,37.98046864822989,True,True,True,success
2026_07_21_gym,flight_72,SHORT,450,ok,450.0000,682.6785,624.8377841131044,166.89083466740945,105.72269645428938,True,True,True,success
2026_07_21_gym,flight_72,SHORT,490,ok,490.0000,682.6785,624.8377841131044,171.7837756673495,39.926285241528056,True,True,True,success
2026_07_21_gym,flight_72,SHORT,500,ok,500.0000,682.6785,624.8377841131044,177.2952416675786,70.65164045331481,True,True,True,success
2026_07_21_gym,flight_72,SHORT,550,ok,550.0000,682.6785,624.8377841131044,190.049128667141,20.945274398446987,True,False,True,late
2026_07_21_gym,flight_72,SHORT,600,ok,600.0000,682.6785,624.8377841131044,193.01024066625783,33.85190351882321,True,False,True,late
2026_07_21_gym,flight_72,SHORT,650,ok,650.0000,682.6785,624.8377841131044,196.6769626677657,28.02603971315323,True,False,True,late
2026_07_21_gym,flight_72,SHORT,700,ok,682.6785,682.6785,624.8377841131044,201.48742466668287,37.32997964814395,True,False,True,late
2026_07_21_gym,flight_72,SHORT,750,ok,682.6785,682.6785,624.8377841131044,218.75953666648516,37.32997964814395,True,False,True,late
2026_07_21_gym,flight_72,SHORT,800,ok,682.6785,682.6785,624.8377841131044,201.65305366801718,37.32997964814395,True,False,True,late
2026_07_21_gym,flight_72,SHORT,850,ok,682.6785,682.6785,624.8377841131044,201.607721666495,37.32997964814395,True,False,True,late
2026_07_21_gym,flight_72,SHORT,900,ok,682.6785,682.6785,624.8377841131044,201.76422166793296,37.32997964814395,True,False,True,late
2026_07_21_gym,flight_72,SHORT,950,ok,682.6785,682.6785,624.8377841131044,200.98022166701654,37.32997964814395,True,False,True,late
2026_07_21_gym,flight_72,SHORT,1000,ok,682.6785,682.6785,624.8377841131044,201.50338866810003,37.32997964814395,True,False,True,late
2026_07_21_gym,flight_72,SHORT,1050,ok,682.6785,682.6785,624.8377841131044,201.6194256680707,37.32997964814395,True,False,True,late
2026_07_21_gym,flight_72,SHORT,1100,ok,682.6785,682.6785,624.8377841131044,201.55725866618255,37.32997964814395,True,False,True,late
2026_07_21_gym,flight_72,SHORT,1150,ok,682.6785,682.6785,624.8377841131044,201.04349966781834,37.32997964814395,True,False,True,late
2026_07_21_gym,flight_72,SHORT,1200,ok,682.6785,682.6785,624.8377841131044,201.70159266671786,37.32997964814395,True,False,True,late
2026_07_21_gym,flight_72,SHORT,1250,ok,682.6785,682.6785,624.8377841131044,201.54488866745183,37.32997964814395,True,False,True,late
2026_07_21_gym,flight_73,SHORT,150,ok,150.0000,915.793,747.9368429440208,119.13066566704462,117.55617641404847,True,True,True,success
2026_07_21_gym,flight_73,SHORT,200,ok,200.0000,915.793,747.9368429440208,134.21583366642395,116.92107074872423,True,True,True,success
2026_07_21_gym,flight_73,SHORT,250,ok,250.0000,915.793,747.9368429440208,140.20148266727725,121.29515320581436,True,True,True,success
2026_07_21_gym,flight_73,SHORT,300,ok,300.0000,915.793,747.9368429440208,147.33931466626623,95.14593615251417,True,True,True,success
2026_07_21_gym,flight_73,SHORT,350,ok,350.0000,915.793,747.9368429440208,160.7167956676955,78.9212387274505,True,True,True,success
2026_07_21_gym,flight_73,SHORT,400,ok,400.0000,915.793,747.9368429440208,168.73707566938052,74.3454639946844,True,True,True,success
2026_07_21_gym,flight_73,SHORT,450,ok,450.0000,915.793,747.9368429440208,183.6234616652752,70.85184681954397,True,True,True,success
2026_07_21_gym,flight_73,SHORT,490,ok,490.0000,915.793,747.9368429440208,189.32088866612563,66.95491936676014,True,True,True,success
2026_07_21_gym,flight_73,SHORT,500,ok,500.0000,915.793,747.9368429440208,192.2629266657556,57.754247088879204,True,True,True,success
2026_07_21_gym,flight_73,SHORT,550,ok,550.0000,915.793,747.9368429440208,201.32844366660962,45.22079920560949,True,True,True,success
2026_07_21_gym,flight_73,SHORT,600,ok,600.0000,915.793,747.9368429440208,207.31424066672722,49.68647528429711,True,True,True,success
2026_07_21_gym,flight_73,SHORT,650,ok,650.0000,915.793,747.9368429440208,209.49622266801694,33.47938091754395,True,False,True,late
2026_07_21_gym,flight_73,SHORT,700,ok,700.0000,915.793,747.9368429440208,221.8042026652644,31.256168203688638,True,False,True,late
2026_07_21_gym,flight_73,SHORT,750,ok,750.0000,915.793,747.9368429440208,227.8128326681132,19.80362246098232,True,False,True,late
2026_07_21_gym,flight_73,SHORT,800,ok,800.0000,915.793,747.9368429440208,227.1516096672664,16.737089159318607,True,False,True,late
2026_07_21_gym,flight_73,SHORT,850,ok,850.0000,915.793,747.9368429440208,233.2960746648411,42.95025601659989,True,False,True,late
2026_07_21_gym,flight_73,SHORT,900,ok,900.0000,915.793,747.9368429440208,236.12492666735002,24.6508299845484,True,False,True,late
2026_07_21_gym,flight_73,SHORT,950,ok,915.7930,915.793,747.9368429440208,238.95285166768977,50.77413537995543,True,False,True,late
2026_07_21_gym,flight_73,SHORT,1000,ok,915.7930,915.793,747.9368429440208,239.7962416668112,50.77413537995543,True,False,True,late
2026_07_21_gym,flight_73,SHORT,1050,ok,915.7930,915.793,747.9368429440208,238.58131466681758,50.77413537995543,True,False,True,late
2026_07_21_gym,flight_73,SHORT,1100,ok,915.7930,915.793,747.9368429440208,239.56435166640827,50.77413537995543,True,False,True,late
2026_07_21_gym,flight_73,SHORT,1150,ok,915.7930,915.793,747.9368429440208,241.393870667244,50.77413537995543,True,False,True,late
2026_07_21_gym,flight_73,SHORT,1200,ok,915.7930,915.793,747.9368429440208,239.08514866853753,50.77413537995543,True,False,True,late
2026_07_21_gym,flight_73,SHORT,1250,ok,915.7930,915.793,747.9368429440208,239.08977766676495,50.77413537995543,True,False,True,late
2026_07_21_gym,flight_74,SHORT,150,fit_failed,150.0000,765.942,611.8831454534521,,,False,,,no_response
2026_07_21_gym,flight_74,SHORT,200,ok,200.0000,765.942,611.8831454534521,129.31833466577032,445.12033272036905,True,True,False,wrong
2026_07_21_gym,flight_74,SHORT,250,ok,250.0000,765.942,611.8831454534521,139.7562956685821,190.50623935800746,True,True,True,success
2026_07_21_gym,flight_74,SHORT,300,ok,300.0000,765.942,611.8831454534521,148.89705566565195,148.8538961690979,True,True,True,success
2026_07_21_gym,flight_74,SHORT,350,ok,350.0000,765.942,611.8831454534521,154.33475966627398,68.43199055592927,True,True,True,success
2026_07_21_gym,flight_74,SHORT,400,ok,400.0000,765.942,611.8831454534521,168.38440766620138,125.12459719198267,True,True,True,success
2026_07_21_gym,flight_74,SHORT,450,ok,450.0000,765.942,611.8831454534521,181.67383366605887,87.88954424851607,True,True,True,success
2026_07_21_gym,flight_74,SHORT,490,ok,490.0000,765.942,611.8831454534521,188.60014766609916,94.38457052747893,True,True,True,success
2026_07_21_gym,flight_74,SHORT,500,ok,500.0000,765.942,611.8831454534521,188.72425966492543,55.66315934892664,True,True,True,success
2026_07_21_gym,flight_74,SHORT,550,ok,550.0000,765.942,611.8831454534521,194.2405556651453,62.70785748305258,True,False,True,late
2026_07_21_gym,flight_74,SHORT,600,ok,600.0000,765.942,611.8831454534521,197.55370266611376,31.353414471974176,True,False,True,late
2026_07_21_gym,flight_74,SHORT,650,ok,650.0000,765.942,611.8831454534521,211.73390766760954,29.32372026699503,True,False,True,late
2026_07_21_gym,flight_74,SHORT,700,ok,700.0000,765.942,611.8831454534521,222.51233466776708,12.6412650403165,True,False,True,late
2026_07_21_gym,flight_74,SHORT,750,ok,750.0000,765.942,611.8831454534521,217.25074066935727,7.176449509744118,True,False,True,late
2026_07_21_gym,flight_74,SHORT,800,ok,765.9420,765.942,611.8831454534521,220.85642666524896,20.38274467013559,True,False,True,late
2026_07_21_gym,flight_74,SHORT,850,ok,765.9420,765.942,611.8831454534521,220.99168466652432,20.38274467013559,True,False,True,late
2026_07_21_gym,flight_74,SHORT,900,ok,765.9420,765.942,611.8831454534521,220.59103666680554,20.38274467013559,True,False,True,late
2026_07_21_gym,flight_74,SHORT,950,ok,765.9420,765.942,611.8831454534521,221.53261166686812,20.38274467013559,True,False,True,late
2026_07_21_gym,flight_74,SHORT,1000,ok,765.9420,765.942,611.8831454534521,221.35503666630635,20.38274467013559,True,False,True,late
2026_07_21_gym,flight_74,SHORT,1050,ok,765.9420,765.942,611.8831454534521,220.78718566770354,20.38274467013559,True,False,True,late
2026_07_21_gym,flight_74,SHORT,1100,ok,765.9420,765.942,611.8831454534521,220.55981466608742,20.38274467013559,True,False,True,late
2026_07_21_gym,flight_74,SHORT,1150,ok,765.9420,765.942,611.8831454534521,221.37809366608658,20.38274467013559,True,False,True,late
2026_07_21_gym,flight_74,SHORT,1200,ok,765.9420,765.942,611.8831454534521,221.1938886657978,20.38274467013559,True,False,True,late
2026_07_21_gym,flight_74,SHORT,1250,ok,765.9420,765.942,611.8831454534521,221.25979666567096,20.38274467013559,True,False,True,late
2026_07_21_gym,flight_75,SHORT,150,ok,150.0000,749.294,640.1713645679808,117.1956486661608,391.68675530153854,True,True,False,wrong
2026_07_21_gym,flight_75,SHORT,200,ok,200.0000,749.294,640.1713645679808,129.35770366775492,387.67608028013774,True,True,False,wrong
2026_07_21_gym,flight_75,SHORT,250,ok,250.0000,749.294,640.1713645679808,135.73659366524467,303.53121761830675,True,True,False,wrong
2026_07_21_gym,flight_75,SHORT,300,ok,300.0000,749.294,640.1713645679808,145.5883336669455,125.44983058323969,True,True,True,success
2026_07_21_gym,flight_75,SHORT,350,ok,350.0000,749.294,640.1713645679808,155.02088866817454,185.23975787193243,True,True,True,success
2026_07_21_gym,flight_75,SHORT,400,ok,400.0000,749.294,640.1713645679808,162.49585166728744,132.52873690899125,True,True,True,success
2026_07_21_gym,flight_75,SHORT,450,ok,450.0000,749.294,640.1713645679808,175.30740666637817,62.05700004971193,True,True,True,success
2026_07_21_gym,flight_75,SHORT,490,ok,490.0000,749.294,640.1713645679808,183.30955566527942,36.28131137527503,True,True,True,success
2026_07_21_gym,flight_75,SHORT,500,ok,500.0000,749.294,640.1713645679808,186.25548066633442,40.36177572248019,True,True,True,success
2026_07_21_gym,flight_75,SHORT,550,ok,550.0000,749.294,640.1713645679808,186.69533266654858,19.740620066480048,True,False,True,late
2026_07_21_gym,flight_75,SHORT,600,ok,600.0000,749.294,640.1713645679808,198.68942566650608,18.597272218314213,True,False,True,late
2026_07_21_gym,flight_75,SHORT,650,ok,650.0000,749.294,640.1713645679808,193.7432036657507,10.125837566815868,True,False,True,late
2026_07_21_gym,flight_75,SHORT,700,ok,700.0000,749.294,640.1713645679808,217.96437066762397,11.503174081367558,True,False,True,late
2026_07_21_gym,flight_75,SHORT,750,ok,749.2940,749.294,640.1713645679808,207.6105556661884,19.52260159749885,True,False,True,late
2026_07_21_gym,flight_75,SHORT,800,ok,749.2940,749.294,640.1713645679808,206.76827866553018,19.52260159749885,True,False,True,late
2026_07_21_gym,flight_75,SHORT,850,ok,749.2940,749.294,640.1713645679808,207.73548066585013,19.52260159749885,True,False,True,late
2026_07_21_gym,flight_75,SHORT,900,ok,749.2940,749.294,640.1713645679808,207.5270936662952,19.52260159749885,True,False,True,late
2026_07_21_gym,flight_75,SHORT,950,ok,749.2940,749.294,640.1713645679808,207.96477766676495,19.52260159749885,True,False,True,late
2026_07_21_gym,flight_75,SHORT,1000,ok,749.2940,749.294,640.1713645679808,206.9549446661646,19.52260159749885,True,False,True,late
2026_07_21_gym,flight_75,SHORT,1050,ok,749.2940,749.294,640.1713645679808,207.78777866500118,19.52260159749885,True,False,True,late
2026_07_21_gym,flight_75,SHORT,1100,ok,749.2940,749.294,640.1713645679808,207.40457566517094,19.52260159749885,True,False,True,late
2026_07_21_gym,flight_75,SHORT,1150,ok,749.2940,749.294,640.1713645679808,207.78785266603032,19.52260159749885,True,False,True,late
2026_07_21_gym,flight_75,SHORT,1200,ok,749.2940,749.294,640.1713645679808,206.8377606679375,19.52260159749885,True,False,True,late
2026_07_21_gym,flight_75,SHORT,1250,ok,749.2940,749.294,640.1713645679808,208.13046466528127,19.52260159749885,True,False,True,late
2026_07_21_gym,flight_76,SHORT,150,ok,150.0000,799.25,713.5933345845741,116.66974166749667,771.952980271502,True,True,False,wrong
2026_07_21_gym,flight_76,SHORT,200,ok,200.0000,799.25,713.5933345845741,132.317537665988,365.0458668028574,True,True,False,wrong
2026_07_21_gym,flight_76,SHORT,250,ok,250.0000,799.25,713.5933345845741,136.14424066866437,218.86160458581782,True,True,False,wrong
2026_07_21_gym,flight_76,SHORT,300,ok,300.0000,799.25,713.5933345845741,145.3493706655378,158.96811692958437,True,True,True,success
2026_07_21_gym,flight_76,SHORT,350,ok,350.0000,799.25,713.5933345845741,158.5908696685607,111.59536640189836,True,True,True,success
2026_07_21_gym,flight_76,SHORT,400,ok,400.0000,799.25,713.5933345845741,158.72020266546556,69.01378922550477,True,True,True,success
2026_07_21_gym,flight_76,SHORT,450,ok,450.0000,799.25,713.5933345845741,168.38514666693905,103.85364473909065,True,True,True,success
2026_07_21_gym,flight_76,SHORT,490,ok,490.0000,799.25,713.5933345845741,182.87523966717222,128.601266139083,True,True,True,success
2026_07_21_gym,flight_76,SHORT,500,ok,500.0000,799.25,713.5933345845741,186.2437036676953,34.149915023187695,True,True,True,success
2026_07_21_gym,flight_76,SHORT,550,ok,550.0000,799.25,713.5933345845741,187.91446266757944,42.90235444367674,True,True,True,success
2026_07_21_gym,flight_76,SHORT,600,ok,600.0000,799.25,713.5933345845741,199.19257266788432,18.957284405832745,True,False,True,late
2026_07_21_gym,flight_76,SHORT,650,ok,650.0000,799.25,713.5933345845741,205.0616106657932,12.05947643482635,True,False,True,late
2026_07_21_gym,flight_76,SHORT,700,ok,700.0000,799.25,713.5933345845741,213.34624166662493,42.59900984134516,True,False,True,late
2026_07_21_gym,flight_76,SHORT,750,ok,750.0000,799.25,713.5933345845741,208.46568566715965,39.96184107553358,True,False,True,late
2026_07_21_gym,flight_76,SHORT,800,ok,799.2500,799.25,713.5933345845741,218.1942206673945,62.32412176380501,True,False,True,late
2026_07_21_gym,flight_76,SHORT,850,ok,799.2500,799.25,713.5933345845741,217.40136866706112,62.32412176380501,True,False,True,late
2026_07_21_gym,flight_76,SHORT,900,ok,799.2500,799.25,713.5933345845741,218.3394256668786,62.32412176380501,True,False,True,late
2026_07_21_gym,flight_76,SHORT,950,ok,799.2500,799.25,713.5933345845741,218.54866566664228,62.32412176380501,True,False,True,late
2026_07_21_gym,flight_76,SHORT,1000,ok,799.2500,799.25,713.5933345845741,218.0366856685529,62.32412176380501,True,False,True,late
2026_07_21_gym,flight_76,SHORT,1050,ok,799.2500,799.25,713.5933345845741,218.51711166805276,62.32412176380501,True,False,True,late
2026_07_21_gym,flight_76,SHORT,1100,ok,799.2500,799.25,713.5933345845741,217.46703566579768,62.32412176380501,True,False,True,late
2026_07_21_gym,flight_76,SHORT,1150,ok,799.2500,799.25,713.5933345845741,217.7175366670514,62.32412176380501,True,False,True,late
2026_07_21_gym,flight_76,SHORT,1200,ok,799.2500,799.25,713.5933345845741,218.372258665661,62.32412176380501,True,False,True,late
2026_07_21_gym,flight_76,SHORT,1250,ok,799.2500,799.25,713.5933345845741,218.4133316685135,62.32412176380501,True,False,True,late
2026_07_21_gym,flight_77,SHORT,150,ok,150.0000,749.2965,672.5986406367784,116.89264666723709,561.789837195309,True,True,False,wrong
2026_07_21_gym,flight_77,SHORT,200,ok,200.0000,749.2965,672.5986406367784,127.26674166756372,232.2298868641134,True,True,False,wrong
2026_07_21_gym,flight_77,SHORT,250,ok,250.0000,749.2965,672.5986406367784,135.67373966580877,212.24202992179616,True,True,False,wrong
2026_07_21_gym,flight_77,SHORT,300,ok,300.0000,749.2965,672.5986406367784,145.10012866804996,109.20077360480622,True,True,True,success
2026_07_21_gym,flight_77,SHORT,350,ok,350.0000,749.2965,672.5986406367784,153.34416566478708,95.39768709991631,True,True,True,success
2026_07_21_gym,flight_77,SHORT,400,ok,400.0000,749.2965,672.5986406367784,159.52661066657552,90.69893273273803,True,True,True,success
2026_07_21_gym,flight_77,SHORT,450,ok,450.0000,749.2965,672.5986406367784,168.4266476665313,64.5837385640997,True,True,True,success
2026_07_21_gym,flight_77,SHORT,490,ok,490.0000,749.2965,672.5986406367784,175.83399966328093,63.66822374407234,True,True,True,success
2026_07_21_gym,flight_77,SHORT,500,ok,500.0000,749.2965,672.5986406367784,183.23074066421637,50.18245153353055,True,True,True,success
2026_07_21_gym,flight_77,SHORT,550,ok,550.0000,749.2965,672.5986406367784,186.83842566764602,48.162016351890415,True,True,True,success
2026_07_21_gym,flight_77,SHORT,600,ok,600.0000,749.2965,672.5986406367784,197.46059066678086,17.822870576906695,True,False,True,late
2026_07_21_gym,flight_77,SHORT,650,ok,650.0000,749.2965,672.5986406367784,197.51307366571078,12.059514637579557,True,False,True,late
2026_07_21_gym,flight_77,SHORT,700,ok,700.0000,749.2965,672.5986406367784,200.4686836671705,12.744950770463253,True,False,True,late
2026_07_21_gym,flight_77,SHORT,750,ok,749.2965,749.2965,672.5986406367784,208.70607466592142,0.6554653821666242,True,False,True,late
2026_07_21_gym,flight_77,SHORT,800,ok,749.2965,749.2965,672.5986406367784,209.4272406666229,0.6554653821666242,True,False,True,late
2026_07_21_gym,flight_77,SHORT,850,ok,749.2965,749.2965,672.5986406367784,208.8737786669905,0.6554653821666242,True,False,True,late
2026_07_21_gym,flight_77,SHORT,900,ok,749.2965,749.2965,672.5986406367784,209.17209366584817,0.6554653821666242,True,False,True,late
2026_07_21_gym,flight_77,SHORT,950,ok,749.2965,749.2965,672.5986406367784,208.23614866628,0.6554653821666242,True,False,True,late
2026_07_21_gym,flight_77,SHORT,1000,ok,749.2965,749.2965,672.5986406367784,209.5937586656461,0.6554653821666242,True,False,True,late
2026_07_21_gym,flight_77,SHORT,1050,ok,749.2965,749.2965,672.5986406367784,209.58114866695055,0.6554653821666242,True,False,True,late
2026_07_21_gym,flight_77,SHORT,1100,ok,749.2965,749.2965,672.5986406367784,208.95061066529402,0.6554653821666242,True,False,True,late
2026_07_21_gym,flight_77,SHORT,1150,ok,749.2965,749.2965,672.5986406367784,208.27985266751298,0.6554653821666242,True,False,True,late
2026_07_21_gym,flight_77,SHORT,1200,ok,749.2965,749.2965,672.5986406367784,209.32599966569492,0.6554653821666242,True,False,True,late
2026_07_21_gym,flight_77,SHORT,1250,ok,749.2965,749.2965,672.5986406367784,209.11007366670916,0.6554653821666242,True,False,True,late
2026_07_21_gym,flight_78,SHORT,150,ok,150.0000,699.349,572.6167102125659,117.46927766563992,186.5014906800545,True,True,True,success
2026_07_21_gym,flight_78,SHORT,200,ok,200.0000,699.349,572.6167102125659,129.60875866624215,162.45007688793171,True,True,True,success
2026_07_21_gym,flight_78,SHORT,250,ok,250.0000,699.349,572.6167102125659,130.14142566702017,131.1142945151539,True,True,True,success
2026_07_21_gym,flight_78,SHORT,300,ok,300.0000,699.349,572.6167102125659,142.2499246659378,86.27001061823819,True,True,True,success
2026_07_21_gym,flight_78,SHORT,350,ok,350.0000,699.349,572.6167102125659,154.19335266637304,93.6939198033062,True,True,True,success
2026_07_21_gym,flight_78,SHORT,400,ok,400.0000,699.349,572.6167102125659,167.0070176652322,64.74641824576406,True,True,True,success
2026_07_21_gym,flight_78,SHORT,450,ok,450.0000,699.349,572.6167102125659,168.82336966662356,37.04111430761238,True,True,True,success
2026_07_21_gym,flight_78,SHORT,490,ok,490.0000,699.349,572.6167102125659,174.98159266697863,37.54672447671797,True,False,True,late
2026_07_21_gym,flight_78,SHORT,500,ok,500.0000,699.349,572.6167102125659,182.97225966366628,27.77691337798492,True,False,True,late
2026_07_21_gym,flight_78,SHORT,550,ok,550.0000,699.349,572.6167102125659,187.24731466608742,27.926874036819807,True,False,True,late
2026_07_21_gym,flight_78,SHORT,600,ok,600.0000,699.349,572.6167102125659,190.4019076662759,21.873927404939558,True,False,True,late
2026_07_21_gym,flight_78,SHORT,650,ok,650.0000,699.349,572.6167102125659,201.64964766769359,24.48799328200543,True,False,True,late
2026_07_21_gym,flight_78,SHORT,700,ok,699.3490,699.349,572.6167102125659,203.4680556670452,0.9620656978626277,True,False,True,late
2026_07_21_gym,flight_78,SHORT,750,ok,699.3490,699.349,572.6167102125659,203.4381666673968,0.9620656978626277,True,False,True,late
2026_07_21_gym,flight_78,SHORT,800,ok,699.3490,699.349,572.6167102125659,202.84625966629633,0.9620656978626277,True,False,True,late
2026_07_21_gym,flight_78,SHORT,850,ok,699.3490,699.349,572.6167102125659,204.09044466695437,0.9620656978626277,True,False,True,late
2026_07_21_gym,flight_78,SHORT,900,ok,699.3490,699.349,572.6167102125659,203.4099636680136,0.9620656978626277,True,False,True,late
2026_07_21_gym,flight_78,SHORT,950,ok,699.3490,699.349,572.6167102125659,203.55446266631284,0.9620656978626277,True,False,True,late
2026_07_21_gym,flight_78,SHORT,1000,ok,699.3490,699.349,572.6167102125659,203.33136966607222,0.9620656978626277,True,False,True,late
2026_07_21_gym,flight_78,SHORT,1050,ok,699.3490,699.349,572.6167102125659,202.68864866780737,0.9620656978626277,True,False,True,late
2026_07_21_gym,flight_78,SHORT,1100,ok,699.3490,699.349,572.6167102125659,203.26453666823605,0.9620656978626277,True,False,True,late
2026_07_21_gym,flight_78,SHORT,1150,ok,699.3490,699.349,572.6167102125659,203.6533696685607,0.9620656978626277,True,False,True,late
2026_07_21_gym,flight_78,SHORT,1200,ok,699.3490,699.349,572.6167102125659,203.50914866818735,0.9620656978626277,True,False,True,late
2026_07_21_gym,flight_78,SHORT,1250,ok,699.3490,699.349,572.6167102125659,202.80924066870162,0.9620656978626277,True,False,True,late
2026_07_21_gym,flight_79,SHORT,150,ok,150.0000,566.1429999999999,491.45086600292063,125.8603316663454,298.6230187312566,True,True,False,wrong
2026_07_21_gym,flight_79,SHORT,200,ok,200.0000,566.1429999999999,491.45086600292063,129.4761836665372,84.3819678938688,True,True,True,success
2026_07_21_gym,flight_79,SHORT,250,ok,250.0000,566.1429999999999,491.45086600292063,138.02948066654304,84.6649735992173,True,True,True,success
2026_07_21_gym,flight_79,SHORT,300,ok,300.0000,566.1429999999999,491.45086600292063,140.25985066468516,66.69608834005484,True,True,True,success
2026_07_21_gym,flight_79,SHORT,350,ok,350.0000,566.1429999999999,491.45086600292063,158.4714066662515,55.7117024666907,True,True,True,success
2026_07_21_gym,flight_79,SHORT,400,ok,400.0000,566.1429999999999,491.45086600292063,168.32033366678903,53.7971122562972,True,True,True,success
2026_07_21_gym,flight_79,SHORT,450,ok,450.0000,566.1429999999999,491.45086600292063,174.45953666667143,59.32499138613228,True,False,True,late
2026_07_21_gym,flight_79,SHORT,490,ok,490.0000,566.1429999999999,491.45086600292063,183.70475966731706,52.90063377895966,True,False,True,late
2026_07_21_gym,flight_79,SHORT,500,ok,500.0000,566.1429999999999,491.45086600292063,186.63114766652384,9.11532800438786,True,False,True,late
2026_07_21_gym,flight_79,SHORT,550,ok,550.0000,566.1429999999999,491.45086600292063,187.69066866735616,17.85894151532379,True,False,True,late
2026_07_21_gym,flight_79,SHORT,600,ok,566.1430,566.1429999999999,491.45086600292063,187.05990866820017,17.85894151532379,True,False,True,late
2026_07_21_gym,flight_79,SHORT,650,ok,566.1430,566.1429999999999,491.45086600292063,188.04981566655138,17.85894151532379,True,False,True,late
2026_07_21_gym,flight_79,SHORT,700,ok,566.1430,566.1429999999999,491.45086600292063,186.86914966876307,17.85894151532379,True,False,True,late
2026_07_21_gym,flight_79,SHORT,750,ok,566.1430,566.1429999999999,491.45086600292063,188.11789066685984,17.85894151532379,True,False,True,late
2026_07_21_gym,flight_79,SHORT,800,ok,566.1430,566.1429999999999,491.45086600292063,187.44855666781464,17.85894151532379,True,False,True,late
2026_07_21_gym,flight_79,SHORT,850,ok,566.1430,566.1429999999999,491.45086600292063,187.36800066536912,17.85894151532379,True,False,True,late
2026_07_21_gym,flight_79,SHORT,900,ok,566.1430,566.1429999999999,491.45086600292063,186.74092766704658,17.85894151532379,True,False,True,late
2026_07_21_gym,flight_79,SHORT,950,ok,566.1430,566.1429999999999,491.45086600292063,187.36624066593745,17.85894151532379,True,False,True,late
2026_07_21_gym,flight_79,SHORT,1000,ok,566.1430,566.1429999999999,491.45086600292063,187.50840866627792,17.85894151532379,True,False,True,late
2026_07_21_gym,flight_79,SHORT,1050,ok,566.1430,566.1429999999999,491.45086600292063,187.6314446662242,17.85894151532379,True,False,True,late
2026_07_21_gym,flight_79,SHORT,1100,ok,566.1430,566.1429999999999,491.45086600292063,186.79027866541097,17.85894151532379,True,False,True,late
2026_07_21_gym,flight_79,SHORT,1150,ok,566.1430,566.1429999999999,491.45086600292063,187.80644566720972,17.85894151532379,True,False,True,late
2026_07_21_gym,flight_79,SHORT,1200,ok,566.1430,566.1429999999999,491.45086600292063,187.37920266638199,17.85894151532379,True,False,True,late
2026_07_21_gym,flight_79,SHORT,1250,ok,566.1430,566.1429999999999,491.45086600292063,187.35170366677144,17.85894151532379,True,False,True,late
2026_07_21_gym,flight_82,SHORT,150,ok,150.0000,582.798,536.63202803001,130.51564666690925,292.08138475219334,True,True,False,wrong
2026_07_21_gym,flight_82,SHORT,200,ok,200.0000,582.798,536.63202803001,128.76492666701475,209.43168893538643,True,True,False,wrong
2026_07_21_gym,flight_82,SHORT,250,ok,250.0000,582.798,536.63202803001,139.07825766565898,82.62366711144055,True,True,True,success
2026_07_21_gym,flight_82,SHORT,300,ok,300.0000,582.798,536.63202803001,145.21607466662923,92.31945902768061,True,True,True,success
2026_07_21_gym,flight_82,SHORT,350,ok,350.0000,582.798,536.63202803001,173.12372166818628,63.8768837668463,True,True,True,success
2026_07_21_gym,flight_82,SHORT,400,ok,400.0000,582.798,536.63202803001,166.78136966812113,48.67351837195135,True,True,True,success
2026_07_21_gym,flight_82,SHORT,450,ok,450.0000,582.798,536.63202803001,176.27633366609612,27.91105765582976,True,False,True,late
2026_07_21_gym,flight_82,SHORT,490,ok,490.0000,582.798,536.63202803001,184.84761266472438,22.954277395222714,True,False,True,late
2026_07_21_gym,flight_82,SHORT,500,ok,500.0000,582.798,536.63202803001,185.10455566613624,11.745245789933655,True,False,True,late
2026_07_21_gym,flight_82,SHORT,550,ok,550.0000,582.798,536.63202803001,181.8471486677105,5.670834415571868,True,False,True,late
2026_07_21_gym,flight_82,SHORT,600,ok,582.7980,582.798,536.63202803001,188.29622366434583,5.933860963840012,True,False,True,late
2026_07_21_gym,flight_82,SHORT,650,ok,582.7980,582.798,536.63202803001,188.99172366658846,5.933860963840012,True,False,True,late
2026_07_21_gym,flight_82,SHORT,700,ok,582.7980,582.798,536.63202803001,189.4705376677836,5.933860963840012,True,False,True,late
2026_07_21_gym,flight_82,SHORT,750,ok,582.7980,582.798,536.63202803001,189.04379666565606,5.933860963840012,True,False,True,late
2026_07_21_gym,flight_82,SHORT,800,ok,582.7980,582.798,536.63202803001,188.44303866537908,5.933860963840012,True,False,True,late
2026_07_21_gym,flight_82,SHORT,850,ok,582.7980,582.798,536.63202803001,189.39129666580507,5.933860963840012,True,False,True,late
2026_07_21_gym,flight_82,SHORT,900,ok,582.7980,582.798,536.63202803001,188.66735266676793,5.933860963840012,True,False,True,late
2026_07_21_gym,flight_82,SHORT,950,ok,582.7980,582.798,536.63202803001,188.92457466820875,5.933860963840012,True,False,True,late
2026_07_21_gym,flight_82,SHORT,1000,ok,582.7980,582.798,536.63202803001,188.49427966742465,5.933860963840012,True,False,True,late
2026_07_21_gym,flight_82,SHORT,1050,ok,582.7980,582.798,536.63202803001,189.46042766763517,5.933860963840012,True,False,True,late
2026_07_21_gym,flight_82,SHORT,1100,ok,582.7980,582.798,536.63202803001,189.22918666775027,5.933860963840012,True,False,True,late
2026_07_21_gym,flight_82,SHORT,1150,ok,582.7980,582.798,536.63202803001,188.8822236654038,5.933860963840012,True,False,True,late
2026_07_21_gym,flight_82,SHORT,1200,ok,582.7980,582.798,536.63202803001,188.45157466704646,5.933860963840012,True,False,True,late
2026_07_21_gym,flight_82,SHORT,1250,ok,582.7980,582.798,536.63202803001,189.25018466698626,5.933860963840012,True,False,True,late
2026_07_21_gym,flight_83,SHORT,150,ok,150.0000,666.057,552.7402161267195,121.4161306663106,288.3357798300155,True,True,False,wrong
2026_07_21_gym,flight_83,SHORT,200,ok,200.0000,666.057,552.7402161267195,131.639073666806,96.64024762624904,True,True,True,success
2026_07_21_gym,flight_83,SHORT,250,ok,250.0000,666.057,552.7402161267195,135.6764616674433,80.03906765467848,True,True,True,success
2026_07_21_gym,flight_83,SHORT,300,ok,300.0000,666.057,552.7402161267195,143.11462966787317,80.47811049792786,True,True,True,success
2026_07_21_gym,flight_83,SHORT,350,ok,350.0000,666.057,552.7402161267195,155.229387664857,55.809868371989396,True,True,True,success
2026_07_21_gym,flight_83,SHORT,400,ok,400.0000,666.057,552.7402161267195,166.5920936676363,46.98081128259953,True,True,True,success
2026_07_21_gym,flight_83,SHORT,450,ok,450.0000,666.057,552.7402161267195,173.7473336678619,28.7383317743913,True,True,True,success
2026_07_21_gym,flight_83,SHORT,490,ok,490.0000,666.057,552.7402161267195,175.32174166540304,27.46157343577351,True,False,True,late
2026_07_21_gym,flight_83,SHORT,500,ok,500.0000,666.057,552.7402161267195,184.71931566825756,22.23771200450454,True,False,True,late
2026_07_21_gym,flight_83,SHORT,550,ok,550.0000,666.057,552.7402161267195,189.47936866494516,19.4334890024048,True,False,True,late
2026_07_21_gym,flight_83,SHORT,600,ok,600.0000,666.057,552.7402161267195,192.02185166596124,10.973023196228747,True,False,True,late
2026_07_21_gym,flight_83,SHORT,650,ok,650.0000,666.057,552.7402161267195,202.95411166703948,7.065386690524959,True,False,True,late
2026_07_21_gym,flight_83,SHORT,700,ok,666.0570,666.057,552.7402161267195,193.88937066557506,19.093663300684796,True,False,True,late
2026_07_21_gym,flight_83,SHORT,750,ok,666.0570,666.057,552.7402161267195,194.55048166650036,19.093663300684796,True,False,True,late
2026_07_21_gym,flight_83,SHORT,800,ok,666.0570,666.057,552.7402161267195,235.4148696657891,19.093663300684796,True,False,True,late
2026_07_21_gym,flight_83,SHORT,850,ok,666.0570,666.057,552.7402161267195,195.82314866657057,19.093663300684796,True,False,True,late
2026_07_21_gym,flight_83,SHORT,900,ok,666.0570,666.057,552.7402161267195,194.26999966582903,19.093663300684796,True,False,True,late
2026_07_21_gym,flight_83,SHORT,950,ok,666.0570,666.057,552.7402161267195,194.5995176664243,19.093663300684796,True,False,True,late
2026_07_21_gym,flight_83,SHORT,1000,ok,666.0570,666.057,552.7402161267195,194.54964766527215,19.093663300684796,True,False,True,late
2026_07_21_gym,flight_83,SHORT,1050,ok,666.0570,666.057,552.7402161267195,194.79216566650817,19.093663300684796,True,False,True,late
2026_07_21_gym,flight_83,SHORT,1100,ok,666.0570,666.057,552.7402161267195,194.07727666633824,19.093663300684796,True,False,True,late
2026_07_21_gym,flight_83,SHORT,1150,ok,666.0570,666.057,552.7402161267195,217.37226066521058,19.093663300684796,True,False,True,late
2026_07_21_gym,flight_83,SHORT,1200,ok,666.0570,666.057,552.7402161267195,194.93966666764268,19.093663300684796,True,False,True,late
2026_07_21_gym,flight_83,SHORT,1250,ok,666.0570,666.057,552.7402161267195,194.85244366681823,19.093663300684796,True,False,True,late
2026_07_21_gym,flight_85,SHORT,150,ok,150.0000,666.061,535.4952384659498,115.74362866549443,75.22292808219878,True,True,True,success
2026_07_21_gym,flight_85,SHORT,200,ok,200.0000,666.061,535.4952384659498,133.81309166705856,141.04671628050318,True,True,True,success
2026_07_21_gym,flight_85,SHORT,250,ok,250.0000,666.061,535.4952384659498,138.79548066637167,155.21342998854442,True,True,True,success
2026_07_21_gym,flight_85,SHORT,300,ok,300.0000,666.061,535.4952384659498,141.74659366781512,102.39394444227972,True,True,True,success
2026_07_21_gym,flight_85,SHORT,350,ok,350.0000,666.061,535.4952384659498,154.3180736672754,90.95501082214047,True,True,True,success
2026_07_21_gym,flight_85,SHORT,400,ok,400.0000,666.061,535.4952384659498,166.67998166630665,93.70208332610716,True,True,True,success
2026_07_21_gym,flight_85,SHORT,450,ok,450.0000,666.061,535.4952384659498,174.51638866743693,100.77599159201752,True,False,True,late
2026_07_21_gym,flight_85,SHORT,490,ok,490.0000,666.061,535.4952384659498,179.64394566758224,74.7340166447646,True,False,True,late
2026_07_21_gym,flight_85,SHORT,500,ok,500.0000,666.061,535.4952384659498,182.42588866750398,79.50855989807233,True,False,True,late
2026_07_21_gym,flight_85,SHORT,550,ok,550.0000,666.061,535.4952384659498,182.40120166602233,36.71124378183402,True,False,True,late
2026_07_21_gym,flight_85,SHORT,600,ok,600.0000,666.061,535.4952384659498,194.47424066687623,22.607736417692827,True,False,True,late
2026_07_21_gym,flight_85,SHORT,650,ok,650.0000,666.061,535.4952384659498,201.2053156668941,17.395254203505573,True,False,True,late
2026_07_21_gym,flight_85,SHORT,700,ok,666.0610,666.061,535.4952384659498,193.0966106687362,20.366012790231146,True,False,True,late
2026_07_21_gym,flight_85,SHORT,750,ok,666.0610,666.061,535.4952384659498,192.4702586668233,20.366012790231146,True,False,True,late
2026_07_21_gym,flight_85,SHORT,800,ok,666.0610,666.061,535.4952384659498,193.2289816678191,20.366012790231146,True,False,True,late
2026_07_21_gym,flight_85,SHORT,850,ok,666.0610,666.061,535.4952384659498,192.84375866844007,20.366012790231146,True,False,True,late
2026_07_21_gym,flight_85,SHORT,900,ok,666.0610,666.061,535.4952384659498,192.97257366838554,20.366012790231146,True,False,True,late
2026_07_21_gym,flight_85,SHORT,950,ok,666.0610,666.061,535.4952384659498,192.3123336682717,20.366012790231146,True,False,True,late
2026_07_21_gym,flight_85,SHORT,1000,ok,666.0610,666.061,535.4952384659498,193.31105366597572,20.366012790231146,True,False,True,late
2026_07_21_gym,flight_85,SHORT,1050,ok,666.0610,666.061,535.4952384659498,193.30114766831198,20.366012790231146,True,False,True,late
2026_07_21_gym,flight_85,SHORT,1100,ok,666.0610,666.061,535.4952384659498,192.75638866766045,20.366012790231146,True,False,True,late
2026_07_21_gym,flight_85,SHORT,1150,ok,666.0610,666.061,535.4952384659498,192.25201866837838,20.366012790231146,True,False,True,late
2026_07_21_gym,flight_85,SHORT,1200,ok,666.0610,666.061,535.4952384659498,193.03681466697404,20.366012790231146,True,False,True,late
2026_07_21_gym,flight_85,SHORT,1250,ok,666.0610,666.061,535.4952384659498,192.8596846681709,20.366012790231146,True,False,True,late
2026_07_21_gym,flight_86,SHORT,150,ok,150.0000,532.849,505.41005400409244,115.214591664883,147.78426730593907,True,True,True,success
2026_07_21_gym,flight_86,SHORT,200,ok,200.0000,532.849,505.41005400409244,130.83474066729346,111.26782824942953,True,True,True,success
2026_07_21_gym,flight_86,SHORT,250,ok,250.0000,532.849,505.41005400409244,135.20696266616383,50.789425350892316,True,True,True,success
2026_07_21_gym,flight_86,SHORT,300,ok,300.0000,532.849,505.41005400409244,142.51762966594347,26.96827339327663,True,True,True,success
2026_07_21_gym,flight_86,SHORT,350,ok,350.0000,532.849,505.41005400409244,162.15846267032126,16.45658543946471,True,True,True,success
2026_07_21_gym,flight_86,SHORT,400,ok,400.0000,532.849,505.41005400409244,175.37299966501692,7.217886388262025,True,True,True,success
2026_07_21_gym,flight_86,SHORT,450,ok,450.0000,532.849,505.41005400409244,183.5290196655939,18.778281154425894,True,False,True,late
2026_07_21_gym,flight_86,SHORT,490,ok,490.0000,532.849,505.41005400409244,197.5877036663393,41.689548821215034,True,False,True,late
2026_07_21_gym,flight_86,SHORT,500,ok,500.0000,532.849,505.41005400409244,196.83564766744772,30.812686084784385,True,False,True,late
2026_07_21_gym,flight_86,SHORT,550,ok,532.8490,532.849,505.41005400409244,196.5469056662793,17.114892308502,True,False,True,late
2026_07_21_gym,flight_86,SHORT,600,ok,532.8490,532.849,505.41005400409244,196.24142366709808,17.114892308502,True,False,True,late
2026_07_21_gym,flight_86,SHORT,650,ok,532.8490,532.849,505.41005400409244,197.3431666685889,17.114892308502,True,False,True,late
2026_07_21_gym,flight_86,SHORT,700,ok,532.8490,532.849,505.41005400409244,197.16173866546401,17.114892308502,True,False,True,late
2026_07_21_gym,flight_86,SHORT,750,ok,532.8490,532.849,505.41005400409244,196.92988766698787,17.114892308502,True,False,True,late
2026_07_21_gym,flight_86,SHORT,800,ok,532.8490,532.849,505.41005400409244,196.15316566607603,17.114892308502,True,False,True,late
2026_07_21_gym,flight_86,SHORT,850,ok,532.8490,532.849,505.41005400409244,197.37010966489711,17.114892308502,True,False,True,late
2026_07_21_gym,flight_86,SHORT,900,ok,532.8490,532.849,505.41005400409244,197.06259266721705,17.114892308502,True,False,True,late
2026_07_21_gym,flight_86,SHORT,950,ok,532.8490,532.849,505.41005400409244,196.90996266684184,17.114892308502,True,False,True,late
2026_07_21_gym,flight_86,SHORT,1000,ok,532.8490,532.849,505.41005400409244,196.64477666529515,17.114892308502,True,False,True,late
2026_07_21_gym,flight_86,SHORT,1050,ok,532.8490,532.849,505.41005400409244,197.37507366637388,17.114892308502,True,False,True,late
2026_07_21_gym,flight_86,SHORT,1100,ok,532.8490,532.849,505.41005400409244,196.8919816656659,17.114892308502,True,False,True,late
2026_07_21_gym,flight_86,SHORT,1150,ok,532.8490,532.849,505.41005400409244,196.9014076652626,17.114892308502,True,False,True,late
2026_07_21_gym,flight_86,SHORT,1200,ok,532.8490,532.849,505.41005400409244,196.35933266642192,17.114892308502,True,False,True,late
2026_07_21_gym,flight_86,SHORT,1250,ok,532.8490,532.849,505.41005400409244,197.46394366553673,17.114892308502,True,False,True,late
2026_07_21_gym,flight_87,SHORT,150,ok,150.0000,682.714,547.5656675373928,116.21611066783468,289.5476358315248,True,True,False,wrong
2026_07_21_gym,flight_87,SHORT,200,ok,200.0000,682.714,547.5656675373928,129.89325866724053,44.592687901338316,True,True,True,success
2026_07_21_gym,flight_87,SHORT,250,ok,250.0000,682.714,547.5656675373928,137.1866296675677,75.7414616498283,True,True,True,success
2026_07_21_gym,flight_87,SHORT,300,ok,300.0000,682.714,547.5656675373928,141.13436966730902,37.90777436996516,True,True,True,success
2026_07_21_gym,flight_87,SHORT,350,ok,350.0000,682.714,547.5656675373928,153.91892566687116,50.17083341151205,True,True,True,success
2026_07_21_gym,flight_87,SHORT,400,ok,400.0000,682.714,547.5656675373928,167.69661066836366,32.45355123410217,True,True,True,success
2026_07_21_gym,flight_87,SHORT,450,ok,450.0000,682.714,547.5656675373928,175.58490566692004,33.06510972831085,True,True,True,success
2026_07_21_gym,flight_87,SHORT,490,ok,490.0000,682.714,547.5656675373928,182.44472266795734,34.304419934982434,True,False,True,late
2026_07_21_gym,flight_87,SHORT,500,ok,500.0000,682.714,547.5656675373928,186.5043706667299,35.096955931099906,True,False,True,late
2026_07_21_gym,flight_87,SHORT,550,ok,550.0000,682.714,547.5656675373928,182.83172166688988,19.896638013196608,True,False,True,late
2026_07_21_gym,flight_87,SHORT,600,ok,600.0000,682.714,547.5656675373928,190.89083366623768,24.79491188914715,True,False,True,late
2026_07_21_gym,flight_87,SHORT,650,ok,650.0000,682.714,547.5656675373928,189.6833686667184,29.654537452815905,True,False,True,late
2026_07_21_gym,flight_87,SHORT,700,ok,682.7140,682.714,547.5656675373928,199.73316566708186,11.34114364939321,True,False,True,late
2026_07_21_gym,flight_87,SHORT,750,ok,682.7140,682.714,547.5656675373928,199.7205716666455,11.34114364939321,True,False,True,late
2026_07_21_gym,flight_87,SHORT,800,ok,682.7140,682.714,547.5656675373928,199.67133266633996,11.34114364939321,True,False,True,late
2026_07_21_gym,flight_87,SHORT,850,ok,682.7140,682.714,547.5656675373928,199.9863516675929,11.34114364939321,True,False,True,late
2026_07_21_gym,flight_87,SHORT,900,ok,682.7140,682.714,547.5656675373928,199.19829566559443,11.34114364939321,True,False,True,late
2026_07_21_gym,flight_87,SHORT,950,ok,682.7140,682.714,547.5656675373928,199.72029566547522,11.34114364939321,True,False,True,late
2026_07_21_gym,flight_87,SHORT,1000,ok,682.7140,682.714,547.5656675373928,199.81153666662672,11.34114364939321,True,False,True,late
2026_07_21_gym,flight_87,SHORT,1050,ok,682.7140,682.714,547.5656675373928,199.87649866721281,11.34114364939321,True,False,True,late
2026_07_21_gym,flight_87,SHORT,1100,ok,682.7140,682.714,547.5656675373928,198.98520266699293,11.34114364939321,True,False,True,late
2026_07_21_gym,flight_87,SHORT,1150,ok,682.7140,682.714,547.5656675373928,200.12831366589913,11.34114364939321,True,False,True,late
2026_07_21_gym,flight_87,SHORT,1200,ok,682.7140,682.714,547.5656675373928,199.72605366415033,11.34114364939321,True,False,True,late
2026_07_21_gym,flight_87,SHORT,1250,ok,682.7140,682.714,547.5656675373928,200.0337776650364,11.34114364939321,True,False,True,late
2026_07_21_gym,flight_88,SHORT,150,fit_failed,150.0000,699.367,612.6579031705551,,,False,,,no_response
2026_07_21_gym,flight_88,SHORT,200,ok,200.0000,699.367,612.6579031705551,135.6291466668869,109.74407428968462,True,True,True,success
2026_07_21_gym,flight_88,SHORT,250,ok,250.0000,699.367,612.6579031705551,148.73425866725543,134.60646250142537,True,True,True,success
2026_07_21_gym,flight_88,SHORT,300,ok,300.0000,699.367,612.6579031705551,155.38062966490784,157.25078627268687,True,True,True,success
2026_07_21_gym,flight_88,SHORT,350,ok,350.0000,699.367,612.6579031705551,159.5344996654118,115.18333309909866,True,True,True,success
2026_07_21_gym,flight_88,SHORT,400,ok,400.0000,699.367,612.6579031705551,167.68029666660973,136.62521178034353,True,True,True,success
2026_07_21_gym,flight_88,SHORT,450,ok,450.0000,699.367,612.6579031705551,178.2202026663969,80.23981783442845,True,True,True,success
2026_07_21_gym,flight_88,SHORT,490,ok,490.0000,699.367,612.6579031705551,178.51792466609427,80.23981783442845,True,True,True,success
2026_07_21_gym,flight_88,SHORT,500,ok,500.0000,699.367,612.6579031705551,178.80875966666886,64.66551420330846,True,True,True,success
2026_07_21_gym,flight_88,SHORT,550,ok,550.0000,699.367,612.6579031705551,194.3156856658558,87.32751876103069,True,False,True,late
2026_07_21_gym,flight_88,SHORT,600,ok,600.0000,699.367,612.6579031705551,199.79564766554782,78.78826653020332,True,False,True,late
2026_07_21_gym,flight_88,SHORT,650,ok,650.0000,699.367,612.6579031705551,209.2295726655672,62.649931639588324,True,False,True,late
2026_07_21_gym,flight_88,SHORT,700,ok,699.3670,699.367,612.6579031705551,208.69085066827634,21.769009159732974,True,False,True,late
2026_07_21_gym,flight_88,SHORT,750,ok,699.3670,699.367,612.6579031705551,207.94287066782513,21.769009159732974,True,False,True,late
2026_07_21_gym,flight_88,SHORT,800,ok,699.3670,699.367,612.6579031705551,208.46066666642824,21.769009159732974,True,False,True,late
2026_07_21_gym,flight_88,SHORT,850,ok,699.3670,699.367,612.6579031705551,208.43811066510776,21.769009159732974,True,False,True,late
2026_07_21_gym,flight_88,SHORT,900,ok,699.3670,699.367,612.6579031705551,209.14477766646692,21.769009159732974,True,False,True,late
2026_07_21_gym,flight_88,SHORT,950,ok,699.3670,699.367,612.6579031705551,208.11581466688463,21.769009159732974,True,False,True,late
2026_07_21_gym,flight_88,SHORT,1000,ok,699.3670,699.367,612.6579031705551,208.6253516661624,21.769009159732974,True,False,True,late
2026_07_21_gym,flight_88,SHORT,1050,ok,699.3670,699.367,612.6579031705551,208.62029566677907,21.769009159732974,True,False,True,late
2026_07_21_gym,flight_88,SHORT,1100,ok,699.3670,699.367,612.6579031705551,208.62968666727343,21.769009159732974,True,False,True,late
2026_07_21_gym,flight_88,SHORT,1150,ok,699.3670,699.367,612.6579031705551,208.1008336652691,21.769009159732974,True,False,True,late
2026_07_21_gym,flight_88,SHORT,1200,ok,699.3670,699.367,612.6579031705551,209.1429256654034,21.769009159732974,True,False,True,late
2026_07_21_gym,flight_88,SHORT,1250,ok,699.3670,699.367,612.6579031705551,208.62542666650066,21.769009159732974,True,False,True,late
2026_07_21_gym,flight_9,SHORT,150,ok,150.0000,666.082,565.977469731776,116.40862966577212,75.54474959603205,True,True,True,success
2026_07_21_gym,flight_9,SHORT,200,ok,200.0000,666.082,565.977469731776,128.3622216672326,40.00106369183038,True,True,True,success
2026_07_21_gym,flight_9,SHORT,250,ok,250.0000,666.082,565.977469731776,135.856444666783,54.960285672706036,True,True,True,success
2026_07_21_gym,flight_9,SHORT,300,ok,300.0000,666.082,565.977469731776,164.8921666673074,42.33876911401342,True,True,True,success
2026_07_21_gym,flight_9,SHORT,350,ok,350.0000,666.082,565.977469731776,155.11746166615436,33.360112242347974,True,True,True,success
2026_07_21_gym,flight_9,SHORT,400,ok,400.0000,666.082,565.977469731776,159.945129666167,35.16681970810251,True,True,True,success
2026_07_21_gym,flight_9,SHORT,450,ok,450.0000,666.082,565.977469731776,167.22303766633073,39.424581452953426,True,True,True,success
2026_07_21_gym,flight_9,SHORT,490,ok,490.0000,666.082,565.977469731776,175.72951766724387,22.044924694260942,True,False,True,late
2026_07_21_gym,flight_9,SHORT,500,ok,500.0000,666.082,565.977469731776,183.72038966758797,16.777907942747866,True,False,True,late
2026_07_21_gym,flight_9,SHORT,550,ok,550.0000,666.082,565.977469731776,187.452239666755,53.527976600516894,True,False,True,late
2026_07_21_gym,flight_9,SHORT,600,ok,600.0000,666.082,565.977469731776,191.6439626670132,17.23734897524173,True,False,True,late
2026_07_21_gym,flight_9,SHORT,650,ok,650.0000,666.082,565.977469731776,193.22429766754308,49.71779277916861,True,False,True,late
2026_07_21_gym,flight_9,SHORT,700,ok,666.0820,666.082,565.977469731776,201.77492566655079,50.313847371515365,True,False,True,late
2026_07_21_gym,flight_9,SHORT,750,ok,666.0820,666.082,565.977469731776,201.69644366732487,50.313847371515365,True,False,True,late
2026_07_21_gym,flight_9,SHORT,800,ok,666.0820,666.082,565.977469731776,200.95364766723165,50.313847371515365,True,False,True,late
2026_07_21_gym,flight_9,SHORT,850,ok,666.0820,666.082,565.977469731776,201.8890556671346,50.313847371515365,True,False,True,late
2026_07_21_gym,flight_9,SHORT,900,ok,666.0820,666.082,565.977469731776,201.47481466612467,50.313847371515365,True,False,True,late
2026_07_21_gym,flight_9,SHORT,950,ok,666.0820,666.082,565.977469731776,201.77301766599217,50.313847371515365,True,False,True,late
2026_07_21_gym,flight_9,SHORT,1000,ok,666.0820,666.082,565.977469731776,201.03005366648236,50.313847371515365,True,False,True,late
2026_07_21_gym,flight_9,SHORT,1050,ok,666.0820,666.082,565.977469731776,202.22479466783503,50.313847371515365,True,False,True,late
2026_07_21_gym,flight_9,SHORT,1100,ok,666.0820,666.082,565.977469731776,201.76344366713116,50.313847371515365,True,False,True,late
2026_07_21_gym,flight_9,SHORT,1150,ok,666.0820,666.082,565.977469731776,201.66699866733202,50.313847371515365,True,False,True,late
2026_07_21_gym,flight_9,SHORT,1200,ok,666.0820,666.082,565.977469731776,200.82838766711453,50.313847371515365,True,False,True,late
2026_07_21_gym,flight_9,SHORT,1250,ok,666.0820,666.082,565.977469731776,201.6144246670107,50.313847371515365,True,False,True,late
2026_07_21_gym,flight_90,SHORT,150,ok,150.0000,749.3290000000001,625.0101559521864,131.41564766565958,130.14394816398777,True,True,True,success
2026_07_21_gym,flight_90,SHORT,200,ok,200.0000,749.3290000000001,625.0101559521864,136.410906665648,96.16143525921541,True,True,True,success
2026_07_21_gym,flight_90,SHORT,250,ok,250.0000,749.3290000000001,625.0101559521864,141.46257366767773,83.65156162607782,True,True,True,success
2026_07_21_gym,flight_90,SHORT,300,ok,300.0000,749.3290000000001,625.0101559521864,148.40925766682872,63.779341631420735,True,True,True,success
2026_07_21_gym,flight_90,SHORT,350,ok,350.0000,749.3290000000001,625.0101559521864,160.7411666677023,65.71390898395985,True,True,True,success
2026_07_21_gym,flight_90,SHORT,400,ok,400.0000,749.3290000000001,625.0101559521864,161.7516866667817,22.226220734518392,True,True,True,success
2026_07_21_gym,flight_90,SHORT,450,ok,450.0000,749.3290000000001,625.0101559521864,168.96783266464868,12.460442546225943,True,True,True,success
2026_07_21_gym,flight_90,SHORT,490,ok,490.0000,749.3290000000001,625.0101559521864,173.38557366809496,15.239062505202753,True,True,True,success
2026_07_21_gym,flight_90,SHORT,500,ok,500.0000,749.3290000000001,625.0101559521864,184.44205566650876,31.742646152381976,True,True,True,success
2026_07_21_gym,flight_90,SHORT,550,ok,550.0000,749.3290000000001,625.0101559521864,193.35270466810712,5.910500782212791,True,False,True,late
2026_07_21_gym,flight_90,SHORT,600,ok,600.0000,749.3290000000001,625.0101559521864,192.2545186659942,8.745629414987794,True,False,True,late
2026_07_21_gym,flight_90,SHORT,650,ok,650.0000,749.3290000000001,625.0101559521864,202.5819616668547,21.392964959553307,True,False,True,late
2026_07_21_gym,flight_90,SHORT,700,ok,700.0000,749.3290000000001,625.0101559521864,203.6203146657596,28.14723790821347,True,False,True,late
2026_07_21_gym,flight_90,SHORT,750,ok,749.3290,749.3290000000001,625.0101559521864,209.7312576683859,15.858407272640346,True,False,True,late
2026_07_21_gym,flight_90,SHORT,800,ok,749.3290,749.3290000000001,625.0101559521864,209.92059266629317,15.858407272640346,True,False,True,late
2026_07_21_gym,flight_90,SHORT,850,ok,749.3290,749.3290000000001,625.0101559521864,209.7340926673884,15.858407272640346,True,False,True,late
2026_07_21_gym,flight_90,SHORT,900,ok,749.3290,749.3290000000001,625.0101559521864,209.09168466708311,15.858407272640346,True,False,True,late
2026_07_21_gym,flight_90,SHORT,950,ok,749.3290,749.3290000000001,625.0101559521864,209.69146266641715,15.858407272640346,True,False,True,late
2026_07_21_gym,flight_90,SHORT,1000,ok,749.3290,749.3290000000001,625.0101559521864,235.55981366584697,15.858407272640346,True,False,True,late
2026_07_21_gym,flight_90,SHORT,1050,ok,749.3290,749.3290000000001,625.0101559521864,209.7292776663477,15.858407272640346,True,False,True,late
2026_07_21_gym,flight_90,SHORT,1100,ok,749.3290,749.3290000000001,625.0101559521864,209.1241296675677,15.858407272640346,True,False,True,late
2026_07_21_gym,flight_90,SHORT,1150,ok,749.3290,749.3290000000001,625.0101559521864,209.81703666659692,15.858407272640346,True,False,True,late
2026_07_21_gym,flight_90,SHORT,1200,ok,749.3290,749.3290000000001,625.0101559521864,209.66731466787556,15.858407272640346,True,False,True,late
2026_07_21_gym,flight_90,SHORT,1250,ok,749.3290,749.3290000000001,625.0101559521864,209.52370366795608,15.858407272640346,True,False,True,late
2026_07_21_gym,flight_92,LONG,150,fit_failed,150.0000,1282.17,1135.7767266296146,,,False,,,no_response
2026_07_21_gym,flight_92,LONG,200,ok,200.0000,1282.17,1135.7767266296146,143.28040766591826,272.01455401877183,True,True,False,wrong
2026_07_21_gym,flight_92,LONG,250,ok,250.0000,1282.17,1135.7767266296146,148.9788696669663,234.5070488927279,True,True,False,wrong
2026_07_21_gym,flight_92,LONG,300,ok,300.0000,1282.17,1135.7767266296146,156.71172266608724,632.2286615258995,True,True,False,wrong
2026_07_21_gym,flight_92,LONG,350,ok,350.0000,1282.17,1135.7767266296146,177.56061166680107,150.80638915859262,True,True,True,success
2026_07_21_gym,flight_92,LONG,400,ok,400.0000,1282.17,1135.7767266296146,194.60003566617766,155.6901417757285,True,True,True,success
2026_07_21_gym,flight_92,LONG,450,ok,450.0000,1282.17,1135.7767266296146,212.019350665311,146.63885109479804,True,True,True,success
2026_07_21_gym,flight_92,LONG,490,ok,490.0000,1282.17,1135.7767266296146,202.9817046659688,137.00940269709432,True,True,True,success
2026_07_21_gym,flight_92,LONG,500,ok,500.0000,1282.17,1135.7767266296146,213.2933876660342,111.64157253853821,True,True,True,success
2026_07_21_gym,flight_92,LONG,550,ok,550.0000,1282.17,1135.7767266296146,227.18357566713044,119.82541308250659,True,True,True,success
2026_07_21_gym,flight_92,LONG,600,ok,600.0000,1282.17,1135.7767266296146,233.0798336646209,117.9367029983167,True,True,True,success
2026_07_21_gym,flight_92,LONG,650,ok,650.0000,1282.17,1135.7767266296146,235.10768566622087,107.11754388545447,True,True,True,success
2026_07_21_gym,flight_92,LONG,700,ok,700.0000,1282.17,1135.7767266296146,258.24135066724074,95.74961228336316,True,True,True,success
2026_07_21_gym,flight_92,LONG,750,ok,750.0000,1282.17,1135.7767266296146,256.50957266862196,92.29963086099308,True,True,True,success
2026_07_21_gym,flight_92,LONG,800,ok,800.0000,1282.17,1135.7767266296146,273.31007366689545,67.12898317139178,True,True,True,success
2026_07_21_gym,flight_92,LONG,850,ok,850.0000,1282.17,1135.7767266296146,278.73529766562086,56.06505282962223,True,True,True,success
2026_07_21_gym,flight_92,LONG,900,ok,900.0000,1282.17,1135.7767266296146,284.31162866639596,55.3723032376854,True,True,True,success
2026_07_21_gym,flight_92,LONG,950,ok,950.0000,1282.17,1135.7767266296146,290.5258516694109,51.21926546002766,True,False,True,late
2026_07_21_gym,flight_92,LONG,1000,ok,1000.0000,1282.17,1135.7767266296146,296.86524166787666,53.67381946493822,True,False,True,late
2026_07_21_gym,flight_92,LONG,1050,ok,1050.0000,1282.17,1135.7767266296146,310.70455566576373,45.18080702733145,True,False,True,late
2026_07_21_gym,flight_92,LONG,1100,ok,1100.0000,1282.17,1135.7767266296146,315.7697036682318,29.479007492764172,True,False,True,late
2026_07_21_gym,flight_92,LONG,1150,ok,1150.0000,1282.17,1135.7767266296146,311.53037066726637,12.934724707939257,True,False,True,late
2026_07_21_gym,flight_92,LONG,1200,ok,1200.0000,1282.17,1135.7767266296146,316.2805736657853,9.18150375375616,True,False,True,late
2026_07_21_gym,flight_92,LONG,1250,ok,1250.0000,1282.17,1135.7767266296146,321.6836466655756,9.935688605234219,True,False,True,late
2026_07_21_gym,flight_93,LONG,150,fit_failed,150.0000,1332.1395,1164.0902170335623,,,False,,,no_response
2026_07_21_gym,flight_93,LONG,200,fit_failed,200.0000,1332.1395,1164.0902170335623,,,False,,,no_response
2026_07_21_gym,flight_93,LONG,250,ok,250.0000,1332.1395,1164.0902170335623,157.79137066720673,240.95224501615405,True,True,False,wrong
2026_07_21_gym,flight_93,LONG,300,ok,300.0000,1332.1395,1164.0902170335623,166.62963066498438,338.32631541952054,True,True,False,wrong
2026_07_21_gym,flight_93,LONG,350,ok,350.0000,1332.1395,1164.0902170335623,178.94792566696802,326.1107281891241,True,True,False,wrong
2026_07_21_gym,flight_93,LONG,400,ok,400.0000,1332.1395,1164.0902170335623,198.12668466536948,256.26503535845967,True,True,False,wrong
2026_07_21_gym,flight_93,LONG,450,ok,450.0000,1332.1395,1164.0902170335623,212.00870466760048,161.12050070500737,True,True,True,success
2026_07_21_gym,flight_93,LONG,490,ok,490.0000,1332.1395,1164.0902170335623,223.07410966760168,237.30478181485947,True,True,False,wrong
2026_07_21_gym,flight_93,LONG,500,ok,500.0000,1332.1395,1164.0902170335623,224.3352966668705,243.20275319509685,True,True,False,wrong
2026_07_21_gym,flight_93,LONG,550,ok,550.0000,1332.1395,1164.0902170335623,231.71068566634008,155.65971333672383,True,True,True,success
2026_07_21_gym,flight_93,LONG,600,ok,600.0000,1332.1395,1164.0902170335623,232.7769426672409,155.65971333672383,True,True,True,success
2026_07_21_gym,flight_93,LONG,650,ok,650.0000,1332.1395,1164.0902170335623,249.12187166667232,141.25810724643574,True,True,True,success
2026_07_21_gym,flight_93,LONG,700,ok,700.0000,1332.1395,1164.0902170335623,256.3454076663281,91.3784307601888,True,True,True,success
2026_07_21_gym,flight_93,LONG,750,ok,750.0000,1332.1395,1164.0902170335623,269.0088146651785,117.4821060294077,True,True,True,success
2026_07_21_gym,flight_93,LONG,800,ok,800.0000,1332.1395,1164.0902170335623,276.0781116659443,115.49153618779903,True,True,True,success
2026_07_21_gym,flight_93,LONG,850,ok,850.0000,1332.1395,1164.0902170335623,287.7770376658688,81.49474510227519,True,True,True,success
2026_07_21_gym,flight_93,LONG,900,ok,900.0000,1332.1395,1164.0902170335623,304.6019456672172,84.83095747690983,True,True,True,success
2026_07_21_gym,flight_93,LONG,950,ok,950.0000,1332.1395,1164.0902170335623,301.4257596662889,83.33806360087415,True,False,True,late
2026_07_21_gym,flight_93,LONG,1000,ok,1000.0000,1332.1395,1164.0902170335623,302.5442036666597,43.960797318858766,True,False,True,late
2026_07_21_gym,flight_93,LONG,1050,ok,1050.0000,1332.1395,1164.0902170335623,334.4137766684095,53.91702959617953,True,False,True,late
2026_07_21_gym,flight_93,LONG,1100,ok,1100.0000,1332.1395,1164.0902170335623,320.5266836655016,41.584349854569396,True,False,True,late
2026_07_21_gym,flight_93,LONG,1150,ok,1150.0000,1332.1395,1164.0902170335623,324.62540766658884,34.28759573076786,True,False,True,late
2026_07_21_gym,flight_93,LONG,1200,ok,1200.0000,1332.1395,1164.0902170335623,321.16427666756016,25.730430649246145,True,False,True,late
2026_07_21_gym,flight_93,LONG,1250,ok,1250.0000,1332.1395,1164.0902170335623,324.20436966667575,21.03287346820753,True,False,True,late
2026_07_21_gym,flight_94,LONG,150,ok,150.0000,1415.4005,1185.7585017690276,134.86957466757545,311.4203509727154,True,True,False,wrong
2026_07_21_gym,flight_94,LONG,200,ok,200.0000,1415.4005,1185.7585017690276,143.75074066563198,345.95467186242115,True,True,False,wrong
2026_07_21_gym,flight_94,LONG,250,ok,250.0000,1415.4005,1185.7585017690276,150.48079566533366,118.95883675754028,True,True,True,success
2026_07_21_gym,flight_94,LONG,300,ok,300.0000,1415.4005,1185.7585017690276,169.50333466908583,74.78403912969195,True,True,True,success
2026_07_21_gym,flight_94,LONG,350,ok,350.0000,1415.4005,1185.7585017690276,172.27588766502836,49.33662305477643,True,True,True,success
2026_07_21_gym,flight_94,LONG,400,ok,400.0000,1415.4005,1185.7585017690276,176.52586966535696,50.27018783410156,True,True,True,success
2026_07_21_gym,flight_94,LONG,450,ok,450.0000,1415.4005,1185.7585017690276,191.91546266774336,54.51002690443081,True,True,True,success
2026_07_21_gym,flight_94,LONG,490,ok,490.0000,1415.4005,1185.7585017690276,202.58901866494367,34.63030926819191,True,True,True,success
2026_07_21_gym,flight_94,LONG,500,ok,500.0000,1415.4005,1185.7585017690276,199.70731466511884,158.6575094964656,True,True,True,success
2026_07_21_gym,flight_94,LONG,550,ok,550.0000,1415.4005,1185.7585017690276,206.4417786669607,20.496653722231923,True,True,True,success
2026_07_21_gym,flight_94,LONG,600,ok,600.0000,1415.4005,1185.7585017690276,217.00472266661623,27.0022896411495,True,True,True,success
2026_07_21_gym,flight_94,LONG,650,ok,650.0000,1415.4005,1185.7585017690276,212.8276656658078,21.37033124238621,True,True,True,success
2026_07_21_gym,flight_94,LONG,700,ok,700.0000,1415.4005,1185.7585017690276,233.82233366618553,73.45083077192838,True,True,True,success
2026_07_21_gym,flight_94,LONG,750,ok,750.0000,1415.4005,1185.7585017690276,241.98033266576627,69.0642286744457,True,True,True,success
2026_07_21_gym,flight_94,LONG,800,ok,800.0000,1415.4005,1185.7585017690276,247.23124066522965,61.822807367732786,True,True,True,success
2026_07_21_gym,flight_94,LONG,850,ok,850.0000,1415.4005,1185.7585017690276,283.7241846655185,65.19301075481214,True,True,True,success
2026_07_21_gym,flight_94,LONG,900,ok,900.0000,1415.4005,1185.7585017690276,261.5816476667921,77.74160627097801,True,True,True,success
2026_07_21_gym,flight_94,LONG,950,ok,950.0000,1415.4005,1185.7585017690276,273.2272776660199,55.18856416370005,True,True,True,success
2026_07_21_gym,flight_94,LONG,1000,ok,1000.0000,1415.4005,1185.7585017690276,273.0630176678921,17.741316462201098,True,False,True,late
2026_07_21_gym,flight_94,LONG,1050,ok,1050.0000,1415.4005,1185.7585017690276,288.4904266667242,34.77776153733594,True,False,True,late
2026_07_21_gym,flight_94,LONG,1100,ok,1100.0000,1415.4005,1185.7585017690276,292.5091296664129,31.16666746045881,True,False,True,late
2026_07_21_gym,flight_94,LONG,1150,ok,1150.0000,1415.4005,1185.7585017690276,301.2515366661052,14.722538357902856,True,False,True,late
2026_07_21_gym,flight_94,LONG,1200,ok,1200.0000,1415.4005,1185.7585017690276,298.0145366682361,7.029992347611273,True,False,True,late
2026_07_21_gym,flight_94,LONG,1250,ok,1250.0000,1415.4005,1185.7585017690276,306.83592566630495,29.248049342113735,True,False,True,late
2026_07_21_gym,flight_95,LONG,150,ok,150.0000,1415.402,1110.9153242369007,129.35279566670457,549.4608927686296,True,True,False,wrong
2026_07_21_gym,flight_95,LONG,200,ok,200.0000,1415.402,1110.9153242369007,145.73374066563943,410.11731763866277,True,True,False,wrong
2026_07_21_gym,flight_95,LONG,250,ok,250.0000,1415.402,1110.9153242369007,151.16812866802016,385.1775882680145,True,True,False,wrong
2026_07_21_gym,flight_95,LONG,300,ok,300.0000,1415.402,1110.9153242369007,170.88761166731516,405.94393798521367,True,True,False,wrong
2026_07_21_gym,flight_95,LONG,350,ok,350.0000,1415.402,1110.9153242369007,187.97314766670266,301.29918119428964,True,True,False,wrong
2026_07_21_gym,flight_95,LONG,400,ok,400.0000,1415.402,1110.9153242369007,194.5806466663877,271.7550899466729,True,True,False,wrong
2026_07_21_gym,flight_95,LONG,450,ok,450.0000,1415.402,1110.9153242369007,205.37294566600272,294.3589575919351,True,True,False,wrong
2026_07_21_gym,flight_95,LONG,490,ok,490.0000,1415.402,1110.9153242369007,214.00731466679522,215.19677007020596,True,True,False,wrong
2026_07_21_gym,flight_95,LONG,500,ok,500.0000,1415.402,1110.9153242369007,223.32770466494063,249.04903978284358,True,True,False,wrong
2026_07_21_gym,flight_95,LONG,550,ok,550.0000,1415.402,1110.9153242369007,224.60051966520646,245.3652981782018,True,True,False,wrong
2026_07_21_gym,flight_95,LONG,600,ok,600.0000,1415.402,1110.9153242369007,232.13440766527006,206.07039416759062,True,True,False,wrong
2026_07_21_gym,flight_95,LONG,650,ok,650.0000,1415.402,1110.9153242369007,237.453295666414,177.67248075976576,True,True,True,success
2026_07_21_gym,flight_95,LONG,700,ok,700.0000,1415.402,1110.9153242369007,272.6883876655872,183.6744426002028,True,True,True,success
2026_07_21_gym,flight_95,LONG,750,ok,750.0000,1415.402,1110.9153242369007,265.00398066422594,109.04402906109743,True,True,True,success
2026_07_21_gym,flight_95,LONG,800,ok,800.0000,1415.402,1110.9153242369007,273.1858136650796,138.13472548488068,True,True,True,success
2026_07_21_gym,flight_95,LONG,850,ok,850.0000,1415.402,1110.9153242369007,276.56946366714936,71.16062451414068,True,True,True,success
2026_07_21_gym,flight_95,LONG,900,ok,900.0000,1415.402,1110.9153242369007,289.67018366760266,84.08703664425259,True,True,True,success
2026_07_21_gym,flight_95,LONG,950,ok,950.0000,1415.402,1110.9153242369007,292.55746166563284,74.98241501344468,True,False,True,late
2026_07_21_gym,flight_95,LONG,1000,ok,1000.0000,1415.402,1110.9153242369007,302.6887776652972,54.66750052210311,True,False,True,late
2026_07_21_gym,flight_95,LONG,1050,ok,1050.0000,1415.402,1110.9153242369007,318.40975966552895,66.13031222777477,True,False,True,late
2026_07_21_gym,flight_95,LONG,1100,ok,1100.0000,1415.402,1110.9153242369007,320.42186866669607,78.83909583774202,True,False,True,late
2026_07_21_gym,flight_95,LONG,1150,ok,1150.0000,1415.402,1110.9153242369007,316.91662966801476,64.96250899890713,True,False,True,late
2026_07_21_gym,flight_95,LONG,1200,ok,1200.0000,1415.402,1110.9153242369007,325.15003666623187,59.42875679269183,True,False,True,late
2026_07_21_gym,flight_95,LONG,1250,ok,1250.0000,1415.402,1110.9153242369007,321.15353666587424,84.42074047207018,True,False,True,late
2026_07_21_gym,flight_96,LONG,150,ok,150.0000,1282.1885,1229.4583807205713,129.32427766515562,784.377987749353,True,True,False,wrong
2026_07_21_gym,flight_96,LONG,200,ok,200.0000,1282.1885,1229.4583807205713,147.1597206663961,758.8854783570762,True,True,False,wrong
2026_07_21_gym,flight_96,LONG,250,ok,250.0000,1282.1885,1229.4583807205713,149.44618566768864,556.2518595390541,True,True,False,wrong
2026_07_21_gym,flight_96,LONG,300,ok,300.0000,1282.1885,1229.4583807205713,160.1243896667535,482.7775574013116,True,True,False,wrong
2026_07_21_gym,flight_96,LONG,350,ok,350.0000,1282.1885,1229.4583807205713,187.85707566856095,435.50042053035094,True,True,False,wrong
2026_07_21_gym,flight_96,LONG,400,ok,400.0000,1282.1885,1229.4583807205713,197.0755746650199,381.84723144526873,True,True,False,wrong
2026_07_21_gym,flight_96,LONG,450,ok,450.0000,1282.1885,1229.4583807205713,210.28642666681358,276.2425978021047,True,True,False,wrong
2026_07_21_gym,flight_96,LONG,490,ok,490.0000,1282.1885,1229.4583807205713,219.5122966679434,288.62526066494223,True,True,False,wrong
2026_07_21_gym,flight_96,LONG,500,ok,500.0000,1282.1885,1229.4583807205713,228.9594246658186,274.26820300003556,True,True,False,wrong
2026_07_21_gym,flight_96,LONG,550,ok,550.0000,1282.1885,1229.4583807205713,239.35029666653523,203.8882296065047,True,True,False,wrong
2026_07_21_gym,flight_96,LONG,600,ok,600.0000,1282.1885,1229.4583807205713,244.56335266555348,183.8679818580961,True,True,True,success
2026_07_21_gym,flight_96,LONG,650,ok,650.0000,1282.1885,1229.4583807205713,250.03790666783848,127.28655095531136,True,True,True,success
2026_07_21_gym,flight_96,LONG,700,ok,700.0000,1282.1885,1229.4583807205713,262.7696836652855,131.95574335071638,True,True,True,success
2026_07_21_gym,flight_96,LONG,750,ok,750.0000,1282.1885,1229.4583807205713,273.3553326666976,112.68343352367192,True,True,True,success
2026_07_21_gym,flight_96,LONG,800,ok,800.0000,1282.1885,1229.4583807205713,279.3999636673058,101.8105072528331,True,True,True,success
2026_07_21_gym,flight_96,LONG,850,ok,850.0000,1282.1885,1229.4583807205713,287.72603666658205,68.6983649216647,True,True,True,success
2026_07_21_gym,flight_96,LONG,900,ok,900.0000,1282.1885,1229.4583807205713,301.05251766710234,71.9565202336741,True,True,True,success
2026_07_21_gym,flight_96,LONG,950,ok,950.0000,1282.1885,1229.4583807205713,305.02283266714466,66.2257075607452,True,True,True,success
2026_07_21_gym,flight_96,LONG,1000,ok,1000.0000,1282.1885,1229.4583807205713,308.55009366633993,65.13370597175205,True,True,True,success
2026_07_21_gym,flight_96,LONG,1050,ok,1050.0000,1282.1885,1229.4583807205713,326.07701866763335,67.56323445480429,True,False,True,late
2026_07_21_gym,flight_96,LONG,1100,ok,1100.0000,1282.1885,1229.4583807205713,321.70086966610205,53.872061180373514,True,False,True,late
2026_07_21_gym,flight_96,LONG,1150,ok,1150.0000,1282.1885,1229.4583807205713,335.2135376647736,70.34690704759026,True,False,True,late
2026_07_21_gym,flight_96,LONG,1200,ok,1200.0000,1282.1885,1229.4583807205713,339.609091667148,17.322172567891602,True,False,True,late
2026_07_21_gym,flight_96,LONG,1250,ok,1250.0000,1282.1885,1229.4583807205713,320.7622766668598,44.42032776611202,True,False,True,late
2026_07_21_gym,flight_98,LONG,150,fit_failed,150.0000,1332.146,1256.0062346740774,,,False,,,no_response
2026_07_21_gym,flight_98,LONG,200,ok,200.0000,1332.146,1256.0062346740774,146.21498166738698,175.80508177444173,True,True,True,success
2026_07_21_gym,flight_98,LONG,250,ok,250.0000,1332.146,1256.0062346740774,148.34188966608295,94.86662380084,True,True,True,success
2026_07_21_gym,flight_98,LONG,300,ok,300.0000,1332.146,1256.0062346740774,159.62561066603908,139.74307190629872,True,True,True,success
2026_07_21_gym,flight_98,LONG,350,ok,350.0000,1332.146,1256.0062346740774,185.247962666365,178.76966754555127,True,True,True,success
2026_07_21_gym,flight_98,LONG,400,ok,400.0000,1332.146,1256.0062346740774,191.94716766724983,163.64650399940302,True,True,True,success
2026_07_21_gym,flight_98,LONG,450,ok,450.0000,1332.146,1256.0062346740774,207.73861066779742,109.62759861114486,True,True,True,success
2026_07_21_gym,flight_98,LONG,490,ok,490.0000,1332.146,1256.0062346740774,206.64707266601422,107.62815208048734,True,True,True,success
2026_07_21_gym,flight_98,LONG,500,ok,500.0000,1332.146,1256.0062346740774,216.6938506659741,107.62830634108659,True,True,True,success
2026_07_21_gym,flight_98,LONG,550,ok,550.0000,1332.146,1256.0062346740774,230.22692566520223,114.95620891214428,True,True,True,success
2026_07_21_gym,flight_98,LONG,600,ok,600.0000,1332.146,1256.0062346740774,238.827405666622,48.69304527833398,True,True,True,success
2026_07_21_gym,flight_98,LONG,650,ok,650.0000,1332.146,1256.0062346740774,247.58664866692075,60.482283492804406,True,True,True,success
2026_07_21_gym,flight_98,LONG,700,ok,700.0000,1332.146,1256.0062346740774,252.01946166778603,65.12384223639576,True,True,True,success
2026_07_21_gym,flight_98,LONG,750,ok,750.0000,1332.146,1256.0062346740774,267.110240667748,50.811936343315395,True,True,True,success
2026_07_21_gym,flight_98,LONG,800,ok,800.0000,1332.146,1256.0062346740774,273.41512966590625,46.76485160382947,True,True,True,success
2026_07_21_gym,flight_98,LONG,850,ok,850.0000,1332.146,1256.0062346740774,281.70560966494185,22.30826339752493,True,True,True,success
2026_07_21_gym,flight_98,LONG,900,ok,900.0000,1332.146,1256.0062346740774,294.3061656650777,18.43872308454332,True,True,True,success
2026_07_21_gym,flight_98,LONG,950,ok,950.0000,1332.146,1256.0062346740774,300.3823336676384,14.571829859519772,True,True,True,success
2026_07_21_gym,flight_98,LONG,1000,ok,1000.0000,1332.146,1256.0062346740774,306.83461066676927,9.917459118656666,True,True,True,success
2026_07_21_gym,flight_98,LONG,1050,ok,1050.0000,1332.146,1256.0062346740774,322.6971116658921,12.343898861199932,True,False,True,late
2026_07_21_gym,flight_98,LONG,1100,ok,1100.0000,1332.146,1256.0062346740774,321.6521666661526,14.999489972736198,True,False,True,late
2026_07_21_gym,flight_98,LONG,1150,ok,1150.0000,1332.146,1256.0062346740774,329.9987056680645,6.847344863603857,True,False,True,late
2026_07_21_gym,flight_98,LONG,1200,ok,1200.0000,1332.146,1256.0062346740774,336.61164766705286,19.040794809752985,True,False,True,late
2026_07_21_gym,flight_98,LONG,1250,ok,1250.0000,1332.146,1256.0062346740774,337.7918146668623,17.91947589965626,True,False,True,late
